date,quote,rate_per_usd,source,retrieved_at
2015-01-02,JPY,120.58,ecb,2026-09-15
2015-01-02,KRW,1106.24,ecb,2026-09-15
2015-01-05,JPY,120.02,ecb,2026-09-15
2015-01-05,KRW,1110.98,ecb,2026-09-15
2015-01-06,JPY,118.93,ecb,2026-09-15
2015-01-06,KRW,1100.99,ecb,2026-09-15
2015-01-07,JPY,119.32,ecb,2026-09-15
2015-01-07,KRW,1102.43,ecb,2026-09-15
2015-01-08,JPY,119.82,ecb,2026-09-15
2015-01-08,KRW,1097.57,ecb,2026-09-15
2015-01-09,JPY,119.20,ecb,2026-09-15
2015-01-09,KRW,1092.26,ecb,2026-09-15
2015-01-12,JPY,119.08,ecb,2026-09-15
2015-01-12,KRW,1085.42,ecb,2026-09-15
2015-01-13,JPY,118.45,ecb,2026-09-15
2015-01-13,KRW,1082.80,ecb,2026-09-15
2015-01-14,JPY,116.76,ecb,2026-09-15
2015-01-14,KRW,1085.23,ecb,2026-09-15
2015-01-15,JPY,116.57,ecb,2026-09-15
2015-01-15,KRW,1078.71,ecb,2026-09-15
2015-01-16,JPY,116.55,ecb,2026-09-15
2015-01-16,KRW,1077.58,ecb,2026-09-15
2015-01-19,JPY,117.42,ecb,2026-09-15
2015-01-19,KRW,1078.01,ecb,2026-09-15
2015-01-20,JPY,118.64,ecb,2026-09-15
2015-01-20,KRW,1087.84,ecb,2026-09-15
2015-01-21,JPY,117.37,ecb,2026-09-15
2015-01-21,KRW,1082.88,ecb,2026-09-15
2015-01-22,JPY,117.66,ecb,2026-09-15
2015-01-22,KRW,1083.99,ecb,2026-09-15
2015-01-23,JPY,117.99,ecb,2026-09-15
2015-01-23,KRW,1079.57,ecb,2026-09-15
2015-01-26,JPY,118.31,ecb,2026-09-15
2015-01-26,KRW,1082.39,ecb,2026-09-15
2015-01-27,JPY,117.71,ecb,2026-09-15
2015-01-27,KRW,1078.83,ecb,2026-09-15
2015-01-28,JPY,117.86,ecb,2026-09-15
2015-01-28,KRW,1085.83,ecb,2026-09-15
2015-01-29,JPY,117.92,ecb,2026-09-15
2015-01-29,KRW,1096.13,ecb,2026-09-15
2015-01-30,JPY,117.72,ecb,2026-09-15
2015-01-30,KRW,1102.64,ecb,2026-09-15
2015-02-02,JPY,117.65,ecb,2026-09-15
2015-02-02,KRW,1101.79,ecb,2026-09-15
2015-02-03,JPY,117.33,ecb,2026-09-15
2015-02-03,KRW,1099.91,ecb,2026-09-15
2015-02-04,JPY,117.50,ecb,2026-09-15
2015-02-04,KRW,1086.18,ecb,2026-09-15
2015-02-05,JPY,117.42,ecb,2026-09-15
2015-02-05,KRW,1089.54,ecb,2026-09-15
2015-02-06,JPY,117.31,ecb,2026-09-15
2015-02-06,KRW,1087.50,ecb,2026-09-15
2015-02-09,JPY,118.60,ecb,2026-09-15
2015-02-09,KRW,1096.90,ecb,2026-09-15
2015-02-10,JPY,119.21,ecb,2026-09-15
2015-02-10,KRW,1095.15,ecb,2026-09-15
2015-02-11,JPY,119.76,ecb,2026-09-15
2015-02-11,KRW,1104.99,ecb,2026-09-15
2015-02-12,JPY,119.81,ecb,2026-09-15
2015-02-12,KRW,1108.49,ecb,2026-09-15
2015-02-13,JPY,119.02,ecb,2026-09-15
2015-02-13,KRW,1099.65,ecb,2026-09-15
2015-02-16,JPY,118.57,ecb,2026-09-15
2015-02-16,KRW,1102.06,ecb,2026-09-15
2015-02-17,JPY,118.80,ecb,2026-09-15
2015-02-17,KRW,1105.95,ecb,2026-09-15
2015-02-18,JPY,119.32,ecb,2026-09-15
2015-02-18,KRW,1114.16,ecb,2026-09-15
2015-02-19,JPY,119.01,ecb,2026-09-15
2015-02-19,KRW,1113.23,ecb,2026-09-15
2015-02-20,JPY,118.53,ecb,2026-09-15
2015-02-20,KRW,1110.73,ecb,2026-09-15
2015-02-23,JPY,119.05,ecb,2026-09-15
2015-02-23,KRW,1109.43,ecb,2026-09-15
2015-02-24,JPY,119.49,ecb,2026-09-15
2015-02-24,KRW,1113.74,ecb,2026-09-15
2015-02-25,JPY,118.91,ecb,2026-09-15
2015-02-25,KRW,1100.73,ecb,2026-09-15
2015-02-26,JPY,118.88,ecb,2026-09-15
2015-02-26,KRW,1096.23,ecb,2026-09-15
2015-02-27,JPY,119.26,ecb,2026-09-15
2015-02-27,KRW,1099.79,ecb,2026-09-15
2015-03-02,JPY,119.77,ecb,2026-09-15
2015-03-02,KRW,1100.61,ecb,2026-09-15
2015-03-03,JPY,119.75,ecb,2026-09-15
2015-03-03,KRW,1097.47,ecb,2026-09-15
2015-03-04,JPY,119.70,ecb,2026-09-15
2015-03-04,KRW,1098.88,ecb,2026-09-15
2015-03-05,JPY,120.25,ecb,2026-09-15
2015-03-05,KRW,1101.13,ecb,2026-09-15
2015-03-06,JPY,119.93,ecb,2026-09-15
2015-03-06,KRW,1098.08,ecb,2026-09-15
2015-03-09,JPY,120.91,ecb,2026-09-15
2015-03-09,KRW,1113.45,ecb,2026-09-15
2015-03-10,JPY,121.34,ecb,2026-09-15
2015-03-10,KRW,1123.73,ecb,2026-09-15
2015-03-11,JPY,121.32,ecb,2026-09-15
2015-03-11,KRW,1128.04,ecb,2026-09-15
2015-03-12,JPY,120.88,ecb,2026-09-15
2015-03-12,KRW,1120.12,ecb,2026-09-15
2015-03-13,JPY,121.46,ecb,2026-09-15
2015-03-13,KRW,1134.30,ecb,2026-09-15
2015-03-16,JPY,121.21,ecb,2026-09-15
2015-03-16,KRW,1132.25,ecb,2026-09-15
2015-03-17,JPY,121.20,ecb,2026-09-15
2015-03-17,KRW,1126.43,ecb,2026-09-15
2015-03-18,JPY,121.18,ecb,2026-09-15
2015-03-18,KRW,1129.43,ecb,2026-09-15
2015-03-19,JPY,120.93,ecb,2026-09-15
2015-03-19,KRW,1121.91,ecb,2026-09-15
2015-03-20,JPY,120.88,ecb,2026-09-15
2015-03-20,KRW,1120.97,ecb,2026-09-15
2015-03-23,JPY,119.87,ecb,2026-09-15
2015-03-23,KRW,1107.50,ecb,2026-09-15
2015-03-24,JPY,119.53,ecb,2026-09-15
2015-03-24,KRW,1104.49,ecb,2026-09-15
2015-03-25,JPY,119.37,ecb,2026-09-15
2015-03-25,KRW,1099.88,ecb,2026-09-15
2015-03-26,JPY,119.08,ecb,2026-09-15
2015-03-26,KRW,1104.66,ecb,2026-09-15
2015-03-27,JPY,119.19,ecb,2026-09-15
2015-03-27,KRW,1104.85,ecb,2026-09-15
2015-03-30,JPY,119.89,ecb,2026-09-15
2015-03-30,KRW,1107.46,ecb,2026-09-15
2015-03-31,JPY,119.85,ecb,2026-09-15
2015-03-31,KRW,1108.45,ecb,2026-09-15
2015-04-01,JPY,120.21,ecb,2026-09-15
2015-04-01,KRW,1104.30,ecb,2026-09-15
2015-04-02,JPY,119.66,ecb,2026-09-15
2015-04-02,KRW,1092.62,ecb,2026-09-15
2015-04-07,JPY,120.15,ecb,2026-09-15
2015-04-07,KRW,1090.88,ecb,2026-09-15
2015-04-08,JPY,119.77,ecb,2026-09-15
2015-04-08,KRW,1090.58,ecb,2026-09-15
2015-04-09,JPY,119.94,ecb,2026-09-15
2015-04-09,KRW,1090.95,ecb,2026-09-15
2015-04-10,JPY,120.45,ecb,2026-09-15
2015-04-10,KRW,1095.48,ecb,2026-09-15
2015-04-13,JPY,120.55,ecb,2026-09-15
2015-04-13,KRW,1102.45,ecb,2026-09-15
2015-04-14,JPY,119.91,ecb,2026-09-15
2015-04-14,KRW,1095.17,ecb,2026-09-15
2015-04-15,JPY,119.60,ecb,2026-09-15
2015-04-15,KRW,1096.04,ecb,2026-09-15
2015-04-16,JPY,119.17,ecb,2026-09-15
2015-04-16,KRW,1087.26,ecb,2026-09-15
2015-04-17,JPY,118.78,ecb,2026-09-15
2015-04-17,KRW,1079.26,ecb,2026-09-15
2015-04-20,JPY,119.07,ecb,2026-09-15
2015-04-20,KRW,1082.02,ecb,2026-09-15
2015-04-21,JPY,119.39,ecb,2026-09-15
2015-04-21,KRW,1083.01,ecb,2026-09-15
2015-04-22,JPY,119.57,ecb,2026-09-15
2015-04-22,KRW,1077.75,ecb,2026-09-15
2015-04-23,JPY,120.09,ecb,2026-09-15
2015-04-23,KRW,1083.96,ecb,2026-09-15
2015-04-24,JPY,119.51,ecb,2026-09-15
2015-04-24,KRW,1078.25,ecb,2026-09-15
2015-04-27,JPY,119.41,ecb,2026-09-15
2015-04-27,KRW,1074.09,ecb,2026-09-15
2015-04-28,JPY,119.05,ecb,2026-09-15
2015-04-28,KRW,1068.16,ecb,2026-09-15
2015-04-29,JPY,119.25,ecb,2026-09-15
2015-04-29,KRW,1071.75,ecb,2026-09-15
2015-04-30,JPY,118.82,ecb,2026-09-15
2015-04-30,KRW,1072.21,ecb,2026-09-15
2015-05-04,JPY,120.22,ecb,2026-09-15
2015-05-04,KRW,1082.03,ecb,2026-09-15
2015-05-05,JPY,120.46,ecb,2026-09-15
2015-05-05,KRW,1083.67,ecb,2026-09-15
2015-05-06,JPY,119.85,ecb,2026-09-15
2015-05-06,KRW,1082.67,ecb,2026-09-15
2015-05-07,JPY,119.17,ecb,2026-09-15
2015-05-07,KRW,1091.58,ecb,2026-09-15
2015-05-08,JPY,120.22,ecb,2026-09-15
2015-05-08,KRW,1093.56,ecb,2026-09-15
2015-05-11,JPY,119.94,ecb,2026-09-15
2015-05-11,KRW,1094.63,ecb,2026-09-15
2015-05-12,JPY,119.98,ecb,2026-09-15
2015-05-12,KRW,1095.52,ecb,2026-09-15
2015-05-13,JPY,119.70,ecb,2026-09-15
2015-05-13,KRW,1095.29,ecb,2026-09-15
2015-05-14,JPY,119.20,ecb,2026-09-15
2015-05-14,KRW,1090.60,ecb,2026-09-15
2015-05-15,JPY,119.86,ecb,2026-09-15
2015-05-15,KRW,1089.76,ecb,2026-09-15
2015-05-18,JPY,119.70,ecb,2026-09-15
2015-05-18,KRW,1086.08,ecb,2026-09-15
2015-05-19,JPY,120.18,ecb,2026-09-15
2015-05-19,KRW,1090.60,ecb,2026-09-15
2015-05-20,JPY,120.91,ecb,2026-09-15
2015-05-20,KRW,1095.75,ecb,2026-09-15
2015-05-21,JPY,121.07,ecb,2026-09-15
2015-05-21,KRW,1094.16,ecb,2026-09-15
2015-05-22,JPY,120.93,ecb,2026-09-15
2015-05-22,KRW,1091.14,ecb,2026-09-15
2015-05-25,JPY,121.51,ecb,2026-09-15
2015-05-25,KRW,1097.11,ecb,2026-09-15
2015-05-26,JPY,122.71,ecb,2026-09-15
2015-05-26,KRW,1104.72,ecb,2026-09-15
2015-05-27,JPY,123.70,ecb,2026-09-15
2015-05-27,KRW,1109.38,ecb,2026-09-15
2015-05-28,JPY,124.23,ecb,2026-09-15
2015-05-28,KRW,1108.94,ecb,2026-09-15
2015-05-29,JPY,123.93,ecb,2026-09-15
2015-05-29,KRW,1112.41,ecb,2026-09-15
2015-06-01,JPY,124.08,ecb,2026-09-15
2015-06-01,KRW,1112.14,ecb,2026-09-15
2015-06-02,JPY,124.69,ecb,2026-09-15
2015-06-02,KRW,1114.18,ecb,2026-09-15
2015-06-03,JPY,124.36,ecb,2026-09-15
2015-06-03,KRW,1107.81,ecb,2026-09-15
2015-06-04,JPY,124.12,ecb,2026-09-15
2015-06-04,KRW,1110.65,ecb,2026-09-15
2015-06-05,JPY,124.77,ecb,2026-09-15
2015-06-05,KRW,1114.05,ecb,2026-09-15
2015-06-08,JPY,125.28,ecb,2026-09-15
2015-06-08,KRW,1121.73,ecb,2026-09-15
2015-06-09,JPY,124.06,ecb,2026-09-15
2015-06-09,KRW,1118.93,ecb,2026-09-15
2015-06-10,JPY,122.96,ecb,2026-09-15
2015-06-10,KRW,1112.69,ecb,2026-09-15
2015-06-11,JPY,123.71,ecb,2026-09-15
2015-06-11,KRW,1114.88,ecb,2026-09-15
2015-06-12,JPY,123.69,ecb,2026-09-15
2015-06-12,KRW,1115.40,ecb,2026-09-15
2015-06-15,JPY,123.50,ecb,2026-09-15
2015-06-15,KRW,1117.40,ecb,2026-09-15
2015-06-16,JPY,123.42,ecb,2026-09-15
2015-06-16,KRW,1119.97,ecb,2026-09-15
2015-06-17,JPY,123.93,ecb,2026-09-15
2015-06-17,KRW,1120.08,ecb,2026-09-15
2015-06-18,JPY,122.71,ecb,2026-09-15
2015-06-18,KRW,1103.31,ecb,2026-09-15
2015-06-19,JPY,123.19,ecb,2026-09-15
2015-06-19,KRW,1106.09,ecb,2026-09-15
2015-06-22,JPY,123.23,ecb,2026-09-15
2015-06-22,KRW,1100.94,ecb,2026-09-15
2015-06-23,JPY,123.81,ecb,2026-09-15
2015-06-23,KRW,1105.81,ecb,2026-09-15
2015-06-24,JPY,123.90,ecb,2026-09-15
2015-06-24,KRW,1109.71,ecb,2026-09-15
2015-06-25,JPY,123.61,ecb,2026-09-15
2015-06-25,KRW,1111.30,ecb,2026-09-15
2015-06-26,JPY,123.71,ecb,2026-09-15
2015-06-26,KRW,1123.45,ecb,2026-09-15
2015-06-29,JPY,122.89,ecb,2026-09-15
2015-06-29,KRW,1122.50,ecb,2026-09-15
2015-06-30,JPY,122.45,ecb,2026-09-15
2015-06-30,KRW,1118.30,ecb,2026-09-15
2015-07-01,JPY,123.09,ecb,2026-09-15
2015-07-01,KRW,1123.31,ecb,2026-09-15
2015-07-02,JPY,123.64,ecb,2026-09-15
2015-07-02,KRW,1125.13,ecb,2026-09-15
2015-07-03,JPY,122.91,ecb,2026-09-15
2015-07-03,KRW,1123.66,ecb,2026-09-15
2015-07-06,JPY,122.74,ecb,2026-09-15
2015-07-06,KRW,1128.22,ecb,2026-09-15
2015-07-07,JPY,122.48,ecb,2026-09-15
2015-07-07,KRW,1132.94,ecb,2026-09-15
2015-07-08,JPY,121.44,ecb,2026-09-15
2015-07-08,KRW,1133.43,ecb,2026-09-15
2015-07-09,JPY,121.49,ecb,2026-09-15
2015-07-09,KRW,1130.17,ecb,2026-09-15
2015-07-10,JPY,122.38,ecb,2026-09-15
2015-07-10,KRW,1126.85,ecb,2026-09-15
2015-07-13,JPY,123.36,ecb,2026-09-15
2015-07-13,KRW,1133.45,ecb,2026-09-15
2015-07-14,JPY,123.31,ecb,2026-09-15
2015-07-14,KRW,1141.63,ecb,2026-09-15
2015-07-15,JPY,123.49,ecb,2026-09-15
2015-07-15,KRW,1143.57,ecb,2026-09-15
2015-07-16,JPY,124.14,ecb,2026-09-15
2015-07-16,KRW,1148.65,ecb,2026-09-15
2015-07-17,JPY,123.99,ecb,2026-09-15
2015-07-17,KRW,1147.05,ecb,2026-09-15
2015-07-20,JPY,124.24,ecb,2026-09-15
2015-07-20,KRW,1156.00,ecb,2026-09-15
2015-07-21,JPY,124.39,ecb,2026-09-15
2015-07-21,KRW,1153.00,ecb,2026-09-15
2015-07-22,JPY,123.81,ecb,2026-09-15
2015-07-22,KRW,1153.46,ecb,2026-09-15
2015-07-23,JPY,123.78,ecb,2026-09-15
2015-07-23,KRW,1158.92,ecb,2026-09-15
2015-07-24,JPY,124.05,ecb,2026-09-15
2015-07-24,KRW,1174.12,ecb,2026-09-15
2015-07-27,JPY,123.20,ecb,2026-09-15
2015-07-27,KRW,1169.64,ecb,2026-09-15
2015-07-28,JPY,123.77,ecb,2026-09-15
2015-07-28,KRW,1164.47,ecb,2026-09-15
2015-07-29,JPY,123.75,ecb,2026-09-15
2015-07-29,KRW,1157.87,ecb,2026-09-15
2015-07-30,JPY,124.37,ecb,2026-09-15
2015-07-30,KRW,1173.17,ecb,2026-09-15
2015-07-31,JPY,124.32,ecb,2026-09-15
2015-07-31,KRW,1173.89,ecb,2026-09-15
2015-08-03,JPY,124.25,ecb,2026-09-15
2015-08-03,KRW,1170.64,ecb,2026-09-15
2015-08-04,JPY,124.00,ecb,2026-09-15
2015-08-04,KRW,1161.74,ecb,2026-09-15
2015-08-05,JPY,124.26,ecb,2026-09-15
2015-08-05,KRW,1169.93,ecb,2026-09-15
2015-08-06,JPY,124.89,ecb,2026-09-15
2015-08-06,KRW,1167.13,ecb,2026-09-15
2015-08-07,JPY,124.70,ecb,2026-09-15
2015-08-07,KRW,1163.02,ecb,2026-09-15
2015-08-10,JPY,124.70,ecb,2026-09-15
2015-08-10,KRW,1163.40,ecb,2026-09-15
2015-08-11,JPY,124.82,ecb,2026-09-15
2015-08-11,KRW,1179.92,ecb,2026-09-15
2015-08-12,JPY,124.11,ecb,2026-09-15
2015-08-12,KRW,1174.66,ecb,2026-09-15
2015-08-13,JPY,124.43,ecb,2026-09-15
2015-08-13,KRW,1178.45,ecb,2026-09-15
2015-08-14,JPY,124.16,ecb,2026-09-15
2015-08-14,KRW,1176.96,ecb,2026-09-15
2015-08-17,JPY,124.52,ecb,2026-09-15
2015-08-17,KRW,1185.62,ecb,2026-09-15
2015-08-18,JPY,124.27,ecb,2026-09-15
2015-08-18,KRW,1182.59,ecb,2026-09-15
2015-08-19,JPY,124.36,ecb,2026-09-15
2015-08-19,KRW,1185.39,ecb,2026-09-15
2015-08-20,JPY,123.85,ecb,2026-09-15
2015-08-20,KRW,1191.57,ecb,2026-09-15
2015-08-21,JPY,122.68,ecb,2026-09-15
2015-08-21,KRW,1193.52,ecb,2026-09-15
2015-08-24,JPY,119.86,ecb,2026-09-15
2015-08-24,KRW,1208.36,ecb,2026-09-15
2015-08-25,JPY,119.80,ecb,2026-09-15
2015-08-25,KRW,1179.34,ecb,2026-09-15
2015-08-26,JPY,119.68,ecb,2026-09-15
2015-08-26,KRW,1187.13,ecb,2026-09-15
2015-08-27,JPY,120.19,ecb,2026-09-15
2015-08-27,KRW,1179.43,ecb,2026-09-15
2015-08-28,JPY,120.84,ecb,2026-09-15
2015-08-28,KRW,1177.85,ecb,2026-09-15
2015-08-31,JPY,121.33,ecb,2026-09-15
2015-08-31,KRW,1183.20,ecb,2026-09-15
2015-09-01,JPY,120.03,ecb,2026-09-15
2015-09-01,KRW,1176.11,ecb,2026-09-15
2015-09-02,JPY,120.13,ecb,2026-09-15
2015-09-02,KRW,1184.15,ecb,2026-09-15
2015-09-03,JPY,120.21,ecb,2026-09-15
2015-09-03,KRW,1191.58,ecb,2026-09-15
2015-09-04,JPY,119.25,ecb,2026-09-15
2015-09-04,KRW,1188.66,ecb,2026-09-15
2015-09-07,JPY,119.41,ecb,2026-09-15
2015-09-07,KRW,1201.91,ecb,2026-09-15
2015-09-08,JPY,119.89,ecb,2026-09-15
2015-09-08,KRW,1195.19,ecb,2026-09-15
2015-09-09,JPY,120.88,ecb,2026-09-15
2015-09-09,KRW,1189.94,ecb,2026-09-15
2015-09-10,JPY,121.04,ecb,2026-09-15
2015-09-10,KRW,1186.50,ecb,2026-09-15
2015-09-11,JPY,120.71,ecb,2026-09-15
2015-09-11,KRW,1183.22,ecb,2026-09-15
2015-09-14,JPY,120.34,ecb,2026-09-15
2015-09-14,KRW,1181.57,ecb,2026-09-15
2015-09-15,JPY,119.65,ecb,2026-09-15
2015-09-15,KRW,1179.81,ecb,2026-09-15
2015-09-16,JPY,120.64,ecb,2026-09-15
2015-09-16,KRW,1174.81,ecb,2026-09-15
2015-09-17,JPY,120.90,ecb,2026-09-15
2015-09-17,KRW,1162.91,ecb,2026-09-15
2015-09-18,JPY,119.37,ecb,2026-09-15
2015-09-18,KRW,1163.85,ecb,2026-09-15
2015-09-21,JPY,120.44,ecb,2026-09-15
2015-09-21,KRW,1178.19,ecb,2026-09-15
2015-09-22,JPY,119.90,ecb,2026-09-15
2015-09-22,KRW,1185.25,ecb,2026-09-15
2015-09-23,JPY,120.21,ecb,2026-09-15
2015-09-23,KRW,1191.25,ecb,2026-09-15
2015-09-24,JPY,119.63,ecb,2026-09-15
2015-09-24,KRW,1195.85,ecb,2026-09-15
2015-09-25,JPY,120.99,ecb,2026-09-15
2015-09-25,KRW,1189.96,ecb,2026-09-15
2015-09-28,JPY,120.08,ecb,2026-09-15
2015-09-28,KRW,1194.37,ecb,2026-09-15
2015-09-29,JPY,119.94,ecb,2026-09-15
2015-09-29,KRW,1194.78,ecb,2026-09-15
2015-09-30,JPY,120.23,ecb,2026-09-15
2015-09-30,KRW,1185.64,ecb,2026-09-15
2015-10-01,JPY,119.75,ecb,2026-09-15
2015-10-01,KRW,1178.48,ecb,2026-09-15
2015-10-02,JPY,120.29,ecb,2026-09-15
2015-10-02,KRW,1181.77,ecb,2026-09-15
2015-10-05,JPY,120.21,ecb,2026-09-15
2015-10-05,KRW,1161.32,ecb,2026-09-15
2015-10-06,JPY,120.34,ecb,2026-09-15
2015-10-06,KRW,1168.31,ecb,2026-09-15
2015-10-07,JPY,120.10,ecb,2026-09-15
2015-10-07,KRW,1153.66,ecb,2026-09-15
2015-10-08,JPY,119.89,ecb,2026-09-15
2015-10-08,KRW,1160.02,ecb,2026-09-15
2015-10-09,JPY,120.27,ecb,2026-09-15
2015-10-09,KRW,1142.45,ecb,2026-09-15
2015-10-12,JPY,120.12,ecb,2026-09-15
2015-10-12,KRW,1141.55,ecb,2026-09-15
2015-10-13,JPY,119.71,ecb,2026-09-15
2015-10-13,KRW,1150.81,ecb,2026-09-15
2015-10-14,JPY,119.61,ecb,2026-09-15
2015-10-14,KRW,1147.20,ecb,2026-09-15
2015-10-15,JPY,118.22,ecb,2026-09-15
2015-10-15,KRW,1121.51,ecb,2026-09-15
2015-10-16,JPY,119.06,ecb,2026-09-15
2015-10-16,KRW,1130.99,ecb,2026-09-15
2015-10-19,JPY,119.38,ecb,2026-09-15
2015-10-19,KRW,1129.95,ecb,2026-09-15
2015-10-20,JPY,119.72,ecb,2026-09-15
2015-10-20,KRW,1128.93,ecb,2026-09-15
2015-10-21,JPY,120.05,ecb,2026-09-15
2015-10-21,KRW,1138.50,ecb,2026-09-15
2015-10-22,JPY,119.76,ecb,2026-09-15
2015-10-22,KRW,1135.80,ecb,2026-09-15
2015-10-23,JPY,120.71,ecb,2026-09-15
2015-10-23,KRW,1127.15,ecb,2026-09-15
2015-10-26,JPY,121.02,ecb,2026-09-15
2015-10-26,KRW,1132.85,ecb,2026-09-15
2015-10-27,JPY,120.30,ecb,2026-09-15
2015-10-27,KRW,1136.82,ecb,2026-09-15
2015-10-28,JPY,120.32,ecb,2026-09-15
2015-10-28,KRW,1131.98,ecb,2026-09-15
2015-10-29,JPY,121.04,ecb,2026-09-15
2015-10-29,KRW,1145.25,ecb,2026-09-15
2015-10-30,JPY,120.61,ecb,2026-09-15
2015-10-30,KRW,1138.22,ecb,2026-09-15
2015-11-02,JPY,120.58,ecb,2026-09-15
2015-11-02,KRW,1137.26,ecb,2026-09-15
2015-11-03,JPY,120.85,ecb,2026-09-15
2015-11-03,KRW,1134.74,ecb,2026-09-15
2015-11-04,JPY,121.12,ecb,2026-09-15
2015-11-04,KRW,1131.12,ecb,2026-09-15
2015-11-05,JPY,121.89,ecb,2026-09-15
2015-11-05,KRW,1140.00,ecb,2026-09-15
2015-11-06,JPY,121.88,ecb,2026-09-15
2015-11-06,KRW,1144.39,ecb,2026-09-15
2015-11-09,JPY,123.50,ecb,2026-09-15
2015-11-09,KRW,1161.17,ecb,2026-09-15
2015-11-10,JPY,123.22,ecb,2026-09-15
2015-11-10,KRW,1159.61,ecb,2026-09-15
2015-11-11,JPY,123.09,ecb,2026-09-15
2015-11-11,KRW,1155.76,ecb,2026-09-15
2015-11-12,JPY,122.99,ecb,2026-09-15
2015-11-12,KRW,1161.54,ecb,2026-09-15
2015-11-13,JPY,122.67,ecb,2026-09-15
2015-11-13,KRW,1167.85,ecb,2026-09-15
2015-11-16,JPY,123.11,ecb,2026-09-15
2015-11-16,KRW,1172.79,ecb,2026-09-15
2015-11-17,JPY,123.23,ecb,2026-09-15
2015-11-17,KRW,1168.76,ecb,2026-09-15
2015-11-18,JPY,123.43,ecb,2026-09-15
2015-11-18,KRW,1169.98,ecb,2026-09-15
2015-11-19,JPY,123.14,ecb,2026-09-15
2015-11-19,KRW,1161.73,ecb,2026-09-15
2015-11-20,JPY,122.83,ecb,2026-09-15
2015-11-20,KRW,1155.00,ecb,2026-09-15
2015-11-23,JPY,123.15,ecb,2026-09-15
2015-11-23,KRW,1158.89,ecb,2026-09-15
2015-11-24,JPY,122.54,ecb,2026-09-15
2015-11-24,KRW,1154.31,ecb,2026-09-15
2015-11-25,JPY,122.75,ecb,2026-09-15
2015-11-25,KRW,1144.80,ecb,2026-09-15
2015-11-26,JPY,122.56,ecb,2026-09-15
2015-11-26,KRW,1148.99,ecb,2026-09-15
2015-11-27,JPY,122.64,ecb,2026-09-15
2015-11-27,KRW,1154.78,ecb,2026-09-15
2015-11-30,JPY,123.09,ecb,2026-09-15
2015-11-30,KRW,1157.21,ecb,2026-09-15
2015-12-01,JPY,123.18,ecb,2026-09-15
2015-12-01,KRW,1159.43,ecb,2026-09-15
2015-12-02,JPY,123.16,ecb,2026-09-15
2015-12-02,KRW,1163.74,ecb,2026-09-15
2015-12-03,JPY,123.31,ecb,2026-09-15
2015-12-03,KRW,1162.25,ecb,2026-09-15
2015-12-04,JPY,122.99,ecb,2026-09-15
2015-12-04,KRW,1163.36,ecb,2026-09-15
2015-12-07,JPY,123.42,ecb,2026-09-15
2015-12-07,KRW,1169.40,ecb,2026-09-15
2015-12-08,JPY,122.89,ecb,2026-09-15
2015-12-08,KRW,1183.47,ecb,2026-09-15
2015-12-09,JPY,122.51,ecb,2026-09-15
2015-12-09,KRW,1181.94,ecb,2026-09-15
2015-12-10,JPY,121.51,ecb,2026-09-15
2015-12-10,KRW,1176.43,ecb,2026-09-15
2015-12-11,JPY,121.48,ecb,2026-09-15
2015-12-11,KRW,1188.06,ecb,2026-09-15
2015-12-14,JPY,120.68,ecb,2026-09-15
2015-12-14,KRW,1187.95,ecb,2026-09-15
2015-12-15,JPY,120.99,ecb,2026-09-15
2015-12-15,KRW,1175.92,ecb,2026-09-15
2015-12-16,JPY,121.81,ecb,2026-09-15
2015-12-16,KRW,1175.42,ecb,2026-09-15
2015-12-17,JPY,122.52,ecb,2026-09-15
2015-12-17,KRW,1186.10,ecb,2026-09-15
2015-12-18,JPY,121.45,ecb,2026-09-15
2015-12-18,KRW,1181.40,ecb,2026-09-15
2015-12-21,JPY,121.37,ecb,2026-09-15
2015-12-21,KRW,1177.60,ecb,2026-09-15
2015-12-22,JPY,120.91,ecb,2026-09-15
2015-12-22,KRW,1171.75,ecb,2026-09-15
2015-12-23,JPY,120.85,ecb,2026-09-15
2015-12-23,KRW,1174.29,ecb,2026-09-15
2015-12-24,JPY,120.43,ecb,2026-09-15
2015-12-24,KRW,1168.72,ecb,2026-09-15
2015-12-28,JPY,120.46,ecb,2026-09-15
2015-12-28,KRW,1168.43,ecb,2026-09-15
2015-12-29,JPY,120.42,ecb,2026-09-15
2015-12-29,KRW,1170.72,ecb,2026-09-15
2015-12-30,JPY,120.50,ecb,2026-09-15
2015-12-30,KRW,1175.90,ecb,2026-09-15
2015-12-31,JPY,120.39,ecb,2026-09-15
2015-12-31,KRW,1176.43,ecb,2026-09-15
2016-01-04,JPY,119.09,ecb,2026-09-15
2016-01-04,KRW,1190.92,ecb,2026-09-15
2016-01-05,JPY,119.00,ecb,2026-09-15
2016-01-05,KRW,1188.37,ecb,2026-09-15
2016-01-06,JPY,118.40,ecb,2026-09-15
2016-01-06,KRW,1200.15,ecb,2026-09-15
2016-01-07,JPY,117.54,ecb,2026-09-15
2016-01-07,KRW,1202.49,ecb,2026-09-15
2016-01-08,JPY,118.32,ecb,2026-09-15
2016-01-08,KRW,1201.34,ecb,2026-09-15
2016-01-11,JPY,117.86,ecb,2026-09-15
2016-01-11,KRW,1202.35,ecb,2026-09-15
2016-01-12,JPY,117.93,ecb,2026-09-15
2016-01-12,KRW,1207.89,ecb,2026-09-15
2016-01-13,JPY,118.10,ecb,2026-09-15
2016-01-13,KRW,1203.01,ecb,2026-09-15
2016-01-14,JPY,117.75,ecb,2026-09-15
2016-01-14,KRW,1212.49,ecb,2026-09-15
2016-01-15,JPY,117.10,ecb,2026-09-15
2016-01-15,KRW,1217.67,ecb,2026-09-15
2016-01-18,JPY,117.32,ecb,2026-09-15
2016-01-18,KRW,1209.55,ecb,2026-09-15
2016-01-19,JPY,117.89,ecb,2026-09-15
2016-01-19,KRW,1202.51,ecb,2026-09-15
2016-01-20,JPY,116.70,ecb,2026-09-15
2016-01-20,KRW,1216.15,ecb,2026-09-15
2016-01-21,JPY,116.98,ecb,2026-09-15
2016-01-21,KRW,1213.29,ecb,2026-09-15
2016-01-22,JPY,118.22,ecb,2026-09-15
2016-01-22,KRW,1196.18,ecb,2026-09-15
2016-01-25,JPY,118.42,ecb,2026-09-15
2016-01-25,KRW,1196.05,ecb,2026-09-15
2016-01-26,JPY,118.32,ecb,2026-09-15
2016-01-26,KRW,1203.12,ecb,2026-09-15
2016-01-27,JPY,118.40,ecb,2026-09-15
2016-01-27,KRW,1202.19,ecb,2026-09-15
2016-01-28,JPY,118.88,ecb,2026-09-15
2016-01-28,KRW,1207.34,ecb,2026-09-15
2016-01-29,JPY,121.11,ecb,2026-09-15
2016-01-29,KRW,1207.51,ecb,2026-09-15
2016-02-01,JPY,121.27,ecb,2026-09-15
2016-02-01,KRW,1204.00,ecb,2026-09-15
2016-02-02,JPY,120.74,ecb,2026-09-15
2016-02-02,KRW,1211.26,ecb,2026-09-15
2016-02-03,JPY,119.44,ecb,2026-09-15
2016-02-03,KRW,1216.38,ecb,2026-09-15
2016-02-04,JPY,117.34,ecb,2026-09-15
2016-02-04,KRW,1192.89,ecb,2026-09-15
2016-02-05,JPY,116.68,ecb,2026-09-15
2016-02-05,KRW,1190.76,ecb,2026-09-15
2016-02-08,JPY,116.30,ecb,2026-09-15
2016-02-08,KRW,1210.17,ecb,2026-09-15
2016-02-09,JPY,114.87,ecb,2026-09-15
2016-02-09,KRW,1207.05,ecb,2026-09-15
2016-02-10,JPY,114.97,ecb,2026-09-15
2016-02-10,KRW,1190.70,ecb,2026-09-15
2016-02-11,JPY,112.19,ecb,2026-09-15
2016-02-11,KRW,1201.05,ecb,2026-09-15
2016-02-12,JPY,112.70,ecb,2026-09-15
2016-02-12,KRW,1206.19,ecb,2026-09-15
2016-02-15,JPY,114.13,ecb,2026-09-15
2016-02-15,KRW,1209.44,ecb,2026-09-15
2016-02-16,JPY,113.76,ecb,2026-09-15
2016-02-16,KRW,1216.82,ecb,2026-09-15
2016-02-17,JPY,114.13,ecb,2026-09-15
2016-02-17,KRW,1228.66,ecb,2026-09-15
2016-02-18,JPY,113.83,ecb,2026-09-15
2016-02-18,KRW,1228.98,ecb,2026-09-15
2016-02-19,JPY,113.01,ecb,2026-09-15
2016-02-19,KRW,1233.50,ecb,2026-09-15
2016-02-22,JPY,113.23,ecb,2026-09-15
2016-02-22,KRW,1225.46,ecb,2026-09-15
2016-02-23,JPY,111.91,ecb,2026-09-15
2016-02-23,KRW,1230.19,ecb,2026-09-15
2016-02-24,JPY,111.88,ecb,2026-09-15
2016-02-24,KRW,1238.12,ecb,2026-09-15
2016-02-25,JPY,112.46,ecb,2026-09-15
2016-02-25,KRW,1239.45,ecb,2026-09-15
2016-02-26,JPY,113.05,ecb,2026-09-15
2016-02-26,KRW,1236.00,ecb,2026-09-15
2016-02-29,JPY,113.10,ecb,2026-09-15
2016-02-29,KRW,1237.64,ecb,2026-09-15
2016-03-01,JPY,113.08,ecb,2026-09-15
2016-03-01,KRW,1232.58,ecb,2026-09-15
2016-03-02,JPY,114.29,ecb,2026-09-15
2016-03-02,KRW,1229.08,ecb,2026-09-15
2016-03-03,JPY,113.96,ecb,2026-09-15
2016-03-03,KRW,1213.29,ecb,2026-09-15
2016-03-04,JPY,113.74,ecb,2026-09-15
2016-03-04,KRW,1203.08,ecb,2026-09-15
2016-03-07,JPY,113.62,ecb,2026-09-15
2016-03-07,KRW,1204.23,ecb,2026-09-15
2016-03-08,JPY,112.99,ecb,2026-09-15
2016-03-08,KRW,1205.90,ecb,2026-09-15
2016-03-09,JPY,112.67,ecb,2026-09-15
2016-03-09,KRW,1211.73,ecb,2026-09-15
2016-03-10,JPY,114.09,ecb,2026-09-15
2016-03-10,KRW,1200.05,ecb,2026-09-15
2016-03-11,JPY,113.77,ecb,2026-09-15
2016-03-11,KRW,1190.16,ecb,2026-09-15
2016-03-14,JPY,113.64,ecb,2026-09-15
2016-03-14,KRW,1186.05,ecb,2026-09-15
2016-03-15,JPY,112.85,ecb,2026-09-15
2016-03-15,KRW,1194.35,ecb,2026-09-15
2016-03-16,JPY,113.59,ecb,2026-09-15
2016-03-16,KRW,1194.85,ecb,2026-09-15
2016-03-17,JPY,111.64,ecb,2026-09-15
2016-03-17,KRW,1160.68,ecb,2026-09-15
2016-03-18,JPY,111.53,ecb,2026-09-15
2016-03-18,KRW,1158.00,ecb,2026-09-15
2016-03-21,JPY,111.74,ecb,2026-09-15
2016-03-21,KRW,1160.54,ecb,2026-09-15
2016-03-22,JPY,111.60,ecb,2026-09-15
2016-03-22,KRW,1161.30,ecb,2026-09-15
2016-03-23,JPY,112.80,ecb,2026-09-15
2016-03-23,KRW,1164.25,ecb,2026-09-15
2016-03-24,JPY,112.44,ecb,2026-09-15
2016-03-24,KRW,1167.48,ecb,2026-09-15
2016-03-29,JPY,113.57,ecb,2026-09-15
2016-03-29,KRW,1167.29,ecb,2026-09-15
2016-03-30,JPY,112.48,ecb,2026-09-15
2016-03-30,KRW,1142.41,ecb,2026-09-15
2016-03-31,JPY,112.34,ecb,2026-09-15
2016-03-31,KRW,1137.36,ecb,2026-09-15
2016-04-01,JPY,112.03,ecb,2026-09-15
2016-04-01,KRW,1150.96,ecb,2026-09-15
2016-04-04,JPY,111.57,ecb,2026-09-15
2016-04-04,KRW,1149.55,ecb,2026-09-15
2016-04-05,JPY,110.68,ecb,2026-09-15
2016-04-05,KRW,1158.77,ecb,2026-09-15
2016-04-06,JPY,110.38,ecb,2026-09-15
2016-04-06,KRW,1162.98,ecb,2026-09-15
2016-04-07,JPY,108.37,ecb,2026-09-15
2016-04-07,KRW,1159.89,ecb,2026-09-15
2016-04-08,JPY,108.56,ecb,2026-09-15
2016-04-08,KRW,1153.24,ecb,2026-09-15
2016-04-11,JPY,108.24,ecb,2026-09-15
2016-04-11,KRW,1147.10,ecb,2026-09-15
2016-04-12,JPY,108.32,ecb,2026-09-15
2016-04-12,KRW,1143.28,ecb,2026-09-15
2016-04-13,JPY,109.28,ecb,2026-09-15
2016-04-13,KRW,1149.00,ecb,2026-09-15
2016-04-14,JPY,109.39,ecb,2026-09-15
2016-04-14,KRW,1154.04,ecb,2026-09-15
2016-04-15,JPY,108.92,ecb,2026-09-15
2016-04-15,KRW,1147.75,ecb,2026-09-15
2016-04-18,JPY,108.19,ecb,2026-09-15
2016-04-18,KRW,1149.50,ecb,2026-09-15
2016-04-19,JPY,109.41,ecb,2026-09-15
2016-04-19,KRW,1126.05,ecb,2026-09-15
2016-04-20,JPY,109.15,ecb,2026-09-15
2016-04-20,KRW,1129.31,ecb,2026-09-15
2016-04-21,JPY,109.64,ecb,2026-09-15
2016-04-21,KRW,1132.86,ecb,2026-09-15
2016-04-22,JPY,110.86,ecb,2026-09-15
2016-04-22,KRW,1143.04,ecb,2026-09-15
2016-04-25,JPY,110.93,ecb,2026-09-15
2016-04-25,KRW,1146.54,ecb,2026-09-15
2016-04-26,JPY,111.15,ecb,2026-09-15
2016-04-26,KRW,1151.01,ecb,2026-09-15
2016-04-27,JPY,111.29,ecb,2026-09-15
2016-04-27,KRW,1149.72,ecb,2026-09-15
2016-04-28,JPY,108.15,ecb,2026-09-15
2016-04-28,KRW,1140.64,ecb,2026-09-15
2016-04-29,JPY,107.29,ecb,2026-09-15
2016-04-29,KRW,1141.39,ecb,2026-09-15
2016-05-02,JPY,106.56,ecb,2026-09-15
2016-05-02,KRW,1137.95,ecb,2026-09-15
2016-05-03,JPY,105.91,ecb,2026-09-15
2016-05-03,KRW,1144.22,ecb,2026-09-15
2016-05-04,JPY,106.58,ecb,2026-09-15
2016-05-04,KRW,1163.09,ecb,2026-09-15
2016-05-05,JPY,107.10,ecb,2026-09-15
2016-05-05,KRW,1166.14,ecb,2026-09-15
2016-05-06,JPY,106.97,ecb,2026-09-15
2016-05-06,KRW,1172.35,ecb,2026-09-15
2016-05-09,JPY,108.28,ecb,2026-09-15
2016-05-09,KRW,1173.64,ecb,2026-09-15
2016-05-10,JPY,109.12,ecb,2026-09-15
2016-05-10,KRW,1173.62,ecb,2026-09-15
2016-05-11,JPY,108.77,ecb,2026-09-15
2016-05-11,KRW,1168.19,ecb,2026-09-15
2016-05-12,JPY,109.32,ecb,2026-09-15
2016-05-12,KRW,1169.17,ecb,2026-09-15
2016-05-13,JPY,108.88,ecb,2026-09-15
2016-05-13,KRW,1172.81,ecb,2026-09-15
2016-05-16,JPY,108.86,ecb,2026-09-15
2016-05-16,KRW,1179.71,ecb,2026-09-15
2016-05-17,JPY,109.50,ecb,2026-09-15
2016-05-17,KRW,1176.59,ecb,2026-09-15
2016-05-18,JPY,109.39,ecb,2026-09-15
2016-05-18,KRW,1188.32,ecb,2026-09-15
2016-05-19,JPY,110.00,ecb,2026-09-15
2016-05-19,KRW,1190.94,ecb,2026-09-15
2016-05-20,JPY,110.36,ecb,2026-09-15
2016-05-20,KRW,1187.29,ecb,2026-09-15
2016-05-23,JPY,109.41,ecb,2026-09-15
2016-05-23,KRW,1185.72,ecb,2026-09-15
2016-05-24,JPY,109.74,ecb,2026-09-15
2016-05-24,KRW,1190.29,ecb,2026-09-15
2016-05-25,JPY,110.17,ecb,2026-09-15
2016-05-25,KRW,1181.73,ecb,2026-09-15
2016-05-26,JPY,110.07,ecb,2026-09-15
2016-05-26,KRW,1180.04,ecb,2026-09-15
2016-05-27,JPY,109.65,ecb,2026-09-15
2016-05-27,KRW,1179.24,ecb,2026-09-15
2016-05-30,JPY,111.19,ecb,2026-09-15
2016-05-30,KRW,1190.94,ecb,2026-09-15
2016-05-31,JPY,111.02,ecb,2026-09-15
2016-05-31,KRW,1188.91,ecb,2026-09-15
2016-06-01,JPY,109.24,ecb,2026-09-15
2016-06-01,KRW,1191.63,ecb,2026-09-15
2016-06-02,JPY,109.01,ecb,2026-09-15
2016-06-02,KRW,1188.19,ecb,2026-09-15
2016-06-03,JPY,108.90,ecb,2026-09-15
2016-06-03,KRW,1185.59,ecb,2026-09-15
2016-06-06,JPY,107.13,ecb,2026-09-15
2016-06-06,KRW,1165.74,ecb,2026-09-15
2016-06-07,JPY,107.65,ecb,2026-09-15
2016-06-07,KRW,1155.87,ecb,2026-09-15
2016-06-08,JPY,107.02,ecb,2026-09-15
2016-06-08,KRW,1152.56,ecb,2026-09-15
2016-06-09,JPY,106.43,ecb,2026-09-15
2016-06-09,KRW,1160.68,ecb,2026-09-15
2016-06-10,JPY,106.86,ecb,2026-09-15
2016-06-10,KRW,1164.31,ecb,2026-09-15
2016-06-13,JPY,106.06,ecb,2026-09-15
2016-06-13,KRW,1173.79,ecb,2026-09-15
2016-06-14,JPY,106.00,ecb,2026-09-15
2016-06-14,KRW,1179.74,ecb,2026-09-15
2016-06-15,JPY,106.22,ecb,2026-09-15
2016-06-15,KRW,1171.93,ecb,2026-09-15
2016-06-16,JPY,104.39,ecb,2026-09-15
2016-06-16,KRW,1177.55,ecb,2026-09-15
2016-06-17,JPY,104.27,ecb,2026-09-15
2016-06-17,KRW,1171.33,ecb,2026-09-15
2016-06-20,JPY,104.63,ecb,2026-09-15
2016-06-20,KRW,1158.04,ecb,2026-09-15
2016-06-21,JPY,104.64,ecb,2026-09-15
2016-06-21,KRW,1152.60,ecb,2026-09-15
2016-06-22,JPY,104.59,ecb,2026-09-15
2016-06-22,KRW,1150.07,ecb,2026-09-15
2016-06-23,JPY,105.70,ecb,2026-09-15
2016-06-23,KRW,1145.38,ecb,2026-09-15
2016-06-24,JPY,102.32,ecb,2026-09-15
2016-06-24,KRW,1171.96,ecb,2026-09-15
2016-06-27,JPY,101.65,ecb,2026-09-15
2016-06-27,KRW,1184.68,ecb,2026-09-15
2016-06-28,JPY,102.41,ecb,2026-09-15
2016-06-28,KRW,1168.78,ecb,2026-09-15
2016-06-29,JPY,102.66,ecb,2026-09-15
2016-06-29,KRW,1157.03,ecb,2026-09-15
2016-06-30,JPY,102.73,ecb,2026-09-15
2016-06-30,KRW,1151.58,ecb,2026-09-15
2016-07-01,JPY,102.64,ecb,2026-09-15
2016-07-01,KRW,1145.72,ecb,2026-09-15
2016-07-04,JPY,102.61,ecb,2026-09-15
2016-07-04,KRW,1148.17,ecb,2026-09-15
2016-07-05,JPY,101.83,ecb,2026-09-15
2016-07-05,KRW,1157.26,ecb,2026-09-15
2016-07-06,JPY,100.71,ecb,2026-09-15
2016-07-06,KRW,1164.60,ecb,2026-09-15
2016-07-07,JPY,100.99,ecb,2026-09-15
2016-07-07,KRW,1155.80,ecb,2026-09-15
2016-07-08,JPY,100.42,ecb,2026-09-15
2016-07-08,KRW,1157.10,ecb,2026-09-15
2016-07-11,JPY,102.48,ecb,2026-09-15
2016-07-11,KRW,1148.32,ecb,2026-09-15
2016-07-12,JPY,103.94,ecb,2026-09-15
2016-07-12,KRW,1146.14,ecb,2026-09-15
2016-07-13,JPY,104.61,ecb,2026-09-15
2016-07-13,KRW,1143.05,ecb,2026-09-15
2016-07-14,JPY,105.66,ecb,2026-09-15
2016-07-14,KRW,1131.35,ecb,2026-09-15
2016-07-15,JPY,105.71,ecb,2026-09-15
2016-07-15,KRW,1132.33,ecb,2026-09-15
2016-07-18,JPY,105.69,ecb,2026-09-15
2016-07-18,KRW,1137.79,ecb,2026-09-15
2016-07-19,JPY,106.21,ecb,2026-09-15
2016-07-19,KRW,1139.65,ecb,2026-09-15
2016-07-20,JPY,106.54,ecb,2026-09-15
2016-07-20,KRW,1141.43,ecb,2026-09-15
2016-07-21,JPY,106.26,ecb,2026-09-15
2016-07-21,KRW,1138.07,ecb,2026-09-15
2016-07-22,JPY,106.10,ecb,2026-09-15
2016-07-22,KRW,1136.00,ecb,2026-09-15
2016-07-25,JPY,106.21,ecb,2026-09-15
2016-07-25,KRW,1138.65,ecb,2026-09-15
2016-07-26,JPY,104.27,ecb,2026-09-15
2016-07-26,KRW,1135.96,ecb,2026-09-15
2016-07-27,JPY,105.75,ecb,2026-09-15
2016-07-27,KRW,1134.72,ecb,2026-09-15
2016-07-28,JPY,104.72,ecb,2026-09-15
2016-07-28,KRW,1128.20,ecb,2026-09-15
2016-07-29,JPY,103.33,ecb,2026-09-15
2016-07-29,KRW,1121.96,ecb,2026-09-15
2016-08-01,JPY,102.36,ecb,2026-09-15
2016-08-01,KRW,1107.32,ecb,2026-09-15
2016-08-02,JPY,101.60,ecb,2026-09-15
2016-08-02,KRW,1106.96,ecb,2026-09-15
2016-08-03,JPY,101.09,ecb,2026-09-15
2016-08-03,KRW,1117.27,ecb,2026-09-15
2016-08-04,JPY,101.17,ecb,2026-09-15
2016-08-04,KRW,1115.19,ecb,2026-09-15
2016-08-05,JPY,101.05,ecb,2026-09-15
2016-08-05,KRW,1109.47,ecb,2026-09-15
2016-08-08,JPY,102.45,ecb,2026-09-15
2016-08-08,KRW,1108.85,ecb,2026-09-15
2016-08-09,JPY,102.25,ecb,2026-09-15
2016-08-09,KRW,1105.49,ecb,2026-09-15
2016-08-10,JPY,101.12,ecb,2026-09-15
2016-08-10,KRW,1094.00,ecb,2026-09-15
2016-08-11,JPY,101.36,ecb,2026-09-15
2016-08-11,KRW,1100.13,ecb,2026-09-15
2016-08-12,JPY,101.96,ecb,2026-09-15
2016-08-12,KRW,1106.10,ecb,2026-09-15
2016-08-15,JPY,101.05,ecb,2026-09-15
2016-08-15,KRW,1099.34,ecb,2026-09-15
2016-08-16,JPY,99.81,ecb,2026-09-15
2016-08-16,KRW,1091.11,ecb,2026-09-15
2016-08-17,JPY,100.68,ecb,2026-09-15
2016-08-17,KRW,1111.17,ecb,2026-09-15
2016-08-18,JPY,100.34,ecb,2026-09-15
2016-08-18,KRW,1110.39,ecb,2026-09-15
2016-08-19,JPY,100.24,ecb,2026-09-15
2016-08-19,KRW,1120.56,ecb,2026-09-15
2016-08-22,JPY,100.59,ecb,2026-09-15
2016-08-22,KRW,1123.51,ecb,2026-09-15
2016-08-23,JPY,100.08,ecb,2026-09-15
2016-08-23,KRW,1116.22,ecb,2026-09-15
2016-08-24,JPY,100.24,ecb,2026-09-15
2016-08-24,KRW,1122.61,ecb,2026-09-15
2016-08-25,JPY,100.49,ecb,2026-09-15
2016-08-25,KRW,1116.32,ecb,2026-09-15
2016-08-26,JPY,100.38,ecb,2026-09-15
2016-08-26,KRW,1114.28,ecb,2026-09-15
2016-08-29,JPY,102.27,ecb,2026-09-15
2016-08-29,KRW,1123.28,ecb,2026-09-15
2016-08-30,JPY,102.32,ecb,2026-09-15
2016-08-30,KRW,1114.32,ecb,2026-09-15
2016-08-31,JPY,103.31,ecb,2026-09-15
2016-08-31,KRW,1117.19,ecb,2026-09-15
2016-09-01,JPY,103.71,ecb,2026-09-15
2016-09-01,KRW,1121.79,ecb,2026-09-15
2016-09-02,JPY,103.48,ecb,2026-09-15
2016-09-02,KRW,1115.80,ecb,2026-09-15
2016-09-05,JPY,103.30,ecb,2026-09-15
2016-09-05,KRW,1106.45,ecb,2026-09-15
2016-09-06,JPY,103.41,ecb,2026-09-15
2016-09-06,KRW,1105.62,ecb,2026-09-15
2016-09-07,JPY,101.66,ecb,2026-09-15
2016-09-07,KRW,1090.10,ecb,2026-09-15
2016-09-08,JPY,101.63,ecb,2026-09-15
2016-09-08,KRW,1089.65,ecb,2026-09-15
2016-09-09,JPY,102.81,ecb,2026-09-15
2016-09-09,KRW,1104.17,ecb,2026-09-15
2016-09-12,JPY,101.89,ecb,2026-09-15
2016-09-12,KRW,1115.56,ecb,2026-09-15
2016-09-13,JPY,102.23,ecb,2026-09-15
2016-09-13,KRW,1123.35,ecb,2026-09-15
2016-09-14,JPY,102.84,ecb,2026-09-15
2016-09-14,KRW,1125.99,ecb,2026-09-15
2016-09-15,JPY,102.17,ecb,2026-09-15
2016-09-15,KRW,1126.61,ecb,2026-09-15
2016-09-16,JPY,101.86,ecb,2026-09-15
2016-09-16,KRW,1125.64,ecb,2026-09-15
2016-09-19,JPY,101.79,ecb,2026-09-15
2016-09-19,KRW,1119.71,ecb,2026-09-15
2016-09-20,JPY,101.87,ecb,2026-09-15
2016-09-20,KRW,1119.81,ecb,2026-09-15
2016-09-21,JPY,100.89,ecb,2026-09-15
2016-09-21,KRW,1112.65,ecb,2026-09-15
2016-09-22,JPY,100.72,ecb,2026-09-15
2016-09-22,KRW,1101.90,ecb,2026-09-15
2016-09-23,JPY,100.78,ecb,2026-09-15
2016-09-23,KRW,1102.00,ecb,2026-09-15
2016-09-26,JPY,100.44,ecb,2026-09-15
2016-09-26,KRW,1106.47,ecb,2026-09-15
2016-09-27,JPY,100.29,ecb,2026-09-15
2016-09-27,KRW,1098.65,ecb,2026-09-15
2016-09-28,JPY,100.61,ecb,2026-09-15
2016-09-28,KRW,1097.34,ecb,2026-09-15
2016-09-29,JPY,101.49,ecb,2026-09-15
2016-09-29,KRW,1100.78,ecb,2026-09-15
2016-09-30,JPY,101.33,ecb,2026-09-15
2016-09-30,KRW,1101.84,ecb,2026-09-15
2016-10-03,JPY,101.37,ecb,2026-09-15
2016-10-03,KRW,1101.11,ecb,2026-09-15
2016-10-04,JPY,102.59,ecb,2026-09-15
2016-10-04,KRW,1109.36,ecb,2026-09-15
2016-10-05,JPY,103.16,ecb,2026-09-15
2016-10-05,KRW,1115.25,ecb,2026-09-15
2016-10-06,JPY,103.71,ecb,2026-09-15
2016-10-06,KRW,1116.87,ecb,2026-09-15
2016-10-07,JPY,103.63,ecb,2026-09-15
2016-10-07,KRW,1115.83,ecb,2026-09-15
2016-10-10,JPY,103.40,ecb,2026-09-15
2016-10-10,KRW,1111.65,ecb,2026-09-15
2016-10-11,JPY,103.71,ecb,2026-09-15
2016-10-11,KRW,1123.85,ecb,2026-09-15
2016-10-12,JPY,103.90,ecb,2026-09-15
2016-10-12,KRW,1124.92,ecb,2026-09-15
2016-10-13,JPY,103.72,ecb,2026-09-15
2016-10-13,KRW,1134.14,ecb,2026-09-15
2016-10-14,JPY,104.31,ecb,2026-09-15
2016-10-14,KRW,1132.58,ecb,2026-09-15
2016-10-17,JPY,104.11,ecb,2026-09-15
2016-10-17,KRW,1139.88,ecb,2026-09-15
2016-10-18,JPY,104.04,ecb,2026-09-15
2016-10-18,KRW,1126.42,ecb,2026-09-15
2016-10-19,JPY,103.37,ecb,2026-09-15
2016-10-19,KRW,1123.85,ecb,2026-09-15
2016-10-20,JPY,103.61,ecb,2026-09-15
2016-10-20,KRW,1126.93,ecb,2026-09-15
2016-10-21,JPY,103.77,ecb,2026-09-15
2016-10-21,KRW,1137.82,ecb,2026-09-15
2016-10-24,JPY,104.02,ecb,2026-09-15
2016-10-24,KRW,1133.31,ecb,2026-09-15
2016-10-25,JPY,104.53,ecb,2026-09-15
2016-10-25,KRW,1131.93,ecb,2026-09-15
2016-10-26,JPY,104.32,ecb,2026-09-15
2016-10-26,KRW,1135.85,ecb,2026-09-15
2016-10-27,JPY,104.69,ecb,2026-09-15
2016-10-27,KRW,1143.19,ecb,2026-09-15
2016-10-28,JPY,105.38,ecb,2026-09-15
2016-10-28,KRW,1145.40,ecb,2026-09-15
2016-10-31,JPY,105.03,ecb,2026-09-15
2016-10-31,KRW,1146.44,ecb,2026-09-15
2016-11-01,JPY,104.83,ecb,2026-09-15
2016-11-01,KRW,1141.44,ecb,2026-09-15
2016-11-02,JPY,103.31,ecb,2026-09-15
2016-11-02,KRW,1143.27,ecb,2026-09-15
2016-11-03,JPY,103.26,ecb,2026-09-15
2016-11-03,KRW,1144.29,ecb,2026-09-15
2016-11-04,JPY,102.98,ecb,2026-09-15
2016-11-04,KRW,1144.33,ecb,2026-09-15
2016-11-07,JPY,104.32,ecb,2026-09-15
2016-11-07,KRW,1143.27,ecb,2026-09-15
2016-11-08,JPY,104.78,ecb,2026-09-15
2016-11-08,KRW,1135.85,ecb,2026-09-15
2016-11-09,JPY,103.92,ecb,2026-09-15
2016-11-09,KRW,1152.83,ecb,2026-09-15
2016-11-10,JPY,106.84,ecb,2026-09-15
2016-11-10,KRW,1160.97,ecb,2026-09-15
2016-11-11,JPY,106.35,ecb,2026-09-15
2016-11-11,KRW,1164.89,ecb,2026-09-15
2016-11-14,JPY,107.89,ecb,2026-09-15
2016-11-14,KRW,1172.86,ecb,2026-09-15
2016-11-15,JPY,108.27,ecb,2026-09-15
2016-11-15,KRW,1165.95,ecb,2026-09-15
2016-11-16,JPY,109.56,ecb,2026-09-15
2016-11-16,KRW,1175.82,ecb,2026-09-15
2016-11-17,JPY,109.28,ecb,2026-09-15
2016-11-17,KRW,1176.79,ecb,2026-09-15
2016-11-18,JPY,110.03,ecb,2026-09-15
2016-11-18,KRW,1176.16,ecb,2026-09-15
2016-11-21,JPY,110.61,ecb,2026-09-15
2016-11-21,KRW,1177.08,ecb,2026-09-15
2016-11-22,JPY,110.90,ecb,2026-09-15
2016-11-22,KRW,1174.44,ecb,2026-09-15
2016-11-23,JPY,111.34,ecb,2026-09-15
2016-11-23,KRW,1177.33,ecb,2026-09-15
2016-11-24,JPY,113.23,ecb,2026-09-15
2016-11-24,KRW,1181.71,ecb,2026-09-15
2016-11-25,JPY,113.04,ecb,2026-09-15
2016-11-25,KRW,1177.33,ecb,2026-09-15
2016-11-28,JPY,112.63,ecb,2026-09-15
2016-11-28,KRW,1174.52,ecb,2026-09-15
2016-11-29,JPY,112.97,ecb,2026-09-15
2016-11-29,KRW,1173.77,ecb,2026-09-15
2016-11-30,JPY,113.29,ecb,2026-09-15
2016-11-30,KRW,1172.89,ecb,2026-09-15
2016-12-01,JPY,114.23,ecb,2026-09-15
2016-12-01,KRW,1168.38,ecb,2026-09-15
2016-12-02,JPY,113.89,ecb,2026-09-15
2016-12-02,KRW,1172.11,ecb,2026-09-15
2016-12-05,JPY,114.30,ecb,2026-09-15
2016-12-05,KRW,1172.19,ecb,2026-09-15
2016-12-06,JPY,113.92,ecb,2026-09-15
2016-12-06,KRW,1169.38,ecb,2026-09-15
2016-12-07,JPY,114.09,ecb,2026-09-15
2016-12-07,KRW,1162.69,ecb,2026-09-15
2016-12-08,JPY,113.93,ecb,2026-09-15
2016-12-08,KRW,1161.52,ecb,2026-09-15
2016-12-09,JPY,115.05,ecb,2026-09-15
2016-12-09,KRW,1171.51,ecb,2026-09-15
2016-12-12,JPY,115.79,ecb,2026-09-15
2016-12-12,KRW,1168.11,ecb,2026-09-15
2016-12-13,JPY,115.24,ecb,2026-09-15
2016-12-13,KRW,1166.71,ecb,2026-09-15
2016-12-14,JPY,114.98,ecb,2026-09-15
2016-12-14,KRW,1166.01,ecb,2026-09-15
2016-12-15,JPY,118.08,ecb,2026-09-15
2016-12-15,KRW,1186.13,ecb,2026-09-15
2016-12-16,JPY,118.19,ecb,2026-09-15
2016-12-16,KRW,1187.40,ecb,2026-09-15
2016-12-19,JPY,117.24,ecb,2026-09-15
2016-12-19,KRW,1188.79,ecb,2026-09-15
2016-12-20,JPY,118.13,ecb,2026-09-15
2016-12-20,KRW,1194.95,ecb,2026-09-15
2016-12-21,JPY,117.37,ecb,2026-09-15
2016-12-21,KRW,1193.62,ecb,2026-09-15
2016-12-22,JPY,117.64,ecb,2026-09-15
2016-12-22,KRW,1203.76,ecb,2026-09-15
2016-12-23,JPY,117.37,ecb,2026-09-15
2016-12-23,KRW,1203.90,ecb,2026-09-15
2016-12-27,JPY,117.39,ecb,2026-09-15
2016-12-27,KRW,1207.26,ecb,2026-09-15
2016-12-28,JPY,117.67,ecb,2026-09-15
2016-12-28,KRW,1213.32,ecb,2026-09-15
2016-12-29,JPY,116.75,ecb,2026-09-15
2016-12-29,KRW,1209.46,ecb,2026-09-15
2016-12-30,JPY,117.07,ecb,2026-09-15
2016-12-30,KRW,1204.21,ecb,2026-09-15
2017-01-02,JPY,117.46,ecb,2026-09-15
2017-01-02,KRW,1207.69,ecb,2026-09-15
2017-01-03,JPY,118.20,ecb,2026-09-15
2017-01-03,KRW,1206.96,ecb,2026-09-15
2017-01-04,JPY,117.51,ecb,2026-09-15
2017-01-04,KRW,1199.48,ecb,2026-09-15
2017-01-05,JPY,116.54,ecb,2026-09-15
2017-01-05,KRW,1191.11,ecb,2026-09-15
2017-01-06,JPY,116.00,ecb,2026-09-15
2017-01-06,KRW,1191.20,ecb,2026-09-15
2017-01-09,JPY,116.64,ecb,2026-09-15
2017-01-09,KRW,1204.19,ecb,2026-09-15
2017-01-10,JPY,116.25,ecb,2026-09-15
2017-01-10,KRW,1200.98,ecb,2026-09-15
2017-01-11,JPY,116.29,ecb,2026-09-15
2017-01-11,KRW,1200.22,ecb,2026-09-15
2017-01-12,JPY,113.95,ecb,2026-09-15
2017-01-12,KRW,1175.58,ecb,2026-09-15
2017-01-13,JPY,114.35,ecb,2026-09-15
2017-01-13,KRW,1173.86,ecb,2026-09-15
2017-01-16,JPY,114.13,ecb,2026-09-15
2017-01-16,KRW,1183.36,ecb,2026-09-15
2017-01-17,JPY,113.35,ecb,2026-09-15
2017-01-17,KRW,1168.86,ecb,2026-09-15
2017-01-18,JPY,113.51,ecb,2026-09-15
2017-01-18,KRW,1171.60,ecb,2026-09-15
2017-01-19,JPY,114.58,ecb,2026-09-15
2017-01-19,KRW,1177.26,ecb,2026-09-15
2017-01-20,JPY,115.19,ecb,2026-09-15
2017-01-20,KRW,1176.32,ecb,2026-09-15
2017-01-23,JPY,113.60,ecb,2026-09-15
2017-01-23,KRW,1168.15,ecb,2026-09-15
2017-01-24,JPY,113.37,ecb,2026-09-15
2017-01-24,KRW,1165.12,ecb,2026-09-15
2017-01-25,JPY,113.37,ecb,2026-09-15
2017-01-25,KRW,1164.90,ecb,2026-09-15
2017-01-26,JPY,114.39,ecb,2026-09-15
2017-01-26,KRW,1166.49,ecb,2026-09-15
2017-01-27,JPY,115.17,ecb,2026-09-15
2017-01-27,KRW,1174.01,ecb,2026-09-15
2017-01-30,JPY,114.54,ecb,2026-09-15
2017-01-30,KRW,1178.05,ecb,2026-09-15
2017-01-31,JPY,113.38,ecb,2026-09-15
2017-01-31,KRW,1157.38,ecb,2026-09-15
2017-02-01,JPY,113.30,ecb,2026-09-15
2017-02-01,KRW,1156.50,ecb,2026-09-15
2017-02-02,JPY,112.32,ecb,2026-09-15
2017-02-02,KRW,1141.95,ecb,2026-09-15
2017-02-03,JPY,113.11,ecb,2026-09-15
2017-02-03,KRW,1147.24,ecb,2026-09-15
2017-02-06,JPY,112.29,ecb,2026-09-15
2017-02-06,KRW,1136.30,ecb,2026-09-15
2017-02-07,JPY,112.36,ecb,2026-09-15
2017-02-07,KRW,1147.08,ecb,2026-09-15
2017-02-08,JPY,111.95,ecb,2026-09-15
2017-02-08,KRW,1144.53,ecb,2026-09-15
2017-02-09,JPY,112.27,ecb,2026-09-15
2017-02-09,KRW,1144.01,ecb,2026-09-15
2017-02-10,JPY,113.51,ecb,2026-09-15
2017-02-10,KRW,1150.21,ecb,2026-09-15
2017-02-13,JPY,113.75,ecb,2026-09-15
2017-02-13,KRW,1150.92,ecb,2026-09-15
2017-02-14,JPY,113.37,ecb,2026-09-15
2017-02-14,KRW,1136.81,ecb,2026-09-15
2017-02-15,JPY,114.50,ecb,2026-09-15
2017-02-15,KRW,1141.97,ecb,2026-09-15
2017-02-16,JPY,113.55,ecb,2026-09-15
2017-02-16,KRW,1139.45,ecb,2026-09-15
2017-02-17,JPY,112.75,ecb,2026-09-15
2017-02-17,KRW,1150.01,ecb,2026-09-15
2017-02-20,JPY,113.14,ecb,2026-09-15
2017-02-20,KRW,1147.65,ecb,2026-09-15
2017-02-21,JPY,113.67,ecb,2026-09-15
2017-02-21,KRW,1147.10,ecb,2026-09-15
2017-02-22,JPY,112.99,ecb,2026-09-15
2017-02-22,KRW,1142.66,ecb,2026-09-15
2017-02-23,JPY,112.83,ecb,2026-09-15
2017-02-23,KRW,1135.24,ecb,2026-09-15
2017-02-24,JPY,112.21,ecb,2026-09-15
2017-02-24,KRW,1129.43,ecb,2026-09-15
2017-02-27,JPY,112.28,ecb,2026-09-15
2017-02-27,KRW,1133.51,ecb,2026-09-15
2017-02-28,JPY,112.14,ecb,2026-09-15
2017-02-28,KRW,1126.96,ecb,2026-09-15
2017-03-01,JPY,113.78,ecb,2026-09-15
2017-03-01,KRW,1143.96,ecb,2026-09-15
2017-03-02,JPY,114.36,ecb,2026-09-15
2017-03-02,KRW,1145.42,ecb,2026-09-15
2017-03-03,JPY,114.37,ecb,2026-09-15
2017-03-03,KRW,1153.48,ecb,2026-09-15
2017-03-06,JPY,113.81,ecb,2026-09-15
2017-03-06,KRW,1154.42,ecb,2026-09-15
2017-03-07,JPY,114.04,ecb,2026-09-15
2017-03-07,KRW,1149.50,ecb,2026-09-15
2017-03-08,JPY,114.30,ecb,2026-09-15
2017-03-08,KRW,1152.29,ecb,2026-09-15
2017-03-09,JPY,114.63,ecb,2026-09-15
2017-03-09,KRW,1158.52,ecb,2026-09-15
2017-03-10,JPY,115.43,ecb,2026-09-15
2017-03-10,KRW,1156.21,ecb,2026-09-15
2017-03-13,JPY,114.74,ecb,2026-09-15
2017-03-13,KRW,1146.92,ecb,2026-09-15
2017-03-14,JPY,114.88,ecb,2026-09-15
2017-03-14,KRW,1149.91,ecb,2026-09-15
2017-03-15,JPY,114.64,ecb,2026-09-15
2017-03-15,KRW,1146.00,ecb,2026-09-15
2017-03-16,JPY,113.32,ecb,2026-09-15
2017-03-16,KRW,1127.32,ecb,2026-09-15
2017-03-17,JPY,113.15,ecb,2026-09-15
2017-03-17,KRW,1129.92,ecb,2026-09-15
2017-03-20,JPY,112.71,ecb,2026-09-15
2017-03-20,KRW,1115.66,ecb,2026-09-15
2017-03-21,JPY,112.55,ecb,2026-09-15
2017-03-21,KRW,1118.32,ecb,2026-09-15
2017-03-22,JPY,111.10,ecb,2026-09-15
2017-03-22,KRW,1119.72,ecb,2026-09-15
2017-03-23,JPY,110.66,ecb,2026-09-15
2017-03-23,KRW,1119.40,ecb,2026-09-15
2017-03-24,JPY,111.14,ecb,2026-09-15
2017-03-24,KRW,1120.19,ecb,2026-09-15
2017-03-27,JPY,110.14,ecb,2026-09-15
2017-03-27,KRW,1109.33,ecb,2026-09-15
2017-03-28,JPY,110.36,ecb,2026-09-15
2017-03-28,KRW,1113.46,ecb,2026-09-15
2017-03-29,JPY,110.88,ecb,2026-09-15
2017-03-29,KRW,1112.66,ecb,2026-09-15
2017-03-30,JPY,111.19,ecb,2026-09-15
2017-03-30,KRW,1116.77,ecb,2026-09-15
2017-03-31,JPY,111.82,ecb,2026-09-15
2017-03-31,KRW,1117.33,ecb,2026-09-15
2017-04-03,JPY,111.28,ecb,2026-09-15
2017-04-03,KRW,1117.24,ecb,2026-09-15
2017-04-04,JPY,110.37,ecb,2026-09-15
2017-04-04,KRW,1124.90,ecb,2026-09-15
2017-04-05,JPY,110.97,ecb,2026-09-15
2017-04-05,KRW,1126.35,ecb,2026-09-15
2017-04-06,JPY,110.85,ecb,2026-09-15
2017-04-06,KRW,1131.11,ecb,2026-09-15
2017-04-07,JPY,110.67,ecb,2026-09-15
2017-04-07,KRW,1134.85,ecb,2026-09-15
2017-04-10,JPY,111.29,ecb,2026-09-15
2017-04-10,KRW,1142.16,ecb,2026-09-15
2017-04-11,JPY,110.55,ecb,2026-09-15
2017-04-11,KRW,1144.03,ecb,2026-09-15
2017-04-12,JPY,109.59,ecb,2026-09-15
2017-04-12,KRW,1140.27,ecb,2026-09-15
2017-04-13,JPY,109.13,ecb,2026-09-15
2017-04-13,KRW,1131.64,ecb,2026-09-15
2017-04-18,JPY,108.84,ecb,2026-09-15
2017-04-18,KRW,1143.09,ecb,2026-09-15
2017-04-19,JPY,109.01,ecb,2026-09-15
2017-04-19,KRW,1139.79,ecb,2026-09-15
2017-04-20,JPY,109.04,ecb,2026-09-15
2017-04-20,KRW,1136.28,ecb,2026-09-15
2017-04-21,JPY,109.10,ecb,2026-09-15
2017-04-21,KRW,1135.79,ecb,2026-09-15
2017-04-24,JPY,110.32,ecb,2026-09-15
2017-04-24,KRW,1128.52,ecb,2026-09-15
2017-04-25,JPY,110.49,ecb,2026-09-15
2017-04-25,KRW,1127.79,ecb,2026-09-15
2017-04-26,JPY,111.40,ecb,2026-09-15
2017-04-26,KRW,1130.90,ecb,2026-09-15
2017-04-27,JPY,111.45,ecb,2026-09-15
2017-04-27,KRW,1134.39,ecb,2026-09-15
2017-04-28,JPY,111.40,ecb,2026-09-15
2017-04-28,KRW,1137.87,ecb,2026-09-15
2017-05-02,JPY,112.28,ecb,2026-09-15
2017-05-02,KRW,1130.23,ecb,2026-09-15
2017-05-03,JPY,112.16,ecb,2026-09-15
2017-05-03,KRW,1131.53,ecb,2026-09-15
2017-05-04,JPY,112.85,ecb,2026-09-15
2017-05-04,KRW,1135.87,ecb,2026-09-15
2017-05-05,JPY,112.48,ecb,2026-09-15
2017-05-05,KRW,1141.44,ecb,2026-09-15
2017-05-08,JPY,112.54,ecb,2026-09-15
2017-05-08,KRW,1133.01,ecb,2026-09-15
2017-05-09,JPY,113.92,ecb,2026-09-15
2017-05-09,KRW,1137.91,ecb,2026-09-15
2017-05-10,JPY,113.80,ecb,2026-09-15
2017-05-10,KRW,1134.88,ecb,2026-09-15
2017-05-11,JPY,113.90,ecb,2026-09-15
2017-05-11,KRW,1128.51,ecb,2026-09-15
2017-05-12,JPY,113.85,ecb,2026-09-15
2017-05-12,KRW,1127.73,ecb,2026-09-15
2017-05-15,JPY,113.43,ecb,2026-09-15
2017-05-15,KRW,1117.00,ecb,2026-09-15
2017-05-16,JPY,113.64,ecb,2026-09-15
2017-05-16,KRW,1116.52,ecb,2026-09-15
2017-05-17,JPY,112.28,ecb,2026-09-15
2017-05-17,KRW,1119.72,ecb,2026-09-15
2017-05-18,JPY,110.57,ecb,2026-09-15
2017-05-18,KRW,1132.91,ecb,2026-09-15
2017-05-19,JPY,111.24,ecb,2026-09-15
2017-05-19,KRW,1119.54,ecb,2026-09-15
2017-05-22,JPY,111.34,ecb,2026-09-15
2017-05-22,KRW,1117.21,ecb,2026-09-15
2017-05-23,JPY,111.12,ecb,2026-09-15
2017-05-23,KRW,1123.95,ecb,2026-09-15
2017-05-24,JPY,111.81,ecb,2026-09-15
2017-05-24,KRW,1122.76,ecb,2026-09-15
2017-05-25,JPY,111.76,ecb,2026-09-15
2017-05-25,KRW,1119.80,ecb,2026-09-15
2017-05-26,JPY,111.09,ecb,2026-09-15
2017-05-26,KRW,1118.10,ecb,2026-09-15
2017-05-29,JPY,111.34,ecb,2026-09-15
2017-05-29,KRW,1121.06,ecb,2026-09-15
2017-05-30,JPY,110.95,ecb,2026-09-15
2017-05-30,KRW,1124.13,ecb,2026-09-15
2017-05-31,JPY,110.86,ecb,2026-09-15
2017-05-31,KRW,1118.45,ecb,2026-09-15
2017-06-01,JPY,111.00,ecb,2026-09-15
2017-06-01,KRW,1121.67,ecb,2026-09-15
2017-06-02,JPY,111.46,ecb,2026-09-15
2017-06-02,KRW,1123.25,ecb,2026-09-15
2017-06-05,JPY,110.50,ecb,2026-09-15
2017-06-05,KRW,1118.58,ecb,2026-09-15
2017-06-06,JPY,109.36,ecb,2026-09-15
2017-06-06,KRW,1120.16,ecb,2026-09-15
2017-06-07,JPY,109.46,ecb,2026-09-15
2017-06-07,KRW,1124.55,ecb,2026-09-15
2017-06-08,JPY,110.22,ecb,2026-09-15
2017-06-08,KRW,1123.36,ecb,2026-09-15
2017-06-09,JPY,110.45,ecb,2026-09-15
2017-06-09,KRW,1124.32,ecb,2026-09-15
2017-06-12,JPY,109.88,ecb,2026-09-15
2017-06-12,KRW,1131.96,ecb,2026-09-15
2017-06-13,JPY,110.04,ecb,2026-09-15
2017-06-13,KRW,1128.63,ecb,2026-09-15
2017-06-14,JPY,110.31,ecb,2026-09-15
2017-06-14,KRW,1125.10,ecb,2026-09-15
2017-06-15,JPY,110.11,ecb,2026-09-15
2017-06-15,KRW,1131.17,ecb,2026-09-15
2017-06-16,JPY,111.34,ecb,2026-09-15
2017-06-16,KRW,1133.12,ecb,2026-09-15
2017-06-19,JPY,110.96,ecb,2026-09-15
2017-06-19,KRW,1133.82,ecb,2026-09-15
2017-06-20,JPY,111.38,ecb,2026-09-15
2017-06-20,KRW,1139.97,ecb,2026-09-15
2017-06-21,JPY,111.43,ecb,2026-09-15
2017-06-21,KRW,1142.11,ecb,2026-09-15
2017-06-22,JPY,111.26,ecb,2026-09-15
2017-06-22,KRW,1142.41,ecb,2026-09-15
2017-06-23,JPY,111.30,ecb,2026-09-15
2017-06-23,KRW,1137.71,ecb,2026-09-15
2017-06-26,JPY,111.67,ecb,2026-09-15
2017-06-26,KRW,1136.53,ecb,2026-09-15
2017-06-27,JPY,111.86,ecb,2026-09-15
2017-06-27,KRW,1138.31,ecb,2026-09-15
2017-06-28,JPY,112.11,ecb,2026-09-15
2017-06-28,KRW,1143.39,ecb,2026-09-15
2017-06-29,JPY,112.67,ecb,2026-09-15
2017-06-29,KRW,1142.63,ecb,2026-09-15
2017-06-30,JPY,111.94,ecb,2026-09-15
2017-06-30,KRW,1143.15,ecb,2026-09-15
2017-07-03,JPY,112.99,ecb,2026-09-15
2017-07-03,KRW,1148.66,ecb,2026-09-15
2017-07-04,JPY,113.25,ecb,2026-09-15
2017-07-04,KRW,1151.77,ecb,2026-09-15
2017-07-05,JPY,113.55,ecb,2026-09-15
2017-07-05,KRW,1154.37,ecb,2026-09-15
2017-07-06,JPY,113.32,ecb,2026-09-15
2017-07-06,KRW,1157.17,ecb,2026-09-15
2017-07-07,JPY,113.74,ecb,2026-09-15
2017-07-07,KRW,1155.01,ecb,2026-09-15
2017-07-10,JPY,114.15,ecb,2026-09-15
2017-07-10,KRW,1149.87,ecb,2026-09-15
2017-07-11,JPY,114.30,ecb,2026-09-15
2017-07-11,KRW,1150.59,ecb,2026-09-15
2017-07-12,JPY,113.56,ecb,2026-09-15
2017-07-12,KRW,1145.84,ecb,2026-09-15
2017-07-13,JPY,113.14,ecb,2026-09-15
2017-07-13,KRW,1137.51,ecb,2026-09-15
2017-07-14,JPY,113.10,ecb,2026-09-15
2017-07-14,KRW,1134.56,ecb,2026-09-15
2017-07-17,JPY,112.42,ecb,2026-09-15
2017-07-17,KRW,1127.51,ecb,2026-09-15
2017-07-18,JPY,112.04,ecb,2026-09-15
2017-07-18,KRW,1124.09,ecb,2026-09-15
2017-07-19,JPY,111.88,ecb,2026-09-15
2017-07-19,KRW,1122.23,ecb,2026-09-15
2017-07-20,JPY,112.25,ecb,2026-09-15
2017-07-20,KRW,1124.53,ecb,2026-09-15
2017-07-21,JPY,111.42,ecb,2026-09-15
2017-07-21,KRW,1118.63,ecb,2026-09-15
2017-07-24,JPY,110.83,ecb,2026-09-15
2017-07-24,KRW,1115.32,ecb,2026-09-15
2017-07-25,JPY,111.41,ecb,2026-09-15
2017-07-25,KRW,1116.69,ecb,2026-09-15
2017-07-26,JPY,111.87,ecb,2026-09-15
2017-07-26,KRW,1119.81,ecb,2026-09-15
2017-07-27,JPY,111.44,ecb,2026-09-15
2017-07-27,KRW,1114.57,ecb,2026-09-15
2017-07-28,JPY,111.15,ecb,2026-09-15
2017-07-28,KRW,1123.39,ecb,2026-09-15
2017-07-31,JPY,110.60,ecb,2026-09-15
2017-07-31,KRW,1122.17,ecb,2026-09-15
2017-08-01,JPY,110.51,ecb,2026-09-15
2017-08-01,KRW,1122.16,ecb,2026-09-15
2017-08-02,JPY,110.73,ecb,2026-09-15
2017-08-02,KRW,1123.87,ecb,2026-09-15
2017-08-03,JPY,110.38,ecb,2026-09-15
2017-08-03,KRW,1126.93,ecb,2026-09-15
2017-08-04,JPY,110.10,ecb,2026-09-15
2017-08-04,KRW,1124.13,ecb,2026-09-15
2017-08-07,JPY,110.86,ecb,2026-09-15
2017-08-07,KRW,1129.57,ecb,2026-09-15
2017-08-08,JPY,110.30,ecb,2026-09-15
2017-08-08,KRW,1125.63,ecb,2026-09-15
2017-08-09,JPY,109.74,ecb,2026-09-15
2017-08-09,KRW,1138.68,ecb,2026-09-15
2017-08-10,JPY,109.75,ecb,2026-09-15
2017-08-10,KRW,1143.21,ecb,2026-09-15
2017-08-11,JPY,109.15,ecb,2026-09-15
2017-08-11,KRW,1144.47,ecb,2026-09-15
2017-08-14,JPY,109.59,ecb,2026-09-15
2017-08-14,KRW,1139.65,ecb,2026-09-15
2017-08-15,JPY,110.41,ecb,2026-09-15
2017-08-15,KRW,1137.97,ecb,2026-09-15
2017-08-16,JPY,110.84,ecb,2026-09-15
2017-08-16,KRW,1140.03,ecb,2026-09-15
2017-08-17,JPY,110.12,ecb,2026-09-15
2017-08-17,KRW,1138.71,ecb,2026-09-15
2017-08-18,JPY,109.05,ecb,2026-09-15
2017-08-18,KRW,1141.39,ecb,2026-09-15
2017-08-21,JPY,108.98,ecb,2026-09-15
2017-08-21,KRW,1138.97,ecb,2026-09-15
2017-08-22,JPY,109.36,ecb,2026-09-15
2017-08-22,KRW,1134.26,ecb,2026-09-15
2017-08-23,JPY,109.09,ecb,2026-09-15
2017-08-23,KRW,1131.61,ecb,2026-09-15
2017-08-24,JPY,109.32,ecb,2026-09-15
2017-08-24,KRW,1127.72,ecb,2026-09-15
2017-08-25,JPY,109.75,ecb,2026-09-15
2017-08-25,KRW,1123.86,ecb,2026-09-15
2017-08-28,JPY,109.30,ecb,2026-09-15
2017-08-28,KRW,1119.97,ecb,2026-09-15
2017-08-29,JPY,108.62,ecb,2026-09-15
2017-08-29,KRW,1123.67,ecb,2026-09-15
2017-08-30,JPY,110.15,ecb,2026-09-15
2017-08-30,KRW,1123.16,ecb,2026-09-15
2017-08-31,JPY,110.62,ecb,2026-09-15
2017-08-31,KRW,1125.77,ecb,2026-09-15
2017-09-01,JPY,110.14,ecb,2026-09-15
2017-09-01,KRW,1120.27,ecb,2026-09-15
2017-09-04,JPY,109.70,ecb,2026-09-15
2017-09-04,KRW,1129.84,ecb,2026-09-15
2017-09-05,JPY,109.33,ecb,2026-09-15
2017-09-05,KRW,1130.06,ecb,2026-09-15
2017-09-06,JPY,108.89,ecb,2026-09-15
2017-09-06,KRW,1134.81,ecb,2026-09-15
2017-09-07,JPY,108.88,ecb,2026-09-15
2017-09-07,KRW,1128.45,ecb,2026-09-15
2017-09-08,JPY,107.38,ecb,2026-09-15
2017-09-08,KRW,1130.61,ecb,2026-09-15
2017-09-11,JPY,108.68,ecb,2026-09-15
2017-09-11,KRW,1131.75,ecb,2026-09-15
2017-09-12,JPY,109.72,ecb,2026-09-15
2017-09-12,KRW,1128.01,ecb,2026-09-15
2017-09-13,JPY,110.02,ecb,2026-09-15
2017-09-13,KRW,1126.94,ecb,2026-09-15
2017-09-14,JPY,110.69,ecb,2026-09-15
2017-09-14,KRW,1132.07,ecb,2026-09-15
2017-09-15,JPY,111.11,ecb,2026-09-15
2017-09-15,KRW,1131.01,ecb,2026-09-15
2017-09-18,JPY,111.39,ecb,2026-09-15
2017-09-18,KRW,1127.28,ecb,2026-09-15
2017-09-19,JPY,111.46,ecb,2026-09-15
2017-09-19,KRW,1128.94,ecb,2026-09-15
2017-09-20,JPY,111.29,ecb,2026-09-15
2017-09-20,KRW,1127.21,ecb,2026-09-15
2017-09-21,JPY,112.44,ecb,2026-09-15
2017-09-21,KRW,1133.53,ecb,2026-09-15
2017-09-22,JPY,112.04,ecb,2026-09-15
2017-09-22,KRW,1130.99,ecb,2026-09-15
2017-09-25,JPY,112.24,ecb,2026-09-15
2017-09-25,KRW,1131.99,ecb,2026-09-15
2017-09-26,JPY,111.98,ecb,2026-09-15
2017-09-26,KRW,1138.16,ecb,2026-09-15
2017-09-27,JPY,112.94,ecb,2026-09-15
2017-09-27,KRW,1142.24,ecb,2026-09-15
2017-09-28,JPY,112.55,ecb,2026-09-15
2017-09-28,KRW,1146.33,ecb,2026-09-15
2017-09-29,JPY,112.50,ecb,2026-09-15
2017-09-29,KRW,1145.04,ecb,2026-09-15
2017-10-02,JPY,112.82,ecb,2026-09-15
2017-10-02,KRW,1146.05,ecb,2026-09-15
2017-10-03,JPY,112.97,ecb,2026-09-15
2017-10-03,KRW,1144.34,ecb,2026-09-15
2017-10-04,JPY,112.39,ecb,2026-09-15
2017-10-04,KRW,1139.11,ecb,2026-09-15
2017-10-05,JPY,112.46,ecb,2026-09-15
2017-10-05,KRW,1139.20,ecb,2026-09-15
2017-10-06,JPY,112.95,ecb,2026-09-15
2017-10-06,KRW,1142.15,ecb,2026-09-15
2017-10-09,JPY,112.69,ecb,2026-09-15
2017-10-09,KRW,1143.46,ecb,2026-09-15
2017-10-10,JPY,112.36,ecb,2026-09-15
2017-10-10,KRW,1132.70,ecb,2026-09-15
2017-10-11,JPY,112.19,ecb,2026-09-15
2017-10-11,KRW,1131.95,ecb,2026-09-15
2017-10-12,JPY,112.28,ecb,2026-09-15
2017-10-12,KRW,1131.80,ecb,2026-09-15
2017-10-13,JPY,112.18,ecb,2026-09-15
2017-10-13,KRW,1129.45,ecb,2026-09-15
2017-10-16,JPY,111.83,ecb,2026-09-15
2017-10-16,KRW,1126.91,ecb,2026-09-15
2017-10-17,JPY,112.20,ecb,2026-09-15
2017-10-17,KRW,1129.47,ecb,2026-09-15
2017-10-18,JPY,112.88,ecb,2026-09-15
2017-10-18,KRW,1131.40,ecb,2026-09-15
2017-10-19,JPY,112.54,ecb,2026-09-15
2017-10-19,KRW,1131.62,ecb,2026-09-15
2017-10-20,JPY,113.17,ecb,2026-09-15
2017-10-20,KRW,1130.54,ecb,2026-09-15
2017-10-23,JPY,113.79,ecb,2026-09-15
2017-10-23,KRW,1129.81,ecb,2026-09-15
2017-10-24,JPY,113.89,ecb,2026-09-15
2017-10-24,KRW,1128.99,ecb,2026-09-15
2017-10-25,JPY,114.05,ecb,2026-09-15
2017-10-25,KRW,1124.63,ecb,2026-09-15
2017-10-26,JPY,113.80,ecb,2026-09-15
2017-10-26,KRW,1123.47,ecb,2026-09-15
2017-10-27,JPY,114.19,ecb,2026-09-15
2017-10-27,KRW,1128.30,ecb,2026-09-15
2017-10-30,JPY,113.53,ecb,2026-09-15
2017-10-30,KRW,1124.71,ecb,2026-09-15
2017-10-31,JPY,113.42,ecb,2026-09-15
2017-10-31,KRW,1118.32,ecb,2026-09-15
2017-11-01,JPY,114.19,ecb,2026-09-15
2017-11-01,KRW,1112.22,ecb,2026-09-15
2017-11-02,JPY,114.13,ecb,2026-09-15
2017-11-02,KRW,1112.01,ecb,2026-09-15
2017-11-03,JPY,113.94,ecb,2026-09-15
2017-11-03,KRW,1114.13,ecb,2026-09-15
2017-11-06,JPY,114.14,ecb,2026-09-15
2017-11-06,KRW,1112.04,ecb,2026-09-15
2017-11-07,JPY,114.19,ecb,2026-09-15
2017-11-07,KRW,1111.55,ecb,2026-09-15
2017-11-08,JPY,113.49,ecb,2026-09-15
2017-11-08,KRW,1113.31,ecb,2026-09-15
2017-11-09,JPY,113.28,ecb,2026-09-15
2017-11-09,KRW,1117.72,ecb,2026-09-15
2017-11-10,JPY,113.33,ecb,2026-09-15
2017-11-10,KRW,1119.32,ecb,2026-09-15
2017-11-13,JPY,113.31,ecb,2026-09-15
2017-11-13,KRW,1119.60,ecb,2026-09-15
2017-11-14,JPY,113.49,ecb,2026-09-15
2017-11-14,KRW,1114.91,ecb,2026-09-15
2017-11-15,JPY,112.71,ecb,2026-09-15
2017-11-15,KRW,1103.22,ecb,2026-09-15
2017-11-16,JPY,113.09,ecb,2026-09-15
2017-11-16,KRW,1097.26,ecb,2026-09-15
2017-11-17,JPY,112.61,ecb,2026-09-15
2017-11-17,KRW,1096.30,ecb,2026-09-15
2017-11-20,JPY,112.13,ecb,2026-09-15
2017-11-20,KRW,1095.92,ecb,2026-09-15
2017-11-21,JPY,112.54,ecb,2026-09-15
2017-11-21,KRW,1089.50,ecb,2026-09-15
2017-11-22,JPY,112.02,ecb,2026-09-15
2017-11-22,KRW,1089.60,ecb,2026-09-15
2017-11-23,JPY,111.23,ecb,2026-09-15
2017-11-23,KRW,1084.19,ecb,2026-09-15
2017-11-24,JPY,111.34,ecb,2026-09-15
2017-11-24,KRW,1083.91,ecb,2026-09-15
2017-11-27,JPY,111.02,ecb,2026-09-15
2017-11-27,KRW,1087.23,ecb,2026-09-15
2017-11-28,JPY,111.24,ecb,2026-09-15
2017-11-28,KRW,1080.44,ecb,2026-09-15
2017-11-29,JPY,111.81,ecb,2026-09-15
2017-11-29,KRW,1077.93,ecb,2026-09-15
2017-11-30,JPY,112.31,ecb,2026-09-15
2017-11-30,KRW,1086.39,ecb,2026-09-15
2017-12-01,JPY,112.49,ecb,2026-09-15
2017-12-01,KRW,1083.27,ecb,2026-09-15
2017-12-04,JPY,112.86,ecb,2026-09-15
2017-12-04,KRW,1085.48,ecb,2026-09-15
2017-12-05,JPY,112.58,ecb,2026-09-15
2017-12-05,KRW,1086.23,ecb,2026-09-15
2017-12-06,JPY,112.14,ecb,2026-09-15
2017-12-06,KRW,1092.92,ecb,2026-09-15
2017-12-07,JPY,112.74,ecb,2026-09-15
2017-12-07,KRW,1092.78,ecb,2026-09-15
2017-12-08,JPY,113.49,ecb,2026-09-15
2017-12-08,KRW,1094.64,ecb,2026-09-15
2017-12-11,JPY,113.31,ecb,2026-09-15
2017-12-11,KRW,1089.87,ecb,2026-09-15
2017-12-12,JPY,113.50,ecb,2026-09-15
2017-12-12,KRW,1088.96,ecb,2026-09-15
2017-12-13,JPY,113.32,ecb,2026-09-15
2017-12-13,KRW,1090.72,ecb,2026-09-15
2017-12-14,JPY,112.61,ecb,2026-09-15
2017-12-14,KRW,1088.00,ecb,2026-09-15
2017-12-15,JPY,112.19,ecb,2026-09-15
2017-12-15,KRW,1088.20,ecb,2026-09-15
2017-12-18,JPY,112.47,ecb,2026-09-15
2017-12-18,KRW,1087.10,ecb,2026-09-15
2017-12-19,JPY,112.69,ecb,2026-09-15
2017-12-19,KRW,1083.72,ecb,2026-09-15
2017-12-20,JPY,113.26,ecb,2026-09-15
2017-12-20,KRW,1081.97,ecb,2026-09-15
2017-12-21,JPY,113.49,ecb,2026-09-15
2017-12-21,KRW,1080.88,ecb,2026-09-15
2017-12-22,JPY,113.36,ecb,2026-09-15
2017-12-22,KRW,1076.81,ecb,2026-09-15
2017-12-27,JPY,113.24,ecb,2026-09-15
2017-12-27,KRW,1074.17,ecb,2026-09-15
2017-12-28,JPY,112.90,ecb,2026-09-15
2017-12-28,KRW,1069.52,ecb,2026-09-15
2017-12-29,JPY,112.57,ecb,2026-09-15
2017-12-29,KRW,1066.96,ecb,2026-09-15
2018-01-02,JPY,112.18,ecb,2026-09-15
2018-01-02,KRW,1062.24,ecb,2026-09-15
2018-01-03,JPY,112.26,ecb,2026-09-15
2018-01-03,KRW,1065.78,ecb,2026-09-15
2018-01-04,JPY,112.66,ecb,2026-09-15
2018-01-04,KRW,1063.52,ecb,2026-09-15
2018-01-05,JPY,113.28,ecb,2026-09-15
2018-01-05,KRW,1063.68,ecb,2026-09-15
2018-01-08,JPY,113.04,ecb,2026-09-15
2018-01-08,KRW,1067.29,ecb,2026-09-15
2018-01-09,JPY,112.56,ecb,2026-09-15
2018-01-09,KRW,1068.40,ecb,2026-09-15
2018-01-10,JPY,111.42,ecb,2026-09-15
2018-01-10,KRW,1068.17,ecb,2026-09-15
2018-01-11,JPY,111.67,ecb,2026-09-15
2018-01-11,KRW,1067.10,ecb,2026-09-15
2018-01-12,JPY,111.13,ecb,2026-09-15
2018-01-12,KRW,1062.49,ecb,2026-09-15
2018-01-15,JPY,110.62,ecb,2026-09-15
2018-01-15,KRW,1063.57,ecb,2026-09-15
2018-01-16,JPY,110.71,ecb,2026-09-15
2018-01-16,KRW,1064.92,ecb,2026-09-15
2018-01-17,JPY,110.80,ecb,2026-09-15
2018-01-17,KRW,1068.30,ecb,2026-09-15
2018-01-18,JPY,111.21,ecb,2026-09-15
2018-01-18,KRW,1067.93,ecb,2026-09-15
2018-01-19,JPY,110.60,ecb,2026-09-15
2018-01-19,KRW,1066.44,ecb,2026-09-15
2018-01-22,JPY,110.84,ecb,2026-09-15
2018-01-22,KRW,1070.33,ecb,2026-09-15
2018-01-23,JPY,110.50,ecb,2026-09-15
2018-01-23,KRW,1075.88,ecb,2026-09-15
2018-01-24,JPY,109.40,ecb,2026-09-15
2018-01-24,KRW,1064.87,ecb,2026-09-15
2018-01-25,JPY,108.91,ecb,2026-09-15
2018-01-25,KRW,1059.41,ecb,2026-09-15
2018-01-26,JPY,109.32,ecb,2026-09-15
2018-01-26,KRW,1064.39,ecb,2026-09-15
2018-01-29,JPY,108.85,ecb,2026-09-15
2018-01-29,KRW,1070.15,ecb,2026-09-15
2018-01-30,JPY,108.67,ecb,2026-09-15
2018-01-30,KRW,1070.16,ecb,2026-09-15
2018-01-31,JPY,108.85,ecb,2026-09-15
2018-01-31,KRW,1065.29,ecb,2026-09-15
2018-02-01,JPY,109.66,ecb,2026-09-15
2018-02-01,KRW,1071.08,ecb,2026-09-15
2018-02-02,JPY,109.85,ecb,2026-09-15
2018-02-02,KRW,1084.83,ecb,2026-09-15
2018-02-05,JPY,109.86,ecb,2026-09-15
2018-02-05,KRW,1087.33,ecb,2026-09-15
2018-02-06,JPY,109.47,ecb,2026-09-15
2018-02-06,KRW,1086.78,ecb,2026-09-15
2018-02-07,JPY,109.29,ecb,2026-09-15
2018-02-07,KRW,1082.61,ecb,2026-09-15
2018-02-08,JPY,109.62,ecb,2026-09-15
2018-02-08,KRW,1089.92,ecb,2026-09-15
2018-02-09,JPY,108.85,ecb,2026-09-15
2018-02-09,KRW,1088.72,ecb,2026-09-15
2018-02-12,JPY,108.64,ecb,2026-09-15
2018-02-12,KRW,1083.18,ecb,2026-09-15
2018-02-13,JPY,107.69,ecb,2026-09-15
2018-02-13,KRW,1085.09,ecb,2026-09-15
2018-02-14,JPY,107.22,ecb,2026-09-15
2018-02-14,KRW,1078.06,ecb,2026-09-15
2018-02-15,JPY,106.55,ecb,2026-09-15
2018-02-15,KRW,1065.20,ecb,2026-09-15
2018-02-16,JPY,106.18,ecb,2026-09-15
2018-02-16,KRW,1064.87,ecb,2026-09-15
2018-02-19,JPY,106.56,ecb,2026-09-15
2018-02-19,KRW,1066.86,ecb,2026-09-15
2018-02-20,JPY,107.17,ecb,2026-09-15
2018-02-20,KRW,1072.69,ecb,2026-09-15
2018-02-21,JPY,107.55,ecb,2026-09-15
2018-02-21,KRW,1073.77,ecb,2026-09-15
2018-02-22,JPY,107.10,ecb,2026-09-15
2018-02-22,KRW,1084.44,ecb,2026-09-15
2018-02-23,JPY,106.74,ecb,2026-09-15
2018-02-23,KRW,1076.81,ecb,2026-09-15
2018-02-26,JPY,106.82,ecb,2026-09-15
2018-02-26,KRW,1071.56,ecb,2026-09-15
2018-02-27,JPY,107.12,ecb,2026-09-15
2018-02-27,KRW,1071.87,ecb,2026-09-15
2018-02-28,JPY,107.02,ecb,2026-09-15
2018-02-28,KRW,1080.93,ecb,2026-09-15
2018-03-01,JPY,106.79,ecb,2026-09-15
2018-03-01,KRW,1087.41,ecb,2026-09-15
2018-03-02,JPY,105.40,ecb,2026-09-15
2018-03-02,KRW,1084.18,ecb,2026-09-15
2018-03-05,JPY,105.65,ecb,2026-09-15
2018-03-05,KRW,1079.62,ecb,2026-09-15
2018-03-06,JPY,106.23,ecb,2026-09-15
2018-03-06,KRW,1061.09,ecb,2026-09-15
2018-03-07,JPY,105.83,ecb,2026-09-15
2018-03-07,KRW,1069.27,ecb,2026-09-15
2018-03-08,JPY,106.13,ecb,2026-09-15
2018-03-08,KRW,1071.84,ecb,2026-09-15
2018-03-09,JPY,106.83,ecb,2026-09-15
2018-03-09,KRW,1070.30,ecb,2026-09-15
2018-03-12,JPY,106.52,ecb,2026-09-15
2018-03-12,KRW,1066.62,ecb,2026-09-15
2018-03-13,JPY,106.89,ecb,2026-09-15
2018-03-13,KRW,1063.86,ecb,2026-09-15
2018-03-14,JPY,106.53,ecb,2026-09-15
2018-03-14,KRW,1062.31,ecb,2026-09-15
2018-03-15,JPY,106.07,ecb,2026-09-15
2018-03-15,KRW,1065.24,ecb,2026-09-15
2018-03-16,JPY,105.85,ecb,2026-09-15
2018-03-16,KRW,1067.74,ecb,2026-09-15
2018-03-19,JPY,106.14,ecb,2026-09-15
2018-03-19,KRW,1073.33,ecb,2026-09-15
2018-03-20,JPY,106.48,ecb,2026-09-15
2018-03-20,KRW,1071.14,ecb,2026-09-15
2018-03-21,JPY,106.22,ecb,2026-09-15
2018-03-21,KRW,1072.13,ecb,2026-09-15
2018-03-22,JPY,105.35,ecb,2026-09-15
2018-03-22,KRW,1080.32,ecb,2026-09-15
2018-03-23,JPY,105.09,ecb,2026-09-15
2018-03-23,KRW,1077.51,ecb,2026-09-15
2018-03-26,JPY,105.12,ecb,2026-09-15
2018-03-26,KRW,1077.26,ecb,2026-09-15
2018-03-27,JPY,105.88,ecb,2026-09-15
2018-03-27,KRW,1073.74,ecb,2026-09-15
2018-03-28,JPY,106.15,ecb,2026-09-15
2018-03-28,KRW,1065.87,ecb,2026-09-15
2018-03-29,JPY,106.44,ecb,2026-09-15
2018-03-29,KRW,1063.95,ecb,2026-09-15
2018-04-03,JPY,106.24,ecb,2026-09-15
2018-04-03,KRW,1054.49,ecb,2026-09-15
2018-04-04,JPY,106.25,ecb,2026-09-15
2018-04-04,KRW,1064.23,ecb,2026-09-15
2018-04-05,JPY,107.06,ecb,2026-09-15
2018-04-05,KRW,1059.88,ecb,2026-09-15
2018-04-06,JPY,107.34,ecb,2026-09-15
2018-04-06,KRW,1071.56,ecb,2026-09-15
2018-04-09,JPY,107.01,ecb,2026-09-15
2018-04-09,KRW,1070.13,ecb,2026-09-15
2018-04-10,JPY,107.01,ecb,2026-09-15
2018-04-10,KRW,1067.47,ecb,2026-09-15
2018-04-11,JPY,106.80,ecb,2026-09-15
2018-04-11,KRW,1069.61,ecb,2026-09-15
2018-04-12,JPY,107.15,ecb,2026-09-15
2018-04-12,KRW,1071.05,ecb,2026-09-15
2018-04-13,JPY,107.69,ecb,2026-09-15
2018-04-13,KRW,1068.65,ecb,2026-09-15
2018-04-16,JPY,107.33,ecb,2026-09-15
2018-04-16,KRW,1073.83,ecb,2026-09-15
2018-04-17,JPY,107.11,ecb,2026-09-15
2018-04-17,KRW,1068.71,ecb,2026-09-15
2018-04-18,JPY,107.22,ecb,2026-09-15
2018-04-18,KRW,1065.19,ecb,2026-09-15
2018-04-19,JPY,107.32,ecb,2026-09-15
2018-04-19,KRW,1061.52,ecb,2026-09-15
2018-04-20,JPY,107.57,ecb,2026-09-15
2018-04-20,KRW,1069.35,ecb,2026-09-15
2018-04-23,JPY,108.17,ecb,2026-09-15
2018-04-23,KRW,1077.24,ecb,2026-09-15
2018-04-24,JPY,108.83,ecb,2026-09-15
2018-04-24,KRW,1076.44,ecb,2026-09-15
2018-04-25,JPY,109.18,ecb,2026-09-15
2018-04-25,KRW,1083.80,ecb,2026-09-15
2018-04-26,JPY,109.20,ecb,2026-09-15
2018-04-26,KRW,1077.05,ecb,2026-09-15
2018-04-27,JPY,109.32,ecb,2026-09-15
2018-04-27,KRW,1070.27,ecb,2026-09-15
2018-04-30,JPY,109.38,ecb,2026-09-15
2018-04-30,KRW,1069.66,ecb,2026-09-15
2018-05-02,JPY,109.80,ecb,2026-09-15
2018-05-02,KRW,1075.66,ecb,2026-09-15
2018-05-03,JPY,109.26,ecb,2026-09-15
2018-05-03,KRW,1074.85,ecb,2026-09-15
2018-05-04,JPY,108.92,ecb,2026-09-15
2018-05-04,KRW,1076.38,ecb,2026-09-15
2018-05-07,JPY,109.35,ecb,2026-09-15
2018-05-07,KRW,1082.25,ecb,2026-09-15
2018-05-08,JPY,109.06,ecb,2026-09-15
2018-05-08,KRW,1077.42,ecb,2026-09-15
2018-05-09,JPY,109.64,ecb,2026-09-15
2018-05-09,KRW,1077.15,ecb,2026-09-15
2018-05-10,JPY,109.63,ecb,2026-09-15
2018-05-10,KRW,1069.83,ecb,2026-09-15
2018-05-11,JPY,109.30,ecb,2026-09-15
2018-05-11,KRW,1066.76,ecb,2026-09-15
2018-05-14,JPY,109.50,ecb,2026-09-15
2018-05-14,KRW,1068.35,ecb,2026-09-15
2018-05-15,JPY,110.05,ecb,2026-09-15
2018-05-15,KRW,1076.43,ecb,2026-09-15
2018-05-16,JPY,110.17,ecb,2026-09-15
2018-05-16,KRW,1081.55,ecb,2026-09-15
2018-05-17,JPY,110.68,ecb,2026-09-15
2018-05-17,KRW,1080.56,ecb,2026-09-15
2018-05-18,JPY,110.93,ecb,2026-09-15
2018-05-18,KRW,1080.87,ecb,2026-09-15
2018-05-21,JPY,111.27,ecb,2026-09-15
2018-05-21,KRW,1084.16,ecb,2026-09-15
2018-05-22,JPY,110.82,ecb,2026-09-15
2018-05-22,KRW,1075.06,ecb,2026-09-15
2018-05-23,JPY,109.85,ecb,2026-09-15
2018-05-23,KRW,1081.95,ecb,2026-09-15
2018-05-24,JPY,109.53,ecb,2026-09-15
2018-05-24,KRW,1078.42,ecb,2026-09-15
2018-05-25,JPY,109.40,ecb,2026-09-15
2018-05-25,KRW,1078.84,ecb,2026-09-15
2018-05-28,JPY,109.35,ecb,2026-09-15
2018-05-28,KRW,1074.23,ecb,2026-09-15
2018-05-29,JPY,108.91,ecb,2026-09-15
2018-05-29,KRW,1080.21,ecb,2026-09-15
2018-05-30,JPY,108.98,ecb,2026-09-15
2018-05-30,KRW,1079.27,ecb,2026-09-15
2018-05-31,JPY,108.84,ecb,2026-09-15
2018-05-31,KRW,1078.08,ecb,2026-09-15
2018-06-01,JPY,109.47,ecb,2026-09-15
2018-06-01,KRW,1074.79,ecb,2026-09-15
2018-06-04,JPY,109.43,ecb,2026-09-15
2018-06-04,KRW,1069.17,ecb,2026-09-15
2018-06-05,JPY,109.70,ecb,2026-09-15
2018-06-05,KRW,1070.95,ecb,2026-09-15
2018-06-06,JPY,110.13,ecb,2026-09-15
2018-06-06,KRW,1067.11,ecb,2026-09-15
2018-06-07,JPY,110.05,ecb,2026-09-15
2018-06-07,KRW,1069.97,ecb,2026-09-15
2018-06-08,JPY,109.44,ecb,2026-09-15
2018-06-08,KRW,1074.92,ecb,2026-09-15
2018-06-11,JPY,109.94,ecb,2026-09-15
2018-06-11,KRW,1075.62,ecb,2026-09-15
2018-06-12,JPY,110.31,ecb,2026-09-15
2018-06-12,KRW,1079.18,ecb,2026-09-15
2018-06-13,JPY,110.53,ecb,2026-09-15
2018-06-13,KRW,1084.56,ecb,2026-09-15
2018-06-14,JPY,110.10,ecb,2026-09-15
2018-06-14,KRW,1082.30,ecb,2026-09-15
2018-06-15,JPY,110.65,ecb,2026-09-15
2018-06-15,KRW,1097.73,ecb,2026-09-15
2018-06-18,JPY,110.45,ecb,2026-09-15
2018-06-18,KRW,1104.42,ecb,2026-09-15
2018-06-19,JPY,109.92,ecb,2026-09-15
2018-06-19,KRW,1116.62,ecb,2026-09-15
2018-06-20,JPY,110.03,ecb,2026-09-15
2018-06-20,KRW,1107.26,ecb,2026-09-15
2018-06-21,JPY,110.58,ecb,2026-09-15
2018-06-21,KRW,1110.06,ecb,2026-09-15
2018-06-22,JPY,110.15,ecb,2026-09-15
2018-06-22,KRW,1110.71,ecb,2026-09-15
2018-06-25,JPY,109.58,ecb,2026-09-15
2018-06-25,KRW,1114.49,ecb,2026-09-15
2018-06-26,JPY,109.62,ecb,2026-09-15
2018-06-26,KRW,1119.19,ecb,2026-09-15
2018-06-27,JPY,110.26,ecb,2026-09-15
2018-06-27,KRW,1118.18,ecb,2026-09-15
2018-06-28,JPY,110.19,ecb,2026-09-15
2018-06-28,KRW,1122.57,ecb,2026-09-15
2018-06-29,JPY,110.69,ecb,2026-09-15
2018-06-29,KRW,1112.30,ecb,2026-09-15
2018-07-02,JPY,110.71,ecb,2026-09-15
2018-07-02,KRW,1120.26,ecb,2026-09-15
2018-07-03,JPY,110.66,ecb,2026-09-15
2018-07-03,KRW,1112.79,ecb,2026-09-15
2018-07-04,JPY,110.50,ecb,2026-09-15
2018-07-04,KRW,1117.68,ecb,2026-09-15
2018-07-05,JPY,110.62,ecb,2026-09-15
2018-07-05,KRW,1118.01,ecb,2026-09-15
2018-07-06,JPY,110.59,ecb,2026-09-15
2018-07-06,KRW,1118.15,ecb,2026-09-15
2018-07-09,JPY,110.45,ecb,2026-09-15
2018-07-09,KRW,1111.10,ecb,2026-09-15
2018-07-10,JPY,111.24,ecb,2026-09-15
2018-07-10,KRW,1117.25,ecb,2026-09-15
2018-07-11,JPY,111.23,ecb,2026-09-15
2018-07-11,KRW,1123.71,ecb,2026-09-15
2018-07-12,JPY,112.48,ecb,2026-09-15
2018-07-12,KRW,1125.85,ecb,2026-09-15
2018-07-13,JPY,112.55,ecb,2026-09-15
2018-07-13,KRW,1133.47,ecb,2026-09-15
2018-07-16,JPY,112.33,ecb,2026-09-15
2018-07-16,KRW,1127.07,ecb,2026-09-15
2018-07-17,JPY,112.59,ecb,2026-09-15
2018-07-17,KRW,1127.30,ecb,2026-09-15
2018-07-18,JPY,112.76,ecb,2026-09-15
2018-07-18,KRW,1134.22,ecb,2026-09-15
2018-07-19,JPY,113.03,ecb,2026-09-15
2018-07-19,KRW,1139.70,ecb,2026-09-15
2018-07-20,JPY,112.20,ecb,2026-09-15
2018-07-20,KRW,1133.43,ecb,2026-09-15
2018-07-23,JPY,111.11,ecb,2026-09-15
2018-07-23,KRW,1134.30,ecb,2026-09-15
2018-07-24,JPY,111.11,ecb,2026-09-15
2018-07-24,KRW,1128.35,ecb,2026-09-15
2018-07-25,JPY,111.04,ecb,2026-09-15
2018-07-25,KRW,1122.73,ecb,2026-09-15
2018-07-26,JPY,110.88,ecb,2026-09-15
2018-07-26,KRW,1119.68,ecb,2026-09-15
2018-07-27,JPY,111.18,ecb,2026-09-15
2018-07-27,KRW,1118.43,ecb,2026-09-15
2018-07-30,JPY,111.08,ecb,2026-09-15
2018-07-30,KRW,1117.76,ecb,2026-09-15
2018-07-31,JPY,111.49,ecb,2026-09-15
2018-07-31,KRW,1118.60,ecb,2026-09-15
2018-08-01,JPY,111.84,ecb,2026-09-15
2018-08-01,KRW,1117.82,ecb,2026-09-15
2018-08-02,JPY,111.41,ecb,2026-09-15
2018-08-02,KRW,1130.00,ecb,2026-09-15
2018-08-03,JPY,111.58,ecb,2026-09-15
2018-08-03,KRW,1124.54,ecb,2026-09-15
2018-08-06,JPY,111.48,ecb,2026-09-15
2018-08-06,KRW,1125.59,ecb,2026-09-15
2018-08-07,JPY,111.08,ecb,2026-09-15
2018-08-07,KRW,1119.95,ecb,2026-09-15
2018-08-08,JPY,111.07,ecb,2026-09-15
2018-08-08,KRW,1120.53,ecb,2026-09-15
2018-08-09,JPY,111.14,ecb,2026-09-15
2018-08-09,KRW,1119.67,ecb,2026-09-15
2018-08-10,JPY,110.92,ecb,2026-09-15
2018-08-10,KRW,1129.14,ecb,2026-09-15
2018-08-13,JPY,110.59,ecb,2026-09-15
2018-08-13,KRW,1135.20,ecb,2026-09-15
2018-08-14,JPY,110.84,ecb,2026-09-15
2018-08-14,KRW,1128.00,ecb,2026-09-15
2018-08-15,JPY,111.01,ecb,2026-09-15
2018-08-15,KRW,1135.49,ecb,2026-09-15
2018-08-16,JPY,110.84,ecb,2026-09-15
2018-08-16,KRW,1129.78,ecb,2026-09-15
2018-08-17,JPY,110.39,ecb,2026-09-15
2018-08-17,KRW,1125.78,ecb,2026-09-15
2018-08-20,JPY,110.55,ecb,2026-09-15
2018-08-20,KRW,1122.32,ecb,2026-09-15
2018-08-21,JPY,110.42,ecb,2026-09-15
2018-08-21,KRW,1119.62,ecb,2026-09-15
2018-08-22,JPY,110.26,ecb,2026-09-15
2018-08-22,KRW,1118.24,ecb,2026-09-15
2018-08-23,JPY,110.81,ecb,2026-09-15
2018-08-23,KRW,1122.51,ecb,2026-09-15
2018-08-24,JPY,111.30,ecb,2026-09-15
2018-08-24,KRW,1115.30,ecb,2026-09-15
2018-08-27,JPY,111.03,ecb,2026-09-15
2018-08-27,KRW,1112.71,ecb,2026-09-15
2018-08-28,JPY,111.04,ecb,2026-09-15
2018-08-28,KRW,1105.61,ecb,2026-09-15
2018-08-29,JPY,111.26,ecb,2026-09-15
2018-08-29,KRW,1114.30,ecb,2026-09-15
2018-08-30,JPY,111.46,ecb,2026-09-15
2018-08-30,KRW,1109.76,ecb,2026-09-15
2018-08-31,JPY,110.76,ecb,2026-09-15
2018-08-31,KRW,1117.42,ecb,2026-09-15
2018-09-03,JPY,111.15,ecb,2026-09-15
2018-09-03,KRW,1112.10,ecb,2026-09-15
2018-09-04,JPY,111.23,ecb,2026-09-15
2018-09-04,KRW,1117.57,ecb,2026-09-15
2018-09-05,JPY,111.53,ecb,2026-09-15
2018-09-05,KRW,1122.22,ecb,2026-09-15
2018-09-06,JPY,111.35,ecb,2026-09-15
2018-09-06,KRW,1121.51,ecb,2026-09-15
2018-09-07,JPY,110.84,ecb,2026-09-15
2018-09-07,KRW,1122.75,ecb,2026-09-15
2018-09-10,JPY,111.09,ecb,2026-09-15
2018-09-10,KRW,1129.11,ecb,2026-09-15
2018-09-11,JPY,111.30,ecb,2026-09-15
2018-09-11,KRW,1128.51,ecb,2026-09-15
2018-09-12,JPY,111.46,ecb,2026-09-15
2018-09-12,KRW,1128.50,ecb,2026-09-15
2018-09-13,JPY,111.60,ecb,2026-09-15
2018-09-13,KRW,1121.24,ecb,2026-09-15
2018-09-14,JPY,111.86,ecb,2026-09-15
2018-09-14,KRW,1118.94,ecb,2026-09-15
2018-09-17,JPY,112.06,ecb,2026-09-15
2018-09-17,KRW,1124.97,ecb,2026-09-15
2018-09-18,JPY,112.17,ecb,2026-09-15
2018-09-18,KRW,1124.31,ecb,2026-09-15
2018-09-19,JPY,112.23,ecb,2026-09-15
2018-09-19,KRW,1121.76,ecb,2026-09-15
2018-09-20,JPY,112.14,ecb,2026-09-15
2018-09-20,KRW,1118.72,ecb,2026-09-15
2018-09-21,JPY,112.63,ecb,2026-09-15
2018-09-21,KRW,1116.10,ecb,2026-09-15
2018-09-24,JPY,112.60,ecb,2026-09-15
2018-09-24,KRW,1117.06,ecb,2026-09-15
2018-09-25,JPY,112.75,ecb,2026-09-15
2018-09-25,KRW,1118.24,ecb,2026-09-15
2018-09-26,JPY,112.98,ecb,2026-09-15
2018-09-26,KRW,1115.44,ecb,2026-09-15
2018-09-27,JPY,112.88,ecb,2026-09-15
2018-09-27,KRW,1112.00,ecb,2026-09-15
2018-09-28,JPY,113.36,ecb,2026-09-15
2018-09-28,KRW,1110.70,ecb,2026-09-15
2018-10-01,JPY,113.95,ecb,2026-09-15
2018-10-01,KRW,1111.63,ecb,2026-09-15
2018-10-02,JPY,113.89,ecb,2026-09-15
2018-10-02,KRW,1118.01,ecb,2026-09-15
2018-10-03,JPY,113.85,ecb,2026-09-15
2018-10-03,KRW,1119.93,ecb,2026-09-15
2018-10-04,JPY,114.16,ecb,2026-09-15
2018-10-04,KRW,1128.73,ecb,2026-09-15
2018-10-05,JPY,113.88,ecb,2026-09-15
2018-10-05,KRW,1128.32,ecb,2026-09-15
2018-10-08,JPY,113.36,ecb,2026-09-15
2018-10-08,KRW,1136.76,ecb,2026-09-15
2018-10-09,JPY,113.21,ecb,2026-09-15
2018-10-09,KRW,1137.75,ecb,2026-09-15
2018-10-10,JPY,113.24,ecb,2026-09-15
2018-10-10,KRW,1137.17,ecb,2026-09-15
2018-10-11,JPY,112.31,ecb,2026-09-15
2018-10-11,KRW,1140.99,ecb,2026-09-15
2018-10-12,JPY,112.31,ecb,2026-09-15
2018-10-12,KRW,1131.17,ecb,2026-09-15
2018-10-15,JPY,111.85,ecb,2026-09-15
2018-10-15,KRW,1129.10,ecb,2026-09-15
2018-10-16,JPY,112.13,ecb,2026-09-15
2018-10-16,KRW,1123.60,ecb,2026-09-15
2018-10-17,JPY,112.25,ecb,2026-09-15
2018-10-17,KRW,1127.04,ecb,2026-09-15
2018-10-18,JPY,112.51,ecb,2026-09-15
2018-10-18,KRW,1135.64,ecb,2026-09-15
2018-10-19,JPY,112.51,ecb,2026-09-15
2018-10-19,KRW,1130,ecb,2026-09-15
2018-10-22,JPY,112.78,ecb,2026-09-15
2018-10-22,KRW,1131.68,ecb,2026-09-15
2018-10-23,JPY,112.18,ecb,2026-09-15
2018-10-23,KRW,1137.66,ecb,2026-09-15
2018-10-24,JPY,112.71,ecb,2026-09-15
2018-10-24,KRW,1133.68,ecb,2026-09-15
2018-10-25,JPY,112.36,ecb,2026-09-15
2018-10-25,KRW,1135.60,ecb,2026-09-15
2018-10-26,JPY,112.06,ecb,2026-09-15
2018-10-26,KRW,1144.26,ecb,2026-09-15
2018-10-29,JPY,112.40,ecb,2026-09-15
2018-10-29,KRW,1139.93,ecb,2026-09-15
2018-10-30,JPY,112.80,ecb,2026-09-15
2018-10-30,KRW,1139.56,ecb,2026-09-15
2018-10-31,JPY,113.23,ecb,2026-09-15
2018-10-31,KRW,1140.75,ecb,2026-09-15
2018-11-01,JPY,112.81,ecb,2026-09-15
2018-11-01,KRW,1128.50,ecb,2026-09-15
2018-11-02,JPY,112.89,ecb,2026-09-15
2018-11-02,KRW,1117.85,ecb,2026-09-15
2018-11-05,JPY,113.29,ecb,2026-09-15
2018-11-05,KRW,1124.60,ecb,2026-09-15
2018-11-06,JPY,113.15,ecb,2026-09-15
2018-11-06,KRW,1120.84,ecb,2026-09-15
2018-11-07,JPY,113.19,ecb,2026-09-15
2018-11-07,KRW,1119.74,ecb,2026-09-15
2018-11-08,JPY,113.71,ecb,2026-09-15
2018-11-08,KRW,1116.84,ecb,2026-09-15
2018-11-09,JPY,113.93,ecb,2026-09-15
2018-11-09,KRW,1127.07,ecb,2026-09-15
2018-11-12,JPY,113.80,ecb,2026-09-15
2018-11-12,KRW,1136.37,ecb,2026-09-15
2018-11-13,JPY,113.95,ecb,2026-09-15
2018-11-13,KRW,1134.19,ecb,2026-09-15
2018-11-14,JPY,113.88,ecb,2026-09-15
2018-11-14,KRW,1132.15,ecb,2026-09-15
2018-11-15,JPY,113.37,ecb,2026-09-15
2018-11-15,KRW,1130.46,ecb,2026-09-15
2018-11-16,JPY,113.14,ecb,2026-09-15
2018-11-16,KRW,1131.50,ecb,2026-09-15
2018-11-19,JPY,112.79,ecb,2026-09-15
2018-11-19,KRW,1126.83,ecb,2026-09-15
2018-11-20,JPY,112.37,ecb,2026-09-15
2018-11-20,KRW,1127.71,ecb,2026-09-15
2018-11-21,JPY,113.10,ecb,2026-09-15
2018-11-21,KRW,1128.11,ecb,2026-09-15
2018-11-22,JPY,112.95,ecb,2026-09-15
2018-11-22,KRW,1129.10,ecb,2026-09-15
2018-11-23,JPY,112.82,ecb,2026-09-15
2018-11-23,KRW,1132.09,ecb,2026-09-15
2018-11-26,JPY,113.26,ecb,2026-09-15
2018-11-26,KRW,1128.10,ecb,2026-09-15
2018-11-27,JPY,113.58,ecb,2026-09-15
2018-11-27,KRW,1129.21,ecb,2026-09-15
2018-11-28,JPY,113.85,ecb,2026-09-15
2018-11-28,KRW,1128.26,ecb,2026-09-15
2018-11-29,JPY,113.28,ecb,2026-09-15
2018-11-29,KRW,1120.20,ecb,2026-09-15
2018-11-30,JPY,113.56,ecb,2026-09-15
2018-11-30,KRW,1121.61,ecb,2026-09-15
2018-12-03,JPY,113.57,ecb,2026-09-15
2018-12-03,KRW,1112.28,ecb,2026-09-15
2018-12-04,JPY,112.79,ecb,2026-09-15
2018-12-04,KRW,1105.30,ecb,2026-09-15
2018-12-05,JPY,113.01,ecb,2026-09-15
2018-12-05,KRW,1113.61,ecb,2026-09-15
2018-12-06,JPY,112.80,ecb,2026-09-15
2018-12-06,KRW,1121.51,ecb,2026-09-15
2018-12-07,JPY,112.88,ecb,2026-09-15
2018-12-07,KRW,1124.50,ecb,2026-09-15
2018-12-10,JPY,112.73,ecb,2026-09-15
2018-12-10,KRW,1126.84,ecb,2026-09-15
2018-12-11,JPY,113.15,ecb,2026-09-15
2018-12-11,KRW,1128.54,ecb,2026-09-15
2018-12-12,JPY,113.41,ecb,2026-09-15
2018-12-12,KRW,1128.70,ecb,2026-09-15
2018-12-13,JPY,113.50,ecb,2026-09-15
2018-12-13,KRW,1124.40,ecb,2026-09-15
2018-12-14,JPY,113.54,ecb,2026-09-15
2018-12-14,KRW,1134.40,ecb,2026-09-15
2018-12-17,JPY,113.25,ecb,2026-09-15
2018-12-17,KRW,1130.60,ecb,2026-09-15
2018-12-18,JPY,112.38,ecb,2026-09-15
2018-12-18,KRW,1128.90,ecb,2026-09-15
2018-12-19,JPY,112.33,ecb,2026-09-15
2018-12-19,KRW,1126.00,ecb,2026-09-15
2018-12-20,JPY,111.73,ecb,2026-09-15
2018-12-20,KRW,1121.90,ecb,2026-09-15
2018-12-21,JPY,111.25,ecb,2026-09-15
2018-12-21,KRW,1123.80,ecb,2026-09-15
2018-12-24,JPY,110.86,ecb,2026-09-15
2018-12-24,KRW,1125.18,ecb,2026-09-15
2018-12-27,JPY,110.87,ecb,2026-09-15
2018-12-27,KRW,1122.30,ecb,2026-09-15
2018-12-28,JPY,110.35,ecb,2026-09-15
2018-12-28,KRW,1116.95,ecb,2026-09-15
2018-12-31,JPY,109.91,ecb,2026-09-15
2018-12-31,KRW,1116.10,ecb,2026-09-15
2019-01-02,JPY,109.05,ecb,2026-09-15
2019-01-02,KRW,1121.80,ecb,2026-09-15
2019-01-03,JPY,107.69,ecb,2026-09-15
2019-01-03,KRW,1127.22,ecb,2026-09-15
2019-01-04,JPY,108.04,ecb,2026-09-15
2019-01-04,KRW,1121.75,ecb,2026-09-15
2019-01-07,JPY,108.26,ecb,2026-09-15
2019-01-07,KRW,1119.40,ecb,2026-09-15
2019-01-08,JPY,108.79,ecb,2026-09-15
2019-01-08,KRW,1126.42,ecb,2026-09-15
2019-01-09,JPY,108.86,ecb,2026-09-15
2019-01-09,KRW,1121.05,ecb,2026-09-15
2019-01-10,JPY,108.11,ecb,2026-09-15
2019-01-10,KRW,1117.50,ecb,2026-09-15
2019-01-11,JPY,108.31,ecb,2026-09-15
2019-01-11,KRW,1117.80,ecb,2026-09-15
2019-01-14,JPY,108.08,ecb,2026-09-15
2019-01-14,KRW,1123.07,ecb,2026-09-15
2019-01-15,JPY,108.56,ecb,2026-09-15
2019-01-15,KRW,1123.30,ecb,2026-09-15
2019-01-16,JPY,108.80,ecb,2026-09-15
2019-01-16,KRW,1122.45,ecb,2026-09-15
2019-01-17,JPY,108.77,ecb,2026-09-15
2019-01-17,KRW,1123.80,ecb,2026-09-15
2019-01-18,JPY,109.44,ecb,2026-09-15
2019-01-18,KRW,1121.50,ecb,2026-09-15
2019-01-21,JPY,109.66,ecb,2026-09-15
2019-01-21,KRW,1131.30,ecb,2026-09-15
2019-01-22,JPY,109.43,ecb,2026-09-15
2019-01-22,KRW,1131.56,ecb,2026-09-15
2019-01-23,JPY,109.70,ecb,2026-09-15
2019-01-23,KRW,1127.83,ecb,2026-09-15
2019-01-24,JPY,109.72,ecb,2026-09-15
2019-01-24,KRW,1129.69,ecb,2026-09-15
2019-01-25,JPY,109.92,ecb,2026-09-15
2019-01-25,KRW,1120.10,ecb,2026-09-15
2019-01-28,JPY,109.42,ecb,2026-09-15
2019-01-28,KRW,1118.60,ecb,2026-09-15
2019-01-29,JPY,109.46,ecb,2026-09-15
2019-01-29,KRW,1118.30,ecb,2026-09-15
2019-01-30,JPY,109.44,ecb,2026-09-15
2019-01-30,KRW,1118.19,ecb,2026-09-15
2019-01-31,JPY,108.64,ecb,2026-09-15
2019-01-31,KRW,1112.10,ecb,2026-09-15
2019-02-01,JPY,108.89,ecb,2026-09-15
2019-02-01,KRW,1117.02,ecb,2026-09-15
2019-02-04,JPY,109.89,ecb,2026-09-15
2019-02-04,KRW,1120.60,ecb,2026-09-15
2019-02-05,JPY,109.94,ecb,2026-09-15
2019-02-05,KRW,1117.70,ecb,2026-09-15
2019-02-06,JPY,109.75,ecb,2026-09-15
2019-02-06,KRW,1120.84,ecb,2026-09-15
2019-02-07,JPY,109.66,ecb,2026-09-15
2019-02-07,KRW,1125.00,ecb,2026-09-15
2019-02-08,JPY,109.79,ecb,2026-09-15
2019-02-08,KRW,1122.83,ecb,2026-09-15
2019-02-11,JPY,110.20,ecb,2026-09-15
2019-02-11,KRW,1125.30,ecb,2026-09-15
2019-02-12,JPY,110.39,ecb,2026-09-15
2019-02-12,KRW,1123.61,ecb,2026-09-15
2019-02-13,JPY,110.74,ecb,2026-09-15
2019-02-13,KRW,1123.40,ecb,2026-09-15
2019-02-14,JPY,111.04,ecb,2026-09-15
2019-02-14,KRW,1127.43,ecb,2026-09-15
2019-02-15,JPY,110.52,ecb,2026-09-15
2019-02-15,KRW,1127.28,ecb,2026-09-15
2019-02-18,JPY,110.55,ecb,2026-09-15
2019-02-18,KRW,1125.80,ecb,2026-09-15
2019-02-19,JPY,110.76,ecb,2026-09-15
2019-02-19,KRW,1127.59,ecb,2026-09-15
2019-02-20,JPY,110.75,ecb,2026-09-15
2019-02-20,KRW,1122.79,ecb,2026-09-15
2019-02-21,JPY,110.71,ecb,2026-09-15
2019-02-21,KRW,1125.25,ecb,2026-09-15
2019-02-22,JPY,110.87,ecb,2026-09-15
2019-02-22,KRW,1124.24,ecb,2026-09-15
2019-02-25,JPY,110.74,ecb,2026-09-15
2019-02-25,KRW,1117.74,ecb,2026-09-15
2019-02-26,JPY,110.84,ecb,2026-09-15
2019-02-26,KRW,1117.86,ecb,2026-09-15
2019-02-27,JPY,110.57,ecb,2026-09-15
2019-02-27,KRW,1118.45,ecb,2026-09-15
2019-02-28,JPY,110.76,ecb,2026-09-15
2019-02-28,KRW,1122.17,ecb,2026-09-15
2019-03-01,JPY,111.88,ecb,2026-09-15
2019-03-01,KRW,1126.35,ecb,2026-09-15
2019-03-04,JPY,111.94,ecb,2026-09-15
2019-03-04,KRW,1126.12,ecb,2026-09-15
2019-03-05,JPY,111.93,ecb,2026-09-15
2019-03-05,KRW,1126.85,ecb,2026-09-15
2019-03-06,JPY,111.81,ecb,2026-09-15
2019-03-06,KRW,1127.86,ecb,2026-09-15
2019-03-07,JPY,111.76,ecb,2026-09-15
2019-03-07,KRW,1129.58,ecb,2026-09-15
2019-03-08,JPY,111.14,ecb,2026-09-15
2019-03-08,KRW,1136.70,ecb,2026-09-15
2019-03-11,JPY,111.09,ecb,2026-09-15
2019-03-11,KRW,1134.19,ecb,2026-09-15
2019-03-12,JPY,111.10,ecb,2026-09-15
2019-03-12,KRW,1129.83,ecb,2026-09-15
2019-03-13,JPY,111.38,ecb,2026-09-15
2019-03-13,KRW,1131.66,ecb,2026-09-15
2019-03-14,JPY,111.63,ecb,2026-09-15
2019-03-14,KRW,1136.45,ecb,2026-09-15
2019-03-15,JPY,111.57,ecb,2026-09-15
2019-03-15,KRW,1136.05,ecb,2026-09-15
2019-03-18,JPY,111.50,ecb,2026-09-15
2019-03-18,KRW,1131.96,ecb,2026-09-15
2019-03-19,JPY,111.45,ecb,2026-09-15
2019-03-19,KRW,1129.73,ecb,2026-09-15
2019-03-20,JPY,111.53,ecb,2026-09-15
2019-03-20,KRW,1129.08,ecb,2026-09-15
2019-03-21,JPY,110.58,ecb,2026-09-15
2019-03-21,KRW,1128.80,ecb,2026-09-15
2019-03-22,JPY,110.25,ecb,2026-09-15
2019-03-22,KRW,1135.03,ecb,2026-09-15
2019-03-25,JPY,110.07,ecb,2026-09-15
2019-03-25,KRW,1132.95,ecb,2026-09-15
2019-03-26,JPY,110.46,ecb,2026-09-15
2019-03-26,KRW,1134.45,ecb,2026-09-15
2019-03-27,JPY,110.49,ecb,2026-09-15
2019-03-27,KRW,1137.55,ecb,2026-09-15
2019-03-28,JPY,110.68,ecb,2026-09-15
2019-03-28,KRW,1139.16,ecb,2026-09-15
2019-03-29,JPY,110.77,ecb,2026-09-15
2019-03-29,KRW,1136.15,ecb,2026-09-15
2019-04-01,JPY,110.96,ecb,2026-09-15
2019-04-01,KRW,1134.96,ecb,2026-09-15
2019-04-02,JPY,111.37,ecb,2026-09-15
2019-04-02,KRW,1136.38,ecb,2026-09-15
2019-04-03,JPY,111.45,ecb,2026-09-15
2019-04-03,KRW,1134.35,ecb,2026-09-15
2019-04-04,JPY,111.43,ecb,2026-09-15
2019-04-04,KRW,1137.42,ecb,2026-09-15
2019-04-05,JPY,111.67,ecb,2026-09-15
2019-04-05,KRW,1137.40,ecb,2026-09-15
2019-04-08,JPY,111.47,ecb,2026-09-15
2019-04-08,KRW,1145.39,ecb,2026-09-15
2019-04-09,JPY,111.30,ecb,2026-09-15
2019-04-09,KRW,1139.45,ecb,2026-09-15
2019-04-10,JPY,111.16,ecb,2026-09-15
2019-04-10,KRW,1137.59,ecb,2026-09-15
2019-04-11,JPY,111.24,ecb,2026-09-15
2019-04-11,KRW,1140.95,ecb,2026-09-15
2019-04-12,JPY,111.97,ecb,2026-09-15
2019-04-12,KRW,1133.29,ecb,2026-09-15
2019-04-15,JPY,111.96,ecb,2026-09-15
2019-04-15,KRW,1132.65,ecb,2026-09-15
2019-04-16,JPY,111.98,ecb,2026-09-15
2019-04-16,KRW,1135.05,ecb,2026-09-15
2019-04-17,JPY,111.95,ecb,2026-09-15
2019-04-17,KRW,1133.22,ecb,2026-09-15
2019-04-18,JPY,111.88,ecb,2026-09-15
2019-04-18,KRW,1136.84,ecb,2026-09-15
2019-04-23,JPY,111.89,ecb,2026-09-15
2019-04-23,KRW,1142.07,ecb,2026-09-15
2019-04-24,JPY,111.82,ecb,2026-09-15
2019-04-24,KRW,1151.07,ecb,2026-09-15
2019-04-25,JPY,111.89,ecb,2026-09-15
2019-04-25,KRW,1163.15,ecb,2026-09-15
2019-04-26,JPY,111.78,ecb,2026-09-15
2019-04-26,KRW,1160.93,ecb,2026-09-15
2019-04-29,JPY,111.78,ecb,2026-09-15
2019-04-29,KRW,1160.54,ecb,2026-09-15
2019-04-30,JPY,111.37,ecb,2026-09-15
2019-04-30,KRW,1165.99,ecb,2026-09-15
2019-05-02,JPY,111.50,ecb,2026-09-15
2019-05-02,KRW,1163.17,ecb,2026-09-15
2019-05-03,JPY,111.52,ecb,2026-09-15
2019-05-03,KRW,1169.95,ecb,2026-09-15
2019-05-06,JPY,110.84,ecb,2026-09-15
2019-05-06,KRW,1170.80,ecb,2026-09-15
2019-05-07,JPY,110.62,ecb,2026-09-15
2019-05-07,KRW,1171.06,ecb,2026-09-15
2019-05-08,JPY,110.08,ecb,2026-09-15
2019-05-08,KRW,1172.55,ecb,2026-09-15
2019-05-09,JPY,109.81,ecb,2026-09-15
2019-05-09,KRW,1183.04,ecb,2026-09-15
2019-05-10,JPY,109.75,ecb,2026-09-15
2019-05-10,KRW,1180.16,ecb,2026-09-15
2019-05-13,JPY,109.44,ecb,2026-09-15
2019-05-13,KRW,1187.95,ecb,2026-09-15
2019-05-14,JPY,109.57,ecb,2026-09-15
2019-05-14,KRW,1187.60,ecb,2026-09-15
2019-05-15,JPY,109.31,ecb,2026-09-15
2019-05-15,KRW,1190.48,ecb,2026-09-15
2019-05-16,JPY,109.62,ecb,2026-09-15
2019-05-16,KRW,1189.12,ecb,2026-09-15
2019-05-17,JPY,109.51,ecb,2026-09-15
2019-05-17,KRW,1194.40,ecb,2026-09-15
2019-05-20,JPY,109.85,ecb,2026-09-15
2019-05-20,KRW,1193.80,ecb,2026-09-15
2019-05-21,JPY,110.45,ecb,2026-09-15
2019-05-21,KRW,1193.33,ecb,2026-09-15
2019-05-22,JPY,110.35,ecb,2026-09-15
2019-05-22,KRW,1189.96,ecb,2026-09-15
2019-05-23,JPY,110.03,ecb,2026-09-15
2019-05-23,KRW,1191.68,ecb,2026-09-15
2019-05-24,JPY,109.60,ecb,2026-09-15
2019-05-24,KRW,1187.35,ecb,2026-09-15
2019-05-27,JPY,109.45,ecb,2026-09-15
2019-05-27,KRW,1184.90,ecb,2026-09-15
2019-05-28,JPY,109.41,ecb,2026-09-15
2019-05-28,KRW,1188.25,ecb,2026-09-15
2019-05-29,JPY,109.28,ecb,2026-09-15
2019-05-29,KRW,1195.14,ecb,2026-09-15
2019-05-30,JPY,109.66,ecb,2026-09-15
2019-05-30,KRW,1190.92,ecb,2026-09-15
2019-05-31,JPY,108.75,ecb,2026-09-15
2019-05-31,KRW,1191.20,ecb,2026-09-15
2019-06-03,JPY,108.33,ecb,2026-09-15
2019-06-03,KRW,1183.24,ecb,2026-09-15
2019-06-04,JPY,108.16,ecb,2026-09-15
2019-06-04,KRW,1183.65,ecb,2026-09-15
2019-06-05,JPY,108.34,ecb,2026-09-15
2019-06-05,KRW,1176.45,ecb,2026-09-15
2019-06-06,JPY,108.13,ecb,2026-09-15
2019-06-06,KRW,1179.57,ecb,2026-09-15
2019-06-07,JPY,108.46,ecb,2026-09-15
2019-06-07,KRW,1185.33,ecb,2026-09-15
2019-06-10,JPY,108.65,ecb,2026-09-15
2019-06-10,KRW,1185.49,ecb,2026-09-15
2019-06-11,JPY,108.74,ecb,2026-09-15
2019-06-11,KRW,1181.52,ecb,2026-09-15
2019-06-12,JPY,108.38,ecb,2026-09-15
2019-06-12,KRW,1181.50,ecb,2026-09-15
2019-06-13,JPY,108.46,ecb,2026-09-15
2019-06-13,KRW,1183.22,ecb,2026-09-15
2019-06-14,JPY,108.21,ecb,2026-09-15
2019-06-14,KRW,1183.84,ecb,2026-09-15
2019-06-17,JPY,108.65,ecb,2026-09-15
2019-06-17,KRW,1186.80,ecb,2026-09-15
2019-06-18,JPY,108.23,ecb,2026-09-15
2019-06-18,KRW,1184.91,ecb,2026-09-15
2019-06-19,JPY,108.41,ecb,2026-09-15
2019-06-19,KRW,1176.60,ecb,2026-09-15
2019-06-20,JPY,107.64,ecb,2026-09-15
2019-06-20,KRW,1160.56,ecb,2026-09-15
2019-06-21,JPY,107.49,ecb,2026-09-15
2019-06-21,KRW,1161.55,ecb,2026-09-15
2019-06-24,JPY,107.29,ecb,2026-09-15
2019-06-24,KRW,1156.55,ecb,2026-09-15
2019-06-25,JPY,107.10,ecb,2026-09-15
2019-06-25,KRW,1154.08,ecb,2026-09-15
2019-06-26,JPY,107.73,ecb,2026-09-15
2019-06-26,KRW,1155.48,ecb,2026-09-15
2019-06-27,JPY,107.86,ecb,2026-09-15
2019-06-27,KRW,1154.90,ecb,2026-09-15
2019-06-28,JPY,107.73,ecb,2026-09-15
2019-06-28,KRW,1155.84,ecb,2026-09-15
2019-07-01,JPY,108.32,ecb,2026-09-15
2019-07-01,KRW,1161.57,ecb,2026-09-15
2019-07-02,JPY,108.27,ecb,2026-09-15
2019-07-02,KRW,1166.53,ecb,2026-09-15
2019-07-03,JPY,107.69,ecb,2026-09-15
2019-07-03,KRW,1169.79,ecb,2026-09-15
2019-07-04,JPY,107.77,ecb,2026-09-15
2019-07-04,KRW,1168.95,ecb,2026-09-15
2019-07-05,JPY,108.14,ecb,2026-09-15
2019-07-05,KRW,1170.90,ecb,2026-09-15
2019-07-08,JPY,108.60,ecb,2026-09-15
2019-07-08,KRW,1178.84,ecb,2026-09-15
2019-07-09,JPY,108.82,ecb,2026-09-15
2019-07-09,KRW,1182.55,ecb,2026-09-15
2019-07-10,JPY,108.91,ecb,2026-09-15
2019-07-10,KRW,1181.11,ecb,2026-09-15
2019-07-11,JPY,108.05,ecb,2026-09-15
2019-07-11,KRW,1173.27,ecb,2026-09-15
2019-07-12,JPY,108.26,ecb,2026-09-15
2019-07-12,KRW,1178.97,ecb,2026-09-15
2019-07-15,JPY,107.92,ecb,2026-09-15
2019-07-15,KRW,1179.34,ecb,2026-09-15
2019-07-16,JPY,107.93,ecb,2026-09-15
2019-07-16,KRW,1178.78,ecb,2026-09-15
2019-07-17,JPY,108.27,ecb,2026-09-15
2019-07-17,KRW,1181.17,ecb,2026-09-15
2019-07-18,JPY,107.78,ecb,2026-09-15
2019-07-18,KRW,1178.05,ecb,2026-09-15
2019-07-19,JPY,107.72,ecb,2026-09-15
2019-07-19,KRW,1175.06,ecb,2026-09-15
2019-07-22,JPY,107.92,ecb,2026-09-15
2019-07-22,KRW,1177.30,ecb,2026-09-15
2019-07-23,JPY,108.14,ecb,2026-09-15
2019-07-23,KRW,1178.75,ecb,2026-09-15
2019-07-24,JPY,108.09,ecb,2026-09-15
2019-07-24,KRW,1177.26,ecb,2026-09-15
2019-07-25,JPY,108.10,ecb,2026-09-15
2019-07-25,KRW,1180.53,ecb,2026-09-15
2019-07-26,JPY,108.69,ecb,2026-09-15
2019-07-26,KRW,1183.15,ecb,2026-09-15
2019-07-29,JPY,108.65,ecb,2026-09-15
2019-07-29,KRW,1184.30,ecb,2026-09-15
2019-07-30,JPY,108.48,ecb,2026-09-15
2019-07-30,KRW,1180.97,ecb,2026-09-15
2019-07-31,JPY,108.55,ecb,2026-09-15
2019-07-31,KRW,1182.18,ecb,2026-09-15
2019-08-01,JPY,108.89,ecb,2026-09-15
2019-08-01,KRW,1190.25,ecb,2026-09-15
2019-08-02,JPY,106.76,ecb,2026-09-15
2019-08-02,KRW,1200.65,ecb,2026-09-15
2019-08-05,JPY,106.07,ecb,2026-09-15
2019-08-05,KRW,1216.10,ecb,2026-09-15
2019-08-06,JPY,106.46,ecb,2026-09-15
2019-08-06,KRW,1213.30,ecb,2026-09-15
2019-08-07,JPY,105.77,ecb,2026-09-15
2019-08-07,KRW,1215.62,ecb,2026-09-15
2019-08-08,JPY,105.99,ecb,2026-09-15
2019-08-08,KRW,1208.93,ecb,2026-09-15
2019-08-09,JPY,105.83,ecb,2026-09-15
2019-08-09,KRW,1211.15,ecb,2026-09-15
2019-08-12,JPY,105.14,ecb,2026-09-15
2019-08-12,KRW,1219.00,ecb,2026-09-15
2019-08-13,JPY,105.16,ecb,2026-09-15
2019-08-13,KRW,1223.67,ecb,2026-09-15
2019-08-14,JPY,105.90,ecb,2026-09-15
2019-08-14,KRW,1214.25,ecb,2026-09-15
2019-08-15,JPY,106.16,ecb,2026-09-15
2019-08-15,KRW,1213.55,ecb,2026-09-15
2019-08-16,JPY,106.33,ecb,2026-09-15
2019-08-16,KRW,1208.56,ecb,2026-09-15
2019-08-19,JPY,106.58,ecb,2026-09-15
2019-08-19,KRW,1209.71,ecb,2026-09-15
2019-08-20,JPY,106.35,ecb,2026-09-15
2019-08-20,KRW,1207.82,ecb,2026-09-15
2019-08-21,JPY,106.48,ecb,2026-09-15
2019-08-21,KRW,1202.98,ecb,2026-09-15
2019-08-22,JPY,106.59,ecb,2026-09-15
2019-08-22,KRW,1209.95,ecb,2026-09-15
2019-08-23,JPY,106.45,ecb,2026-09-15
2019-08-23,KRW,1212.10,ecb,2026-09-15
2019-08-26,JPY,105.86,ecb,2026-09-15
2019-08-26,KRW,1213.40,ecb,2026-09-15
2019-08-27,JPY,105.75,ecb,2026-09-15
2019-08-27,KRW,1212.56,ecb,2026-09-15
2019-08-28,JPY,105.73,ecb,2026-09-15
2019-08-28,KRW,1213.99,ecb,2026-09-15
2019-08-29,JPY,106.29,ecb,2026-09-15
2019-08-29,KRW,1210.27,ecb,2026-09-15
2019-08-30,JPY,106.27,ecb,2026-09-15
2019-08-30,KRW,1208.06,ecb,2026-09-15
2019-09-02,JPY,106.36,ecb,2026-09-15
2019-09-02,KRW,1212.15,ecb,2026-09-15
2019-09-03,JPY,106.11,ecb,2026-09-15
2019-09-03,KRW,1214.96,ecb,2026-09-15
2019-09-04,JPY,106.22,ecb,2026-09-15
2019-09-04,KRW,1205.26,ecb,2026-09-15
2019-09-05,JPY,106.68,ecb,2026-09-15
2019-09-05,KRW,1197.23,ecb,2026-09-15
2019-09-06,JPY,107.02,ecb,2026-09-15
2019-09-06,KRW,1192.27,ecb,2026-09-15
2019-09-09,JPY,106.96,ecb,2026-09-15
2019-09-09,KRW,1192.78,ecb,2026-09-15
2019-09-10,JPY,107.36,ecb,2026-09-15
2019-09-10,KRW,1191.91,ecb,2026-09-15
2019-09-11,JPY,107.71,ecb,2026-09-15
2019-09-11,KRW,1192.71,ecb,2026-09-15
2019-09-12,JPY,107.76,ecb,2026-09-15
2019-09-12,KRW,1182.94,ecb,2026-09-15
2019-09-13,JPY,107.99,ecb,2026-09-15
2019-09-13,KRW,1177.00,ecb,2026-09-15
2019-09-16,JPY,107.84,ecb,2026-09-15
2019-09-16,KRW,1184.05,ecb,2026-09-15
2019-09-17,JPY,108.14,ecb,2026-09-15
2019-09-17,KRW,1189.60,ecb,2026-09-15
2019-09-18,JPY,108.15,ecb,2026-09-15
2019-09-18,KRW,1190.83,ecb,2026-09-15
2019-09-19,JPY,107.94,ecb,2026-09-15
2019-09-19,KRW,1194.22,ecb,2026-09-15
2019-09-20,JPY,107.99,ecb,2026-09-15
2019-09-20,KRW,1188.79,ecb,2026-09-15
2019-09-23,JPY,107.48,ecb,2026-09-15
2019-09-23,KRW,1197.33,ecb,2026-09-15
2019-09-24,JPY,107.65,ecb,2026-09-15
2019-09-24,KRW,1193.91,ecb,2026-09-15
2019-09-25,JPY,107.45,ecb,2026-09-15
2019-09-25,KRW,1200.50,ecb,2026-09-15
2019-09-26,JPY,107.63,ecb,2026-09-15
2019-09-26,KRW,1201.23,ecb,2026-09-15
2019-09-27,JPY,108.10,ecb,2026-09-15
2019-09-27,KRW,1198.40,ecb,2026-09-15
2019-09-30,JPY,107.99,ecb,2026-09-15
2019-09-30,KRW,1198.30,ecb,2026-09-15
2019-10-01,JPY,108.28,ecb,2026-09-15
2019-10-01,KRW,1202.57,ecb,2026-09-15
2019-10-02,JPY,107.52,ecb,2026-09-15
2019-10-02,KRW,1206.59,ecb,2026-09-15
2019-10-03,JPY,106.99,ecb,2026-09-15
2019-10-03,KRW,1203.40,ecb,2026-09-15
2019-10-04,JPY,106.78,ecb,2026-09-15
2019-10-04,KRW,1195.30,ecb,2026-09-15
2019-10-07,JPY,106.83,ecb,2026-09-15
2019-10-07,KRW,1196.40,ecb,2026-09-15
2019-10-08,JPY,106.89,ecb,2026-09-15
2019-10-08,KRW,1198.26,ecb,2026-09-15
2019-10-09,JPY,107.38,ecb,2026-09-15
2019-10-09,KRW,1197.31,ecb,2026-09-15
2019-10-10,JPY,107.45,ecb,2026-09-15
2019-10-10,KRW,1192.99,ecb,2026-09-15
2019-10-11,JPY,108.44,ecb,2026-09-15
2019-10-11,KRW,1185.01,ecb,2026-09-15
2019-10-14,JPY,108.24,ecb,2026-09-15
2019-10-14,KRW,1184.90,ecb,2026-09-15
2019-10-15,JPY,108.32,ecb,2026-09-15
2019-10-15,KRW,1186.07,ecb,2026-09-15
2019-10-16,JPY,108.75,ecb,2026-09-15
2019-10-16,KRW,1188.67,ecb,2026-09-15
2019-10-17,JPY,108.71,ecb,2026-09-15
2019-10-17,KRW,1178.96,ecb,2026-09-15
2019-10-18,JPY,108.55,ecb,2026-09-15
2019-10-18,KRW,1179.41,ecb,2026-09-15
2019-10-21,JPY,108.56,ecb,2026-09-15
2019-10-21,KRW,1171.61,ecb,2026-09-15
2019-10-22,JPY,108.60,ecb,2026-09-15
2019-10-22,KRW,1173.25,ecb,2026-09-15
2019-10-23,JPY,108.45,ecb,2026-09-15
2019-10-23,KRW,1171.85,ecb,2026-09-15
2019-10-24,JPY,108.61,ecb,2026-09-15
2019-10-24,KRW,1173.01,ecb,2026-09-15
2019-10-25,JPY,108.57,ecb,2026-09-15
2019-10-25,KRW,1174.82,ecb,2026-09-15
2019-10-28,JPY,108.86,ecb,2026-09-15
2019-10-28,KRW,1169.93,ecb,2026-09-15
2019-10-29,JPY,108.95,ecb,2026-09-15
2019-10-29,KRW,1167.97,ecb,2026-09-15
2019-10-30,JPY,108.94,ecb,2026-09-15
2019-10-30,KRW,1168.03,ecb,2026-09-15
2019-10-31,JPY,108.24,ecb,2026-09-15
2019-10-31,KRW,1168.07,ecb,2026-09-15
2019-11-01,JPY,108.12,ecb,2026-09-15
2019-11-01,KRW,1167.15,ecb,2026-09-15
2019-11-04,JPY,108.38,ecb,2026-09-15
2019-11-04,KRW,1162.32,ecb,2026-09-15
2019-11-05,JPY,108.86,ecb,2026-09-15
2019-11-05,KRW,1156.13,ecb,2026-09-15
2019-11-06,JPY,109.00,ecb,2026-09-15
2019-11-06,KRW,1158.07,ecb,2026-09-15
2019-11-07,JPY,109.15,ecb,2026-09-15
2019-11-07,KRW,1154.89,ecb,2026-09-15
2019-11-08,JPY,109.41,ecb,2026-09-15
2019-11-08,KRW,1157.02,ecb,2026-09-15
2019-11-11,JPY,108.95,ecb,2026-09-15
2019-11-11,KRW,1166.56,ecb,2026-09-15
2019-11-12,JPY,109.16,ecb,2026-09-15
2019-11-12,KRW,1163.68,ecb,2026-09-15
2019-11-13,JPY,108.84,ecb,2026-09-15
2019-11-13,KRW,1170.41,ecb,2026-09-15
2019-11-14,JPY,108.66,ecb,2026-09-15
2019-11-14,KRW,1171.11,ecb,2026-09-15
2019-11-15,JPY,108.71,ecb,2026-09-15
2019-11-15,KRW,1164.89,ecb,2026-09-15
2019-11-18,JPY,108.99,ecb,2026-09-15
2019-11-18,KRW,1165.48,ecb,2026-09-15
2019-11-19,JPY,108.75,ecb,2026-09-15
2019-11-19,KRW,1166.39,ecb,2026-09-15
2019-11-20,JPY,108.47,ecb,2026-09-15
2019-11-20,KRW,1170.53,ecb,2026-09-15
2019-11-21,JPY,108.61,ecb,2026-09-15
2019-11-21,KRW,1174.93,ecb,2026-09-15
2019-11-22,JPY,108.55,ecb,2026-09-15
2019-11-22,KRW,1178.40,ecb,2026-09-15
2019-11-25,JPY,108.90,ecb,2026-09-15
2019-11-25,KRW,1175.47,ecb,2026-09-15
2019-11-26,JPY,108.97,ecb,2026-09-15
2019-11-26,KRW,1176.83,ecb,2026-09-15
2019-11-27,JPY,109.17,ecb,2026-09-15
2019-11-27,KRW,1177.11,ecb,2026-09-15
2019-11-28,JPY,109.50,ecb,2026-09-15
2019-11-28,KRW,1179.46,ecb,2026-09-15
2019-11-29,JPY,109.66,ecb,2026-09-15
2019-11-29,KRW,1179.94,ecb,2026-09-15
2019-12-02,JPY,109.54,ecb,2026-09-15
2019-12-02,KRW,1185.27,ecb,2026-09-15
2019-12-03,JPY,108.74,ecb,2026-09-15
2019-12-03,KRW,1191.54,ecb,2026-09-15
2019-12-04,JPY,108.70,ecb,2026-09-15
2019-12-04,KRW,1192.31,ecb,2026-09-15
2019-12-05,JPY,108.79,ecb,2026-09-15
2019-12-05,KRW,1190.45,ecb,2026-09-15
2019-12-06,JPY,108.56,ecb,2026-09-15
2019-12-06,KRW,1187.41,ecb,2026-09-15
2019-12-09,JPY,108.49,ecb,2026-09-15
2019-12-09,KRW,1191.23,ecb,2026-09-15
2019-12-10,JPY,108.58,ecb,2026-09-15
2019-12-10,KRW,1192.33,ecb,2026-09-15
2019-12-11,JPY,108.75,ecb,2026-09-15
2019-12-11,KRW,1193.23,ecb,2026-09-15
2019-12-12,JPY,108.60,ecb,2026-09-15
2019-12-12,KRW,1188.28,ecb,2026-09-15
2019-12-13,JPY,109.57,ecb,2026-09-15
2019-12-13,KRW,1171.44,ecb,2026-09-15
2019-12-16,JPY,109.43,ecb,2026-09-15
2019-12-16,KRW,1170.53,ecb,2026-09-15
2019-12-17,JPY,109.58,ecb,2026-09-15
2019-12-17,KRW,1164.11,ecb,2026-09-15
2019-12-18,JPY,109.59,ecb,2026-09-15
2019-12-18,KRW,1166.50,ecb,2026-09-15
2019-12-19,JPY,109.50,ecb,2026-09-15
2019-12-19,KRW,1166.32,ecb,2026-09-15
2019-12-20,JPY,109.32,ecb,2026-09-15
2019-12-20,KRW,1159.39,ecb,2026-09-15
2019-12-23,JPY,109.42,ecb,2026-09-15
2019-12-23,KRW,1163.45,ecb,2026-09-15
2019-12-24,JPY,109.38,ecb,2026-09-15
2019-12-24,KRW,1162.19,ecb,2026-09-15
2019-12-27,JPY,109.59,ecb,2026-09-15
2019-12-27,KRW,1160.60,ecb,2026-09-15
2019-12-30,JPY,109.21,ecb,2026-09-15
2019-12-30,KRW,1156.81,ecb,2026-09-15
2019-12-31,JPY,108.55,ecb,2026-09-15
2019-12-31,KRW,1153.89,ecb,2026-09-15
2020-01-02,JPY,108.77,ecb,2026-09-15
2020-01-02,KRW,1159.87,ecb,2026-09-15
2020-01-03,JPY,108.14,ecb,2026-09-15
2020-01-03,KRW,1166.52,ecb,2026-09-15
2020-01-06,JPY,108.11,ecb,2026-09-15
2020-01-06,KRW,1169.22,ecb,2026-09-15
2020-01-07,JPY,108.44,ecb,2026-09-15
2020-01-07,KRW,1165.84,ecb,2026-09-15
2020-01-08,JPY,108.74,ecb,2026-09-15
2020-01-08,KRW,1167.22,ecb,2026-09-15
2020-01-09,JPY,109.40,ecb,2026-09-15
2020-01-09,KRW,1159.57,ecb,2026-09-15
2020-01-10,JPY,109.64,ecb,2026-09-15
2020-01-10,KRW,1159.50,ecb,2026-09-15
2020-01-13,JPY,109.88,ecb,2026-09-15
2020-01-13,KRW,1157.73,ecb,2026-09-15
2020-01-14,JPY,110.05,ecb,2026-09-15
2020-01-14,KRW,1156.76,ecb,2026-09-15
2020-01-15,JPY,109.88,ecb,2026-09-15
2020-01-15,KRW,1157.08,ecb,2026-09-15
2020-01-16,JPY,109.95,ecb,2026-09-15
2020-01-16,KRW,1158.45,ecb,2026-09-15
2020-01-17,JPY,110.11,ecb,2026-09-15
2020-01-17,KRW,1159.86,ecb,2026-09-15
2020-01-20,JPY,110.18,ecb,2026-09-15
2020-01-20,KRW,1160.20,ecb,2026-09-15
2020-01-21,JPY,110.04,ecb,2026-09-15
2020-01-21,KRW,1167.90,ecb,2026-09-15
2020-01-22,JPY,109.97,ecb,2026-09-15
2020-01-22,KRW,1163.93,ecb,2026-09-15
2020-01-23,JPY,109.55,ecb,2026-09-15
2020-01-23,KRW,1167.75,ecb,2026-09-15
2020-01-24,JPY,109.61,ecb,2026-09-15
2020-01-24,KRW,1168.21,ecb,2026-09-15
2020-01-27,JPY,108.94,ecb,2026-09-15
2020-01-27,KRW,1177.63,ecb,2026-09-15
2020-01-28,JPY,109.06,ecb,2026-09-15
2020-01-28,KRW,1178.74,ecb,2026-09-15
2020-01-29,JPY,109.14,ecb,2026-09-15
2020-01-29,KRW,1178.67,ecb,2026-09-15
2020-01-30,JPY,108.83,ecb,2026-09-15
2020-01-30,KRW,1192.31,ecb,2026-09-15
2020-01-31,JPY,108.89,ecb,2026-09-15
2020-01-31,KRW,1195.80,ecb,2026-09-15
2020-02-03,JPY,108.53,ecb,2026-09-15
2020-02-03,KRW,1192.05,ecb,2026-09-15
2020-02-04,JPY,109.09,ecb,2026-09-15
2020-02-04,KRW,1186.41,ecb,2026-09-15
2020-02-05,JPY,109.72,ecb,2026-09-15
2020-02-05,KRW,1182.05,ecb,2026-09-15
2020-02-06,JPY,109.85,ecb,2026-09-15
2020-02-06,KRW,1183.11,ecb,2026-09-15
2020-02-07,JPY,109.86,ecb,2026-09-15
2020-02-07,KRW,1194.07,ecb,2026-09-15
2020-02-10,JPY,109.74,ecb,2026-09-15
2020-02-10,KRW,1188.39,ecb,2026-09-15
2020-02-11,JPY,109.83,ecb,2026-09-15
2020-02-11,KRW,1183.96,ecb,2026-09-15
2020-02-12,JPY,109.98,ecb,2026-09-15
2020-02-12,KRW,1180.14,ecb,2026-09-15
2020-02-13,JPY,109.70,ecb,2026-09-15
2020-02-13,KRW,1183.42,ecb,2026-09-15
2020-02-14,JPY,109.86,ecb,2026-09-15
2020-02-14,KRW,1184.05,ecb,2026-09-15
2020-02-17,JPY,109.88,ecb,2026-09-15
2020-02-17,KRW,1183.85,ecb,2026-09-15
2020-02-18,JPY,109.74,ecb,2026-09-15
2020-02-18,KRW,1191.51,ecb,2026-09-15
2020-02-19,JPY,110.51,ecb,2026-09-15
2020-02-19,KRW,1189.58,ecb,2026-09-15
2020-02-20,JPY,112.01,ecb,2026-09-15
2020-02-20,KRW,1206.48,ecb,2026-09-15
2020-02-21,JPY,111.99,ecb,2026-09-15
2020-02-21,KRW,1212.34,ecb,2026-09-15
2020-02-24,JPY,111.41,ecb,2026-09-15
2020-02-24,KRW,1219.45,ecb,2026-09-15
2020-02-25,JPY,110.63,ecb,2026-09-15
2020-02-25,KRW,1213.73,ecb,2026-09-15
2020-02-26,JPY,110.46,ecb,2026-09-15
2020-02-26,KRW,1215.90,ecb,2026-09-15
2020-02-27,JPY,109.87,ecb,2026-09-15
2020-02-27,KRW,1211.08,ecb,2026-09-15
2020-02-28,JPY,108.74,ecb,2026-09-15
2020-02-28,KRW,1207.05,ecb,2026-09-15
2020-03-02,JPY,107.73,ecb,2026-09-15
2020-03-02,KRW,1192.10,ecb,2026-09-15
2020-03-03,JPY,107.74,ecb,2026-09-15
2020-03-03,KRW,1194.20,ecb,2026-09-15
2020-03-04,JPY,107.49,ecb,2026-09-15
2020-03-04,KRW,1181.99,ecb,2026-09-15
2020-03-05,JPY,106.94,ecb,2026-09-15
2020-03-05,KRW,1186.21,ecb,2026-09-15
2020-03-06,JPY,105.05,ecb,2026-09-15
2020-03-06,KRW,1192.33,ecb,2026-09-15
2020-03-09,JPY,102.23,ecb,2026-09-15
2020-03-09,KRW,1199.99,ecb,2026-09-15
2020-03-10,JPY,104.17,ecb,2026-09-15
2020-03-10,KRW,1191.50,ecb,2026-09-15
2020-03-11,JPY,104.58,ecb,2026-09-15
2020-03-11,KRW,1189.19,ecb,2026-09-15
2020-03-12,JPY,103.95,ecb,2026-09-15
2020-03-12,KRW,1209.43,ecb,2026-09-15
2020-03-13,JPY,107.27,ecb,2026-09-15
2020-03-13,KRW,1208.02,ecb,2026-09-15
2020-03-16,JPY,105.55,ecb,2026-09-15
2020-03-16,KRW,1230.92,ecb,2026-09-15
2020-03-17,JPY,106.99,ecb,2026-09-15
2020-03-17,KRW,1243.13,ecb,2026-09-15
2020-03-18,JPY,107.72,ecb,2026-09-15
2020-03-18,KRW,1260.11,ecb,2026-09-15
2020-03-19,JPY,109.83,ecb,2026-09-15
2020-03-19,KRW,1262.98,ecb,2026-09-15
2020-03-20,JPY,110.55,ecb,2026-09-15
2020-03-20,KRW,1247.45,ecb,2026-09-15
2020-03-23,JPY,110.46,ecb,2026-09-15
2020-03-23,KRW,1256.70,ecb,2026-09-15
2020-03-24,JPY,110.66,ecb,2026-09-15
2020-03-24,KRW,1241.95,ecb,2026-09-15
2020-03-25,JPY,111.45,ecb,2026-09-15
2020-03-25,KRW,1232.86,ecb,2026-09-15
2020-03-26,JPY,109.44,ecb,2026-09-15
2020-03-26,KRW,1217.07,ecb,2026-09-15
2020-03-27,JPY,108.74,ecb,2026-09-15
2020-03-27,KRW,1226.48,ecb,2026-09-15
2020-03-30,JPY,108.16,ecb,2026-09-15
2020-03-30,KRW,1224.87,ecb,2026-09-15
2020-03-31,JPY,108.53,ecb,2026-09-15
2020-03-31,KRW,1224.01,ecb,2026-09-15
2020-04-01,JPY,107.49,ecb,2026-09-15
2020-04-01,KRW,1231.24,ecb,2026-09-15
2020-04-02,JPY,107.34,ecb,2026-09-15
2020-04-02,KRW,1228.57,ecb,2026-09-15
2020-04-03,JPY,108.58,ecb,2026-09-15
2020-04-03,KRW,1235.81,ecb,2026-09-15
2020-04-06,JPY,108.92,ecb,2026-09-15
2020-04-06,KRW,1228.84,ecb,2026-09-15
2020-04-07,JPY,108.91,ecb,2026-09-15
2020-04-07,KRW,1212.12,ecb,2026-09-15
2020-04-08,JPY,108.88,ecb,2026-09-15
2020-04-08,KRW,1218.25,ecb,2026-09-15
2020-04-09,JPY,108.89,ecb,2026-09-15
2020-04-09,KRW,1216.98,ecb,2026-09-15
2020-04-14,JPY,107.32,ecb,2026-09-15
2020-04-14,KRW,1215.48,ecb,2026-09-15
2020-04-15,JPY,107.42,ecb,2026-09-15
2020-04-15,KRW,1220.34,ecb,2026-09-15
2020-04-16,JPY,107.57,ecb,2026-09-15
2020-04-16,KRW,1225.67,ecb,2026-09-15
2020-04-17,JPY,107.61,ecb,2026-09-15
2020-04-17,KRW,1216.88,ecb,2026-09-15
2020-04-20,JPY,107.84,ecb,2026-09-15
2020-04-20,KRW,1218.71,ecb,2026-09-15
2020-04-21,JPY,107.40,ecb,2026-09-15
2020-04-21,KRW,1232.20,ecb,2026-09-15
2020-04-22,JPY,107.67,ecb,2026-09-15
2020-04-22,KRW,1232.78,ecb,2026-09-15
2020-04-23,JPY,107.45,ecb,2026-09-15
2020-04-23,KRW,1231.71,ecb,2026-09-15
2020-04-24,JPY,107.61,ecb,2026-09-15
2020-04-24,KRW,1233.88,ecb,2026-09-15
2020-04-27,JPY,107.10,ecb,2026-09-15
2020-04-27,KRW,1224.49,ecb,2026-09-15
2020-04-28,JPY,106.70,ecb,2026-09-15
2020-04-28,KRW,1218.90,ecb,2026-09-15
2020-04-29,JPY,106.55,ecb,2026-09-15
2020-04-29,KRW,1218.95,ecb,2026-09-15
2020-04-30,JPY,106.54,ecb,2026-09-15
2020-04-30,KRW,1207.33,ecb,2026-09-15
2020-05-04,JPY,106.78,ecb,2026-09-15
2020-05-04,KRW,1224.64,ecb,2026-09-15
2020-05-05,JPY,106.71,ecb,2026-09-15
2020-05-05,KRW,1221.81,ecb,2026-09-15
2020-05-06,JPY,106.09,ecb,2026-09-15
2020-05-06,KRW,1224.65,ecb,2026-09-15
2020-05-07,JPY,106.57,ecb,2026-09-15
2020-05-07,KRW,1224.32,ecb,2026-09-15
2020-05-08,JPY,106.37,ecb,2026-09-15
2020-05-08,KRW,1219.60,ecb,2026-09-15
2020-05-11,JPY,107.32,ecb,2026-09-15
2020-05-11,KRW,1224.66,ecb,2026-09-15
2020-05-12,JPY,107.35,ecb,2026-09-15
2020-05-12,KRW,1221.38,ecb,2026-09-15
2020-05-13,JPY,106.92,ecb,2026-09-15
2020-05-13,KRW,1223.98,ecb,2026-09-15
2020-05-14,JPY,107.01,ecb,2026-09-15
2020-05-14,KRW,1231.63,ecb,2026-09-15
2020-05-15,JPY,106.99,ecb,2026-09-15
2020-05-15,KRW,1234.12,ecb,2026-09-15
2020-05-18,JPY,107.38,ecb,2026-09-15
2020-05-18,KRW,1230.08,ecb,2026-09-15
2020-05-19,JPY,107.76,ecb,2026-09-15
2020-05-19,KRW,1224.83,ecb,2026-09-15
2020-05-20,JPY,107.64,ecb,2026-09-15
2020-05-20,KRW,1228.06,ecb,2026-09-15
2020-05-21,JPY,107.65,ecb,2026-09-15
2020-05-21,KRW,1231.45,ecb,2026-09-15
2020-05-22,JPY,107.54,ecb,2026-09-15
2020-05-22,KRW,1241.30,ecb,2026-09-15
2020-05-25,JPY,107.67,ecb,2026-09-15
2020-05-25,KRW,1241.64,ecb,2026-09-15
2020-05-26,JPY,107.44,ecb,2026-09-15
2020-05-26,KRW,1232.10,ecb,2026-09-15
2020-05-27,JPY,107.89,ecb,2026-09-15
2020-05-27,KRW,1236.50,ecb,2026-09-15
2020-05-28,JPY,107.73,ecb,2026-09-15
2020-05-28,KRW,1237.98,ecb,2026-09-15
2020-05-29,JPY,107.12,ecb,2026-09-15
2020-05-29,KRW,1235.82,ecb,2026-09-15
2020-06-01,JPY,107.73,ecb,2026-09-15
2020-06-01,KRW,1227.46,ecb,2026-09-15
2020-06-02,JPY,108.13,ecb,2026-09-15
2020-06-02,KRW,1221.07,ecb,2026-09-15
2020-06-03,JPY,108.58,ecb,2026-09-15
2020-06-03,KRW,1218.59,ecb,2026-09-15
2020-06-04,JPY,108.87,ecb,2026-09-15
2020-06-04,KRW,1216.65,ecb,2026-09-15
2020-06-05,JPY,109.24,ecb,2026-09-15
2020-06-05,KRW,1205.27,ecb,2026-09-15
2020-06-08,JPY,109.36,ecb,2026-09-15
2020-06-08,KRW,1199.11,ecb,2026-09-15
2020-06-09,JPY,108.15,ecb,2026-09-15
2020-06-09,KRW,1198.25,ecb,2026-09-15
2020-06-10,JPY,107.39,ecb,2026-09-15
2020-06-10,KRW,1188.72,ecb,2026-09-15
2020-06-11,JPY,107.08,ecb,2026-09-15
2020-06-11,KRW,1197.73,ecb,2026-09-15
2020-06-12,JPY,107.27,ecb,2026-09-15
2020-06-12,KRW,1203.51,ecb,2026-09-15
2020-06-15,JPY,107.38,ecb,2026-09-15
2020-06-15,KRW,1213.97,ecb,2026-09-15
2020-06-16,JPY,107.35,ecb,2026-09-15
2020-06-16,KRW,1210.74,ecb,2026-09-15
2020-06-17,JPY,107.42,ecb,2026-09-15
2020-06-17,KRW,1212.79,ecb,2026-09-15
2020-06-18,JPY,106.93,ecb,2026-09-15
2020-06-18,KRW,1211.25,ecb,2026-09-15
2020-06-19,JPY,106.84,ecb,2026-09-15
2020-06-19,KRW,1207.43,ecb,2026-09-15
2020-06-22,JPY,106.92,ecb,2026-09-15
2020-06-22,KRW,1214.04,ecb,2026-09-15
2020-06-23,JPY,106.95,ecb,2026-09-15
2020-06-23,KRW,1207.38,ecb,2026-09-15
2020-06-24,JPY,106.65,ecb,2026-09-15
2020-06-24,KRW,1202.47,ecb,2026-09-15
2020-06-25,JPY,107.37,ecb,2026-09-15
2020-06-25,KRW,1203.33,ecb,2026-09-15
2020-06-26,JPY,106.96,ecb,2026-09-15
2020-06-26,KRW,1200.56,ecb,2026-09-15
2020-06-29,JPY,107.29,ecb,2026-09-15
2020-06-29,KRW,1198.87,ecb,2026-09-15
2020-06-30,JPY,107.75,ecb,2026-09-15
2020-06-30,KRW,1201.85,ecb,2026-09-15
2020-07-01,JPY,107.42,ecb,2026-09-15
2020-07-01,KRW,1203.43,ecb,2026-09-15
2020-07-02,JPY,107.43,ecb,2026-09-15
2020-07-02,KRW,1199.63,ecb,2026-09-15
2020-07-03,JPY,107.52,ecb,2026-09-15
2020-07-03,KRW,1199.70,ecb,2026-09-15
2020-07-06,JPY,107.53,ecb,2026-09-15
2020-07-06,KRW,1192.50,ecb,2026-09-15
2020-07-07,JPY,107.71,ecb,2026-09-15
2020-07-07,KRW,1194.92,ecb,2026-09-15
2020-07-08,JPY,107.56,ecb,2026-09-15
2020-07-08,KRW,1195.16,ecb,2026-09-15
2020-07-09,JPY,107.27,ecb,2026-09-15
2020-07-09,KRW,1194.10,ecb,2026-09-15
2020-07-10,JPY,106.85,ecb,2026-09-15
2020-07-10,KRW,1201.40,ecb,2026-09-15
2020-07-13,JPY,107.16,ecb,2026-09-15
2020-07-13,KRW,1201.67,ecb,2026-09-15
2020-07-14,JPY,107.40,ecb,2026-09-15
2020-07-14,KRW,1206.14,ecb,2026-09-15
2020-07-15,JPY,106.82,ecb,2026-09-15
2020-07-15,KRW,1200.24,ecb,2026-09-15
2020-07-16,JPY,107.10,ecb,2026-09-15
2020-07-16,KRW,1203.56,ecb,2026-09-15
2020-07-17,JPY,107.22,ecb,2026-09-15
2020-07-17,KRW,1204.54,ecb,2026-09-15
2020-07-20,JPY,107.12,ecb,2026-09-15
2020-07-20,KRW,1202.89,ecb,2026-09-15
2020-07-21,JPY,107.23,ecb,2026-09-15
2020-07-21,KRW,1195.46,ecb,2026-09-15
2020-07-22,JPY,107.05,ecb,2026-09-15
2020-07-22,KRW,1195.70,ecb,2026-09-15
2020-07-23,JPY,107.17,ecb,2026-09-15
2020-07-23,KRW,1200.89,ecb,2026-09-15
2020-07-24,JPY,106.27,ecb,2026-09-15
2020-07-24,KRW,1203.33,ecb,2026-09-15
2020-07-27,JPY,105.34,ecb,2026-09-15
2020-07-27,KRW,1196.56,ecb,2026-09-15
2020-07-28,JPY,105.27,ecb,2026-09-15
2020-07-28,KRW,1200.08,ecb,2026-09-15
2020-07-29,JPY,105.14,ecb,2026-09-15
2020-07-29,KRW,1194.22,ecb,2026-09-15
2020-07-30,JPY,105.24,ecb,2026-09-15
2020-07-30,KRW,1195.74,ecb,2026-09-15
2020-07-31,JPY,104.92,ecb,2026-09-15
2020-07-31,KRW,1189.70,ecb,2026-09-15
2020-08-03,JPY,106.18,ecb,2026-09-15
2020-08-03,KRW,1195.00,ecb,2026-09-15
2020-08-04,JPY,106.06,ecb,2026-09-15
2020-08-04,KRW,1195.49,ecb,2026-09-15
2020-08-05,JPY,105.76,ecb,2026-09-15
2020-08-05,KRW,1185.88,ecb,2026-09-15
2020-08-06,JPY,105.51,ecb,2026-09-15
2020-08-06,KRW,1186.35,ecb,2026-09-15
2020-08-07,JPY,105.70,ecb,2026-09-15
2020-08-07,KRW,1186.34,ecb,2026-09-15
2020-08-10,JPY,106.04,ecb,2026-09-15
2020-08-10,KRW,1187.01,ecb,2026-09-15
2020-08-11,JPY,106.06,ecb,2026-09-15
2020-08-11,KRW,1182.88,ecb,2026-09-15
2020-08-12,JPY,106.97,ecb,2026-09-15
2020-08-12,KRW,1184.20,ecb,2026-09-15
2020-08-13,JPY,106.97,ecb,2026-09-15
2020-08-13,KRW,1185.01,ecb,2026-09-15
2020-08-14,JPY,106.67,ecb,2026-09-15
2020-08-14,KRW,1186.92,ecb,2026-09-15
2020-08-17,JPY,106.29,ecb,2026-09-15
2020-08-17,KRW,1186.09,ecb,2026-09-15
2020-08-18,JPY,105.44,ecb,2026-09-15
2020-08-18,KRW,1184.34,ecb,2026-09-15
2020-08-19,JPY,105.37,ecb,2026-09-15
2020-08-19,KRW,1178.22,ecb,2026-09-15
2020-08-20,JPY,105.87,ecb,2026-09-15
2020-08-20,KRW,1188.37,ecb,2026-09-15
2020-08-21,JPY,105.81,ecb,2026-09-15
2020-08-21,KRW,1192.24,ecb,2026-09-15
2020-08-24,JPY,105.73,ecb,2026-09-15
2020-08-24,KRW,1187.07,ecb,2026-09-15
2020-08-25,JPY,106.37,ecb,2026-09-15
2020-08-25,KRW,1186.83,ecb,2026-09-15
2020-08-26,JPY,106.32,ecb,2026-09-15
2020-08-26,KRW,1186.67,ecb,2026-09-15
2020-08-27,JPY,106.17,ecb,2026-09-15
2020-08-27,KRW,1185.63,ecb,2026-09-15
2020-08-28,JPY,105.24,ecb,2026-09-15
2020-08-28,KRW,1181.07,ecb,2026-09-15
2020-08-31,JPY,105.92,ecb,2026-09-15
2020-08-31,KRW,1185.73,ecb,2026-09-15
2020-09-01,JPY,105.88,ecb,2026-09-15
2020-09-01,KRW,1184.72,ecb,2026-09-15
2020-09-02,JPY,106.23,ecb,2026-09-15
2020-09-02,KRW,1187.14,ecb,2026-09-15
2020-09-03,JPY,106.54,ecb,2026-09-15
2020-09-03,KRW,1190.76,ecb,2026-09-15
2020-09-04,JPY,106.22,ecb,2026-09-15
2020-09-04,KRW,1189.89,ecb,2026-09-15
2020-09-07,JPY,106.22,ecb,2026-09-15
2020-09-07,KRW,1188.34,ecb,2026-09-15
2020-09-08,JPY,106.24,ecb,2026-09-15
2020-09-08,KRW,1189.77,ecb,2026-09-15
2020-09-09,JPY,106.22,ecb,2026-09-15
2020-09-09,KRW,1187.33,ecb,2026-09-15
2020-09-10,JPY,106.14,ecb,2026-09-15
2020-09-10,KRW,1186.46,ecb,2026-09-15
2020-09-11,JPY,106.14,ecb,2026-09-15
2020-09-11,KRW,1187.00,ecb,2026-09-15
2020-09-14,JPY,105.94,ecb,2026-09-15
2020-09-14,KRW,1182.83,ecb,2026-09-15
2020-09-15,JPY,105.44,ecb,2026-09-15
2020-09-15,KRW,1177.88,ecb,2026-09-15
2020-09-16,JPY,105.08,ecb,2026-09-15
2020-09-16,KRW,1171.72,ecb,2026-09-15
2020-09-17,JPY,104.59,ecb,2026-09-15
2020-09-17,KRW,1172.47,ecb,2026-09-15
2020-09-18,JPY,104.36,ecb,2026-09-15
2020-09-18,KRW,1162.82,ecb,2026-09-15
2020-09-21,JPY,104.10,ecb,2026-09-15
2020-09-21,KRW,1164.71,ecb,2026-09-15
2020-09-22,JPY,104.58,ecb,2026-09-15
2020-09-22,KRW,1161.73,ecb,2026-09-15
2020-09-23,JPY,105.12,ecb,2026-09-15
2020-09-23,KRW,1165.58,ecb,2026-09-15
2020-09-24,JPY,105.39,ecb,2026-09-15
2020-09-24,KRW,1174.37,ecb,2026-09-15
2020-09-25,JPY,105.50,ecb,2026-09-15
2020-09-25,KRW,1175.49,ecb,2026-09-15
2020-09-28,JPY,105.42,ecb,2026-09-15
2020-09-28,KRW,1169.43,ecb,2026-09-15
2020-09-29,JPY,105.63,ecb,2026-09-15
2020-09-29,KRW,1167.23,ecb,2026-09-15
2020-09-30,JPY,105.71,ecb,2026-09-15
2020-09-30,KRW,1168.87,ecb,2026-09-15
2020-10-01,JPY,105.50,ecb,2026-09-15
2020-10-01,KRW,1161.53,ecb,2026-09-15
2020-10-02,JPY,105.20,ecb,2026-09-15
2020-10-02,KRW,1163.41,ecb,2026-09-15
2020-10-05,JPY,105.58,ecb,2026-09-15
2020-10-05,KRW,1158.84,ecb,2026-09-15
2020-10-06,JPY,105.62,ecb,2026-09-15
2020-10-06,KRW,1160.23,ecb,2026-09-15
2020-10-07,JPY,105.97,ecb,2026-09-15
2020-10-07,KRW,1157.77,ecb,2026-09-15
2020-10-08,JPY,105.98,ecb,2026-09-15
2020-10-08,KRW,1152.13,ecb,2026-09-15
2020-10-09,JPY,105.93,ecb,2026-09-15
2020-10-09,KRW,1144.99,ecb,2026-09-15
2020-10-12,JPY,105.44,ecb,2026-09-15
2020-10-12,KRW,1148.66,ecb,2026-09-15
2020-10-13,JPY,105.52,ecb,2026-09-15
2020-10-13,KRW,1146.18,ecb,2026-09-15
2020-10-14,JPY,105.28,ecb,2026-09-15
2020-10-14,KRW,1146.13,ecb,2026-09-15
2020-10-15,JPY,105.27,ecb,2026-09-15
2020-10-15,KRW,1148.98,ecb,2026-09-15
2020-10-16,JPY,105.26,ecb,2026-09-15
2020-10-16,KRW,1142.29,ecb,2026-09-15
2020-10-19,JPY,105.31,ecb,2026-09-15
2020-10-19,KRW,1138.17,ecb,2026-09-15
2020-10-20,JPY,105.66,ecb,2026-09-15
2020-10-20,KRW,1140.01,ecb,2026-09-15
2020-10-21,JPY,104.85,ecb,2026-09-15
2020-10-21,KRW,1133.21,ecb,2026-09-15
2020-10-22,JPY,104.66,ecb,2026-09-15
2020-10-22,KRW,1134.98,ecb,2026-09-15
2020-10-23,JPY,104.73,ecb,2026-09-15
2020-10-23,KRW,1128.98,ecb,2026-09-15
2020-10-26,JPY,105.03,ecb,2026-09-15
2020-10-26,KRW,1132.34,ecb,2026-09-15
2020-10-27,JPY,104.58,ecb,2026-09-15
2020-10-27,KRW,1126.51,ecb,2026-09-15
2020-10-28,JPY,104.34,ecb,2026-09-15
2020-10-28,KRW,1136.28,ecb,2026-09-15
2020-10-29,JPY,104.31,ecb,2026-09-15
2020-10-29,KRW,1133.73,ecb,2026-09-15
2020-10-30,JPY,104.60,ecb,2026-09-15
2020-10-30,KRW,1131.99,ecb,2026-09-15
2020-11-02,JPY,104.64,ecb,2026-09-15
2020-11-02,KRW,1133.38,ecb,2026-09-15
2020-11-03,JPY,104.73,ecb,2026-09-15
2020-11-03,KRW,1131.21,ecb,2026-09-15
2020-11-04,JPY,104.35,ecb,2026-09-15
2020-11-04,KRW,1132.36,ecb,2026-09-15
2020-11-05,JPY,103.64,ecb,2026-09-15
2020-11-05,KRW,1122.46,ecb,2026-09-15
2020-11-06,JPY,103.34,ecb,2026-09-15
2020-11-06,KRW,1122.66,ecb,2026-09-15
2020-11-09,JPY,104.91,ecb,2026-09-15
2020-11-09,KRW,1112.03,ecb,2026-09-15
2020-11-10,JPY,105.32,ecb,2026-09-15
2020-11-10,KRW,1116.98,ecb,2026-09-15
2020-11-11,JPY,105.45,ecb,2026-09-15
2020-11-11,KRW,1114.35,ecb,2026-09-15
2020-11-12,JPY,105.38,ecb,2026-09-15
2020-11-12,KRW,1114.74,ecb,2026-09-15
2020-11-13,JPY,104.85,ecb,2026-09-15
2020-11-13,KRW,1110.32,ecb,2026-09-15
2020-11-16,JPY,104.95,ecb,2026-09-15
2020-11-16,KRW,1107.78,ecb,2026-09-15
2020-11-17,JPY,104.17,ecb,2026-09-15
2020-11-17,KRW,1106.50,ecb,2026-09-15
2020-11-18,JPY,103.88,ecb,2026-09-15
2020-11-18,KRW,1104.27,ecb,2026-09-15
2020-11-19,JPY,104.02,ecb,2026-09-15
2020-11-19,KRW,1116.52,ecb,2026-09-15
2020-11-20,JPY,103.84,ecb,2026-09-15
2020-11-20,KRW,1115.45,ecb,2026-09-15
2020-11-23,JPY,103.75,ecb,2026-09-15
2020-11-23,KRW,1111.95,ecb,2026-09-15
2020-11-24,JPY,104.56,ecb,2026-09-15
2020-11-24,KRW,1111.48,ecb,2026-09-15
2020-11-25,JPY,104.45,ecb,2026-09-15
2020-11-25,KRW,1106.49,ecb,2026-09-15
2020-11-26,JPY,104.24,ecb,2026-09-15
2020-11-26,KRW,1107.76,ecb,2026-09-15
2020-11-27,JPY,104.20,ecb,2026-09-15
2020-11-27,KRW,1105.55,ecb,2026-09-15
2020-11-30,JPY,104.17,ecb,2026-09-15
2020-11-30,KRW,1106.91,ecb,2026-09-15
2020-12-01,JPY,104.38,ecb,2026-09-15
2020-12-01,KRW,1108.56,ecb,2026-09-15
2020-12-02,JPY,104.53,ecb,2026-09-15
2020-12-02,KRW,1102.44,ecb,2026-09-15
2020-12-03,JPY,104.10,ecb,2026-09-15
2020-12-03,KRW,1091.19,ecb,2026-09-15
2020-12-04,JPY,103.99,ecb,2026-09-15
2020-12-04,KRW,1086.11,ecb,2026-09-15
2020-12-07,JPY,104.14,ecb,2026-09-15
2020-12-07,KRW,1085.82,ecb,2026-09-15
2020-12-08,JPY,104.16,ecb,2026-09-15
2020-12-08,KRW,1085.13,ecb,2026-09-15
2020-12-09,JPY,104.10,ecb,2026-09-15
2020-12-09,KRW,1085.37,ecb,2026-09-15
2020-12-10,JPY,104.44,ecb,2026-09-15
2020-12-10,KRW,1088.34,ecb,2026-09-15
2020-12-11,JPY,104.13,ecb,2026-09-15
2020-12-11,KRW,1092.87,ecb,2026-09-15
2020-12-14,JPY,103.69,ecb,2026-09-15
2020-12-14,KRW,1091.51,ecb,2026-09-15
2020-12-15,JPY,103.86,ecb,2026-09-15
2020-12-15,KRW,1093.65,ecb,2026-09-15
2020-12-16,JPY,103.35,ecb,2026-09-15
2020-12-16,KRW,1093.53,ecb,2026-09-15
2020-12-17,JPY,103.05,ecb,2026-09-15
2020-12-17,KRW,1092.99,ecb,2026-09-15
2020-12-18,JPY,103.34,ecb,2026-09-15
2020-12-18,KRW,1098.74,ecb,2026-09-15
2020-12-21,JPY,103.54,ecb,2026-09-15
2020-12-21,KRW,1109.44,ecb,2026-09-15
2020-12-22,JPY,103.37,ecb,2026-09-15
2020-12-22,KRW,1105.84,ecb,2026-09-15
2020-12-23,JPY,103.56,ecb,2026-09-15
2020-12-23,KRW,1107.55,ecb,2026-09-15
2020-12-24,JPY,103.65,ecb,2026-09-15
2020-12-24,KRW,1103.07,ecb,2026-09-15
2020-12-28,JPY,103.56,ecb,2026-09-15
2020-12-28,KRW,1097.36,ecb,2026-09-15
2020-12-29,JPY,103.78,ecb,2026-09-15
2020-12-29,KRW,1093.34,ecb,2026-09-15
2020-12-30,JPY,103.06,ecb,2026-09-15
2020-12-30,KRW,1087.72,ecb,2026-09-15
2020-12-31,JPY,103.08,ecb,2026-09-15
2020-12-31,KRW,1088.75,ecb,2026-09-15
2021-01-04,JPY,102.98,ecb,2026-09-15
2021-01-04,KRW,1083.30,ecb,2026-09-15
2021-01-05,JPY,102.88,ecb,2026-09-15
2021-01-05,KRW,1088.62,ecb,2026-09-15
2021-01-06,JPY,102.96,ecb,2026-09-15
2021-01-06,KRW,1085.51,ecb,2026-09-15
2021-01-07,JPY,103.56,ecb,2026-09-15
2021-01-07,KRW,1093.43,ecb,2026-09-15
2021-01-08,JPY,103.89,ecb,2026-09-15
2021-01-08,KRW,1092.16,ecb,2026-09-15
2021-01-11,JPY,104.22,ecb,2026-09-15
2021-01-11,KRW,1098.22,ecb,2026-09-15
2021-01-12,JPY,104.22,ecb,2026-09-15
2021-01-12,KRW,1098.91,ecb,2026-09-15
2021-01-13,JPY,103.93,ecb,2026-09-15
2021-01-13,KRW,1097.48,ecb,2026-09-15
2021-01-14,JPY,104.10,ecb,2026-09-15
2021-01-14,KRW,1097.30,ecb,2026-09-15
2021-01-15,JPY,103.72,ecb,2026-09-15
2021-01-15,KRW,1100.06,ecb,2026-09-15
2021-01-18,JPY,103.76,ecb,2026-09-15
2021-01-18,KRW,1106.64,ecb,2026-09-15
2021-01-19,JPY,103.99,ecb,2026-09-15
2021-01-19,KRW,1102.49,ecb,2026-09-15
2021-01-20,JPY,103.81,ecb,2026-09-15
2021-01-20,KRW,1102.07,ecb,2026-09-15
2021-01-21,JPY,103.41,ecb,2026-09-15
2021-01-21,KRW,1099.78,ecb,2026-09-15
2021-01-22,JPY,103.79,ecb,2026-09-15
2021-01-22,KRW,1105.84,ecb,2026-09-15
2021-01-25,JPY,103.74,ecb,2026-09-15
2021-01-25,KRW,1102.85,ecb,2026-09-15
2021-01-26,JPY,103.71,ecb,2026-09-15
2021-01-26,KRW,1103.11,ecb,2026-09-15
2021-01-27,JPY,103.90,ecb,2026-09-15
2021-01-27,KRW,1106.81,ecb,2026-09-15
2021-01-28,JPY,104.38,ecb,2026-09-15
2021-01-28,KRW,1117.16,ecb,2026-09-15
2021-01-29,JPY,104.69,ecb,2026-09-15
2021-01-29,KRW,1116.50,ecb,2026-09-15
2021-02-01,JPY,104.91,ecb,2026-09-15
2021-02-01,KRW,1118.18,ecb,2026-09-15
2021-02-02,JPY,105.00,ecb,2026-09-15
2021-02-02,KRW,1115.97,ecb,2026-09-15
2021-02-03,JPY,105.06,ecb,2026-09-15
2021-02-03,KRW,1115.94,ecb,2026-09-15
2021-02-04,JPY,105.24,ecb,2026-09-15
2021-02-04,KRW,1118.09,ecb,2026-09-15
2021-02-05,JPY,105.75,ecb,2026-09-15
2021-02-05,KRW,1122.80,ecb,2026-09-15
2021-02-08,JPY,105.59,ecb,2026-09-15
2021-02-08,KRW,1120.81,ecb,2026-09-15
2021-02-09,JPY,104.58,ecb,2026-09-15
2021-02-09,KRW,1113.20,ecb,2026-09-15
2021-02-10,JPY,104.76,ecb,2026-09-15
2021-02-10,KRW,1105.52,ecb,2026-09-15
2021-02-11,JPY,104.65,ecb,2026-09-15
2021-02-11,KRW,1103.13,ecb,2026-09-15
2021-02-12,JPY,105.01,ecb,2026-09-15
2021-02-12,KRW,1105.04,ecb,2026-09-15
2021-02-15,JPY,105.30,ecb,2026-09-15
2021-02-15,KRW,1102.42,ecb,2026-09-15
2021-02-16,JPY,105.54,ecb,2026-09-15
2021-02-16,KRW,1104.41,ecb,2026-09-15
2021-02-17,JPY,106.09,ecb,2026-09-15
2021-02-17,KRW,1106.77,ecb,2026-09-15
2021-02-18,JPY,105.67,ecb,2026-09-15
2021-02-18,KRW,1106.30,ecb,2026-09-15
2021-02-19,JPY,105.29,ecb,2026-09-15
2021-02-19,KRW,1103.54,ecb,2026-09-15
2021-02-22,JPY,105.50,ecb,2026-09-15
2021-02-22,KRW,1113.35,ecb,2026-09-15
2021-02-23,JPY,105.39,ecb,2026-09-15
2021-02-23,KRW,1113.17,ecb,2026-09-15
2021-02-24,JPY,105.95,ecb,2026-09-15
2021-02-24,KRW,1108.31,ecb,2026-09-15
2021-02-25,JPY,106.12,ecb,2026-09-15
2021-02-25,KRW,1111.77,ecb,2026-09-15
2021-02-26,JPY,106.29,ecb,2026-09-15
2021-02-26,KRW,1127.88,ecb,2026-09-15
2021-03-01,JPY,106.72,ecb,2026-09-15
2021-03-01,KRW,1122.38,ecb,2026-09-15
2021-03-02,JPY,106.90,ecb,2026-09-15
2021-03-02,KRW,1126.01,ecb,2026-09-15
2021-03-03,JPY,106.91,ecb,2026-09-15
2021-03-03,KRW,1118.22,ecb,2026-09-15
2021-03-04,JPY,107.39,ecb,2026-09-15
2021-03-04,KRW,1125.05,ecb,2026-09-15
2021-03-05,JPY,108.31,ecb,2026-09-15
2021-03-05,KRW,1128.42,ecb,2026-09-15
2021-03-08,JPY,108.63,ecb,2026-09-15
2021-03-08,KRW,1139.12,ecb,2026-09-15
2021-03-09,JPY,108.88,ecb,2026-09-15
2021-03-09,KRW,1138.31,ecb,2026-09-15
2021-03-10,JPY,108.58,ecb,2026-09-15
2021-03-10,KRW,1141.15,ecb,2026-09-15
2021-03-11,JPY,108.46,ecb,2026-09-15
2021-03-11,KRW,1130.50,ecb,2026-09-15
2021-03-12,JPY,109.06,ecb,2026-09-15
2021-03-12,KRW,1135.45,ecb,2026-09-15
2021-03-15,JPY,109.20,ecb,2026-09-15
2021-03-15,KRW,1134.20,ecb,2026-09-15
2021-03-16,JPY,108.90,ecb,2026-09-15
2021-03-16,KRW,1129.77,ecb,2026-09-15
2021-03-17,JPY,109.20,ecb,2026-09-15
2021-03-17,KRW,1130.97,ecb,2026-09-15
2021-03-18,JPY,109.20,ecb,2026-09-15
2021-03-18,KRW,1127.64,ecb,2026-09-15
2021-03-19,JPY,108.94,ecb,2026-09-15
2021-03-19,KRW,1130.85,ecb,2026-09-15
2021-03-22,JPY,108.81,ecb,2026-09-15
2021-03-22,KRW,1127.60,ecb,2026-09-15
2021-03-23,JPY,108.55,ecb,2026-09-15
2021-03-23,KRW,1129.75,ecb,2026-09-15
2021-03-24,JPY,108.75,ecb,2026-09-15
2021-03-24,KRW,1131.60,ecb,2026-09-15
2021-03-25,JPY,109.09,ecb,2026-09-15
2021-03-25,KRW,1136.15,ecb,2026-09-15
2021-03-26,JPY,109.78,ecb,2026-09-15
2021-03-26,KRW,1130.68,ecb,2026-09-15
2021-03-29,JPY,109.63,ecb,2026-09-15
2021-03-29,KRW,1132.46,ecb,2026-09-15
2021-03-30,JPY,110.28,ecb,2026-09-15
2021-03-30,KRW,1133.93,ecb,2026-09-15
2021-03-31,JPY,110.80,ecb,2026-09-15
2021-03-31,KRW,1129.37,ecb,2026-09-15
2021-04-01,JPY,110.70,ecb,2026-09-15
2021-04-01,KRW,1130.90,ecb,2026-09-15
2021-04-06,JPY,110.29,ecb,2026-09-15
2021-04-06,KRW,1120.18,ecb,2026-09-15
2021-04-07,JPY,109.86,ecb,2026-09-15
2021-04-07,KRW,1117.51,ecb,2026-09-15
2021-04-08,JPY,109.25,ecb,2026-09-15
2021-04-08,KRW,1115.90,ecb,2026-09-15
2021-04-09,JPY,109.71,ecb,2026-09-15
2021-04-09,KRW,1119.85,ecb,2026-09-15
2021-04-12,JPY,109.38,ecb,2026-09-15
2021-04-12,KRW,1124.38,ecb,2026-09-15
2021-04-13,JPY,109.47,ecb,2026-09-15
2021-04-13,KRW,1124.18,ecb,2026-09-15
2021-04-14,JPY,108.94,ecb,2026-09-15
2021-04-14,KRW,1114.90,ecb,2026-09-15
2021-04-15,JPY,108.72,ecb,2026-09-15
2021-04-15,KRW,1115.54,ecb,2026-09-15
2021-04-16,JPY,108.77,ecb,2026-09-15
2021-04-16,KRW,1114.38,ecb,2026-09-15
2021-04-19,JPY,108.09,ecb,2026-09-15
2021-04-19,KRW,1114.16,ecb,2026-09-15
2021-04-20,JPY,108.41,ecb,2026-09-15
2021-04-20,KRW,1114.36,ecb,2026-09-15
2021-04-21,JPY,108.10,ecb,2026-09-15
2021-04-21,KRW,1119.52,ecb,2026-09-15
2021-04-22,JPY,108.17,ecb,2026-09-15
2021-04-22,KRW,1117.56,ecb,2026-09-15
2021-04-23,JPY,107.72,ecb,2026-09-15
2021-04-23,KRW,1116.38,ecb,2026-09-15
2021-04-26,JPY,108.02,ecb,2026-09-15
2021-04-26,KRW,1111.76,ecb,2026-09-15
2021-04-27,JPY,108.27,ecb,2026-09-15
2021-04-27,KRW,1111.41,ecb,2026-09-15
2021-04-28,JPY,108.92,ecb,2026-09-15
2021-04-28,KRW,1114.29,ecb,2026-09-15
2021-04-29,JPY,108.99,ecb,2026-09-15
2021-04-29,KRW,1107.59,ecb,2026-09-15
2021-04-30,JPY,108.94,ecb,2026-09-15
2021-04-30,KRW,1114.25,ecb,2026-09-15
2021-05-03,JPY,109.52,ecb,2026-09-15
2021-05-03,KRW,1122.51,ecb,2026-09-15
2021-05-04,JPY,109.19,ecb,2026-09-15
2021-05-04,KRW,1126.00,ecb,2026-09-15
2021-05-05,JPY,109.29,ecb,2026-09-15
2021-05-05,KRW,1125.35,ecb,2026-09-15
2021-05-06,JPY,109.20,ecb,2026-09-15
2021-05-06,KRW,1121.71,ecb,2026-09-15
2021-05-07,JPY,109.26,ecb,2026-09-15
2021-05-07,KRW,1119.93,ecb,2026-09-15
2021-05-10,JPY,108.73,ecb,2026-09-15
2021-05-10,KRW,1111.96,ecb,2026-09-15
2021-05-11,JPY,108.56,ecb,2026-09-15
2021-05-11,KRW,1118.51,ecb,2026-09-15
2021-05-12,JPY,108.78,ecb,2026-09-15
2021-05-12,KRW,1124.76,ecb,2026-09-15
2021-05-13,JPY,109.57,ecb,2026-09-15
2021-05-13,KRW,1132.38,ecb,2026-09-15
2021-05-14,JPY,109.29,ecb,2026-09-15
2021-05-14,KRW,1128.49,ecb,2026-09-15
2021-05-17,JPY,109.20,ecb,2026-09-15
2021-05-17,KRW,1138.25,ecb,2026-09-15
2021-05-18,JPY,108.89,ecb,2026-09-15
2021-05-18,KRW,1127.57,ecb,2026-09-15
2021-05-19,JPY,109.15,ecb,2026-09-15
2021-05-19,KRW,1129.95,ecb,2026-09-15
2021-05-20,JPY,108.95,ecb,2026-09-15
2021-05-20,KRW,1130.79,ecb,2026-09-15
2021-05-21,JPY,108.80,ecb,2026-09-15
2021-05-21,KRW,1126.56,ecb,2026-09-15
2021-05-24,JPY,108.88,ecb,2026-09-15
2021-05-24,KRW,1126.29,ecb,2026-09-15
2021-05-25,JPY,108.85,ecb,2026-09-15
2021-05-25,KRW,1121.63,ecb,2026-09-15
2021-05-26,JPY,108.89,ecb,2026-09-15
2021-05-26,KRW,1117.02,ecb,2026-09-15
2021-05-27,JPY,109.38,ecb,2026-09-15
2021-05-27,KRW,1117.10,ecb,2026-09-15
2021-05-28,JPY,110.07,ecb,2026-09-15
2021-05-28,KRW,1116.67,ecb,2026-09-15
2021-05-31,JPY,109.65,ecb,2026-09-15
2021-05-31,KRW,1108.14,ecb,2026-09-15
2021-06-01,JPY,109.65,ecb,2026-09-15
2021-06-01,KRW,1108.70,ecb,2026-09-15
2021-06-02,JPY,109.73,ecb,2026-09-15
2021-06-02,KRW,1112.84,ecb,2026-09-15
2021-06-03,JPY,109.80,ecb,2026-09-15
2021-06-03,KRW,1114.10,ecb,2026-09-15
2021-06-04,JPY,110.09,ecb,2026-09-15
2021-06-04,KRW,1116.56,ecb,2026-09-15
2021-06-07,JPY,109.34,ecb,2026-09-15
2021-06-07,KRW,1111.03,ecb,2026-09-15
2021-06-08,JPY,109.41,ecb,2026-09-15
2021-06-08,KRW,1115.36,ecb,2026-09-15
2021-06-09,JPY,109.37,ecb,2026-09-15
2021-06-09,KRW,1115.13,ecb,2026-09-15
2021-06-10,JPY,109.54,ecb,2026-09-15
2021-06-10,KRW,1116.12,ecb,2026-09-15
2021-06-11,JPY,109.59,ecb,2026-09-15
2021-06-11,KRW,1114.30,ecb,2026-09-15
2021-06-14,JPY,109.77,ecb,2026-09-15
2021-06-14,KRW,1118.78,ecb,2026-09-15
2021-06-15,JPY,110.08,ecb,2026-09-15
2021-06-15,KRW,1118.35,ecb,2026-09-15
2021-06-16,JPY,109.86,ecb,2026-09-15
2021-06-16,KRW,1118.63,ecb,2026-09-15
2021-06-17,JPY,110.66,ecb,2026-09-15
2021-06-17,KRW,1134.34,ecb,2026-09-15
2021-06-18,JPY,110.20,ecb,2026-09-15
2021-06-18,KRW,1132.23,ecb,2026-09-15
2021-06-21,JPY,110.09,ecb,2026-09-15
2021-06-21,KRW,1134.63,ecb,2026-09-15
2021-06-22,JPY,110.56,ecb,2026-09-15
2021-06-22,KRW,1135.63,ecb,2026-09-15
2021-06-23,JPY,110.82,ecb,2026-09-15
2021-06-23,KRW,1136.27,ecb,2026-09-15
2021-06-24,JPY,110.76,ecb,2026-09-15
2021-06-24,KRW,1131.93,ecb,2026-09-15
2021-06-25,JPY,110.69,ecb,2026-09-15
2021-06-25,KRW,1126.65,ecb,2026-09-15
2021-06-28,JPY,110.94,ecb,2026-09-15
2021-06-28,KRW,1131.75,ecb,2026-09-15
2021-06-29,JPY,110.65,ecb,2026-09-15
2021-06-29,KRW,1128.24,ecb,2026-09-15
2021-06-30,JPY,110.59,ecb,2026-09-15
2021-06-30,KRW,1128.75,ecb,2026-09-15
2021-07-01,JPY,111.43,ecb,2026-09-15
2021-07-01,KRW,1132.50,ecb,2026-09-15
2021-07-02,JPY,111.43,ecb,2026-09-15
2021-07-02,KRW,1136.34,ecb,2026-09-15
2021-07-05,JPY,110.89,ecb,2026-09-15
2021-07-05,KRW,1130.31,ecb,2026-09-15
2021-07-06,JPY,110.65,ecb,2026-09-15
2021-07-06,KRW,1133.36,ecb,2026-09-15
2021-07-07,JPY,110.61,ecb,2026-09-15
2021-07-07,KRW,1136.75,ecb,2026-09-15
2021-07-08,JPY,109.74,ecb,2026-09-15
2021-07-08,KRW,1149.97,ecb,2026-09-15
2021-07-09,JPY,110.02,ecb,2026-09-15
2021-07-09,KRW,1145.39,ecb,2026-09-15
2021-07-12,JPY,110.15,ecb,2026-09-15
2021-07-12,KRW,1149.13,ecb,2026-09-15
2021-07-13,JPY,110.22,ecb,2026-09-15
2021-07-13,KRW,1145.53,ecb,2026-09-15
2021-07-14,JPY,110.31,ecb,2026-09-15
2021-07-14,KRW,1147.34,ecb,2026-09-15
2021-07-15,JPY,110.03,ecb,2026-09-15
2021-07-15,KRW,1143.31,ecb,2026-09-15
2021-07-16,JPY,110.18,ecb,2026-09-15
2021-07-16,KRW,1142.13,ecb,2026-09-15
2021-07-19,JPY,109.60,ecb,2026-09-15
2021-07-19,KRW,1153.77,ecb,2026-09-15
2021-07-20,JPY,109.58,ecb,2026-09-15
2021-07-20,KRW,1148.53,ecb,2026-09-15
2021-07-21,JPY,110.12,ecb,2026-09-15
2021-07-21,KRW,1154.91,ecb,2026-09-15
2021-07-22,JPY,110.26,ecb,2026-09-15
2021-07-22,KRW,1148.70,ecb,2026-09-15
2021-07-23,JPY,110.57,ecb,2026-09-15
2021-07-23,KRW,1150.84,ecb,2026-09-15
2021-07-26,JPY,110.33,ecb,2026-09-15
2021-07-26,KRW,1154.40,ecb,2026-09-15
2021-07-27,JPY,110.06,ecb,2026-09-15
2021-07-27,KRW,1152.20,ecb,2026-09-15
2021-07-28,JPY,110.08,ecb,2026-09-15
2021-07-28,KRW,1154.39,ecb,2026-09-15
2021-07-29,JPY,109.84,ecb,2026-09-15
2021-07-29,KRW,1145.52,ecb,2026-09-15
2021-07-30,JPY,109.65,ecb,2026-09-15
2021-07-30,KRW,1151.07,ecb,2026-09-15
2021-08-02,JPY,109.52,ecb,2026-09-15
2021-08-02,KRW,1150.66,ecb,2026-09-15
2021-08-03,JPY,109.13,ecb,2026-09-15
2021-08-03,KRW,1148.16,ecb,2026-09-15
2021-08-04,JPY,109.02,ecb,2026-09-15
2021-08-04,KRW,1142.77,ecb,2026-09-15
2021-08-05,JPY,109.53,ecb,2026-09-15
2021-08-05,KRW,1142.06,ecb,2026-09-15
2021-08-06,JPY,109.80,ecb,2026-09-15
2021-08-06,KRW,1142.67,ecb,2026-09-15
2021-08-09,JPY,110.11,ecb,2026-09-15
2021-08-09,KRW,1144.31,ecb,2026-09-15
2021-08-10,JPY,110.46,ecb,2026-09-15
2021-08-10,KRW,1151.48,ecb,2026-09-15
2021-08-11,JPY,110.67,ecb,2026-09-15
2021-08-11,KRW,1158.40,ecb,2026-09-15
2021-08-12,JPY,110.41,ecb,2026-09-15
2021-08-12,KRW,1162.95,ecb,2026-09-15
2021-08-13,JPY,110.19,ecb,2026-09-15
2021-08-13,KRW,1164.44,ecb,2026-09-15
2021-08-16,JPY,109.37,ecb,2026-09-15
2021-08-16,KRW,1167.25,ecb,2026-09-15
2021-08-17,JPY,109.26,ecb,2026-09-15
2021-08-17,KRW,1174.39,ecb,2026-09-15
2021-08-18,JPY,109.76,ecb,2026-09-15
2021-08-18,KRW,1170.31,ecb,2026-09-15
2021-08-19,JPY,109.62,ecb,2026-09-15
2021-08-19,KRW,1175.91,ecb,2026-09-15
2021-08-20,JPY,109.65,ecb,2026-09-15
2021-08-20,KRW,1182.98,ecb,2026-09-15
2021-08-23,JPY,110.10,ecb,2026-09-15
2021-08-23,KRW,1171.31,ecb,2026-09-15
2021-08-24,JPY,109.66,ecb,2026-09-15
2021-08-24,KRW,1166.10,ecb,2026-09-15
2021-08-25,JPY,109.92,ecb,2026-09-15
2021-08-25,KRW,1167.49,ecb,2026-09-15
2021-08-26,JPY,110.14,ecb,2026-09-15
2021-08-26,KRW,1167.13,ecb,2026-09-15
2021-08-27,JPY,110.19,ecb,2026-09-15
2021-08-27,KRW,1169.78,ecb,2026-09-15
2021-08-30,JPY,109.87,ecb,2026-09-15
2021-08-30,KRW,1165.18,ecb,2026-09-15
2021-08-31,JPY,109.81,ecb,2026-09-15
2021-08-31,KRW,1157.71,ecb,2026-09-15
2021-09-01,JPY,110.31,ecb,2026-09-15
2021-09-01,KRW,1158.71,ecb,2026-09-15
2021-09-02,JPY,110.00,ecb,2026-09-15
2021-09-02,KRW,1158.75,ecb,2026-09-15
2021-09-03,JPY,109.96,ecb,2026-09-15
2021-09-03,KRW,1157.40,ecb,2026-09-15
2021-09-06,JPY,109.86,ecb,2026-09-15
2021-09-06,KRW,1156.82,ecb,2026-09-15
2021-09-07,JPY,110.04,ecb,2026-09-15
2021-09-07,KRW,1163.70,ecb,2026-09-15
2021-09-08,JPY,110.18,ecb,2026-09-15
2021-09-08,KRW,1165.09,ecb,2026-09-15
2021-09-09,JPY,109.90,ecb,2026-09-15
2021-09-09,KRW,1168.04,ecb,2026-09-15
2021-09-10,JPY,109.81,ecb,2026-09-15
2021-09-10,KRW,1165.91,ecb,2026-09-15
2021-09-13,JPY,110.03,ecb,2026-09-15
2021-09-13,KRW,1174.65,ecb,2026-09-15
2021-09-14,JPY,110.11,ecb,2026-09-15
2021-09-14,KRW,1170.36,ecb,2026-09-15
2021-09-15,JPY,109.19,ecb,2026-09-15
2021-09-15,KRW,1167.77,ecb,2026-09-15
2021-09-16,JPY,109.39,ecb,2026-09-15
2021-09-16,KRW,1173.54,ecb,2026-09-15
2021-09-17,JPY,110.03,ecb,2026-09-15
2021-09-17,KRW,1176.79,ecb,2026-09-15
2021-09-20,JPY,109.45,ecb,2026-09-15
2021-09-20,KRW,1189.75,ecb,2026-09-15
2021-09-21,JPY,109.34,ecb,2026-09-15
2021-09-21,KRW,1183.21,ecb,2026-09-15
2021-09-22,JPY,109.56,ecb,2026-09-15
2021-09-22,KRW,1183.28,ecb,2026-09-15
2021-09-23,JPY,110.01,ecb,2026-09-15
2021-09-23,KRW,1173.48,ecb,2026-09-15
2021-09-24,JPY,110.50,ecb,2026-09-15
2021-09-24,KRW,1179.74,ecb,2026-09-15
2021-09-27,JPY,110.91,ecb,2026-09-15
2021-09-27,KRW,1181.43,ecb,2026-09-15
2021-09-28,JPY,111.47,ecb,2026-09-15
2021-09-28,KRW,1186.34,ecb,2026-09-15
2021-09-29,JPY,111.46,ecb,2026-09-15
2021-09-29,KRW,1185.17,ecb,2026-09-15
2021-09-30,JPY,111.99,ecb,2026-09-15
2021-09-30,KRW,1184.54,ecb,2026-09-15
2021-10-01,JPY,111.18,ecb,2026-09-15
2021-10-01,KRW,1182.17,ecb,2026-09-15
2021-10-04,JPY,111.04,ecb,2026-09-15
2021-10-04,KRW,1179.53,ecb,2026-09-15
2021-10-05,JPY,111.18,ecb,2026-09-15
2021-10-05,KRW,1186.11,ecb,2026-09-15
2021-10-06,JPY,111.35,ecb,2026-09-15
2021-10-06,KRW,1195.56,ecb,2026-09-15
2021-10-07,JPY,111.38,ecb,2026-09-15
2021-10-07,KRW,1189.99,ecb,2026-09-15
2021-10-08,JPY,111.78,ecb,2026-09-15
2021-10-08,KRW,1194.40,ecb,2026-09-15
2021-10-11,JPY,112.93,ecb,2026-09-15
2021-10-11,KRW,1195.29,ecb,2026-09-15
2021-10-12,JPY,113.42,ecb,2026-09-15
2021-10-12,KRW,1197.23,ecb,2026-09-15
2021-10-13,JPY,113.56,ecb,2026-09-15
2021-10-13,KRW,1191.95,ecb,2026-09-15
2021-10-14,JPY,113.47,ecb,2026-09-15
2021-10-14,KRW,1185.58,ecb,2026-09-15
2021-10-15,JPY,114.33,ecb,2026-09-15
2021-10-15,KRW,1181.87,ecb,2026-09-15
2021-10-18,JPY,114.15,ecb,2026-09-15
2021-10-18,KRW,1187.44,ecb,2026-09-15
2021-10-19,JPY,114.22,ecb,2026-09-15
2021-10-19,KRW,1178.00,ecb,2026-09-15
2021-10-20,JPY,114.24,ecb,2026-09-15
2021-10-20,KRW,1173.80,ecb,2026-09-15
2021-10-21,JPY,114.16,ecb,2026-09-15
2021-10-21,KRW,1177.79,ecb,2026-09-15
2021-10-22,JPY,113.87,ecb,2026-09-15
2021-10-22,KRW,1176.60,ecb,2026-09-15
2021-10-25,JPY,113.66,ecb,2026-09-15
2021-10-25,KRW,1169.78,ecb,2026-09-15
2021-10-26,JPY,114.02,ecb,2026-09-15
2021-10-26,KRW,1165.53,ecb,2026-09-15
2021-10-27,JPY,113.63,ecb,2026-09-15
2021-10-27,KRW,1171.08,ecb,2026-09-15
2021-10-28,JPY,113.60,ecb,2026-09-15
2021-10-28,KRW,1171.13,ecb,2026-09-15
2021-10-29,JPY,113.89,ecb,2026-09-15
2021-10-29,KRW,1170.39,ecb,2026-09-15
2021-11-01,JPY,114.17,ecb,2026-09-15
2021-11-01,KRW,1177.99,ecb,2026-09-15
2021-11-02,JPY,113.79,ecb,2026-09-15
2021-11-02,KRW,1175.53,ecb,2026-09-15
2021-11-03,JPY,113.92,ecb,2026-09-15
2021-11-03,KRW,1182.46,ecb,2026-09-15
2021-11-04,JPY,113.90,ecb,2026-09-15
2021-11-04,KRW,1183.62,ecb,2026-09-15
2021-11-05,JPY,113.71,ecb,2026-09-15
2021-11-05,KRW,1186.52,ecb,2026-09-15
2021-11-08,JPY,113.39,ecb,2026-09-15
2021-11-08,KRW,1181.90,ecb,2026-09-15
2021-11-09,JPY,113.07,ecb,2026-09-15
2021-11-09,KRW,1176.88,ecb,2026-09-15
2021-11-10,JPY,113.25,ecb,2026-09-15
2021-11-10,KRW,1178.91,ecb,2026-09-15
2021-11-11,JPY,113.95,ecb,2026-09-15
2021-11-11,KRW,1180.74,ecb,2026-09-15
2021-11-12,JPY,113.99,ecb,2026-09-15
2021-11-12,KRW,1178.46,ecb,2026-09-15
2021-11-15,JPY,113.88,ecb,2026-09-15
2021-11-15,KRW,1179.97,ecb,2026-09-15
2021-11-16,JPY,114.26,ecb,2026-09-15
2021-11-16,KRW,1181.39,ecb,2026-09-15
2021-11-17,JPY,114.69,ecb,2026-09-15
2021-11-17,KRW,1181.88,ecb,2026-09-15
2021-11-18,JPY,114.22,ecb,2026-09-15
2021-11-18,KRW,1183.13,ecb,2026-09-15
2021-11-19,JPY,113.76,ecb,2026-09-15
2021-11-19,KRW,1193.01,ecb,2026-09-15
2021-11-22,JPY,114.11,ecb,2026-09-15
2021-11-22,KRW,1187.02,ecb,2026-09-15
2021-11-23,JPY,114.89,ecb,2026-09-15
2021-11-23,KRW,1190.69,ecb,2026-09-15
2021-11-24,JPY,115.17,ecb,2026-09-15
2021-11-24,KRW,1188.21,ecb,2026-09-15
2021-11-25,JPY,115.31,ecb,2026-09-15
2021-11-25,KRW,1191.34,ecb,2026-09-15
2021-11-26,JPY,114.09,ecb,2026-09-15
2021-11-26,KRW,1194.67,ecb,2026-09-15
2021-11-29,JPY,113.70,ecb,2026-09-15
2021-11-29,KRW,1192.56,ecb,2026-09-15
2021-11-30,JPY,112.82,ecb,2026-09-15
2021-11-30,KRW,1188.32,ecb,2026-09-15
2021-12-01,JPY,113.37,ecb,2026-09-15
2021-12-01,KRW,1176.00,ecb,2026-09-15
2021-12-02,JPY,112.83,ecb,2026-09-15
2021-12-02,KRW,1176.09,ecb,2026-09-15
2021-12-03,JPY,113.34,ecb,2026-09-15
2021-12-03,KRW,1181.51,ecb,2026-09-15
2021-12-06,JPY,113.21,ecb,2026-09-15
2021-12-06,KRW,1181.72,ecb,2026-09-15
2021-12-07,JPY,113.57,ecb,2026-09-15
2021-12-07,KRW,1177.59,ecb,2026-09-15
2021-12-08,JPY,113.79,ecb,2026-09-15
2021-12-08,KRW,1175.55,ecb,2026-09-15
2021-12-09,JPY,113.35,ecb,2026-09-15
2021-12-09,KRW,1177.10,ecb,2026-09-15
2021-12-10,JPY,113.72,ecb,2026-09-15
2021-12-10,KRW,1181.01,ecb,2026-09-15
2021-12-13,JPY,113.66,ecb,2026-09-15
2021-12-13,KRW,1182.48,ecb,2026-09-15
2021-12-14,JPY,113.58,ecb,2026-09-15
2021-12-14,KRW,1183.40,ecb,2026-09-15
2021-12-15,JPY,113.88,ecb,2026-09-15
2021-12-15,KRW,1185.76,ecb,2026-09-15
2021-12-16,JPY,114.12,ecb,2026-09-15
2021-12-16,KRW,1183.29,ecb,2026-09-15
2021-12-17,JPY,113.22,ecb,2026-09-15
2021-12-17,KRW,1185.14,ecb,2026-09-15
2021-12-20,JPY,113.53,ecb,2026-09-15
2021-12-20,KRW,1191.70,ecb,2026-09-15
2021-12-21,JPY,113.71,ecb,2026-09-15
2021-12-21,KRW,1191.14,ecb,2026-09-15
2021-12-22,JPY,114.22,ecb,2026-09-15
2021-12-22,KRW,1191.27,ecb,2026-09-15
2021-12-23,JPY,114.40,ecb,2026-09-15
2021-12-23,KRW,1187.70,ecb,2026-09-15
2021-12-24,JPY,114.39,ecb,2026-09-15
2021-12-24,KRW,1186.87,ecb,2026-09-15
2021-12-27,JPY,114.74,ecb,2026-09-15
2021-12-27,KRW,1187.77,ecb,2026-09-15
2021-12-28,JPY,114.87,ecb,2026-09-15
2021-12-28,KRW,1187.13,ecb,2026-09-15
2021-12-29,JPY,114.99,ecb,2026-09-15
2021-12-29,KRW,1186.46,ecb,2026-09-15
2021-12-30,JPY,115.09,ecb,2026-09-15
2021-12-30,KRW,1188.95,ecb,2026-09-15
2021-12-31,JPY,115.12,ecb,2026-09-15
2021-12-31,KRW,1188.75,ecb,2026-09-15
2022-01-03,JPY,114.98,ecb,2026-09-15
2022-01-03,KRW,1192.78,ecb,2026-09-15
2022-01-04,JPY,116.30,ecb,2026-09-15
2022-01-04,KRW,1199.49,ecb,2026-09-15
2022-01-05,JPY,115.76,ecb,2026-09-15
2022-01-05,KRW,1196.76,ecb,2026-09-15
2022-01-06,JPY,115.82,ecb,2026-09-15
2022-01-06,KRW,1203.76,ecb,2026-09-15
2022-01-07,JPY,115.86,ecb,2026-09-15
2022-01-07,KRW,1203.72,ecb,2026-09-15
2022-01-10,JPY,115.26,ecb,2026-09-15
2022-01-10,KRW,1197.81,ecb,2026-09-15
2022-01-11,JPY,115.52,ecb,2026-09-15
2022-01-11,KRW,1193.41,ecb,2026-09-15
2022-01-12,JPY,115.38,ecb,2026-09-15
2022-01-12,KRW,1190.21,ecb,2026-09-15
2022-01-13,JPY,114.26,ecb,2026-09-15
2022-01-13,KRW,1185.76,ecb,2026-09-15
2022-01-14,JPY,113.72,ecb,2026-09-15
2022-01-14,KRW,1189.19,ecb,2026-09-15
2022-01-17,JPY,114.57,ecb,2026-09-15
2022-01-17,KRW,1192.57,ecb,2026-09-15
2022-01-18,JPY,114.71,ecb,2026-09-15
2022-01-18,KRW,1192.34,ecb,2026-09-15
2022-01-19,JPY,114.46,ecb,2026-09-15
2022-01-19,KRW,1187.40,ecb,2026-09-15
2022-01-20,JPY,114.24,ecb,2026-09-15
2022-01-20,KRW,1189.95,ecb,2026-09-15
2022-01-21,JPY,113.80,ecb,2026-09-15
2022-01-21,KRW,1191.30,ecb,2026-09-15
2022-01-24,JPY,113.78,ecb,2026-09-15
2022-01-24,KRW,1196.40,ecb,2026-09-15
2022-01-25,JPY,114.03,ecb,2026-09-15
2022-01-25,KRW,1198.71,ecb,2026-09-15
2022-01-26,JPY,114.27,ecb,2026-09-15
2022-01-26,KRW,1197.15,ecb,2026-09-15
2022-01-27,JPY,115.36,ecb,2026-09-15
2022-01-27,KRW,1204.75,ecb,2026-09-15
2022-01-28,JPY,115.53,ecb,2026-09-15
2022-01-28,KRW,1211.59,ecb,2026-09-15
2022-01-31,JPY,115.44,ecb,2026-09-15
2022-01-31,KRW,1209.29,ecb,2026-09-15
2022-02-01,JPY,114.67,ecb,2026-09-15
2022-02-01,KRW,1202.14,ecb,2026-09-15
2022-02-02,JPY,114.25,ecb,2026-09-15
2022-02-02,KRW,1200.42,ecb,2026-09-15
2022-02-03,JPY,114.86,ecb,2026-09-15
2022-02-03,KRW,1203.63,ecb,2026-09-15
2022-02-04,JPY,114.90,ecb,2026-09-15
2022-02-04,KRW,1198.57,ecb,2026-09-15
2022-02-07,JPY,114.96,ecb,2026-09-15
2022-02-07,KRW,1198.36,ecb,2026-09-15
2022-02-08,JPY,115.43,ecb,2026-09-15
2022-02-08,KRW,1199.05,ecb,2026-09-15
2022-02-09,JPY,115.47,ecb,2026-09-15
2022-02-09,KRW,1194.33,ecb,2026-09-15
2022-02-10,JPY,115.76,ecb,2026-09-15
2022-02-10,KRW,1195.49,ecb,2026-09-15
2022-02-11,JPY,115.83,ecb,2026-09-15
2022-02-11,KRW,1194.43,ecb,2026-09-15
2022-02-14,JPY,115.41,ecb,2026-09-15
2022-02-14,KRW,1196.98,ecb,2026-09-15
2022-02-15,JPY,115.63,ecb,2026-09-15
2022-02-15,KRW,1196.56,ecb,2026-09-15
2022-02-16,JPY,115.69,ecb,2026-09-15
2022-02-16,KRW,1197.07,ecb,2026-09-15
2022-02-17,JPY,115.07,ecb,2026-09-15
2022-02-17,KRW,1196.75,ecb,2026-09-15
2022-02-18,JPY,115.02,ecb,2026-09-15
2022-02-18,KRW,1194.69,ecb,2026-09-15
2022-02-21,JPY,114.84,ecb,2026-09-15
2022-02-21,KRW,1193.35,ecb,2026-09-15
2022-02-22,JPY,115.09,ecb,2026-09-15
2022-02-22,KRW,1193.21,ecb,2026-09-15
2022-02-23,JPY,115.11,ecb,2026-09-15
2022-02-23,KRW,1190.26,ecb,2026-09-15
2022-02-24,JPY,114.92,ecb,2026-09-15
2022-02-24,KRW,1207.29,ecb,2026-09-15
2022-02-25,JPY,115.58,ecb,2026-09-15
2022-02-25,KRW,1200.46,ecb,2026-09-15
2022-02-28,JPY,115.47,ecb,2026-09-15
2022-02-28,KRW,1203.34,ecb,2026-09-15
2022-03-01,JPY,114.81,ecb,2026-09-15
2022-03-01,KRW,1202.83,ecb,2026-09-15
2022-03-02,JPY,115.33,ecb,2026-09-15
2022-03-02,KRW,1205.65,ecb,2026-09-15
2022-03-03,JPY,115.73,ecb,2026-09-15
2022-03-03,KRW,1204.59,ecb,2026-09-15
2022-03-04,JPY,115.45,ecb,2026-09-15
2022-03-04,KRW,1218.99,ecb,2026-09-15
2022-03-07,JPY,115.24,ecb,2026-09-15
2022-03-07,KRW,1228.50,ecb,2026-09-15
2022-03-08,JPY,115.71,ecb,2026-09-15
2022-03-08,KRW,1234.59,ecb,2026-09-15
2022-03-09,JPY,115.81,ecb,2026-09-15
2022-03-09,KRW,1234.49,ecb,2026-09-15
2022-03-10,JPY,115.97,ecb,2026-09-15
2022-03-10,KRW,1227.43,ecb,2026-09-15
2022-03-11,JPY,116.89,ecb,2026-09-15
2022-03-11,KRW,1232.07,ecb,2026-09-15
2022-03-14,JPY,117.97,ecb,2026-09-15
2022-03-14,KRW,1238.84,ecb,2026-09-15
2022-03-15,JPY,117.98,ecb,2026-09-15
2022-03-15,KRW,1242.88,ecb,2026-09-15
2022-03-16,JPY,118.29,ecb,2026-09-15
2022-03-16,KRW,1231.37,ecb,2026-09-15
2022-03-17,JPY,118.79,ecb,2026-09-15
2022-03-17,KRW,1212.58,ecb,2026-09-15
2022-03-18,JPY,119.37,ecb,2026-09-15
2022-03-18,KRW,1214.85,ecb,2026-09-15
2022-03-21,JPY,119.20,ecb,2026-09-15
2022-03-21,KRW,1216.36,ecb,2026-09-15
2022-03-22,JPY,120.61,ecb,2026-09-15
2022-03-22,KRW,1218.99,ecb,2026-09-15
2022-03-23,JPY,120.76,ecb,2026-09-15
2022-03-23,KRW,1217.81,ecb,2026-09-15
2022-03-24,JPY,121.80,ecb,2026-09-15
2022-03-24,KRW,1222.93,ecb,2026-09-15
2022-03-25,JPY,121.86,ecb,2026-09-15
2022-03-25,KRW,1220.98,ecb,2026-09-15
2022-03-28,JPY,123.96,ecb,2026-09-15
2022-03-28,KRW,1224.23,ecb,2026-09-15
2022-03-29,JPY,123.28,ecb,2026-09-15
2022-03-29,KRW,1213.91,ecb,2026-09-15
2022-03-30,JPY,121.76,ecb,2026-09-15
2022-03-30,KRW,1210.65,ecb,2026-09-15
2022-03-31,JPY,121.76,ecb,2026-09-15
2022-03-31,KRW,1213.74,ecb,2026-09-15
2022-04-01,JPY,122.47,ecb,2026-09-15
2022-04-01,KRW,1217.53,ecb,2026-09-15
2022-04-04,JPY,122.74,ecb,2026-09-15
2022-04-04,KRW,1216.18,ecb,2026-09-15
2022-04-05,JPY,122.86,ecb,2026-09-15
2022-04-05,KRW,1213.25,ecb,2026-09-15
2022-04-06,JPY,123.87,ecb,2026-09-15
2022-04-06,KRW,1218.02,ecb,2026-09-15
2022-04-07,JPY,123.96,ecb,2026-09-15
2022-04-07,KRW,1219.24,ecb,2026-09-15
2022-04-08,JPY,124.18,ecb,2026-09-15
2022-04-08,KRW,1227.44,ecb,2026-09-15
2022-04-11,JPY,125.70,ecb,2026-09-15
2022-04-11,KRW,1234.16,ecb,2026-09-15
2022-04-12,JPY,125.49,ecb,2026-09-15
2022-04-12,KRW,1229.62,ecb,2026-09-15
2022-04-13,JPY,125.86,ecb,2026-09-15
2022-04-13,KRW,1227.11,ecb,2026-09-15
2022-04-14,JPY,125.32,ecb,2026-09-15
2022-04-14,KRW,1226.98,ecb,2026-09-15
2022-04-19,JPY,128.11,ecb,2026-09-15
2022-04-19,KRW,1239.90,ecb,2026-09-15
2022-04-20,JPY,127.91,ecb,2026-09-15
2022-04-20,KRW,1235.36,ecb,2026-09-15
2022-04-21,JPY,128.24,ecb,2026-09-15
2022-04-21,KRW,1238.48,ecb,2026-09-15
2022-04-22,JPY,128.34,ecb,2026-09-15
2022-04-22,KRW,1242.53,ecb,2026-09-15
2022-04-25,JPY,128.17,ecb,2026-09-15
2022-04-25,KRW,1251.15,ecb,2026-09-15
2022-04-26,JPY,127.55,ecb,2026-09-15
2022-04-26,KRW,1255.41,ecb,2026-09-15
2022-04-27,JPY,128.10,ecb,2026-09-15
2022-04-27,KRW,1268.05,ecb,2026-09-15
2022-04-28,JPY,130.79,ecb,2026-09-15
2022-04-28,KRW,1275.94,ecb,2026-09-15
2022-04-29,JPY,129.99,ecb,2026-09-15
2022-04-29,KRW,1258.74,ecb,2026-09-15
2022-05-02,JPY,129.83,ecb,2026-09-15
2022-05-02,KRW,1267.30,ecb,2026-09-15
2022-05-03,JPY,129.84,ecb,2026-09-15
2022-05-03,KRW,1265.29,ecb,2026-09-15
2022-05-04,JPY,129.94,ecb,2026-09-15
2022-05-04,KRW,1264.31,ecb,2026-09-15
2022-05-05,JPY,129.81,ecb,2026-09-15
2022-05-05,KRW,1259.36,ecb,2026-09-15
2022-05-06,JPY,130.46,ecb,2026-09-15
2022-05-06,KRW,1271.43,ecb,2026-09-15
2022-05-09,JPY,130.79,ecb,2026-09-15
2022-05-09,KRW,1274.25,ecb,2026-09-15
2022-05-10,JPY,130.17,ecb,2026-09-15
2022-05-10,KRW,1275.88,ecb,2026-09-15
2022-05-11,JPY,129.89,ecb,2026-09-15
2022-05-11,KRW,1273.56,ecb,2026-09-15
2022-05-12,JPY,128.60,ecb,2026-09-15
2022-05-12,KRW,1289.37,ecb,2026-09-15
2022-05-13,JPY,128.95,ecb,2026-09-15
2022-05-13,KRW,1281.49,ecb,2026-09-15
2022-05-16,JPY,129.54,ecb,2026-09-15
2022-05-16,KRW,1283.73,ecb,2026-09-15
2022-05-17,JPY,129.32,ecb,2026-09-15
2022-05-17,KRW,1265.21,ecb,2026-09-15
2022-05-18,JPY,129.01,ecb,2026-09-15
2022-05-18,KRW,1266.52,ecb,2026-09-15
2022-05-19,JPY,127.75,ecb,2026-09-15
2022-05-19,KRW,1276.21,ecb,2026-09-15
2022-05-20,JPY,127.96,ecb,2026-09-15
2022-05-20,KRW,1267.45,ecb,2026-09-15
2022-05-23,JPY,127.64,ecb,2026-09-15
2022-05-23,KRW,1261.08,ecb,2026-09-15
2022-05-24,JPY,127.32,ecb,2026-09-15
2022-05-24,KRW,1262.73,ecb,2026-09-15
2022-05-25,JPY,127.01,ecb,2026-09-15
2022-05-25,KRW,1271.22,ecb,2026-09-15
2022-05-26,JPY,127.09,ecb,2026-09-15
2022-05-26,KRW,1264.55,ecb,2026-09-15
2022-05-27,JPY,126.89,ecb,2026-09-15
2022-05-27,KRW,1253.15,ecb,2026-09-15
2022-05-30,JPY,127.51,ecb,2026-09-15
2022-05-30,KRW,1237.14,ecb,2026-09-15
2022-05-31,JPY,128.22,ecb,2026-09-15
2022-05-31,KRW,1240.85,ecb,2026-09-15
2022-06-01,JPY,129.46,ecb,2026-09-15
2022-06-01,KRW,1242.94,ecb,2026-09-15
2022-06-02,JPY,129.74,ecb,2026-09-15
2022-06-02,KRW,1247.72,ecb,2026-09-15
2022-06-03,JPY,130.09,ecb,2026-09-15
2022-06-03,KRW,1246.41,ecb,2026-09-15
2022-06-06,JPY,130.67,ecb,2026-09-15
2022-06-06,KRW,1250.35,ecb,2026-09-15
2022-06-07,JPY,132.86,ecb,2026-09-15
2022-06-07,KRW,1257.50,ecb,2026-09-15
2022-06-08,JPY,134.02,ecb,2026-09-15
2022-06-08,KRW,1256.49,ecb,2026-09-15
2022-06-09,JPY,133.98,ecb,2026-09-15
2022-06-09,KRW,1255.69,ecb,2026-09-15
2022-06-10,JPY,133.95,ecb,2026-09-15
2022-06-10,KRW,1270.80,ecb,2026-09-15
2022-06-13,JPY,134.40,ecb,2026-09-15
2022-06-13,KRW,1291.18,ecb,2026-09-15
2022-06-14,JPY,134.54,ecb,2026-09-15
2022-06-14,KRW,1288.48,ecb,2026-09-15
2022-06-15,JPY,134.69,ecb,2026-09-15
2022-06-15,KRW,1291.21,ecb,2026-09-15
2022-06-16,JPY,132.92,ecb,2026-09-15
2022-06-16,KRW,1295.08,ecb,2026-09-15
2022-06-17,JPY,134.67,ecb,2026-09-15
2022-06-17,KRW,1293.41,ecb,2026-09-15
2022-06-20,JPY,134.96,ecb,2026-09-15
2022-06-20,KRW,1290.81,ecb,2026-09-15
2022-06-21,JPY,136.26,ecb,2026-09-15
2022-06-21,KRW,1293.92,ecb,2026-09-15
2022-06-22,JPY,136.02,ecb,2026-09-15
2022-06-22,KRW,1301.48,ecb,2026-09-15
2022-06-23,JPY,135.43,ecb,2026-09-15
2022-06-23,KRW,1302.97,ecb,2026-09-15
2022-06-24,JPY,135.11,ecb,2026-09-15
2022-06-24,KRW,1296.17,ecb,2026-09-15
2022-06-27,JPY,135.50,ecb,2026-09-15
2022-06-27,KRW,1284.22,ecb,2026-09-15
2022-06-28,JPY,136.04,ecb,2026-09-15
2022-06-28,KRW,1289.41,ecb,2026-09-15
2022-06-29,JPY,136.47,ecb,2026-09-15
2022-06-29,KRW,1296.97,ecb,2026-09-15
2022-06-30,JPY,136.27,ecb,2026-09-15
2022-06-30,KRW,1301.24,ecb,2026-09-15
2022-07-01,JPY,135.30,ecb,2026-09-15
2022-07-01,KRW,1297.44,ecb,2026-09-15
2022-07-04,JPY,135.35,ecb,2026-09-15
2022-07-04,KRW,1294.50,ecb,2026-09-15
2022-07-05,JPY,135.83,ecb,2026-09-15
2022-07-05,KRW,1310.95,ecb,2026-09-15
2022-07-06,JPY,135.31,ecb,2026-09-15
2022-07-06,KRW,1308.53,ecb,2026-09-15
2022-07-07,JPY,135.67,ecb,2026-09-15
2022-07-07,KRW,1301.24,ecb,2026-09-15
2022-07-08,JPY,135.84,ecb,2026-09-15
2022-07-08,KRW,1300.41,ecb,2026-09-15
2022-07-11,JPY,137.42,ecb,2026-09-15
2022-07-11,KRW,1307.55,ecb,2026-09-15
2022-07-12,JPY,136.74,ecb,2026-09-15
2022-07-12,KRW,1309.60,ecb,2026-09-15
2022-07-13,JPY,137.10,ecb,2026-09-15
2022-07-13,KRW,1302.67,ecb,2026-09-15
2022-07-14,JPY,138.97,ecb,2026-09-15
2022-07-14,KRW,1321.63,ecb,2026-09-15
2022-07-15,JPY,138.67,ecb,2026-09-15
2022-07-15,KRW,1325.97,ecb,2026-09-15
2022-07-18,JPY,138.35,ecb,2026-09-15
2022-07-18,KRW,1316.09,ecb,2026-09-15
2022-07-19,JPY,137.64,ecb,2026-09-15
2022-07-19,KRW,1308.28,ecb,2026-09-15
2022-07-20,JPY,138.17,ecb,2026-09-15
2022-07-20,KRW,1311.51,ecb,2026-09-15
2022-07-21,JPY,138.70,ecb,2026-09-15
2022-07-21,KRW,1311.37,ecb,2026-09-15
2022-07-22,JPY,136.91,ecb,2026-09-15
2022-07-22,KRW,1310.76,ecb,2026-09-15
2022-07-25,JPY,136.62,ecb,2026-09-15
2022-07-25,KRW,1310.33,ecb,2026-09-15
2022-07-26,JPY,136.66,ecb,2026-09-15
2022-07-26,KRW,1310.40,ecb,2026-09-15
2022-07-27,JPY,136.81,ecb,2026-09-15
2022-07-27,KRW,1314.02,ecb,2026-09-15
2022-07-28,JPY,135.61,ecb,2026-09-15
2022-07-28,KRW,1304.53,ecb,2026-09-15
2022-07-29,JPY,133.77,ecb,2026-09-15
2022-07-29,KRW,1303.59,ecb,2026-09-15
2022-08-01,JPY,132.30,ecb,2026-09-15
2022-08-01,KRW,1302.94,ecb,2026-09-15
2022-08-02,JPY,130.97,ecb,2026-09-15
2022-08-02,KRW,1309.82,ecb,2026-09-15
2022-08-03,JPY,133.59,ecb,2026-09-15
2022-08-03,KRW,1310.60,ecb,2026-09-15
2022-08-04,JPY,133.40,ecb,2026-09-15
2022-08-04,KRW,1309.99,ecb,2026-09-15
2022-08-05,JPY,133.12,ecb,2026-09-15
2022-08-05,KRW,1294.37,ecb,2026-09-15
2022-08-08,JPY,134.93,ecb,2026-09-15
2022-08-08,KRW,1303.98,ecb,2026-09-15
2022-08-09,JPY,135.10,ecb,2026-09-15
2022-08-09,KRW,1306.18,ecb,2026-09-15
2022-08-10,JPY,134.76,ecb,2026-09-15
2022-08-10,KRW,1311.12,ecb,2026-09-15
2022-08-11,JPY,132.10,ecb,2026-09-15
2022-08-11,KRW,1300.66,ecb,2026-09-15
2022-08-12,JPY,133.66,ecb,2026-09-15
2022-08-12,KRW,1305.39,ecb,2026-09-15
2022-08-15,JPY,133.02,ecb,2026-09-15
2022-08-15,KRW,1310.79,ecb,2026-09-15
2022-08-16,JPY,134.35,ecb,2026-09-15
2022-08-16,KRW,1312.47,ecb,2026-09-15
2022-08-17,JPY,135.14,ecb,2026-09-15
2022-08-17,KRW,1315.45,ecb,2026-09-15
2022-08-18,JPY,134.77,ecb,2026-09-15
2022-08-18,KRW,1321.29,ecb,2026-09-15
2022-08-19,JPY,136.93,ecb,2026-09-15
2022-08-19,KRW,1336.17,ecb,2026-09-15
2022-08-22,JPY,137.07,ecb,2026-09-15
2022-08-22,KRW,1344.08,ecb,2026-09-15
2022-08-23,JPY,137.34,ecb,2026-09-15
2022-08-23,KRW,1341.90,ecb,2026-09-15
2022-08-24,JPY,136.64,ecb,2026-09-15
2022-08-24,KRW,1341.70,ecb,2026-09-15
2022-08-25,JPY,136.48,ecb,2026-09-15
2022-08-25,KRW,1335.99,ecb,2026-09-15
2022-08-26,JPY,136.92,ecb,2026-09-15
2022-08-26,KRW,1332.53,ecb,2026-09-15
2022-08-29,JPY,138.68,ecb,2026-09-15
2022-08-29,KRW,1349.36,ecb,2026-09-15
2022-08-30,JPY,138.24,ecb,2026-09-15
2022-08-30,KRW,1346.34,ecb,2026-09-15
2022-08-31,JPY,138.72,ecb,2026-09-15
2022-08-31,KRW,1342.79,ecb,2026-09-15
2022-09-01,JPY,139.28,ecb,2026-09-15
2022-09-01,KRW,1353.15,ecb,2026-09-15
2022-09-02,JPY,140.46,ecb,2026-09-15
2022-09-02,KRW,1361.79,ecb,2026-09-15
2022-09-05,JPY,140.59,ecb,2026-09-15
2022-09-05,KRW,1370.95,ecb,2026-09-15
2022-09-06,JPY,141.93,ecb,2026-09-15
2022-09-06,KRW,1376.56,ecb,2026-09-15
2022-09-07,JPY,144.87,ecb,2026-09-15
2022-09-07,KRW,1390.43,ecb,2026-09-15
2022-09-08,JPY,143.52,ecb,2026-09-15
2022-09-08,KRW,1380.46,ecb,2026-09-15
2022-09-09,JPY,142.60,ecb,2026-09-15
2022-09-09,KRW,1377.89,ecb,2026-09-15
2022-09-12,JPY,142.28,ecb,2026-09-15
2022-09-12,KRW,1376.25,ecb,2026-09-15
2022-09-13,JPY,142.01,ecb,2026-09-15
2022-09-13,KRW,1373.27,ecb,2026-09-15
2022-09-14,JPY,143.22,ecb,2026-09-15
2022-09-14,KRW,1393.36,ecb,2026-09-15
2022-09-15,JPY,143.54,ecb,2026-09-15
2022-09-15,KRW,1398.30,ecb,2026-09-15
2022-09-16,JPY,143.19,ecb,2026-09-15
2022-09-16,KRW,1389.97,ecb,2026-09-15
2022-09-19,JPY,143.56,ecb,2026-09-15
2022-09-19,KRW,1393.21,ecb,2026-09-15
2022-09-20,JPY,143.54,ecb,2026-09-15
2022-09-20,KRW,1392.66,ecb,2026-09-15
2022-09-21,JPY,144.01,ecb,2026-09-15
2022-09-21,KRW,1394.49,ecb,2026-09-15
2022-09-22,JPY,140.81,ecb,2026-09-15
2022-09-22,KRW,1401.04,ecb,2026-09-15
2022-09-23,JPY,142.95,ecb,2026-09-15
2022-09-23,KRW,1416.82,ecb,2026-09-15
2022-09-26,JPY,144.17,ecb,2026-09-15
2022-09-26,KRW,1430.02,ecb,2026-09-15
2022-09-27,JPY,144.42,ecb,2026-09-15
2022-09-27,KRW,1420.63,ecb,2026-09-15
2022-09-28,JPY,144.68,ecb,2026-09-15
2022-09-28,KRW,1441.55,ecb,2026-09-15
2022-09-29,JPY,144.71,ecb,2026-09-15
2022-09-29,KRW,1430.39,ecb,2026-09-15
2022-09-30,JPY,144.66,ecb,2026-09-15
2022-09-30,KRW,1436.90,ecb,2026-09-15
2022-10-03,JPY,144.91,ecb,2026-09-15
2022-10-03,KRW,1442.29,ecb,2026-09-15
2022-10-04,JPY,144.88,ecb,2026-09-15
2022-10-04,KRW,1427.76,ecb,2026-09-15
2022-10-05,JPY,144.41,ecb,2026-09-15
2022-10-05,KRW,1418.77,ecb,2026-09-15
2022-10-06,JPY,144.71,ecb,2026-09-15
2022-10-06,KRW,1408.10,ecb,2026-09-15
2022-10-07,JPY,144.86,ecb,2026-09-15
2022-10-07,KRW,1410.04,ecb,2026-09-15
2022-10-10,JPY,145.57,ecb,2026-09-15
2022-10-10,KRW,1427.51,ecb,2026-09-15
2022-10-11,JPY,145.57,ecb,2026-09-15
2022-10-11,KRW,1432.52,ecb,2026-09-15
2022-10-12,JPY,146.65,ecb,2026-09-15
2022-10-12,KRW,1426.60,ecb,2026-09-15
2022-10-13,JPY,146.77,ecb,2026-09-15
2022-10-13,KRW,1430.03,ecb,2026-09-15
2022-10-14,JPY,147.81,ecb,2026-09-15
2022-10-14,KRW,1439.23,ecb,2026-09-15
2022-10-17,JPY,148.89,ecb,2026-09-15
2022-10-17,KRW,1436.91,ecb,2026-09-15
2022-10-18,JPY,149.11,ecb,2026-09-15
2022-10-18,KRW,1424.42,ecb,2026-09-15
2022-10-19,JPY,149.66,ecb,2026-09-15
2022-10-19,KRW,1430.10,ecb,2026-09-15
2022-10-20,JPY,149.82,ecb,2026-09-15
2022-10-20,KRW,1427.28,ecb,2026-09-15
2022-10-21,JPY,151.69,ecb,2026-09-15
2022-10-21,KRW,1443.29,ecb,2026-09-15
2022-10-24,JPY,148.98,ecb,2026-09-15
2022-10-24,KRW,1439.85,ecb,2026-09-15
2022-10-25,JPY,148.91,ecb,2026-09-15
2022-10-25,KRW,1437.48,ecb,2026-09-15
2022-10-26,JPY,146.98,ecb,2026-09-15
2022-10-26,KRW,1418.85,ecb,2026-09-15
2022-10-27,JPY,146.83,ecb,2026-09-15
2022-10-27,KRW,1423.30,ecb,2026-09-15
2022-10-28,JPY,147.51,ecb,2026-09-15
2022-10-28,KRW,1424.68,ecb,2026-09-15
2022-10-31,JPY,148.68,ecb,2026-09-15
2022-10-31,KRW,1428.40,ecb,2026-09-15
2022-11-01,JPY,147.13,ecb,2026-09-15
2022-11-01,KRW,1412.11,ecb,2026-09-15
2022-11-02,JPY,147.10,ecb,2026-09-15
2022-11-02,KRW,1415.03,ecb,2026-09-15
2022-11-03,JPY,148.24,ecb,2026-09-15
2022-11-03,KRW,1427.00,ecb,2026-09-15
2022-11-04,JPY,147.07,ecb,2026-09-15
2022-11-04,KRW,1415.82,ecb,2026-09-15
2022-11-07,JPY,146.28,ecb,2026-09-15
2022-11-07,KRW,1392.22,ecb,2026-09-15
2022-11-08,JPY,146.31,ecb,2026-09-15
2022-11-08,KRW,1378.49,ecb,2026-09-15
2022-11-09,JPY,146.25,ecb,2026-09-15
2022-11-09,KRW,1364.41,ecb,2026-09-15
2022-11-10,JPY,146.14,ecb,2026-09-15
2022-11-10,KRW,1380.31,ecb,2026-09-15
2022-11-11,JPY,139.59,ecb,2026-09-15
2022-11-11,KRW,1318.59,ecb,2026-09-15
2022-11-14,JPY,140.38,ecb,2026-09-15
2022-11-14,KRW,1326.99,ecb,2026-09-15
2022-11-15,JPY,139.22,ecb,2026-09-15
2022-11-15,KRW,1312.58,ecb,2026-09-15
2022-11-16,JPY,139.54,ecb,2026-09-15
2022-11-16,KRW,1323.57,ecb,2026-09-15
2022-11-17,JPY,140.32,ecb,2026-09-15
2022-11-17,KRW,1350.96,ecb,2026-09-15
2022-11-18,JPY,140.00,ecb,2026-09-15
2022-11-18,KRW,1339.98,ecb,2026-09-15
2022-11-21,JPY,141.84,ecb,2026-09-15
2022-11-21,KRW,1361.51,ecb,2026-09-15
2022-11-22,JPY,141.33,ecb,2026-09-15
2022-11-22,KRW,1355.54,ecb,2026-09-15
2022-11-23,JPY,141.16,ecb,2026-09-15
2022-11-23,KRW,1353.43,ecb,2026-09-15
2022-11-24,JPY,138.19,ecb,2026-09-15
2022-11-24,KRW,1327.46,ecb,2026-09-15
2022-11-25,JPY,139.39,ecb,2026-09-15
2022-11-25,KRW,1333.20,ecb,2026-09-15
2022-11-28,JPY,138.49,ecb,2026-09-15
2022-11-28,KRW,1334.76,ecb,2026-09-15
2022-11-29,JPY,138.30,ecb,2026-09-15
2022-11-29,KRW,1327.13,ecb,2026-09-15
2022-11-30,JPY,139.05,ecb,2026-09-15
2022-11-30,KRW,1315.67,ecb,2026-09-15
2022-12-01,JPY,136.29,ecb,2026-09-15
2022-12-01,KRW,1304.58,ecb,2026-09-15
2022-12-02,JPY,134.11,ecb,2026-09-15
2022-12-02,KRW,1296.90,ecb,2026-09-15
2022-12-05,JPY,135.14,ecb,2026-09-15
2022-12-05,KRW,1294.86,ecb,2026-09-15
2022-12-06,JPY,136.30,ecb,2026-09-15
2022-12-06,KRW,1318.36,ecb,2026-09-15
2022-12-07,JPY,137.18,ecb,2026-09-15
2022-12-07,KRW,1320.99,ecb,2026-09-15
2022-12-08,JPY,136.66,ecb,2026-09-15
2022-12-08,KRW,1318.62,ecb,2026-09-15
2022-12-09,JPY,135.71,ecb,2026-09-15
2022-12-09,KRW,1301.20,ecb,2026-09-15
2022-12-12,JPY,137.15,ecb,2026-09-15
2022-12-12,KRW,1304.61,ecb,2026-09-15
2022-12-13,JPY,137.36,ecb,2026-09-15
2022-12-13,KRW,1307.49,ecb,2026-09-15
2022-12-14,JPY,134.92,ecb,2026-09-15
2022-12-14,KRW,1295.89,ecb,2026-09-15
2022-12-15,JPY,136.59,ecb,2026-09-15
2022-12-15,KRW,1312.47,ecb,2026-09-15
2022-12-16,JPY,137.05,ecb,2026-09-15
2022-12-16,KRW,1308.69,ecb,2026-09-15
2022-12-19,JPY,136.49,ecb,2026-09-15
2022-12-19,KRW,1299.46,ecb,2026-09-15
2022-12-20,JPY,132.64,ecb,2026-09-15
2022-12-20,KRW,1286.66,ecb,2026-09-15
2022-12-21,JPY,131.90,ecb,2026-09-15
2022-12-21,KRW,1285.85,ecb,2026-09-15
2022-12-22,JPY,132.06,ecb,2026-09-15
2022-12-22,KRW,1280.68,ecb,2026-09-15
2022-12-23,JPY,132.61,ecb,2026-09-15
2022-12-23,KRW,1279.89,ecb,2026-09-15
2022-12-27,JPY,133.36,ecb,2026-09-15
2022-12-27,KRW,1270.57,ecb,2026-09-15
2022-12-28,JPY,133.66,ecb,2026-09-15
2022-12-28,KRW,1267.47,ecb,2026-09-15
2022-12-29,JPY,133.57,ecb,2026-09-15
2022-12-29,KRW,1267.89,ecb,2026-09-15
2022-12-30,JPY,131.88,ecb,2026-09-15
2022-12-30,KRW,1260.16,ecb,2026-09-15
2023-01-02,JPY,130.69,ecb,2026-09-15
2023-01-02,KRW,1270.99,ecb,2026-09-15
2023-01-03,JPY,130.80,ecb,2026-09-15
2023-01-03,KRW,1276.92,ecb,2026-09-15
2023-01-04,JPY,130.90,ecb,2026-09-15
2023-01-04,KRW,1272.71,ecb,2026-09-15
2023-01-05,JPY,132.96,ecb,2026-09-15
2023-01-05,KRW,1269.60,ecb,2026-09-15
2023-01-06,JPY,134.57,ecb,2026-09-15
2023-01-06,KRW,1273.50,ecb,2026-09-15
2023-01-09,JPY,132.15,ecb,2026-09-15
2023-01-09,KRW,1243.80,ecb,2026-09-15
2023-01-10,JPY,132.35,ecb,2026-09-15
2023-01-10,KRW,1248.14,ecb,2026-09-15
2023-01-11,JPY,132.70,ecb,2026-09-15
2023-01-11,KRW,1247.80,ecb,2026-09-15
2023-01-12,JPY,130.53,ecb,2026-09-15
2023-01-12,KRW,1244.12,ecb,2026-09-15
2023-01-13,JPY,128.56,ecb,2026-09-15
2023-01-13,KRW,1242.29,ecb,2026-09-15
2023-01-16,JPY,128.49,ecb,2026-09-15
2023-01-16,KRW,1239.57,ecb,2026-09-15
2023-01-17,JPY,128.65,ecb,2026-09-15
2023-01-17,KRW,1239.05,ecb,2026-09-15
2023-01-18,JPY,128.97,ecb,2026-09-15
2023-01-18,KRW,1233.66,ecb,2026-09-15
2023-01-19,JPY,128.54,ecb,2026-09-15
2023-01-19,KRW,1239.50,ecb,2026-09-15
2023-01-20,JPY,130.11,ecb,2026-09-15
2023-01-20,KRW,1234.50,ecb,2026-09-15
2023-01-23,JPY,130.30,ecb,2026-09-15
2023-01-23,KRW,1228.65,ecb,2026-09-15
2023-01-24,JPY,130.29,ecb,2026-09-15
2023-01-24,KRW,1235.59,ecb,2026-09-15
2023-01-25,JPY,129.78,ecb,2026-09-15
2023-01-25,KRW,1235.46,ecb,2026-09-15
2023-01-26,JPY,129.77,ecb,2026-09-15
2023-01-26,KRW,1232.23,ecb,2026-09-15
2023-01-27,JPY,129.87,ecb,2026-09-15
2023-01-27,KRW,1234.58,ecb,2026-09-15
2023-01-30,JPY,130.05,ecb,2026-09-15
2023-01-30,KRW,1227.98,ecb,2026-09-15
2023-01-31,JPY,130.41,ecb,2026-09-15
2023-01-31,KRW,1235.95,ecb,2026-09-15
2023-02-01,JPY,129.77,ecb,2026-09-15
2023-02-01,KRW,1229.32,ecb,2026-09-15
2023-02-02,JPY,128.43,ecb,2026-09-15
2023-02-02,KRW,1224.88,ecb,2026-09-15
2023-02-03,JPY,128.42,ecb,2026-09-15
2023-02-03,KRW,1230.84,ecb,2026-09-15
2023-02-06,JPY,132.15,ecb,2026-09-15
2023-02-06,KRW,1256.17,ecb,2026-09-15
2023-02-07,JPY,132.06,ecb,2026-09-15
2023-02-07,KRW,1260.57,ecb,2026-09-15
2023-02-08,JPY,131.17,ecb,2026-09-15
2023-02-08,KRW,1258.87,ecb,2026-09-15
2023-02-09,JPY,130.72,ecb,2026-09-15
2023-02-09,KRW,1258.36,ecb,2026-09-15
2023-02-10,JPY,130.85,ecb,2026-09-15
2023-02-10,KRW,1266.70,ecb,2026-09-15
2023-02-13,JPY,132.56,ecb,2026-09-15
2023-02-13,KRW,1276.49,ecb,2026-09-15
2023-02-14,JPY,132.11,ecb,2026-09-15
2023-02-14,KRW,1266.47,ecb,2026-09-15
2023-02-15,JPY,133.69,ecb,2026-09-15
2023-02-15,KRW,1284.43,ecb,2026-09-15
2023-02-16,JPY,133.93,ecb,2026-09-15
2023-02-16,KRW,1286.47,ecb,2026-09-15
2023-02-17,JPY,134.76,ecb,2026-09-15
2023-02-17,KRW,1301.95,ecb,2026-09-15
2023-02-20,JPY,134.05,ecb,2026-09-15
2023-02-20,KRW,1296.96,ecb,2026-09-15
2023-02-21,JPY,134.81,ecb,2026-09-15
2023-02-21,KRW,1300.67,ecb,2026-09-15
2023-02-22,JPY,134.57,ecb,2026-09-15
2023-02-22,KRW,1303.07,ecb,2026-09-15
2023-02-23,JPY,135.00,ecb,2026-09-15
2023-02-23,KRW,1296.71,ecb,2026-09-15
2023-02-24,JPY,135.81,ecb,2026-09-15
2023-02-24,KRW,1312.37,ecb,2026-09-15
2023-02-27,JPY,136.33,ecb,2026-09-15
2023-02-27,KRW,1322.72,ecb,2026-09-15
2023-02-28,JPY,136.76,ecb,2026-09-15
2023-02-28,KRW,1320.12,ecb,2026-09-15
2023-03-01,JPY,135.55,ecb,2026-09-15
2023-03-01,KRW,1300.10,ecb,2026-09-15
2023-03-02,JPY,136.79,ecb,2026-09-15
2023-03-02,KRW,1312.83,ecb,2026-09-15
2023-03-03,JPY,136.18,ecb,2026-09-15
2023-03-03,KRW,1303.10,ecb,2026-09-15
2023-03-06,JPY,135.86,ecb,2026-09-15
2023-03-06,KRW,1297.66,ecb,2026-09-15
2023-03-07,JPY,136.16,ecb,2026-09-15
2023-03-07,KRW,1305.29,ecb,2026-09-15
2023-03-08,JPY,137.22,ecb,2026-09-15
2023-03-08,KRW,1317.78,ecb,2026-09-15
2023-03-09,JPY,136.27,ecb,2026-09-15
2023-03-09,KRW,1321.77,ecb,2026-09-15
2023-03-10,JPY,136.69,ecb,2026-09-15
2023-03-10,KRW,1320.84,ecb,2026-09-15
2023-03-13,JPY,132.60,ecb,2026-09-15
2023-03-13,KRW,1306.92,ecb,2026-09-15
2023-03-14,JPY,134.20,ecb,2026-09-15
2023-03-14,KRW,1306.10,ecb,2026-09-15
2023-03-15,JPY,132.25,ecb,2026-09-15
2023-03-15,KRW,1321.22,ecb,2026-09-15
2023-03-16,JPY,132.31,ecb,2026-09-15
2023-03-16,KRW,1310.43,ecb,2026-09-15
2023-03-17,JPY,132.33,ecb,2026-09-15
2023-03-17,KRW,1308.33,ecb,2026-09-15
2023-03-20,JPY,131.35,ecb,2026-09-15
2023-03-20,KRW,1308.03,ecb,2026-09-15
2023-03-21,JPY,132.36,ecb,2026-09-15
2023-03-21,KRW,1305.07,ecb,2026-09-15
2023-03-22,JPY,132.71,ecb,2026-09-15
2023-03-22,KRW,1304.06,ecb,2026-09-15
2023-03-23,JPY,131.33,ecb,2026-09-15
2023-03-23,KRW,1283.37,ecb,2026-09-15
2023-03-24,JPY,130.15,ecb,2026-09-15
2023-03-24,KRW,1303.97,ecb,2026-09-15
2023-03-27,JPY,131.48,ecb,2026-09-15
2023-03-27,KRW,1299.76,ecb,2026-09-15
2023-03-28,JPY,130.70,ecb,2026-09-15
2023-03-28,KRW,1298.72,ecb,2026-09-15
2023-03-29,JPY,132.37,ecb,2026-09-15
2023-03-29,KRW,1301.09,ecb,2026-09-15
2023-03-30,JPY,132.67,ecb,2026-09-15
2023-03-30,KRW,1298.59,ecb,2026-09-15
2023-03-31,JPY,133.18,ecb,2026-09-15
2023-03-31,KRW,1305.99,ecb,2026-09-15
2023-04-03,JPY,132.94,ecb,2026-09-15
2023-04-03,KRW,1315.02,ecb,2026-09-15
2023-04-04,JPY,132.96,ecb,2026-09-15
2023-04-04,KRW,1316.11,ecb,2026-09-15
2023-04-05,JPY,131.39,ecb,2026-09-15
2023-04-05,KRW,1311.52,ecb,2026-09-15
2023-04-06,JPY,131.46,ecb,2026-09-15
2023-04-06,KRW,1318.20,ecb,2026-09-15
2023-04-11,JPY,133.22,ecb,2026-09-15
2023-04-11,KRW,1322.16,ecb,2026-09-15
2023-04-12,JPY,133.76,ecb,2026-09-15
2023-04-12,KRW,1325.86,ecb,2026-09-15
2023-04-13,JPY,133.28,ecb,2026-09-15
2023-04-13,KRW,1308.35,ecb,2026-09-15
2023-04-14,JPY,132.59,ecb,2026-09-15
2023-04-14,KRW,1300.92,ecb,2026-09-15
2023-04-17,JPY,133.84,ecb,2026-09-15
2023-04-17,KRW,1315.12,ecb,2026-09-15
2023-04-18,JPY,133.88,ecb,2026-09-15
2023-04-18,KRW,1317.31,ecb,2026-09-15
2023-04-19,JPY,134.67,ecb,2026-09-15
2023-04-19,KRW,1334.37,ecb,2026-09-15
2023-04-20,JPY,134.74,ecb,2026-09-15
2023-04-20,KRW,1325.24,ecb,2026-09-15
2023-04-21,JPY,133.83,ecb,2026-09-15
2023-04-21,KRW,1328.69,ecb,2026-09-15
2023-04-24,JPY,134.68,ecb,2026-09-15
2023-04-24,KRW,1334.84,ecb,2026-09-15
2023-04-25,JPY,134.20,ecb,2026-09-15
2023-04-25,KRW,1338.87,ecb,2026-09-15
2023-04-26,JPY,133.77,ecb,2026-09-15
2023-04-26,KRW,1337.68,ecb,2026-09-15
2023-04-27,JPY,133.27,ecb,2026-09-15
2023-04-27,KRW,1341.12,ecb,2026-09-15
2023-04-28,JPY,136.01,ecb,2026-09-15
2023-04-28,KRW,1339.49,ecb,2026-09-15
2023-05-02,JPY,137.44,ecb,2026-09-15
2023-05-02,KRW,1340.92,ecb,2026-09-15
2023-05-03,JPY,135.52,ecb,2026-09-15
2023-05-03,KRW,1333.60,ecb,2026-09-15
2023-05-04,JPY,134.48,ecb,2026-09-15
2023-05-04,KRW,1323.54,ecb,2026-09-15
2023-05-05,JPY,134.19,ecb,2026-09-15
2023-05-05,KRW,1318.23,ecb,2026-09-15
2023-05-08,JPY,135.14,ecb,2026-09-15
2023-05-08,KRW,1321.25,ecb,2026-09-15
2023-05-09,JPY,135.02,ecb,2026-09-15
2023-05-09,KRW,1324.85,ecb,2026-09-15
2023-05-10,JPY,135.32,ecb,2026-09-15
2023-05-10,KRW,1324.01,ecb,2026-09-15
2023-05-11,JPY,134.07,ecb,2026-09-15
2023-05-11,KRW,1328.25,ecb,2026-09-15
2023-05-12,JPY,134.98,ecb,2026-09-15
2023-05-12,KRW,1335.86,ecb,2026-09-15
2023-05-15,JPY,136.22,ecb,2026-09-15
2023-05-15,KRW,1336.70,ecb,2026-09-15
2023-05-16,JPY,135.92,ecb,2026-09-15
2023-05-16,KRW,1340.67,ecb,2026-09-15
2023-05-17,JPY,136.96,ecb,2026-09-15
2023-05-17,KRW,1337.59,ecb,2026-09-15
2023-05-18,JPY,137.87,ecb,2026-09-15
2023-05-18,KRW,1333.64,ecb,2026-09-15
2023-05-19,JPY,138.37,ecb,2026-09-15
2023-05-19,KRW,1325.65,ecb,2026-09-15
2023-05-22,JPY,138.27,ecb,2026-09-15
2023-05-22,KRW,1315.62,ecb,2026-09-15
2023-05-23,JPY,138.42,ecb,2026-09-15
2023-05-23,KRW,1319.93,ecb,2026-09-15
2023-05-24,JPY,138.43,ecb,2026-09-15
2023-05-24,KRW,1318.42,ecb,2026-09-15
2023-05-25,JPY,139.39,ecb,2026-09-15
2023-05-25,KRW,1326.78,ecb,2026-09-15
2023-05-26,JPY,139.75,ecb,2026-09-15
2023-05-26,KRW,1325.89,ecb,2026-09-15
2023-05-29,JPY,140.26,ecb,2026-09-15
2023-05-29,KRW,1323.34,ecb,2026-09-15
2023-05-30,JPY,139.62,ecb,2026-09-15
2023-05-30,KRW,1317.24,ecb,2026-09-15
2023-05-31,JPY,139.60,ecb,2026-09-15
2023-05-31,KRW,1325.74,ecb,2026-09-15
2023-06-01,JPY,139.53,ecb,2026-09-15
2023-06-01,KRW,1321.15,ecb,2026-09-15
2023-06-02,JPY,138.86,ecb,2026-09-15
2023-06-02,KRW,1302.29,ecb,2026-09-15
2023-06-05,JPY,140.28,ecb,2026-09-15
2023-06-05,KRW,1306.35,ecb,2026-09-15
2023-06-06,JPY,139.56,ecb,2026-09-15
2023-06-06,KRW,1300.13,ecb,2026-09-15
2023-06-07,JPY,139.42,ecb,2026-09-15
2023-06-07,KRW,1300.77,ecb,2026-09-15
2023-06-08,JPY,139.69,ecb,2026-09-15
2023-06-08,KRW,1303.77,ecb,2026-09-15
2023-06-09,JPY,139.37,ecb,2026-09-15
2023-06-09,KRW,1290.45,ecb,2026-09-15
2023-06-12,JPY,139.37,ecb,2026-09-15
2023-06-12,KRW,1287.28,ecb,2026-09-15
2023-06-13,JPY,139.55,ecb,2026-09-15
2023-06-13,KRW,1272.80,ecb,2026-09-15
2023-06-14,JPY,139.89,ecb,2026-09-15
2023-06-14,KRW,1277.56,ecb,2026-09-15
2023-06-15,JPY,141.29,ecb,2026-09-15
2023-06-15,KRW,1282.56,ecb,2026-09-15
2023-06-16,JPY,141.03,ecb,2026-09-15
2023-06-16,KRW,1274.55,ecb,2026-09-15
2023-06-19,JPY,141.86,ecb,2026-09-15
2023-06-19,KRW,1282.67,ecb,2026-09-15
2023-06-20,JPY,141.32,ecb,2026-09-15
2023-06-20,KRW,1286.32,ecb,2026-09-15
2023-06-21,JPY,141.80,ecb,2026-09-15
2023-06-21,KRW,1294.41,ecb,2026-09-15
2023-06-22,JPY,142.06,ecb,2026-09-15
2023-06-22,KRW,1296.88,ecb,2026-09-15
2023-06-23,JPY,143.18,ecb,2026-09-15
2023-06-23,KRW,1310.11,ecb,2026-09-15
2023-06-26,JPY,143.26,ecb,2026-09-15
2023-06-26,KRW,1305.71,ecb,2026-09-15
2023-06-27,JPY,143.49,ecb,2026-09-15
2023-06-27,KRW,1300.52,ecb,2026-09-15
2023-06-28,JPY,144.29,ecb,2026-09-15
2023-06-28,KRW,1311.33,ecb,2026-09-15
2023-06-29,JPY,144.21,ecb,2026-09-15
2023-06-29,KRW,1315.39,ecb,2026-09-15
2023-06-30,JPY,144.63,ecb,2026-09-15
2023-06-30,KRW,1321.44,ecb,2026-09-15
2023-07-03,JPY,144.79,ecb,2026-09-15
2023-07-03,KRW,1308.14,ecb,2026-09-15
2023-07-04,JPY,144.41,ecb,2026-09-15
2023-07-04,KRW,1298.40,ecb,2026-09-15
2023-07-05,JPY,144.55,ecb,2026-09-15
2023-07-05,KRW,1300.94,ecb,2026-09-15
2023-07-06,JPY,143.66,ecb,2026-09-15
2023-07-06,KRW,1302.68,ecb,2026-09-15
2023-07-07,JPY,143.29,ecb,2026-09-15
2023-07-07,KRW,1305.94,ecb,2026-09-15
2023-07-10,JPY,142.14,ecb,2026-09-15
2023-07-10,KRW,1304.77,ecb,2026-09-15
2023-07-11,JPY,140.39,ecb,2026-09-15
2023-07-11,KRW,1294.26,ecb,2026-09-15
2023-07-12,JPY,139.58,ecb,2026-09-15
2023-07-12,KRW,1289.06,ecb,2026-09-15
2023-07-13,JPY,138.47,ecb,2026-09-15
2023-07-13,KRW,1268.71,ecb,2026-09-15
2023-07-14,JPY,138.59,ecb,2026-09-15
2023-07-14,KRW,1268.18,ecb,2026-09-15
2023-07-17,JPY,138.36,ecb,2026-09-15
2023-07-17,KRW,1266.18,ecb,2026-09-15
2023-07-18,JPY,138.07,ecb,2026-09-15
2023-07-18,KRW,1261.24,ecb,2026-09-15
2023-07-19,JPY,139.69,ecb,2026-09-15
2023-07-19,KRW,1265.66,ecb,2026-09-15
2023-07-20,JPY,139.64,ecb,2026-09-15
2023-07-20,KRW,1271.08,ecb,2026-09-15
2023-07-21,JPY,141.72,ecb,2026-09-15
2023-07-21,KRW,1285.19,ecb,2026-09-15
2023-07-24,JPY,141.01,ecb,2026-09-15
2023-07-24,KRW,1280.52,ecb,2026-09-15
2023-07-25,JPY,141.33,ecb,2026-09-15
2023-07-25,KRW,1275.57,ecb,2026-09-15
2023-07-26,JPY,140.43,ecb,2026-09-15
2023-07-26,KRW,1275.48,ecb,2026-09-15
2023-07-27,JPY,140.18,ecb,2026-09-15
2023-07-27,KRW,1279.08,ecb,2026-09-15
2023-07-28,JPY,139.28,ecb,2026-09-15
2023-07-28,KRW,1277.68,ecb,2026-09-15
2023-07-31,JPY,142.18,ecb,2026-09-15
2023-07-31,KRW,1275.05,ecb,2026-09-15
2023-08-01,JPY,142.98,ecb,2026-09-15
2023-08-01,KRW,1288.57,ecb,2026-09-15
2023-08-02,JPY,142.81,ecb,2026-09-15
2023-08-02,KRW,1295.19,ecb,2026-09-15
2023-08-03,JPY,142.92,ecb,2026-09-15
2023-08-03,KRW,1301.49,ecb,2026-09-15
2023-08-04,JPY,142.62,ecb,2026-09-15
2023-08-04,KRW,1311.35,ecb,2026-09-15
2023-08-07,JPY,142.22,ecb,2026-09-15
2023-08-07,KRW,1307.70,ecb,2026-09-15
2023-08-08,JPY,143.05,ecb,2026-09-15
2023-08-08,KRW,1320.19,ecb,2026-09-15
2023-08-09,JPY,143.46,ecb,2026-09-15
2023-08-09,KRW,1314.25,ecb,2026-09-15
2023-08-10,JPY,143.78,ecb,2026-09-15
2023-08-10,KRW,1312.57,ecb,2026-09-15
2023-08-11,JPY,144.47,ecb,2026-09-15
2023-08-11,KRW,1326.16,ecb,2026-09-15
2023-08-14,JPY,145.18,ecb,2026-09-15
2023-08-14,KRW,1335.22,ecb,2026-09-15
2023-08-15,JPY,145.56,ecb,2026-09-15
2023-08-15,KRW,1336.90,ecb,2026-09-15
2023-08-16,JPY,145.72,ecb,2026-09-15
2023-08-16,KRW,1338.50,ecb,2026-09-15
2023-08-17,JPY,145.76,ecb,2026-09-15
2023-08-17,KRW,1337.87,ecb,2026-09-15
2023-08-18,JPY,145.50,ecb,2026-09-15
2023-08-18,KRW,1340.79,ecb,2026-09-15
2023-08-21,JPY,145.90,ecb,2026-09-15
2023-08-21,KRW,1338.76,ecb,2026-09-15
2023-08-22,JPY,145.77,ecb,2026-09-15
2023-08-22,KRW,1336.08,ecb,2026-09-15
2023-08-23,JPY,145.56,ecb,2026-09-15
2023-08-23,KRW,1340.36,ecb,2026-09-15
2023-08-24,JPY,145.72,ecb,2026-09-15
2023-08-24,KRW,1322.00,ecb,2026-09-15
2023-08-25,JPY,145.96,ecb,2026-09-15
2023-08-25,KRW,1323.63,ecb,2026-09-15
2023-08-28,JPY,146.51,ecb,2026-09-15
2023-08-28,KRW,1326.55,ecb,2026-09-15
2023-08-29,JPY,147.12,ecb,2026-09-15
2023-08-29,KRW,1326.40,ecb,2026-09-15
2023-08-30,JPY,146.20,ecb,2026-09-15
2023-08-30,KRW,1324.70,ecb,2026-09-15
2023-08-31,JPY,145.83,ecb,2026-09-15
2023-08-31,KRW,1324.59,ecb,2026-09-15
2023-09-01,JPY,145.21,ecb,2026-09-15
2023-09-01,KRW,1317.13,ecb,2026-09-15
2023-09-04,JPY,146.38,ecb,2026-09-15
2023-09-04,KRW,1317.63,ecb,2026-09-15
2023-09-05,JPY,147.42,ecb,2026-09-15
2023-09-05,KRW,1333.75,ecb,2026-09-15
2023-09-06,JPY,147.21,ecb,2026-09-15
2023-09-06,KRW,1331.62,ecb,2026-09-15
2023-09-07,JPY,147.25,ecb,2026-09-15
2023-09-07,KRW,1336.79,ecb,2026-09-15
2023-09-08,JPY,147.46,ecb,2026-09-15
2023-09-08,KRW,1334.56,ecb,2026-09-15
2023-09-11,JPY,146.55,ecb,2026-09-15
2023-09-11,KRW,1329.67,ecb,2026-09-15
2023-09-12,JPY,146.94,ecb,2026-09-15
2023-09-12,KRW,1327.94,ecb,2026-09-15
2023-09-13,JPY,147.47,ecb,2026-09-15
2023-09-13,KRW,1328.84,ecb,2026-09-15
2023-09-14,JPY,147.37,ecb,2026-09-15
2023-09-14,KRW,1325.67,ecb,2026-09-15
2023-09-15,JPY,147.78,ecb,2026-09-15
2023-09-15,KRW,1328.37,ecb,2026-09-15
2023-09-18,JPY,147.65,ecb,2026-09-15
2023-09-18,KRW,1325.60,ecb,2026-09-15
2023-09-19,JPY,147.67,ecb,2026-09-15
2023-09-19,KRW,1324.54,ecb,2026-09-15
2023-09-20,JPY,147.90,ecb,2026-09-15
2023-09-20,KRW,1327.22,ecb,2026-09-15
2023-09-21,JPY,147.95,ecb,2026-09-15
2023-09-21,KRW,1340.90,ecb,2026-09-15
2023-09-22,JPY,148.28,ecb,2026-09-15
2023-09-22,KRW,1332.99,ecb,2026-09-15
2023-09-25,JPY,148.67,ecb,2026-09-15
2023-09-25,KRW,1338.25,ecb,2026-09-15
2023-09-26,JPY,148.86,ecb,2026-09-15
2023-09-26,KRW,1348.53,ecb,2026-09-15
2023-09-27,JPY,149.20,ecb,2026-09-15
2023-09-27,KRW,1352.69,ecb,2026-09-15
2023-09-28,JPY,149.28,ecb,2026-09-15
2023-09-28,KRW,1353.74,ecb,2026-09-15
2023-09-29,JPY,149.24,ecb,2026-09-15
2023-09-29,KRW,1345.35,ecb,2026-09-15
2023-10-02,JPY,149.73,ecb,2026-09-15
2023-10-02,KRW,1355.76,ecb,2026-09-15
2023-10-03,JPY,149.98,ecb,2026-09-15
2023-10-03,KRW,1361.46,ecb,2026-09-15
2023-10-04,JPY,149.07,ecb,2026-09-15
2023-10-04,KRW,1354.78,ecb,2026-09-15
2023-10-05,JPY,148.88,ecb,2026-09-15
2023-10-05,KRW,1349.46,ecb,2026-09-15
2023-10-06,JPY,149.08,ecb,2026-09-15
2023-10-06,KRW,1347.18,ecb,2026-09-15
2023-10-09,JPY,149.14,ecb,2026-09-15
2023-10-09,KRW,1352.59,ecb,2026-09-15
2023-10-10,JPY,149.04,ecb,2026-09-15
2023-10-10,KRW,1349.08,ecb,2026-09-15
2023-10-11,JPY,148.88,ecb,2026-09-15
2023-10-11,KRW,1340.31,ecb,2026-09-15
2023-10-12,JPY,149.12,ecb,2026-09-15
2023-10-12,KRW,1337.29,ecb,2026-09-15
2023-10-13,JPY,149.60,ecb,2026-09-15
2023-10-13,KRW,1352.22,ecb,2026-09-15
2023-10-16,JPY,149.50,ecb,2026-09-15
2023-10-16,KRW,1354.42,ecb,2026-09-15
2023-10-17,JPY,149.52,ecb,2026-09-15
2023-10-17,KRW,1352.62,ecb,2026-09-15
2023-10-18,JPY,149.65,ecb,2026-09-15
2023-10-18,KRW,1351.85,ecb,2026-09-15
2023-10-19,JPY,149.85,ecb,2026-09-15
2023-10-19,KRW,1358.97,ecb,2026-09-15
2023-10-20,JPY,149.94,ecb,2026-09-15
2023-10-20,KRW,1351.71,ecb,2026-09-15
2023-10-23,JPY,149.96,ecb,2026-09-15
2023-10-23,KRW,1352.08,ecb,2026-09-15
2023-10-24,JPY,149.79,ecb,2026-09-15
2023-10-24,KRW,1343.82,ecb,2026-09-15
2023-10-25,JPY,149.91,ecb,2026-09-15
2023-10-25,KRW,1349.44,ecb,2026-09-15
2023-10-26,JPY,150.36,ecb,2026-09-15
2023-10-26,KRW,1357.37,ecb,2026-09-15
2023-10-27,JPY,149.97,ecb,2026-09-15
2023-10-27,KRW,1356.97,ecb,2026-09-15
2023-10-30,JPY,149.74,ecb,2026-09-15
2023-10-30,KRW,1348.77,ecb,2026-09-15
2023-10-31,JPY,150.96,ecb,2026-09-15
2023-10-31,KRW,1351.03,ecb,2026-09-15
2023-11-01,JPY,151.21,ecb,2026-09-15
2023-11-01,KRW,1356.33,ecb,2026-09-15
2023-11-02,JPY,149.98,ecb,2026-09-15
2023-11-02,KRW,1329.27,ecb,2026-09-15
2023-11-03,JPY,149.38,ecb,2026-09-15
2023-11-03,KRW,1310.43,ecb,2026-09-15
2023-11-06,JPY,149.77,ecb,2026-09-15
2023-11-06,KRW,1298.15,ecb,2026-09-15
2023-11-07,JPY,150.45,ecb,2026-09-15
2023-11-07,KRW,1308.32,ecb,2026-09-15
2023-11-08,JPY,150.85,ecb,2026-09-15
2023-11-08,KRW,1313.87,ecb,2026-09-15
2023-11-09,JPY,151.13,ecb,2026-09-15
2023-11-09,KRW,1311.29,ecb,2026-09-15
2023-11-10,JPY,151.43,ecb,2026-09-15
2023-11-10,KRW,1318.75,ecb,2026-09-15
2023-11-13,JPY,151.79,ecb,2026-09-15
2023-11-13,KRW,1324.95,ecb,2026-09-15
2023-11-14,JPY,151.69,ecb,2026-09-15
2023-11-14,KRW,1325.75,ecb,2026-09-15
2023-11-15,JPY,150.34,ecb,2026-09-15
2023-11-15,KRW,1297.85,ecb,2026-09-15
2023-11-16,JPY,151.21,ecb,2026-09-15
2023-11-16,KRW,1293.55,ecb,2026-09-15
2023-11-17,JPY,149.27,ecb,2026-09-15
2023-11-17,KRW,1292.31,ecb,2026-09-15
2023-11-20,JPY,148.35,ecb,2026-09-15
2023-11-20,KRW,1292.61,ecb,2026-09-15
2023-11-21,JPY,147.52,ecb,2026-09-15
2023-11-21,KRW,1290.66,ecb,2026-09-15
2023-11-22,JPY,148.70,ecb,2026-09-15
2023-11-22,KRW,1299.70,ecb,2026-09-15
2023-11-23,JPY,149.52,ecb,2026-09-15
2023-11-23,KRW,1301.70,ecb,2026-09-15
2023-11-24,JPY,149.60,ecb,2026-09-15
2023-11-24,KRW,1305.98,ecb,2026-09-15
2023-11-27,JPY,148.72,ecb,2026-09-15
2023-11-27,KRW,1299.07,ecb,2026-09-15
2023-11-28,JPY,148.63,ecb,2026-09-15
2023-11-28,KRW,1296.82,ecb,2026-09-15
2023-11-29,JPY,147.58,ecb,2026-09-15
2023-11-29,KRW,1290.91,ecb,2026-09-15
2023-11-30,JPY,147.46,ecb,2026-09-15
2023-11-30,KRW,1297.94,ecb,2026-09-15
2023-12-01,JPY,148.17,ecb,2026-09-15
2023-12-01,KRW,1306.42,ecb,2026-09-15
2023-12-04,JPY,146.73,ecb,2026-09-15
2023-12-04,KRW,1304.66,ecb,2026-09-15
2023-12-05,JPY,147.11,ecb,2026-09-15
2023-12-05,KRW,1314.76,ecb,2026-09-15
2023-12-06,JPY,147.24,ecb,2026-09-15
2023-12-06,KRW,1315.54,ecb,2026-09-15
2023-12-07,JPY,145.00,ecb,2026-09-15
2023-12-07,KRW,1319.30,ecb,2026-09-15
2023-12-08,JPY,144.32,ecb,2026-09-15
2023-12-08,KRW,1310.97,ecb,2026-09-15
2023-12-11,JPY,146.45,ecb,2026-09-15
2023-12-11,KRW,1320.73,ecb,2026-09-15
2023-12-12,JPY,145.17,ecb,2026-09-15
2023-12-12,KRW,1309.89,ecb,2026-09-15
2023-12-13,JPY,145.67,ecb,2026-09-15
2023-12-13,KRW,1319.05,ecb,2026-09-15
2023-12-14,JPY,141.77,ecb,2026-09-15
2023-12-14,KRW,1293.76,ecb,2026-09-15
2023-12-15,JPY,141.74,ecb,2026-09-15
2023-12-15,KRW,1300.26,ecb,2026-09-15
2023-12-18,JPY,142.84,ecb,2026-09-15
2023-12-18,KRW,1300.42,ecb,2026-09-15
2023-12-19,JPY,144.32,ecb,2026-09-15
2023-12-19,KRW,1304.71,ecb,2026-09-15
2023-12-20,JPY,143.57,ecb,2026-09-15
2023-12-20,KRW,1302.65,ecb,2026-09-15
2023-12-21,JPY,142.76,ecb,2026-09-15
2023-12-21,KRW,1302.96,ecb,2026-09-15
2023-12-22,JPY,142.12,ecb,2026-09-15
2023-12-22,KRW,1297.33,ecb,2026-09-15
2023-12-27,JPY,142.62,ecb,2026-09-15
2023-12-27,KRW,1294.78,ecb,2026-09-15
2023-12-28,JPY,140.88,ecb,2026-09-15
2023-12-28,KRW,1285.84,ecb,2026-09-15
2023-12-29,JPY,141.48,ecb,2026-09-15
2023-12-29,KRW,1297.43,ecb,2026-09-15
2024-01-02,JPY,142.10,ecb,2026-09-15
2024-01-02,KRW,1313.23,ecb,2026-09-15
2024-01-03,JPY,143.02,ecb,2026-09-15
2024-01-03,KRW,1311.73,ecb,2026-09-15
2024-01-04,JPY,144.17,ecb,2026-09-15
2024-01-04,KRW,1309.46,ecb,2026-09-15
2024-01-05,JPY,145.20,ecb,2026-09-15
2024-01-05,KRW,1318.23,ecb,2026-09-15
2024-01-08,JPY,144.52,ecb,2026-09-15
2024-01-08,KRW,1320.06,ecb,2026-09-15
2024-01-09,JPY,144.09,ecb,2026-09-15
2024-01-09,KRW,1318.67,ecb,2026-09-15
2024-01-10,JPY,145.29,ecb,2026-09-15
2024-01-10,KRW,1318.99,ecb,2026-09-15
2024-01-11,JPY,145.36,ecb,2026-09-15
2024-01-11,KRW,1314.64,ecb,2026-09-15
2024-01-12,JPY,145.47,ecb,2026-09-15
2024-01-12,KRW,1314.87,ecb,2026-09-15
2024-01-15,JPY,145.88,ecb,2026-09-15
2024-01-15,KRW,1322.02,ecb,2026-09-15
2024-01-16,JPY,146.70,ecb,2026-09-15
2024-01-16,KRW,1337.00,ecb,2026-09-15
2024-01-17,JPY,147.70,ecb,2026-09-15
2024-01-17,KRW,1345.14,ecb,2026-09-15
2024-01-18,JPY,147.94,ecb,2026-09-15
2024-01-18,KRW,1338.67,ecb,2026-09-15
2024-01-19,JPY,148.04,ecb,2026-09-15
2024-01-19,KRW,1333.69,ecb,2026-09-15
2024-01-22,JPY,147.80,ecb,2026-09-15
2024-01-22,KRW,1339.02,ecb,2026-09-15
2024-01-23,JPY,147.98,ecb,2026-09-15
2024-01-23,KRW,1337.65,ecb,2026-09-15
2024-01-24,JPY,147.14,ecb,2026-09-15
2024-01-24,KRW,1332.57,ecb,2026-09-15
2024-01-25,JPY,147.63,ecb,2026-09-15
2024-01-25,KRW,1336.87,ecb,2026-09-15
2024-01-26,JPY,147.75,ecb,2026-09-15
2024-01-26,KRW,1334.82,ecb,2026-09-15
2024-01-29,JPY,147.95,ecb,2026-09-15
2024-01-29,KRW,1335.67,ecb,2026-09-15
2024-01-30,JPY,147.49,ecb,2026-09-15
2024-01-30,KRW,1330.14,ecb,2026-09-15
2024-01-31,JPY,147.82,ecb,2026-09-15
2024-01-31,KRW,1333.05,ecb,2026-09-15
2024-02-01,JPY,146.99,ecb,2026-09-15
2024-02-01,KRW,1333.85,ecb,2026-09-15
2024-02-02,JPY,146.63,ecb,2026-09-15
2024-02-02,KRW,1323.81,ecb,2026-09-15
2024-02-05,JPY,148.63,ecb,2026-09-15
2024-02-05,KRW,1334.53,ecb,2026-09-15
2024-02-06,JPY,148.52,ecb,2026-09-15
2024-02-06,KRW,1328.08,ecb,2026-09-15
2024-02-07,JPY,148.21,ecb,2026-09-15
2024-02-07,KRW,1326.95,ecb,2026-09-15
2024-02-08,JPY,149.24,ecb,2026-09-15
2024-02-08,KRW,1332.04,ecb,2026-09-15
2024-02-09,JPY,149.46,ecb,2026-09-15
2024-02-09,KRW,1332.39,ecb,2026-09-15
2024-02-12,JPY,148.99,ecb,2026-09-15
2024-02-12,KRW,1328.82,ecb,2026-09-15
2024-02-13,JPY,149.33,ecb,2026-09-15
2024-02-13,KRW,1329.23,ecb,2026-09-15
2024-02-14,JPY,150.55,ecb,2026-09-15
2024-02-14,KRW,1333.34,ecb,2026-09-15
2024-02-15,JPY,150.11,ecb,2026-09-15
2024-02-15,KRW,1330.49,ecb,2026-09-15
2024-02-16,JPY,150.33,ecb,2026-09-15
2024-02-16,KRW,1332.74,ecb,2026-09-15
2024-02-19,JPY,149.95,ecb,2026-09-15
2024-02-19,KRW,1335.25,ecb,2026-09-15
2024-02-20,JPY,150.14,ecb,2026-09-15
2024-02-20,KRW,1333.79,ecb,2026-09-15
2024-02-21,JPY,149.99,ecb,2026-09-15
2024-02-21,KRW,1333.86,ecb,2026-09-15
2024-02-22,JPY,150.42,ecb,2026-09-15
2024-02-22,KRW,1326.79,ecb,2026-09-15
2024-02-23,JPY,150.37,ecb,2026-09-15
2024-02-23,KRW,1330.03,ecb,2026-09-15
2024-02-26,JPY,150.55,ecb,2026-09-15
2024-02-26,KRW,1331.05,ecb,2026-09-15
2024-02-27,JPY,150.18,ecb,2026-09-15
2024-02-27,KRW,1331.35,ecb,2026-09-15
2024-02-28,JPY,150.69,ecb,2026-09-15
2024-02-28,KRW,1337.30,ecb,2026-09-15
2024-02-29,JPY,150.13,ecb,2026-09-15
2024-02-29,KRW,1336.99,ecb,2026-09-15
2024-03-01,JPY,150.58,ecb,2026-09-15
2024-03-01,KRW,1335.62,ecb,2026-09-15
2024-03-04,JPY,150.49,ecb,2026-09-15
2024-03-04,KRW,1332.23,ecb,2026-09-15
2024-03-05,JPY,150.25,ecb,2026-09-15
2024-03-05,KRW,1334.67,ecb,2026-09-15
2024-03-06,JPY,149.60,ecb,2026-09-15
2024-03-06,KRW,1333.83,ecb,2026-09-15
2024-03-07,JPY,147.86,ecb,2026-09-15
2024-03-07,KRW,1327.83,ecb,2026-09-15
2024-03-08,JPY,147.26,ecb,2026-09-15
2024-03-08,KRW,1318.98,ecb,2026-09-15
2024-03-11,JPY,146.83,ecb,2026-09-15
2024-03-11,KRW,1311.06,ecb,2026-09-15
2024-03-12,JPY,147.85,ecb,2026-09-15
2024-03-12,KRW,1312.90,ecb,2026-09-15
2024-03-13,JPY,147.94,ecb,2026-09-15
2024-03-13,KRW,1315.49,ecb,2026-09-15
2024-03-14,JPY,148.01,ecb,2026-09-15
2024-03-14,KRW,1319.21,ecb,2026-09-15
2024-03-15,JPY,148.76,ecb,2026-09-15
2024-03-15,KRW,1330.07,ecb,2026-09-15
2024-03-18,JPY,149.20,ecb,2026-09-15
2024-03-18,KRW,1333.78,ecb,2026-09-15
2024-03-19,JPY,150.52,ecb,2026-09-15
2024-03-19,KRW,1338.93,ecb,2026-09-15
2024-03-20,JPY,151.73,ecb,2026-09-15
2024-03-20,KRW,1340.70,ecb,2026-09-15
2024-03-21,JPY,151.24,ecb,2026-09-15
2024-03-21,KRW,1328.51,ecb,2026-09-15
2024-03-22,JPY,151.29,ecb,2026-09-15
2024-03-22,KRW,1343.08,ecb,2026-09-15
2024-03-25,JPY,151.16,ecb,2026-09-15
2024-03-25,KRW,1341.38,ecb,2026-09-15
2024-03-26,JPY,151.45,ecb,2026-09-15
2024-03-26,KRW,1341.09,ecb,2026-09-15
2024-03-27,JPY,151.18,ecb,2026-09-15
2024-03-27,KRW,1351.06,ecb,2026-09-15
2024-03-28,JPY,151.19,ecb,2026-09-15
2024-03-28,KRW,1349.25,ecb,2026-09-15
2024-04-02,JPY,151.65,ecb,2026-09-15
2024-04-02,KRW,1351.97,ecb,2026-09-15
2024-04-03,JPY,151.78,ecb,2026-09-15
2024-04-03,KRW,1350.31,ecb,2026-09-15
2024-04-04,JPY,151.76,ecb,2026-09-15
2024-04-04,KRW,1347.64,ecb,2026-09-15
2024-04-05,JPY,151.37,ecb,2026-09-15
2024-04-05,KRW,1350.51,ecb,2026-09-15
2024-04-08,JPY,151.93,ecb,2026-09-15
2024-04-08,KRW,1356.71,ecb,2026-09-15
2024-04-09,JPY,151.81,ecb,2026-09-15
2024-04-09,KRW,1353.62,ecb,2026-09-15
2024-04-10,JPY,151.83,ecb,2026-09-15
2024-04-10,KRW,1351.13,ecb,2026-09-15
2024-04-11,JPY,153.02,ecb,2026-09-15
2024-04-11,KRW,1369.48,ecb,2026-09-15
2024-04-12,JPY,153.17,ecb,2026-09-15
2024-04-12,KRW,1379.83,ecb,2026-09-15
2024-04-15,JPY,153.95,ecb,2026-09-15
2024-04-15,KRW,1383.06,ecb,2026-09-15
2024-04-16,JPY,154.69,ecb,2026-09-15
2024-04-16,KRW,1392.89,ecb,2026-09-15
2024-04-17,JPY,154.67,ecb,2026-09-15
2024-04-17,KRW,1383.64,ecb,2026-09-15
2024-04-18,JPY,154.34,ecb,2026-09-15
2024-04-18,KRW,1374.11,ecb,2026-09-15
2024-04-19,JPY,154.59,ecb,2026-09-15
2024-04-19,KRW,1379.04,ecb,2026-09-15
2024-04-22,JPY,154.73,ecb,2026-09-15
2024-04-22,KRW,1380.40,ecb,2026-09-15
2024-04-23,JPY,154.80,ecb,2026-09-15
2024-04-23,KRW,1378.31,ecb,2026-09-15
2024-04-24,JPY,154.94,ecb,2026-09-15
2024-04-24,KRW,1375.55,ecb,2026-09-15
2024-04-25,JPY,155.56,ecb,2026-09-15
2024-04-25,KRW,1374.28,ecb,2026-09-15
2024-04-26,JPY,156.83,ecb,2026-09-15
2024-04-26,KRW,1376.38,ecb,2026-09-15
2024-04-29,JPY,156.28,ecb,2026-09-15
2024-04-29,KRW,1377.01,ecb,2026-09-15
2024-04-30,JPY,157.00,ecb,2026-09-15
2024-04-30,KRW,1380.55,ecb,2026-09-15
2024-05-02,JPY,154.82,ecb,2026-09-15
2024-05-02,KRW,1374.47,ecb,2026-09-15
2024-05-03,JPY,153.22,ecb,2026-09-15
2024-05-03,KRW,1359.12,ecb,2026-09-15
2024-05-06,JPY,153.77,ecb,2026-09-15
2024-05-06,KRW,1354.86,ecb,2026-09-15
2024-05-07,JPY,154.61,ecb,2026-09-15
2024-05-07,KRW,1358.40,ecb,2026-09-15
2024-05-08,JPY,155.59,ecb,2026-09-15
2024-05-08,KRW,1365.05,ecb,2026-09-15
2024-05-09,JPY,155.91,ecb,2026-09-15
2024-05-09,KRW,1371.20,ecb,2026-09-15
2024-05-10,JPY,155.74,ecb,2026-09-15
2024-05-10,KRW,1366.29,ecb,2026-09-15
2024-05-13,JPY,155.86,ecb,2026-09-15
2024-05-13,KRW,1367.31,ecb,2026-09-15
2024-05-14,JPY,156.44,ecb,2026-09-15
2024-05-14,KRW,1367.69,ecb,2026-09-15
2024-05-15,JPY,155.49,ecb,2026-09-15
2024-05-15,KRW,1358.87,ecb,2026-09-15
2024-05-16,JPY,154.91,ecb,2026-09-15
2024-05-16,KRW,1346.44,ecb,2026-09-15
2024-05-17,JPY,155.81,ecb,2026-09-15
2024-05-17,KRW,1357.02,ecb,2026-09-15
2024-05-20,JPY,155.83,ecb,2026-09-15
2024-05-20,KRW,1360.20,ecb,2026-09-15
2024-05-21,JPY,156.35,ecb,2026-09-15
2024-05-21,KRW,1362.81,ecb,2026-09-15
2024-05-22,JPY,156.55,ecb,2026-09-15
2024-05-22,KRW,1367.45,ecb,2026-09-15
2024-05-23,JPY,156.53,ecb,2026-09-15
2024-05-23,KRW,1360.48,ecb,2026-09-15
2024-05-24,JPY,157.08,ecb,2026-09-15
2024-05-24,KRW,1365.72,ecb,2026-09-15
2024-05-27,JPY,156.85,ecb,2026-09-15
2024-05-27,KRW,1363.12,ecb,2026-09-15
2024-05-28,JPY,156.72,ecb,2026-09-15
2024-05-28,KRW,1358.00,ecb,2026-09-15
2024-05-29,JPY,157.26,ecb,2026-09-15
2024-05-29,KRW,1367.43,ecb,2026-09-15
2024-05-30,JPY,156.73,ecb,2026-09-15
2024-05-30,KRW,1376.48,ecb,2026-09-15
2024-05-31,JPY,157.13,ecb,2026-09-15
2024-05-31,KRW,1383.26,ecb,2026-09-15
2024-06-03,JPY,156.88,ecb,2026-09-15
2024-06-03,KRW,1377.27,ecb,2026-09-15
2024-06-04,JPY,154.89,ecb,2026-09-15
2024-06-04,KRW,1376.63,ecb,2026-09-15
2024-06-05,JPY,156.11,ecb,2026-09-15
2024-06-05,KRW,1371.73,ecb,2026-09-15
2024-06-06,JPY,156.23,ecb,2026-09-15
2024-06-06,KRW,1368.10,ecb,2026-09-15
2024-06-07,JPY,155.55,ecb,2026-09-15
2024-06-07,KRW,1367.20,ecb,2026-09-15
2024-06-10,JPY,156.88,ecb,2026-09-15
2024-06-10,KRW,1375.35,ecb,2026-09-15
2024-06-11,JPY,157.00,ecb,2026-09-15
2024-06-11,KRW,1378.59,ecb,2026-09-15
2024-06-12,JPY,157.32,ecb,2026-09-15
2024-06-12,KRW,1376.08,ecb,2026-09-15
2024-06-13,JPY,157.25,ecb,2026-09-15
2024-06-13,KRW,1374.55,ecb,2026-09-15
2024-06-14,JPY,157.03,ecb,2026-09-15
2024-06-14,KRW,1385.74,ecb,2026-09-15
2024-06-17,JPY,157.87,ecb,2026-09-15
2024-06-17,KRW,1382.23,ecb,2026-09-15
2024-06-18,JPY,158.11,ecb,2026-09-15
2024-06-18,KRW,1385.04,ecb,2026-09-15
2024-06-19,JPY,157.95,ecb,2026-09-15
2024-06-19,KRW,1380.83,ecb,2026-09-15
2024-06-20,JPY,158.43,ecb,2026-09-15
2024-06-20,KRW,1388.20,ecb,2026-09-15
2024-06-21,JPY,158.89,ecb,2026-09-15
2024-06-21,KRW,1389.02,ecb,2026-09-15
2024-06-24,JPY,159.52,ecb,2026-09-15
2024-06-24,KRW,1388.23,ecb,2026-09-15
2024-06-25,JPY,159.45,ecb,2026-09-15
2024-06-25,KRW,1391.67,ecb,2026-09-15
2024-06-26,JPY,160.37,ecb,2026-09-15
2024-06-26,KRW,1392.14,ecb,2026-09-15
2024-06-27,JPY,160.49,ecb,2026-09-15
2024-06-27,KRW,1386.23,ecb,2026-09-15
2024-06-28,JPY,160.62,ecb,2026-09-15
2024-06-28,KRW,1377.73,ecb,2026-09-15
2024-07-01,JPY,161.14,ecb,2026-09-15
2024-07-01,KRW,1382.42,ecb,2026-09-15
2024-07-02,JPY,161.53,ecb,2026-09-15
2024-07-02,KRW,1387.14,ecb,2026-09-15
2024-07-03,JPY,161.91,ecb,2026-09-15
2024-07-03,KRW,1389.91,ecb,2026-09-15
2024-07-04,JPY,160.96,ecb,2026-09-15
2024-07-04,KRW,1380.61,ecb,2026-09-15
2024-07-05,JPY,160.81,ecb,2026-09-15
2024-07-05,KRW,1380.97,ecb,2026-09-15
2024-07-08,JPY,160.93,ecb,2026-09-15
2024-07-08,KRW,1383.53,ecb,2026-09-15
2024-07-09,JPY,161.09,ecb,2026-09-15
2024-07-09,KRW,1383.40,ecb,2026-09-15
2024-07-10,JPY,161.47,ecb,2026-09-15
2024-07-10,KRW,1384.26,ecb,2026-09-15
2024-07-11,JPY,161.58,ecb,2026-09-15
2024-07-11,KRW,1380.05,ecb,2026-09-15
2024-07-12,JPY,158.74,ecb,2026-09-15
2024-07-12,KRW,1375.47,ecb,2026-09-15
2024-07-15,JPY,158.01,ecb,2026-09-15
2024-07-15,KRW,1382.85,ecb,2026-09-15
2024-07-16,JPY,158.37,ecb,2026-09-15
2024-07-16,KRW,1382.80,ecb,2026-09-15
2024-07-17,JPY,156.58,ecb,2026-09-15
2024-07-17,KRW,1379.26,ecb,2026-09-15
2024-07-18,JPY,156.47,ecb,2026-09-15
2024-07-18,KRW,1382.78,ecb,2026-09-15
2024-07-19,JPY,157.58,ecb,2026-09-15
2024-07-19,KRW,1387.85,ecb,2026-09-15
2024-07-22,JPY,156.87,ecb,2026-09-15
2024-07-22,KRW,1388.02,ecb,2026-09-15
2024-07-23,JPY,156.21,ecb,2026-09-15
2024-07-23,KRW,1386.36,ecb,2026-09-15
2024-07-24,JPY,154.16,ecb,2026-09-15
2024-07-24,KRW,1382.75,ecb,2026-09-15
2024-07-25,JPY,152.63,ecb,2026-09-15
2024-07-25,KRW,1379.90,ecb,2026-09-15
2024-07-26,JPY,154.55,ecb,2026-09-15
2024-07-26,KRW,1385.96,ecb,2026-09-15
2024-07-29,JPY,153.87,ecb,2026-09-15
2024-07-29,KRW,1383.39,ecb,2026-09-15
2024-07-30,JPY,154.85,ecb,2026-09-15
2024-07-30,KRW,1384.51,ecb,2026-09-15
2024-07-31,JPY,150.31,ecb,2026-09-15
2024-07-31,KRW,1372.33,ecb,2026-09-15
2024-08-01,JPY,150.76,ecb,2026-09-15
2024-08-01,KRW,1366.33,ecb,2026-09-15
2024-08-02,JPY,148.93,ecb,2026-09-15
2024-08-02,KRW,1365.73,ecb,2026-09-15
2024-08-05,JPY,142.24,ecb,2026-09-15
2024-08-05,KRW,1364.19,ecb,2026-09-15
2024-08-06,JPY,145.02,ecb,2026-09-15
2024-08-06,KRW,1378.00,ecb,2026-09-15
2024-08-07,JPY,147.06,ecb,2026-09-15
2024-08-07,KRW,1375.15,ecb,2026-09-15
2024-08-08,JPY,146.15,ecb,2026-09-15
2024-08-08,KRW,1375.90,ecb,2026-09-15
2024-08-09,JPY,146.86,ecb,2026-09-15
2024-08-09,KRW,1365.82,ecb,2026-09-15
2024-08-12,JPY,147.60,ecb,2026-09-15
2024-08-12,KRW,1370.78,ecb,2026-09-15
2024-08-13,JPY,147.44,ecb,2026-09-15
2024-08-13,KRW,1371.27,ecb,2026-09-15
2024-08-14,JPY,147.00,ecb,2026-09-15
2024-08-14,KRW,1355.60,ecb,2026-09-15
2024-08-15,JPY,147.25,ecb,2026-09-15
2024-08-15,KRW,1357.99,ecb,2026-09-15
2024-08-16,JPY,148.01,ecb,2026-09-15
2024-08-16,KRW,1355.81,ecb,2026-09-15
2024-08-19,JPY,146.02,ecb,2026-09-15
2024-08-19,KRW,1336.90,ecb,2026-09-15
2024-08-20,JPY,146.32,ecb,2026-09-15
2024-08-20,KRW,1333.76,ecb,2026-09-15
2024-08-21,JPY,145.97,ecb,2026-09-15
2024-08-21,KRW,1336.41,ecb,2026-09-15
2024-08-22,JPY,146.06,ecb,2026-09-15
2024-08-22,KRW,1338.79,ecb,2026-09-15
2024-08-23,JPY,146.00,ecb,2026-09-15
2024-08-23,KRW,1336.98,ecb,2026-09-15
2024-08-26,JPY,144.17,ecb,2026-09-15
2024-08-26,KRW,1326.85,ecb,2026-09-15
2024-08-27,JPY,144.45,ecb,2026-09-15
2024-08-27,KRW,1331.18,ecb,2026-09-15
2024-08-28,JPY,144.44,ecb,2026-09-15
2024-08-28,KRW,1335.84,ecb,2026-09-15
2024-08-29,JPY,144.62,ecb,2026-09-15
2024-08-29,KRW,1329.67,ecb,2026-09-15
2024-08-30,JPY,145.39,ecb,2026-09-15
2024-08-30,KRW,1333.63,ecb,2026-09-15
2024-09-02,JPY,146.97,ecb,2026-09-15
2024-09-02,KRW,1339.23,ecb,2026-09-15
2024-09-03,JPY,146.14,ecb,2026-09-15
2024-09-03,KRW,1342.30,ecb,2026-09-15
2024-09-04,JPY,145.03,ecb,2026-09-15
2024-09-04,KRW,1340.72,ecb,2026-09-15
2024-09-05,JPY,143.46,ecb,2026-09-15
2024-09-05,KRW,1335.08,ecb,2026-09-15
2024-09-06,JPY,143.14,ecb,2026-09-15
2024-09-06,KRW,1330.54,ecb,2026-09-15
2024-09-09,JPY,143.56,ecb,2026-09-15
2024-09-09,KRW,1345.18,ecb,2026-09-15
2024-09-10,JPY,143.06,ecb,2026-09-15
2024-09-10,KRW,1342.21,ecb,2026-09-15
2024-09-11,JPY,141.81,ecb,2026-09-15
2024-09-11,KRW,1338.86,ecb,2026-09-15
2024-09-12,JPY,142.54,ecb,2026-09-15
2024-09-12,KRW,1341.05,ecb,2026-09-15
2024-09-13,JPY,140.93,ecb,2026-09-15
2024-09-13,KRW,1330.39,ecb,2026-09-15
2024-09-16,JPY,139.91,ecb,2026-09-15
2024-09-16,KRW,1318.91,ecb,2026-09-15
2024-09-17,JPY,140.69,ecb,2026-09-15
2024-09-17,KRW,1317.59,ecb,2026-09-15
2024-09-18,JPY,141.98,ecb,2026-09-15
2024-09-18,KRW,1324.75,ecb,2026-09-15
2024-09-19,JPY,143.00,ecb,2026-09-15
2024-09-19,KRW,1328.05,ecb,2026-09-15
2024-09-20,JPY,144.26,ecb,2026-09-15
2024-09-20,KRW,1335.76,ecb,2026-09-15
2024-09-23,JPY,143.52,ecb,2026-09-15
2024-09-23,KRW,1337.01,ecb,2026-09-15
2024-09-24,JPY,143.84,ecb,2026-09-15
2024-09-24,KRW,1334.65,ecb,2026-09-15
2024-09-25,JPY,144.26,ecb,2026-09-15
2024-09-25,KRW,1330.59,ecb,2026-09-15
2024-09-26,JPY,144.13,ecb,2026-09-15
2024-09-26,KRW,1325.52,ecb,2026-09-15
2024-09-27,JPY,143.06,ecb,2026-09-15
2024-09-27,KRW,1310.95,ecb,2026-09-15
2024-09-30,JPY,142.75,ecb,2026-09-15
2024-09-30,KRW,1312.17,ecb,2026-09-15
2024-10-01,JPY,143.76,ecb,2026-09-15
2024-10-01,KRW,1320.58,ecb,2026-09-15
2024-10-02,JPY,144.76,ecb,2026-09-15
2024-10-02,KRW,1321.05,ecb,2026-09-15
2024-10-03,JPY,146.73,ecb,2026-09-15
2024-10-03,KRW,1334.26,ecb,2026-09-15
2024-10-04,JPY,146.60,ecb,2026-09-15
2024-10-04,KRW,1340.32,ecb,2026-09-15
2024-10-07,JPY,148.09,ecb,2026-09-15
2024-10-07,KRW,1344.13,ecb,2026-09-15
2024-10-08,JPY,147.96,ecb,2026-09-15
2024-10-08,KRW,1346.04,ecb,2026-09-15
2024-10-09,JPY,148.74,ecb,2026-09-15
2024-10-09,KRW,1344.37,ecb,2026-09-15
2024-10-10,JPY,148.97,ecb,2026-09-15
2024-10-10,KRW,1351.55,ecb,2026-09-15
2024-10-11,JPY,148.97,ecb,2026-09-15
2024-10-11,KRW,1350.92,ecb,2026-09-15
2024-10-14,JPY,149.69,ecb,2026-09-15
2024-10-14,KRW,1359.62,ecb,2026-09-15
2024-10-15,JPY,149.36,ecb,2026-09-15
2024-10-15,KRW,1359.93,ecb,2026-09-15
2024-10-16,JPY,149.19,ecb,2026-09-15
2024-10-16,KRW,1361.02,ecb,2026-09-15
2024-10-17,JPY,149.55,ecb,2026-09-15
2024-10-17,KRW,1370.17,ecb,2026-09-15
2024-10-18,JPY,150.04,ecb,2026-09-15
2024-10-18,KRW,1371.85,ecb,2026-09-15
2024-10-21,JPY,150.00,ecb,2026-09-15
2024-10-21,KRW,1378.17,ecb,2026-09-15
2024-10-22,JPY,150.84,ecb,2026-09-15
2024-10-22,KRW,1378.49,ecb,2026-09-15
2024-10-23,JPY,152.93,ecb,2026-09-15
2024-10-23,KRW,1385.29,ecb,2026-09-15
2024-10-24,JPY,151.95,ecb,2026-09-15
2024-10-24,KRW,1379.34,ecb,2026-09-15
2024-10-25,JPY,151.92,ecb,2026-09-15
2024-10-25,KRW,1389.46,ecb,2026-09-15
2024-10-28,JPY,152.69,ecb,2026-09-15
2024-10-28,KRW,1383.30,ecb,2026-09-15
2024-10-29,JPY,153.76,ecb,2026-09-15
2024-10-29,KRW,1388.90,ecb,2026-09-15
2024-10-30,JPY,153.41,ecb,2026-09-15
2024-10-30,KRW,1380.51,ecb,2026-09-15
2024-10-31,JPY,152.82,ecb,2026-09-15
2024-10-31,KRW,1378.47,ecb,2026-09-15
2024-11-01,JPY,152.08,ecb,2026-09-15
2024-11-01,KRW,1376.40,ecb,2026-09-15
2024-11-04,JPY,151.75,ecb,2026-09-15
2024-11-04,KRW,1373.78,ecb,2026-09-15
2024-11-05,JPY,152.27,ecb,2026-09-15
2024-11-05,KRW,1379.93,ecb,2026-09-15
2024-11-06,JPY,154.32,ecb,2026-09-15
2024-11-06,KRW,1403.37,ecb,2026-09-15
2024-11-07,JPY,153.65,ecb,2026-09-15
2024-11-07,KRW,1386.91,ecb,2026-09-15
2024-11-08,JPY,152.41,ecb,2026-09-15
2024-11-08,KRW,1388.24,ecb,2026-09-15
2024-11-11,JPY,153.81,ecb,2026-09-15
2024-11-11,KRW,1398.90,ecb,2026-09-15
2024-11-12,JPY,154.20,ecb,2026-09-15
2024-11-12,KRW,1405.43,ecb,2026-09-15
2024-11-13,JPY,154.96,ecb,2026-09-15
2024-11-13,KRW,1399.38,ecb,2026-09-15
2024-11-14,JPY,155.93,ecb,2026-09-15
2024-11-14,KRW,1403.95,ecb,2026-09-15
2024-11-15,JPY,155.31,ecb,2026-09-15
2024-11-15,KRW,1394.91,ecb,2026-09-15
2024-11-18,JPY,155.17,ecb,2026-09-15
2024-11-18,KRW,1397.36,ecb,2026-09-15
2024-11-19,JPY,153.82,ecb,2026-09-15
2024-11-19,KRW,1392.36,ecb,2026-09-15
2024-11-20,JPY,155.67,ecb,2026-09-15
2024-11-20,KRW,1395.95,ecb,2026-09-15
2024-11-21,JPY,154.41,ecb,2026-09-15
2024-11-21,KRW,1398.06,ecb,2026-09-15
2024-11-22,JPY,154.48,ecb,2026-09-15
2024-11-22,KRW,1406.48,ecb,2026-09-15
2024-11-25,JPY,154.02,ecb,2026-09-15
2024-11-25,KRW,1400.54,ecb,2026-09-15
2024-11-26,JPY,153.14,ecb,2026-09-15
2024-11-26,KRW,1395.45,ecb,2026-09-15
2024-11-27,JPY,151.60,ecb,2026-09-15
2024-11-27,KRW,1392.39,ecb,2026-09-15
2024-11-28,JPY,151.67,ecb,2026-09-15
2024-11-28,KRW,1396.59,ecb,2026-09-15
2024-11-29,JPY,150.20,ecb,2026-09-15
2024-11-29,KRW,1397.57,ecb,2026-09-15
2024-12-02,JPY,150.13,ecb,2026-09-15
2024-12-02,KRW,1404.33,ecb,2026-09-15
2024-12-03,JPY,149.64,ecb,2026-09-15
2024-12-03,KRW,1403.06,ecb,2026-09-15
2024-12-04,JPY,151.15,ecb,2026-09-15
2024-12-04,KRW,1417.54,ecb,2026-09-15
2024-12-05,JPY,150.40,ecb,2026-09-15
2024-12-05,KRW,1418.04,ecb,2026-09-15
2024-12-06,JPY,150.51,ecb,2026-09-15
2024-12-06,KRW,1419.74,ecb,2026-09-15
2024-12-09,JPY,150.83,ecb,2026-09-15
2024-12-09,KRW,1432.14,ecb,2026-09-15
2024-12-10,JPY,151.74,ecb,2026-09-15
2024-12-10,KRW,1431.85,ecb,2026-09-15
2024-12-11,JPY,152.61,ecb,2026-09-15
2024-12-11,KRW,1430.36,ecb,2026-09-15
2024-12-12,JPY,152.13,ecb,2026-09-15
2024-12-12,KRW,1430.72,ecb,2026-09-15
2024-12-13,JPY,153.50,ecb,2026-09-15
2024-12-13,KRW,1433.33,ecb,2026-09-15
2024-12-16,JPY,154.06,ecb,2026-09-15
2024-12-16,KRW,1437.56,ecb,2026-09-15
2024-12-17,JPY,153.98,ecb,2026-09-15
2024-12-17,KRW,1436.72,ecb,2026-09-15
2024-12-18,JPY,153.89,ecb,2026-09-15
2024-12-18,KRW,1438.15,ecb,2026-09-15
2024-12-19,JPY,156.87,ecb,2026-09-15
2024-12-19,KRW,1448.10,ecb,2026-09-15
2024-12-20,JPY,156.78,ecb,2026-09-15
2024-12-20,KRW,1446.29,ecb,2026-09-15
2024-12-23,JPY,157.18,ecb,2026-09-15
2024-12-23,KRW,1453.44,ecb,2026-09-15
2024-12-24,JPY,157.05,ecb,2026-09-15
2024-12-24,KRW,1458.37,ecb,2026-09-15
2024-12-27,JPY,157.79,ecb,2026-09-15
2024-12-27,KRW,1473.55,ecb,2026-09-15
2024-12-30,JPY,157.57,ecb,2026-09-15
2024-12-30,KRW,1473.70,ecb,2026-09-15
2024-12-31,JPY,156.95,ecb,2026-09-15
2024-12-31,KRW,1474.78,ecb,2026-09-15
2025-01-02,JPY,157.00,ecb,2026-09-15
2025-01-02,KRW,1467.95,ecb,2026-09-15
2025-01-03,JPY,157.07,ecb,2026-09-15
2025-01-03,KRW,1468.78,ecb,2026-09-15
2025-01-06,JPY,156.58,ecb,2026-09-15
2025-01-06,KRW,1456.21,ecb,2026-09-15
2025-01-07,JPY,157.66,ecb,2026-09-15
2025-01-07,KRW,1450.35,ecb,2026-09-15
2025-01-08,JPY,158.41,ecb,2026-09-15
2025-01-08,KRW,1461.70,ecb,2026-09-15
2025-01-09,JPY,157.75,ecb,2026-09-15
2025-01-09,KRW,1459.71,ecb,2026-09-15
2025-01-10,JPY,158.06,ecb,2026-09-15
2025-01-10,KRW,1466.73,ecb,2026-09-15
2025-01-13,JPY,157.11,ecb,2026-09-15
2025-01-13,KRW,1468.44,ecb,2026-09-15
2025-01-14,JPY,157.76,ecb,2026-09-15
2025-01-14,KRW,1460.61,ecb,2026-09-15
2025-01-15,JPY,157.04,ecb,2026-09-15
2025-01-15,KRW,1459.37,ecb,2026-09-15
2025-01-16,JPY,156.21,ecb,2026-09-15
2025-01-16,KRW,1459.35,ecb,2026-09-15
2025-01-17,JPY,155.59,ecb,2026-09-15
2025-01-17,KRW,1458.58,ecb,2026-09-15
2025-01-20,JPY,156.42,ecb,2026-09-15
2025-01-20,KRW,1451.34,ecb,2026-09-15
2025-01-21,JPY,155.70,ecb,2026-09-15
2025-01-21,KRW,1441.93,ecb,2026-09-15
2025-01-22,JPY,155.82,ecb,2026-09-15
2025-01-22,KRW,1432.55,ecb,2026-09-15
2025-01-23,JPY,156.27,ecb,2026-09-15
2025-01-23,KRW,1436.85,ecb,2026-09-15
2025-01-24,JPY,156.51,ecb,2026-09-15
2025-01-24,KRW,1433.92,ecb,2026-09-15
2025-01-27,JPY,154.05,ecb,2026-09-15
2025-01-27,KRW,1432.07,ecb,2026-09-15
2025-01-28,JPY,155.32,ecb,2026-09-15
2025-01-28,KRW,1445.94,ecb,2026-09-15
2025-01-29,JPY,155.35,ecb,2026-09-15
2025-01-29,KRW,1446.73,ecb,2026-09-15
2025-01-30,JPY,154.11,ecb,2026-09-15
2025-01-30,KRW,1441.91,ecb,2026-09-15
2025-01-31,JPY,154.90,ecb,2026-09-15
2025-01-31,KRW,1449.65,ecb,2026-09-15
2025-02-03,JPY,154.63,ecb,2026-09-15
2025-02-03,KRW,1463.90,ecb,2026-09-15
2025-02-04,JPY,155.32,ecb,2026-09-15
2025-02-04,KRW,1455.45,ecb,2026-09-15
2025-02-05,JPY,152.80,ecb,2026-09-15
2025-02-05,KRW,1446.55,ecb,2026-09-15
2025-02-06,JPY,152.46,ecb,2026-09-15
2025-02-06,KRW,1450.75,ecb,2026-09-15
2025-02-07,JPY,152.04,ecb,2026-09-15
2025-02-07,KRW,1447.09,ecb,2026-09-15
2025-02-10,JPY,152.05,ecb,2026-09-15
2025-02-10,KRW,1450.40,ecb,2026-09-15
2025-02-11,JPY,152.34,ecb,2026-09-15
2025-02-11,KRW,1453.60,ecb,2026-09-15
2025-02-12,JPY,153.54,ecb,2026-09-15
2025-02-12,KRW,1452.24,ecb,2026-09-15
2025-02-13,JPY,153.79,ecb,2026-09-15
2025-02-13,KRW,1450.93,ecb,2026-09-15
2025-02-14,JPY,152.79,ecb,2026-09-15
2025-02-14,KRW,1440.64,ecb,2026-09-15
2025-02-17,JPY,151.50,ecb,2026-09-15
2025-02-17,KRW,1443.57,ecb,2026-09-15
2025-02-18,JPY,151.77,ecb,2026-09-15
2025-02-18,KRW,1441.87,ecb,2026-09-15
2025-02-19,JPY,151.82,ecb,2026-09-15
2025-02-19,KRW,1442.13,ecb,2026-09-15
2025-02-20,JPY,149.96,ecb,2026-09-15
2025-02-20,KRW,1436.96,ecb,2026-09-15
2025-02-21,JPY,150.46,ecb,2026-09-15
2025-02-21,KRW,1433.50,ecb,2026-09-15
2025-02-24,JPY,149.83,ecb,2026-09-15
2025-02-24,KRW,1427.98,ecb,2026-09-15
2025-02-25,JPY,149.75,ecb,2026-09-15
2025-02-25,KRW,1433.85,ecb,2026-09-15
2025-02-26,JPY,149.42,ecb,2026-09-15
2025-02-26,KRW,1434.49,ecb,2026-09-15
2025-02-27,JPY,149.59,ecb,2026-09-15
2025-02-27,KRW,1443.04,ecb,2026-09-15
2025-02-28,JPY,150.76,ecb,2026-09-15
2025-02-28,KRW,1459.92,ecb,2026-09-15
2025-03-03,JPY,151.29,ecb,2026-09-15
2025-03-03,KRW,1458.60,ecb,2026-09-15
2025-03-04,JPY,148.24,ecb,2026-09-15
2025-03-04,KRW,1456.03,ecb,2026-09-15
2025-03-05,JPY,149.70,ecb,2026-09-15
2025-03-05,KRW,1450.95,ecb,2026-09-15
2025-03-06,JPY,147.50,ecb,2026-09-15
2025-03-06,KRW,1448.25,ecb,2026-09-15
2025-03-07,JPY,147.69,ecb,2026-09-15
2025-03-07,KRW,1446.50,ecb,2026-09-15
2025-03-10,JPY,146.97,ecb,2026-09-15
2025-03-10,KRW,1455.89,ecb,2026-09-15
2025-03-11,JPY,148.02,ecb,2026-09-15
2025-03-11,KRW,1453.96,ecb,2026-09-15
2025-03-12,JPY,149.03,ecb,2026-09-15
2025-03-12,KRW,1452.00,ecb,2026-09-15
2025-03-13,JPY,148.33,ecb,2026-09-15
2025-03-13,KRW,1456.72,ecb,2026-09-15
2025-03-14,JPY,148.66,ecb,2026-09-15
2025-03-14,KRW,1453.64,ecb,2026-09-15
2025-03-17,JPY,148.82,ecb,2026-09-15
2025-03-17,KRW,1448.29,ecb,2026-09-15
2025-03-18,JPY,149.75,ecb,2026-09-15
2025-03-18,KRW,1453.26,ecb,2026-09-15
2025-03-19,JPY,149.83,ecb,2026-09-15
2025-03-19,KRW,1458.85,ecb,2026-09-15
2025-03-20,JPY,148.48,ecb,2026-09-15
2025-03-20,KRW,1469.55,ecb,2026-09-15
2025-03-21,JPY,148.69,ecb,2026-09-15
2025-03-21,KRW,1464.40,ecb,2026-09-15
2025-03-24,JPY,149.81,ecb,2026-09-15
2025-03-24,KRW,1467.29,ecb,2026-09-15
2025-03-25,JPY,149.95,ecb,2026-09-15
2025-03-25,KRW,1466.20,ecb,2026-09-15
2025-03-26,JPY,150.35,ecb,2026-09-15
2025-03-26,KRW,1465.39,ecb,2026-09-15
2025-03-27,JPY,150.72,ecb,2026-09-15
2025-03-27,KRW,1465.15,ecb,2026-09-15
2025-03-28,JPY,150.63,ecb,2026-09-15
2025-03-28,KRW,1468.60,ecb,2026-09-15
2025-03-31,JPY,149.42,ecb,2026-09-15
2025-03-31,KRW,1474.54,ecb,2026-09-15
2025-04-01,JPY,149.18,ecb,2026-09-15
2025-04-01,KRW,1472.40,ecb,2026-09-15
2025-04-02,JPY,149.24,ecb,2026-09-15
2025-04-02,KRW,1461.88,ecb,2026-09-15
2025-04-03,JPY,146.14,ecb,2026-09-15
2025-04-03,KRW,1455.45,ecb,2026-09-15
2025-04-04,JPY,145.21,ecb,2026-09-15
2025-04-04,KRW,1448.05,ecb,2026-09-15
2025-04-07,JPY,146.42,ecb,2026-09-15
2025-04-07,KRW,1464.86,ecb,2026-09-15
2025-04-08,JPY,146.71,ecb,2026-09-15
2025-04-08,KRW,1478.35,ecb,2026-09-15
2025-04-09,JPY,144.51,ecb,2026-09-15
2025-04-09,KRW,1476.73,ecb,2026-09-15
2025-04-10,JPY,145.53,ecb,2026-09-15
2025-04-10,KRW,1455.45,ecb,2026-09-15
2025-04-11,JPY,142.84,ecb,2026-09-15
2025-04-11,KRW,1431.68,ecb,2026-09-15
2025-04-14,JPY,143.25,ecb,2026-09-15
2025-04-14,KRW,1421.54,ecb,2026-09-15
2025-04-15,JPY,142.93,ecb,2026-09-15
2025-04-15,KRW,1426.85,ecb,2026-09-15
2025-04-16,JPY,142.75,ecb,2026-09-15
2025-04-16,KRW,1418.06,ecb,2026-09-15
2025-04-17,JPY,142.59,ecb,2026-09-15
2025-04-17,KRW,1416.48,ecb,2026-09-15
2025-04-22,JPY,140.34,ecb,2026-09-15
2025-04-22,KRW,1425.18,ecb,2026-09-15
2025-04-23,JPY,141.64,ecb,2026-09-15
2025-04-23,KRW,1422.13,ecb,2026-09-15
2025-04-24,JPY,142.55,ecb,2026-09-15
2025-04-24,KRW,1435.29,ecb,2026-09-15
2025-04-25,JPY,143.35,ecb,2026-09-15
2025-04-25,KRW,1439.49,ecb,2026-09-15
2025-04-28,JPY,143.34,ecb,2026-09-15
2025-04-28,KRW,1444.38,ecb,2026-09-15
2025-04-29,JPY,142.69,ecb,2026-09-15
2025-04-29,KRW,1435.67,ecb,2026-09-15
2025-04-30,JPY,143.04,ecb,2026-09-15
2025-04-30,KRW,1423.01,ecb,2026-09-15
2025-05-02,JPY,144.52,ecb,2026-09-15
2025-05-02,KRW,1397.73,ecb,2026-09-15
2025-05-05,JPY,143.87,ecb,2026-09-15
2025-05-05,KRW,1371.32,ecb,2026-09-15
2025-05-06,JPY,142.73,ecb,2026-09-15
2025-05-06,KRW,1381.08,ecb,2026-09-15
2025-05-07,JPY,143.39,ecb,2026-09-15
2025-05-07,KRW,1391.15,ecb,2026-09-15
2025-05-08,JPY,144.68,ecb,2026-09-15
2025-05-08,KRW,1398.72,ecb,2026-09-15
2025-05-09,JPY,145.18,ecb,2026-09-15
2025-05-09,KRW,1400.39,ecb,2026-09-15
2025-05-12,JPY,148.08,ecb,2026-09-15
2025-05-12,KRW,1419.08,ecb,2026-09-15
2025-05-13,JPY,148.14,ecb,2026-09-15
2025-05-13,KRW,1424.45,ecb,2026-09-15
2025-05-14,JPY,146.25,ecb,2026-09-15
2025-05-14,KRW,1397.56,ecb,2026-09-15
2025-05-15,JPY,146.00,ecb,2026-09-15
2025-05-15,KRW,1398.08,ecb,2026-09-15
2025-05-16,JPY,145.66,ecb,2026-09-15
2025-05-16,KRW,1396.44,ecb,2026-09-15
2025-05-19,JPY,144.97,ecb,2026-09-15
2025-05-19,KRW,1388.78,ecb,2026-09-15
2025-05-20,JPY,144.64,ecb,2026-09-15
2025-05-20,KRW,1394.62,ecb,2026-09-15
2025-05-21,JPY,143.77,ecb,2026-09-15
2025-05-21,KRW,1375.31,ecb,2026-09-15
2025-05-22,JPY,143.42,ecb,2026-09-15
2025-05-22,KRW,1381.79,ecb,2026-09-15
2025-05-23,JPY,142.58,ecb,2026-09-15
2025-05-23,KRW,1376.67,ecb,2026-09-15
2025-05-26,JPY,142.90,ecb,2026-09-15
2025-05-26,KRW,1369.48,ecb,2026-09-15
2025-05-27,JPY,144.17,ecb,2026-09-15
2025-05-27,KRW,1374.25,ecb,2026-09-15
2025-05-28,JPY,144.41,ecb,2026-09-15
2025-05-28,KRW,1373.36,ecb,2026-09-15
2025-05-29,JPY,144.91,ecb,2026-09-15
2025-05-29,KRW,1374.85,ecb,2026-09-15
2025-05-30,JPY,143.72,ecb,2026-09-15
2025-05-30,KRW,1378.51,ecb,2026-09-15
2025-06-02,JPY,142.73,ecb,2026-09-15
2025-06-02,KRW,1376.83,ecb,2026-09-15
2025-06-03,JPY,143.16,ecb,2026-09-15
2025-06-03,KRW,1376.78,ecb,2026-09-15
2025-06-04,JPY,144.19,ecb,2026-09-15
2025-06-04,KRW,1366.32,ecb,2026-09-15
2025-06-05,JPY,143.27,ecb,2026-09-15
2025-06-05,KRW,1357.39,ecb,2026-09-15
2025-06-06,JPY,144.26,ecb,2026-09-15
2025-06-06,KRW,1359.29,ecb,2026-09-15
2025-06-09,JPY,144.50,ecb,2026-09-15
2025-06-09,KRW,1356.44,ecb,2026-09-15
2025-06-10,JPY,144.57,ecb,2026-09-15
2025-06-10,KRW,1366.55,ecb,2026-09-15
2025-06-11,JPY,145.34,ecb,2026-09-15
2025-06-11,KRW,1375.58,ecb,2026-09-15
2025-06-12,JPY,143.73,ecb,2026-09-15
2025-06-12,KRW,1353.78,ecb,2026-09-15
2025-06-13,JPY,144.15,ecb,2026-09-15
2025-06-13,KRW,1370.24,ecb,2026-09-15
2025-06-16,JPY,144.19,ecb,2026-09-15
2025-06-16,KRW,1359.48,ecb,2026-09-15
2025-06-17,JPY,144.67,ecb,2026-09-15
2025-06-17,KRW,1365.34,ecb,2026-09-15
2025-06-18,JPY,144.83,ecb,2026-09-15
2025-06-18,KRW,1375.65,ecb,2026-09-15
2025-06-19,JPY,145.67,ecb,2026-09-15
2025-06-19,KRW,1380.12,ecb,2026-09-15
2025-06-20,JPY,145.61,ecb,2026-09-15
2025-06-20,KRW,1366.74,ecb,2026-09-15
2025-06-23,JPY,147.55,ecb,2026-09-15
2025-06-23,KRW,1388.15,ecb,2026-09-15
2025-06-24,JPY,144.97,ecb,2026-09-15
2025-06-24,KRW,1360.17,ecb,2026-09-15
2025-06-25,JPY,145.78,ecb,2026-09-15
2025-06-25,KRW,1363.55,ecb,2026-09-15
2025-06-26,JPY,144.44,ecb,2026-09-15
2025-06-26,KRW,1357.10,ecb,2026-09-15
2025-06-27,JPY,144.60,ecb,2026-09-15
2025-06-27,KRW,1360.82,ecb,2026-09-15
2025-06-30,JPY,144.34,ecb,2026-09-15
2025-06-30,KRW,1355.13,ecb,2026-09-15
2025-07-01,JPY,142.85,ecb,2026-09-15
2025-07-01,KRW,1353.24,ecb,2026-09-15
2025-07-02,JPY,144.15,ecb,2026-09-15
2025-07-02,KRW,1359.91,ecb,2026-09-15
2025-07-03,JPY,143.93,ecb,2026-09-15
2025-07-03,KRW,1362.08,ecb,2026-09-15
2025-07-04,JPY,144.40,ecb,2026-09-15
2025-07-04,KRW,1363.39,ecb,2026-09-15
2025-07-07,JPY,145.56,ecb,2026-09-15
2025-07-07,KRW,1367.29,ecb,2026-09-15
2025-07-08,JPY,146.53,ecb,2026-09-15
2025-07-08,KRW,1370.46,ecb,2026-09-15
2025-07-09,JPY,146.72,ecb,2026-09-15
2025-07-09,KRW,1376.80,ecb,2026-09-15
2025-07-10,JPY,146.32,ecb,2026-09-15
2025-07-10,KRW,1373.25,ecb,2026-09-15
2025-07-11,JPY,147.06,ecb,2026-09-15
2025-07-11,KRW,1375.00,ecb,2026-09-15
2025-07-14,JPY,147.37,ecb,2026-09-15
2025-07-14,KRW,1380.65,ecb,2026-09-15
2025-07-15,JPY,147.95,ecb,2026-09-15
2025-07-15,KRW,1381.06,ecb,2026-09-15
2025-07-16,JPY,148.73,ecb,2026-09-15
2025-07-16,KRW,1391.18,ecb,2026-09-15
2025-07-17,JPY,148.79,ecb,2026-09-15
2025-07-17,KRW,1394.47,ecb,2026-09-15
2025-07-18,JPY,148.45,ecb,2026-09-15
2025-07-18,KRW,1390.15,ecb,2026-09-15
2025-07-21,JPY,147.44,ecb,2026-09-15
2025-07-21,KRW,1383.94,ecb,2026-09-15
2025-07-22,JPY,147.17,ecb,2026-09-15
2025-07-22,KRW,1386.10,ecb,2026-09-15
2025-07-23,JPY,146.28,ecb,2026-09-15
2025-07-23,KRW,1374.94,ecb,2026-09-15
2025-07-24,JPY,146.50,ecb,2026-09-15
2025-07-24,KRW,1369.58,ecb,2026-09-15
2025-07-25,JPY,147.65,ecb,2026-09-15
2025-07-25,KRW,1381.27,ecb,2026-09-15
2025-07-28,JPY,148.15,ecb,2026-09-15
2025-07-28,KRW,1385.45,ecb,2026-09-15
2025-07-29,JPY,148.77,ecb,2026-09-15
2025-07-29,KRW,1394.09,ecb,2026-09-15
2025-07-30,JPY,148.31,ecb,2026-09-15
2025-07-30,KRW,1384.23,ecb,2026-09-15
2025-07-31,JPY,149.85,ecb,2026-09-15
2025-07-31,KRW,1394.63,ecb,2026-09-15
2025-08-01,JPY,150.48,ecb,2026-09-15
2025-08-01,KRW,1404.62,ecb,2026-09-15
2025-08-04,JPY,147.38,ecb,2026-09-15
2025-08-04,KRW,1383.72,ecb,2026-09-15
2025-08-05,JPY,147.60,ecb,2026-09-15
2025-08-05,KRW,1391.12,ecb,2026-09-15
2025-08-06,JPY,147.55,ecb,2026-09-15
2025-08-06,KRW,1388.32,ecb,2026-09-15
2025-08-07,JPY,147.38,ecb,2026-09-15
2025-08-07,KRW,1383.63,ecb,2026-09-15
2025-08-08,JPY,147.82,ecb,2026-09-15
2025-08-08,KRW,1390.74,ecb,2026-09-15
2025-08-11,JPY,147.87,ecb,2026-09-15
2025-08-11,KRW,1391.85,ecb,2026-09-15
2025-08-12,JPY,148.46,ecb,2026-09-15
2025-08-12,KRW,1390.17,ecb,2026-09-15
2025-08-13,JPY,147.27,ecb,2026-09-15
2025-08-13,KRW,1378.36,ecb,2026-09-15
2025-08-14,JPY,146.54,ecb,2026-09-15
2025-08-14,KRW,1386.07,ecb,2026-09-15
2025-08-15,JPY,147.00,ecb,2026-09-15
2025-08-15,KRW,1388.96,ecb,2026-09-15
2025-08-18,JPY,147.58,ecb,2026-09-15
2025-08-18,KRW,1386.25,ecb,2026-09-15
2025-08-19,JPY,147.81,ecb,2026-09-15
2025-08-19,KRW,1388.80,ecb,2026-09-15
2025-08-20,JPY,147.43,ecb,2026-09-15
2025-08-20,KRW,1398.78,ecb,2026-09-15
2025-08-21,JPY,147.86,ecb,2026-09-15
2025-08-21,KRW,1398.69,ecb,2026-09-15
2025-08-22,JPY,148.69,ecb,2026-09-15
2025-08-22,KRW,1390.47,ecb,2026-09-15
2025-08-25,JPY,147.35,ecb,2026-09-15
2025-08-25,KRW,1387.28,ecb,2026-09-15
2025-08-26,JPY,147.37,ecb,2026-09-15
2025-08-26,KRW,1394.36,ecb,2026-09-15
2025-08-27,JPY,148.05,ecb,2026-09-15
2025-08-27,KRW,1397.82,ecb,2026-09-15
2025-08-28,JPY,146.87,ecb,2026-09-15
2025-08-28,KRW,1385.80,ecb,2026-09-15
2025-08-29,JPY,147.30,ecb,2026-09-15
2025-08-29,KRW,1391.54,ecb,2026-09-15
2025-09-01,JPY,147.22,ecb,2026-09-15
2025-09-01,KRW,1393.36,ecb,2026-09-15
2025-09-02,JPY,148.63,ecb,2026-09-15
2025-09-02,KRW,1395.34,ecb,2026-09-15
2025-09-03,JPY,148.61,ecb,2026-09-15
2025-09-03,KRW,1389.43,ecb,2026-09-15
2025-09-04,JPY,148.33,ecb,2026-09-15
2025-09-04,KRW,1393.31,ecb,2026-09-15
2025-09-05,JPY,147.98,ecb,2026-09-15
2025-09-05,KRW,1390.78,ecb,2026-09-15
2025-09-08,JPY,147.84,ecb,2026-09-15
2025-09-08,KRW,1387.88,ecb,2026-09-15
2025-09-09,JPY,146.76,ecb,2026-09-15
2025-09-09,KRW,1386.71,ecb,2026-09-15
2025-09-10,JPY,147.49,ecb,2026-09-15
2025-09-10,KRW,1388.85,ecb,2026-09-15
2025-09-11,JPY,147.95,ecb,2026-09-15
2025-09-11,KRW,1392.96,ecb,2026-09-15
2025-09-12,JPY,147.92,ecb,2026-09-15
2025-09-12,KRW,1391.86,ecb,2026-09-15
2025-09-15,JPY,147.36,ecb,2026-09-15
2025-09-15,KRW,1387.98,ecb,2026-09-15
2025-09-16,JPY,146.99,ecb,2026-09-15
2025-09-16,KRW,1381.93,ecb,2026-09-15
2025-09-17,JPY,146.39,ecb,2026-09-15
2025-09-17,KRW,1378.56,ecb,2026-09-15
2025-09-18,JPY,147.44,ecb,2026-09-15
2025-09-18,KRW,1386.50,ecb,2026-09-15
2025-09-19,JPY,148.08,ecb,2026-09-15
2025-09-19,KRW,1398.16,ecb,2026-09-15
2025-09-22,JPY,147.84,ecb,2026-09-15
2025-09-22,KRW,1391.29,ecb,2026-09-15
2025-09-23,JPY,147.80,ecb,2026-09-15
2025-09-23,KRW,1394.55,ecb,2026-09-15
2025-09-24,JPY,148.44,ecb,2026-09-15
2025-09-24,KRW,1399.28,ecb,2026-09-15
2025-09-25,JPY,148.82,ecb,2026-09-15
2025-09-25,KRW,1403.93,ecb,2026-09-15
2025-09-26,JPY,149.75,ecb,2026-09-15
2025-09-26,KRW,1409.82,ecb,2026-09-15
2025-09-29,JPY,148.75,ecb,2026-09-15
2025-09-29,KRW,1401.78,ecb,2026-09-15
2025-09-30,JPY,147.99,ecb,2026-09-15
2025-09-30,KRW,1403.67,ecb,2026-09-15
2025-10-01,JPY,147.11,ecb,2026-09-15
2025-10-01,KRW,1405.25,ecb,2026-09-15
2025-10-02,JPY,146.78,ecb,2026-09-15
2025-10-02,KRW,1401.40,ecb,2026-09-15
2025-10-03,JPY,147.35,ecb,2026-09-15
2025-10-03,KRW,1405.57,ecb,2026-09-15
2025-10-06,JPY,150.04,ecb,2026-09-15
2025-10-06,KRW,1412.23,ecb,2026-09-15
2025-10-07,JPY,150.91,ecb,2026-09-15
2025-10-07,KRW,1413.20,ecb,2026-09-15
2025-10-08,JPY,152.69,ecb,2026-09-15
2025-10-08,KRW,1424.33,ecb,2026-09-15
2025-10-09,JPY,152.79,ecb,2026-09-15
2025-10-09,KRW,1419.17,ecb,2026-09-15
2025-10-10,JPY,152.54,ecb,2026-09-15
2025-10-10,KRW,1421.03,ecb,2026-09-15
2025-10-13,JPY,152.11,ecb,2026-09-15
2025-10-13,KRW,1427.60,ecb,2026-09-15
2025-10-14,JPY,152.10,ecb,2026-09-15
2025-10-14,KRW,1434.71,ecb,2026-09-15
2025-10-15,JPY,151.55,ecb,2026-09-15
2025-10-15,KRW,1423.59,ecb,2026-09-15
2025-10-16,JPY,151.28,ecb,2026-09-15
2025-10-16,KRW,1417.88,ecb,2026-09-15
2025-10-17,JPY,150.42,ecb,2026-09-15
2025-10-17,KRW,1420.58,ecb,2026-09-15
2025-10-20,JPY,150.76,ecb,2026-09-15
2025-10-20,KRW,1423.54,ecb,2026-09-15
2025-10-21,JPY,152.02,ecb,2026-09-15
2025-10-21,KRW,1430.50,ecb,2026-09-15
2025-10-22,JPY,151.83,ecb,2026-09-15
2025-10-22,KRW,1432.66,ecb,2026-09-15
2025-10-23,JPY,152.63,ecb,2026-09-15
2025-10-23,KRW,1440.43,ecb,2026-09-15
2025-10-24,JPY,152.90,ecb,2026-09-15
2025-10-24,KRW,1439.45,ecb,2026-09-15
2025-10-27,JPY,152.86,ecb,2026-09-15
2025-10-27,KRW,1432.32,ecb,2026-09-15
2025-10-28,JPY,152.29,ecb,2026-09-15
2025-10-28,KRW,1436.38,ecb,2026-09-15
2025-10-29,JPY,152.17,ecb,2026-09-15
2025-10-29,KRW,1422.95,ecb,2026-09-15
2025-10-30,JPY,154.43,ecb,2026-09-15
2025-10-30,KRW,1434.99,ecb,2026-09-15
2025-10-31,JPY,154.18,ecb,2026-09-15
2025-10-31,KRW,1428.14,ecb,2026-09-15
2025-11-03,JPY,154.22,ecb,2026-09-15
2025-11-03,KRW,1430.02,ecb,2026-09-15
2025-11-04,JPY,153.50,ecb,2026-09-15
2025-11-04,KRW,1439.20,ecb,2026-09-15
2025-11-05,JPY,153.73,ecb,2026-09-15
2025-11-05,KRW,1444.00,ecb,2026-09-15
2025-11-06,JPY,153.60,ecb,2026-09-15
2025-11-06,KRW,1445.76,ecb,2026-09-15
2025-11-07,JPY,153.09,ecb,2026-09-15
2025-11-07,KRW,1459.64,ecb,2026-09-15
2025-11-10,JPY,154.10,ecb,2026-09-15
2025-11-10,KRW,1454.13,ecb,2026-09-15
2025-11-11,JPY,154.18,ecb,2026-09-15
2025-11-11,KRW,1465.10,ecb,2026-09-15
2025-11-12,JPY,154.79,ecb,2026-09-15
2025-11-12,KRW,1465.88,ecb,2026-09-15
2025-11-13,JPY,154.55,ecb,2026-09-15
2025-11-13,KRW,1463.48,ecb,2026-09-15
2025-11-14,JPY,153.86,ecb,2026-09-15
2025-11-14,KRW,1451.50,ecb,2026-09-15
2025-11-17,JPY,154.90,ecb,2026-09-15
2025-11-17,KRW,1461.46,ecb,2026-09-15
2025-11-18,JPY,155.25,ecb,2026-09-15
2025-11-18,KRW,1462.99,ecb,2026-09-15
2025-11-19,JPY,156.13,ecb,2026-09-15
2025-11-19,KRW,1466.01,ecb,2026-09-15
2025-11-20,JPY,157.61,ecb,2026-09-15
2025-11-20,KRW,1469.35,ecb,2026-09-15
2025-11-21,JPY,156.74,ecb,2026-09-15
2025-11-21,KRW,1474.29,ecb,2026-09-15
2025-11-24,JPY,156.98,ecb,2026-09-15
2025-11-24,KRW,1473.27,ecb,2026-09-15
2025-11-25,JPY,156.19,ecb,2026-09-15
2025-11-25,KRW,1464.88,ecb,2026-09-15
2025-11-26,JPY,156.42,ecb,2026-09-15
2025-11-26,KRW,1474.30,ecb,2026-09-15
2025-11-27,JPY,156.32,ecb,2026-09-15
2025-11-27,KRW,1462.24,ecb,2026-09-15
2025-11-28,JPY,156.12,ecb,2026-09-15
2025-11-28,KRW,1469.66,ecb,2026-09-15
2025-12-01,JPY,154.80,ecb,2026-09-15
2025-12-01,KRW,1465.15,ecb,2026-09-15
2025-12-02,JPY,156.07,ecb,2026-09-15
2025-12-02,KRW,1467.90,ecb,2026-09-15
2025-12-03,JPY,155.37,ecb,2026-09-15
2025-12-03,KRW,1464.50,ecb,2026-09-15
2025-12-04,JPY,154.77,ecb,2026-09-15
2025-12-04,KRW,1471.53,ecb,2026-09-15
2025-12-05,JPY,155.23,ecb,2026-09-15
2025-12-05,KRW,1472.58,ecb,2026-09-15
2025-12-08,JPY,155.55,ecb,2026-09-15
2025-12-08,KRW,1466.19,ecb,2026-09-15
2025-12-09,JPY,156.36,ecb,2026-09-15
2025-12-09,KRW,1468.51,ecb,2026-09-15
2025-12-10,JPY,156.71,ecb,2026-09-15
2025-12-10,KRW,1469.97,ecb,2026-09-15
2025-12-11,JPY,155.58,ecb,2026-09-15
2025-12-11,KRW,1471.14,ecb,2026-09-15
2025-12-12,JPY,155.99,ecb,2026-09-15
2025-12-12,KRW,1477.12,ecb,2026-09-15
2025-12-15,JPY,155.13,ecb,2026-09-15
2025-12-15,KRW,1465.15,ecb,2026-09-15
2025-12-16,JPY,154.61,ecb,2026-09-15
2025-12-16,KRW,1473.24,ecb,2026-09-15
2025-12-17,JPY,155.59,ecb,2026-09-15
2025-12-17,KRW,1479.38,ecb,2026-09-15
2025-12-18,JPY,155.77,ecb,2026-09-15
2025-12-18,KRW,1477.24,ecb,2026-09-15
2025-12-19,JPY,157.23,ecb,2026-09-15
2025-12-19,KRW,1478.72,ecb,2026-09-15
2025-12-22,JPY,157.32,ecb,2026-09-15
2025-12-22,KRW,1480.39,ecb,2026-09-15
2025-12-23,JPY,156.02,ecb,2026-09-15
2025-12-23,KRW,1480.88,ecb,2026-09-15
2025-12-24,JPY,155.96,ecb,2026-09-15
2025-12-24,KRW,1448.24,ecb,2026-09-15
2025-12-29,JPY,156.36,ecb,2026-09-15
2025-12-29,KRW,1437.15,ecb,2026-09-15
2025-12-30,JPY,156.06,ecb,2026-09-15
2025-12-30,KRW,1443.95,ecb,2026-09-15
2025-12-31,JPY,156.67,ecb,2026-09-15
2025-12-31,KRW,1444.20,ecb,2026-09-15
2026-01-02,JPY,156.93,ecb,2026-09-15
2026-01-02,KRW,1444.87,ecb,2026-09-15
2026-01-05,JPY,156.83,ecb,2026-09-15
2026-01-05,KRW,1449.28,ecb,2026-09-15
2026-01-06,JPY,156.44,ecb,2026-09-15
2026-01-06,KRW,1448.65,ecb,2026-09-15
2026-01-07,JPY,156.55,ecb,2026-09-15
2026-01-07,KRW,1447.68,ecb,2026-09-15
2026-01-08,JPY,156.72,ecb,2026-09-15
2026-01-08,KRW,1452.31,ecb,2026-09-15
2026-01-09,JPY,157.64,ecb,2026-09-15
2026-01-09,KRW,1459.84,ecb,2026-09-15
2026-01-12,JPY,157.73,ecb,2026-09-15
2026-01-12,KRW,1466.91,ecb,2026-09-15
2026-01-13,JPY,158.85,ecb,2026-09-15
2026-01-13,KRW,1474.08,ecb,2026-09-15
2026-01-14,JPY,158.63,ecb,2026-09-15
2026-01-14,KRW,1475.41,ecb,2026-09-15
2026-01-15,JPY,158.56,ecb,2026-09-15
2026-01-15,KRW,1468.32,ecb,2026-09-15
2026-01-16,JPY,158.10,ecb,2026-09-15
2026-01-16,KRW,1472.93,ecb,2026-09-15
2026-01-19,JPY,157.93,ecb,2026-09-15
2026-01-19,KRW,1473.20,ecb,2026-09-15
2026-01-20,JPY,157.90,ecb,2026-09-15
2026-01-20,KRW,1476.80,ecb,2026-09-15
2026-01-21,JPY,157.79,ecb,2026-09-15
2026-01-21,KRW,1464.62,ecb,2026-09-15
2026-01-22,JPY,158.79,ecb,2026-09-15
2026-01-22,KRW,1467.72,ecb,2026-09-15
2026-01-23,JPY,158.16,ecb,2026-09-15
2026-01-23,KRW,1467.55,ecb,2026-09-15
2026-01-26,JPY,154.21,ecb,2026-09-15
2026-01-26,KRW,1447.77,ecb,2026-09-15
2026-01-27,JPY,153.34,ecb,2026-09-15
2026-01-27,KRW,1441.20,ecb,2026-09-15
2026-01-28,JPY,152.63,ecb,2026-09-15
2026-01-28,KRW,1428.83,ecb,2026-09-15
2026-01-29,JPY,153.31,ecb,2026-09-15
2026-01-29,KRW,1430.83,ecb,2026-09-15
2026-01-30,JPY,154.03,ecb,2026-09-15
2026-01-30,KRW,1442.63,ecb,2026-09-15
2026-02-02,JPY,155.06,ecb,2026-09-15
2026-02-02,KRW,1452.48,ecb,2026-09-15
2026-02-03,JPY,155.85,ecb,2026-09-15
2026-02-03,KRW,1448.56,ecb,2026-09-15
2026-02-04,JPY,156.64,ecb,2026-09-15
2026-02-04,KRW,1455.75,ecb,2026-09-15
2026-02-05,JPY,156.90,ecb,2026-09-15
2026-02-05,KRW,1465.15,ecb,2026-09-15
2026-02-06,JPY,157.09,ecb,2026-09-15
2026-02-06,KRW,1467.42,ecb,2026-09-15
2026-02-09,JPY,156.19,ecb,2026-09-15
2026-02-09,KRW,1462.05,ecb,2026-09-15
2026-02-10,JPY,155.13,ecb,2026-09-15
2026-02-10,KRW,1461.64,ecb,2026-09-15
2026-02-11,JPY,153.61,ecb,2026-09-15
2026-02-11,KRW,1451.97,ecb,2026-09-15
2026-02-12,JPY,153.71,ecb,2026-09-15
2026-02-12,KRW,1438.29,ecb,2026-09-15
2026-02-13,JPY,153.29,ecb,2026-09-15
2026-02-13,KRW,1446.45,ecb,2026-09-15
2026-02-16,JPY,153.34,ecb,2026-09-15
2026-02-16,KRW,1441.42,ecb,2026-09-15
2026-02-17,JPY,153.10,ecb,2026-09-15
2026-02-17,KRW,1445.82,ecb,2026-09-15
2026-02-18,JPY,153.64,ecb,2026-09-15
2026-02-18,KRW,1445.89,ecb,2026-09-15
2026-02-19,JPY,154.90,ecb,2026-09-15
2026-02-19,KRW,1449.68,ecb,2026-09-15
2026-02-20,JPY,155.21,ecb,2026-09-15
2026-02-20,KRW,1449.66,ecb,2026-09-15
2026-02-23,JPY,154.82,ecb,2026-09-15
2026-02-23,KRW,1443.55,ecb,2026-09-15
2026-02-24,JPY,155.84,ecb,2026-09-15
2026-02-24,KRW,1443.30,ecb,2026-09-15
2026-02-25,JPY,156.74,ecb,2026-09-15
2026-02-25,KRW,1427.90,ecb,2026-09-15
2026-02-26,JPY,156.06,ecb,2026-09-15
2026-02-26,KRW,1425.64,ecb,2026-09-15
2026-02-27,JPY,155.98,ecb,2026-09-15
2026-02-27,KRW,1441.97,ecb,2026-09-15
2026-03-02,JPY,157.45,ecb,2026-09-15
2026-03-02,KRW,1462.11,ecb,2026-09-15
2026-03-03,JPY,157.66,ecb,2026-09-15
2026-03-03,KRW,1478.50,ecb,2026-09-15
2026-03-04,JPY,157.11,ecb,2026-09-15
2026-03-04,KRW,1464.80,ecb,2026-09-15
2026-03-05,JPY,157.54,ecb,2026-09-15
2026-03-05,KRW,1475.79,ecb,2026-09-15
2026-03-06,JPY,157.92,ecb,2026-09-15
2026-03-06,KRW,1485.18,ecb,2026-09-15
2026-03-09,JPY,158.50,ecb,2026-09-15
2026-03-09,KRW,1485.12,ecb,2026-09-15
2026-03-10,JPY,157.78,ecb,2026-09-15
2026-03-10,KRW,1470.12,ecb,2026-09-15
2026-03-11,JPY,158.56,ecb,2026-09-15
2026-03-11,KRW,1477.11,ecb,2026-09-15
2026-03-12,JPY,158.86,ecb,2026-09-15
2026-03-12,KRW,1480.84,ecb,2026-09-15
2026-03-13,JPY,159.33,ecb,2026-09-15
2026-03-13,KRW,1491.70,ecb,2026-09-15
2026-03-16,JPY,159.14,ecb,2026-09-15
2026-03-16,KRW,1490.75,ecb,2026-09-15
2026-03-17,JPY,158.95,ecb,2026-09-15
2026-03-17,KRW,1487.18,ecb,2026-09-15
2026-03-18,JPY,159.56,ecb,2026-09-15
2026-03-18,KRW,1503.55,ecb,2026-09-15
2026-03-19,JPY,158.81,ecb,2026-09-15
2026-03-19,KRW,1501.61,ecb,2026-09-15
2026-03-20,JPY,158.77,ecb,2026-09-15
2026-03-20,KRW,1500.80,ecb,2026-09-15
2026-03-23,JPY,158.55,ecb,2026-09-15
2026-03-23,KRW,1487.52,ecb,2026-09-15
2026-03-24,JPY,158.93,ecb,2026-09-15
2026-03-24,KRW,1498.86,ecb,2026-09-15
2026-03-25,JPY,158.96,ecb,2026-09-15
2026-03-25,KRW,1497.53,ecb,2026-09-15
2026-03-26,JPY,159.62,ecb,2026-09-15
2026-03-26,KRW,1506.32,ecb,2026-09-15
2026-03-27,JPY,159.90,ecb,2026-09-15
2026-03-27,KRW,1511.50,ecb,2026-09-15
2026-03-30,JPY,159.46,ecb,2026-09-15
2026-03-30,KRW,1517.70,ecb,2026-09-15
2026-03-31,JPY,159.50,ecb,2026-09-15
2026-03-31,KRW,1524.80,ecb,2026-09-15
2026-04-01,JPY,158.32,ecb,2026-09-15
2026-04-01,KRW,1504.81,ecb,2026-09-15
2026-04-02,JPY,159.60,ecb,2026-09-15
2026-04-02,KRW,1516.65,ecb,2026-09-15
2026-04-07,JPY,159.84,ecb,2026-09-15
2026-04-07,KRW,1497.41,ecb,2026-09-15
2026-04-08,JPY,158.15,ecb,2026-09-15
2026-04-08,KRW,1474.23,ecb,2026-09-15
2026-04-09,JPY,158.92,ecb,2026-09-15
2026-04-09,KRW,1479.49,ecb,2026-09-15
2026-04-10,JPY,159.19,ecb,2026-09-15
2026-04-10,KRW,1483.27,ecb,2026-09-15
2026-04-13,JPY,159.83,ecb,2026-09-15
2026-04-13,KRW,1489.95,ecb,2026-09-15
2026-04-14,JPY,158.85,ecb,2026-09-15
2026-04-14,KRW,1470.52,ecb,2026-09-15
2026-04-15,JPY,159.09,ecb,2026-09-15
2026-04-15,KRW,1477.10,ecb,2026-09-15
2026-04-16,JPY,158.98,ecb,2026-09-15
2026-04-16,KRW,1476.51,ecb,2026-09-15
2026-04-17,JPY,159.13,ecb,2026-09-15
2026-04-17,KRW,1478.99,ecb,2026-09-15
2026-04-20,JPY,158.91,ecb,2026-09-15
2026-04-20,KRW,1470.25,ecb,2026-09-15
2026-04-21,JPY,159.04,ecb,2026-09-15
2026-04-21,KRW,1469.85,ecb,2026-09-15
2026-04-22,JPY,159.22,ecb,2026-09-15
2026-04-22,KRW,1478.05,ecb,2026-09-15
2026-04-23,JPY,159.48,ecb,2026-09-15
2026-04-23,KRW,1479.36,ecb,2026-09-15
2026-04-24,JPY,159.42,ecb,2026-09-15
2026-04-24,KRW,1477.04,ecb,2026-09-15
2026-04-27,JPY,159.21,ecb,2026-09-15
2026-04-27,KRW,1471.22,ecb,2026-09-15
2026-04-28,JPY,159.74,ecb,2026-09-15
2026-04-28,KRW,1476.89,ecb,2026-09-15
2026-04-29,JPY,159.79,ecb,2026-09-15
2026-04-29,KRW,1478.38,ecb,2026-09-15
2026-04-30,JPY,156.56,ecb,2026-09-15
2026-04-30,KRW,1477.00,ecb,2026-09-15
2026-05-04,JPY,157.12,ecb,2026-09-15
2026-05-04,KRW,1472.03,ecb,2026-09-15
2026-05-05,JPY,157.81,ecb,2026-09-15
2026-05-05,KRW,1472.95,ecb,2026-09-15
2026-05-06,JPY,156.21,ecb,2026-09-15
2026-05-06,KRW,1448.10,ecb,2026-09-15
2026-05-07,JPY,156.39,ecb,2026-09-15
2026-05-07,KRW,1450.64,ecb,2026-09-15
2026-05-08,JPY,156.76,ecb,2026-09-15
2026-05-08,KRW,1466.78,ecb,2026-09-15
2026-05-11,JPY,157.14,ecb,2026-09-15
2026-05-11,KRW,1472.90,ecb,2026-09-15
2026-05-12,JPY,157.59,ecb,2026-09-15
2026-05-12,KRW,1488.87,ecb,2026-09-15
2026-05-13,JPY,157.77,ecb,2026-09-15
2026-05-13,KRW,1488.58,ecb,2026-09-15
2026-05-14,JPY,157.95,ecb,2026-09-15
2026-05-14,KRW,1491.73,ecb,2026-09-15
2026-05-15,JPY,158.55,ecb,2026-09-15
2026-05-15,KRW,1499.62,ecb,2026-09-15
2026-05-18,JPY,158.77,ecb,2026-09-15
2026-05-18,KRW,1497.80,ecb,2026-09-15
2026-05-19,JPY,159.11,ecb,2026-09-15
2026-05-19,KRW,1508.75,ecb,2026-09-15
2026-05-20,JPY,159.03,ecb,2026-09-15
2026-05-20,KRW,1505.44,ecb,2026-09-15
2026-05-21,JPY,159.14,ecb,2026-09-15
2026-05-21,KRW,1508.74,ecb,2026-09-15
2026-05-22,JPY,159.15,ecb,2026-09-15
2026-05-22,KRW,1517.55,ecb,2026-09-15
2026-05-25,JPY,158.93,ecb,2026-09-15
2026-05-25,KRW,1513.75,ecb,2026-09-15
2026-05-26,JPY,159.21,ecb,2026-09-15
2026-05-26,KRW,1505.30,ecb,2026-09-15
2026-05-27,JPY,159.42,ecb,2026-09-15
2026-05-27,KRW,1499.70,ecb,2026-09-15
2026-05-28,JPY,159.46,ecb,2026-09-15
2026-05-28,KRW,1502.83,ecb,2026-09-15
2026-05-29,JPY,159.27,ecb,2026-09-15
2026-05-29,KRW,1506.27,ecb,2026-09-15
2026-06-01,JPY,159.49,ecb,2026-09-15
2026-06-01,KRW,1508.64,ecb,2026-09-15
2026-06-02,JPY,159.75,ecb,2026-09-15
2026-06-02,KRW,1517.15,ecb,2026-09-15
2026-06-03,JPY,159.86,ecb,2026-09-15
2026-06-03,KRW,1530.99,ecb,2026-09-15
2026-06-04,JPY,159.80,ecb,2026-09-15
2026-06-04,KRW,1532.52,ecb,2026-09-15
2026-06-05,JPY,159.86,ecb,2026-09-15
2026-06-05,KRW,1540.93,ecb,2026-09-15
2026-06-08,JPY,159.97,ecb,2026-09-15
2026-06-08,KRW,1527.95,ecb,2026-09-15
2026-06-09,JPY,160.16,ecb,2026-09-15
2026-06-09,KRW,1525.48,ecb,2026-09-15
2026-06-10,JPY,160.49,ecb,2026-09-15
2026-06-10,KRW,1524.50,ecb,2026-09-15
2026-06-11,JPY,160.54,ecb,2026-09-15
2026-06-11,KRW,1529.53,ecb,2026-09-15
2026-06-12,JPY,160.20,ecb,2026-09-15
2026-06-12,KRW,1520.21,ecb,2026-09-15
2026-06-15,JPY,160.19,ecb,2026-09-15
2026-06-15,KRW,1514.30,ecb,2026-09-15
2026-06-16,JPY,160.38,ecb,2026-09-15
2026-06-16,KRW,1508.85,ecb,2026-09-15
2026-06-17,JPY,160.31,ecb,2026-09-15
2026-06-17,KRW,1517.08,ecb,2026-09-15
2026-06-18,JPY,160.93,ecb,2026-09-15
2026-06-18,KRW,1538.89,ecb,2026-09-15
2026-06-19,JPY,161.23,ecb,2026-09-15
2026-06-19,KRW,1532.31,ecb,2026-09-15
2026-06-22,JPY,161.78,ecb,2026-09-15
2026-06-22,KRW,1537.08,ecb,2026-09-15
2026-06-23,JPY,161.53,ecb,2026-09-15
2026-06-23,KRW,1536.15,ecb,2026-09-15
2026-06-24,JPY,161.68,ecb,2026-09-15
2026-06-24,KRW,1546.43,ecb,2026-09-15
2026-06-25,JPY,161.85,ecb,2026-09-15
2026-06-25,KRW,1542.92,ecb,2026-09-15
2026-06-26,JPY,161.65,ecb,2026-09-15
2026-06-26,KRW,1536.47,ecb,2026-09-15
2026-06-29,JPY,161.86,ecb,2026-09-15
2026-06-29,KRW,1543.75,ecb,2026-09-15
2026-06-30,JPY,162.44,ecb,2026-09-15
2026-06-30,KRW,1550.89,ecb,2026-09-15
2026-07-01,JPY,162.71,ecb,2026-09-15
2026-07-01,KRW,1558.09,ecb,2026-09-15
2026-07-02,JPY,161.58,ecb,2026-09-15
2026-07-02,KRW,1548.85,ecb,2026-09-15
2026-07-03,JPY,161.15,ecb,2026-09-15
2026-07-03,KRW,1531.23,ecb,2026-09-15
2026-07-06,JPY,162.34,ecb,2026-09-15
2026-07-06,KRW,1531.07,ecb,2026-09-15
2026-07-07,JPY,161.89,ecb,2026-09-15
2026-07-07,KRW,1514.45,ecb,2026-09-15
2026-07-08,JPY,162.49,ecb,2026-09-15
2026-07-08,KRW,1509.08,ecb,2026-09-15
2026-07-09,JPY,162.41,ecb,2026-09-15
2026-07-09,KRW,1512.45,ecb,2026-09-15
2026-07-10,JPY,161.87,ecb,2026-09-15
2026-07-10,KRW,1504.92,ecb,2026-09-15
2026-07-13,JPY,162.14,ecb,2026-09-15
2026-07-13,KRW,1494.09,ecb,2026-09-15
2026-07-14,JPY,162.22,ecb,2026-09-15
2026-07-14,KRW,1495.49,ecb,2026-09-15
2026-07-15,JPY,162.39,ecb,2026-09-15
2026-07-15,KRW,1492.17,ecb,2026-09-15
2026-07-16,JPY,162.20,ecb,2026-09-15
2026-07-16,KRW,1479.45,ecb,2026-09-15
2026-07-17,JPY,162.35,ecb,2026-09-15
2026-07-17,KRW,1485.32,ecb,2026-09-15
2026-07-20,JPY,162.38,ecb,2026-09-15
2026-07-20,KRW,1481.18,ecb,2026-09-15
2026-07-21,JPY,162.74,ecb,2026-09-15
2026-07-21,KRW,1478.40,ecb,2026-09-15
2026-07-22,JPY,163.07,ecb,2026-09-15
2026-07-22,KRW,1480.35,ecb,2026-09-15
2026-07-23,JPY,163.47,ecb,2026-09-15
2026-07-23,KRW,1472.72,ecb,2026-09-15
2026-07-24,JPY,163.82,ecb,2026-09-15
2026-07-24,KRW,1461.00,ecb,2026-09-15
2026-07-27,JPY,163.64,ecb,2026-09-15
2026-07-27,KRW,1470.11,ecb,2026-09-15
2026-07-28,JPY,163.91,ecb,2026-09-15
2026-07-28,KRW,1459.45,ecb,2026-09-15
2026-07-29,JPY,163.68,ecb,2026-09-15
2026-07-29,KRW,1452.35,ecb,2026-09-15
2026-07-30,JPY,162.94,ecb,2026-09-15
2026-07-30,KRW,1433.70,ecb,2026-09-15
2026-07-31,JPY,160.24,ecb,2026-09-15
2026-07-31,KRW,1443.61,ecb,2026-09-15
2026-08-03,JPY,156.68,ecb,2026-09-15
2026-08-03,KRW,1427.05,ecb,2026-09-15
2026-08-04,JPY,157.41,ecb,2026-09-15
2026-08-04,KRW,1427.11,ecb,2026-09-15
2026-08-05,JPY,157.59,ecb,2026-09-15
2026-08-05,KRW,1423.72,ecb,2026-09-15
2026-08-06,JPY,157.83,ecb,2026-09-15
2026-08-06,KRW,1423.57,ecb,2026-09-15
2026-08-07,JPY,158.34,ecb,2026-09-15
2026-08-07,KRW,1415.95,ecb,2026-09-15
2026-08-10,JPY,158.64,ecb,2026-09-15
2026-08-10,KRW,1416.62,ecb,2026-09-15
2026-08-11,JPY,159.20,ecb,2026-09-15
2026-08-11,KRW,1412.17,ecb,2026-09-15
2026-08-12,JPY,159.09,ecb,2026-09-15
2026-08-12,KRW,1417.13,ecb,2026-09-15
2026-08-13,JPY,159.33,ecb,2026-09-15
2026-08-13,KRW,1420.29,ecb,2026-09-15
2026-08-14,JPY,159.01,ecb,2026-09-15
2026-08-14,KRW,1411.27,ecb,2026-09-15
2026-08-17,JPY,159.23,ecb,2026-09-15
2026-08-17,KRW,1411.91,ecb,2026-09-15
2026-08-18,JPY,159.70,ecb,2026-09-15
2026-08-18,KRW,1410.07,ecb,2026-09-15
2026-08-19,JPY,159.09,ecb,2026-09-15
2026-08-19,KRW,1391.48,ecb,2026-09-15
2026-08-20,JPY,158.76,ecb,2026-09-15
2026-08-20,KRW,1396.35,ecb,2026-09-15
2026-08-21,JPY,158.70,ecb,2026-09-15
2026-08-21,KRW,1384.23,ecb,2026-09-15
2026-08-24,JPY,159.12,ecb,2026-09-15
2026-08-24,KRW,1384.26,ecb,2026-09-15
2026-08-25,JPY,159.24,ecb,2026-09-15
2026-08-25,KRW,1383.07,ecb,2026-09-15
2026-08-26,JPY,159.07,ecb,2026-09-15
2026-08-26,KRW,1383.49,ecb,2026-09-15
2026-08-27,JPY,159.39,ecb,2026-09-15
2026-08-27,KRW,1380.38,ecb,2026-09-15
2026-08-28,JPY,159.68,ecb,2026-09-15
2026-08-28,KRW,1374.55,ecb,2026-09-15
2026-08-31,JPY,159.73,ecb,2026-09-15
2026-08-31,KRW,1368.03,ecb,2026-09-15
2026-09-01,JPY,160.16,ecb,2026-09-15
2026-09-01,KRW,1374.61,ecb,2026-09-15
2026-09-02,JPY,159.60,ecb,2026-09-15
2026-09-02,KRW,1362.56,ecb,2026-09-15
2026-09-03,JPY,156.01,ecb,2026-09-15
2026-09-03,KRW,1357.29,ecb,2026-09-15
2026-09-04,JPY,156.25,ecb,2026-09-15
2026-09-04,KRW,1350.35,ecb,2026-09-15
2026-09-07,JPY,154.75,ecb,2026-09-15
2026-09-07,KRW,1347.93,ecb,2026-09-15
2026-09-08,JPY,154.30,ecb,2026-09-15
2026-09-08,KRW,1341.67,ecb,2026-09-15
2026-09-09,JPY,153.27,ecb,2026-09-15
2026-09-09,KRW,1336.20,ecb,2026-09-15
2026-09-10,JPY,154.18,ecb,2026-09-15
2026-09-10,KRW,1343.80,ecb,2026-09-15
2026-09-11,JPY,154.04,ecb,2026-09-15
2026-09-11,KRW,1342.79,ecb,2026-09-15
2026-09-14,JPY,154.55,ecb,2026-09-15
2026-09-14,KRW,1346.24,ecb,2026-09-15
2026-09-15,JPY,155.00,ecb,2026-09-15
2026-09-15,KRW,1359.15,ecb,2026-09-15
2026-09-16,JPY,155.05,ecb,2026-09-16
2026-09-16,KRW,1367.80,ecb,2026-09-16
2026-09-17,JPY,155.69,ecb,2026-09-17
2026-09-17,KRW,1382.55,ecb,2026-09-17
2026-09-18,JPY,157.89,ecb,2026-09-18
2026-09-18,KRW,1388.10,ecb,2026-09-18
2026-09-21,JPY,157.27,ecb,2026-09-21
2026-09-21,KRW,1372.18,ecb,2026-09-21
2026-09-22,JPY,157.18,ecb,2026-09-22
2026-09-22,KRW,1356.15,ecb,2026-09-22
