report,market_code,label,trader_group,report_date,long,short,net,net_change,open_interest,net_pct_oi
disagg_fut,088691,"Gold, COMEX (GLD proxy)",managed_money,2006-06-13,99739,29859,69880,,288981,24.2
disagg_fut,088691,"Gold, COMEX (GLD proxy)",managed_money,2006-06-20,91198,30082,61116,-8764,288148,21.2
disagg_fut,088691,"Gold, COMEX (GLD proxy)",managed_money,2006-06-27,88635,31420,57215,-3901,292789,19.5
disagg_fut,088691,"Gold, COMEX (GLD proxy)",managed_money,2006-07-03,90104,30778,59326,,292500,20.3
disagg_fut,088691,"Gold, COMEX (GLD proxy)",managed_money,2006-07-11,101019,29135,71884,,312684,23.0
disagg_fut,088691,"Gold, COMEX (GLD proxy)",managed_money,2006-07-18,105068,25797,79271,7387,324276,24.4
disagg_fut,088691,"Gold, COMEX (GLD proxy)",managed_money,2006-07-25,96891,23984,72907,-6364,315635,23.1
disagg_fut,088691,"Gold, COMEX (GLD proxy)",managed_money,2006-08-01,95785,25176,70609,-2298,304907,23.2
disagg_fut,088691,"Gold, COMEX (GLD proxy)",managed_money,2006-08-08,100994,26676,74318,3709,309097,24.0
disagg_fut,088691,"Gold, COMEX (GLD proxy)",managed_money,2006-08-15,94115,26225,67890,-6428,313327,21.7
disagg_fut,088691,"Gold, COMEX (GLD proxy)",managed_money,2006-08-22,87386,27081,60305,-7585,306171,19.7
disagg_fut,088691,"Gold, COMEX (GLD proxy)",managed_money,2006-08-29,80809,31280,49529,-10776,307583,16.1
disagg_fut,088691,"Gold, COMEX (GLD proxy)",managed_money,2006-09-05,87652,29430,58222,8693,319998,18.2
disagg_fut,088691,"Gold, COMEX (GLD proxy)",managed_money,2006-09-12,76571,30631,45940,-12282,310510,14.8
disagg_fut,088691,"Gold, COMEX (GLD proxy)",managed_money,2006-09-19,72225,30632,41593,-4347,325852,12.8
disagg_fut,088691,"Gold, COMEX (GLD proxy)",managed_money,2006-09-26,68325,33001,35324,-6269,322937,10.9
disagg_fut,088691,"Gold, COMEX (GLD proxy)",managed_money,2006-10-03,66119,33666,32453,-2871,330065,9.8
disagg_fut,088691,"Gold, COMEX (GLD proxy)",managed_money,2006-10-10,62270,39206,23064,-9389,334329,6.9
disagg_fut,088691,"Gold, COMEX (GLD proxy)",managed_money,2006-10-17,64602,42773,21829,-1235,329875,6.6
disagg_fut,088691,"Gold, COMEX (GLD proxy)",managed_money,2006-10-24,54019,43840,10179,-11650,331598,3.1
disagg_fut,088691,"Gold, COMEX (GLD proxy)",managed_money,2006-10-31,59985,39093,20892,10713,323481,6.5
disagg_fut,088691,"Gold, COMEX (GLD proxy)",managed_money,2006-11-07,76134,32604,43530,22638,335036,13.0
disagg_fut,088691,"Gold, COMEX (GLD proxy)",managed_money,2006-11-14,79157,29403,49754,6224,356575,14.0
disagg_fut,088691,"Gold, COMEX (GLD proxy)",managed_money,2006-11-21,77773,29323,48450,-1304,355430,13.6
disagg_fut,088691,"Gold, COMEX (GLD proxy)",managed_money,2006-11-28,75457,30862,44595,-3855,349517,12.8
disagg_fut,088691,"Gold, COMEX (GLD proxy)",managed_money,2006-12-05,80731,28684,52047,7452,330530,15.7
disagg_fut,088691,"Gold, COMEX (GLD proxy)",managed_money,2006-12-12,78367,28281,50086,-1961,333101,15.0
disagg_fut,088691,"Gold, COMEX (GLD proxy)",managed_money,2006-12-19,68672,29711,38961,-11125,337096,11.6
disagg_fut,088691,"Gold, COMEX (GLD proxy)",managed_money,2006-12-26,69815,31696,38119,-842,340473,11.2
disagg_fut,088691,"Gold, COMEX (GLD proxy)",managed_money,2007-01-03,77786,30994,46792,,353494,13.2
disagg_fut,088691,"Gold, COMEX (GLD proxy)",managed_money,2007-01-09,65657,39661,25996,,347491,7.5
disagg_fut,088691,"Gold, COMEX (GLD proxy)",managed_money,2007-01-16,68430,33371,35059,9063,344685,10.2
disagg_fut,088691,"Gold, COMEX (GLD proxy)",managed_money,2007-01-23,85684,27746,57938,22879,361114,16.0
disagg_fut,088691,"Gold, COMEX (GLD proxy)",managed_money,2007-01-30,99352,29366,69986,12048,348035,20.1
disagg_fut,088691,"Gold, COMEX (GLD proxy)",managed_money,2007-02-06,109228,27766,81462,11476,360936,22.6
disagg_fut,088691,"Gold, COMEX (GLD proxy)",managed_money,2007-02-13,121684,24627,97057,15595,383169,25.3
disagg_fut,088691,"Gold, COMEX (GLD proxy)",managed_money,2007-02-20,121632,25830,95802,-1255,396115,24.2
disagg_fut,088691,"Gold, COMEX (GLD proxy)",managed_money,2007-02-27,135725,23488,112237,16435,415155,27.0
disagg_fut,088691,"Gold, COMEX (GLD proxy)",managed_money,2007-03-06,90236,21355,68881,-43356,382550,18.0
disagg_fut,088691,"Gold, COMEX (GLD proxy)",managed_money,2007-03-13,86278,18012,68266,-615,394090,17.3
disagg_fut,088691,"Gold, COMEX (GLD proxy)",managed_money,2007-03-20,84393,17292,67101,-1165,359726,18.7
disagg_fut,088691,"Gold, COMEX (GLD proxy)",managed_money,2007-03-27,88263,19339,68924,1823,359434,19.2
disagg_fut,088691,"Gold, COMEX (GLD proxy)",managed_money,2007-04-03,92087,23268,68819,-105,347817,19.8
disagg_fut,088691,"Gold, COMEX (GLD proxy)",managed_money,2007-04-10,106783,23048,83735,14916,369536,22.7
disagg_fut,088691,"Gold, COMEX (GLD proxy)",managed_money,2007-04-17,124963,18323,106640,22905,380800,28.0
disagg_fut,088691,"Gold, COMEX (GLD proxy)",managed_money,2007-04-24,124958,20388,104570,-2070,403388,25.9
disagg_fut,088691,"Gold, COMEX (GLD proxy)",managed_money,2007-05-01,122272,18137,104135,-435,396276,26.3
disagg_fut,088691,"Gold, COMEX (GLD proxy)",managed_money,2007-05-08,129038,14702,114336,10201,411273,27.8
disagg_fut,088691,"Gold, COMEX (GLD proxy)",managed_money,2007-05-15,107716,20305,87411,-26925,408936,21.4
disagg_fut,088691,"Gold, COMEX (GLD proxy)",managed_money,2007-05-22,95529,29281,66248,-21163,416813,15.9
disagg_fut,088691,"Gold, COMEX (GLD proxy)",managed_money,2007-05-29,91921,28204,63717,-2531,425688,15.0
disagg_fut,088691,"Gold, COMEX (GLD proxy)",managed_money,2007-06-05,101257,24239,77018,13301,385046,20.0
disagg_fut,088691,"Gold, COMEX (GLD proxy)",managed_money,2007-06-12,80246,36872,43374,-33644,412150,10.5
disagg_fut,088691,"Gold, COMEX (GLD proxy)",managed_money,2007-06-19,81722,31746,49976,6602,410324,12.2
disagg_fut,088691,"Gold, COMEX (GLD proxy)",managed_money,2007-06-26,72368,45874,26494,-23482,407640,6.5
disagg_fut,088691,"Gold, COMEX (GLD proxy)",managed_money,2007-07-03,69308,34443,34865,8371,375642,9.3
disagg_fut,088691,"Gold, COMEX (GLD proxy)",managed_money,2007-07-10,72474,33675,38799,3934,387916,10.0
disagg_fut,088691,"Gold, COMEX (GLD proxy)",managed_money,2007-07-17,72985,27947,45038,6239,385595,11.7
disagg_fut,088691,"Gold, COMEX (GLD proxy)",managed_money,2007-07-24,114752,19037,95715,50677,401603,23.8
disagg_fut,088691,"Gold, COMEX (GLD proxy)",managed_money,2007-07-31,76461,21368,55093,-40622,351185,15.7
disagg_fut,088691,"Gold, COMEX (GLD proxy)",managed_money,2007-08-07,84522,20981,63541,8448,352908,18.0
disagg_fut,088691,"Gold, COMEX (GLD proxy)",managed_money,2007-08-14,77995,12117,65878,2337,347973,18.9
disagg_fut,088691,"Gold, COMEX (GLD proxy)",managed_money,2007-08-21,65359,22367,42992,-22886,330204,13.0
disagg_fut,088691,"Gold, COMEX (GLD proxy)",managed_money,2007-08-28,66292,16289,50003,7011,325767,15.3
disagg_fut,088691,"Gold, COMEX (GLD proxy)",managed_money,2007-09-04,85525,11759,73766,23763,339439,21.7
disagg_fut,088691,"Gold, COMEX (GLD proxy)",managed_money,2007-09-11,109090,8575,100515,26749,373686,26.9
disagg_fut,088691,"Gold, COMEX (GLD proxy)",managed_money,2007-09-18,125440,8362,117078,16563,392748,29.8
disagg_fut,088691,"Gold, COMEX (GLD proxy)",managed_money,2007-09-25,153984,9943,144041,26963,440945,32.7
disagg_fut,088691,"Gold, COMEX (GLD proxy)",managed_money,2007-10-02,165536,13596,151940,7899,439865,34.5
disagg_fut,088691,"Gold, COMEX (GLD proxy)",managed_money,2007-10-09,177069,8722,168347,16407,458936,36.7
disagg_fut,088691,"Gold, COMEX (GLD proxy)",managed_money,2007-10-16,191927,9649,182278,13931,483872,37.7
disagg_fut,088691,"Gold, COMEX (GLD proxy)",managed_money,2007-10-23,185137,12077,173060,-9218,489471,35.4
disagg_fut,088691,"Gold, COMEX (GLD proxy)",managed_money,2007-10-30,194052,8156,185896,12836,516163,36.0
disagg_fut,088691,"Gold, COMEX (GLD proxy)",managed_money,2007-11-06,198786,12371,186415,519,556856,33.5
disagg_fut,088691,"Gold, COMEX (GLD proxy)",managed_money,2007-11-13,185676,10739,174937,-11478,552546,31.7
disagg_fut,088691,"Gold, COMEX (GLD proxy)",managed_money,2007-11-20,172412,11566,160846,-14091,512430,31.4
disagg_fut,088691,"Gold, COMEX (GLD proxy)",managed_money,2007-11-27,163138,11283,151855,-8991,520782,29.2
disagg_fut,088691,"Gold, COMEX (GLD proxy)",managed_money,2007-12-04,149675,5754,143921,-7934,486709,29.6
disagg_fut,088691,"Gold, COMEX (GLD proxy)",managed_money,2007-12-11,155465,6109,149356,5435,486198,30.7
disagg_fut,088691,"Gold, COMEX (GLD proxy)",managed_money,2007-12-18,155660,9422,146238,-3118,495001,29.5
disagg_fut,088691,"Gold, COMEX (GLD proxy)",managed_money,2007-12-24,164604,8469,156135,,517020,30.2
disagg_fut,088691,"Gold, COMEX (GLD proxy)",managed_money,2007-12-31,181902,10649,171253,15118,541854,31.6
disagg_fut,088691,"Gold, COMEX (GLD proxy)",managed_money,2008-01-08,191788,11019,180769,,558309,32.4
disagg_fut,088691,"Gold, COMEX (GLD proxy)",managed_money,2008-01-15,197021,11137,185884,5115,593953,31.3
disagg_fut,088691,"Gold, COMEX (GLD proxy)",managed_money,2008-01-22,193039,9618,183421,-2463,560173,32.7
disagg_fut,088691,"Gold, COMEX (GLD proxy)",managed_money,2008-01-29,191376,9652,181724,-1697,522142,34.8
disagg_fut,088691,"Gold, COMEX (GLD proxy)",managed_money,2008-02-05,191024,9337,181687,-37,495139,36.7
disagg_fut,088691,"Gold, COMEX (GLD proxy)",managed_money,2008-02-12,190428,12352,178076,-3611,475749,37.4
disagg_fut,088691,"Gold, COMEX (GLD proxy)",managed_money,2008-02-19,200191,12457,187734,9658,489789,38.3
disagg_fut,088691,"Gold, COMEX (GLD proxy)",managed_money,2008-02-26,197000,10695,186305,-1429,495102,37.6
disagg_fut,088691,"Gold, COMEX (GLD proxy)",managed_money,2008-03-04,188294,12567,175727,-10578,486992,36.1
disagg_fut,088691,"Gold, COMEX (GLD proxy)",managed_money,2008-03-11,186110,10395,175715,-12,482035,36.5
disagg_fut,088691,"Gold, COMEX (GLD proxy)",managed_money,2008-03-18,179620,11055,168565,-7150,489055,34.5
disagg_fut,088691,"Gold, COMEX (GLD proxy)",managed_money,2008-03-25,169444,14286,155158,-13407,452193,34.3
disagg_fut,088691,"Gold, COMEX (GLD proxy)",managed_money,2008-04-01,146935,11584,135351,-19807,399393,33.9
disagg_fut,088691,"Gold, COMEX (GLD proxy)",managed_money,2008-04-08,151135,15005,136130,779,407212,33.4
disagg_fut,088691,"Gold, COMEX (GLD proxy)",managed_money,2008-04-15,156260,13481,142779,6649,422699,33.8
disagg_fut,088691,"Gold, COMEX (GLD proxy)",managed_money,2008-04-22,157492,14400,143092,313,424218,33.7
disagg_fut,088691,"Gold, COMEX (GLD proxy)",managed_money,2008-04-29,151602,19235,132367,-10725,429670,30.8
disagg_fut,088691,"Gold, COMEX (GLD proxy)",managed_money,2008-05-06,149175,24848,124327,-8040,433741,28.7
disagg_fut,088691,"Gold, COMEX (GLD proxy)",managed_money,2008-05-13,150407,31816,118591,-5736,439636,27.0
disagg_fut,088691,"Gold, COMEX (GLD proxy)",managed_money,2008-05-20,165800,18529,147271,28680,453084,32.5
disagg_fut,088691,"Gold, COMEX (GLD proxy)",managed_money,2008-05-27,166394,20722,145672,-1599,430961,33.8
disagg_fut,088691,"Gold, COMEX (GLD proxy)",managed_money,2008-06-03,155935,22278,133657,-12015,398441,33.5
disagg_fut,088691,"Gold, COMEX (GLD proxy)",managed_money,2008-06-10,144056,29172,114884,-18773,396392,29.0
disagg_fut,088691,"Gold, COMEX (GLD proxy)",managed_money,2008-06-17,137007,19823,117184,2300,390471,30.0
disagg_fut,088691,"Gold, COMEX (GLD proxy)",managed_money,2008-06-24,143673,23409,120264,3080,401226,30.0
disagg_fut,088691,"Gold, COMEX (GLD proxy)",managed_money,2008-07-01,173983,17352,156631,36367,434024,36.1
disagg_fut,088691,"Gold, COMEX (GLD proxy)",managed_money,2008-07-08,174230,17127,157103,472,443202,35.4
disagg_fut,088691,"Gold, COMEX (GLD proxy)",managed_money,2008-07-15,184704,15798,168906,11803,483920,34.9
disagg_fut,088691,"Gold, COMEX (GLD proxy)",managed_money,2008-07-22,177227,14225,163002,-5904,475606,34.3
disagg_fut,088691,"Gold, COMEX (GLD proxy)",managed_money,2008-07-29,158000,14757,143243,-19759,446013,32.1
disagg_fut,088691,"Gold, COMEX (GLD proxy)",managed_money,2008-08-05,142508,13682,128826,-14417,408430,31.5
disagg_fut,088691,"Gold, COMEX (GLD proxy)",managed_money,2008-08-12,105895,16226,89669,-39157,365611,24.5
disagg_fut,088691,"Gold, COMEX (GLD proxy)",managed_money,2008-08-19,94403,20486,73917,-15752,372968,19.8
disagg_fut,088691,"Gold, COMEX (GLD proxy)",managed_money,2008-08-26,96269,29048,67221,-6696,380766,17.7
disagg_fut,088691,"Gold, COMEX (GLD proxy)",managed_money,2008-09-02,89713,36022,53691,-13530,382329,14.0
disagg_fut,088691,"Gold, COMEX (GLD proxy)",managed_money,2008-09-09,85376,41009,44367,-9324,392592,11.3
disagg_fut,088691,"Gold, COMEX (GLD proxy)",managed_money,2008-09-16,89779,43587,46192,1825,393814,11.7
disagg_fut,088691,"Gold, COMEX (GLD proxy)",managed_money,2008-09-23,96573,23508,73065,26873,368254,19.8
disagg_fut,088691,"Gold, COMEX (GLD proxy)",managed_money,2008-09-30,88674,13550,75124,2059,336598,22.3
disagg_fut,088691,"Gold, COMEX (GLD proxy)",managed_money,2008-10-07,87411,17386,70025,-5099,329480,21.3
disagg_fut,088691,"Gold, COMEX (GLD proxy)",managed_money,2008-10-14,84083,14296,69787,-238,323496,21.6
disagg_fut,088691,"Gold, COMEX (GLD proxy)",managed_money,2008-10-21,74401,18759,55642,-14145,319472,17.4
disagg_fut,088691,"Gold, COMEX (GLD proxy)",managed_money,2008-10-28,69214,23048,46166,-9476,313709,14.7
disagg_fut,088691,"Gold, COMEX (GLD proxy)",managed_money,2008-11-04,71373,25156,46217,51,303908,15.2
disagg_fut,088691,"Gold, COMEX (GLD proxy)",managed_money,2008-11-11,65794,28922,36872,-9345,293831,12.5
disagg_fut,088691,"Gold, COMEX (GLD proxy)",managed_money,2008-11-18,62986,23776,39210,2338,289700,13.5
disagg_fut,088691,"Gold, COMEX (GLD proxy)",managed_money,2008-11-25,73051,15312,57739,18529,276567,20.9
disagg_fut,088691,"Gold, COMEX (GLD proxy)",managed_money,2008-12-02,69409,8657,60752,3013,264796,22.9
disagg_fut,088691,"Gold, COMEX (GLD proxy)",managed_money,2008-12-09,69760,11925,57835,-2917,261001,22.2
disagg_fut,088691,"Gold, COMEX (GLD proxy)",managed_money,2008-12-16,85191,11859,73332,15497,282915,25.9
disagg_fut,088691,"Gold, COMEX (GLD proxy)",managed_money,2008-12-22,94571,6768,87803,,291022,30.2
disagg_fut,088691,"Gold, COMEX (GLD proxy)",managed_money,2008-12-30,99432,7545,91887,,300448,30.6
disagg_fut,088691,"Gold, COMEX (GLD proxy)",managed_money,2009-01-06,104828,6338,98490,6603,320391,30.7
disagg_fut,088691,"Gold, COMEX (GLD proxy)",managed_money,2009-01-13,96909,6889,90020,-8470,318185,28.3
disagg_fut,088691,"Gold, COMEX (GLD proxy)",managed_money,2009-01-20,101220,8898,92322,2302,331507,27.8
disagg_fut,088691,"Gold, COMEX (GLD proxy)",managed_money,2009-01-27,118261,12696,105565,13243,354191,29.8
disagg_fut,088691,"Gold, COMEX (GLD proxy)",managed_money,2009-02-03,130230,12946,117284,11719,346288,33.9
disagg_fut,088691,"Gold, COMEX (GLD proxy)",managed_money,2009-02-10,135286,12626,122660,5376,350858,35.0
disagg_fut,088691,"Gold, COMEX (GLD proxy)",managed_money,2009-02-17,137668,14501,123167,507,361619,34.1
disagg_fut,088691,"Gold, COMEX (GLD proxy)",managed_money,2009-02-24,142009,11416,130593,7426,372697,35.0
disagg_fut,088691,"Gold, COMEX (GLD proxy)",managed_money,2009-03-03,142338,7446,134892,4299,365271,36.9
disagg_fut,088691,"Gold, COMEX (GLD proxy)",managed_money,2009-03-10,136814,8042,128772,-6120,371321,34.7
disagg_fut,088691,"Gold, COMEX (GLD proxy)",managed_money,2009-03-17,134182,6202,127980,-792,376237,34.0
disagg_fut,088691,"Gold, COMEX (GLD proxy)",managed_money,2009-03-24,134155,8485,125670,-2310,387177,32.5
disagg_fut,088691,"Gold, COMEX (GLD proxy)",managed_money,2009-03-31,138279,7794,130485,4815,368618,35.4
disagg_fut,088691,"Gold, COMEX (GLD proxy)",managed_money,2009-04-07,126084,14927,111157,-19328,344929,32.2
disagg_fut,088691,"Gold, COMEX (GLD proxy)",managed_money,2009-04-14,125729,13705,112024,867,336930,33.2
disagg_fut,088691,"Gold, COMEX (GLD proxy)",managed_money,2009-04-21,123645,12331,111314,-710,339226,32.8
disagg_fut,088691,"Gold, COMEX (GLD proxy)",managed_money,2009-04-28,123760,15478,108282,-3032,343037,31.6
disagg_fut,088691,"Gold, COMEX (GLD proxy)",managed_money,2009-05-05,126846,12219,114627,6345,341461,33.6
disagg_fut,088691,"Gold, COMEX (GLD proxy)",managed_money,2009-05-12,136934,12773,124161,9534,359517,34.5
disagg_fut,088691,"Gold, COMEX (GLD proxy)",managed_money,2009-05-19,140605,13146,127459,3298,367931,34.6
disagg_fut,088691,"Gold, COMEX (GLD proxy)",managed_money,2009-05-26,155440,12542,142898,15439,396965,36.0
disagg_fut,088691,"Gold, COMEX (GLD proxy)",managed_money,2009-06-02,162201,9047,153154,10256,391057,39.2
disagg_fut,088691,"Gold, COMEX (GLD proxy)",managed_money,2009-06-09,166473,5836,160637,7483,387181,41.5
disagg_fut,088691,"Gold, COMEX (GLD proxy)",managed_money,2009-06-16,153484,6654,146830,-13807,371997,39.5
disagg_fut,088691,"Gold, COMEX (GLD proxy)",managed_money,2009-06-23,149419,10207,139212,-7618,370347,37.6
disagg_fut,088691,"Gold, COMEX (GLD proxy)",managed_money,2009-06-30,147628,10141,137487,-1725,379199,36.3
disagg_fut,088691,"Gold, COMEX (GLD proxy)",managed_money,2009-07-07,144471,5708,138763,1276,372985,37.2
disagg_fut,088691,"Gold, COMEX (GLD proxy)",managed_money,2009-07-14,140260,8088,132172,-6591,370509,35.7
disagg_fut,088691,"Gold, COMEX (GLD proxy)",managed_money,2009-07-21,158071,7736,150335,18163,390939,38.5
disagg_fut,088691,"Gold, COMEX (GLD proxy)",managed_money,2009-07-28,154908,7570,147338,-2997,386340,38.1
disagg_fut,088691,"Gold, COMEX (GLD proxy)",managed_money,2009-08-04,174707,7021,167686,20348,392834,42.7
disagg_fut,088691,"Gold, COMEX (GLD proxy)",managed_money,2009-08-11,167169,7234,159935,-7751,385002,41.5
disagg_fut,088691,"Gold, COMEX (GLD proxy)",managed_money,2009-08-18,153525,12039,141486,-18449,373810,37.8
disagg_fut,088691,"Gold, COMEX (GLD proxy)",managed_money,2009-08-25,156834,7238,149596,8110,379629,39.4
disagg_fut,088691,"Gold, COMEX (GLD proxy)",managed_money,2009-09-01,157220,7182,150038,442,384703,39.0
disagg_fut,088691,"Gold, COMEX (GLD proxy)",managed_money,2009-09-08,194723,7174,187549,37511,451713,41.5
disagg_fut,088691,"Gold, COMEX (GLD proxy)",managed_money,2009-09-15,207387,5527,201860,14311,467892,43.1
disagg_fut,088691,"Gold, COMEX (GLD proxy)",managed_money,2009-09-22,208236,5170,203066,1206,467145,43.5
disagg_fut,088691,"Gold, COMEX (GLD proxy)",managed_money,2009-09-29,198175,3726,194449,-8617,454585,42.8
disagg_fut,088691,"Gold, COMEX (GLD proxy)",managed_money,2009-10-06,215753,6378,209375,14926,484307,43.2
disagg_fut,088691,"Gold, COMEX (GLD proxy)",managed_money,2009-10-13,232086,5232,226854,17479,504187,45.0
disagg_fut,088691,"Gold, COMEX (GLD proxy)",managed_money,2009-10-20,233990,6715,227275,421,509678,44.6
disagg_fut,088691,"Gold, COMEX (GLD proxy)",managed_money,2009-10-27,217920,7549,210371,-16904,497479,42.3
disagg_fut,088691,"Gold, COMEX (GLD proxy)",managed_money,2009-11-03,227499,9278,218221,7850,493991,44.2
disagg_fut,088691,"Gold, COMEX (GLD proxy)",managed_money,2009-11-09,223460,8495,214965,,530505,40.5
disagg_fut,088691,"Gold, COMEX (GLD proxy)",managed_money,2009-11-17,222637,8401,214236,,533119,40.2
disagg_fut,088691,"Gold, COMEX (GLD proxy)",managed_money,2009-11-24,225366,3589,221777,7541,521253,42.5
disagg_fut,088691,"Gold, COMEX (GLD proxy)",managed_money,2009-12-01,224030,6874,217156,-4621,521433,41.6
disagg_fut,088691,"Gold, COMEX (GLD proxy)",managed_money,2009-12-08,213164,5353,207811,-9345,505652,41.1
disagg_fut,088691,"Gold, COMEX (GLD proxy)",managed_money,2009-12-15,212517,4429,208088,277,504368,41.3
disagg_fut,088691,"Gold, COMEX (GLD proxy)",managed_money,2009-12-22,206996,4813,202183,-5905,499233,40.5
disagg_fut,088691,"Gold, COMEX (GLD proxy)",managed_money,2009-12-29,201751,5926,195825,-6358,491712,39.8
disagg_fut,088691,"Gold, COMEX (GLD proxy)",managed_money,2010-01-05,198506,6907,191599,-4226,507643,37.7
disagg_fut,088691,"Gold, COMEX (GLD proxy)",managed_money,2010-01-12,202180,11137,191043,-556,523266,36.5
disagg_fut,088691,"Gold, COMEX (GLD proxy)",managed_money,2010-01-19,200320,7695,192625,1582,528924,36.4
disagg_fut,088691,"Gold, COMEX (GLD proxy)",managed_money,2010-01-26,182133,7766,174367,-18258,507565,34.4
disagg_fut,088691,"Gold, COMEX (GLD proxy)",managed_money,2010-02-02,187024,8423,178601,4234,480860,37.1
disagg_fut,088691,"Gold, COMEX (GLD proxy)",managed_money,2010-02-09,166132,13404,152728,-25873,466905,32.7
disagg_fut,088691,"Gold, COMEX (GLD proxy)",managed_money,2010-02-16,167613,10459,157154,4426,466509,33.7
disagg_fut,088691,"Gold, COMEX (GLD proxy)",managed_money,2010-02-23,171565,6909,164656,7502,466572,35.3
disagg_fut,088691,"Gold, COMEX (GLD proxy)",managed_money,2010-03-02,182360,5689,176671,12015,482786,36.6
disagg_fut,088691,"Gold, COMEX (GLD proxy)",managed_money,2010-03-09,179078,4670,174408,-2263,493909,35.3
disagg_fut,088691,"Gold, COMEX (GLD proxy)",managed_money,2010-03-16,176715,6438,170277,-4131,496481,34.3
disagg_fut,088691,"Gold, COMEX (GLD proxy)",managed_money,2010-03-23,162654,8962,153692,-16585,495143,31.0
disagg_fut,088691,"Gold, COMEX (GLD proxy)",managed_money,2010-03-30,155355,8135,147220,-6472,466678,31.5
disagg_fut,088691,"Gold, COMEX (GLD proxy)",managed_money,2010-04-06,181635,6500,175135,27915,497388,35.2
disagg_fut,088691,"Gold, COMEX (GLD proxy)",managed_money,2010-04-13,200201,3506,196695,21560,528856,37.2
disagg_fut,088691,"Gold, COMEX (GLD proxy)",managed_money,2010-04-20,199008,6768,192240,-4455,521338,36.9
disagg_fut,088691,"Gold, COMEX (GLD proxy)",managed_money,2010-04-27,210203,4760,205443,13203,538591,38.1
disagg_fut,088691,"Gold, COMEX (GLD proxy)",managed_money,2010-05-04,217433,9645,207788,2345,551616,37.7
disagg_fut,088691,"Gold, COMEX (GLD proxy)",managed_money,2010-05-11,224664,7134,217530,9742,583504,37.3
disagg_fut,088691,"Gold, COMEX (GLD proxy)",managed_money,2010-05-18,226337,6542,219795,2265,579758,37.9
disagg_fut,088691,"Gold, COMEX (GLD proxy)",managed_money,2010-05-25,212919,7703,205216,-14579,591360,34.7
disagg_fut,088691,"Gold, COMEX (GLD proxy)",managed_money,2010-06-01,210717,4459,206258,1042,553950,37.2
disagg_fut,088691,"Gold, COMEX (GLD proxy)",managed_money,2010-06-08,215177,5161,210016,3758,564792,37.2
disagg_fut,088691,"Gold, COMEX (GLD proxy)",managed_money,2010-06-15,215511,4021,211490,1474,569204,37.2
disagg_fut,088691,"Gold, COMEX (GLD proxy)",managed_money,2010-06-22,223219,4354,218865,7375,602411,36.3
disagg_fut,088691,"Gold, COMEX (GLD proxy)",managed_money,2010-06-29,219365,4903,214462,-4403,601138,35.7
disagg_fut,088691,"Gold, COMEX (GLD proxy)",managed_money,2010-07-06,193032,11299,181733,-32729,577732,31.5
disagg_fut,088691,"Gold, COMEX (GLD proxy)",managed_money,2010-07-13,188892,8138,180754,-979,568078,31.8
disagg_fut,088691,"Gold, COMEX (GLD proxy)",managed_money,2010-07-20,169169,20798,148371,-32383,559473,26.5
disagg_fut,088691,"Gold, COMEX (GLD proxy)",managed_money,2010-07-27,167161,14269,152892,4521,560066,27.3
disagg_fut,088691,"Gold, COMEX (GLD proxy)",managed_money,2010-08-03,167800,11435,156365,3473,518643,30.1
disagg_fut,088691,"Gold, COMEX (GLD proxy)",managed_money,2010-08-10,167837,9244,158593,2228,523078,30.3
disagg_fut,088691,"Gold, COMEX (GLD proxy)",managed_money,2010-08-17,182555,5336,177219,18626,543674,32.6
disagg_fut,088691,"Gold, COMEX (GLD proxy)",managed_money,2010-08-24,201864,5780,196084,18865,556464,35.2
disagg_fut,088691,"Gold, COMEX (GLD proxy)",managed_money,2010-08-31,215631,6431,209200,13116,577352,36.2
disagg_fut,088691,"Gold, COMEX (GLD proxy)",managed_money,2010-09-07,217437,6410,211027,1827,585564,36.0
disagg_fut,088691,"Gold, COMEX (GLD proxy)",managed_money,2010-09-14,225821,7571,218250,7223,594058,36.7
disagg_fut,088691,"Gold, COMEX (GLD proxy)",managed_money,2010-09-21,219781,5982,213799,-4451,597592,35.8
disagg_fut,088691,"Gold, COMEX (GLD proxy)",managed_money,2010-09-28,231457,7049,224408,10609,619408,36.2
disagg_fut,088691,"Gold, COMEX (GLD proxy)",managed_money,2010-10-05,227061,8345,218716,-5692,617204,35.4
disagg_fut,088691,"Gold, COMEX (GLD proxy)",managed_money,2010-10-12,233925,9966,223959,5243,616382,36.3
disagg_fut,088691,"Gold, COMEX (GLD proxy)",managed_money,2010-10-19,220360,11613,208747,-15212,630626,33.1
disagg_fut,088691,"Gold, COMEX (GLD proxy)",managed_money,2010-10-26,209780,11743,198037,-10710,607582,32.6
disagg_fut,088691,"Gold, COMEX (GLD proxy)",managed_money,2010-11-02,211627,16033,195594,-2443,618381,31.6
disagg_fut,088691,"Gold, COMEX (GLD proxy)",managed_money,2010-11-09,208053,19379,188674,-6920,650764,29.0
disagg_fut,088691,"Gold, COMEX (GLD proxy)",managed_money,2010-11-16,183835,17233,166602,-22072,637435,26.1
disagg_fut,088691,"Gold, COMEX (GLD proxy)",managed_money,2010-11-23,185172,15166,170006,3404,622712,27.3
disagg_fut,088691,"Gold, COMEX (GLD proxy)",managed_money,2010-11-30,187247,11873,175374,5368,600158,29.2
disagg_fut,088691,"Gold, COMEX (GLD proxy)",managed_money,2010-12-07,190212,10455,179757,4383,603632,29.8
disagg_fut,088691,"Gold, COMEX (GLD proxy)",managed_money,2010-12-14,180601,11976,168625,-11132,594652,28.4
disagg_fut,088691,"Gold, COMEX (GLD proxy)",managed_money,2010-12-21,172385,14735,157650,-10975,582133,27.1
disagg_fut,088691,"Gold, COMEX (GLD proxy)",managed_money,2010-12-28,180866,12952,167914,10264,594490,28.2
disagg_fut,088691,"Gold, COMEX (GLD proxy)",managed_money,2011-01-04,172298,16163,156135,-11779,592613,26.3
disagg_fut,088691,"Gold, COMEX (GLD proxy)",managed_money,2011-01-11,160750,21194,139556,-16579,588179,23.7
disagg_fut,088691,"Gold, COMEX (GLD proxy)",managed_money,2011-01-18,159114,25874,133240,-6316,587832,22.7
disagg_fut,088691,"Gold, COMEX (GLD proxy)",managed_money,2011-01-25,160562,22345,138217,4977,506047,27.3
disagg_fut,088691,"Gold, COMEX (GLD proxy)",managed_money,2011-02-01,145530,21797,123733,-14484,462907,26.7
disagg_fut,088691,"Gold, COMEX (GLD proxy)",managed_money,2011-02-08,159732,18223,141509,17776,469779,30.1
disagg_fut,088691,"Gold, COMEX (GLD proxy)",managed_money,2011-02-15,166406,12172,154234,12725,473345,32.6
disagg_fut,088691,"Gold, COMEX (GLD proxy)",managed_money,2011-02-22,185082,16633,168449,14215,502119,33.5
disagg_fut,088691,"Gold, COMEX (GLD proxy)",managed_money,2011-03-01,199371,10555,188816,20367,515784,36.6
disagg_fut,088691,"Gold, COMEX (GLD proxy)",managed_money,2011-03-08,197377,8757,188620,-196,515214,36.6
disagg_fut,088691,"Gold, COMEX (GLD proxy)",managed_money,2011-03-15,187986,11748,176238,-12382,507760,34.7
disagg_fut,088691,"Gold, COMEX (GLD proxy)",managed_money,2011-03-22,183912,5037,178875,2637,509131,35.1
disagg_fut,088691,"Gold, COMEX (GLD proxy)",managed_money,2011-03-29,196020,4603,191417,12542,492087,38.9
disagg_fut,088691,"Gold, COMEX (GLD proxy)",managed_money,2011-04-05,213018,6324,206694,15277,508956,40.6
disagg_fut,088691,"Gold, COMEX (GLD proxy)",managed_money,2011-04-12,208714,6810,201904,-4790,514871,39.2
disagg_fut,088691,"Gold, COMEX (GLD proxy)",managed_money,2011-04-19,216243,4506,211737,9833,537946,39.4
disagg_fut,088691,"Gold, COMEX (GLD proxy)",managed_money,2011-04-26,207496,5079,202417,-9320,530132,38.2
disagg_fut,088691,"Gold, COMEX (GLD proxy)",managed_money,2011-05-03,203624,10746,192878,-9539,522323,36.9
disagg_fut,088691,"Gold, COMEX (GLD proxy)",managed_money,2011-05-10,191435,10461,180974,-11904,510151,35.5
disagg_fut,088691,"Gold, COMEX (GLD proxy)",managed_money,2011-05-17,181722,7934,173788,-7186,509164,34.1
disagg_fut,088691,"Gold, COMEX (GLD proxy)",managed_money,2011-05-24,191481,14589,176892,3104,531180,33.3
disagg_fut,088691,"Gold, COMEX (GLD proxy)",managed_money,2011-05-31,197416,10101,187315,10423,501400,37.4
disagg_fut,088691,"Gold, COMEX (GLD proxy)",managed_money,2011-06-07,203518,7648,195870,8555,502251,39.0
disagg_fut,088691,"Gold, COMEX (GLD proxy)",managed_money,2011-06-14,197429,9643,187786,-8084,497780,37.7
disagg_fut,088691,"Gold, COMEX (GLD proxy)",managed_money,2011-06-21,213479,7220,206259,18473,515016,40.0
disagg_fut,088691,"Gold, COMEX (GLD proxy)",managed_money,2011-06-28,178804,9233,169571,-36688,495761,34.2
disagg_fut,088691,"Gold, COMEX (GLD proxy)",managed_money,2011-07-05,173769,8346,165423,-4148,489782,33.8
disagg_fut,088691,"Gold, COMEX (GLD proxy)",managed_money,2011-07-12,208383,9278,199105,33682,520202,38.3
disagg_fut,088691,"Gold, COMEX (GLD proxy)",managed_money,2011-07-19,220116,9827,210289,11184,542342,38.8
disagg_fut,088691,"Gold, COMEX (GLD proxy)",managed_money,2011-07-26,221551,8050,213501,3212,536454,39.8
disagg_fut,088691,"Gold, COMEX (GLD proxy)",managed_money,2011-08-02,237847,9023,228824,15323,529403,43.2
disagg_fut,088691,"Gold, COMEX (GLD proxy)",managed_money,2011-08-09,201303,9893,191410,-37414,510223,37.5
disagg_fut,088691,"Gold, COMEX (GLD proxy)",managed_money,2011-08-16,213261,13386,199875,8465,514107,38.9
disagg_fut,088691,"Gold, COMEX (GLD proxy)",managed_money,2011-08-23,202430,10108,192322,-7553,528520,36.4
disagg_fut,088691,"Gold, COMEX (GLD proxy)",managed_money,2011-08-30,189799,6727,183072,-9250,509326,35.9
disagg_fut,088691,"Gold, COMEX (GLD proxy)",managed_money,2011-09-06,195197,7002,188195,5123,523294,36.0
disagg_fut,088691,"Gold, COMEX (GLD proxy)",managed_money,2011-09-13,182461,6192,176269,-11926,512068,34.4
disagg_fut,088691,"Gold, COMEX (GLD proxy)",managed_money,2011-09-20,159718,8293,151425,-24844,499356,30.3
disagg_fut,088691,"Gold, COMEX (GLD proxy)",managed_money,2011-09-27,136103,13628,122475,-28950,465414,26.3
disagg_fut,088691,"Gold, COMEX (GLD proxy)",managed_money,2011-10-04,133320,12631,120689,-1786,436920,27.6
disagg_fut,088691,"Gold, COMEX (GLD proxy)",managed_money,2011-10-11,134111,12090,122021,1332,438090,27.9
disagg_fut,088691,"Gold, COMEX (GLD proxy)",managed_money,2011-10-18,132678,14779,117899,-4122,437739,26.9
disagg_fut,088691,"Gold, COMEX (GLD proxy)",managed_money,2011-10-25,141961,15391,126570,8671,443723,28.5
disagg_fut,088691,"Gold, COMEX (GLD proxy)",managed_money,2011-11-01,144879,11868,133011,6441,442435,30.1
disagg_fut,088691,"Gold, COMEX (GLD proxy)",managed_money,2011-11-08,155632,9577,146055,13044,464982,31.4
disagg_fut,088691,"Gold, COMEX (GLD proxy)",managed_money,2011-11-15,159850,8940,150910,4855,470490,32.1
disagg_fut,088691,"Gold, COMEX (GLD proxy)",managed_money,2011-11-22,146180,8498,137682,-13228,457070,30.1
disagg_fut,088691,"Gold, COMEX (GLD proxy)",managed_money,2011-11-29,141009,7215,133794,-3888,423176,31.6
disagg_fut,088691,"Gold, COMEX (GLD proxy)",managed_money,2011-12-06,146486,8794,137692,3898,422956,32.6
disagg_fut,088691,"Gold, COMEX (GLD proxy)",managed_money,2011-12-13,137811,10674,127137,-10555,427699,29.7
disagg_fut,088691,"Gold, COMEX (GLD proxy)",managed_money,2011-12-20,124617,13147,111470,-15667,423465,26.3
disagg_fut,088691,"Gold, COMEX (GLD proxy)",managed_money,2011-12-27,120594,14551,106043,-5427,418945,25.3
disagg_fut,088691,"Gold, COMEX (GLD proxy)",managed_money,2012-01-03,121961,17399,104562,-1481,423275,24.7
disagg_fut,088691,"Gold, COMEX (GLD proxy)",managed_money,2012-01-10,118994,15014,103980,-582,417923,24.9
disagg_fut,088691,"Gold, COMEX (GLD proxy)",managed_money,2012-01-17,120582,11927,108655,4675,432838,25.1
disagg_fut,088691,"Gold, COMEX (GLD proxy)",managed_money,2012-01-24,127512,10356,117156,8501,427032,27.4
disagg_fut,088691,"Gold, COMEX (GLD proxy)",managed_money,2012-01-31,149921,5973,143948,26792,425133,33.9
disagg_fut,088691,"Gold, COMEX (GLD proxy)",managed_money,2012-02-07,161575,5966,155609,11661,436061,35.7
disagg_fut,088691,"Gold, COMEX (GLD proxy)",managed_money,2012-02-14,156994,8005,148989,-6620,431164,34.6
disagg_fut,088691,"Gold, COMEX (GLD proxy)",managed_money,2012-02-21,169144,8850,160294,11305,456676,35.1
disagg_fut,088691,"Gold, COMEX (GLD proxy)",managed_money,2012-02-28,184843,7700,177143,16849,479044,37.0
disagg_fut,088691,"Gold, COMEX (GLD proxy)",managed_money,2012-03-06,153286,11445,141841,-35302,443249,32.0
disagg_fut,088691,"Gold, COMEX (GLD proxy)",managed_money,2012-03-13,146286,12668,133618,-8223,442319,30.2
disagg_fut,088691,"Gold, COMEX (GLD proxy)",managed_money,2012-03-20,129938,16840,113098,-20520,431039,26.2
disagg_fut,088691,"Gold, COMEX (GLD proxy)",managed_money,2012-03-27,136546,12463,124083,10985,417304,29.7
disagg_fut,088691,"Gold, COMEX (GLD proxy)",managed_money,2012-04-03,126887,13847,113040,-11043,407761,27.7
disagg_fut,088691,"Gold, COMEX (GLD proxy)",managed_money,2012-04-10,119710,15480,104230,-8810,403989,25.8
disagg_fut,088691,"Gold, COMEX (GLD proxy)",managed_money,2012-04-17,117770,10194,107576,3346,398526,27.0
disagg_fut,088691,"Gold, COMEX (GLD proxy)",managed_money,2012-04-24,115706,12356,103350,-4226,395389,26.1
disagg_fut,088691,"Gold, COMEX (GLD proxy)",managed_money,2012-05-01,119865,9809,110056,6706,411972,26.7
disagg_fut,088691,"Gold, COMEX (GLD proxy)",managed_money,2012-05-08,113307,22935,90372,-19684,417798,21.6
disagg_fut,088691,"Gold, COMEX (GLD proxy)",managed_money,2012-05-15,112920,32822,80098,-10274,422091,19.0
disagg_fut,088691,"Gold, COMEX (GLD proxy)",managed_money,2012-05-22,113453,38808,74645,-5453,435706,17.1
disagg_fut,088691,"Gold, COMEX (GLD proxy)",managed_money,2012-05-29,113383,40857,72526,-2119,419991,17.3
disagg_fut,088691,"Gold, COMEX (GLD proxy)",managed_money,2012-06-05,124211,35621,88590,16064,423941,20.9
disagg_fut,088691,"Gold, COMEX (GLD proxy)",managed_money,2012-06-12,120365,32492,87873,-717,412244,21.3
disagg_fut,088691,"Gold, COMEX (GLD proxy)",managed_money,2012-06-19,121411,28260,93151,5278,418492,22.3
disagg_fut,088691,"Gold, COMEX (GLD proxy)",managed_money,2012-06-26,110884,33389,77495,-15656,413618,18.7
disagg_fut,088691,"Gold, COMEX (GLD proxy)",managed_money,2012-07-03,125464,29245,96219,18724,425068,22.6
disagg_fut,088691,"Gold, COMEX (GLD proxy)",managed_money,2012-07-10,115071,34784,80287,-15932,429854,18.7
disagg_fut,088691,"Gold, COMEX (GLD proxy)",managed_money,2012-07-17,109800,28444,81356,1069,431317,18.9
disagg_fut,088691,"Gold, COMEX (GLD proxy)",managed_money,2012-07-24,92963,33154,59809,-21547,420296,14.2
disagg_fut,088691,"Gold, COMEX (GLD proxy)",managed_money,2012-07-31,105196,24339,80857,21048,403403,20.0
disagg_fut,088691,"Gold, COMEX (GLD proxy)",managed_money,2012-08-07,96887,27177,69710,-11147,388254,18.0
disagg_fut,088691,"Gold, COMEX (GLD proxy)",managed_money,2012-08-14,95478,28822,66656,-3054,388187,17.2
disagg_fut,088691,"Gold, COMEX (GLD proxy)",managed_money,2012-08-21,111063,19478,91585,24929,398747,23.0
disagg_fut,088691,"Gold, COMEX (GLD proxy)",managed_money,2012-08-28,127743,14577,113166,21581,426559,26.5
disagg_fut,088691,"Gold, COMEX (GLD proxy)",managed_money,2012-09-04,136347,13420,122927,9761,444489,27.7
disagg_fut,088691,"Gold, COMEX (GLD proxy)",managed_money,2012-09-11,147696,10083,137613,14686,460531,29.9
disagg_fut,088691,"Gold, COMEX (GLD proxy)",managed_money,2012-09-18,155972,11670,144302,6689,478609,30.2
disagg_fut,088691,"Gold, COMEX (GLD proxy)",managed_money,2012-09-25,167404,9176,158228,13926,489516,32.3
disagg_fut,088691,"Gold, COMEX (GLD proxy)",managed_money,2012-10-02,171822,8832,162990,4762,480908,33.9
disagg_fut,088691,"Gold, COMEX (GLD proxy)",managed_money,2012-10-09,177644,10171,167473,4483,484359,34.6
disagg_fut,088691,"Gold, COMEX (GLD proxy)",managed_money,2012-10-16,169829,11245,158584,-8889,462826,34.3
disagg_fut,088691,"Gold, COMEX (GLD proxy)",managed_money,2012-10-23,159412,12776,146636,-11948,455836,32.2
disagg_fut,088691,"Gold, COMEX (GLD proxy)",managed_money,2012-10-30,149389,13961,135428,-11208,454742,29.8
disagg_fut,088691,"Gold, COMEX (GLD proxy)",managed_money,2012-11-06,128668,13499,115169,-20259,447154,25.8
disagg_fut,088691,"Gold, COMEX (GLD proxy)",managed_money,2012-11-13,137972,13042,124930,9761,459761,27.2
disagg_fut,088691,"Gold, COMEX (GLD proxy)",managed_money,2012-11-20,147339,11400,135939,11009,474129,28.7
disagg_fut,088691,"Gold, COMEX (GLD proxy)",managed_money,2012-11-27,159947,7640,152307,16368,479373,31.8
disagg_fut,088691,"Gold, COMEX (GLD proxy)",managed_money,2012-12-04,134304,15559,118745,-33562,434416,27.3
disagg_fut,088691,"Gold, COMEX (GLD proxy)",managed_money,2012-12-11,134234,14579,119655,910,433586,27.6
disagg_fut,088691,"Gold, COMEX (GLD proxy)",managed_money,2012-12-18,130786,22755,108031,-11624,435742,24.8
disagg_fut,088691,"Gold, COMEX (GLD proxy)",managed_money,2012-12-24,128403,29509,98894,,426300,23.2
disagg_fut,088691,"Gold, COMEX (GLD proxy)",managed_money,2012-12-31,124967,27848,97119,-1775,427991,22.7
disagg_fut,088691,"Gold, COMEX (GLD proxy)",managed_money,2013-01-08,117603,30254,87349,,441304,19.8
disagg_fut,088691,"Gold, COMEX (GLD proxy)",managed_money,2013-01-15,118437,27333,91104,3755,447773,20.3
disagg_fut,088691,"Gold, COMEX (GLD proxy)",managed_money,2013-01-22,121758,23861,97897,6793,461369,21.2
disagg_fut,088691,"Gold, COMEX (GLD proxy)",managed_money,2013-01-29,111076,34575,76501,-21396,430718,17.8
disagg_fut,088691,"Gold, COMEX (GLD proxy)",managed_money,2013-02-05,113058,34510,78548,2047,423982,18.5
disagg_fut,088691,"Gold, COMEX (GLD proxy)",managed_money,2013-02-12,113939,47357,66582,-11966,435088,15.3
disagg_fut,088691,"Gold, COMEX (GLD proxy)",managed_money,2013-02-19,109507,66697,42810,-23772,447290,9.6
disagg_fut,088691,"Gold, COMEX (GLD proxy)",managed_money,2013-02-26,112888,62035,50853,8043,433858,11.7
disagg_fut,088691,"Gold, COMEX (GLD proxy)",managed_money,2013-03-05,108352,67182,41170,-9683,434586,9.5
disagg_fut,088691,"Gold, COMEX (GLD proxy)",managed_money,2013-03-12,112966,68642,44324,3154,445651,9.9
disagg_fut,088691,"Gold, COMEX (GLD proxy)",managed_money,2013-03-19,121388,56609,64779,20455,440712,14.7
disagg_fut,088691,"Gold, COMEX (GLD proxy)",managed_money,2013-03-26,110766,54831,55935,-8844,419727,13.3
disagg_fut,088691,"Gold, COMEX (GLD proxy)",managed_money,2013-04-02,110504,66308,44196,-11739,417176,10.6
disagg_fut,088691,"Gold, COMEX (GLD proxy)",managed_money,2013-04-09,113423,63436,49987,5791,416513,12.0
disagg_fut,088691,"Gold, COMEX (GLD proxy)",managed_money,2013-04-16,122687,54025,68662,18675,413083,16.6
disagg_fut,088691,"Gold, COMEX (GLD proxy)",managed_money,2013-04-23,119662,66743,52919,-15743,415074,12.7
disagg_fut,088691,"Gold, COMEX (GLD proxy)",managed_money,2013-04-30,116815,65224,51591,-1328,421087,12.3
disagg_fut,088691,"Gold, COMEX (GLD proxy)",managed_money,2013-05-07,115705,67172,48533,-3058,437931,11.1
disagg_fut,088691,"Gold, COMEX (GLD proxy)",managed_money,2013-05-14,112533,73149,39384,-9149,443806,8.9
disagg_fut,088691,"Gold, COMEX (GLD proxy)",managed_money,2013-05-21,113088,76730,36358,-3026,446087,8.2
disagg_fut,088691,"Gold, COMEX (GLD proxy)",managed_money,2013-05-28,114281,67244,47037,10679,411001,11.4
disagg_fut,088691,"Gold, COMEX (GLD proxy)",managed_money,2013-06-04,112259,58671,53588,6551,373061,14.4
disagg_fut,088691,"Gold, COMEX (GLD proxy)",managed_money,2013-06-11,116492,61174,55318,1730,373844,14.8
disagg_fut,088691,"Gold, COMEX (GLD proxy)",managed_money,2013-06-18,110415,71162,39253,-16065,377106,10.4
disagg_fut,088691,"Gold, COMEX (GLD proxy)",managed_money,2013-06-25,107441,77152,30289,-8964,390647,7.8
disagg_fut,088691,"Gold, COMEX (GLD proxy)",managed_money,2013-07-02,103011,81627,21384,-8905,410399,5.2
disagg_fut,088691,"Gold, COMEX (GLD proxy)",managed_money,2013-07-09,105942,82060,23882,2498,431574,5.5
disagg_fut,088691,"Gold, COMEX (GLD proxy)",managed_money,2013-07-16,106737,64896,41841,17959,440283,9.5
disagg_fut,088691,"Gold, COMEX (GLD proxy)",managed_money,2013-07-23,111993,56639,55354,13513,434750,12.7
disagg_fut,088691,"Gold, COMEX (GLD proxy)",managed_money,2013-07-30,108850,56821,52029,-3325,397035,13.1
disagg_fut,088691,"Gold, COMEX (GLD proxy)",managed_money,2013-08-06,105340,70596,34744,-17285,396062,8.8
disagg_fut,088691,"Gold, COMEX (GLD proxy)",managed_money,2013-08-13,100561,62573,37988,3244,390547,9.7
disagg_fut,088691,"Gold, COMEX (GLD proxy)",managed_money,2013-08-20,104483,56067,48416,10428,385410,12.6
disagg_fut,088691,"Gold, COMEX (GLD proxy)",managed_money,2013-08-27,105531,35142,70389,21973,384102,18.3
disagg_fut,088691,"Gold, COMEX (GLD proxy)",managed_money,2013-09-03,107642,32242,75400,5011,388584,19.4
disagg_fut,088691,"Gold, COMEX (GLD proxy)",managed_money,2013-09-10,100358,35578,64780,-10620,384164,16.9
disagg_fut,088691,"Gold, COMEX (GLD proxy)",managed_money,2013-09-17,96370,41590,54780,-10000,384592,14.2
disagg_fut,088691,"Gold, COMEX (GLD proxy)",managed_money,2013-09-24,99035,35023,64012,9232,378216,16.9
disagg_fut,088691,"Gold, COMEX (GLD proxy)",managed_money,2013-10-01,97777,36394,61383,-2629,374151,16.4
disagg_fut,088691,"Gold, COMEX (GLD proxy)",managed_money,2013-10-08,97919,26363,71556,10173,370406,19.3
disagg_fut,088691,"Gold, COMEX (GLD proxy)",managed_money,2013-10-15,97326,44536,52790,-18766,381727,13.8
disagg_fut,088691,"Gold, COMEX (GLD proxy)",managed_money,2013-10-22,105074,38476,66598,13808,390369,17.1
disagg_fut,088691,"Gold, COMEX (GLD proxy)",managed_money,2013-10-29,109627,21224,88403,21805,387166,22.8
disagg_fut,088691,"Gold, COMEX (GLD proxy)",managed_money,2013-11-05,105007,26923,78084,-10319,386796,20.2
disagg_fut,088691,"Gold, COMEX (GLD proxy)",managed_money,2013-11-12,100760,54653,46107,-31977,403840,11.4
disagg_fut,088691,"Gold, COMEX (GLD proxy)",managed_money,2013-11-19,97331,62800,34531,-11576,397590,8.7
disagg_fut,088691,"Gold, COMEX (GLD proxy)",managed_money,2013-11-26,93619,77658,15961,-18570,394432,4.0
disagg_fut,088691,"Gold, COMEX (GLD proxy)",managed_money,2013-12-03,93671,83730,9941,-6020,386436,2.6
disagg_fut,088691,"Gold, COMEX (GLD proxy)",managed_money,2013-12-10,94330,78527,15803,5862,377313,4.2
disagg_fut,088691,"Gold, COMEX (GLD proxy)",managed_money,2013-12-17,93399,79637,13762,-2041,385432,3.6
disagg_fut,088691,"Gold, COMEX (GLD proxy)",managed_money,2013-12-24,93958,82765,11193,-2569,384974,2.9
disagg_fut,088691,"Gold, COMEX (GLD proxy)",managed_money,2013-12-31,96059,78334,17725,6532,379550,4.7
disagg_fut,088691,"Gold, COMEX (GLD proxy)",managed_money,2014-01-07,98659,74421,24238,6513,383021,6.3
disagg_fut,088691,"Gold, COMEX (GLD proxy)",managed_money,2014-01-14,104303,76033,28270,4032,415426,6.8
disagg_fut,088691,"Gold, COMEX (GLD proxy)",managed_money,2014-01-21,104723,74506,30217,1947,410959,7.4
disagg_fut,088691,"Gold, COMEX (GLD proxy)",managed_money,2014-01-28,109782,62544,47238,17021,382739,12.3
disagg_fut,088691,"Gold, COMEX (GLD proxy)",managed_money,2014-02-04,107407,63755,43652,-3586,368279,11.9
disagg_fut,088691,"Gold, COMEX (GLD proxy)",managed_money,2014-02-11,116817,64731,52086,8434,376973,13.8
disagg_fut,088691,"Gold, COMEX (GLD proxy)",managed_money,2014-02-18,123273,54503,68770,16684,390535,17.6
disagg_fut,088691,"Gold, COMEX (GLD proxy)",managed_money,2014-02-25,127279,31023,96256,27486,387503,24.8
disagg_fut,088691,"Gold, COMEX (GLD proxy)",managed_money,2014-03-04,128351,27184,101167,4911,393266,25.7
disagg_fut,088691,"Gold, COMEX (GLD proxy)",managed_money,2014-03-11,127797,21766,106031,4864,415340,25.5
disagg_fut,088691,"Gold, COMEX (GLD proxy)",managed_money,2014-03-18,137216,16153,121063,15032,420626,28.8
disagg_fut,088691,"Gold, COMEX (GLD proxy)",managed_money,2014-03-25,125231,18218,107013,-14050,398264,26.9
disagg_fut,088691,"Gold, COMEX (GLD proxy)",managed_money,2014-04-01,117969,26516,91453,-15560,363451,25.2
disagg_fut,088691,"Gold, COMEX (GLD proxy)",managed_money,2014-04-08,109728,28201,81527,-9926,365400,22.3
disagg_fut,088691,"Gold, COMEX (GLD proxy)",managed_money,2014-04-15,105454,32464,72990,-8537,369577,19.7
disagg_fut,088691,"Gold, COMEX (GLD proxy)",managed_money,2014-04-22,105681,28575,77106,4116,372593,20.7
disagg_fut,088691,"Gold, COMEX (GLD proxy)",managed_money,2014-04-29,106919,29512,77407,301,378092,20.5
disagg_fut,088691,"Gold, COMEX (GLD proxy)",managed_money,2014-05-06,119385,28746,90639,13232,404700,22.4
disagg_fut,088691,"Gold, COMEX (GLD proxy)",managed_money,2014-05-13,114561,32107,82454,-8185,397029,20.8
disagg_fut,088691,"Gold, COMEX (GLD proxy)",managed_money,2014-05-20,112385,31232,81153,-1301,399371,20.3
disagg_fut,088691,"Gold, COMEX (GLD proxy)",managed_money,2014-05-27,111146,53577,57569,-23584,397695,14.5
disagg_fut,088691,"Gold, COMEX (GLD proxy)",managed_money,2014-06-03,111245,73063,38182,-19387,382141,10.0
disagg_fut,088691,"Gold, COMEX (GLD proxy)",managed_money,2014-06-10,111795,73741,38054,-128,378689,10.0
disagg_fut,088691,"Gold, COMEX (GLD proxy)",managed_money,2014-06-17,113624,60065,53559,15505,379843,14.1
disagg_fut,088691,"Gold, COMEX (GLD proxy)",managed_money,2014-06-24,134571,34641,99930,46371,392388,25.5
disagg_fut,088691,"Gold, COMEX (GLD proxy)",managed_money,2014-07-01,149227,23273,125954,26024,401813,31.3
disagg_fut,088691,"Gold, COMEX (GLD proxy)",managed_money,2014-07-08,154719,20943,133776,7822,410992,32.5
disagg_fut,088691,"Gold, COMEX (GLD proxy)",managed_money,2014-07-15,149260,27173,122087,-11689,408368,29.9
disagg_fut,088691,"Gold, COMEX (GLD proxy)",managed_money,2014-07-22,148121,22395,125726,3639,405617,31.0
disagg_fut,088691,"Gold, COMEX (GLD proxy)",managed_money,2014-07-29,135724,27094,108630,-17096,374467,29.0
disagg_fut,088691,"Gold, COMEX (GLD proxy)",managed_money,2014-08-05,123819,33140,90679,-17951,360342,25.2
disagg_fut,088691,"Gold, COMEX (GLD proxy)",managed_money,2014-08-12,138357,21930,116427,25748,368114,31.6
disagg_fut,088691,"Gold, COMEX (GLD proxy)",managed_money,2014-08-19,128398,25193,103205,-13222,366401,28.2
disagg_fut,088691,"Gold, COMEX (GLD proxy)",managed_money,2014-08-26,118012,36830,81182,-22023,363608,22.3
disagg_fut,088691,"Gold, COMEX (GLD proxy)",managed_money,2014-09-02,116120,53202,62918,-18264,371515,16.9
disagg_fut,088691,"Gold, COMEX (GLD proxy)",managed_money,2014-09-09,118708,58501,60207,-2711,384341,15.7
disagg_fut,088691,"Gold, COMEX (GLD proxy)",managed_money,2014-09-16,113659,73364,40295,-19912,386080,10.4
disagg_fut,088691,"Gold, COMEX (GLD proxy)",managed_money,2014-09-23,110427,80297,30130,-10165,385788,7.8
disagg_fut,088691,"Gold, COMEX (GLD proxy)",managed_money,2014-09-30,111264,80341,30923,793,379874,8.1
disagg_fut,088691,"Gold, COMEX (GLD proxy)",managed_money,2014-10-07,110064,80201,29863,-1060,380087,7.9
disagg_fut,088691,"Gold, COMEX (GLD proxy)",managed_money,2014-10-14,123582,81386,42196,12333,397855,10.6
disagg_fut,088691,"Gold, COMEX (GLD proxy)",managed_money,2014-10-21,132835,70347,62488,20292,411057,15.2
disagg_fut,088691,"Gold, COMEX (GLD proxy)",managed_money,2014-10-28,128420,68353,60067,-2421,414410,14.5
disagg_fut,088691,"Gold, COMEX (GLD proxy)",managed_money,2014-11-04,113324,74519,38805,-21262,417377,9.3
disagg_fut,088691,"Gold, COMEX (GLD proxy)",managed_money,2014-11-11,110478,79863,30615,-8190,443422,6.9
disagg_fut,088691,"Gold, COMEX (GLD proxy)",managed_money,2014-11-18,119566,71166,48400,17785,459657,10.5
disagg_fut,088691,"Gold, COMEX (GLD proxy)",managed_money,2014-11-25,113999,59549,54450,6050,388145,14.0
disagg_fut,088691,"Gold, COMEX (GLD proxy)",managed_money,2014-12-02,117804,49170,68634,14184,368121,18.6
disagg_fut,088691,"Gold, COMEX (GLD proxy)",managed_money,2014-12-09,130648,39985,90663,22029,375323,24.2
disagg_fut,088691,"Gold, COMEX (GLD proxy)",managed_money,2014-12-16,127571,35746,91825,1162,371743,24.7
disagg_fut,088691,"Gold, COMEX (GLD proxy)",managed_money,2014-12-23,123087,40890,82197,-9628,375212,21.9
disagg_fut,088691,"Gold, COMEX (GLD proxy)",managed_money,2014-12-30,124928,37878,87050,4853,373982,23.3
disagg_fut,088691,"Gold, COMEX (GLD proxy)",managed_money,2015-01-06,128325,34129,94196,7146,394021,23.9
disagg_fut,088691,"Gold, COMEX (GLD proxy)",managed_money,2015-01-13,132173,30232,101941,7745,402108,25.4
disagg_fut,088691,"Gold, COMEX (GLD proxy)",managed_money,2015-01-20,155602,26261,129341,27400,430128,30.1
disagg_fut,088691,"Gold, COMEX (GLD proxy)",managed_money,2015-01-27,173110,19873,153237,23896,438279,35.0
disagg_fut,088691,"Gold, COMEX (GLD proxy)",managed_money,2015-02-03,167310,18984,148326,-4911,419524,35.4
disagg_fut,088691,"Gold, COMEX (GLD proxy)",managed_money,2015-02-10,140835,21298,119537,-28789,393232,30.4
disagg_fut,088691,"Gold, COMEX (GLD proxy)",managed_money,2015-02-17,128595,32903,95692,-23845,389530,24.6
disagg_fut,088691,"Gold, COMEX (GLD proxy)",managed_money,2015-02-24,124595,35108,89487,-6205,399307,22.4
disagg_fut,088691,"Gold, COMEX (GLD proxy)",managed_money,2015-03-03,115279,42320,72959,-16528,405124,18.0
disagg_fut,088691,"Gold, COMEX (GLD proxy)",managed_money,2015-03-10,107032,58359,48673,-24286,410918,11.8
disagg_fut,088691,"Gold, COMEX (GLD proxy)",managed_money,2015-03-17,97847,78623,19224,-29449,429738,4.5
disagg_fut,088691,"Gold, COMEX (GLD proxy)",managed_money,2015-03-24,98784,87349,11435,-7789,433767,2.6
disagg_fut,088691,"Gold, COMEX (GLD proxy)",managed_money,2015-03-31,103808,67752,36056,24621,387585,9.3
disagg_fut,088691,"Gold, COMEX (GLD proxy)",managed_money,2015-04-07,112747,57072,55675,19619,390571,14.3
disagg_fut,088691,"Gold, COMEX (GLD proxy)",managed_money,2015-04-14,110439,62390,48049,-7626,395089,12.2
disagg_fut,088691,"Gold, COMEX (GLD proxy)",managed_money,2015-04-21,108259,60134,48125,76,397379,12.1
disagg_fut,088691,"Gold, COMEX (GLD proxy)",managed_money,2015-04-28,114952,64369,50583,2458,403575,12.5
disagg_fut,088691,"Gold, COMEX (GLD proxy)",managed_money,2015-05-05,98957,76100,22857,-27726,399988,5.7
disagg_fut,088691,"Gold, COMEX (GLD proxy)",managed_money,2015-05-12,104207,76488,27719,4862,405612,6.8
disagg_fut,088691,"Gold, COMEX (GLD proxy)",managed_money,2015-05-19,132306,53689,78617,50898,428597,18.3
disagg_fut,088691,"Gold, COMEX (GLD proxy)",managed_money,2015-05-26,125069,58825,66244,-12373,411961,16.1
disagg_fut,088691,"Gold, COMEX (GLD proxy)",managed_money,2015-06-02,125229,63482,61747,-4497,398724,15.5
disagg_fut,088691,"Gold, COMEX (GLD proxy)",managed_money,2015-06-09,121125,83486,37639,-24108,406069,9.3
disagg_fut,088691,"Gold, COMEX (GLD proxy)",managed_money,2015-06-16,124527,89529,34998,-2641,415718,8.4
disagg_fut,088691,"Gold, COMEX (GLD proxy)",managed_money,2015-06-23,124843,84927,39916,4918,430978,9.3
disagg_fut,088691,"Gold, COMEX (GLD proxy)",managed_money,2015-06-30,115188,99565,15623,-24293,442301,3.5
disagg_fut,088691,"Gold, COMEX (GLD proxy)",managed_money,2015-07-07,111482,109383,2099,-13524,452145,0.5
disagg_fut,088691,"Gold, COMEX (GLD proxy)",managed_money,2015-07-14,108413,109536,-1123,-3222,462664,-0.2
disagg_fut,088691,"Gold, COMEX (GLD proxy)",managed_money,2015-07-21,106297,119853,-13556,-12433,459760,-2.9
disagg_fut,088691,"Gold, COMEX (GLD proxy)",managed_money,2015-07-28,106284,120917,-14633,-1077,438282,-3.3
disagg_fut,088691,"Gold, COMEX (GLD proxy)",managed_money,2015-08-04,103573,114860,-11287,3346,434273,-2.6
disagg_fut,088691,"Gold, COMEX (GLD proxy)",managed_money,2015-08-11,108507,113937,-5430,5857,435489,-1.2
disagg_fut,088691,"Gold, COMEX (GLD proxy)",managed_money,2015-08-18,112075,104158,7917,13347,432728,1.8
disagg_fut,088691,"Gold, COMEX (GLD proxy)",managed_money,2015-08-25,119456,78842,40614,32697,432154,9.4
disagg_fut,088691,"Gold, COMEX (GLD proxy)",managed_money,2015-09-01,112641,72044,40597,-17,410274,9.9
disagg_fut,088691,"Gold, COMEX (GLD proxy)",managed_money,2015-09-08,112684,85859,26825,-13772,421732,6.4
disagg_fut,088691,"Gold, COMEX (GLD proxy)",managed_money,2015-09-15,104300,95493,8807,-18018,413333,2.1
disagg_fut,088691,"Gold, COMEX (GLD proxy)",managed_money,2015-09-22,107531,86702,20829,12022,419304,5.0
disagg_fut,088691,"Gold, COMEX (GLD proxy)",managed_money,2015-09-29,112633,72069,40564,19735,415700,9.8
disagg_fut,088691,"Gold, COMEX (GLD proxy)",managed_money,2015-10-06,115414,69576,45838,5274,430228,10.7
disagg_fut,088691,"Gold, COMEX (GLD proxy)",managed_money,2015-10-13,128350,51137,77213,31375,435928,17.7
disagg_fut,088691,"Gold, COMEX (GLD proxy)",managed_money,2015-10-20,156199,39855,116344,39131,467792,24.9
disagg_fut,088691,"Gold, COMEX (GLD proxy)",managed_money,2015-10-27,147660,33568,114092,-2252,466780,24.4
disagg_fut,088691,"Gold, COMEX (GLD proxy)",managed_money,2015-11-03,116702,49495,67207,-46885,443900,15.1
disagg_fut,088691,"Gold, COMEX (GLD proxy)",managed_money,2015-11-10,91880,75011,16869,-50338,436426,3.9
disagg_fut,088691,"Gold, COMEX (GLD proxy)",managed_money,2015-11-17,90510,104433,-13923,-30792,435376,-3.2
disagg_fut,088691,"Gold, COMEX (GLD proxy)",managed_money,2015-11-24,91059,107723,-16664,-2741,397705,-4.2
disagg_fut,088691,"Gold, COMEX (GLD proxy)",managed_money,2015-12-01,89982,110548,-20566,-3902,390940,-5.3
disagg_fut,088691,"Gold, COMEX (GLD proxy)",managed_money,2015-12-08,92488,109910,-17422,3144,394128,-4.4
disagg_fut,088691,"Gold, COMEX (GLD proxy)",managed_money,2015-12-15,83617,110836,-27219,-9797,390944,-7.0
disagg_fut,088691,"Gold, COMEX (GLD proxy)",managed_money,2015-12-22,79979,100041,-20062,7157,405294,-4.9
disagg_fut,088691,"Gold, COMEX (GLD proxy)",managed_money,2015-12-29,76071,103272,-27201,-7139,401880,-6.8
disagg_fut,088691,"Gold, COMEX (GLD proxy)",managed_money,2016-01-05,79732,95659,-15927,11274,413688,-3.9
disagg_fut,088691,"Gold, COMEX (GLD proxy)",managed_money,2016-01-12,82908,82816,92,16019,397565,0.0
disagg_fut,088691,"Gold, COMEX (GLD proxy)",managed_money,2016-01-19,84054,83615,439,347,408835,0.1
disagg_fut,088691,"Gold, COMEX (GLD proxy)",managed_money,2016-01-26,95745,78942,16803,16364,385350,4.4
disagg_fut,088691,"Gold, COMEX (GLD proxy)",managed_money,2016-02-02,100566,71530,29036,12233,379185,7.7
disagg_fut,088691,"Gold, COMEX (GLD proxy)",managed_money,2016-02-09,121059,60423,60636,31600,410833,14.8
disagg_fut,088691,"Gold, COMEX (GLD proxy)",managed_money,2016-02-16,126219,45206,81013,20377,428912,18.9
disagg_fut,088691,"Gold, COMEX (GLD proxy)",managed_money,2016-02-23,141373,32276,109097,28084,445290,24.5
disagg_fut,088691,"Gold, COMEX (GLD proxy)",managed_money,2016-03-01,133823,29453,104370,-4727,450555,23.2
disagg_fut,088691,"Gold, COMEX (GLD proxy)",managed_money,2016-03-08,160317,32890,127427,23057,499110,25.5
disagg_fut,088691,"Gold, COMEX (GLD proxy)",managed_money,2016-03-15,159202,29425,129777,2350,493086,26.3
disagg_fut,088691,"Gold, COMEX (GLD proxy)",managed_money,2016-03-22,174457,29558,144899,15122,510579,28.4
disagg_fut,088691,"Gold, COMEX (GLD proxy)",managed_money,2016-03-29,184135,29930,154205,9306,480461,32.1
disagg_fut,088691,"Gold, COMEX (GLD proxy)",managed_money,2016-04-05,186716,33958,152758,-1447,474094,32.2
disagg_fut,088691,"Gold, COMEX (GLD proxy)",managed_money,2016-04-12,202500,31866,170634,17876,504523,33.8
disagg_fut,088691,"Gold, COMEX (GLD proxy)",managed_money,2016-04-19,208661,34554,174107,3473,503331,34.6
disagg_fut,088691,"Gold, COMEX (GLD proxy)",managed_money,2016-04-26,206476,34426,172050,-2057,497884,34.6
disagg_fut,088691,"Gold, COMEX (GLD proxy)",managed_money,2016-05-03,248842,29947,218895,46845,565774,38.7
disagg_fut,088691,"Gold, COMEX (GLD proxy)",managed_money,2016-05-10,246782,35591,211191,-7704,579777,36.4
disagg_fut,088691,"Gold, COMEX (GLD proxy)",managed_money,2016-05-17,247059,34618,212441,1250,595077,35.7
disagg_fut,088691,"Gold, COMEX (GLD proxy)",managed_money,2016-05-24,205180,48719,156461,-55980,542958,28.8
disagg_fut,088691,"Gold, COMEX (GLD proxy)",managed_money,2016-05-31,192160,43549,148611,-7850,494321,30.1
disagg_fut,088691,"Gold, COMEX (GLD proxy)",managed_money,2016-06-07,212061,34695,177366,28755,496330,35.7
disagg_fut,088691,"Gold, COMEX (GLD proxy)",managed_money,2016-06-14,257500,28260,229240,51874,545357,42.0
disagg_fut,088691,"Gold, COMEX (GLD proxy)",managed_money,2016-06-21,274936,24528,250408,21168,571517,43.8
disagg_fut,088691,"Gold, COMEX (GLD proxy)",managed_money,2016-06-28,285895,24845,261050,10642,613792,42.5
disagg_fut,088691,"Gold, COMEX (GLD proxy)",managed_money,2016-07-05,300070,26994,273076,12026,652971,41.8
disagg_fut,088691,"Gold, COMEX (GLD proxy)",managed_money,2016-07-12,296106,36977,259129,-13947,633020,40.9
disagg_fut,088691,"Gold, COMEX (GLD proxy)",managed_money,2016-07-19,287317,34920,252397,-6732,617069,40.9
disagg_fut,088691,"Gold, COMEX (GLD proxy)",managed_money,2016-07-26,278777,31356,247421,-4976,576325,42.9
disagg_fut,088691,"Gold, COMEX (GLD proxy)",managed_money,2016-08-02,288542,33813,254729,7308,582211,43.8
disagg_fut,088691,"Gold, COMEX (GLD proxy)",managed_money,2016-08-09,281496,36244,245252,-9477,575399,42.6
disagg_fut,088691,"Gold, COMEX (GLD proxy)",managed_money,2016-08-16,277152,34425,242727,-2525,572496,42.4
disagg_fut,088691,"Gold, COMEX (GLD proxy)",managed_money,2016-08-23,284550,30866,253684,10957,572973,44.3
disagg_fut,088691,"Gold, COMEX (GLD proxy)",managed_money,2016-08-30,266680,35086,231594,-22090,558398,41.5
disagg_fut,088691,"Gold, COMEX (GLD proxy)",managed_money,2016-09-06,291692,22157,269535,37941,590656,45.6
disagg_fut,088691,"Gold, COMEX (GLD proxy)",managed_money,2016-09-13,271631,28654,242977,-26558,575002,42.3
disagg_fut,088691,"Gold, COMEX (GLD proxy)",managed_money,2016-09-20,246119,32972,213147,-29830,558791,38.1
disagg_fut,088691,"Gold, COMEX (GLD proxy)",managed_money,2016-09-27,282151,26974,255177,42030,583161,43.8
disagg_fut,088691,"Gold, COMEX (GLD proxy)",managed_money,2016-10-04,244765,44649,200116,-55061,544824,36.7
disagg_fut,088691,"Gold, COMEX (GLD proxy)",managed_money,2016-10-11,203033,54240,148793,-51323,500328,29.7
disagg_fut,088691,"Gold, COMEX (GLD proxy)",managed_money,2016-10-18,190008,59054,130954,-17839,497061,26.3
disagg_fut,088691,"Gold, COMEX (GLD proxy)",managed_money,2016-10-25,199094,55184,143910,12956,507617,28.4
disagg_fut,088691,"Gold, COMEX (GLD proxy)",managed_money,2016-11-01,203670,37403,166267,22357,521506,31.9
disagg_fut,088691,"Gold, COMEX (GLD proxy)",managed_money,2016-11-08,211670,38033,173637,7370,528203,32.9
disagg_fut,088691,"Gold, COMEX (GLD proxy)",managed_money,2016-11-15,178132,43452,134680,-38957,479237,28.1
disagg_fut,088691,"Gold, COMEX (GLD proxy)",managed_money,2016-11-22,171864,47475,124389,-10291,461062,27.0
disagg_fut,088691,"Gold, COMEX (GLD proxy)",managed_money,2016-11-29,162086,55145,106941,-17448,405661,26.4
disagg_fut,088691,"Gold, COMEX (GLD proxy)",managed_money,2016-12-06,150856,68538,82318,-24623,393524,20.9
disagg_fut,088691,"Gold, COMEX (GLD proxy)",managed_money,2016-12-13,146150,77432,68718,-13600,397034,17.3
disagg_fut,088691,"Gold, COMEX (GLD proxy)",managed_money,2016-12-20,137588,83783,53805,-14913,398661,13.5
disagg_fut,088691,"Gold, COMEX (GLD proxy)",managed_money,2016-12-27,130595,87229,43366,-10439,401513,10.8
disagg_fut,088691,"Gold, COMEX (GLD proxy)",managed_money,2017-01-03,127786,91229,36557,-6809,424673,8.6
disagg_fut,088691,"Gold, COMEX (GLD proxy)",managed_money,2017-01-10,135563,79884,55679,19122,444001,12.5
disagg_fut,088691,"Gold, COMEX (GLD proxy)",managed_money,2017-01-17,141566,82931,58635,2956,467937,12.5
disagg_fut,088691,"Gold, COMEX (GLD proxy)",managed_money,2017-01-24,135159,75405,59754,1119,482374,12.4
disagg_fut,088691,"Gold, COMEX (GLD proxy)",managed_money,2017-01-31,140663,70826,69837,10083,398433,17.5
disagg_fut,088691,"Gold, COMEX (GLD proxy)",managed_money,2017-02-07,142542,72393,70149,312,415543,16.9
disagg_fut,088691,"Gold, COMEX (GLD proxy)",managed_money,2017-02-14,135739,72114,63625,-6524,415128,15.3
disagg_fut,088691,"Gold, COMEX (GLD proxy)",managed_money,2017-02-21,142639,64597,78042,14417,427168,18.3
disagg_fut,088691,"Gold, COMEX (GLD proxy)",managed_money,2017-02-28,166437,52191,114246,36204,446081,25.6
disagg_fut,088691,"Gold, COMEX (GLD proxy)",managed_money,2017-03-07,150277,60030,90247,-23999,434401,20.8
disagg_fut,088691,"Gold, COMEX (GLD proxy)",managed_money,2017-03-14,121179,74805,46374,-43873,426170,10.9
disagg_fut,088691,"Gold, COMEX (GLD proxy)",managed_money,2017-03-21,130259,74064,56195,9821,446880,12.6
disagg_fut,088691,"Gold, COMEX (GLD proxy)",managed_money,2017-03-28,150879,59836,91043,34848,449418,20.3
disagg_fut,088691,"Gold, COMEX (GLD proxy)",managed_money,2017-04-04,163428,54302,109126,18083,427808,25.5
disagg_fut,088691,"Gold, COMEX (GLD proxy)",managed_money,2017-04-11,179841,46830,133011,23885,456131,29.2
disagg_fut,088691,"Gold, COMEX (GLD proxy)",managed_money,2017-04-18,199001,47765,151236,18225,472263,32.0
disagg_fut,088691,"Gold, COMEX (GLD proxy)",managed_money,2017-04-25,207394,47014,160380,9144,475985,33.7
disagg_fut,088691,"Gold, COMEX (GLD proxy)",managed_money,2017-05-02,195331,51720,143611,-16769,461905,31.1
disagg_fut,088691,"Gold, COMEX (GLD proxy)",managed_money,2017-05-09,151419,55457,95962,-47649,433033,22.2
disagg_fut,088691,"Gold, COMEX (GLD proxy)",managed_money,2017-05-16,132094,66226,65868,-30094,435021,15.1
disagg_fut,088691,"Gold, COMEX (GLD proxy)",managed_money,2017-05-23,161893,50845,111048,45180,462572,24.0
disagg_fut,088691,"Gold, COMEX (GLD proxy)",managed_money,2017-05-30,175304,51171,124133,13085,434246,28.6
disagg_fut,088691,"Gold, COMEX (GLD proxy)",managed_money,2017-06-06,229476,63427,166049,41916,494041,33.6
disagg_fut,088691,"Gold, COMEX (GLD proxy)",managed_money,2017-06-13,214955,67459,147496,-18553,471134,31.3
disagg_fut,088691,"Gold, COMEX (GLD proxy)",managed_money,2017-06-20,165035,65659,99376,-48120,445841,22.3
disagg_fut,088691,"Gold, COMEX (GLD proxy)",managed_money,2017-06-27,144515,71860,72655,-26721,453144,16.0
disagg_fut,088691,"Gold, COMEX (GLD proxy)",managed_money,2017-07-03,129780,96091,33689,,457201,7.4
disagg_fut,088691,"Gold, COMEX (GLD proxy)",managed_money,2017-07-11,123619,100397,23222,,475669,4.9
disagg_fut,088691,"Gold, COMEX (GLD proxy)",managed_money,2017-07-18,127028,98115,28913,5691,484204,6.0
disagg_fut,088691,"Gold, COMEX (GLD proxy)",managed_money,2017-07-25,136359,62735,73624,44711,463827,15.9
disagg_fut,088691,"Gold, COMEX (GLD proxy)",managed_money,2017-08-01,158082,39624,118458,44834,448709,26.4
disagg_fut,088691,"Gold, COMEX (GLD proxy)",managed_money,2017-08-08,164828,28843,135985,17527,448727,30.3
disagg_fut,088691,"Gold, COMEX (GLD proxy)",managed_money,2017-08-15,195433,18877,176556,40571,477921,36.9
disagg_fut,088691,"Gold, COMEX (GLD proxy)",managed_money,2017-08-22,209717,15638,194079,17523,500443,38.8
disagg_fut,088691,"Gold, COMEX (GLD proxy)",managed_money,2017-08-29,235065,13939,221126,27047,538875,41.0
disagg_fut,088691,"Gold, COMEX (GLD proxy)",managed_money,2017-09-05,251489,14301,237188,16062,566817,41.8
disagg_fut,088691,"Gold, COMEX (GLD proxy)",managed_money,2017-09-12,270413,16896,253517,16329,580606,43.7
disagg_fut,088691,"Gold, COMEX (GLD proxy)",managed_money,2017-09-19,251735,18353,233382,-20135,570096,40.9
disagg_fut,088691,"Gold, COMEX (GLD proxy)",managed_money,2017-09-26,219134,23158,195976,-37406,549637,35.7
disagg_fut,088691,"Gold, COMEX (GLD proxy)",managed_money,2017-10-03,204361,24917,179444,-16532,525127,34.2
disagg_fut,088691,"Gold, COMEX (GLD proxy)",managed_money,2017-10-10,193154,21824,171330,-8114,520005,32.9
disagg_fut,088691,"Gold, COMEX (GLD proxy)",managed_money,2017-10-17,196555,27040,169515,-1815,528800,32.1
disagg_fut,088691,"Gold, COMEX (GLD proxy)",managed_money,2017-10-24,192701,24333,168368,-1147,526674,32.0
disagg_fut,088691,"Gold, COMEX (GLD proxy)",managed_money,2017-10-31,182652,16687,165965,-2403,531918,31.2
disagg_fut,088691,"Gold, COMEX (GLD proxy)",managed_money,2017-11-07,187782,17070,170712,4747,536843,31.8
disagg_fut,088691,"Gold, COMEX (GLD proxy)",managed_money,2017-11-14,190657,14559,176098,5386,533054,33.0
disagg_fut,088691,"Gold, COMEX (GLD proxy)",managed_money,2017-11-21,187292,14137,173155,-2943,531612,32.6
disagg_fut,088691,"Gold, COMEX (GLD proxy)",managed_money,2017-11-28,208518,9978,198540,25385,503810,39.4
disagg_fut,088691,"Gold, COMEX (GLD proxy)",managed_money,2017-12-05,167174,32664,134510,-64030,472795,28.4
disagg_fut,088691,"Gold, COMEX (GLD proxy)",managed_money,2017-12-12,123139,46913,76226,-58284,446618,17.1
disagg_fut,088691,"Gold, COMEX (GLD proxy)",managed_money,2017-12-19,116642,35397,81245,5019,453595,17.9
disagg_fut,088691,"Gold, COMEX (GLD proxy)",managed_money,2017-12-26,127715,19957,107758,26513,456470,23.6
disagg_fut,088691,"Gold, COMEX (GLD proxy)",managed_money,2018-01-02,168423,20249,148174,40416,500731,29.6
disagg_fut,088691,"Gold, COMEX (GLD proxy)",managed_money,2018-01-09,216115,20065,196050,47876,555455,35.3
disagg_fut,088691,"Gold, COMEX (GLD proxy)",managed_money,2018-01-16,227373,25841,201532,5482,582333,34.6
disagg_fut,088691,"Gold, COMEX (GLD proxy)",managed_money,2018-01-23,236003,26467,209536,8004,582421,36.0
disagg_fut,088691,"Gold, COMEX (GLD proxy)",managed_money,2018-01-30,230597,23035,207562,-1974,559332,37.1
disagg_fut,088691,"Gold, COMEX (GLD proxy)",managed_money,2018-02-06,206377,23448,182929,-24633,535321,34.2
disagg_fut,088691,"Gold, COMEX (GLD proxy)",managed_money,2018-02-13,186183,16426,169757,-13172,511745,33.2
disagg_fut,088691,"Gold, COMEX (GLD proxy)",managed_money,2018-02-20,190398,14943,175455,5698,528154,33.2
disagg_fut,088691,"Gold, COMEX (GLD proxy)",managed_money,2018-02-27,177475,27456,150019,-25436,532860,28.2
disagg_fut,088691,"Gold, COMEX (GLD proxy)",managed_money,2018-03-06,172492,21786,150706,687,508100,29.7
disagg_fut,088691,"Gold, COMEX (GLD proxy)",managed_money,2018-03-13,162337,26472,135865,-14841,526762,25.8
disagg_fut,088691,"Gold, COMEX (GLD proxy)",managed_money,2018-03-20,148152,36345,111807,-24058,545499,20.5
disagg_fut,088691,"Gold, COMEX (GLD proxy)",managed_money,2018-03-27,183080,20917,162163,50356,529690,30.6
disagg_fut,088691,"Gold, COMEX (GLD proxy)",managed_money,2018-04-03,155590,28948,126642,-35521,493141,25.7
disagg_fut,088691,"Gold, COMEX (GLD proxy)",managed_money,2018-04-10,154044,28482,125562,-1080,499588,25.1
disagg_fut,088691,"Gold, COMEX (GLD proxy)",managed_money,2018-04-17,157925,25287,132638,7076,510229,26.0
disagg_fut,088691,"Gold, COMEX (GLD proxy)",managed_money,2018-04-24,143258,43597,99661,-32977,506410,19.7
disagg_fut,088691,"Gold, COMEX (GLD proxy)",managed_money,2018-05-01,119064,79747,39317,-60344,507756,7.7
disagg_fut,088691,"Gold, COMEX (GLD proxy)",managed_money,2018-05-08,109508,67869,41639,2322,491398,8.5
disagg_fut,088691,"Gold, COMEX (GLD proxy)",managed_money,2018-05-15,103256,84258,18998,-22641,519958,3.7
disagg_fut,088691,"Gold, COMEX (GLD proxy)",managed_money,2018-05-22,91411,74880,16531,-2467,502942,3.3
disagg_fut,088691,"Gold, COMEX (GLD proxy)",managed_money,2018-05-29,107882,53881,54001,37470,469382,11.5
disagg_fut,088691,"Gold, COMEX (GLD proxy)",managed_money,2018-06-05,100027,49147,50880,-3121,450641,11.3
disagg_fut,088691,"Gold, COMEX (GLD proxy)",managed_money,2018-06-12,104313,48809,55504,4624,448695,12.4
disagg_fut,088691,"Gold, COMEX (GLD proxy)",managed_money,2018-06-19,94297,83769,10528,-44976,468345,2.2
disagg_fut,088691,"Gold, COMEX (GLD proxy)",managed_money,2018-06-26,94845,94869,-24,-10552,468573,-0.0
disagg_fut,088691,"Gold, COMEX (GLD proxy)",managed_money,2018-07-03,104275,105529,-1254,-1230,494164,-0.3
disagg_fut,088691,"Gold, COMEX (GLD proxy)",managed_money,2018-07-10,107402,109929,-2527,-1273,503593,-0.5
disagg_fut,088691,"Gold, COMEX (GLD proxy)",managed_money,2018-07-17,107775,134224,-26449,-23922,528278,-5.0
disagg_fut,088691,"Gold, COMEX (GLD proxy)",managed_money,2018-07-24,110249,146671,-36422,-9973,496620,-7.3
disagg_fut,088691,"Gold, COMEX (GLD proxy)",managed_money,2018-07-31,110580,153108,-42528,-6106,452655,-9.4
disagg_fut,088691,"Gold, COMEX (GLD proxy)",managed_money,2018-08-07,105849,171965,-66116,-23588,459474,-14.4
disagg_fut,088691,"Gold, COMEX (GLD proxy)",managed_money,2018-08-14,104803,188127,-83324,-17208,476739,-17.5
disagg_fut,088691,"Gold, COMEX (GLD proxy)",managed_money,2018-08-21,107143,197171,-90028,-6704,483730,-18.6
disagg_fut,088691,"Gold, COMEX (GLD proxy)",managed_money,2018-08-28,105971,181743,-75772,14256,479283,-15.8
disagg_fut,088691,"Gold, COMEX (GLD proxy)",managed_money,2018-09-04,101651,184373,-82722,-6950,473118,-17.5
disagg_fut,088691,"Gold, COMEX (GLD proxy)",managed_money,2018-09-11,100593,175812,-75219,7503,469450,-16.0
disagg_fut,088691,"Gold, COMEX (GLD proxy)",managed_money,2018-09-18,97904,180367,-82463,-7244,469436,-17.6
disagg_fut,088691,"Gold, COMEX (GLD proxy)",managed_money,2018-09-25,98513,182190,-83677,-1214,460279,-18.2
disagg_fut,088691,"Gold, COMEX (GLD proxy)",managed_money,2018-10-02,100671,180274,-79603,4074,459776,-17.3
disagg_fut,088691,"Gold, COMEX (GLD proxy)",managed_money,2018-10-09,82218,191672,-109454,-29851,465253,-23.5
disagg_fut,088691,"Gold, COMEX (GLD proxy)",managed_money,2018-10-16,95333,144715,-49382,60072,474418,-10.4
disagg_fut,088691,"Gold, COMEX (GLD proxy)",managed_money,2018-10-23,99368,137484,-38116,11266,477832,-8.0
disagg_fut,088691,"Gold, COMEX (GLD proxy)",managed_money,2018-10-30,80105,135628,-55523,-17407,474941,-11.7
disagg_fut,088691,"Gold, COMEX (GLD proxy)",managed_money,2018-11-06,82188,129634,-47446,8077,494911,-9.6
disagg_fut,088691,"Gold, COMEX (GLD proxy)",managed_money,2018-11-13,79529,158723,-79194,-31748,539520,-14.7
disagg_fut,088691,"Gold, COMEX (GLD proxy)",managed_money,2018-11-20,84356,136207,-51851,27343,525940,-9.9
disagg_fut,088691,"Gold, COMEX (GLD proxy)",managed_money,2018-11-27,79992,138382,-58390,-6539,442801,-13.2
disagg_fut,088691,"Gold, COMEX (GLD proxy)",managed_money,2018-12-04,99414,109201,-9787,48603,399919,-2.4
disagg_fut,088691,"Gold, COMEX (GLD proxy)",managed_money,2018-12-11,89942,90008,-66,9721,402250,-0.0
disagg_fut,088691,"Gold, COMEX (GLD proxy)",managed_money,2018-12-18,100828,89630,11198,11264,412485,2.7
disagg_fut,088691,"Gold, COMEX (GLD proxy)",managed_money,2018-12-24,119146,77178,41968,,442727,9.5
disagg_fut,088691,"Gold, COMEX (GLD proxy)",managed_money,2018-12-31,121205,71021,50184,8216,451360,11.1
disagg_fut,088691,"Gold, COMEX (GLD proxy)",managed_money,2019-01-08,112690,80219,32471,,455232,7.1
disagg_fut,088691,"Gold, COMEX (GLD proxy)",managed_money,2019-01-15,115651,90716,24935,-7536,501605,5.0
disagg_fut,088691,"Gold, COMEX (GLD proxy)",managed_money,2019-01-22,105295,89085,16210,-8725,513509,3.2
disagg_fut,088691,"Gold, COMEX (GLD proxy)",managed_money,2019-01-29,126404,94007,32397,16187,483390,6.7
disagg_fut,088691,"Gold, COMEX (GLD proxy)",managed_money,2019-02-05,134954,90079,44875,12478,479736,9.4
disagg_fut,088691,"Gold, COMEX (GLD proxy)",managed_money,2019-02-12,132365,89746,42619,-2256,476083,9.0
disagg_fut,088691,"Gold, COMEX (GLD proxy)",managed_money,2019-02-19,166411,84034,82377,39758,504639,16.3
disagg_fut,088691,"Gold, COMEX (GLD proxy)",managed_money,2019-02-26,154217,75658,78559,-3818,501268,15.7
disagg_fut,088691,"Gold, COMEX (GLD proxy)",managed_money,2019-03-05,125903,94656,31247,-47312,471311,6.6
disagg_fut,088691,"Gold, COMEX (GLD proxy)",managed_money,2019-03-12,123293,105886,17407,-13840,530030,3.3
disagg_fut,088691,"Gold, COMEX (GLD proxy)",managed_money,2019-03-19,123909,93434,30475,13068,514163,5.9
disagg_fut,088691,"Gold, COMEX (GLD proxy)",managed_money,2019-03-26,135373,77386,57987,27512,509575,11.4
disagg_fut,088691,"Gold, COMEX (GLD proxy)",managed_money,2019-04-02,110816,86198,24618,-33369,440170,5.6
disagg_fut,088691,"Gold, COMEX (GLD proxy)",managed_money,2019-04-09,117917,80880,37037,12419,447539,8.3
disagg_fut,088691,"Gold, COMEX (GLD proxy)",managed_money,2019-04-16,96196,111583,-15387,-52424,440581,-3.5
disagg_fut,088691,"Gold, COMEX (GLD proxy)",managed_money,2019-04-23,88989,122818,-33829,-18442,440048,-7.7
disagg_fut,088691,"Gold, COMEX (GLD proxy)",managed_money,2019-04-30,95159,95083,76,33905,430011,0.0
disagg_fut,088691,"Gold, COMEX (GLD proxy)",managed_money,2019-05-07,102975,93428,9547,9471,450039,2.1
disagg_fut,088691,"Gold, COMEX (GLD proxy)",managed_money,2019-05-14,138467,85921,52546,42999,517995,10.1
disagg_fut,088691,"Gold, COMEX (GLD proxy)",managed_money,2019-05-21,114986,99049,15937,-36609,508643,3.1
disagg_fut,088691,"Gold, COMEX (GLD proxy)",managed_money,2019-05-28,119314,93040,26274,10337,505126,5.2
disagg_fut,088691,"Gold, COMEX (GLD proxy)",managed_money,2019-06-04,159663,63481,96182,69908,481495,20.0
disagg_fut,088691,"Gold, COMEX (GLD proxy)",managed_money,2019-06-11,169640,40480,129160,32978,496663,26.0
disagg_fut,088691,"Gold, COMEX (GLD proxy)",managed_money,2019-06-18,191766,41250,150516,21356,525636,28.6
disagg_fut,088691,"Gold, COMEX (GLD proxy)",managed_money,2019-06-25,204918,27177,177741,27225,577605,30.8
disagg_fut,088691,"Gold, COMEX (GLD proxy)",managed_money,2019-07-02,214186,20099,194087,16346,605949,32.0
disagg_fut,088691,"Gold, COMEX (GLD proxy)",managed_money,2019-07-09,208301,25690,182611,-11476,598977,30.5
disagg_fut,088691,"Gold, COMEX (GLD proxy)",managed_money,2019-07-16,211322,31263,180059,-2552,601900,29.9
disagg_fut,088691,"Gold, COMEX (GLD proxy)",managed_money,2019-07-23,208153,29980,178173,-1886,616859,28.9
disagg_fut,088691,"Gold, COMEX (GLD proxy)",managed_money,2019-07-30,215581,29868,185713,7540,563298,33.0
disagg_fut,088691,"Gold, COMEX (GLD proxy)",managed_money,2019-08-06,248687,21854,226833,41120,600317,37.8
disagg_fut,088691,"Gold, COMEX (GLD proxy)",managed_money,2019-08-13,245631,22020,223611,-3222,593962,37.6
disagg_fut,088691,"Gold, COMEX (GLD proxy)",managed_money,2019-08-20,249696,19850,229846,6235,594807,38.6
disagg_fut,088691,"Gold, COMEX (GLD proxy)",managed_money,2019-08-27,258269,31553,226716,-3130,636183,35.6
disagg_fut,088691,"Gold, COMEX (GLD proxy)",managed_money,2019-09-03,265175,33549,231626,4910,634358,36.5
disagg_fut,088691,"Gold, COMEX (GLD proxy)",managed_money,2019-09-10,239475,33294,206181,-25445,614753,33.5
disagg_fut,088691,"Gold, COMEX (GLD proxy)",managed_money,2019-09-17,241936,28080,213856,7675,630990,33.9
disagg_fut,088691,"Gold, COMEX (GLD proxy)",managed_money,2019-09-24,265508,27637,237871,24015,658944,36.1
disagg_fut,088691,"Gold, COMEX (GLD proxy)",managed_money,2019-10-01,219990,29179,190811,-47060,604885,31.5
disagg_fut,088691,"Gold, COMEX (GLD proxy)",managed_money,2019-10-08,231976,31475,200501,9690,616957,32.5
disagg_fut,088691,"Gold, COMEX (GLD proxy)",managed_money,2019-10-15,213987,38200,175787,-24714,607387,28.9
disagg_fut,088691,"Gold, COMEX (GLD proxy)",managed_money,2019-10-22,218317,33879,184438,8651,625528,29.5
disagg_fut,088691,"Gold, COMEX (GLD proxy)",managed_money,2019-10-29,230664,32106,198558,14120,643442,30.9
disagg_fut,088691,"Gold, COMEX (GLD proxy)",managed_money,2019-11-05,233167,35920,197247,-1311,690181,28.6
disagg_fut,088691,"Gold, COMEX (GLD proxy)",managed_money,2019-11-12,209432,33991,175441,-21806,708463,24.8
disagg_fut,088691,"Gold, COMEX (GLD proxy)",managed_money,2019-11-19,221795,26596,195199,19758,719211,27.1
disagg_fut,088691,"Gold, COMEX (GLD proxy)",managed_money,2019-11-26,218724,24437,194287,-912,669268,29.0
disagg_fut,088691,"Gold, COMEX (GLD proxy)",managed_money,2019-12-03,232276,24314,207962,13675,701016,29.7
disagg_fut,088691,"Gold, COMEX (GLD proxy)",managed_money,2019-12-10,212929,29281,183648,-24314,690003,26.6
disagg_fut,088691,"Gold, COMEX (GLD proxy)",managed_money,2019-12-17,228616,26895,201721,18073,716987,28.1
disagg_fut,088691,"Gold, COMEX (GLD proxy)",managed_money,2019-12-24,245366,26520,218846,17125,748737,29.2
disagg_fut,088691,"Gold, COMEX (GLD proxy)",managed_money,2019-12-31,258357,25625,232732,13886,786166,29.6
disagg_fut,088691,"Gold, COMEX (GLD proxy)",managed_money,2020-01-07,261083,31326,229757,-2975,785857,29.2
disagg_fut,088691,"Gold, COMEX (GLD proxy)",managed_money,2020-01-14,262402,31943,230459,702,796883,28.9
disagg_fut,088691,"Gold, COMEX (GLD proxy)",managed_money,2020-01-21,258269,34437,223832,-6627,793829,28.2
disagg_fut,088691,"Gold, COMEX (GLD proxy)",managed_money,2020-01-28,254259,34321,219938,-3894,715539,30.7
disagg_fut,088691,"Gold, COMEX (GLD proxy)",managed_money,2020-02-04,223762,42152,181610,-38328,654572,27.7
disagg_fut,088691,"Gold, COMEX (GLD proxy)",managed_money,2020-02-11,231499,35828,195671,14061,658024,29.7
disagg_fut,088691,"Gold, COMEX (GLD proxy)",managed_money,2020-02-18,278286,39740,238546,42875,715317,33.3
disagg_fut,088691,"Gold, COMEX (GLD proxy)",managed_money,2020-02-25,263218,32372,230846,-7700,732917,31.5
disagg_fut,088691,"Gold, COMEX (GLD proxy)",managed_money,2020-03-03,242921,27560,215361,-15485,691985,31.1
disagg_fut,088691,"Gold, COMEX (GLD proxy)",managed_money,2020-03-10,220642,10457,210185,-5176,633470,33.2
disagg_fut,088691,"Gold, COMEX (GLD proxy)",managed_money,2020-03-17,164979,10900,154079,-56106,573925,26.8
disagg_fut,088691,"Gold, COMEX (GLD proxy)",managed_money,2020-03-24,158965,1556,157409,3330,547334,28.8
disagg_fut,088691,"Gold, COMEX (GLD proxy)",managed_money,2020-03-31,156820,4222,152598,-4811,495652,30.8
disagg_fut,088691,"Gold, COMEX (GLD proxy)",managed_money,2020-04-07,157005,4523,152482,-116,480050,31.8
disagg_fut,088691,"Gold, COMEX (GLD proxy)",managed_money,2020-04-14,162412,7168,155244,2762,489965,31.7
disagg_fut,088691,"Gold, COMEX (GLD proxy)",managed_money,2020-04-21,155492,9221,146271,-8973,493158,29.7
disagg_fut,088691,"Gold, COMEX (GLD proxy)",managed_money,2020-04-28,154025,7619,146406,135,500816,29.2
disagg_fut,088691,"Gold, COMEX (GLD proxy)",managed_money,2020-05-05,142326,9085,133241,-13165,490343,27.2
disagg_fut,088691,"Gold, COMEX (GLD proxy)",managed_money,2020-05-12,144015,21798,122217,-11024,496739,24.6
disagg_fut,088691,"Gold, COMEX (GLD proxy)",managed_money,2020-05-19,153961,26897,127064,4847,528205,24.1
disagg_fut,088691,"Gold, COMEX (GLD proxy)",managed_money,2020-05-26,145566,32485,113081,-13983,519374,21.8
disagg_fut,088691,"Gold, COMEX (GLD proxy)",managed_money,2020-06-02,133655,33300,100355,-12726,475745,21.1
disagg_fut,088691,"Gold, COMEX (GLD proxy)",managed_money,2020-06-09,126407,35230,91177,-9178,475661,19.2
disagg_fut,088691,"Gold, COMEX (GLD proxy)",managed_money,2020-06-16,135945,31257,104688,13511,489563,21.4
disagg_fut,088691,"Gold, COMEX (GLD proxy)",managed_money,2020-06-23,161593,32078,129515,24827,532101,24.3
disagg_fut,088691,"Gold, COMEX (GLD proxy)",managed_money,2020-06-30,173526,34971,138555,9040,561628,24.7
disagg_fut,088691,"Gold, COMEX (GLD proxy)",managed_money,2020-07-07,179810,40467,139343,788,572776,24.3
disagg_fut,088691,"Gold, COMEX (GLD proxy)",managed_money,2020-07-14,177400,42427,134973,-4370,580175,23.3
disagg_fut,088691,"Gold, COMEX (GLD proxy)",managed_money,2020-07-21,181256,40987,140269,5296,603138,23.3
disagg_fut,088691,"Gold, COMEX (GLD proxy)",managed_money,2020-07-28,159894,42758,117136,-23133,598629,19.6
disagg_fut,088691,"Gold, COMEX (GLD proxy)",managed_money,2020-08-04,165357,51885,113472,-3664,561837,20.2
disagg_fut,088691,"Gold, COMEX (GLD proxy)",managed_money,2020-08-11,155418,57726,97692,-15780,553345,17.7
disagg_fut,088691,"Gold, COMEX (GLD proxy)",managed_money,2020-08-18,151016,55578,95438,-2254,544010,17.5
disagg_fut,088691,"Gold, COMEX (GLD proxy)",managed_money,2020-08-25,145055,58206,86849,-8589,549282,15.8
disagg_fut,088691,"Gold, COMEX (GLD proxy)",managed_money,2020-09-01,147175,49433,97742,10893,547704,17.8
disagg_fut,088691,"Gold, COMEX (GLD proxy)",managed_money,2020-09-08,155528,51236,104292,6550,557457,18.7
disagg_fut,088691,"Gold, COMEX (GLD proxy)",managed_money,2020-09-15,166571,55473,111098,6806,578925,19.2
disagg_fut,088691,"Gold, COMEX (GLD proxy)",managed_money,2020-09-22,144670,63222,81448,-29650,575877,14.1
disagg_fut,088691,"Gold, COMEX (GLD proxy)",managed_money,2020-09-29,140320,45948,94372,12924,562396,16.8
disagg_fut,088691,"Gold, COMEX (GLD proxy)",managed_money,2020-10-06,139350,44738,94612,240,555555,17.0
disagg_fut,088691,"Gold, COMEX (GLD proxy)",managed_money,2020-10-13,138169,56388,81781,-12831,553197,14.8
disagg_fut,088691,"Gold, COMEX (GLD proxy)",managed_money,2020-10-20,149108,58543,90565,8784,562993,16.1
disagg_fut,088691,"Gold, COMEX (GLD proxy)",managed_money,2020-10-27,149140,47265,101875,11310,560900,18.2
disagg_fut,088691,"Gold, COMEX (GLD proxy)",managed_money,2020-11-03,140094,49399,90695,-11180,544774,16.6
disagg_fut,088691,"Gold, COMEX (GLD proxy)",managed_money,2020-11-10,130105,50322,79783,-10912,547449,14.6
disagg_fut,088691,"Gold, COMEX (GLD proxy)",managed_money,2020-11-17,139550,49103,90447,10664,557533,16.2
disagg_fut,088691,"Gold, COMEX (GLD proxy)",managed_money,2020-11-24,137503,52155,85348,-5099,555253,15.4
disagg_fut,088691,"Gold, COMEX (GLD proxy)",managed_money,2020-12-01,134446,48903,85543,195,538042,15.9
disagg_fut,088691,"Gold, COMEX (GLD proxy)",managed_money,2020-12-08,147844,49033,98811,13268,549520,18.0
disagg_fut,088691,"Gold, COMEX (GLD proxy)",managed_money,2020-12-15,151901,50022,101879,3068,550366,18.5
disagg_fut,088691,"Gold, COMEX (GLD proxy)",managed_money,2020-12-21,158194,50070,108124,,560769,19.3
disagg_fut,088691,"Gold, COMEX (GLD proxy)",managed_money,2020-12-29,159673,50678,108995,,556414,19.6
disagg_fut,088691,"Gold, COMEX (GLD proxy)",managed_money,2021-01-05,167096,50527,116569,7574,568888,20.5
disagg_fut,088691,"Gold, COMEX (GLD proxy)",managed_money,2021-01-12,131057,52823,78234,-38335,555538,14.1
disagg_fut,088691,"Gold, COMEX (GLD proxy)",managed_money,2021-01-19,127161,49090,78071,-163,541330,14.4
disagg_fut,088691,"Gold, COMEX (GLD proxy)",managed_money,2021-01-26,142815,46416,96399,18328,534574,18.0
disagg_fut,088691,"Gold, COMEX (GLD proxy)",managed_money,2021-02-02,137062,49284,87778,-8621,520011,16.9
disagg_fut,088691,"Gold, COMEX (GLD proxy)",managed_money,2021-02-09,134733,47093,87640,-138,506741,17.3
disagg_fut,088691,"Gold, COMEX (GLD proxy)",managed_money,2021-02-16,125997,58041,67956,-19684,503016,13.5
disagg_fut,088691,"Gold, COMEX (GLD proxy)",managed_money,2021-02-23,125124,56001,69123,1167,481125,14.4
disagg_fut,088691,"Gold, COMEX (GLD proxy)",managed_money,2021-03-02,106608,60648,45960,-23163,467008,9.8
disagg_fut,088691,"Gold, COMEX (GLD proxy)",managed_money,2021-03-09,96223,66793,29430,-16530,473871,6.2
disagg_fut,088691,"Gold, COMEX (GLD proxy)",managed_money,2021-03-16,100669,59548,41121,11691,476467,8.6
disagg_fut,088691,"Gold, COMEX (GLD proxy)",managed_money,2021-03-23,107941,64420,43521,2400,485457,9.0
disagg_fut,088691,"Gold, COMEX (GLD proxy)",managed_money,2021-03-30,113009,69936,43073,-448,467321,9.2
disagg_fut,088691,"Gold, COMEX (GLD proxy)",managed_money,2021-04-06,121563,55091,66472,23399,463353,14.3
disagg_fut,088691,"Gold, COMEX (GLD proxy)",managed_money,2021-04-13,112070,58263,53807,-12665,460733,11.7
disagg_fut,088691,"Gold, COMEX (GLD proxy)",managed_money,2021-04-20,116843,60419,56424,2617,471738,12.0
disagg_fut,088691,"Gold, COMEX (GLD proxy)",managed_money,2021-04-27,117144,66493,50651,-5773,473305,10.7
disagg_fut,088691,"Gold, COMEX (GLD proxy)",managed_money,2021-05-04,117434,63809,53625,2974,470341,11.4
disagg_fut,088691,"Gold, COMEX (GLD proxy)",managed_money,2021-05-11,131295,49680,81615,27990,498693,16.4
disagg_fut,088691,"Gold, COMEX (GLD proxy)",managed_money,2021-05-18,141776,49786,91990,10375,520410,17.7
disagg_fut,088691,"Gold, COMEX (GLD proxy)",managed_money,2021-05-25,143862,36607,107255,15265,510164,21.0
disagg_fut,088691,"Gold, COMEX (GLD proxy)",managed_money,2021-06-01,147270,37297,109973,2718,489198,22.5
disagg_fut,088691,"Gold, COMEX (GLD proxy)",managed_money,2021-06-08,145037,37373,107664,-2309,491858,21.9
disagg_fut,088691,"Gold, COMEX (GLD proxy)",managed_money,2021-06-15,138546,41754,96792,-10872,480127,20.2
disagg_fut,088691,"Gold, COMEX (GLD proxy)",managed_money,2021-06-22,110038,47502,62536,-34256,453940,13.8
disagg_fut,088691,"Gold, COMEX (GLD proxy)",managed_money,2021-06-29,115438,54056,61382,-1154,453360,13.5
disagg_fut,088691,"Gold, COMEX (GLD proxy)",managed_money,2021-07-06,131218,53258,77960,16578,465811,16.7
disagg_fut,088691,"Gold, COMEX (GLD proxy)",managed_money,2021-07-13,135938,49647,86291,8331,495798,17.4
disagg_fut,088691,"Gold, COMEX (GLD proxy)",managed_money,2021-07-20,135163,44735,90428,4137,490520,18.4
disagg_fut,088691,"Gold, COMEX (GLD proxy)",managed_money,2021-07-27,131635,41405,90230,-198,500187,18.0
disagg_fut,088691,"Gold, COMEX (GLD proxy)",managed_money,2021-08-03,132920,43047,89873,-357,485663,18.5
disagg_fut,088691,"Gold, COMEX (GLD proxy)",managed_money,2021-08-10,111892,76489,35403,-54470,477232,7.4
disagg_fut,088691,"Gold, COMEX (GLD proxy)",managed_money,2021-08-17,117272,58194,59078,23675,485485,12.2
disagg_fut,088691,"Gold, COMEX (GLD proxy)",managed_money,2021-08-24,126636,51192,75444,16366,504735,14.9
disagg_fut,088691,"Gold, COMEX (GLD proxy)",managed_money,2021-08-31,136555,54878,81677,6233,507113,16.1
disagg_fut,088691,"Gold, COMEX (GLD proxy)",managed_money,2021-09-07,129044,61449,67595,-14082,506772,13.3
disagg_fut,088691,"Gold, COMEX (GLD proxy)",managed_money,2021-09-14,130837,59615,71222,3627,506356,14.1
disagg_fut,088691,"Gold, COMEX (GLD proxy)",managed_money,2021-09-21,119777,72933,46844,-24378,492765,9.5
disagg_fut,088691,"Gold, COMEX (GLD proxy)",managed_money,2021-09-28,118923,88062,30861,-15983,490858,6.3
disagg_fut,088691,"Gold, COMEX (GLD proxy)",managed_money,2021-10-05,126745,72579,54166,23305,483789,11.2
disagg_fut,088691,"Gold, COMEX (GLD proxy)",managed_money,2021-10-12,131668,73149,58519,4353,484382,12.1
disagg_fut,088691,"Gold, COMEX (GLD proxy)",managed_money,2021-10-19,124560,66761,57799,-720,485974,11.9
disagg_fut,088691,"Gold, COMEX (GLD proxy)",managed_money,2021-10-26,141280,54918,86362,28563,509794,16.9
disagg_fut,088691,"Gold, COMEX (GLD proxy)",managed_money,2021-11-02,136944,51705,85239,-1123,507616,16.8
disagg_fut,088691,"Gold, COMEX (GLD proxy)",managed_money,2021-11-09,168133,42523,125610,40371,571025,22.0
disagg_fut,088691,"Gold, COMEX (GLD proxy)",managed_money,2021-11-16,185468,43083,142385,16775,612612,23.2
disagg_fut,088691,"Gold, COMEX (GLD proxy)",managed_money,2021-11-23,152273,46934,105339,-37046,559823,18.8
disagg_fut,088691,"Gold, COMEX (GLD proxy)",managed_money,2021-11-30,137469,45384,92085,-13254,531868,17.3
disagg_fut,088691,"Gold, COMEX (GLD proxy)",managed_money,2021-12-07,125067,44326,80741,-11344,499307,16.2
disagg_fut,088691,"Gold, COMEX (GLD proxy)",managed_money,2021-12-14,121492,58075,63417,-17324,503709,12.6
disagg_fut,088691,"Gold, COMEX (GLD proxy)",managed_money,2021-12-21,124120,52372,71748,8331,500846,14.3
disagg_fut,088691,"Gold, COMEX (GLD proxy)",managed_money,2021-12-28,130389,46726,83663,11915,508912,16.4
disagg_fut,088691,"Gold, COMEX (GLD proxy)",managed_money,2022-01-04,124252,44744,79508,-4155,502717,15.8
disagg_fut,088691,"Gold, COMEX (GLD proxy)",managed_money,2022-01-11,119297,44987,74310,-5198,546516,13.6
disagg_fut,088691,"Gold, COMEX (GLD proxy)",managed_money,2022-01-18,119807,48014,71793,-2517,539204,13.3
disagg_fut,088691,"Gold, COMEX (GLD proxy)",managed_money,2022-01-25,140640,39265,101375,29582,572078,17.7
disagg_fut,088691,"Gold, COMEX (GLD proxy)",managed_money,2022-02-01,108309,58395,49914,-51461,515331,9.7
disagg_fut,088691,"Gold, COMEX (GLD proxy)",managed_money,2022-02-08,117234,47767,69467,19553,512842,13.5
disagg_fut,088691,"Gold, COMEX (GLD proxy)",managed_money,2022-02-15,151530,43824,107706,38239,558645,19.3
disagg_fut,088691,"Gold, COMEX (GLD proxy)",managed_money,2022-02-22,183356,44380,138976,31270,611488,22.7
disagg_fut,088691,"Gold, COMEX (GLD proxy)",managed_money,2022-03-01,187215,38594,148621,9645,615600,24.1
disagg_fut,088691,"Gold, COMEX (GLD proxy)",managed_money,2022-03-08,181510,38537,142973,-5648,638502,22.4
disagg_fut,088691,"Gold, COMEX (GLD proxy)",managed_money,2022-03-15,165597,39060,126537,-16436,617605,20.5
disagg_fut,088691,"Gold, COMEX (GLD proxy)",managed_money,2022-03-22,152589,37457,115132,-11405,605191,19.0
disagg_fut,088691,"Gold, COMEX (GLD proxy)",managed_money,2022-03-29,146486,38184,108302,-6830,574521,18.9
disagg_fut,088691,"Gold, COMEX (GLD proxy)",managed_money,2022-04-05,148320,46693,101627,-6675,560666,18.1
disagg_fut,088691,"Gold, COMEX (GLD proxy)",managed_money,2022-04-12,165244,48219,117025,15398,577639,20.3
disagg_fut,088691,"Gold, COMEX (GLD proxy)",managed_money,2022-04-19,157560,56294,101266,-15759,575202,17.6
disagg_fut,088691,"Gold, COMEX (GLD proxy)",managed_money,2022-04-26,138215,57098,81117,-20149,557785,14.5
disagg_fut,088691,"Gold, COMEX (GLD proxy)",managed_money,2022-05-03,128828,60981,67847,-13270,560441,12.1
disagg_fut,088691,"Gold, COMEX (GLD proxy)",managed_money,2022-05-10,123931,61939,61992,-5855,571447,10.8
disagg_fut,088691,"Gold, COMEX (GLD proxy)",managed_money,2022-05-17,115572,72212,43360,-18632,555756,7.8
disagg_fut,088691,"Gold, COMEX (GLD proxy)",managed_money,2022-05-24,121174,60117,61057,17697,530098,11.5
disagg_fut,088691,"Gold, COMEX (GLD proxy)",managed_money,2022-05-31,112731,61938,50793,-10264,513722,9.9
disagg_fut,088691,"Gold, COMEX (GLD proxy)",managed_money,2022-06-07,115215,57684,57531,6738,494130,11.6
disagg_fut,088691,"Gold, COMEX (GLD proxy)",managed_money,2022-06-14,109111,72206,36905,-20626,497456,7.4
disagg_fut,088691,"Gold, COMEX (GLD proxy)",managed_money,2022-06-21,113220,63417,49803,12898,500276,10.0
disagg_fut,088691,"Gold, COMEX (GLD proxy)",managed_money,2022-06-28,110850,74748,36102,-13701,497005,7.3
disagg_fut,088691,"Gold, COMEX (GLD proxy)",managed_money,2022-07-05,103472,86438,17034,-19068,498210,3.4
disagg_fut,088691,"Gold, COMEX (GLD proxy)",managed_money,2022-07-12,91669,97802,-6133,-23167,542493,-1.1
disagg_fut,088691,"Gold, COMEX (GLD proxy)",managed_money,2022-07-19,91056,109794,-18738,-12605,524786,-3.6
disagg_fut,088691,"Gold, COMEX (GLD proxy)",managed_money,2022-07-26,92216,111309,-19093,-355,487515,-3.9
disagg_fut,088691,"Gold, COMEX (GLD proxy)",managed_money,2022-08-02,96634,80779,15855,34948,459649,3.4
disagg_fut,088691,"Gold, COMEX (GLD proxy)",managed_money,2022-08-09,100013,59279,40734,24879,453540,9.0
disagg_fut,088691,"Gold, COMEX (GLD proxy)",managed_money,2022-08-16,96765,60392,36373,-4361,453960,8.0
disagg_fut,088691,"Gold, COMEX (GLD proxy)",managed_money,2022-08-23,95850,73739,22111,-14262,457762,4.8
disagg_fut,088691,"Gold, COMEX (GLD proxy)",managed_money,2022-08-30,91761,79973,11788,-10323,459165,2.6
disagg_fut,088691,"Gold, COMEX (GLD proxy)",managed_money,2022-09-06,85842,92804,-6962,-18750,465908,-1.5
disagg_fut,088691,"Gold, COMEX (GLD proxy)",managed_money,2022-09-13,80300,98637,-18337,-11375,463674,-4.0
disagg_fut,088691,"Gold, COMEX (GLD proxy)",managed_money,2022-09-20,78544,115239,-36695,-18358,469395,-7.8
disagg_fut,088691,"Gold, COMEX (GLD proxy)",managed_money,2022-09-27,74171,117265,-43094,-6399,457061,-9.4
disagg_fut,088691,"Gold, COMEX (GLD proxy)",managed_money,2022-10-04,82806,89681,-6875,36219,437065,-1.6
disagg_fut,088691,"Gold, COMEX (GLD proxy)",managed_money,2022-10-11,78365,83945,-5580,1295,431395,-1.3
disagg_fut,088691,"Gold, COMEX (GLD proxy)",managed_money,2022-10-18,73344,99042,-25698,-20118,434701,-5.9
disagg_fut,088691,"Gold, COMEX (GLD proxy)",managed_money,2022-10-25,72016,110804,-38788,-13090,456072,-8.5
disagg_fut,088691,"Gold, COMEX (GLD proxy)",managed_money,2022-11-01,78213,119614,-41401,-2613,467276,-8.9
disagg_fut,088691,"Gold, COMEX (GLD proxy)",managed_money,2022-11-08,88059,104405,-16346,25055,488471,-3.3
disagg_fut,088691,"Gold, COMEX (GLD proxy)",managed_money,2022-11-15,95065,69608,25457,41803,495171,5.1
disagg_fut,088691,"Gold, COMEX (GLD proxy)",managed_money,2022-11-22,92161,72730,19431,-6026,449542,4.3
disagg_fut,088691,"Gold, COMEX (GLD proxy)",managed_money,2022-11-29,88032,73312,14720,-4711,433661,3.4
disagg_fut,088691,"Gold, COMEX (GLD proxy)",managed_money,2022-12-06,93629,70142,23487,8767,422100,5.6
disagg_fut,088691,"Gold, COMEX (GLD proxy)",managed_money,2022-12-13,103737,66288,37449,13962,437040,8.6
disagg_fut,088691,"Gold, COMEX (GLD proxy)",managed_money,2022-12-20,104813,65718,39095,1646,436653,9.0
disagg_fut,088691,"Gold, COMEX (GLD proxy)",managed_money,2022-12-27,106983,56106,50877,11782,440040,11.6
disagg_fut,088691,"Gold, COMEX (GLD proxy)",managed_money,2023-01-03,109140,54559,54581,3704,449393,12.1
disagg_fut,088691,"Gold, COMEX (GLD proxy)",managed_money,2023-01-10,116604,54795,61809,7228,481519,12.8
disagg_fut,088691,"Gold, COMEX (GLD proxy)",managed_money,2023-01-17,124222,54845,69377,7568,491818,14.1
disagg_fut,088691,"Gold, COMEX (GLD proxy)",managed_money,2023-01-24,131501,51622,79879,10502,499927,16.0
disagg_fut,088691,"Gold, COMEX (GLD proxy)",managed_money,2023-01-31,138125,53678,84447,4568,471642,17.9
disagg_fut,088691,"Gold, COMEX (GLD proxy)",managed_money,2023-02-07,115521,55945,59576,-24871,439755,13.5
disagg_fut,088691,"Gold, COMEX (GLD proxy)",managed_money,2023-02-14,106106,64933,41173,-18403,426116,9.7
disagg_fut,088691,"Gold, COMEX (GLD proxy)",managed_money,2023-02-21,104710,68004,36706,-4467,422648,8.7
disagg_fut,088691,"Gold, COMEX (GLD proxy)",managed_money,2023-02-28,99425,72850,26575,-10131,426890,6.2
disagg_fut,088691,"Gold, COMEX (GLD proxy)",managed_money,2023-03-07,103439,89040,14399,-12176,458474,3.1
disagg_fut,088691,"Gold, COMEX (GLD proxy)",managed_money,2023-03-14,118560,58839,59721,45322,459064,13.0
disagg_fut,088691,"Gold, COMEX (GLD proxy)",managed_money,2023-03-21,125090,43861,81229,21508,469874,17.3
disagg_fut,088691,"Gold, COMEX (GLD proxy)",managed_money,2023-03-28,130530,31370,99160,17931,478611,20.7
disagg_fut,088691,"Gold, COMEX (GLD proxy)",managed_money,2023-04-04,142348,32217,110131,10971,476592,23.1
disagg_fut,088691,"Gold, COMEX (GLD proxy)",managed_money,2023-04-11,135015,30409,104606,-5525,476567,21.9
disagg_fut,088691,"Gold, COMEX (GLD proxy)",managed_money,2023-04-18,137170,34474,102696,-1910,482254,21.3
disagg_fut,088691,"Gold, COMEX (GLD proxy)",managed_money,2023-04-25,135979,33176,102803,107,473209,21.7
disagg_fut,088691,"Gold, COMEX (GLD proxy)",managed_money,2023-05-02,143191,29401,113790,10987,493804,23.0
disagg_fut,088691,"Gold, COMEX (GLD proxy)",managed_money,2023-05-09,143463,32477,110986,-2804,518951,21.4
disagg_fut,088691,"Gold, COMEX (GLD proxy)",managed_money,2023-05-16,139786,35803,103983,-7003,521832,19.9
disagg_fut,088691,"Gold, COMEX (GLD proxy)",managed_money,2023-05-23,128550,35411,93139,-10844,479080,19.4
disagg_fut,088691,"Gold, COMEX (GLD proxy)",managed_money,2023-05-30,122904,36201,86703,-6436,449515,19.3
disagg_fut,088691,"Gold, COMEX (GLD proxy)",managed_money,2023-06-06,120985,27557,93428,6725,436301,21.4
disagg_fut,088691,"Gold, COMEX (GLD proxy)",managed_money,2023-06-13,110512,35869,74643,-18785,432898,17.2
disagg_fut,088691,"Gold, COMEX (GLD proxy)",managed_money,2023-06-20,110314,34275,76039,1396,438037,17.4
disagg_fut,088691,"Gold, COMEX (GLD proxy)",managed_money,2023-06-27,108209,38534,69675,-6364,431861,16.1
disagg_fut,088691,"Gold, COMEX (GLD proxy)",managed_money,2023-07-03,123017,39869,83148,,448063,18.6
disagg_fut,088691,"Gold, COMEX (GLD proxy)",managed_money,2023-07-11,124394,41951,82443,,483170,17.1
disagg_fut,088691,"Gold, COMEX (GLD proxy)",managed_money,2023-07-18,147644,32326,115318,32875,482104,23.9
disagg_fut,088691,"Gold, COMEX (GLD proxy)",managed_money,2023-07-25,132603,37316,95287,-20031,476176,20.0
disagg_fut,088691,"Gold, COMEX (GLD proxy)",managed_money,2023-08-01,123802,43793,80009,-15278,439383,18.2
disagg_fut,088691,"Gold, COMEX (GLD proxy)",managed_money,2023-08-08,114585,55979,58606,-21403,427759,13.7
disagg_fut,088691,"Gold, COMEX (GLD proxy)",managed_money,2023-08-15,113146,83610,29536,-29070,433611,6.8
disagg_fut,088691,"Gold, COMEX (GLD proxy)",managed_money,2023-08-22,105085,95976,9109,-20427,430239,2.1
disagg_fut,088691,"Gold, COMEX (GLD proxy)",managed_money,2023-08-29,120609,81367,39242,30133,442806,8.9
disagg_fut,088691,"Gold, COMEX (GLD proxy)",managed_money,2023-09-05,120222,69857,50365,11123,438672,11.5
disagg_fut,088691,"Gold, COMEX (GLD proxy)",managed_money,2023-09-12,117737,83166,34571,-15794,441221,7.8
disagg_fut,088691,"Gold, COMEX (GLD proxy)",managed_money,2023-09-19,121172,73782,47390,12819,438078,10.8
disagg_fut,088691,"Gold, COMEX (GLD proxy)",managed_money,2023-09-26,114668,91230,23438,-23952,435620,5.4
disagg_fut,088691,"Gold, COMEX (GLD proxy)",managed_money,2023-10-03,100500,108061,-7561,-30999,431226,-1.8
disagg_fut,088691,"Gold, COMEX (GLD proxy)",managed_money,2023-10-10,93934,120701,-26767,-19206,436499,-6.1
disagg_fut,088691,"Gold, COMEX (GLD proxy)",managed_money,2023-10-17,104708,89605,15103,41870,439581,3.4
disagg_fut,088691,"Gold, COMEX (GLD proxy)",managed_money,2023-10-24,122456,66708,55748,40645,463476,12.0
disagg_fut,088691,"Gold, COMEX (GLD proxy)",managed_money,2023-10-31,140111,65271,74840,19092,475808,15.7
disagg_fut,088691,"Gold, COMEX (GLD proxy)",managed_money,2023-11-07,140609,62374,78235,3395,484347,16.2
disagg_fut,088691,"Gold, COMEX (GLD proxy)",managed_money,2023-11-14,132924,68609,64315,-13920,486634,13.2
disagg_fut,088691,"Gold, COMEX (GLD proxy)",managed_money,2023-11-21,144381,65246,79135,14820,508429,15.6
disagg_fut,088691,"Gold, COMEX (GLD proxy)",managed_money,2023-11-28,169695,54802,114893,35758,505658,22.7
disagg_fut,088691,"Gold, COMEX (GLD proxy)",managed_money,2023-12-05,159907,50520,109387,-5506,487469,22.4
disagg_fut,088691,"Gold, COMEX (GLD proxy)",managed_money,2023-12-12,149634,54106,95528,-13859,469939,20.3
disagg_fut,088691,"Gold, COMEX (GLD proxy)",managed_money,2023-12-19,155697,47421,108276,12748,481203,22.5
disagg_fut,088691,"Gold, COMEX (GLD proxy)",managed_money,2023-12-26,152801,46347,106454,-1822,491343,21.7
disagg_fut,088691,"Gold, COMEX (GLD proxy)",managed_money,2024-01-02,154384,45235,109149,2695,500364,21.8
disagg_fut,088691,"Gold, COMEX (GLD proxy)",managed_money,2024-01-09,134333,45874,88459,-20690,489849,18.1
disagg_fut,088691,"Gold, COMEX (GLD proxy)",managed_money,2024-01-16,130931,47702,83229,-5230,489334,17.0
disagg_fut,088691,"Gold, COMEX (GLD proxy)",managed_money,2024-01-23,111298,50265,61033,-22196,465872,13.1
disagg_fut,088691,"Gold, COMEX (GLD proxy)",managed_money,2024-01-30,108093,52069,56024,-5009,430328,13.0
disagg_fut,088691,"Gold, COMEX (GLD proxy)",managed_money,2024-02-06,114316,46247,68069,12045,419121,16.2
disagg_fut,088691,"Gold, COMEX (GLD proxy)",managed_money,2024-02-13,100642,66466,34176,-33893,420812,8.1
disagg_fut,088691,"Gold, COMEX (GLD proxy)",managed_money,2024-02-20,98840,48917,49923,15747,407063,12.3
disagg_fut,088691,"Gold, COMEX (GLD proxy)",managed_money,2024-02-27,103885,47732,56153,6230,411195,13.7
disagg_fut,088691,"Gold, COMEX (GLD proxy)",managed_money,2024-03-05,145106,35343,109763,53610,471616,23.3
disagg_fut,088691,"Gold, COMEX (GLD proxy)",managed_money,2024-03-12,173994,32911,141083,31320,516057,27.3
disagg_fut,088691,"Gold, COMEX (GLD proxy)",managed_money,2024-03-19,172588,29692,142896,1813,535047,26.7
disagg_fut,088691,"Gold, COMEX (GLD proxy)",managed_money,2024-03-26,163006,27211,135795,-7101,503642,27.0
disagg_fut,088691,"Gold, COMEX (GLD proxy)",managed_money,2024-04-02,173073,25993,147080,11285,500045,29.4
disagg_fut,088691,"Gold, COMEX (GLD proxy)",managed_money,2024-04-09,174617,32885,141732,-5348,505214,28.1
disagg_fut,088691,"Gold, COMEX (GLD proxy)",managed_money,2024-04-16,169910,35174,134736,-6996,517193,26.1
disagg_fut,088691,"Gold, COMEX (GLD proxy)",managed_money,2024-04-23,176400,34261,142139,7403,516249,27.5
disagg_fut,088691,"Gold, COMEX (GLD proxy)",managed_money,2024-04-30,171853,36826,135027,-7112,519791,26.0
disagg_fut,088691,"Gold, COMEX (GLD proxy)",managed_money,2024-05-07,164780,38681,126099,-8928,529835,23.8
disagg_fut,088691,"Gold, COMEX (GLD proxy)",managed_money,2024-05-14,171868,41433,130435,4336,522952,24.9
disagg_fut,088691,"Gold, COMEX (GLD proxy)",managed_money,2024-05-21,190605,42082,148523,18088,530591,28.0
disagg_fut,088691,"Gold, COMEX (GLD proxy)",managed_money,2024-05-28,174444,25616,148828,305,485430,30.7
disagg_fut,088691,"Gold, COMEX (GLD proxy)",managed_money,2024-06-04,172560,20261,152299,3471,447488,34.0
disagg_fut,088691,"Gold, COMEX (GLD proxy)",managed_money,2024-06-11,168424,15459,152965,666,436857,35.0
disagg_fut,088691,"Gold, COMEX (GLD proxy)",managed_money,2024-06-18,177639,17018,160621,7656,444345,36.1
disagg_fut,088691,"Gold, COMEX (GLD proxy)",managed_money,2024-06-25,174756,16554,158202,-2419,452190,35.0
disagg_fut,088691,"Gold, COMEX (GLD proxy)",managed_money,2024-07-02,167688,16873,150815,-7387,454730,33.2
disagg_fut,088691,"Gold, COMEX (GLD proxy)",managed_money,2024-07-09,181982,24515,157467,6652,516324,30.5
disagg_fut,088691,"Gold, COMEX (GLD proxy)",managed_money,2024-07-16,216502,31970,184532,27065,579862,31.8
disagg_fut,088691,"Gold, COMEX (GLD proxy)",managed_money,2024-07-23,197802,34942,162860,-21672,572306,28.5
disagg_fut,088691,"Gold, COMEX (GLD proxy)",managed_money,2024-07-30,185586,33222,152364,-10496,510914,29.8
disagg_fut,088691,"Gold, COMEX (GLD proxy)",managed_money,2024-08-06,180303,29517,150786,-1578,480645,31.4
disagg_fut,088691,"Gold, COMEX (GLD proxy)",managed_money,2024-08-13,203844,25929,177915,27129,505872,35.2
disagg_fut,088691,"Gold, COMEX (GLD proxy)",managed_money,2024-08-20,222142,28837,193305,15390,532867,36.3
disagg_fut,088691,"Gold, COMEX (GLD proxy)",managed_money,2024-08-27,217976,17685,200291,6986,521759,38.4
disagg_fut,088691,"Gold, COMEX (GLD proxy)",managed_money,2024-09-03,212086,19996,192090,-8201,511136,37.6
disagg_fut,088691,"Gold, COMEX (GLD proxy)",managed_money,2024-09-10,213645,23190,190455,-1635,511501,37.2
disagg_fut,088691,"Gold, COMEX (GLD proxy)",managed_money,2024-09-17,241844,25489,216355,25900,537627,40.2
disagg_fut,088691,"Gold, COMEX (GLD proxy)",managed_money,2024-09-24,256435,37406,219029,2674,564640,38.8
disagg_fut,088691,"Gold, COMEX (GLD proxy)",managed_money,2024-10-01,247867,33405,214462,-4567,533107,40.2
disagg_fut,088691,"Gold, COMEX (GLD proxy)",managed_money,2024-10-08,227596,33537,194059,-20403,520316,37.3
disagg_fut,088691,"Gold, COMEX (GLD proxy)",managed_money,2024-10-15,233871,34450,199421,5362,541232,36.8
disagg_fut,088691,"Gold, COMEX (GLD proxy)",managed_money,2024-10-22,242427,37267,205160,5739,573760,35.8
disagg_fut,088691,"Gold, COMEX (GLD proxy)",managed_money,2024-10-29,234856,39683,195173,-9987,579468,33.7
disagg_fut,088691,"Gold, COMEX (GLD proxy)",managed_money,2024-11-05,219687,36684,183003,-12170,558034,32.8
disagg_fut,088691,"Gold, COMEX (GLD proxy)",managed_money,2024-11-12,203661,38365,165296,-17707,535981,30.8
disagg_fut,088691,"Gold, COMEX (GLD proxy)",managed_money,2024-11-19,193355,38181,155174,-10122,502952,30.9
disagg_fut,088691,"Gold, COMEX (GLD proxy)",managed_money,2024-11-26,203596,24306,179290,24116,472660,37.9
disagg_fut,088691,"Gold, COMEX (GLD proxy)",managed_money,2024-12-03,203580,22845,180735,1445,462040,39.1
disagg_fut,088691,"Gold, COMEX (GLD proxy)",managed_money,2024-12-10,218482,22404,196078,15343,483346,40.6
disagg_fut,088691,"Gold, COMEX (GLD proxy)",managed_money,2024-12-17,201880,18378,183502,-12576,466571,39.3
disagg_fut,088691,"Gold, COMEX (GLD proxy)",managed_money,2024-12-24,186099,20602,165497,-18005,454646,36.4
disagg_fut,088691,"Gold, COMEX (GLD proxy)",managed_money,2024-12-31,182128,15959,166169,672,458584,36.2
disagg_fut,088691,"Gold, COMEX (GLD proxy)",managed_money,2025-01-07,191873,14232,177641,11472,477043,37.2
disagg_fut,088691,"Gold, COMEX (GLD proxy)",managed_money,2025-01-14,206968,11346,195622,17981,526467,37.2
disagg_fut,088691,"Gold, COMEX (GLD proxy)",managed_money,2025-01-21,226964,11095,215869,20247,571387,37.8
disagg_fut,088691,"Gold, COMEX (GLD proxy)",managed_money,2025-01-28,227871,17331,210540,-5329,577505,36.5
disagg_fut,088691,"Gold, COMEX (GLD proxy)",managed_money,2025-02-04,240485,30952,209533,-1007,542004,38.7
disagg_fut,088691,"Gold, COMEX (GLD proxy)",managed_money,2025-02-11,229071,34268,194803,-14730,528719,36.8
disagg_fut,088691,"Gold, COMEX (GLD proxy)",managed_money,2025-02-18,222538,37209,185329,-9474,522330,35.5
disagg_fut,088691,"Gold, COMEX (GLD proxy)",managed_money,2025-02-25,212694,32882,179812,-5517,512179,35.1
disagg_fut,088691,"Gold, COMEX (GLD proxy)",managed_money,2025-03-04,204965,38307,166658,-13154,489270,34.1
disagg_fut,088691,"Gold, COMEX (GLD proxy)",managed_money,2025-03-11,204907,37331,167576,918,511276,32.8
disagg_fut,088691,"Gold, COMEX (GLD proxy)",managed_money,2025-03-18,220879,37045,183834,16258,533566,34.5
disagg_fut,088691,"Gold, COMEX (GLD proxy)",managed_money,2025-03-25,213505,38773,174732,-9102,511482,34.2
disagg_fut,088691,"Gold, COMEX (GLD proxy)",managed_money,2025-04-01,204833,62834,141999,-32733,498746,28.5
disagg_fut,088691,"Gold, COMEX (GLD proxy)",managed_money,2025-04-08,175393,44407,130986,-11013,445468,29.4
disagg_fut,088691,"Gold, COMEX (GLD proxy)",managed_money,2025-04-15,168400,43546,124854,-6132,456628,27.3
disagg_fut,088691,"Gold, COMEX (GLD proxy)",managed_money,2025-04-22,166360,45458,120902,-3952,465351,26.0
disagg_fut,088691,"Gold, COMEX (GLD proxy)",managed_money,2025-04-29,150715,44820,105895,-15007,451868,23.4
disagg_fut,088691,"Gold, COMEX (GLD proxy)",managed_money,2025-05-06,144383,42292,102091,-3804,452414,22.6
disagg_fut,088691,"Gold, COMEX (GLD proxy)",managed_money,2025-05-13,144410,43183,101227,-864,440842,23.0
disagg_fut,088691,"Gold, COMEX (GLD proxy)",managed_money,2025-05-20,149149,41520,107629,6402,448000,24.0
disagg_fut,088691,"Gold, COMEX (GLD proxy)",managed_money,2025-05-27,147502,36686,110816,3187,437538,25.3
disagg_fut,088691,"Gold, COMEX (GLD proxy)",managed_money,2025-06-03,159966,36384,123582,12766,415941,29.7
disagg_fut,088691,"Gold, COMEX (GLD proxy)",managed_money,2025-06-10,160680,36589,124091,509,417143,29.7
disagg_fut,088691,"Gold, COMEX (GLD proxy)",managed_money,2025-06-17,167646,37135,130511,6420,441214,29.6
disagg_fut,088691,"Gold, COMEX (GLD proxy)",managed_money,2025-06-24,163829,38701,125128,-5383,434958,28.8
disagg_fut,088691,"Gold, COMEX (GLD proxy)",managed_money,2025-07-01,165086,34726,130360,5232,437662,29.8
disagg_fut,088691,"Gold, COMEX (GLD proxy)",managed_money,2025-07-08,164685,35743,128942,-1418,443144,29.1
disagg_fut,088691,"Gold, COMEX (GLD proxy)",managed_money,2025-07-15,172657,35930,136727,7785,448531,30.5
disagg_fut,088691,"Gold, COMEX (GLD proxy)",managed_money,2025-07-22,194753,34819,159934,23207,489423,32.7
disagg_fut,088691,"Gold, COMEX (GLD proxy)",managed_money,2025-07-29,170918,36662,134256,-25678,445259,30.2
disagg_fut,088691,"Gold, COMEX (GLD proxy)",managed_money,2025-08-05,186304,32317,153987,19731,449647,34.2
disagg_fut,088691,"Gold, COMEX (GLD proxy)",managed_money,2025-08-12,182337,34050,148287,-5700,446152,33.2
disagg_fut,088691,"Gold, COMEX (GLD proxy)",managed_money,2025-08-19,173388,36003,137385,-10902,438541,31.3
disagg_fut,088691,"Gold, COMEX (GLD proxy)",managed_money,2025-08-26,175494,33577,141917,4532,443760,32.0
disagg_fut,088691,"Gold, COMEX (GLD proxy)",managed_money,2025-09-02,196127,34625,161502,19585,492908,32.8
disagg_fut,088691,"Gold, COMEX (GLD proxy)",managed_money,2025-09-09,198907,35388,163519,2017,509625,32.1
disagg_fut,088691,"Gold, COMEX (GLD proxy)",managed_money,2025-09-16,195347,36376,158971,-4548,516221,30.8
disagg_fut,088691,"Gold, COMEX (GLD proxy)",managed_money,2025-09-23,198826,38277,160549,1578,528789,30.4
disagg_fut,088691,"Gold, COMEX (GLD proxy)",managed_money,2025-09-30,184199,38972,145227,-15322,493748,29.4
disagg_fut,088691,"Gold, COMEX (GLD proxy)",managed_money,2025-10-07,170587,40828,129759,-15468,485559,26.7
disagg_fut,088691,"Gold, COMEX (GLD proxy)",managed_money,2025-10-14,152187,43877,108310,-21449,485788,22.3
disagg_fut,088691,"Gold, COMEX (GLD proxy)",managed_money,2025-10-21,135503,43276,92227,-16083,472421,19.5
disagg_fut,088691,"Gold, COMEX (GLD proxy)",managed_money,2025-10-28,138605,34446,104159,11932,457122,22.8
disagg_fut,088691,"Gold, COMEX (GLD proxy)",managed_money,2025-11-04,130688,30143,100545,-3614,450399,22.3
disagg_fut,088691,"Gold, COMEX (GLD proxy)",managed_money,2025-11-10,134155,30068,104087,,459997,22.6
disagg_fut,088691,"Gold, COMEX (GLD proxy)",managed_money,2025-11-18,130222,32017,98205,,471953,20.8
disagg_fut,088691,"Gold, COMEX (GLD proxy)",managed_money,2025-11-25,136979,27670,109309,11104,432946,25.2
disagg_fut,088691,"Gold, COMEX (GLD proxy)",managed_money,2025-12-02,140143,19819,120324,11015,418490,28.8
disagg_fut,088691,"Gold, COMEX (GLD proxy)",managed_money,2025-12-09,143383,19835,123548,3224,432569,28.6
disagg_fut,088691,"Gold, COMEX (GLD proxy)",managed_money,2025-12-16,152873,20277,132596,9048,471093,28.1
disagg_fut,088691,"Gold, COMEX (GLD proxy)",managed_money,2025-12-23,160581,24311,136270,3674,492103,27.7
disagg_fut,088691,"Gold, COMEX (GLD proxy)",managed_money,2025-12-30,148642,22602,126040,-10230,481866,26.2
disagg_fut,088691,"Gold, COMEX (GLD proxy)",managed_money,2026-01-06,146445,23232,123213,-2827,488116,25.2
disagg_fut,088691,"Gold, COMEX (GLD proxy)",managed_money,2026-01-13,158825,24080,134745,11532,527455,25.5
disagg_fut,088691,"Gold, COMEX (GLD proxy)",managed_money,2026-01-20,163668,26224,137444,2699,528004,26.0
disagg_fut,088691,"Gold, COMEX (GLD proxy)",managed_money,2026-01-27,143321,25162,118159,-19285,488463,24.2
disagg_fut,088691,"Gold, COMEX (GLD proxy)",managed_money,2026-02-03,118936,26864,92072,-26087,409694,22.5
disagg_fut,088691,"Gold, COMEX (GLD proxy)",managed_money,2026-02-10,119232,27210,92022,-50,404391,22.8
disagg_fut,088691,"Gold, COMEX (GLD proxy)",managed_money,2026-02-17,123011,27118,95893,3871,407078,23.6
disagg_fut,088691,"Gold, COMEX (GLD proxy)",managed_money,2026-02-24,121233,25259,95974,81,420182,22.8
disagg_fut,088691,"Gold, COMEX (GLD proxy)",managed_money,2026-03-03,123456,25539,97917,1943,409789,23.9
disagg_fut,088691,"Gold, COMEX (GLD proxy)",managed_money,2026-03-10,125077,26678,98399,482,413956,23.8
disagg_fut,088691,"Gold, COMEX (GLD proxy)",managed_money,2026-03-17,130147,28104,102043,3644,411388,24.8
disagg_fut,088691,"Gold, COMEX (GLD proxy)",managed_money,2026-03-24,119562,27941,91621,-10422,403925,22.7
disagg_fut,088691,"Gold, COMEX (GLD proxy)",managed_money,2026-03-31,120092,27278,92814,1193,361409,25.7
disagg_fut,088691,"Gold, COMEX (GLD proxy)",managed_money,2026-04-07,120726,30694,90032,-2782,354877,25.4
disagg_fut,088691,"Gold, COMEX (GLD proxy)",managed_money,2026-04-14,125422,30281,95141,5109,362274,26.3
disagg_fut,088691,"Gold, COMEX (GLD proxy)",managed_money,2026-04-21,123681,30705,92976,-2165,365842,25.4
disagg_fut,088691,"Gold, COMEX (GLD proxy)",managed_money,2026-04-28,122257,32505,89752,-3224,369530,24.3
disagg_fut,088691,"Gold, COMEX (GLD proxy)",managed_money,2026-05-05,123353,29099,94254,4502,367932,25.6
disagg_fut,088691,"Gold, COMEX (GLD proxy)",managed_money,2026-05-12,127242,29227,98015,3761,376496,26.0
disagg_fut,088691,"Gold, COMEX (GLD proxy)",managed_money,2026-05-19,122894,29354,93540,-4475,379325,24.7
disagg_fut,088691,"Gold, COMEX (GLD proxy)",managed_money,2026-05-26,124277,26831,97446,3906,353489,27.6
disagg_fut,088691,"Gold, COMEX (GLD proxy)",managed_money,2026-06-02,129367,17188,112179,14733,326052,34.4
disagg_fut,088691,"Gold, COMEX (GLD proxy)",managed_money,2026-06-09,126280,20417,105863,-6316,332709,31.8
disagg_fut,088691,"Gold, COMEX (GLD proxy)",managed_money,2026-06-16,128043,14322,113721,7858,339330,33.5
disagg_fut,088691,"Gold, COMEX (GLD proxy)",managed_money,2026-06-23,131102,15707,115395,1674,352167,32.8
disagg_fut,088691,"Gold, COMEX (GLD proxy)",managed_money,2026-06-30,134577,14486,120091,4696,369541,32.5
disagg_fut,088691,"Gold, COMEX (GLD proxy)",managed_money,2026-07-07,134941,18780,116161,-3930,371776,31.2
disagg_fut,088691,"Gold, COMEX (GLD proxy)",managed_money,2026-07-14,136905,16126,120779,4618,383689,31.5
disagg_fut,088691,"Gold, COMEX (GLD proxy)",managed_money,2026-07-21,141487,16656,124831,4052,383368,32.6
disagg_fut,088691,"Gold, COMEX (GLD proxy)",managed_money,2026-07-28,135093,15298,119795,-5036,384603,31.1
disagg_fut,088691,"Gold, COMEX (GLD proxy)",managed_money,2026-08-04,139809,9043,130766,10971,371551,35.2
disagg_fut,088691,"Gold, COMEX (GLD proxy)",managed_money,2026-08-11,148634,10972,137662,6896,400309,34.4
disagg_fut,088691,"Gold, COMEX (GLD proxy)",managed_money,2026-08-18,154595,12947,141648,3986,406260,34.9
disagg_fut,088691,"Gold, COMEX (GLD proxy)",managed_money,2026-08-25,159819,15072,144747,3099,427957,33.8
disagg_fut,088691,"Gold, COMEX (GLD proxy)",managed_money,2026-09-01,149721,12950,136771,-7976,415196,32.9
disagg_fut,088691,"Gold, COMEX (GLD proxy)",managed_money,2026-09-08,145804,10832,134972,-1799,411227,32.8
disagg_fut,088691,"Gold, COMEX (GLD proxy)",managed_money,2026-09-15,142394,9278,133116,-1856,409899,32.5
disagg_fut,088691,"Gold, COMEX (GLD proxy)",nonreportable,2006-06-13,46632,11518,35114,,288981,12.2
disagg_fut,088691,"Gold, COMEX (GLD proxy)",nonreportable,2006-06-20,44571,12521,32050,-3064,288148,11.1
disagg_fut,088691,"Gold, COMEX (GLD proxy)",nonreportable,2006-06-27,47827,17210,30617,-1433,292789,10.5
disagg_fut,088691,"Gold, COMEX (GLD proxy)",nonreportable,2006-07-03,44854,14607,30247,,292500,10.3
disagg_fut,088691,"Gold, COMEX (GLD proxy)",nonreportable,2006-07-11,44878,14760,30118,,312684,9.6
disagg_fut,088691,"Gold, COMEX (GLD proxy)",nonreportable,2006-07-18,49757,17040,32717,2599,324276,10.1
disagg_fut,088691,"Gold, COMEX (GLD proxy)",nonreportable,2006-07-25,47839,9905,37934,5217,315635,12.0
disagg_fut,088691,"Gold, COMEX (GLD proxy)",nonreportable,2006-08-01,49636,13964,35672,-2262,304907,11.7
disagg_fut,088691,"Gold, COMEX (GLD proxy)",nonreportable,2006-08-08,47215,11388,35827,155,309097,11.6
disagg_fut,088691,"Gold, COMEX (GLD proxy)",nonreportable,2006-08-15,54613,20028,34585,-1242,313327,11.0
disagg_fut,088691,"Gold, COMEX (GLD proxy)",nonreportable,2006-08-22,46567,14442,32125,-2460,306171,10.5
disagg_fut,088691,"Gold, COMEX (GLD proxy)",nonreportable,2006-08-29,45199,15670,29529,-2596,307583,9.6
disagg_fut,088691,"Gold, COMEX (GLD proxy)",nonreportable,2006-09-05,51855,18924,32931,3402,319998,10.3
disagg_fut,088691,"Gold, COMEX (GLD proxy)",nonreportable,2006-09-12,44613,18140,26473,-6458,310510,8.5
disagg_fut,088691,"Gold, COMEX (GLD proxy)",nonreportable,2006-09-19,43421,19364,24057,-2416,325852,7.4
disagg_fut,088691,"Gold, COMEX (GLD proxy)",nonreportable,2006-09-26,45719,21598,24121,64,322937,7.5
disagg_fut,088691,"Gold, COMEX (GLD proxy)",nonreportable,2006-10-03,47406,24846,22560,-1561,330065,6.8
disagg_fut,088691,"Gold, COMEX (GLD proxy)",nonreportable,2006-10-10,40503,20350,20153,-2407,334329,6.0
disagg_fut,088691,"Gold, COMEX (GLD proxy)",nonreportable,2006-10-17,38990,17111,21879,1726,329875,6.6
disagg_fut,088691,"Gold, COMEX (GLD proxy)",nonreportable,2006-10-24,40864,16405,24459,2580,331598,7.4
disagg_fut,088691,"Gold, COMEX (GLD proxy)",nonreportable,2006-10-31,46122,18942,27180,2721,323481,8.4
disagg_fut,088691,"Gold, COMEX (GLD proxy)",nonreportable,2006-11-07,49509,16219,33290,6110,335036,9.9
disagg_fut,088691,"Gold, COMEX (GLD proxy)",nonreportable,2006-11-14,51034,16347,34687,1397,356575,9.7
disagg_fut,088691,"Gold, COMEX (GLD proxy)",nonreportable,2006-11-21,51718,17035,34683,-4,355430,9.8
disagg_fut,088691,"Gold, COMEX (GLD proxy)",nonreportable,2006-11-28,55708,17850,37858,3175,349517,10.8
disagg_fut,088691,"Gold, COMEX (GLD proxy)",nonreportable,2006-12-05,53634,17105,36529,-1329,330530,11.1
disagg_fut,088691,"Gold, COMEX (GLD proxy)",nonreportable,2006-12-12,48888,14435,34453,-2076,333101,10.3
disagg_fut,088691,"Gold, COMEX (GLD proxy)",nonreportable,2006-12-19,46897,15058,31839,-2614,337096,9.4
disagg_fut,088691,"Gold, COMEX (GLD proxy)",nonreportable,2006-12-26,47850,12874,34976,3137,340473,10.3
disagg_fut,088691,"Gold, COMEX (GLD proxy)",nonreportable,2007-01-03,51926,17362,34564,,353494,9.8
disagg_fut,088691,"Gold, COMEX (GLD proxy)",nonreportable,2007-01-09,48166,19360,28806,,347491,8.3
disagg_fut,088691,"Gold, COMEX (GLD proxy)",nonreportable,2007-01-16,45998,16839,29159,353,344685,8.5
disagg_fut,088691,"Gold, COMEX (GLD proxy)",nonreportable,2007-01-23,51941,17865,34076,4917,361114,9.4
disagg_fut,088691,"Gold, COMEX (GLD proxy)",nonreportable,2007-01-30,47890,12624,35266,1190,348035,10.1
disagg_fut,088691,"Gold, COMEX (GLD proxy)",nonreportable,2007-02-06,50194,12076,38118,2852,360936,10.6
disagg_fut,088691,"Gold, COMEX (GLD proxy)",nonreportable,2007-02-13,53591,12877,40714,2596,383169,10.6
disagg_fut,088691,"Gold, COMEX (GLD proxy)",nonreportable,2007-02-20,54149,15932,38217,-2497,396115,9.6
disagg_fut,088691,"Gold, COMEX (GLD proxy)",nonreportable,2007-02-27,52633,10975,41658,3441,415155,10.0
disagg_fut,088691,"Gold, COMEX (GLD proxy)",nonreportable,2007-03-06,54172,18559,35613,-6045,382550,9.3
disagg_fut,088691,"Gold, COMEX (GLD proxy)",nonreportable,2007-03-13,52419,17845,34574,-1039,394090,8.8
disagg_fut,088691,"Gold, COMEX (GLD proxy)",nonreportable,2007-03-20,52764,16294,36470,1896,359726,10.1
disagg_fut,088691,"Gold, COMEX (GLD proxy)",nonreportable,2007-03-27,59521,16120,43401,6931,359434,12.1
disagg_fut,088691,"Gold, COMEX (GLD proxy)",nonreportable,2007-04-03,49543,13990,35553,-7848,347817,10.2
disagg_fut,088691,"Gold, COMEX (GLD proxy)",nonreportable,2007-04-10,55047,14799,40248,4695,369536,10.9
disagg_fut,088691,"Gold, COMEX (GLD proxy)",nonreportable,2007-04-17,54973,15733,39240,-1008,380800,10.3
disagg_fut,088691,"Gold, COMEX (GLD proxy)",nonreportable,2007-04-24,57558,19627,37931,-1309,403388,9.4
disagg_fut,088691,"Gold, COMEX (GLD proxy)",nonreportable,2007-05-01,53769,18061,35708,-2223,396276,9.0
disagg_fut,088691,"Gold, COMEX (GLD proxy)",nonreportable,2007-05-08,55538,19360,36178,470,411273,8.8
disagg_fut,088691,"Gold, COMEX (GLD proxy)",nonreportable,2007-05-15,54108,20713,33395,-2783,408936,8.2
disagg_fut,088691,"Gold, COMEX (GLD proxy)",nonreportable,2007-05-22,54506,26105,28401,-4994,416813,6.8
disagg_fut,088691,"Gold, COMEX (GLD proxy)",nonreportable,2007-05-29,57428,33630,23798,-4603,425688,5.6
disagg_fut,088691,"Gold, COMEX (GLD proxy)",nonreportable,2007-06-05,44105,15326,28779,4981,385046,7.5
disagg_fut,088691,"Gold, COMEX (GLD proxy)",nonreportable,2007-06-12,42095,19986,22109,-6670,412150,5.4
disagg_fut,088691,"Gold, COMEX (GLD proxy)",nonreportable,2007-06-19,44071,16456,27615,5506,410324,6.7
disagg_fut,088691,"Gold, COMEX (GLD proxy)",nonreportable,2007-06-26,41791,21284,20507,-7108,407640,5.0
disagg_fut,088691,"Gold, COMEX (GLD proxy)",nonreportable,2007-07-03,43396,17826,25570,5063,375642,6.8
disagg_fut,088691,"Gold, COMEX (GLD proxy)",nonreportable,2007-07-10,49379,18414,30965,5395,387916,8.0
disagg_fut,088691,"Gold, COMEX (GLD proxy)",nonreportable,2007-07-17,52294,19505,32789,1824,385595,8.5
disagg_fut,088691,"Gold, COMEX (GLD proxy)",nonreportable,2007-07-24,53104,14432,38672,5883,401603,9.6
disagg_fut,088691,"Gold, COMEX (GLD proxy)",nonreportable,2007-07-31,46176,14421,31755,-6917,351185,9.0
disagg_fut,088691,"Gold, COMEX (GLD proxy)",nonreportable,2007-08-07,45857,13982,31875,120,352908,9.0
disagg_fut,088691,"Gold, COMEX (GLD proxy)",nonreportable,2007-08-14,45748,14065,31683,-192,347973,9.1
disagg_fut,088691,"Gold, COMEX (GLD proxy)",nonreportable,2007-08-21,40587,17523,23064,-8619,330204,7.0
disagg_fut,088691,"Gold, COMEX (GLD proxy)",nonreportable,2007-08-28,39303,17650,21653,-1411,325767,6.6
disagg_fut,088691,"Gold, COMEX (GLD proxy)",nonreportable,2007-09-04,46198,18824,27374,5721,339439,8.1
disagg_fut,088691,"Gold, COMEX (GLD proxy)",nonreportable,2007-09-11,50807,16554,34253,6879,373686,9.2
disagg_fut,088691,"Gold, COMEX (GLD proxy)",nonreportable,2007-09-18,52939,19325,33614,-639,392748,8.6
disagg_fut,088691,"Gold, COMEX (GLD proxy)",nonreportable,2007-09-25,57574,23607,33967,353,440945,7.7
disagg_fut,088691,"Gold, COMEX (GLD proxy)",nonreportable,2007-10-02,54461,18325,36136,2169,439865,8.2
disagg_fut,088691,"Gold, COMEX (GLD proxy)",nonreportable,2007-10-09,52328,16003,36325,189,458936,7.9
disagg_fut,088691,"Gold, COMEX (GLD proxy)",nonreportable,2007-10-16,57012,19775,37237,912,483872,7.7
disagg_fut,088691,"Gold, COMEX (GLD proxy)",nonreportable,2007-10-23,55600,19135,36465,-772,489471,7.4
disagg_fut,088691,"Gold, COMEX (GLD proxy)",nonreportable,2007-10-30,54977,18450,36527,62,516163,7.1
disagg_fut,088691,"Gold, COMEX (GLD proxy)",nonreportable,2007-11-06,61897,24013,37884,1357,556856,6.8
disagg_fut,088691,"Gold, COMEX (GLD proxy)",nonreportable,2007-11-13,59553,23921,35632,-2252,552546,6.4
disagg_fut,088691,"Gold, COMEX (GLD proxy)",nonreportable,2007-11-20,54805,17570,37235,1603,512430,7.3
disagg_fut,088691,"Gold, COMEX (GLD proxy)",nonreportable,2007-11-27,59387,29144,30243,-6992,520782,5.8
disagg_fut,088691,"Gold, COMEX (GLD proxy)",nonreportable,2007-12-04,53223,15849,37374,7131,486709,7.7
disagg_fut,088691,"Gold, COMEX (GLD proxy)",nonreportable,2007-12-11,52530,13561,38969,1595,486198,8.0
disagg_fut,088691,"Gold, COMEX (GLD proxy)",nonreportable,2007-12-18,54945,15611,39334,365,495001,7.9
disagg_fut,088691,"Gold, COMEX (GLD proxy)",nonreportable,2007-12-24,51239,14083,37156,,517020,7.2
disagg_fut,088691,"Gold, COMEX (GLD proxy)",nonreportable,2007-12-31,55074,16100,38974,1818,541854,7.2
disagg_fut,088691,"Gold, COMEX (GLD proxy)",nonreportable,2008-01-08,59822,18536,41286,,558309,7.4
disagg_fut,088691,"Gold, COMEX (GLD proxy)",nonreportable,2008-01-15,59933,20866,39067,-2219,593953,6.6
disagg_fut,088691,"Gold, COMEX (GLD proxy)",nonreportable,2008-01-22,67591,29639,37952,-1115,560173,6.8
disagg_fut,088691,"Gold, COMEX (GLD proxy)",nonreportable,2008-01-29,64338,25117,39221,1269,522142,7.5
disagg_fut,088691,"Gold, COMEX (GLD proxy)",nonreportable,2008-02-05,55523,17684,37839,-1382,495139,7.6
disagg_fut,088691,"Gold, COMEX (GLD proxy)",nonreportable,2008-02-12,54643,17639,37004,-835,475749,7.8
disagg_fut,088691,"Gold, COMEX (GLD proxy)",nonreportable,2008-02-19,58217,17736,40481,3477,489789,8.3
disagg_fut,088691,"Gold, COMEX (GLD proxy)",nonreportable,2008-02-26,64898,21986,42912,2431,495102,8.7
disagg_fut,088691,"Gold, COMEX (GLD proxy)",nonreportable,2008-03-04,65422,21093,44329,1417,486992,9.1
disagg_fut,088691,"Gold, COMEX (GLD proxy)",nonreportable,2008-03-11,63016,16101,46915,2586,482035,9.7
disagg_fut,088691,"Gold, COMEX (GLD proxy)",nonreportable,2008-03-18,63958,16839,47119,204,489055,9.6
disagg_fut,088691,"Gold, COMEX (GLD proxy)",nonreportable,2008-03-25,59461,29078,30383,-16736,452193,6.7
disagg_fut,088691,"Gold, COMEX (GLD proxy)",nonreportable,2008-04-01,47890,16100,31790,1407,399393,8.0
disagg_fut,088691,"Gold, COMEX (GLD proxy)",nonreportable,2008-04-08,45654,16475,29179,-2611,407212,7.2
disagg_fut,088691,"Gold, COMEX (GLD proxy)",nonreportable,2008-04-15,48933,15798,33135,3956,422699,7.8
disagg_fut,088691,"Gold, COMEX (GLD proxy)",nonreportable,2008-04-22,45502,13526,31976,-1159,424218,7.5
disagg_fut,088691,"Gold, COMEX (GLD proxy)",nonreportable,2008-04-29,51072,26238,24834,-7142,429670,5.8
disagg_fut,088691,"Gold, COMEX (GLD proxy)",nonreportable,2008-05-06,47097,20336,26761,1927,433741,6.2
disagg_fut,088691,"Gold, COMEX (GLD proxy)",nonreportable,2008-05-13,46190,21531,24659,-2102,439636,5.6
disagg_fut,088691,"Gold, COMEX (GLD proxy)",nonreportable,2008-05-20,51815,18753,33062,8403,453084,7.3
disagg_fut,088691,"Gold, COMEX (GLD proxy)",nonreportable,2008-05-27,51587,24814,26773,-6289,430961,6.2
disagg_fut,088691,"Gold, COMEX (GLD proxy)",nonreportable,2008-06-03,45366,13406,31960,5187,398441,8.0
disagg_fut,088691,"Gold, COMEX (GLD proxy)",nonreportable,2008-06-10,46473,14640,31833,-127,396392,8.0
disagg_fut,088691,"Gold, COMEX (GLD proxy)",nonreportable,2008-06-17,46157,13907,32250,417,390471,8.3
disagg_fut,088691,"Gold, COMEX (GLD proxy)",nonreportable,2008-06-24,50801,17583,33218,968,401226,8.3
disagg_fut,088691,"Gold, COMEX (GLD proxy)",nonreportable,2008-07-01,55757,16409,39348,6130,434024,9.1
disagg_fut,088691,"Gold, COMEX (GLD proxy)",nonreportable,2008-07-08,57583,18525,39058,-290,443202,8.8
disagg_fut,088691,"Gold, COMEX (GLD proxy)",nonreportable,2008-07-15,63841,20047,43794,4736,483920,9.0
disagg_fut,088691,"Gold, COMEX (GLD proxy)",nonreportable,2008-07-22,59178,16770,42408,-1386,475606,8.9
disagg_fut,088691,"Gold, COMEX (GLD proxy)",nonreportable,2008-07-29,49580,12228,37352,-5056,446013,8.4
disagg_fut,088691,"Gold, COMEX (GLD proxy)",nonreportable,2008-08-05,53248,18059,35189,-2163,408430,8.6
disagg_fut,088691,"Gold, COMEX (GLD proxy)",nonreportable,2008-08-12,47069,21916,25153,-10036,365611,6.9
disagg_fut,088691,"Gold, COMEX (GLD proxy)",nonreportable,2008-08-19,44058,26270,17788,-7365,372968,4.8
disagg_fut,088691,"Gold, COMEX (GLD proxy)",nonreportable,2008-08-26,40732,24092,16640,-1148,380766,4.4
disagg_fut,088691,"Gold, COMEX (GLD proxy)",nonreportable,2008-09-02,41036,26196,14840,-1800,382329,3.9
disagg_fut,088691,"Gold, COMEX (GLD proxy)",nonreportable,2008-09-09,40349,29020,11329,-3511,392592,2.9
disagg_fut,088691,"Gold, COMEX (GLD proxy)",nonreportable,2008-09-16,39786,27055,12731,1402,393814,3.2
disagg_fut,088691,"Gold, COMEX (GLD proxy)",nonreportable,2008-09-23,42457,22197,20260,7529,368254,5.5
disagg_fut,088691,"Gold, COMEX (GLD proxy)",nonreportable,2008-09-30,43815,20763,23052,2792,336598,6.8
disagg_fut,088691,"Gold, COMEX (GLD proxy)",nonreportable,2008-10-07,42528,22834,19694,-3358,329480,6.0
disagg_fut,088691,"Gold, COMEX (GLD proxy)",nonreportable,2008-10-14,44314,25396,18918,-776,323496,5.8
disagg_fut,088691,"Gold, COMEX (GLD proxy)",nonreportable,2008-10-21,37180,27589,9591,-9327,319472,3.0
disagg_fut,088691,"Gold, COMEX (GLD proxy)",nonreportable,2008-10-28,31418,24657,6761,-2830,313709,2.2
disagg_fut,088691,"Gold, COMEX (GLD proxy)",nonreportable,2008-11-04,32149,23938,8211,1450,303908,2.7
disagg_fut,088691,"Gold, COMEX (GLD proxy)",nonreportable,2008-11-11,30624,25087,5537,-2674,293831,1.9
disagg_fut,088691,"Gold, COMEX (GLD proxy)",nonreportable,2008-11-18,36590,30303,6287,750,289700,2.2
disagg_fut,088691,"Gold, COMEX (GLD proxy)",nonreportable,2008-11-25,35499,24136,11363,5076,276567,4.1
disagg_fut,088691,"Gold, COMEX (GLD proxy)",nonreportable,2008-12-02,33549,23630,9919,-1444,264796,3.7
disagg_fut,088691,"Gold, COMEX (GLD proxy)",nonreportable,2008-12-09,33463,21746,11717,1798,261001,4.5
disagg_fut,088691,"Gold, COMEX (GLD proxy)",nonreportable,2008-12-16,37077,22215,14862,3145,282915,5.3
disagg_fut,088691,"Gold, COMEX (GLD proxy)",nonreportable,2008-12-22,32998,19989,13009,,291022,4.5
disagg_fut,088691,"Gold, COMEX (GLD proxy)",nonreportable,2008-12-30,37501,20689,16812,,300448,5.6
disagg_fut,088691,"Gold, COMEX (GLD proxy)",nonreportable,2009-01-06,39915,24037,15878,-934,320391,5.0
disagg_fut,088691,"Gold, COMEX (GLD proxy)",nonreportable,2009-01-13,38667,24722,13945,-1933,318185,4.4
disagg_fut,088691,"Gold, COMEX (GLD proxy)",nonreportable,2009-01-20,40855,25861,14994,1049,331507,4.5
disagg_fut,088691,"Gold, COMEX (GLD proxy)",nonreportable,2009-01-27,46583,29321,17262,2268,354191,4.9
disagg_fut,088691,"Gold, COMEX (GLD proxy)",nonreportable,2009-02-03,45954,23671,22283,5021,346288,6.4
disagg_fut,088691,"Gold, COMEX (GLD proxy)",nonreportable,2009-02-10,45052,19962,25090,2807,350858,7.2
disagg_fut,088691,"Gold, COMEX (GLD proxy)",nonreportable,2009-02-17,51491,21052,30439,5349,361619,8.4
disagg_fut,088691,"Gold, COMEX (GLD proxy)",nonreportable,2009-02-24,53336,24265,29071,-1368,372697,7.8
disagg_fut,088691,"Gold, COMEX (GLD proxy)",nonreportable,2009-03-03,51656,22548,29108,37,365271,8.0
disagg_fut,088691,"Gold, COMEX (GLD proxy)",nonreportable,2009-03-10,52275,24212,28063,-1045,371321,7.6
disagg_fut,088691,"Gold, COMEX (GLD proxy)",nonreportable,2009-03-17,47972,22683,25289,-2774,376237,6.7
disagg_fut,088691,"Gold, COMEX (GLD proxy)",nonreportable,2009-03-24,48141,18779,29362,4073,387177,7.6
disagg_fut,088691,"Gold, COMEX (GLD proxy)",nonreportable,2009-03-31,49359,22292,27067,-2295,368618,7.3
disagg_fut,088691,"Gold, COMEX (GLD proxy)",nonreportable,2009-04-07,48804,23393,25411,-1656,344929,7.4
disagg_fut,088691,"Gold, COMEX (GLD proxy)",nonreportable,2009-04-14,48433,24819,23614,-1797,336930,7.0
disagg_fut,088691,"Gold, COMEX (GLD proxy)",nonreportable,2009-04-21,46309,25068,21241,-2373,339226,6.3
disagg_fut,088691,"Gold, COMEX (GLD proxy)",nonreportable,2009-04-28,50046,25727,24319,3078,343037,7.1
disagg_fut,088691,"Gold, COMEX (GLD proxy)",nonreportable,2009-05-05,55169,24715,30454,6135,341461,8.9
disagg_fut,088691,"Gold, COMEX (GLD proxy)",nonreportable,2009-05-12,54019,21716,32303,1849,359517,9.0
disagg_fut,088691,"Gold, COMEX (GLD proxy)",nonreportable,2009-05-19,54731,21250,33481,1178,367931,9.1
disagg_fut,088691,"Gold, COMEX (GLD proxy)",nonreportable,2009-05-26,61250,30422,30828,-2653,396965,7.8
disagg_fut,088691,"Gold, COMEX (GLD proxy)",nonreportable,2009-06-02,55823,16642,39181,8353,391057,10.0
disagg_fut,088691,"Gold, COMEX (GLD proxy)",nonreportable,2009-06-09,54183,18810,35373,-3808,387181,9.1
disagg_fut,088691,"Gold, COMEX (GLD proxy)",nonreportable,2009-06-16,50516,18691,31825,-3548,371997,8.6
disagg_fut,088691,"Gold, COMEX (GLD proxy)",nonreportable,2009-06-23,50811,22675,28136,-3689,370347,7.6
disagg_fut,088691,"Gold, COMEX (GLD proxy)",nonreportable,2009-06-30,54558,20926,33632,5496,379199,8.9
disagg_fut,088691,"Gold, COMEX (GLD proxy)",nonreportable,2009-07-07,48208,21045,27163,-6469,372985,7.3
disagg_fut,088691,"Gold, COMEX (GLD proxy)",nonreportable,2009-07-14,45973,22490,23483,-3680,370509,6.3
disagg_fut,088691,"Gold, COMEX (GLD proxy)",nonreportable,2009-07-21,52014,21090,30924,7441,390939,7.9
disagg_fut,088691,"Gold, COMEX (GLD proxy)",nonreportable,2009-07-28,48376,18626,29750,-1174,386340,7.7
disagg_fut,088691,"Gold, COMEX (GLD proxy)",nonreportable,2009-08-04,52096,17417,34679,4929,392834,8.8
disagg_fut,088691,"Gold, COMEX (GLD proxy)",nonreportable,2009-08-11,51174,18355,32819,-1860,385002,8.5
disagg_fut,088691,"Gold, COMEX (GLD proxy)",nonreportable,2009-08-18,47242,20227,27015,-5804,373810,7.2
disagg_fut,088691,"Gold, COMEX (GLD proxy)",nonreportable,2009-08-25,48588,20228,28360,1345,379629,7.5
disagg_fut,088691,"Gold, COMEX (GLD proxy)",nonreportable,2009-09-01,51664,19457,32207,3847,384703,8.4
disagg_fut,088691,"Gold, COMEX (GLD proxy)",nonreportable,2009-09-08,66781,20660,46121,13914,451713,10.2
disagg_fut,088691,"Gold, COMEX (GLD proxy)",nonreportable,2009-09-15,74649,25635,49014,2893,467892,10.5
disagg_fut,088691,"Gold, COMEX (GLD proxy)",nonreportable,2009-09-22,73869,23008,50861,1847,467145,10.9
disagg_fut,088691,"Gold, COMEX (GLD proxy)",nonreportable,2009-09-29,67104,23256,43848,-7013,454585,9.6
disagg_fut,088691,"Gold, COMEX (GLD proxy)",nonreportable,2009-10-06,81814,39618,42196,-1652,484307,8.7
disagg_fut,088691,"Gold, COMEX (GLD proxy)",nonreportable,2009-10-13,75640,33669,41971,-225,504187,8.3
disagg_fut,088691,"Gold, COMEX (GLD proxy)",nonreportable,2009-10-20,75241,27855,47386,5415,509678,9.3
disagg_fut,088691,"Gold, COMEX (GLD proxy)",nonreportable,2009-10-27,75846,34144,41702,-5684,497479,8.4
disagg_fut,088691,"Gold, COMEX (GLD proxy)",nonreportable,2009-11-03,56298,13765,42533,831,493991,8.6
disagg_fut,088691,"Gold, COMEX (GLD proxy)",nonreportable,2009-11-09,78480,33756,44724,,530505,8.4
disagg_fut,088691,"Gold, COMEX (GLD proxy)",nonreportable,2009-11-17,80435,34586,45849,,533119,8.6
disagg_fut,088691,"Gold, COMEX (GLD proxy)",nonreportable,2009-11-24,75000,31227,43773,-2076,521253,8.4
disagg_fut,088691,"Gold, COMEX (GLD proxy)",nonreportable,2009-12-01,78662,29495,49167,5394,521433,9.4
disagg_fut,088691,"Gold, COMEX (GLD proxy)",nonreportable,2009-12-08,74095,29338,44757,-4410,505652,8.9
disagg_fut,088691,"Gold, COMEX (GLD proxy)",nonreportable,2009-12-15,75074,27391,47683,2926,504368,9.5
disagg_fut,088691,"Gold, COMEX (GLD proxy)",nonreportable,2009-12-22,73702,26113,47589,-94,499233,9.5
disagg_fut,088691,"Gold, COMEX (GLD proxy)",nonreportable,2009-12-29,72568,24116,48452,863,491712,9.9
disagg_fut,088691,"Gold, COMEX (GLD proxy)",nonreportable,2010-01-05,78482,27698,50784,2332,507643,10.0
disagg_fut,088691,"Gold, COMEX (GLD proxy)",nonreportable,2010-01-12,75600,22454,53146,2362,523266,10.2
disagg_fut,088691,"Gold, COMEX (GLD proxy)",nonreportable,2010-01-19,75558,23380,52178,-968,528924,9.9
disagg_fut,088691,"Gold, COMEX (GLD proxy)",nonreportable,2010-01-26,73699,37005,36694,-15484,507565,7.2
disagg_fut,088691,"Gold, COMEX (GLD proxy)",nonreportable,2010-02-02,62600,28190,34410,-2284,480860,7.2
disagg_fut,088691,"Gold, COMEX (GLD proxy)",nonreportable,2010-02-09,62539,30631,31908,-2502,466905,6.8
disagg_fut,088691,"Gold, COMEX (GLD proxy)",nonreportable,2010-02-16,67501,36481,31020,-888,466509,6.6
disagg_fut,088691,"Gold, COMEX (GLD proxy)",nonreportable,2010-02-23,68422,31000,37422,6402,466572,8.0
disagg_fut,088691,"Gold, COMEX (GLD proxy)",nonreportable,2010-03-02,68469,24304,44165,6743,482786,9.1
disagg_fut,088691,"Gold, COMEX (GLD proxy)",nonreportable,2010-03-09,67566,23973,43593,-572,493909,8.8
disagg_fut,088691,"Gold, COMEX (GLD proxy)",nonreportable,2010-03-16,66895,24946,41949,-1644,496481,8.4
disagg_fut,088691,"Gold, COMEX (GLD proxy)",nonreportable,2010-03-23,65416,25465,39951,-1998,495143,8.1
disagg_fut,088691,"Gold, COMEX (GLD proxy)",nonreportable,2010-03-30,53690,19765,33925,-6026,466678,7.3
disagg_fut,088691,"Gold, COMEX (GLD proxy)",nonreportable,2010-04-06,58532,17072,41460,7535,497388,8.3
disagg_fut,088691,"Gold, COMEX (GLD proxy)",nonreportable,2010-04-13,61319,18577,42742,1282,528856,8.1
disagg_fut,088691,"Gold, COMEX (GLD proxy)",nonreportable,2010-04-20,65374,18629,46745,4003,521338,9.0
disagg_fut,088691,"Gold, COMEX (GLD proxy)",nonreportable,2010-04-27,66791,26937,39854,-6891,538591,7.4
disagg_fut,088691,"Gold, COMEX (GLD proxy)",nonreportable,2010-05-04,64320,23281,41039,1185,551616,7.4
disagg_fut,088691,"Gold, COMEX (GLD proxy)",nonreportable,2010-05-11,74201,27382,46819,5780,583504,8.0
disagg_fut,088691,"Gold, COMEX (GLD proxy)",nonreportable,2010-05-18,70993,22919,48074,1255,579758,8.3
disagg_fut,088691,"Gold, COMEX (GLD proxy)",nonreportable,2010-05-25,66316,25628,40688,-7386,591360,6.9
disagg_fut,088691,"Gold, COMEX (GLD proxy)",nonreportable,2010-06-01,63977,20900,43077,2389,553950,7.8
disagg_fut,088691,"Gold, COMEX (GLD proxy)",nonreportable,2010-06-08,67873,21694,46179,3102,564792,8.2
disagg_fut,088691,"Gold, COMEX (GLD proxy)",nonreportable,2010-06-15,66396,17703,48693,2514,569204,8.6
disagg_fut,088691,"Gold, COMEX (GLD proxy)",nonreportable,2010-06-22,73840,23558,50282,1589,602411,8.3
disagg_fut,088691,"Gold, COMEX (GLD proxy)",nonreportable,2010-06-29,66979,21748,45231,-5051,601138,7.5
disagg_fut,088691,"Gold, COMEX (GLD proxy)",nonreportable,2010-07-06,64139,24039,40100,-5131,577732,6.9
disagg_fut,088691,"Gold, COMEX (GLD proxy)",nonreportable,2010-07-13,64458,21031,43427,3327,568078,7.6
disagg_fut,088691,"Gold, COMEX (GLD proxy)",nonreportable,2010-07-20,59246,21889,37357,-6070,559473,6.7
disagg_fut,088691,"Gold, COMEX (GLD proxy)",nonreportable,2010-07-27,64255,25601,38654,1297,560066,6.9
disagg_fut,088691,"Gold, COMEX (GLD proxy)",nonreportable,2010-08-03,56429,19915,36514,-2140,518643,7.0
disagg_fut,088691,"Gold, COMEX (GLD proxy)",nonreportable,2010-08-10,59469,19176,40293,3779,523078,7.7
disagg_fut,088691,"Gold, COMEX (GLD proxy)",nonreportable,2010-08-17,63595,18253,45342,5049,543674,8.3
disagg_fut,088691,"Gold, COMEX (GLD proxy)",nonreportable,2010-08-24,62415,19306,43109,-2233,556464,7.7
disagg_fut,088691,"Gold, COMEX (GLD proxy)",nonreportable,2010-08-31,66450,19966,46484,3375,577352,8.1
disagg_fut,088691,"Gold, COMEX (GLD proxy)",nonreportable,2010-09-07,70220,22237,47983,1499,585564,8.2
disagg_fut,088691,"Gold, COMEX (GLD proxy)",nonreportable,2010-09-14,70252,21574,48678,695,594058,8.2
disagg_fut,088691,"Gold, COMEX (GLD proxy)",nonreportable,2010-09-21,70663,22368,48295,-383,597592,8.1
disagg_fut,088691,"Gold, COMEX (GLD proxy)",nonreportable,2010-09-28,73213,28122,45091,-3204,619408,7.3
disagg_fut,088691,"Gold, COMEX (GLD proxy)",nonreportable,2010-10-05,67580,27702,39878,-5213,617204,6.5
disagg_fut,088691,"Gold, COMEX (GLD proxy)",nonreportable,2010-10-12,67248,23100,44148,4270,616382,7.2
disagg_fut,088691,"Gold, COMEX (GLD proxy)",nonreportable,2010-10-19,68794,25464,43330,-818,630626,6.9
disagg_fut,088691,"Gold, COMEX (GLD proxy)",nonreportable,2010-10-26,70280,26931,43349,19,607582,7.1
disagg_fut,088691,"Gold, COMEX (GLD proxy)",nonreportable,2010-11-02,68861,22477,46384,3035,618381,7.5
disagg_fut,088691,"Gold, COMEX (GLD proxy)",nonreportable,2010-11-09,71227,26453,44774,-1610,650764,6.9
disagg_fut,088691,"Gold, COMEX (GLD proxy)",nonreportable,2010-11-16,74949,28520,46429,1655,637435,7.3
disagg_fut,088691,"Gold, COMEX (GLD proxy)",nonreportable,2010-11-23,78344,35780,42564,-3865,622712,6.8
disagg_fut,088691,"Gold, COMEX (GLD proxy)",nonreportable,2010-11-30,69888,27026,42862,298,600158,7.1
disagg_fut,088691,"Gold, COMEX (GLD proxy)",nonreportable,2010-12-07,73838,27916,45922,3060,603632,7.6
disagg_fut,088691,"Gold, COMEX (GLD proxy)",nonreportable,2010-12-14,72429,24489,47940,2018,594652,8.1
disagg_fut,088691,"Gold, COMEX (GLD proxy)",nonreportable,2010-12-21,68796,23412,45384,-2556,582133,7.8
disagg_fut,088691,"Gold, COMEX (GLD proxy)",nonreportable,2010-12-28,72712,28730,43982,-1402,594490,7.4
disagg_fut,088691,"Gold, COMEX (GLD proxy)",nonreportable,2011-01-04,79992,27728,52264,8282,592613,8.8
disagg_fut,088691,"Gold, COMEX (GLD proxy)",nonreportable,2011-01-11,69993,22301,47692,-4572,588179,8.1
disagg_fut,088691,"Gold, COMEX (GLD proxy)",nonreportable,2011-01-18,67532,26054,41478,-6214,587832,7.1
disagg_fut,088691,"Gold, COMEX (GLD proxy)",nonreportable,2011-01-25,65960,29066,36894,-4584,506047,7.3
disagg_fut,088691,"Gold, COMEX (GLD proxy)",nonreportable,2011-02-01,65579,23576,42003,5109,462907,9.1
disagg_fut,088691,"Gold, COMEX (GLD proxy)",nonreportable,2011-02-08,66290,23472,42818,815,469779,9.1
disagg_fut,088691,"Gold, COMEX (GLD proxy)",nonreportable,2011-02-15,67706,21924,45782,2964,473345,9.7
disagg_fut,088691,"Gold, COMEX (GLD proxy)",nonreportable,2011-02-22,73441,22059,51382,5600,502119,10.2
disagg_fut,088691,"Gold, COMEX (GLD proxy)",nonreportable,2011-03-01,74208,20865,53343,1961,515784,10.3
disagg_fut,088691,"Gold, COMEX (GLD proxy)",nonreportable,2011-03-08,76671,20147,56524,3181,515214,11.0
disagg_fut,088691,"Gold, COMEX (GLD proxy)",nonreportable,2011-03-15,67298,21715,45583,-10941,507760,9.0
disagg_fut,088691,"Gold, COMEX (GLD proxy)",nonreportable,2011-03-22,71403,21441,49962,4379,509131,9.8
disagg_fut,088691,"Gold, COMEX (GLD proxy)",nonreportable,2011-03-29,68509,20861,47648,-2314,492087,9.7
disagg_fut,088691,"Gold, COMEX (GLD proxy)",nonreportable,2011-04-05,75706,21747,53959,6311,508956,10.6
disagg_fut,088691,"Gold, COMEX (GLD proxy)",nonreportable,2011-04-12,71591,19648,51943,-2016,514871,10.1
disagg_fut,088691,"Gold, COMEX (GLD proxy)",nonreportable,2011-04-19,75505,23883,51622,-321,537946,9.6
disagg_fut,088691,"Gold, COMEX (GLD proxy)",nonreportable,2011-04-26,74128,26400,47728,-3894,530132,9.0
disagg_fut,088691,"Gold, COMEX (GLD proxy)",nonreportable,2011-05-03,73312,25866,47446,-282,522323,9.1
disagg_fut,088691,"Gold, COMEX (GLD proxy)",nonreportable,2011-05-10,69014,23772,45242,-2204,510151,8.9
disagg_fut,088691,"Gold, COMEX (GLD proxy)",nonreportable,2011-05-17,64827,22481,42346,-2896,509164,8.3
disagg_fut,088691,"Gold, COMEX (GLD proxy)",nonreportable,2011-05-24,67295,22452,44843,2497,531180,8.4
disagg_fut,088691,"Gold, COMEX (GLD proxy)",nonreportable,2011-05-31,67515,18781,48734,3891,501400,9.7
disagg_fut,088691,"Gold, COMEX (GLD proxy)",nonreportable,2011-06-07,67336,18360,48976,242,502251,9.8
disagg_fut,088691,"Gold, COMEX (GLD proxy)",nonreportable,2011-06-14,63973,18239,45734,-3242,497780,9.2
disagg_fut,088691,"Gold, COMEX (GLD proxy)",nonreportable,2011-06-21,68020,20000,48020,2286,515016,9.3
disagg_fut,088691,"Gold, COMEX (GLD proxy)",nonreportable,2011-06-28,67244,24391,42853,-5167,495761,8.6
disagg_fut,088691,"Gold, COMEX (GLD proxy)",nonreportable,2011-07-05,65082,20855,44227,1374,489782,9.0
disagg_fut,088691,"Gold, COMEX (GLD proxy)",nonreportable,2011-07-12,69869,23217,46652,2425,520202,9.0
disagg_fut,088691,"Gold, COMEX (GLD proxy)",nonreportable,2011-07-19,67724,23207,44517,-2135,542342,8.2
disagg_fut,088691,"Gold, COMEX (GLD proxy)",nonreportable,2011-07-26,75457,28101,47356,2839,536454,8.8
disagg_fut,088691,"Gold, COMEX (GLD proxy)",nonreportable,2011-08-02,66701,26242,40459,-6897,529403,7.6
disagg_fut,088691,"Gold, COMEX (GLD proxy)",nonreportable,2011-08-09,72938,27305,45633,5174,510223,8.9
disagg_fut,088691,"Gold, COMEX (GLD proxy)",nonreportable,2011-08-16,70510,21749,48761,3128,514107,9.5
disagg_fut,088691,"Gold, COMEX (GLD proxy)",nonreportable,2011-08-23,69953,27198,42755,-6006,528520,8.1
disagg_fut,088691,"Gold, COMEX (GLD proxy)",nonreportable,2011-08-30,66111,25703,40408,-2347,509326,7.9
disagg_fut,088691,"Gold, COMEX (GLD proxy)",nonreportable,2011-09-06,69631,26288,43343,2935,523294,8.3
disagg_fut,088691,"Gold, COMEX (GLD proxy)",nonreportable,2011-09-13,64576,22955,41621,-1722,512068,8.1
disagg_fut,088691,"Gold, COMEX (GLD proxy)",nonreportable,2011-09-20,69140,22041,47099,5478,499356,9.4
disagg_fut,088691,"Gold, COMEX (GLD proxy)",nonreportable,2011-09-27,63231,24349,38882,-8217,465414,8.4
disagg_fut,088691,"Gold, COMEX (GLD proxy)",nonreportable,2011-10-04,53877,22282,31595,-7287,436920,7.2
disagg_fut,088691,"Gold, COMEX (GLD proxy)",nonreportable,2011-10-11,56839,22863,33976,2381,438090,7.8
disagg_fut,088691,"Gold, COMEX (GLD proxy)",nonreportable,2011-10-18,56916,24741,32175,-1801,437739,7.4
disagg_fut,088691,"Gold, COMEX (GLD proxy)",nonreportable,2011-10-25,62382,23989,38393,6218,443723,8.7
disagg_fut,088691,"Gold, COMEX (GLD proxy)",nonreportable,2011-11-01,63538,21083,42455,4062,442435,9.6
disagg_fut,088691,"Gold, COMEX (GLD proxy)",nonreportable,2011-11-08,75990,34762,41228,-1227,464982,8.9
disagg_fut,088691,"Gold, COMEX (GLD proxy)",nonreportable,2011-11-15,68197,23248,44949,3721,470490,9.6
disagg_fut,088691,"Gold, COMEX (GLD proxy)",nonreportable,2011-11-22,67684,36241,31443,-13506,457070,6.9
disagg_fut,088691,"Gold, COMEX (GLD proxy)",nonreportable,2011-11-29,62263,23511,38752,7309,423176,9.2
disagg_fut,088691,"Gold, COMEX (GLD proxy)",nonreportable,2011-12-06,64003,22214,41789,3037,422956,9.9
disagg_fut,088691,"Gold, COMEX (GLD proxy)",nonreportable,2011-12-13,61248,25534,35714,-6075,427699,8.4
disagg_fut,088691,"Gold, COMEX (GLD proxy)",nonreportable,2011-12-20,56607,25989,30618,-5096,423465,7.2
disagg_fut,088691,"Gold, COMEX (GLD proxy)",nonreportable,2011-12-27,57327,24183,33144,2526,418945,7.9
disagg_fut,088691,"Gold, COMEX (GLD proxy)",nonreportable,2012-01-03,56462,25590,30872,-2272,423275,7.3
disagg_fut,088691,"Gold, COMEX (GLD proxy)",nonreportable,2012-01-10,57358,23544,33814,2942,417923,8.1
disagg_fut,088691,"Gold, COMEX (GLD proxy)",nonreportable,2012-01-17,58713,21766,36947,3133,432838,8.5
disagg_fut,088691,"Gold, COMEX (GLD proxy)",nonreportable,2012-01-24,59987,22442,37545,598,427032,8.8
disagg_fut,088691,"Gold, COMEX (GLD proxy)",nonreportable,2012-01-31,57493,18990,38503,958,425133,9.1
disagg_fut,088691,"Gold, COMEX (GLD proxy)",nonreportable,2012-02-07,61815,18250,43565,5062,436061,10.0
disagg_fut,088691,"Gold, COMEX (GLD proxy)",nonreportable,2012-02-14,59296,17308,41988,-1577,431164,9.7
disagg_fut,088691,"Gold, COMEX (GLD proxy)",nonreportable,2012-02-21,66423,18082,48341,6353,456676,10.6
disagg_fut,088691,"Gold, COMEX (GLD proxy)",nonreportable,2012-02-28,70372,18241,52131,3790,479044,10.9
disagg_fut,088691,"Gold, COMEX (GLD proxy)",nonreportable,2012-03-06,58409,21466,36943,-15188,443249,8.3
disagg_fut,088691,"Gold, COMEX (GLD proxy)",nonreportable,2012-03-13,61950,21168,40782,3839,442319,9.2
disagg_fut,088691,"Gold, COMEX (GLD proxy)",nonreportable,2012-03-20,57452,22777,34675,-6107,431039,8.0
disagg_fut,088691,"Gold, COMEX (GLD proxy)",nonreportable,2012-03-27,59941,22686,37255,2580,417304,8.9
disagg_fut,088691,"Gold, COMEX (GLD proxy)",nonreportable,2012-04-03,56017,20318,35699,-1556,407761,8.8
disagg_fut,088691,"Gold, COMEX (GLD proxy)",nonreportable,2012-04-10,57323,22927,34396,-1303,403989,8.5
disagg_fut,088691,"Gold, COMEX (GLD proxy)",nonreportable,2012-04-17,55336,21250,34086,-310,398526,8.6
disagg_fut,088691,"Gold, COMEX (GLD proxy)",nonreportable,2012-04-24,54653,22410,32243,-1843,395389,8.2
disagg_fut,088691,"Gold, COMEX (GLD proxy)",nonreportable,2012-05-01,57789,20179,37610,5367,411972,9.1
disagg_fut,088691,"Gold, COMEX (GLD proxy)",nonreportable,2012-05-08,54091,25939,28152,-9458,417798,6.7
disagg_fut,088691,"Gold, COMEX (GLD proxy)",nonreportable,2012-05-15,51995,27220,24775,-3377,422091,5.9
disagg_fut,088691,"Gold, COMEX (GLD proxy)",nonreportable,2012-05-22,52551,32104,20447,-4328,435706,4.7
disagg_fut,088691,"Gold, COMEX (GLD proxy)",nonreportable,2012-05-29,49856,29859,19997,-450,419991,4.8
disagg_fut,088691,"Gold, COMEX (GLD proxy)",nonreportable,2012-06-05,55238,27980,27258,7261,423941,6.4
disagg_fut,088691,"Gold, COMEX (GLD proxy)",nonreportable,2012-06-12,53770,27295,26475,-783,412244,6.4
disagg_fut,088691,"Gold, COMEX (GLD proxy)",nonreportable,2012-06-19,53380,26093,27287,812,418492,6.5
disagg_fut,088691,"Gold, COMEX (GLD proxy)",nonreportable,2012-06-26,52848,31307,21541,-5746,413618,5.2
disagg_fut,088691,"Gold, COMEX (GLD proxy)",nonreportable,2012-07-03,54162,24740,29422,7881,425068,6.9
disagg_fut,088691,"Gold, COMEX (GLD proxy)",nonreportable,2012-07-10,54067,27536,26531,-2891,429854,6.2
disagg_fut,088691,"Gold, COMEX (GLD proxy)",nonreportable,2012-07-17,55780,25920,29860,3329,431317,6.9
disagg_fut,088691,"Gold, COMEX (GLD proxy)",nonreportable,2012-07-24,53970,30702,23268,-6592,420296,5.5
disagg_fut,088691,"Gold, COMEX (GLD proxy)",nonreportable,2012-07-31,54420,24472,29948,6680,403403,7.4
disagg_fut,088691,"Gold, COMEX (GLD proxy)",nonreportable,2012-08-07,55131,24213,30918,970,388254,8.0
disagg_fut,088691,"Gold, COMEX (GLD proxy)",nonreportable,2012-08-14,54016,24380,29636,-1282,388187,7.6
disagg_fut,088691,"Gold, COMEX (GLD proxy)",nonreportable,2012-08-21,63811,23273,40538,10902,398747,10.2
disagg_fut,088691,"Gold, COMEX (GLD proxy)",nonreportable,2012-08-28,68312,23179,45133,4595,426559,10.6
disagg_fut,088691,"Gold, COMEX (GLD proxy)",nonreportable,2012-09-04,71585,22663,48922,3789,444489,11.0
disagg_fut,088691,"Gold, COMEX (GLD proxy)",nonreportable,2012-09-11,74913,19838,55075,6153,460531,12.0
disagg_fut,088691,"Gold, COMEX (GLD proxy)",nonreportable,2012-09-18,76888,18370,58518,3443,478609,12.2
disagg_fut,088691,"Gold, COMEX (GLD proxy)",nonreportable,2012-09-25,78375,19916,58459,-59,489516,11.9
disagg_fut,088691,"Gold, COMEX (GLD proxy)",nonreportable,2012-10-02,78497,17553,60944,2485,480908,12.7
disagg_fut,088691,"Gold, COMEX (GLD proxy)",nonreportable,2012-10-09,73057,18018,55039,-5905,484359,11.4
disagg_fut,088691,"Gold, COMEX (GLD proxy)",nonreportable,2012-10-16,72242,18879,53363,-1676,462826,11.5
disagg_fut,088691,"Gold, COMEX (GLD proxy)",nonreportable,2012-10-23,69881,19259,50622,-2741,455836,11.1
disagg_fut,088691,"Gold, COMEX (GLD proxy)",nonreportable,2012-10-30,73513,20971,52542,1920,454742,11.6
disagg_fut,088691,"Gold, COMEX (GLD proxy)",nonreportable,2012-11-06,69617,22048,47569,-4973,447154,10.6
disagg_fut,088691,"Gold, COMEX (GLD proxy)",nonreportable,2012-11-13,74102,20901,53201,5632,459761,11.6
disagg_fut,088691,"Gold, COMEX (GLD proxy)",nonreportable,2012-11-20,72677,17428,55249,2048,474129,11.7
disagg_fut,088691,"Gold, COMEX (GLD proxy)",nonreportable,2012-11-27,79775,21470,58305,3056,479373,12.2
disagg_fut,088691,"Gold, COMEX (GLD proxy)",nonreportable,2012-12-04,73578,21718,51860,-6445,434416,11.9
disagg_fut,088691,"Gold, COMEX (GLD proxy)",nonreportable,2012-12-11,71639,20458,51181,-679,433586,11.8
disagg_fut,088691,"Gold, COMEX (GLD proxy)",nonreportable,2012-12-18,68859,24506,44353,-6828,435742,10.2
disagg_fut,088691,"Gold, COMEX (GLD proxy)",nonreportable,2012-12-24,62201,24633,37568,,426300,8.8
disagg_fut,088691,"Gold, COMEX (GLD proxy)",nonreportable,2012-12-31,64468,24328,40140,2572,427991,9.4
disagg_fut,088691,"Gold, COMEX (GLD proxy)",nonreportable,2013-01-08,60773,25109,35664,,441304,8.1
disagg_fut,088691,"Gold, COMEX (GLD proxy)",nonreportable,2013-01-15,64262,24265,39997,4333,447773,8.9
disagg_fut,088691,"Gold, COMEX (GLD proxy)",nonreportable,2013-01-22,66350,22297,44053,4056,461369,9.5
disagg_fut,088691,"Gold, COMEX (GLD proxy)",nonreportable,2013-01-29,63804,23655,40149,-3904,430718,9.3
disagg_fut,088691,"Gold, COMEX (GLD proxy)",nonreportable,2013-02-05,61074,23932,37142,-3007,423982,8.8
disagg_fut,088691,"Gold, COMEX (GLD proxy)",nonreportable,2013-02-12,62053,28235,33818,-3324,435088,7.8
disagg_fut,088691,"Gold, COMEX (GLD proxy)",nonreportable,2013-02-19,61638,33207,28431,-5387,447290,6.4
disagg_fut,088691,"Gold, COMEX (GLD proxy)",nonreportable,2013-02-26,55490,34469,21021,-7410,433858,4.8
disagg_fut,088691,"Gold, COMEX (GLD proxy)",nonreportable,2013-03-05,57882,31671,26211,5190,434586,6.0
disagg_fut,088691,"Gold, COMEX (GLD proxy)",nonreportable,2013-03-12,58502,30888,27614,1403,445651,6.2
disagg_fut,088691,"Gold, COMEX (GLD proxy)",nonreportable,2013-03-19,58018,31264,26754,-860,440712,6.1
disagg_fut,088691,"Gold, COMEX (GLD proxy)",nonreportable,2013-03-26,55319,29292,26027,-727,419727,6.2
disagg_fut,088691,"Gold, COMEX (GLD proxy)",nonreportable,2013-04-02,52253,29937,22316,-3711,417176,5.3
disagg_fut,088691,"Gold, COMEX (GLD proxy)",nonreportable,2013-04-09,52973,28530,24443,2127,416513,5.9
disagg_fut,088691,"Gold, COMEX (GLD proxy)",nonreportable,2013-04-16,45817,32770,13047,-11396,413083,3.2
disagg_fut,088691,"Gold, COMEX (GLD proxy)",nonreportable,2013-04-23,39868,39735,133,-12914,415074,0.0
disagg_fut,088691,"Gold, COMEX (GLD proxy)",nonreportable,2013-04-30,37451,38940,-1489,-1622,421087,-0.4
disagg_fut,088691,"Gold, COMEX (GLD proxy)",nonreportable,2013-05-07,38066,39770,-1704,-215,437931,-0.4
disagg_fut,088691,"Gold, COMEX (GLD proxy)",nonreportable,2013-05-14,40670,40250,420,2124,443806,0.1
disagg_fut,088691,"Gold, COMEX (GLD proxy)",nonreportable,2013-05-21,42125,38262,3863,3443,446087,0.9
disagg_fut,088691,"Gold, COMEX (GLD proxy)",nonreportable,2013-05-28,44683,42341,2342,-1521,411001,0.6
disagg_fut,088691,"Gold, COMEX (GLD proxy)",nonreportable,2013-06-04,35930,35478,452,-1890,373061,0.1
disagg_fut,088691,"Gold, COMEX (GLD proxy)",nonreportable,2013-06-11,35793,36476,-683,-1135,373844,-0.2
disagg_fut,088691,"Gold, COMEX (GLD proxy)",nonreportable,2013-06-18,37225,36802,423,1106,377106,0.1
disagg_fut,088691,"Gold, COMEX (GLD proxy)",nonreportable,2013-06-25,38930,37874,1056,633,390647,0.3
disagg_fut,088691,"Gold, COMEX (GLD proxy)",nonreportable,2013-07-02,38169,36144,2025,969,410399,0.5
disagg_fut,088691,"Gold, COMEX (GLD proxy)",nonreportable,2013-07-09,37702,35218,2484,459,431574,0.6
disagg_fut,088691,"Gold, COMEX (GLD proxy)",nonreportable,2013-07-16,37895,36750,1145,-1339,440283,0.3
disagg_fut,088691,"Gold, COMEX (GLD proxy)",nonreportable,2013-07-23,38029,37524,505,-640,434750,0.1
disagg_fut,088691,"Gold, COMEX (GLD proxy)",nonreportable,2013-07-30,33843,36435,-2592,-3097,397035,-0.7
disagg_fut,088691,"Gold, COMEX (GLD proxy)",nonreportable,2013-08-06,36134,33610,2524,5116,396062,0.6
disagg_fut,088691,"Gold, COMEX (GLD proxy)",nonreportable,2013-08-13,38520,31572,6948,4424,390547,1.8
disagg_fut,088691,"Gold, COMEX (GLD proxy)",nonreportable,2013-08-20,37448,30179,7269,321,385410,1.9
disagg_fut,088691,"Gold, COMEX (GLD proxy)",nonreportable,2013-08-27,40300,30951,9349,2080,384102,2.4
disagg_fut,088691,"Gold, COMEX (GLD proxy)",nonreportable,2013-09-03,43096,28826,14270,4921,388584,3.7
disagg_fut,088691,"Gold, COMEX (GLD proxy)",nonreportable,2013-09-10,38503,27003,11500,-2770,384164,3.0
disagg_fut,088691,"Gold, COMEX (GLD proxy)",nonreportable,2013-09-17,38578,32037,6541,-4959,384592,1.7
disagg_fut,088691,"Gold, COMEX (GLD proxy)",nonreportable,2013-09-24,35599,31211,4388,-2153,378216,1.2
disagg_fut,088691,"Gold, COMEX (GLD proxy)",nonreportable,2013-10-01,36060,30979,5081,693,374151,1.4
disagg_fut,088691,"Gold, COMEX (GLD proxy)",nonreportable,2013-10-08,36677,28578,8099,3018,370406,2.2
disagg_fut,088691,"Gold, COMEX (GLD proxy)",nonreportable,2013-10-15,36017,33126,2891,-5208,381727,0.8
disagg_fut,088691,"Gold, COMEX (GLD proxy)",nonreportable,2013-10-22,36523,31040,5483,2592,390369,1.4
disagg_fut,088691,"Gold, COMEX (GLD proxy)",nonreportable,2013-10-29,36956,30405,6551,1068,387166,1.7
disagg_fut,088691,"Gold, COMEX (GLD proxy)",nonreportable,2013-11-05,35399,32635,2764,-3787,386796,0.7
disagg_fut,088691,"Gold, COMEX (GLD proxy)",nonreportable,2013-11-12,40195,35762,4433,1669,403840,1.1
disagg_fut,088691,"Gold, COMEX (GLD proxy)",nonreportable,2013-11-19,37798,34403,3395,-1038,397590,0.9
disagg_fut,088691,"Gold, COMEX (GLD proxy)",nonreportable,2013-11-26,37961,36280,1681,-1714,394432,0.4
disagg_fut,088691,"Gold, COMEX (GLD proxy)",nonreportable,2013-12-03,37707,38099,-392,-2073,386436,-0.1
disagg_fut,088691,"Gold, COMEX (GLD proxy)",nonreportable,2013-12-10,37501,34919,2582,2974,377313,0.7
disagg_fut,088691,"Gold, COMEX (GLD proxy)",nonreportable,2013-12-17,37156,35961,1195,-1387,385432,0.3
disagg_fut,088691,"Gold, COMEX (GLD proxy)",nonreportable,2013-12-24,36847,37668,-821,-2016,384974,-0.2
disagg_fut,088691,"Gold, COMEX (GLD proxy)",nonreportable,2013-12-31,37617,36819,798,1619,379550,0.2
disagg_fut,088691,"Gold, COMEX (GLD proxy)",nonreportable,2014-01-07,38246,35249,2997,2199,383021,0.8
disagg_fut,088691,"Gold, COMEX (GLD proxy)",nonreportable,2014-01-14,37217,35975,1242,-1755,415426,0.3
disagg_fut,088691,"Gold, COMEX (GLD proxy)",nonreportable,2014-01-21,36635,37127,-492,-1734,410959,-0.1
disagg_fut,088691,"Gold, COMEX (GLD proxy)",nonreportable,2014-01-28,33449,34811,-1362,-870,382739,-0.4
disagg_fut,088691,"Gold, COMEX (GLD proxy)",nonreportable,2014-02-04,31747,30904,843,2205,368279,0.2
disagg_fut,088691,"Gold, COMEX (GLD proxy)",nonreportable,2014-02-11,35367,33914,1453,610,376973,0.4
disagg_fut,088691,"Gold, COMEX (GLD proxy)",nonreportable,2014-02-18,38978,31858,7120,5667,390535,1.8
disagg_fut,088691,"Gold, COMEX (GLD proxy)",nonreportable,2014-02-25,39785,32586,7199,79,387503,1.9
disagg_fut,088691,"Gold, COMEX (GLD proxy)",nonreportable,2014-03-04,37171,31188,5983,-1216,393266,1.5
disagg_fut,088691,"Gold, COMEX (GLD proxy)",nonreportable,2014-03-11,40337,33860,6477,494,415340,1.6
disagg_fut,088691,"Gold, COMEX (GLD proxy)",nonreportable,2014-03-18,40310,31190,9120,2643,420626,2.2
disagg_fut,088691,"Gold, COMEX (GLD proxy)",nonreportable,2014-03-25,38841,28537,10304,1184,398264,2.6
disagg_fut,088691,"Gold, COMEX (GLD proxy)",nonreportable,2014-04-01,40228,26344,13884,3580,363451,3.8
disagg_fut,088691,"Gold, COMEX (GLD proxy)",nonreportable,2014-04-08,39572,26428,13144,-740,365400,3.6
disagg_fut,088691,"Gold, COMEX (GLD proxy)",nonreportable,2014-04-15,38330,30017,8313,-4831,369577,2.2
disagg_fut,088691,"Gold, COMEX (GLD proxy)",nonreportable,2014-04-22,38862,30169,8693,380,372593,2.3
disagg_fut,088691,"Gold, COMEX (GLD proxy)",nonreportable,2014-04-29,39273,27329,11944,3251,378092,3.2
disagg_fut,088691,"Gold, COMEX (GLD proxy)",nonreportable,2014-05-06,39976,27461,12515,571,404700,3.1
disagg_fut,088691,"Gold, COMEX (GLD proxy)",nonreportable,2014-05-13,41045,30358,10687,-1828,397029,2.7
disagg_fut,088691,"Gold, COMEX (GLD proxy)",nonreportable,2014-05-20,39492,29973,9519,-1168,399371,2.4
disagg_fut,088691,"Gold, COMEX (GLD proxy)",nonreportable,2014-05-27,44390,39143,5247,-4272,397695,1.3
disagg_fut,088691,"Gold, COMEX (GLD proxy)",nonreportable,2014-06-03,36858,32565,4293,-954,382141,1.1
disagg_fut,088691,"Gold, COMEX (GLD proxy)",nonreportable,2014-06-10,36421,34398,2023,-2270,378689,0.5
disagg_fut,088691,"Gold, COMEX (GLD proxy)",nonreportable,2014-06-17,34637,34607,30,-1993,379843,0.0
disagg_fut,088691,"Gold, COMEX (GLD proxy)",nonreportable,2014-06-24,41132,30384,10748,10718,392388,2.7
disagg_fut,088691,"Gold, COMEX (GLD proxy)",nonreportable,2014-07-01,43091,28661,14430,3682,401813,3.6
disagg_fut,088691,"Gold, COMEX (GLD proxy)",nonreportable,2014-07-08,44290,28308,15982,1552,410992,3.9
disagg_fut,088691,"Gold, COMEX (GLD proxy)",nonreportable,2014-07-15,41314,26866,14448,-1534,408368,3.5
disagg_fut,088691,"Gold, COMEX (GLD proxy)",nonreportable,2014-07-22,41487,27442,14045,-403,405617,3.5
disagg_fut,088691,"Gold, COMEX (GLD proxy)",nonreportable,2014-07-29,37571,27792,9779,-4266,374467,2.6
disagg_fut,088691,"Gold, COMEX (GLD proxy)",nonreportable,2014-08-05,37580,27401,10179,400,360342,2.8
disagg_fut,088691,"Gold, COMEX (GLD proxy)",nonreportable,2014-08-12,41209,28203,13006,2827,368114,3.5
disagg_fut,088691,"Gold, COMEX (GLD proxy)",nonreportable,2014-08-19,39778,30092,9686,-3320,366401,2.6
disagg_fut,088691,"Gold, COMEX (GLD proxy)",nonreportable,2014-08-26,40688,30309,10379,693,363608,2.9
disagg_fut,088691,"Gold, COMEX (GLD proxy)",nonreportable,2014-09-02,39661,32833,6828,-3551,371515,1.8
disagg_fut,088691,"Gold, COMEX (GLD proxy)",nonreportable,2014-09-09,38579,35765,2814,-4014,384341,0.7
disagg_fut,088691,"Gold, COMEX (GLD proxy)",nonreportable,2014-09-16,40531,36475,4056,1242,386080,1.1
disagg_fut,088691,"Gold, COMEX (GLD proxy)",nonreportable,2014-09-23,36253,35818,435,-3621,385788,0.1
disagg_fut,088691,"Gold, COMEX (GLD proxy)",nonreportable,2014-09-30,35600,39741,-4141,-4576,379874,-1.1
disagg_fut,088691,"Gold, COMEX (GLD proxy)",nonreportable,2014-10-07,35539,38579,-3040,1101,380087,-0.8
disagg_fut,088691,"Gold, COMEX (GLD proxy)",nonreportable,2014-10-14,33603,40195,-6592,-3552,397855,-1.7
disagg_fut,088691,"Gold, COMEX (GLD proxy)",nonreportable,2014-10-21,33731,36817,-3086,3506,411057,-0.8
disagg_fut,088691,"Gold, COMEX (GLD proxy)",nonreportable,2014-10-28,32399,34274,-1875,1211,414410,-0.5
disagg_fut,088691,"Gold, COMEX (GLD proxy)",nonreportable,2014-11-04,34216,42134,-7918,-6043,417377,-1.9
disagg_fut,088691,"Gold, COMEX (GLD proxy)",nonreportable,2014-11-11,35237,41256,-6019,1899,443422,-1.4
disagg_fut,088691,"Gold, COMEX (GLD proxy)",nonreportable,2014-11-18,33308,43733,-10425,-4406,459657,-2.3
disagg_fut,088691,"Gold, COMEX (GLD proxy)",nonreportable,2014-11-25,32856,40578,-7722,2703,388145,-2.0
disagg_fut,088691,"Gold, COMEX (GLD proxy)",nonreportable,2014-12-02,34138,34060,78,7800,368121,0.0
disagg_fut,088691,"Gold, COMEX (GLD proxy)",nonreportable,2014-12-09,38049,36310,1739,1661,375323,0.5
disagg_fut,088691,"Gold, COMEX (GLD proxy)",nonreportable,2014-12-16,32932,36249,-3317,-5056,371743,-0.9
disagg_fut,088691,"Gold, COMEX (GLD proxy)",nonreportable,2014-12-23,31228,36913,-5685,-2368,375212,-1.5
disagg_fut,088691,"Gold, COMEX (GLD proxy)",nonreportable,2014-12-30,34608,37311,-2703,2982,373982,-0.7
disagg_fut,088691,"Gold, COMEX (GLD proxy)",nonreportable,2015-01-06,34990,34496,494,3197,394021,0.1
disagg_fut,088691,"Gold, COMEX (GLD proxy)",nonreportable,2015-01-13,38984,31534,7450,6956,402108,1.9
disagg_fut,088691,"Gold, COMEX (GLD proxy)",nonreportable,2015-01-20,43445,28090,15355,7905,430128,3.6
disagg_fut,088691,"Gold, COMEX (GLD proxy)",nonreportable,2015-01-27,43731,26496,17235,1880,438279,3.9
disagg_fut,088691,"Gold, COMEX (GLD proxy)",nonreportable,2015-02-03,44670,26412,18258,1023,419524,4.4
disagg_fut,088691,"Gold, COMEX (GLD proxy)",nonreportable,2015-02-10,42098,26781,15317,-2941,393232,3.9
disagg_fut,088691,"Gold, COMEX (GLD proxy)",nonreportable,2015-02-17,41111,29210,11901,-3416,389530,3.1
disagg_fut,088691,"Gold, COMEX (GLD proxy)",nonreportable,2015-02-24,39742,30219,9523,-2378,399307,2.4
disagg_fut,088691,"Gold, COMEX (GLD proxy)",nonreportable,2015-03-03,40325,32758,7567,-1956,405124,1.9
disagg_fut,088691,"Gold, COMEX (GLD proxy)",nonreportable,2015-03-10,41262,33812,7450,-117,410918,1.8
disagg_fut,088691,"Gold, COMEX (GLD proxy)",nonreportable,2015-03-17,40446,37049,3397,-4053,429738,0.8
disagg_fut,088691,"Gold, COMEX (GLD proxy)",nonreportable,2015-03-24,35285,36641,-1356,-4753,433767,-0.3
disagg_fut,088691,"Gold, COMEX (GLD proxy)",nonreportable,2015-03-31,32998,31902,1096,2452,387585,0.3
disagg_fut,088691,"Gold, COMEX (GLD proxy)",nonreportable,2015-04-07,35083,27551,7532,6436,390571,1.9
disagg_fut,088691,"Gold, COMEX (GLD proxy)",nonreportable,2015-04-14,34431,29235,5196,-2336,395089,1.3
disagg_fut,088691,"Gold, COMEX (GLD proxy)",nonreportable,2015-04-21,35742,31981,3761,-1435,397379,0.9
disagg_fut,088691,"Gold, COMEX (GLD proxy)",nonreportable,2015-04-28,35523,29908,5615,1854,403575,1.4
disagg_fut,088691,"Gold, COMEX (GLD proxy)",nonreportable,2015-05-05,32713,30991,1722,-3893,399988,0.4
disagg_fut,088691,"Gold, COMEX (GLD proxy)",nonreportable,2015-05-12,32075,32013,62,-1660,405612,0.0
disagg_fut,088691,"Gold, COMEX (GLD proxy)",nonreportable,2015-05-19,38971,29258,9713,9651,428597,2.3
disagg_fut,088691,"Gold, COMEX (GLD proxy)",nonreportable,2015-05-26,37061,32035,5026,-4687,411961,1.2
disagg_fut,088691,"Gold, COMEX (GLD proxy)",nonreportable,2015-06-02,33204,29464,3740,-1286,398724,0.9
disagg_fut,088691,"Gold, COMEX (GLD proxy)",nonreportable,2015-06-09,35237,31738,3499,-241,406069,0.9
disagg_fut,088691,"Gold, COMEX (GLD proxy)",nonreportable,2015-06-16,33911,32997,914,-2585,415718,0.2
disagg_fut,088691,"Gold, COMEX (GLD proxy)",nonreportable,2015-06-23,36323,30549,5774,4860,430978,1.3
disagg_fut,088691,"Gold, COMEX (GLD proxy)",nonreportable,2015-06-30,37859,30245,7614,1840,442301,1.7
disagg_fut,088691,"Gold, COMEX (GLD proxy)",nonreportable,2015-07-07,37811,35670,2141,-5473,452145,0.5
disagg_fut,088691,"Gold, COMEX (GLD proxy)",nonreportable,2015-07-14,36195,35550,645,-1496,462664,0.1
disagg_fut,088691,"Gold, COMEX (GLD proxy)",nonreportable,2015-07-21,35421,42116,-6695,-7340,459760,-1.5
disagg_fut,088691,"Gold, COMEX (GLD proxy)",nonreportable,2015-07-28,34220,43419,-9199,-2504,438282,-2.1
disagg_fut,088691,"Gold, COMEX (GLD proxy)",nonreportable,2015-08-04,32365,47445,-15080,-5881,434273,-3.5
disagg_fut,088691,"Gold, COMEX (GLD proxy)",nonreportable,2015-08-11,35329,43313,-7984,7096,435489,-1.8
disagg_fut,088691,"Gold, COMEX (GLD proxy)",nonreportable,2015-08-18,32238,43949,-11711,-3727,432728,-2.7
disagg_fut,088691,"Gold, COMEX (GLD proxy)",nonreportable,2015-08-25,32586,40683,-8097,3614,432154,-1.9
disagg_fut,088691,"Gold, COMEX (GLD proxy)",nonreportable,2015-09-01,33066,36663,-3597,4500,410274,-0.9
disagg_fut,088691,"Gold, COMEX (GLD proxy)",nonreportable,2015-09-08,33614,36928,-3314,283,421732,-0.8
disagg_fut,088691,"Gold, COMEX (GLD proxy)",nonreportable,2015-09-15,32607,39175,-6568,-3254,413333,-1.6
disagg_fut,088691,"Gold, COMEX (GLD proxy)",nonreportable,2015-09-22,31981,35878,-3897,2671,419304,-0.9
disagg_fut,088691,"Gold, COMEX (GLD proxy)",nonreportable,2015-09-29,32860,36362,-3502,395,415700,-0.8
disagg_fut,088691,"Gold, COMEX (GLD proxy)",nonreportable,2015-10-06,33509,31859,1650,5152,430228,0.4
disagg_fut,088691,"Gold, COMEX (GLD proxy)",nonreportable,2015-10-13,35345,34010,1335,-315,435928,0.3
disagg_fut,088691,"Gold, COMEX (GLD proxy)",nonreportable,2015-10-20,42473,30474,11999,10664,467792,2.6
disagg_fut,088691,"Gold, COMEX (GLD proxy)",nonreportable,2015-10-27,39519,31105,8414,-3585,466780,1.8
disagg_fut,088691,"Gold, COMEX (GLD proxy)",nonreportable,2015-11-03,39350,30704,8646,232,443900,1.9
disagg_fut,088691,"Gold, COMEX (GLD proxy)",nonreportable,2015-11-10,40259,36754,3505,-5141,436426,0.8
disagg_fut,088691,"Gold, COMEX (GLD proxy)",nonreportable,2015-11-17,39079,45005,-5926,-9431,435376,-1.4
disagg_fut,088691,"Gold, COMEX (GLD proxy)",nonreportable,2015-11-24,39357,43676,-4319,1607,397705,-1.1
disagg_fut,088691,"Gold, COMEX (GLD proxy)",nonreportable,2015-12-01,35707,42546,-6839,-2520,390940,-1.7
disagg_fut,088691,"Gold, COMEX (GLD proxy)",nonreportable,2015-12-08,35722,41348,-5626,1213,394128,-1.4
disagg_fut,088691,"Gold, COMEX (GLD proxy)",nonreportable,2015-12-15,35284,40674,-5390,236,390944,-1.4
disagg_fut,088691,"Gold, COMEX (GLD proxy)",nonreportable,2015-12-22,35445,39621,-4176,1214,405294,-1.0
disagg_fut,088691,"Gold, COMEX (GLD proxy)",nonreportable,2015-12-29,36511,40278,-3767,409,401880,-0.9
disagg_fut,088691,"Gold, COMEX (GLD proxy)",nonreportable,2016-01-05,33921,41206,-7285,-3518,413688,-1.8
disagg_fut,088691,"Gold, COMEX (GLD proxy)",nonreportable,2016-01-12,37852,38985,-1133,6152,397565,-0.3
disagg_fut,088691,"Gold, COMEX (GLD proxy)",nonreportable,2016-01-19,33749,37300,-3551,-2418,408835,-0.9
disagg_fut,088691,"Gold, COMEX (GLD proxy)",nonreportable,2016-01-26,38543,37750,793,4344,385350,0.2
disagg_fut,088691,"Gold, COMEX (GLD proxy)",nonreportable,2016-02-02,39579,35046,4533,3740,379185,1.2
disagg_fut,088691,"Gold, COMEX (GLD proxy)",nonreportable,2016-02-09,41975,35480,6495,1962,410833,1.6
disagg_fut,088691,"Gold, COMEX (GLD proxy)",nonreportable,2016-02-16,45771,31147,14624,8129,428912,3.4
disagg_fut,088691,"Gold, COMEX (GLD proxy)",nonreportable,2016-02-23,49448,31277,18171,3547,445290,4.1
disagg_fut,088691,"Gold, COMEX (GLD proxy)",nonreportable,2016-03-01,51148,32130,19018,847,450555,4.2
disagg_fut,088691,"Gold, COMEX (GLD proxy)",nonreportable,2016-03-08,53520,32958,20562,1544,499110,4.1
disagg_fut,088691,"Gold, COMEX (GLD proxy)",nonreportable,2016-03-15,49810,33791,16019,-4543,493086,3.2
disagg_fut,088691,"Gold, COMEX (GLD proxy)",nonreportable,2016-03-22,51562,30399,21163,5144,510579,4.1
disagg_fut,088691,"Gold, COMEX (GLD proxy)",nonreportable,2016-03-29,49423,31265,18158,-3005,480461,3.8
disagg_fut,088691,"Gold, COMEX (GLD proxy)",nonreportable,2016-04-05,47560,30715,16845,-1313,474094,3.6
disagg_fut,088691,"Gold, COMEX (GLD proxy)",nonreportable,2016-04-12,49032,31052,17980,1135,504523,3.6
disagg_fut,088691,"Gold, COMEX (GLD proxy)",nonreportable,2016-04-19,50205,26921,23284,5304,503331,4.6
disagg_fut,088691,"Gold, COMEX (GLD proxy)",nonreportable,2016-04-26,47030,27779,19251,-4033,497884,3.9
disagg_fut,088691,"Gold, COMEX (GLD proxy)",nonreportable,2016-05-03,51223,27970,23253,4002,565774,4.1
disagg_fut,088691,"Gold, COMEX (GLD proxy)",nonreportable,2016-05-10,51710,31612,20098,-3155,579777,3.5
disagg_fut,088691,"Gold, COMEX (GLD proxy)",nonreportable,2016-05-17,52715,28760,23955,3857,595077,4.0
disagg_fut,088691,"Gold, COMEX (GLD proxy)",nonreportable,2016-05-24,52714,34133,18581,-5374,542958,3.4
disagg_fut,088691,"Gold, COMEX (GLD proxy)",nonreportable,2016-05-31,47347,30444,16903,-1678,494321,3.4
disagg_fut,088691,"Gold, COMEX (GLD proxy)",nonreportable,2016-06-07,46570,31497,15073,-1830,496330,3.0
disagg_fut,088691,"Gold, COMEX (GLD proxy)",nonreportable,2016-06-14,45594,27379,18215,3142,545357,3.3
disagg_fut,088691,"Gold, COMEX (GLD proxy)",nonreportable,2016-06-21,47511,28103,19408,1193,571517,3.4
disagg_fut,088691,"Gold, COMEX (GLD proxy)",nonreportable,2016-06-28,49131,24730,24401,4993,613792,4.0
disagg_fut,088691,"Gold, COMEX (GLD proxy)",nonreportable,2016-07-05,50789,26545,24244,-157,652971,3.7
disagg_fut,088691,"Gold, COMEX (GLD proxy)",nonreportable,2016-07-12,52553,24564,27989,3745,633020,4.4
disagg_fut,088691,"Gold, COMEX (GLD proxy)",nonreportable,2016-07-19,55614,26048,29566,1577,617069,4.8
disagg_fut,088691,"Gold, COMEX (GLD proxy)",nonreportable,2016-07-26,55829,25761,30068,502,576325,5.2
disagg_fut,088691,"Gold, COMEX (GLD proxy)",nonreportable,2016-08-02,54451,24607,29844,-224,582211,5.1
disagg_fut,088691,"Gold, COMEX (GLD proxy)",nonreportable,2016-08-09,52657,26163,26494,-3350,575399,4.6
disagg_fut,088691,"Gold, COMEX (GLD proxy)",nonreportable,2016-08-16,52525,25383,27142,648,572496,4.7
disagg_fut,088691,"Gold, COMEX (GLD proxy)",nonreportable,2016-08-23,51796,28930,22866,-4276,572973,4.0
disagg_fut,088691,"Gold, COMEX (GLD proxy)",nonreportable,2016-08-30,53666,28794,24872,2006,558398,4.5
disagg_fut,088691,"Gold, COMEX (GLD proxy)",nonreportable,2016-09-06,53939,31826,22113,-2759,590656,3.7
disagg_fut,088691,"Gold, COMEX (GLD proxy)",nonreportable,2016-09-13,53893,27935,25958,3845,575002,4.5
disagg_fut,088691,"Gold, COMEX (GLD proxy)",nonreportable,2016-09-20,61156,26720,34436,8478,558791,6.2
disagg_fut,088691,"Gold, COMEX (GLD proxy)",nonreportable,2016-09-27,53108,30418,22690,-11746,583161,3.9
disagg_fut,088691,"Gold, COMEX (GLD proxy)",nonreportable,2016-10-04,54958,29224,25734,3044,544824,4.7
disagg_fut,088691,"Gold, COMEX (GLD proxy)",nonreportable,2016-10-11,53697,27717,25980,246,500328,5.2
disagg_fut,088691,"Gold, COMEX (GLD proxy)",nonreportable,2016-10-18,51020,27967,23053,-2927,497061,4.6
disagg_fut,088691,"Gold, COMEX (GLD proxy)",nonreportable,2016-10-25,49625,29006,20619,-2434,507617,4.1
disagg_fut,088691,"Gold, COMEX (GLD proxy)",nonreportable,2016-11-01,51847,27727,24120,3501,521506,4.6
disagg_fut,088691,"Gold, COMEX (GLD proxy)",nonreportable,2016-11-08,51015,22667,28348,4228,528203,5.4
disagg_fut,088691,"Gold, COMEX (GLD proxy)",nonreportable,2016-11-15,49240,26934,22306,-6042,479237,4.7
disagg_fut,088691,"Gold, COMEX (GLD proxy)",nonreportable,2016-11-22,52695,27608,25087,2781,461062,5.4
disagg_fut,088691,"Gold, COMEX (GLD proxy)",nonreportable,2016-11-29,45567,29314,16253,-8834,405661,4.0
disagg_fut,088691,"Gold, COMEX (GLD proxy)",nonreportable,2016-12-06,45639,27075,18564,2311,393524,4.7
disagg_fut,088691,"Gold, COMEX (GLD proxy)",nonreportable,2016-12-13,46092,25517,20575,2011,397034,5.2
disagg_fut,088691,"Gold, COMEX (GLD proxy)",nonreportable,2016-12-20,47292,28104,19188,-1387,398661,4.8
disagg_fut,088691,"Gold, COMEX (GLD proxy)",nonreportable,2016-12-27,49164,26540,22624,3436,401513,5.6
disagg_fut,088691,"Gold, COMEX (GLD proxy)",nonreportable,2017-01-03,47387,26325,21062,-1562,424673,5.0
disagg_fut,088691,"Gold, COMEX (GLD proxy)",nonreportable,2017-01-10,44077,27743,16334,-4728,444001,3.7
disagg_fut,088691,"Gold, COMEX (GLD proxy)",nonreportable,2017-01-17,43995,27925,16070,-264,467937,3.4
disagg_fut,088691,"Gold, COMEX (GLD proxy)",nonreportable,2017-01-24,43722,26755,16967,897,482374,3.5
disagg_fut,088691,"Gold, COMEX (GLD proxy)",nonreportable,2017-01-31,39227,26579,12648,-4319,398433,3.2
disagg_fut,088691,"Gold, COMEX (GLD proxy)",nonreportable,2017-02-07,41364,24367,16997,4349,415543,4.1
disagg_fut,088691,"Gold, COMEX (GLD proxy)",nonreportable,2017-02-14,39763,21727,18036,1039,415128,4.3
disagg_fut,088691,"Gold, COMEX (GLD proxy)",nonreportable,2017-02-21,40344,24543,15801,-2235,427168,3.7
disagg_fut,088691,"Gold, COMEX (GLD proxy)",nonreportable,2017-02-28,43997,27888,16109,308,446081,3.6
disagg_fut,088691,"Gold, COMEX (GLD proxy)",nonreportable,2017-03-07,43791,24828,18963,2854,434401,4.4
disagg_fut,088691,"Gold, COMEX (GLD proxy)",nonreportable,2017-03-14,44232,26983,17249,-1714,426170,4.0
disagg_fut,088691,"Gold, COMEX (GLD proxy)",nonreportable,2017-03-21,43297,30552,12745,-4504,446880,2.9
disagg_fut,088691,"Gold, COMEX (GLD proxy)",nonreportable,2017-03-28,42014,27720,14294,1549,449418,3.2
disagg_fut,088691,"Gold, COMEX (GLD proxy)",nonreportable,2017-04-04,43589,28009,15580,1286,427808,3.6
disagg_fut,088691,"Gold, COMEX (GLD proxy)",nonreportable,2017-04-11,47518,32820,14698,-882,456131,3.2
disagg_fut,088691,"Gold, COMEX (GLD proxy)",nonreportable,2017-04-18,46822,31526,15296,598,472263,3.2
disagg_fut,088691,"Gold, COMEX (GLD proxy)",nonreportable,2017-04-25,44669,30766,13903,-1393,475985,2.9
disagg_fut,088691,"Gold, COMEX (GLD proxy)",nonreportable,2017-05-02,44782,30430,14352,449,461905,3.1
disagg_fut,088691,"Gold, COMEX (GLD proxy)",nonreportable,2017-05-09,45099,30683,14416,64,433033,3.3
disagg_fut,088691,"Gold, COMEX (GLD proxy)",nonreportable,2017-05-16,45111,28976,16135,1719,435021,3.7
disagg_fut,088691,"Gold, COMEX (GLD proxy)",nonreportable,2017-05-23,45278,30754,14524,-1611,462572,3.1
disagg_fut,088691,"Gold, COMEX (GLD proxy)",nonreportable,2017-05-30,44404,28275,16129,1605,434246,3.7
disagg_fut,088691,"Gold, COMEX (GLD proxy)",nonreportable,2017-06-06,44028,32139,11889,-4240,494041,2.4
disagg_fut,088691,"Gold, COMEX (GLD proxy)",nonreportable,2017-06-13,40186,26849,13337,1448,471134,2.8
disagg_fut,088691,"Gold, COMEX (GLD proxy)",nonreportable,2017-06-20,43201,28860,14341,1004,445841,3.2
disagg_fut,088691,"Gold, COMEX (GLD proxy)",nonreportable,2017-06-27,47403,29212,18191,3850,453144,4.0
disagg_fut,088691,"Gold, COMEX (GLD proxy)",nonreportable,2017-07-03,47362,33935,13427,,457201,2.9
disagg_fut,088691,"Gold, COMEX (GLD proxy)",nonreportable,2017-07-11,45455,31799,13656,,475669,2.9
disagg_fut,088691,"Gold, COMEX (GLD proxy)",nonreportable,2017-07-18,44194,30697,13497,-159,484204,2.8
disagg_fut,088691,"Gold, COMEX (GLD proxy)",nonreportable,2017-07-25,43387,30875,12512,-985,463827,2.7
disagg_fut,088691,"Gold, COMEX (GLD proxy)",nonreportable,2017-08-01,42055,28342,13713,1201,448709,3.1
disagg_fut,088691,"Gold, COMEX (GLD proxy)",nonreportable,2017-08-08,40774,30100,10674,-3039,448727,2.4
disagg_fut,088691,"Gold, COMEX (GLD proxy)",nonreportable,2017-08-15,40360,31463,8897,-1777,477921,1.9
disagg_fut,088691,"Gold, COMEX (GLD proxy)",nonreportable,2017-08-22,42070,30590,11480,2583,500443,2.3
disagg_fut,088691,"Gold, COMEX (GLD proxy)",nonreportable,2017-08-29,46981,29999,16982,5502,538875,3.2
disagg_fut,088691,"Gold, COMEX (GLD proxy)",nonreportable,2017-09-05,50741,34232,16509,-473,566817,2.9
disagg_fut,088691,"Gold, COMEX (GLD proxy)",nonreportable,2017-09-12,48644,31306,17338,829,580606,3.0
disagg_fut,088691,"Gold, COMEX (GLD proxy)",nonreportable,2017-09-19,46252,29300,16952,-386,570096,3.0
disagg_fut,088691,"Gold, COMEX (GLD proxy)",nonreportable,2017-09-26,48586,27709,20877,3925,549637,3.8
disagg_fut,088691,"Gold, COMEX (GLD proxy)",nonreportable,2017-10-03,46571,26003,20568,-309,525127,3.9
disagg_fut,088691,"Gold, COMEX (GLD proxy)",nonreportable,2017-10-10,48086,25201,22885,2317,520005,4.4
disagg_fut,088691,"Gold, COMEX (GLD proxy)",nonreportable,2017-10-17,47228,26328,20900,-1985,528800,4.0
disagg_fut,088691,"Gold, COMEX (GLD proxy)",nonreportable,2017-10-24,45115,25847,19268,-1632,526674,3.7
disagg_fut,088691,"Gold, COMEX (GLD proxy)",nonreportable,2017-10-31,45483,27930,17553,-1715,531918,3.3
disagg_fut,088691,"Gold, COMEX (GLD proxy)",nonreportable,2017-11-07,46485,26988,19497,1944,536843,3.6
disagg_fut,088691,"Gold, COMEX (GLD proxy)",nonreportable,2017-11-14,47250,26543,20707,1210,533054,3.9
disagg_fut,088691,"Gold, COMEX (GLD proxy)",nonreportable,2017-11-21,49727,26498,23229,2522,531612,4.4
disagg_fut,088691,"Gold, COMEX (GLD proxy)",nonreportable,2017-11-28,47240,25116,22124,-1105,503810,4.4
disagg_fut,088691,"Gold, COMEX (GLD proxy)",nonreportable,2017-12-05,44147,27586,16561,-5563,472795,3.5
disagg_fut,088691,"Gold, COMEX (GLD proxy)",nonreportable,2017-12-12,43569,31174,12395,-4166,446618,2.8
disagg_fut,088691,"Gold, COMEX (GLD proxy)",nonreportable,2017-12-19,43486,29064,14422,2027,453595,3.2
disagg_fut,088691,"Gold, COMEX (GLD proxy)",nonreportable,2017-12-26,40768,27247,13521,-901,456470,3.0
disagg_fut,088691,"Gold, COMEX (GLD proxy)",nonreportable,2018-01-02,44151,29819,14332,811,500731,2.9
disagg_fut,088691,"Gold, COMEX (GLD proxy)",nonreportable,2018-01-09,46925,29942,16983,2651,555455,3.1
disagg_fut,088691,"Gold, COMEX (GLD proxy)",nonreportable,2018-01-16,49098,28302,20796,3813,582333,3.6
disagg_fut,088691,"Gold, COMEX (GLD proxy)",nonreportable,2018-01-23,50628,30760,19868,-928,582421,3.4
disagg_fut,088691,"Gold, COMEX (GLD proxy)",nonreportable,2018-01-30,48667,30853,17814,-2054,559332,3.2
disagg_fut,088691,"Gold, COMEX (GLD proxy)",nonreportable,2018-02-06,42286,27712,14574,-3240,535321,2.7
disagg_fut,088691,"Gold, COMEX (GLD proxy)",nonreportable,2018-02-13,44796,25866,18930,4356,511745,3.7
disagg_fut,088691,"Gold, COMEX (GLD proxy)",nonreportable,2018-02-20,48400,24444,23956,5026,528154,4.5
disagg_fut,088691,"Gold, COMEX (GLD proxy)",nonreportable,2018-02-27,47335,26257,21078,-2878,532860,4.0
disagg_fut,088691,"Gold, COMEX (GLD proxy)",nonreportable,2018-03-06,46281,25201,21080,2,508100,4.1
disagg_fut,088691,"Gold, COMEX (GLD proxy)",nonreportable,2018-03-13,48014,27152,20862,-218,526762,4.0
disagg_fut,088691,"Gold, COMEX (GLD proxy)",nonreportable,2018-03-20,46306,27767,18539,-2323,545499,3.4
disagg_fut,088691,"Gold, COMEX (GLD proxy)",nonreportable,2018-03-27,49819,26813,23006,4467,529690,4.3
disagg_fut,088691,"Gold, COMEX (GLD proxy)",nonreportable,2018-04-03,43845,21569,22276,-730,493141,4.5
disagg_fut,088691,"Gold, COMEX (GLD proxy)",nonreportable,2018-04-10,45574,25294,20280,-1996,499588,4.1
disagg_fut,088691,"Gold, COMEX (GLD proxy)",nonreportable,2018-04-17,46906,24713,22193,1913,510229,4.3
disagg_fut,088691,"Gold, COMEX (GLD proxy)",nonreportable,2018-04-24,50537,25383,25154,2961,506410,5.0
disagg_fut,088691,"Gold, COMEX (GLD proxy)",nonreportable,2018-05-01,52288,27195,25093,-61,507756,4.9
disagg_fut,088691,"Gold, COMEX (GLD proxy)",nonreportable,2018-05-08,53651,26107,27544,2451,491398,5.6
disagg_fut,088691,"Gold, COMEX (GLD proxy)",nonreportable,2018-05-15,57246,31600,25646,-1898,519958,4.9
disagg_fut,088691,"Gold, COMEX (GLD proxy)",nonreportable,2018-05-22,54558,29940,24618,-1028,502942,4.9
disagg_fut,088691,"Gold, COMEX (GLD proxy)",nonreportable,2018-05-29,51427,29868,21559,-3059,469382,4.6
disagg_fut,088691,"Gold, COMEX (GLD proxy)",nonreportable,2018-06-05,50584,27653,22931,1372,450641,5.1
disagg_fut,088691,"Gold, COMEX (GLD proxy)",nonreportable,2018-06-12,48159,27812,20347,-2584,448695,4.5
disagg_fut,088691,"Gold, COMEX (GLD proxy)",nonreportable,2018-06-19,47073,29461,17612,-2735,468345,3.8
disagg_fut,088691,"Gold, COMEX (GLD proxy)",nonreportable,2018-06-26,50420,32129,18291,679,468573,3.9
disagg_fut,088691,"Gold, COMEX (GLD proxy)",nonreportable,2018-07-03,51099,36276,14823,-3468,494164,3.0
disagg_fut,088691,"Gold, COMEX (GLD proxy)",nonreportable,2018-07-10,53355,34395,18960,4137,503593,3.8
disagg_fut,088691,"Gold, COMEX (GLD proxy)",nonreportable,2018-07-17,51491,35697,15794,-3166,528278,3.0
disagg_fut,088691,"Gold, COMEX (GLD proxy)",nonreportable,2018-07-24,54742,37671,17071,1277,496620,3.4
disagg_fut,088691,"Gold, COMEX (GLD proxy)",nonreportable,2018-07-31,50018,37437,12581,-4490,452655,2.8
disagg_fut,088691,"Gold, COMEX (GLD proxy)",nonreportable,2018-08-07,48402,35481,12921,340,459474,2.8
disagg_fut,088691,"Gold, COMEX (GLD proxy)",nonreportable,2018-08-14,46373,35335,11038,-1883,476739,2.3
disagg_fut,088691,"Gold, COMEX (GLD proxy)",nonreportable,2018-08-21,44895,34500,10395,-643,483730,2.1
disagg_fut,088691,"Gold, COMEX (GLD proxy)",nonreportable,2018-08-28,45508,34183,11325,930,479283,2.4
disagg_fut,088691,"Gold, COMEX (GLD proxy)",nonreportable,2018-09-04,49169,42197,6972,-4353,473118,1.5
disagg_fut,088691,"Gold, COMEX (GLD proxy)",nonreportable,2018-09-11,47866,40289,7577,605,469450,1.6
disagg_fut,088691,"Gold, COMEX (GLD proxy)",nonreportable,2018-09-18,43868,34715,9153,1576,469436,1.9
disagg_fut,088691,"Gold, COMEX (GLD proxy)",nonreportable,2018-09-25,47538,36970,10568,1415,460279,2.3
disagg_fut,088691,"Gold, COMEX (GLD proxy)",nonreportable,2018-10-02,49286,36339,12947,2379,459776,2.8
disagg_fut,088691,"Gold, COMEX (GLD proxy)",nonreportable,2018-10-09,47441,35132,12309,-638,465253,2.6
disagg_fut,088691,"Gold, COMEX (GLD proxy)",nonreportable,2018-10-16,47797,33468,14329,2020,474418,3.0
disagg_fut,088691,"Gold, COMEX (GLD proxy)",nonreportable,2018-10-23,47890,30758,17132,2803,477832,3.6
disagg_fut,088691,"Gold, COMEX (GLD proxy)",nonreportable,2018-10-30,48870,30859,18011,879,474941,3.8
disagg_fut,088691,"Gold, COMEX (GLD proxy)",nonreportable,2018-11-06,48615,29505,19110,1099,494911,3.9
disagg_fut,088691,"Gold, COMEX (GLD proxy)",nonreportable,2018-11-13,46932,35862,11070,-8040,539520,2.1
disagg_fut,088691,"Gold, COMEX (GLD proxy)",nonreportable,2018-11-20,43791,29547,14244,3174,525940,2.7
disagg_fut,088691,"Gold, COMEX (GLD proxy)",nonreportable,2018-11-27,48120,33891,14229,-15,442801,3.2
disagg_fut,088691,"Gold, COMEX (GLD proxy)",nonreportable,2018-12-04,39504,30256,9248,-4981,399919,2.3
disagg_fut,088691,"Gold, COMEX (GLD proxy)",nonreportable,2018-12-11,45264,28395,16869,7621,402250,4.2
disagg_fut,088691,"Gold, COMEX (GLD proxy)",nonreportable,2018-12-18,44758,28043,16715,-154,412485,4.1
disagg_fut,088691,"Gold, COMEX (GLD proxy)",nonreportable,2018-12-24,43866,26632,17234,,442727,3.9
disagg_fut,088691,"Gold, COMEX (GLD proxy)",nonreportable,2018-12-31,46707,25865,20842,3608,451360,4.6
disagg_fut,088691,"Gold, COMEX (GLD proxy)",nonreportable,2019-01-08,48508,26537,21971,,455232,4.8
disagg_fut,088691,"Gold, COMEX (GLD proxy)",nonreportable,2019-01-15,49334,29134,20200,-1771,501605,4.0
disagg_fut,088691,"Gold, COMEX (GLD proxy)",nonreportable,2019-01-22,48740,31167,17573,-2627,513509,3.4
disagg_fut,088691,"Gold, COMEX (GLD proxy)",nonreportable,2019-01-29,49142,30126,19016,1443,483390,3.9
disagg_fut,088691,"Gold, COMEX (GLD proxy)",nonreportable,2019-02-05,50355,28208,22147,3131,479736,4.6
disagg_fut,088691,"Gold, COMEX (GLD proxy)",nonreportable,2019-02-12,48849,27612,21237,-910,476083,4.5
disagg_fut,088691,"Gold, COMEX (GLD proxy)",nonreportable,2019-02-19,50871,30041,20830,-407,504639,4.1
disagg_fut,088691,"Gold, COMEX (GLD proxy)",nonreportable,2019-02-26,52989,28840,24149,3319,501268,4.8
disagg_fut,088691,"Gold, COMEX (GLD proxy)",nonreportable,2019-03-05,53221,27242,25979,1830,471311,5.5
disagg_fut,088691,"Gold, COMEX (GLD proxy)",nonreportable,2019-03-12,57540,27885,29655,3676,530030,5.6
disagg_fut,088691,"Gold, COMEX (GLD proxy)",nonreportable,2019-03-19,54443,27180,27263,-2392,514163,5.3
disagg_fut,088691,"Gold, COMEX (GLD proxy)",nonreportable,2019-03-26,64270,32774,31496,4233,509575,6.2
disagg_fut,088691,"Gold, COMEX (GLD proxy)",nonreportable,2019-04-02,50046,26372,23674,-7822,440170,5.4
disagg_fut,088691,"Gold, COMEX (GLD proxy)",nonreportable,2019-04-09,54449,27004,27445,3771,447539,6.1
disagg_fut,088691,"Gold, COMEX (GLD proxy)",nonreportable,2019-04-16,53222,31065,22157,-5288,440581,5.0
disagg_fut,088691,"Gold, COMEX (GLD proxy)",nonreportable,2019-04-23,49655,29654,20001,-2156,440048,4.5
disagg_fut,088691,"Gold, COMEX (GLD proxy)",nonreportable,2019-04-30,49143,27050,22093,2092,430011,5.1
disagg_fut,088691,"Gold, COMEX (GLD proxy)",nonreportable,2019-05-07,49100,28152,20948,-1145,450039,4.7
disagg_fut,088691,"Gold, COMEX (GLD proxy)",nonreportable,2019-05-14,53431,40784,12647,-8301,517995,2.4
disagg_fut,088691,"Gold, COMEX (GLD proxy)",nonreportable,2019-05-21,53655,34522,19133,6486,508643,3.8
disagg_fut,088691,"Gold, COMEX (GLD proxy)",nonreportable,2019-05-28,57167,33901,23266,4133,505126,4.6
disagg_fut,088691,"Gold, COMEX (GLD proxy)",nonreportable,2019-06-04,51603,35142,16461,-6805,481495,3.4
disagg_fut,088691,"Gold, COMEX (GLD proxy)",nonreportable,2019-06-11,48995,31206,17789,1328,496663,3.6
disagg_fut,088691,"Gold, COMEX (GLD proxy)",nonreportable,2019-06-18,52355,32823,19532,1743,525636,3.7
disagg_fut,088691,"Gold, COMEX (GLD proxy)",nonreportable,2019-06-25,59428,35832,23596,4064,577605,4.1
disagg_fut,088691,"Gold, COMEX (GLD proxy)",nonreportable,2019-07-02,61332,33456,27876,4280,605949,4.6
disagg_fut,088691,"Gold, COMEX (GLD proxy)",nonreportable,2019-07-09,66388,32735,33653,5777,598977,5.6
disagg_fut,088691,"Gold, COMEX (GLD proxy)",nonreportable,2019-07-16,68146,36239,31907,-1746,601900,5.3
disagg_fut,088691,"Gold, COMEX (GLD proxy)",nonreportable,2019-07-23,72995,36406,36589,4682,616859,5.9
disagg_fut,088691,"Gold, COMEX (GLD proxy)",nonreportable,2019-07-30,64221,30642,33579,-3010,563298,6.0
disagg_fut,088691,"Gold, COMEX (GLD proxy)",nonreportable,2019-08-06,62844,31064,31780,-1799,600317,5.3
disagg_fut,088691,"Gold, COMEX (GLD proxy)",nonreportable,2019-08-13,63458,29821,33637,1857,593962,5.7
disagg_fut,088691,"Gold, COMEX (GLD proxy)",nonreportable,2019-08-20,63855,27598,36257,2620,594807,6.1
disagg_fut,088691,"Gold, COMEX (GLD proxy)",nonreportable,2019-08-27,70411,33443,36968,711,636183,5.8
disagg_fut,088691,"Gold, COMEX (GLD proxy)",nonreportable,2019-09-03,65648,28454,37194,226,634358,5.9
disagg_fut,088691,"Gold, COMEX (GLD proxy)",nonreportable,2019-09-10,63541,27655,35886,-1308,614753,5.8
disagg_fut,088691,"Gold, COMEX (GLD proxy)",nonreportable,2019-09-17,61089,25289,35800,-86,630990,5.7
disagg_fut,088691,"Gold, COMEX (GLD proxy)",nonreportable,2019-09-24,63477,30776,32701,-3099,658944,5.0
disagg_fut,088691,"Gold, COMEX (GLD proxy)",nonreportable,2019-10-01,60536,25841,34695,1994,604885,5.7
disagg_fut,088691,"Gold, COMEX (GLD proxy)",nonreportable,2019-10-08,61518,26139,35379,684,616957,5.7
disagg_fut,088691,"Gold, COMEX (GLD proxy)",nonreportable,2019-10-15,63063,27815,35248,-131,607387,5.8
disagg_fut,088691,"Gold, COMEX (GLD proxy)",nonreportable,2019-10-22,64093,27868,36225,977,625528,5.8
disagg_fut,088691,"Gold, COMEX (GLD proxy)",nonreportable,2019-10-29,65617,40916,24701,-11524,643442,3.8
disagg_fut,088691,"Gold, COMEX (GLD proxy)",nonreportable,2019-11-05,65378,28068,37310,12609,690181,5.4
disagg_fut,088691,"Gold, COMEX (GLD proxy)",nonreportable,2019-11-12,67721,33319,34402,-2908,708463,4.9
disagg_fut,088691,"Gold, COMEX (GLD proxy)",nonreportable,2019-11-19,65553,32317,33236,-1166,719211,4.6
disagg_fut,088691,"Gold, COMEX (GLD proxy)",nonreportable,2019-11-26,58912,25079,33833,597,669268,5.1
disagg_fut,088691,"Gold, COMEX (GLD proxy)",nonreportable,2019-12-03,56680,24598,32082,-1751,701016,4.6
disagg_fut,088691,"Gold, COMEX (GLD proxy)",nonreportable,2019-12-10,56051,24688,31363,-719,690003,4.5
disagg_fut,088691,"Gold, COMEX (GLD proxy)",nonreportable,2019-12-17,55897,23553,32344,981,716987,4.5
disagg_fut,088691,"Gold, COMEX (GLD proxy)",nonreportable,2019-12-24,59201,24457,34744,2400,748737,4.6
disagg_fut,088691,"Gold, COMEX (GLD proxy)",nonreportable,2019-12-31,61010,22444,38566,3822,786166,4.9
disagg_fut,088691,"Gold, COMEX (GLD proxy)",nonreportable,2020-01-07,60562,26772,33790,-4776,785857,4.3
disagg_fut,088691,"Gold, COMEX (GLD proxy)",nonreportable,2020-01-14,61597,31013,30584,-3206,796883,3.8
disagg_fut,088691,"Gold, COMEX (GLD proxy)",nonreportable,2020-01-21,65117,30909,34208,3624,793829,4.3
disagg_fut,088691,"Gold, COMEX (GLD proxy)",nonreportable,2020-01-28,60782,30060,30722,-3486,715539,4.3
disagg_fut,088691,"Gold, COMEX (GLD proxy)",nonreportable,2020-02-04,60665,28784,31881,1159,654572,4.9
disagg_fut,088691,"Gold, COMEX (GLD proxy)",nonreportable,2020-02-11,60597,30780,29817,-2064,658024,4.5
disagg_fut,088691,"Gold, COMEX (GLD proxy)",nonreportable,2020-02-18,64843,32880,31963,2146,715317,4.5
disagg_fut,088691,"Gold, COMEX (GLD proxy)",nonreportable,2020-02-25,76231,36475,39756,7793,732917,5.4
disagg_fut,088691,"Gold, COMEX (GLD proxy)",nonreportable,2020-03-03,62319,31041,31278,-8478,691985,4.5
disagg_fut,088691,"Gold, COMEX (GLD proxy)",nonreportable,2020-03-10,60168,31395,28773,-2505,633470,4.5
disagg_fut,088691,"Gold, COMEX (GLD proxy)",nonreportable,2020-03-17,51321,31528,19793,-8980,573925,3.4
disagg_fut,088691,"Gold, COMEX (GLD proxy)",nonreportable,2020-03-24,49816,26359,23457,3664,547334,4.3
disagg_fut,088691,"Gold, COMEX (GLD proxy)",nonreportable,2020-03-31,47696,22586,25110,1653,495652,5.1
disagg_fut,088691,"Gold, COMEX (GLD proxy)",nonreportable,2020-04-07,51464,24795,26669,1559,480050,5.6
disagg_fut,088691,"Gold, COMEX (GLD proxy)",nonreportable,2020-04-14,53171,25264,27907,1238,489965,5.7
disagg_fut,088691,"Gold, COMEX (GLD proxy)",nonreportable,2020-04-21,53158,22656,30502,2595,493158,6.2
disagg_fut,088691,"Gold, COMEX (GLD proxy)",nonreportable,2020-04-28,54084,23184,30900,398,500816,6.2
disagg_fut,088691,"Gold, COMEX (GLD proxy)",nonreportable,2020-05-05,54717,23085,31632,732,490343,6.5
disagg_fut,088691,"Gold, COMEX (GLD proxy)",nonreportable,2020-05-12,57787,22082,35705,4073,496739,7.2
disagg_fut,088691,"Gold, COMEX (GLD proxy)",nonreportable,2020-05-19,59851,21465,38386,2681,528205,7.3
disagg_fut,088691,"Gold, COMEX (GLD proxy)",nonreportable,2020-05-26,59298,22890,36408,-1978,519374,7.0
disagg_fut,088691,"Gold, COMEX (GLD proxy)",nonreportable,2020-06-02,57888,20299,37589,1181,475745,7.9
disagg_fut,088691,"Gold, COMEX (GLD proxy)",nonreportable,2020-06-09,54930,20086,34844,-2745,475661,7.3
disagg_fut,088691,"Gold, COMEX (GLD proxy)",nonreportable,2020-06-16,55159,21487,33672,-1172,489563,6.9
disagg_fut,088691,"Gold, COMEX (GLD proxy)",nonreportable,2020-06-23,61677,26342,35335,1663,532101,6.6
disagg_fut,088691,"Gold, COMEX (GLD proxy)",nonreportable,2020-06-30,62121,27328,34793,-542,561628,6.2
disagg_fut,088691,"Gold, COMEX (GLD proxy)",nonreportable,2020-07-07,63292,28058,35234,441,572776,6.2
disagg_fut,088691,"Gold, COMEX (GLD proxy)",nonreportable,2020-07-14,64465,24875,39590,4356,580175,6.8
disagg_fut,088691,"Gold, COMEX (GLD proxy)",nonreportable,2020-07-21,67224,29801,37423,-2167,603138,6.2
disagg_fut,088691,"Gold, COMEX (GLD proxy)",nonreportable,2020-07-28,65401,23825,41576,4153,598629,6.9
disagg_fut,088691,"Gold, COMEX (GLD proxy)",nonreportable,2020-08-04,67427,29828,37599,-3977,561837,6.7
disagg_fut,088691,"Gold, COMEX (GLD proxy)",nonreportable,2020-08-11,68072,23794,44278,6679,553345,8.0
disagg_fut,088691,"Gold, COMEX (GLD proxy)",nonreportable,2020-08-18,66953,22700,44253,-25,544010,8.1
disagg_fut,088691,"Gold, COMEX (GLD proxy)",nonreportable,2020-08-25,66385,20978,45407,1154,549282,8.3
disagg_fut,088691,"Gold, COMEX (GLD proxy)",nonreportable,2020-09-01,69351,22741,46610,1203,547704,8.5
disagg_fut,088691,"Gold, COMEX (GLD proxy)",nonreportable,2020-09-08,67285,22718,44567,-2043,557457,8.0
disagg_fut,088691,"Gold, COMEX (GLD proxy)",nonreportable,2020-09-15,68537,24328,44209,-358,578925,7.6
disagg_fut,088691,"Gold, COMEX (GLD proxy)",nonreportable,2020-09-22,69670,22322,47348,3139,575877,8.2
disagg_fut,088691,"Gold, COMEX (GLD proxy)",nonreportable,2020-09-29,64556,22037,42519,-4829,562396,7.6
disagg_fut,088691,"Gold, COMEX (GLD proxy)",nonreportable,2020-10-06,66522,26641,39881,-2638,555555,7.2
disagg_fut,088691,"Gold, COMEX (GLD proxy)",nonreportable,2020-10-13,67772,23788,43984,4103,553197,8.0
disagg_fut,088691,"Gold, COMEX (GLD proxy)",nonreportable,2020-10-20,65994,21474,44520,536,562993,7.9
disagg_fut,088691,"Gold, COMEX (GLD proxy)",nonreportable,2020-10-27,70778,22950,47828,3308,560900,8.5
disagg_fut,088691,"Gold, COMEX (GLD proxy)",nonreportable,2020-11-03,66826,20397,46429,-1399,544774,8.5
disagg_fut,088691,"Gold, COMEX (GLD proxy)",nonreportable,2020-11-10,64247,20560,43687,-2742,547449,8.0
disagg_fut,088691,"Gold, COMEX (GLD proxy)",nonreportable,2020-11-17,64301,20999,43302,-385,557533,7.8
disagg_fut,088691,"Gold, COMEX (GLD proxy)",nonreportable,2020-11-24,65390,24463,40927,-2375,555253,7.4
disagg_fut,088691,"Gold, COMEX (GLD proxy)",nonreportable,2020-12-01,55439,22490,32949,-7978,538042,6.1
disagg_fut,088691,"Gold, COMEX (GLD proxy)",nonreportable,2020-12-08,55752,24249,31503,-1446,549520,5.7
disagg_fut,088691,"Gold, COMEX (GLD proxy)",nonreportable,2020-12-15,57079,22321,34758,3255,550366,6.3
disagg_fut,088691,"Gold, COMEX (GLD proxy)",nonreportable,2020-12-21,58780,21877,36903,,560769,6.6
disagg_fut,088691,"Gold, COMEX (GLD proxy)",nonreportable,2020-12-29,58726,20344,38382,,556414,6.9
disagg_fut,088691,"Gold, COMEX (GLD proxy)",nonreportable,2021-01-05,61730,20125,41605,3223,568888,7.3
disagg_fut,088691,"Gold, COMEX (GLD proxy)",nonreportable,2021-01-12,62806,18732,44074,2469,555538,7.9
disagg_fut,088691,"Gold, COMEX (GLD proxy)",nonreportable,2021-01-19,60731,19902,40829,-3245,541330,7.5
disagg_fut,088691,"Gold, COMEX (GLD proxy)",nonreportable,2021-01-26,60968,19566,41402,573,534574,7.7
disagg_fut,088691,"Gold, COMEX (GLD proxy)",nonreportable,2021-02-02,59451,18620,40831,-571,520011,7.9
disagg_fut,088691,"Gold, COMEX (GLD proxy)",nonreportable,2021-02-09,58041,17253,40788,-43,506741,8.0
disagg_fut,088691,"Gold, COMEX (GLD proxy)",nonreportable,2021-02-16,59140,19031,40109,-679,503016,8.0
disagg_fut,088691,"Gold, COMEX (GLD proxy)",nonreportable,2021-02-23,55723,19727,35996,-4113,481125,7.5
disagg_fut,088691,"Gold, COMEX (GLD proxy)",nonreportable,2021-03-02,53410,20845,32565,-3431,467008,7.0
disagg_fut,088691,"Gold, COMEX (GLD proxy)",nonreportable,2021-03-09,54516,21799,32717,152,473871,6.9
disagg_fut,088691,"Gold, COMEX (GLD proxy)",nonreportable,2021-03-16,50576,21297,29279,-3438,476467,6.1
disagg_fut,088691,"Gold, COMEX (GLD proxy)",nonreportable,2021-03-23,50057,22321,27736,-1543,485457,5.7
disagg_fut,088691,"Gold, COMEX (GLD proxy)",nonreportable,2021-03-30,48980,22782,26198,-1538,467321,5.6
disagg_fut,088691,"Gold, COMEX (GLD proxy)",nonreportable,2021-04-06,46301,21011,25290,-908,463353,5.5
disagg_fut,088691,"Gold, COMEX (GLD proxy)",nonreportable,2021-04-13,48173,20259,27914,2624,460733,6.1
disagg_fut,088691,"Gold, COMEX (GLD proxy)",nonreportable,2021-04-20,50373,18678,31695,3781,471738,6.7
disagg_fut,088691,"Gold, COMEX (GLD proxy)",nonreportable,2021-04-27,54199,17641,36558,4863,473305,7.7
disagg_fut,088691,"Gold, COMEX (GLD proxy)",nonreportable,2021-05-04,51126,19944,31182,-5376,470341,6.6
disagg_fut,088691,"Gold, COMEX (GLD proxy)",nonreportable,2021-05-11,54400,19571,34829,3647,498693,7.0
disagg_fut,088691,"Gold, COMEX (GLD proxy)",nonreportable,2021-05-18,55146,21134,34012,-817,520410,6.5
disagg_fut,088691,"Gold, COMEX (GLD proxy)",nonreportable,2021-05-25,59511,23284,36227,2215,510164,7.1
disagg_fut,088691,"Gold, COMEX (GLD proxy)",nonreportable,2021-06-01,53306,18832,34474,-1753,489198,7.0
disagg_fut,088691,"Gold, COMEX (GLD proxy)",nonreportable,2021-06-08,53829,18410,35419,945,491858,7.2
disagg_fut,088691,"Gold, COMEX (GLD proxy)",nonreportable,2021-06-15,56320,17130,39190,3771,480127,8.2
disagg_fut,088691,"Gold, COMEX (GLD proxy)",nonreportable,2021-06-22,53152,16984,36168,-3022,453940,8.0
disagg_fut,088691,"Gold, COMEX (GLD proxy)",nonreportable,2021-06-29,51048,18154,32894,-3274,453360,7.3
disagg_fut,088691,"Gold, COMEX (GLD proxy)",nonreportable,2021-07-06,49928,18023,31905,-989,465811,6.8
disagg_fut,088691,"Gold, COMEX (GLD proxy)",nonreportable,2021-07-13,50079,19887,30192,-1713,495798,6.1
disagg_fut,088691,"Gold, COMEX (GLD proxy)",nonreportable,2021-07-20,49200,16624,32576,2384,490520,6.6
disagg_fut,088691,"Gold, COMEX (GLD proxy)",nonreportable,2021-07-27,48080,18654,29426,-3150,500187,5.9
disagg_fut,088691,"Gold, COMEX (GLD proxy)",nonreportable,2021-08-03,51591,16642,34949,5523,485663,7.2
disagg_fut,088691,"Gold, COMEX (GLD proxy)",nonreportable,2021-08-10,47485,20250,27235,-7714,477232,5.7
disagg_fut,088691,"Gold, COMEX (GLD proxy)",nonreportable,2021-08-17,44315,21857,22458,-4777,485485,4.6
disagg_fut,088691,"Gold, COMEX (GLD proxy)",nonreportable,2021-08-24,44517,20492,24025,1567,504735,4.8
disagg_fut,088691,"Gold, COMEX (GLD proxy)",nonreportable,2021-08-31,43514,19552,23962,-63,507113,4.7
disagg_fut,088691,"Gold, COMEX (GLD proxy)",nonreportable,2021-09-07,49214,19445,29769,5807,506772,5.9
disagg_fut,088691,"Gold, COMEX (GLD proxy)",nonreportable,2021-09-14,47097,20606,26491,-3278,506356,5.2
disagg_fut,088691,"Gold, COMEX (GLD proxy)",nonreportable,2021-09-21,45636,20639,24997,-1494,492765,5.1
disagg_fut,088691,"Gold, COMEX (GLD proxy)",nonreportable,2021-09-28,44821,23069,21752,-3245,490858,4.4
disagg_fut,088691,"Gold, COMEX (GLD proxy)",nonreportable,2021-10-05,44017,22897,21120,-632,483789,4.4
disagg_fut,088691,"Gold, COMEX (GLD proxy)",nonreportable,2021-10-12,43819,21744,22075,955,484382,4.6
disagg_fut,088691,"Gold, COMEX (GLD proxy)",nonreportable,2021-10-19,46194,20353,25841,3766,485974,5.3
disagg_fut,088691,"Gold, COMEX (GLD proxy)",nonreportable,2021-10-26,47707,22613,25094,-747,509794,4.9
disagg_fut,088691,"Gold, COMEX (GLD proxy)",nonreportable,2021-11-02,45936,21188,24748,-346,507616,4.9
disagg_fut,088691,"Gold, COMEX (GLD proxy)",nonreportable,2021-11-09,50094,24786,25308,560,571025,4.4
disagg_fut,088691,"Gold, COMEX (GLD proxy)",nonreportable,2021-11-16,52054,24295,27759,2451,612612,4.5
disagg_fut,088691,"Gold, COMEX (GLD proxy)",nonreportable,2021-11-23,55380,21957,33423,5664,559823,6.0
disagg_fut,088691,"Gold, COMEX (GLD proxy)",nonreportable,2021-11-30,51657,18914,32743,-680,531868,6.2
disagg_fut,088691,"Gold, COMEX (GLD proxy)",nonreportable,2021-12-07,47358,18920,28438,-4305,499307,5.7
disagg_fut,088691,"Gold, COMEX (GLD proxy)",nonreportable,2021-12-14,48697,19687,29010,572,503709,5.8
disagg_fut,088691,"Gold, COMEX (GLD proxy)",nonreportable,2021-12-21,49251,19033,30218,1208,500846,6.0
disagg_fut,088691,"Gold, COMEX (GLD proxy)",nonreportable,2021-12-28,51121,18613,32508,2290,508912,6.4
disagg_fut,088691,"Gold, COMEX (GLD proxy)",nonreportable,2022-01-04,45400,19297,26103,-6405,502717,5.2
disagg_fut,088691,"Gold, COMEX (GLD proxy)",nonreportable,2022-01-11,48323,22987,25336,-767,546516,4.6
disagg_fut,088691,"Gold, COMEX (GLD proxy)",nonreportable,2022-01-18,46978,20117,26861,1525,539204,5.0
disagg_fut,088691,"Gold, COMEX (GLD proxy)",nonreportable,2022-01-25,50669,21074,29595,2734,572078,5.2
disagg_fut,088691,"Gold, COMEX (GLD proxy)",nonreportable,2022-02-01,46819,17619,29200,-395,515331,5.7
disagg_fut,088691,"Gold, COMEX (GLD proxy)",nonreportable,2022-02-08,44869,20141,24728,-4472,512842,4.8
disagg_fut,088691,"Gold, COMEX (GLD proxy)",nonreportable,2022-02-15,46689,21427,25262,534,558645,4.5
disagg_fut,088691,"Gold, COMEX (GLD proxy)",nonreportable,2022-02-22,49090,22516,26574,1312,611488,4.3
disagg_fut,088691,"Gold, COMEX (GLD proxy)",nonreportable,2022-03-01,50266,22079,28187,1613,615600,4.6
disagg_fut,088691,"Gold, COMEX (GLD proxy)",nonreportable,2022-03-08,55964,23406,32558,4371,638502,5.1
disagg_fut,088691,"Gold, COMEX (GLD proxy)",nonreportable,2022-03-15,54330,18677,35653,3095,617605,5.8
disagg_fut,088691,"Gold, COMEX (GLD proxy)",nonreportable,2022-03-22,53441,19878,33563,-2090,605191,5.5
disagg_fut,088691,"Gold, COMEX (GLD proxy)",nonreportable,2022-03-29,49022,20681,28341,-5222,574521,4.9
disagg_fut,088691,"Gold, COMEX (GLD proxy)",nonreportable,2022-04-05,51778,18561,33217,4876,560666,5.9
disagg_fut,088691,"Gold, COMEX (GLD proxy)",nonreportable,2022-04-12,55264,21458,33806,589,577639,5.9
disagg_fut,088691,"Gold, COMEX (GLD proxy)",nonreportable,2022-04-19,55032,19264,35768,1962,575202,6.2
disagg_fut,088691,"Gold, COMEX (GLD proxy)",nonreportable,2022-04-26,50938,19668,31270,-4498,557785,5.6
disagg_fut,088691,"Gold, COMEX (GLD proxy)",nonreportable,2022-05-03,51270,18586,32684,1414,560441,5.8
disagg_fut,088691,"Gold, COMEX (GLD proxy)",nonreportable,2022-05-10,52098,17657,34441,1757,571447,6.0
disagg_fut,088691,"Gold, COMEX (GLD proxy)",nonreportable,2022-05-17,50588,19069,31519,-2922,555756,5.7
disagg_fut,088691,"Gold, COMEX (GLD proxy)",nonreportable,2022-05-24,47411,19277,28134,-3385,530098,5.3
disagg_fut,088691,"Gold, COMEX (GLD proxy)",nonreportable,2022-05-31,46639,19172,27467,-667,513722,5.3
disagg_fut,088691,"Gold, COMEX (GLD proxy)",nonreportable,2022-06-07,44090,19472,24618,-2849,494130,5.0
disagg_fut,088691,"Gold, COMEX (GLD proxy)",nonreportable,2022-06-14,45726,21755,23971,-647,497456,4.8
disagg_fut,088691,"Gold, COMEX (GLD proxy)",nonreportable,2022-06-21,44380,20738,23642,-329,500276,4.7
disagg_fut,088691,"Gold, COMEX (GLD proxy)",nonreportable,2022-06-28,44823,20509,24314,672,497005,4.9
disagg_fut,088691,"Gold, COMEX (GLD proxy)",nonreportable,2022-07-05,43933,24008,19925,-4389,498210,4.0
disagg_fut,088691,"Gold, COMEX (GLD proxy)",nonreportable,2022-07-12,52583,32916,19667,-258,542493,3.6
disagg_fut,088691,"Gold, COMEX (GLD proxy)",nonreportable,2022-07-19,43294,25987,17307,-2360,524786,3.3
disagg_fut,088691,"Gold, COMEX (GLD proxy)",nonreportable,2022-07-26,42821,27089,15732,-1575,487515,3.2
disagg_fut,088691,"Gold, COMEX (GLD proxy)",nonreportable,2022-08-02,37481,26242,11239,-4493,459649,2.4
disagg_fut,088691,"Gold, COMEX (GLD proxy)",nonreportable,2022-08-09,37927,26224,11703,464,453540,2.6
disagg_fut,088691,"Gold, COMEX (GLD proxy)",nonreportable,2022-08-16,37826,25281,12545,842,453960,2.8
disagg_fut,088691,"Gold, COMEX (GLD proxy)",nonreportable,2022-08-23,38292,26067,12225,-320,457762,2.7
disagg_fut,088691,"Gold, COMEX (GLD proxy)",nonreportable,2022-08-30,38918,26973,11945,-280,459165,2.6
disagg_fut,088691,"Gold, COMEX (GLD proxy)",nonreportable,2022-09-06,38798,28591,10207,-1738,465908,2.2
disagg_fut,088691,"Gold, COMEX (GLD proxy)",nonreportable,2022-09-13,40556,26962,13594,3387,463674,2.9
disagg_fut,088691,"Gold, COMEX (GLD proxy)",nonreportable,2022-09-20,40500,30794,9706,-3888,469395,2.1
disagg_fut,088691,"Gold, COMEX (GLD proxy)",nonreportable,2022-09-27,40325,30268,10057,351,457061,2.2
disagg_fut,088691,"Gold, COMEX (GLD proxy)",nonreportable,2022-10-04,36704,28541,8163,-1894,437065,1.9
disagg_fut,088691,"Gold, COMEX (GLD proxy)",nonreportable,2022-10-11,36988,27680,9308,1145,431395,2.2
disagg_fut,088691,"Gold, COMEX (GLD proxy)",nonreportable,2022-10-18,39286,26212,13074,3766,434701,3.0
disagg_fut,088691,"Gold, COMEX (GLD proxy)",nonreportable,2022-10-25,39637,27456,12181,-893,456072,2.7
disagg_fut,088691,"Gold, COMEX (GLD proxy)",nonreportable,2022-11-01,38559,28400,10159,-2022,467276,2.2
disagg_fut,088691,"Gold, COMEX (GLD proxy)",nonreportable,2022-11-08,38045,29239,8806,-1353,488471,1.8
disagg_fut,088691,"Gold, COMEX (GLD proxy)",nonreportable,2022-11-15,36973,28934,8039,-767,495171,1.6
disagg_fut,088691,"Gold, COMEX (GLD proxy)",nonreportable,2022-11-22,40296,26345,13951,5912,449542,3.1
disagg_fut,088691,"Gold, COMEX (GLD proxy)",nonreportable,2022-11-29,33946,24716,9230,-4721,433661,2.1
disagg_fut,088691,"Gold, COMEX (GLD proxy)",nonreportable,2022-12-06,37785,22831,14954,5724,422100,3.5
disagg_fut,088691,"Gold, COMEX (GLD proxy)",nonreportable,2022-12-13,37309,24429,12880,-2074,437040,2.9
disagg_fut,088691,"Gold, COMEX (GLD proxy)",nonreportable,2022-12-20,38696,25030,13666,786,436653,3.1
disagg_fut,088691,"Gold, COMEX (GLD proxy)",nonreportable,2022-12-27,39424,22528,16896,3230,440040,3.8
disagg_fut,088691,"Gold, COMEX (GLD proxy)",nonreportable,2023-01-03,42337,24029,18308,1412,449393,4.1
disagg_fut,088691,"Gold, COMEX (GLD proxy)",nonreportable,2023-01-10,46373,24430,21943,3635,481519,4.6
disagg_fut,088691,"Gold, COMEX (GLD proxy)",nonreportable,2023-01-17,48128,25455,22673,730,491818,4.6
disagg_fut,088691,"Gold, COMEX (GLD proxy)",nonreportable,2023-01-24,47880,24999,22881,208,499927,4.6
disagg_fut,088691,"Gold, COMEX (GLD proxy)",nonreportable,2023-01-31,43984,23745,20239,-2642,471642,4.3
disagg_fut,088691,"Gold, COMEX (GLD proxy)",nonreportable,2023-02-07,48076,23925,24151,3912,439755,5.5
disagg_fut,088691,"Gold, COMEX (GLD proxy)",nonreportable,2023-02-14,45444,21901,23543,-608,426116,5.5
disagg_fut,088691,"Gold, COMEX (GLD proxy)",nonreportable,2023-02-21,43956,21702,22254,-1289,422648,5.3
disagg_fut,088691,"Gold, COMEX (GLD proxy)",nonreportable,2023-02-28,41958,23064,18894,-3360,426890,4.4
disagg_fut,088691,"Gold, COMEX (GLD proxy)",nonreportable,2023-03-07,43640,23194,20446,1552,458474,4.5
disagg_fut,088691,"Gold, COMEX (GLD proxy)",nonreportable,2023-03-14,41795,26686,15109,-5337,459064,3.3
disagg_fut,088691,"Gold, COMEX (GLD proxy)",nonreportable,2023-03-21,47624,22661,24963,9854,469874,5.3
disagg_fut,088691,"Gold, COMEX (GLD proxy)",nonreportable,2023-03-28,47388,27510,19878,-5085,478611,4.2
disagg_fut,088691,"Gold, COMEX (GLD proxy)",nonreportable,2023-04-04,48740,25706,23034,3156,476592,4.8
disagg_fut,088691,"Gold, COMEX (GLD proxy)",nonreportable,2023-04-11,49102,25299,23803,769,476567,5.0
disagg_fut,088691,"Gold, COMEX (GLD proxy)",nonreportable,2023-04-18,50647,24115,26532,2729,482254,5.5
disagg_fut,088691,"Gold, COMEX (GLD proxy)",nonreportable,2023-04-25,51048,24384,26664,132,473209,5.6
disagg_fut,088691,"Gold, COMEX (GLD proxy)",nonreportable,2023-05-02,47502,25485,22017,-4647,493804,4.5
disagg_fut,088691,"Gold, COMEX (GLD proxy)",nonreportable,2023-05-09,52012,25311,26701,4684,518951,5.1
disagg_fut,088691,"Gold, COMEX (GLD proxy)",nonreportable,2023-05-16,54852,23109,31743,5042,521832,6.1
disagg_fut,088691,"Gold, COMEX (GLD proxy)",nonreportable,2023-05-23,49327,23036,26291,-5452,479080,5.5
disagg_fut,088691,"Gold, COMEX (GLD proxy)",nonreportable,2023-05-30,43611,22922,20689,-5602,449515,4.6
disagg_fut,088691,"Gold, COMEX (GLD proxy)",nonreportable,2023-06-06,47595,25049,22546,1857,436301,5.2
disagg_fut,088691,"Gold, COMEX (GLD proxy)",nonreportable,2023-06-13,48953,23100,25853,3307,432898,6.0
disagg_fut,088691,"Gold, COMEX (GLD proxy)",nonreportable,2023-06-20,47402,23840,23562,-2291,438037,5.4
disagg_fut,088691,"Gold, COMEX (GLD proxy)",nonreportable,2023-06-27,48042,24617,23425,-137,431861,5.4
disagg_fut,088691,"Gold, COMEX (GLD proxy)",nonreportable,2023-07-03,45490,23870,21620,,448063,4.8
disagg_fut,088691,"Gold, COMEX (GLD proxy)",nonreportable,2023-07-11,46618,24623,21995,,483170,4.6
disagg_fut,088691,"Gold, COMEX (GLD proxy)",nonreportable,2023-07-18,45784,25417,20367,-1628,482104,4.2
disagg_fut,088691,"Gold, COMEX (GLD proxy)",nonreportable,2023-07-25,47300,22729,24571,4204,476176,5.2
disagg_fut,088691,"Gold, COMEX (GLD proxy)",nonreportable,2023-08-01,43254,21333,21921,-2650,439383,5.0
disagg_fut,088691,"Gold, COMEX (GLD proxy)",nonreportable,2023-08-08,44996,20427,24569,2648,427759,5.7
disagg_fut,088691,"Gold, COMEX (GLD proxy)",nonreportable,2023-08-15,44337,23543,20794,-3775,433611,4.8
disagg_fut,088691,"Gold, COMEX (GLD proxy)",nonreportable,2023-08-22,45312,26222,19090,-1704,430239,4.4
disagg_fut,088691,"Gold, COMEX (GLD proxy)",nonreportable,2023-08-29,43767,26445,17322,-1768,442806,3.9
disagg_fut,088691,"Gold, COMEX (GLD proxy)",nonreportable,2023-09-05,45966,25733,20233,2911,438672,4.6
disagg_fut,088691,"Gold, COMEX (GLD proxy)",nonreportable,2023-09-12,46740,25794,20946,713,441221,4.7
disagg_fut,088691,"Gold, COMEX (GLD proxy)",nonreportable,2023-09-19,43921,26152,17769,-3177,438078,4.1
disagg_fut,088691,"Gold, COMEX (GLD proxy)",nonreportable,2023-09-26,45213,26192,19021,1252,435620,4.4
disagg_fut,088691,"Gold, COMEX (GLD proxy)",nonreportable,2023-10-03,45256,24500,20756,1735,431226,4.8
disagg_fut,088691,"Gold, COMEX (GLD proxy)",nonreportable,2023-10-10,44470,25475,18995,-1761,436499,4.4
disagg_fut,088691,"Gold, COMEX (GLD proxy)",nonreportable,2023-10-17,40863,25602,15261,-3734,439581,3.5
disagg_fut,088691,"Gold, COMEX (GLD proxy)",nonreportable,2023-10-24,42129,25641,16488,1227,463476,3.6
disagg_fut,088691,"Gold, COMEX (GLD proxy)",nonreportable,2023-10-31,44792,25510,19282,2794,475808,4.1
disagg_fut,088691,"Gold, COMEX (GLD proxy)",nonreportable,2023-11-07,45484,25609,19875,593,484347,4.1
disagg_fut,088691,"Gold, COMEX (GLD proxy)",nonreportable,2023-11-14,45409,23766,21643,1768,486634,4.4
disagg_fut,088691,"Gold, COMEX (GLD proxy)",nonreportable,2023-11-21,43959,25429,18530,-3113,508429,3.6
disagg_fut,088691,"Gold, COMEX (GLD proxy)",nonreportable,2023-11-28,45650,27142,18508,-22,505658,3.7
disagg_fut,088691,"Gold, COMEX (GLD proxy)",nonreportable,2023-12-05,47483,24082,23401,4893,487469,4.8
disagg_fut,088691,"Gold, COMEX (GLD proxy)",nonreportable,2023-12-12,46457,21882,24575,1174,469939,5.2
disagg_fut,088691,"Gold, COMEX (GLD proxy)",nonreportable,2023-12-19,48019,22300,25719,1144,481203,5.3
disagg_fut,088691,"Gold, COMEX (GLD proxy)",nonreportable,2023-12-26,48036,23409,24627,-1092,491343,5.0
disagg_fut,088691,"Gold, COMEX (GLD proxy)",nonreportable,2024-01-02,49200,21371,27829,3202,500364,5.6
disagg_fut,088691,"Gold, COMEX (GLD proxy)",nonreportable,2024-01-09,50574,21487,29087,1258,489849,5.9
disagg_fut,088691,"Gold, COMEX (GLD proxy)",nonreportable,2024-01-16,49640,22113,27527,-1560,489334,5.6
disagg_fut,088691,"Gold, COMEX (GLD proxy)",nonreportable,2024-01-23,45644,23025,22619,-4908,465872,4.9
disagg_fut,088691,"Gold, COMEX (GLD proxy)",nonreportable,2024-01-30,45364,22637,22727,108,430328,5.3
disagg_fut,088691,"Gold, COMEX (GLD proxy)",nonreportable,2024-02-06,41863,23360,18503,-4224,419121,4.4
disagg_fut,088691,"Gold, COMEX (GLD proxy)",nonreportable,2024-02-13,44228,22416,21812,3309,420812,5.2
disagg_fut,088691,"Gold, COMEX (GLD proxy)",nonreportable,2024-02-20,41846,22697,19149,-2663,407063,4.7
disagg_fut,088691,"Gold, COMEX (GLD proxy)",nonreportable,2024-02-27,38943,22227,16716,-2433,411195,4.1
disagg_fut,088691,"Gold, COMEX (GLD proxy)",nonreportable,2024-03-05,44782,29283,15499,-1217,471616,3.3
disagg_fut,088691,"Gold, COMEX (GLD proxy)",nonreportable,2024-03-12,47992,31321,16671,1172,516057,3.2
disagg_fut,088691,"Gold, COMEX (GLD proxy)",nonreportable,2024-03-19,49131,33203,15928,-743,535047,3.0
disagg_fut,088691,"Gold, COMEX (GLD proxy)",nonreportable,2024-03-26,48004,28958,19046,3118,503642,3.8
disagg_fut,088691,"Gold, COMEX (GLD proxy)",nonreportable,2024-04-02,48931,30467,18464,-582,500045,3.7
disagg_fut,088691,"Gold, COMEX (GLD proxy)",nonreportable,2024-04-09,51559,29396,22163,3699,505214,4.4
disagg_fut,088691,"Gold, COMEX (GLD proxy)",nonreportable,2024-04-16,50245,29410,20835,-1328,517193,4.0
disagg_fut,088691,"Gold, COMEX (GLD proxy)",nonreportable,2024-04-23,48914,24933,23981,3146,516249,4.6
disagg_fut,088691,"Gold, COMEX (GLD proxy)",nonreportable,2024-04-30,50274,26986,23288,-693,519791,4.5
disagg_fut,088691,"Gold, COMEX (GLD proxy)",nonreportable,2024-05-07,54701,27002,27699,4411,529835,5.2
disagg_fut,088691,"Gold, COMEX (GLD proxy)",nonreportable,2024-05-14,52633,25019,27614,-85,522952,5.3
disagg_fut,088691,"Gold, COMEX (GLD proxy)",nonreportable,2024-05-21,55264,26407,28857,1243,530591,5.4
disagg_fut,088691,"Gold, COMEX (GLD proxy)",nonreportable,2024-05-28,51528,27163,24365,-4492,485430,5.0
disagg_fut,088691,"Gold, COMEX (GLD proxy)",nonreportable,2024-06-04,49807,21178,28629,4264,447488,6.4
disagg_fut,088691,"Gold, COMEX (GLD proxy)",nonreportable,2024-06-11,50311,23726,26585,-2044,436857,6.1
disagg_fut,088691,"Gold, COMEX (GLD proxy)",nonreportable,2024-06-18,47659,23013,24646,-1939,444345,5.5
disagg_fut,088691,"Gold, COMEX (GLD proxy)",nonreportable,2024-06-25,48436,23177,25259,613,452190,5.6
disagg_fut,088691,"Gold, COMEX (GLD proxy)",nonreportable,2024-07-02,47694,24438,23256,-2003,454730,5.1
disagg_fut,088691,"Gold, COMEX (GLD proxy)",nonreportable,2024-07-09,50623,24769,25854,2598,516324,5.0
disagg_fut,088691,"Gold, COMEX (GLD proxy)",nonreportable,2024-07-16,53814,29534,24280,-1574,579862,4.2
disagg_fut,088691,"Gold, COMEX (GLD proxy)",nonreportable,2024-07-23,53705,25854,27851,3571,572306,4.9
disagg_fut,088691,"Gold, COMEX (GLD proxy)",nonreportable,2024-07-30,49931,23675,26256,-1595,510914,5.1
disagg_fut,088691,"Gold, COMEX (GLD proxy)",nonreportable,2024-08-06,51205,20920,30285,4029,480645,6.3
disagg_fut,088691,"Gold, COMEX (GLD proxy)",nonreportable,2024-08-13,50388,25150,25238,-5047,505872,5.0
disagg_fut,088691,"Gold, COMEX (GLD proxy)",nonreportable,2024-08-20,52918,27665,25253,15,532867,4.7
disagg_fut,088691,"Gold, COMEX (GLD proxy)",nonreportable,2024-08-27,54689,26815,27874,2621,521759,5.3
disagg_fut,088691,"Gold, COMEX (GLD proxy)",nonreportable,2024-09-03,51198,26869,24329,-3545,511136,4.8
disagg_fut,088691,"Gold, COMEX (GLD proxy)",nonreportable,2024-09-10,50937,26539,24398,69,511501,4.8
disagg_fut,088691,"Gold, COMEX (GLD proxy)",nonreportable,2024-09-17,52976,27915,25061,663,537627,4.7
disagg_fut,088691,"Gold, COMEX (GLD proxy)",nonreportable,2024-09-24,53444,29128,24316,-745,564640,4.3
disagg_fut,088691,"Gold, COMEX (GLD proxy)",nonreportable,2024-10-01,53191,25598,27593,3277,533107,5.2
disagg_fut,088691,"Gold, COMEX (GLD proxy)",nonreportable,2024-10-08,51440,25644,25796,-1797,520316,5.0
disagg_fut,088691,"Gold, COMEX (GLD proxy)",nonreportable,2024-10-15,50490,24266,26224,428,541232,4.8
disagg_fut,088691,"Gold, COMEX (GLD proxy)",nonreportable,2024-10-22,54214,25717,28497,2273,573760,5.0
disagg_fut,088691,"Gold, COMEX (GLD proxy)",nonreportable,2024-10-29,53432,28414,25018,-3479,579468,4.3
disagg_fut,088691,"Gold, COMEX (GLD proxy)",nonreportable,2024-11-05,52637,24907,27730,2712,558034,5.0
disagg_fut,088691,"Gold, COMEX (GLD proxy)",nonreportable,2024-11-12,56838,27707,29131,1401,535981,5.4
disagg_fut,088691,"Gold, COMEX (GLD proxy)",nonreportable,2024-11-19,52421,24466,27955,-1176,502952,5.6
disagg_fut,088691,"Gold, COMEX (GLD proxy)",nonreportable,2024-11-26,46574,24392,22182,-5773,472660,4.7
disagg_fut,088691,"Gold, COMEX (GLD proxy)",nonreportable,2024-12-03,48337,21798,26539,4357,462040,5.7
disagg_fut,088691,"Gold, COMEX (GLD proxy)",nonreportable,2024-12-10,46448,25163,21285,-5254,483346,4.4
disagg_fut,088691,"Gold, COMEX (GLD proxy)",nonreportable,2024-12-17,48388,25196,23192,1907,466571,5.0
disagg_fut,088691,"Gold, COMEX (GLD proxy)",nonreportable,2024-12-24,47813,22106,25707,2515,454646,5.7
disagg_fut,088691,"Gold, COMEX (GLD proxy)",nonreportable,2024-12-31,47357,23340,24017,-1690,458584,5.2
disagg_fut,088691,"Gold, COMEX (GLD proxy)",nonreportable,2025-01-07,47574,23839,23735,-282,477043,5.0
disagg_fut,088691,"Gold, COMEX (GLD proxy)",nonreportable,2025-01-14,48250,25161,23089,-646,526467,4.4
disagg_fut,088691,"Gold, COMEX (GLD proxy)",nonreportable,2025-01-21,50638,24814,25824,2735,571387,4.5
disagg_fut,088691,"Gold, COMEX (GLD proxy)",nonreportable,2025-01-28,49224,24911,24313,-1511,577505,4.2
disagg_fut,088691,"Gold, COMEX (GLD proxy)",nonreportable,2025-02-04,49522,23855,25667,1354,542004,4.7
disagg_fut,088691,"Gold, COMEX (GLD proxy)",nonreportable,2025-02-11,49509,24125,25384,-283,528719,4.8
disagg_fut,088691,"Gold, COMEX (GLD proxy)",nonreportable,2025-02-18,50882,23485,27397,2013,522330,5.2
disagg_fut,088691,"Gold, COMEX (GLD proxy)",nonreportable,2025-02-25,48803,22328,26475,-922,512179,5.2
disagg_fut,088691,"Gold, COMEX (GLD proxy)",nonreportable,2025-03-04,49602,21748,27854,1379,489270,5.7
disagg_fut,088691,"Gold, COMEX (GLD proxy)",nonreportable,2025-03-11,53747,24659,29088,1234,511276,5.7
disagg_fut,088691,"Gold, COMEX (GLD proxy)",nonreportable,2025-03-18,52841,25605,27236,-1852,533566,5.1
disagg_fut,088691,"Gold, COMEX (GLD proxy)",nonreportable,2025-03-25,52852,24050,28802,1566,511482,5.6
disagg_fut,088691,"Gold, COMEX (GLD proxy)",nonreportable,2025-04-01,50688,24061,26627,-2175,498746,5.3
disagg_fut,088691,"Gold, COMEX (GLD proxy)",nonreportable,2025-04-08,50486,19018,31468,4841,445468,7.1
disagg_fut,088691,"Gold, COMEX (GLD proxy)",nonreportable,2025-04-15,51349,21647,29702,-1766,456628,6.5
disagg_fut,088691,"Gold, COMEX (GLD proxy)",nonreportable,2025-04-22,50904,24014,26890,-2812,465351,5.8
disagg_fut,088691,"Gold, COMEX (GLD proxy)",nonreportable,2025-04-29,50675,23232,27443,553,451868,6.1
disagg_fut,088691,"Gold, COMEX (GLD proxy)",nonreportable,2025-05-06,52632,23026,29606,2163,452414,6.5
disagg_fut,088691,"Gold, COMEX (GLD proxy)",nonreportable,2025-05-13,51570,21572,29998,392,440842,6.8
disagg_fut,088691,"Gold, COMEX (GLD proxy)",nonreportable,2025-05-20,54053,20386,33667,3669,448000,7.5
disagg_fut,088691,"Gold, COMEX (GLD proxy)",nonreportable,2025-05-27,56541,23138,33403,-264,437538,7.6
disagg_fut,088691,"Gold, COMEX (GLD proxy)",nonreportable,2025-06-03,51996,19075,32921,-482,415941,7.9
disagg_fut,088691,"Gold, COMEX (GLD proxy)",nonreportable,2025-06-10,54008,18771,35237,2316,417143,8.4
disagg_fut,088691,"Gold, COMEX (GLD proxy)",nonreportable,2025-06-17,55840,18761,37079,1842,441214,8.4
disagg_fut,088691,"Gold, COMEX (GLD proxy)",nonreportable,2025-06-24,55009,19453,35556,-1523,434958,8.2
disagg_fut,088691,"Gold, COMEX (GLD proxy)",nonreportable,2025-07-01,53324,19235,34089,-1467,437662,7.8
disagg_fut,088691,"Gold, COMEX (GLD proxy)",nonreportable,2025-07-08,56291,20905,35386,1297,443144,8.0
disagg_fut,088691,"Gold, COMEX (GLD proxy)",nonreportable,2025-07-15,56976,19403,37573,2187,448531,8.4
disagg_fut,088691,"Gold, COMEX (GLD proxy)",nonreportable,2025-07-22,54052,24753,29299,-8274,489423,6.0
disagg_fut,088691,"Gold, COMEX (GLD proxy)",nonreportable,2025-07-29,53216,17733,35483,6184,445259,8.0
disagg_fut,088691,"Gold, COMEX (GLD proxy)",nonreportable,2025-08-05,52597,19501,33096,-2387,449647,7.4
disagg_fut,088691,"Gold, COMEX (GLD proxy)",nonreportable,2025-08-12,53656,20076,33580,484,446152,7.5
disagg_fut,088691,"Gold, COMEX (GLD proxy)",nonreportable,2025-08-19,56098,18723,37375,3795,438541,8.5
disagg_fut,088691,"Gold, COMEX (GLD proxy)",nonreportable,2025-08-26,56712,20058,36654,-721,443760,8.3
disagg_fut,088691,"Gold, COMEX (GLD proxy)",nonreportable,2025-09-02,56635,32267,24368,-12286,492908,4.9
disagg_fut,088691,"Gold, COMEX (GLD proxy)",nonreportable,2025-09-09,58990,47355,11635,-12733,509625,2.3
disagg_fut,088691,"Gold, COMEX (GLD proxy)",nonreportable,2025-09-16,60872,24911,35961,24326,516221,7.0
disagg_fut,088691,"Gold, COMEX (GLD proxy)",nonreportable,2025-09-23,57683,26029,31654,-4307,528789,6.0
disagg_fut,088691,"Gold, COMEX (GLD proxy)",nonreportable,2025-09-30,57524,22196,35328,3674,493748,7.2
disagg_fut,088691,"Gold, COMEX (GLD proxy)",nonreportable,2025-10-07,56574,24758,31816,-3512,485559,6.6
disagg_fut,088691,"Gold, COMEX (GLD proxy)",nonreportable,2025-10-14,59259,26308,32951,1135,485788,6.8
disagg_fut,088691,"Gold, COMEX (GLD proxy)",nonreportable,2025-10-21,55921,22413,33508,557,472421,7.1
disagg_fut,088691,"Gold, COMEX (GLD proxy)",nonreportable,2025-10-28,52742,20379,32363,-1145,457122,7.1
disagg_fut,088691,"Gold, COMEX (GLD proxy)",nonreportable,2025-11-04,53661,19426,34235,1872,450399,7.6
disagg_fut,088691,"Gold, COMEX (GLD proxy)",nonreportable,2025-11-10,56742,18988,37754,,459997,8.2
disagg_fut,088691,"Gold, COMEX (GLD proxy)",nonreportable,2025-11-18,54239,18993,35246,,471953,7.5
disagg_fut,088691,"Gold, COMEX (GLD proxy)",nonreportable,2025-11-25,53773,16958,36815,1569,432946,8.5
disagg_fut,088691,"Gold, COMEX (GLD proxy)",nonreportable,2025-12-02,55812,18024,37788,973,418490,9.0
disagg_fut,088691,"Gold, COMEX (GLD proxy)",nonreportable,2025-12-09,55485,16792,38693,905,432569,8.9
disagg_fut,088691,"Gold, COMEX (GLD proxy)",nonreportable,2025-12-16,58795,18415,40380,1687,471093,8.6
disagg_fut,088691,"Gold, COMEX (GLD proxy)",nonreportable,2025-12-23,62268,19442,42826,2446,492103,8.7
disagg_fut,088691,"Gold, COMEX (GLD proxy)",nonreportable,2025-12-30,60217,16144,44073,1247,481866,9.1
disagg_fut,088691,"Gold, COMEX (GLD proxy)",nonreportable,2026-01-06,60118,15715,44403,330,488116,9.1
disagg_fut,088691,"Gold, COMEX (GLD proxy)",nonreportable,2026-01-13,66220,20352,45868,1465,527455,8.7
disagg_fut,088691,"Gold, COMEX (GLD proxy)",nonreportable,2026-01-20,62136,17217,44919,-949,528004,8.5
disagg_fut,088691,"Gold, COMEX (GLD proxy)",nonreportable,2026-01-27,62677,19788,42889,-2030,488463,8.8
disagg_fut,088691,"Gold, COMEX (GLD proxy)",nonreportable,2026-02-03,56610,14436,42174,-715,409694,10.3
disagg_fut,088691,"Gold, COMEX (GLD proxy)",nonreportable,2026-02-10,52916,15190,37726,-4448,404391,9.3
disagg_fut,088691,"Gold, COMEX (GLD proxy)",nonreportable,2026-02-17,51821,14954,36867,-859,407078,9.1
disagg_fut,088691,"Gold, COMEX (GLD proxy)",nonreportable,2026-02-24,67772,26143,41629,4762,420182,9.9
disagg_fut,088691,"Gold, COMEX (GLD proxy)",nonreportable,2026-03-03,55126,14688,40438,-1191,409789,9.9
disagg_fut,088691,"Gold, COMEX (GLD proxy)",nonreportable,2026-03-10,53424,13580,39844,-594,413956,9.6
disagg_fut,088691,"Gold, COMEX (GLD proxy)",nonreportable,2026-03-17,52913,14134,38779,-1065,411388,9.4
disagg_fut,088691,"Gold, COMEX (GLD proxy)",nonreportable,2026-03-24,49273,13772,35501,-3278,403925,8.8
disagg_fut,088691,"Gold, COMEX (GLD proxy)",nonreportable,2026-03-31,50617,12179,38438,2937,361409,10.6
disagg_fut,088691,"Gold, COMEX (GLD proxy)",nonreportable,2026-04-07,49117,11671,37446,-992,354877,10.6
disagg_fut,088691,"Gold, COMEX (GLD proxy)",nonreportable,2026-04-14,51568,13012,38556,1110,362274,10.6
disagg_fut,088691,"Gold, COMEX (GLD proxy)",nonreportable,2026-04-21,52223,13289,38934,378,365842,10.6
disagg_fut,088691,"Gold, COMEX (GLD proxy)",nonreportable,2026-04-28,49280,14038,35242,-3692,369530,9.5
disagg_fut,088691,"Gold, COMEX (GLD proxy)",nonreportable,2026-05-05,49252,13620,35632,390,367932,9.7
disagg_fut,088691,"Gold, COMEX (GLD proxy)",nonreportable,2026-05-12,49951,11315,38636,3004,376496,10.3
disagg_fut,088691,"Gold, COMEX (GLD proxy)",nonreportable,2026-05-19,47082,15286,31796,-6840,379325,8.4
disagg_fut,088691,"Gold, COMEX (GLD proxy)",nonreportable,2026-05-26,47149,15643,31506,-290,353489,8.9
disagg_fut,088691,"Gold, COMEX (GLD proxy)",nonreportable,2026-06-02,43656,13331,30325,-1181,326052,9.3
disagg_fut,088691,"Gold, COMEX (GLD proxy)",nonreportable,2026-06-09,42891,15692,27199,-3126,332709,8.2
disagg_fut,088691,"Gold, COMEX (GLD proxy)",nonreportable,2026-06-16,43966,16623,27343,144,339330,8.1
disagg_fut,088691,"Gold, COMEX (GLD proxy)",nonreportable,2026-06-23,39265,15200,24065,-3278,352167,6.8
disagg_fut,088691,"Gold, COMEX (GLD proxy)",nonreportable,2026-06-30,49035,21984,27051,2986,369541,7.3
disagg_fut,088691,"Gold, COMEX (GLD proxy)",nonreportable,2026-07-07,45636,17600,28036,985,371776,7.5
disagg_fut,088691,"Gold, COMEX (GLD proxy)",nonreportable,2026-07-14,44419,16313,28106,70,383689,7.3
disagg_fut,088691,"Gold, COMEX (GLD proxy)",nonreportable,2026-07-21,46143,16854,29289,1183,383368,7.6
disagg_fut,088691,"Gold, COMEX (GLD proxy)",nonreportable,2026-07-28,61384,31145,30239,950,384603,7.9
disagg_fut,088691,"Gold, COMEX (GLD proxy)",nonreportable,2026-08-04,44531,15674,28857,-1382,371551,7.8
disagg_fut,088691,"Gold, COMEX (GLD proxy)",nonreportable,2026-08-11,51051,16351,34700,5843,400309,8.7
disagg_fut,088691,"Gold, COMEX (GLD proxy)",nonreportable,2026-08-18,51347,15118,36229,1529,406260,8.9
disagg_fut,088691,"Gold, COMEX (GLD proxy)",nonreportable,2026-08-25,54725,18474,36251,22,427957,8.5
disagg_fut,088691,"Gold, COMEX (GLD proxy)",nonreportable,2026-09-01,52030,15436,36594,343,415196,8.8
disagg_fut,088691,"Gold, COMEX (GLD proxy)",nonreportable,2026-09-08,52554,14240,38314,1720,411227,9.3
disagg_fut,088691,"Gold, COMEX (GLD proxy)",nonreportable,2026-09-15,47460,16077,31383,-6931,409899,7.7
disagg_fut,088691,"Gold, COMEX (GLD proxy)",other_reportable,2006-06-13,39027,9620,29407,,288981,10.2
disagg_fut,088691,"Gold, COMEX (GLD proxy)",other_reportable,2006-06-20,40666,11561,29105,-302,288148,10.1
disagg_fut,088691,"Gold, COMEX (GLD proxy)",other_reportable,2006-06-27,39675,11266,28409,-696,292789,9.7
disagg_fut,088691,"Gold, COMEX (GLD proxy)",other_reportable,2006-07-03,41082,8488,32594,,292500,11.1
disagg_fut,088691,"Gold, COMEX (GLD proxy)",other_reportable,2006-07-11,41175,11130,30045,,312684,9.6
disagg_fut,088691,"Gold, COMEX (GLD proxy)",other_reportable,2006-07-18,38134,10031,28103,-1942,324276,8.7
disagg_fut,088691,"Gold, COMEX (GLD proxy)",other_reportable,2006-07-25,35377,6729,28648,545,315635,9.1
disagg_fut,088691,"Gold, COMEX (GLD proxy)",other_reportable,2006-08-01,36996,4844,32152,3504,304907,10.5
disagg_fut,088691,"Gold, COMEX (GLD proxy)",other_reportable,2006-08-08,37977,6197,31780,-372,309097,10.3
disagg_fut,088691,"Gold, COMEX (GLD proxy)",other_reportable,2006-08-15,37904,5250,32654,874,313327,10.4
disagg_fut,088691,"Gold, COMEX (GLD proxy)",other_reportable,2006-08-22,41511,5868,35643,2989,306171,11.6
disagg_fut,088691,"Gold, COMEX (GLD proxy)",other_reportable,2006-08-29,43612,5425,38187,2544,307583,12.4
disagg_fut,088691,"Gold, COMEX (GLD proxy)",other_reportable,2006-09-05,46339,6227,40112,1925,319998,12.5
disagg_fut,088691,"Gold, COMEX (GLD proxy)",other_reportable,2006-09-12,44884,6602,38282,-1830,310510,12.3
disagg_fut,088691,"Gold, COMEX (GLD proxy)",other_reportable,2006-09-19,43894,7619,36275,-2007,325852,11.1
disagg_fut,088691,"Gold, COMEX (GLD proxy)",other_reportable,2006-09-26,39792,3872,35920,-355,322937,11.1
disagg_fut,088691,"Gold, COMEX (GLD proxy)",other_reportable,2006-10-03,41451,4470,36981,1061,330065,11.2
disagg_fut,088691,"Gold, COMEX (GLD proxy)",other_reportable,2006-10-10,43941,4556,39385,2404,334329,11.8
disagg_fut,088691,"Gold, COMEX (GLD proxy)",other_reportable,2006-10-17,43391,3961,39430,45,329875,12.0
disagg_fut,088691,"Gold, COMEX (GLD proxy)",other_reportable,2006-10-24,50080,4209,45871,6441,331598,13.8
disagg_fut,088691,"Gold, COMEX (GLD proxy)",other_reportable,2006-10-31,47487,3663,43824,-2047,323481,13.5
disagg_fut,088691,"Gold, COMEX (GLD proxy)",other_reportable,2006-11-07,45272,7636,37636,-6188,335036,11.2
disagg_fut,088691,"Gold, COMEX (GLD proxy)",other_reportable,2006-11-14,47750,8670,39080,1444,356575,11.0
disagg_fut,088691,"Gold, COMEX (GLD proxy)",other_reportable,2006-11-21,45248,9405,35843,-3237,355430,10.1
disagg_fut,088691,"Gold, COMEX (GLD proxy)",other_reportable,2006-11-28,44621,9350,35271,-572,349517,10.1
disagg_fut,088691,"Gold, COMEX (GLD proxy)",other_reportable,2006-12-05,41414,9822,31592,-3679,330530,9.6
disagg_fut,088691,"Gold, COMEX (GLD proxy)",other_reportable,2006-12-12,41761,10018,31743,151,333101,9.5
disagg_fut,088691,"Gold, COMEX (GLD proxy)",other_reportable,2006-12-19,41010,10078,30932,-811,337096,9.2
disagg_fut,088691,"Gold, COMEX (GLD proxy)",other_reportable,2006-12-26,40671,10698,29973,-959,340473,8.8
disagg_fut,088691,"Gold, COMEX (GLD proxy)",other_reportable,2007-01-03,42853,11762,31091,,353494,8.8
disagg_fut,088691,"Gold, COMEX (GLD proxy)",other_reportable,2007-01-09,39500,12628,26872,,347491,7.7
disagg_fut,088691,"Gold, COMEX (GLD proxy)",other_reportable,2007-01-16,40956,13065,27891,1019,344685,8.1
disagg_fut,088691,"Gold, COMEX (GLD proxy)",other_reportable,2007-01-23,42779,16216,26563,-1328,361114,7.4
disagg_fut,088691,"Gold, COMEX (GLD proxy)",other_reportable,2007-01-30,44612,14253,30359,3796,348035,8.7
disagg_fut,088691,"Gold, COMEX (GLD proxy)",other_reportable,2007-02-06,42663,15579,27084,-3275,360936,7.5
disagg_fut,088691,"Gold, COMEX (GLD proxy)",other_reportable,2007-02-13,45795,18102,27693,609,383169,7.2
disagg_fut,088691,"Gold, COMEX (GLD proxy)",other_reportable,2007-02-20,47206,13075,34131,6438,396115,8.6
disagg_fut,088691,"Gold, COMEX (GLD proxy)",other_reportable,2007-02-27,46731,16876,29855,-4276,415155,7.2
disagg_fut,088691,"Gold, COMEX (GLD proxy)",other_reportable,2007-03-06,46185,13368,32817,2962,382550,8.6
disagg_fut,088691,"Gold, COMEX (GLD proxy)",other_reportable,2007-03-13,42800,14724,28076,-4741,394090,7.1
disagg_fut,088691,"Gold, COMEX (GLD proxy)",other_reportable,2007-03-20,40808,14485,26323,-1753,359726,7.3
disagg_fut,088691,"Gold, COMEX (GLD proxy)",other_reportable,2007-03-27,38150,11951,26199,-124,359434,7.3
disagg_fut,088691,"Gold, COMEX (GLD proxy)",other_reportable,2007-04-03,39771,14645,25126,-1073,347817,7.2
disagg_fut,088691,"Gold, COMEX (GLD proxy)",other_reportable,2007-04-10,43790,14569,29221,4095,369536,7.9
disagg_fut,088691,"Gold, COMEX (GLD proxy)",other_reportable,2007-04-17,45638,16920,28718,-503,380800,7.5
disagg_fut,088691,"Gold, COMEX (GLD proxy)",other_reportable,2007-04-24,44745,15473,29272,554,403388,7.3
disagg_fut,088691,"Gold, COMEX (GLD proxy)",other_reportable,2007-05-01,41551,15241,26310,-2962,396276,6.6
disagg_fut,088691,"Gold, COMEX (GLD proxy)",other_reportable,2007-05-08,39312,17362,21950,-4360,411273,5.3
disagg_fut,088691,"Gold, COMEX (GLD proxy)",other_reportable,2007-05-15,42056,15569,26487,4537,408936,6.5
disagg_fut,088691,"Gold, COMEX (GLD proxy)",other_reportable,2007-05-22,45765,16198,29567,3080,416813,7.1
disagg_fut,088691,"Gold, COMEX (GLD proxy)",other_reportable,2007-05-29,42483,11303,31180,1613,425688,7.3
disagg_fut,088691,"Gold, COMEX (GLD proxy)",other_reportable,2007-06-05,41795,11196,30599,-581,385046,7.9
disagg_fut,088691,"Gold, COMEX (GLD proxy)",other_reportable,2007-06-12,44830,12308,32522,1923,412150,7.9
disagg_fut,088691,"Gold, COMEX (GLD proxy)",other_reportable,2007-06-19,44485,12856,31629,-893,410324,7.7
disagg_fut,088691,"Gold, COMEX (GLD proxy)",other_reportable,2007-06-26,46700,10117,36583,4954,407640,9.0
disagg_fut,088691,"Gold, COMEX (GLD proxy)",other_reportable,2007-07-03,40344,9547,30797,-5786,375642,8.2
disagg_fut,088691,"Gold, COMEX (GLD proxy)",other_reportable,2007-07-10,41036,7615,33421,2624,387916,8.6
disagg_fut,088691,"Gold, COMEX (GLD proxy)",other_reportable,2007-07-17,41803,7122,34681,1260,385595,9.0
disagg_fut,088691,"Gold, COMEX (GLD proxy)",other_reportable,2007-07-24,39499,12284,27215,-7466,401603,6.8
disagg_fut,088691,"Gold, COMEX (GLD proxy)",other_reportable,2007-07-31,37245,11449,25796,-1419,351185,7.3
disagg_fut,088691,"Gold, COMEX (GLD proxy)",other_reportable,2007-08-07,38869,13039,25830,34,352908,7.3
disagg_fut,088691,"Gold, COMEX (GLD proxy)",other_reportable,2007-08-14,40983,12650,28333,2503,347973,8.1
disagg_fut,088691,"Gold, COMEX (GLD proxy)",other_reportable,2007-08-21,37219,11281,25938,-2395,330204,7.9
disagg_fut,088691,"Gold, COMEX (GLD proxy)",other_reportable,2007-08-28,37552,10344,27208,1270,325767,8.4
disagg_fut,088691,"Gold, COMEX (GLD proxy)",other_reportable,2007-09-04,40821,17607,23214,-3994,339439,6.8
disagg_fut,088691,"Gold, COMEX (GLD proxy)",other_reportable,2007-09-11,46227,20073,26154,2940,373686,7.0
disagg_fut,088691,"Gold, COMEX (GLD proxy)",other_reportable,2007-09-18,42700,18128,24572,-1582,392748,6.3
disagg_fut,088691,"Gold, COMEX (GLD proxy)",other_reportable,2007-09-25,47204,17200,30004,5432,440945,6.8
disagg_fut,088691,"Gold, COMEX (GLD proxy)",other_reportable,2007-10-02,45230,21275,23955,-6049,439865,5.4
disagg_fut,088691,"Gold, COMEX (GLD proxy)",other_reportable,2007-10-09,44680,22331,22349,-1606,458936,4.9
disagg_fut,088691,"Gold, COMEX (GLD proxy)",other_reportable,2007-10-16,46505,26924,19581,-2768,483872,4.0
disagg_fut,088691,"Gold, COMEX (GLD proxy)",other_reportable,2007-10-23,41738,28494,13244,-6337,489471,2.7
disagg_fut,088691,"Gold, COMEX (GLD proxy)",other_reportable,2007-10-30,38570,25860,12710,-534,516163,2.5
disagg_fut,088691,"Gold, COMEX (GLD proxy)",other_reportable,2007-11-06,42689,26979,15710,3000,556856,2.8
disagg_fut,088691,"Gold, COMEX (GLD proxy)",other_reportable,2007-11-13,42684,26836,15848,138,552546,2.9
disagg_fut,088691,"Gold, COMEX (GLD proxy)",other_reportable,2007-11-20,40822,29278,11544,-4304,512430,2.3
disagg_fut,088691,"Gold, COMEX (GLD proxy)",other_reportable,2007-11-27,43360,20134,23226,11682,520782,4.5
disagg_fut,088691,"Gold, COMEX (GLD proxy)",other_reportable,2007-12-04,41213,17610,23603,377,486709,4.8
disagg_fut,088691,"Gold, COMEX (GLD proxy)",other_reportable,2007-12-11,41064,18646,22418,-1185,486198,4.6
disagg_fut,088691,"Gold, COMEX (GLD proxy)",other_reportable,2007-12-18,42129,18094,24035,1617,495001,4.9
disagg_fut,088691,"Gold, COMEX (GLD proxy)",other_reportable,2007-12-24,45917,17677,28240,,517020,5.5
disagg_fut,088691,"Gold, COMEX (GLD proxy)",other_reportable,2007-12-31,45210,17025,28185,-55,541854,5.2
disagg_fut,088691,"Gold, COMEX (GLD proxy)",other_reportable,2008-01-08,46301,21666,24635,,558309,4.4
disagg_fut,088691,"Gold, COMEX (GLD proxy)",other_reportable,2008-01-15,50085,23922,26163,1528,593953,4.4
disagg_fut,088691,"Gold, COMEX (GLD proxy)",other_reportable,2008-01-22,48144,26490,21654,-4509,560173,3.9
disagg_fut,088691,"Gold, COMEX (GLD proxy)",other_reportable,2008-01-29,45876,21820,24056,2402,522142,4.6
disagg_fut,088691,"Gold, COMEX (GLD proxy)",other_reportable,2008-02-05,43828,21773,22055,-2001,495139,4.5
disagg_fut,088691,"Gold, COMEX (GLD proxy)",other_reportable,2008-02-12,50378,21858,28520,6465,475749,6.0
disagg_fut,088691,"Gold, COMEX (GLD proxy)",other_reportable,2008-02-19,51526,27001,24525,-3995,489789,5.0
disagg_fut,088691,"Gold, COMEX (GLD proxy)",other_reportable,2008-02-26,53270,30212,23058,-1467,495102,4.7
disagg_fut,088691,"Gold, COMEX (GLD proxy)",other_reportable,2008-03-04,52303,32250,20053,-3005,486992,4.1
disagg_fut,088691,"Gold, COMEX (GLD proxy)",other_reportable,2008-03-11,52938,32310,20628,575,482035,4.3
disagg_fut,088691,"Gold, COMEX (GLD proxy)",other_reportable,2008-03-18,52807,29363,23444,2816,489055,4.8
disagg_fut,088691,"Gold, COMEX (GLD proxy)",other_reportable,2008-03-25,45207,24623,20584,-2860,452193,4.6
disagg_fut,088691,"Gold, COMEX (GLD proxy)",other_reportable,2008-04-01,44023,18096,25927,5343,399393,6.5
disagg_fut,088691,"Gold, COMEX (GLD proxy)",other_reportable,2008-04-08,45688,16425,29263,3336,407212,7.2
disagg_fut,088691,"Gold, COMEX (GLD proxy)",other_reportable,2008-04-15,46650,17452,29198,-65,422699,6.9
disagg_fut,088691,"Gold, COMEX (GLD proxy)",other_reportable,2008-04-22,44373,19842,24531,-4667,424218,5.8
disagg_fut,088691,"Gold, COMEX (GLD proxy)",other_reportable,2008-04-29,43242,14961,28281,3750,429670,6.6
disagg_fut,088691,"Gold, COMEX (GLD proxy)",other_reportable,2008-05-06,43544,11904,31640,3359,433741,7.3
disagg_fut,088691,"Gold, COMEX (GLD proxy)",other_reportable,2008-05-13,47402,13055,34347,2707,439636,7.8
disagg_fut,088691,"Gold, COMEX (GLD proxy)",other_reportable,2008-05-20,50524,15676,34848,501,453084,7.7
disagg_fut,088691,"Gold, COMEX (GLD proxy)",other_reportable,2008-05-27,54560,8720,45840,10992,430961,10.6
disagg_fut,088691,"Gold, COMEX (GLD proxy)",other_reportable,2008-06-03,44609,8055,36554,-9286,398441,9.2
disagg_fut,088691,"Gold, COMEX (GLD proxy)",other_reportable,2008-06-10,45119,8755,36364,-190,396392,9.2
disagg_fut,088691,"Gold, COMEX (GLD proxy)",other_reportable,2008-06-17,43630,9624,34006,-2358,390471,8.7
disagg_fut,088691,"Gold, COMEX (GLD proxy)",other_reportable,2008-06-24,46545,13271,33274,-732,401226,8.3
disagg_fut,088691,"Gold, COMEX (GLD proxy)",other_reportable,2008-07-01,49556,18508,31048,-2226,434024,7.2
disagg_fut,088691,"Gold, COMEX (GLD proxy)",other_reportable,2008-07-08,50815,18316,32499,1451,443202,7.3
disagg_fut,088691,"Gold, COMEX (GLD proxy)",other_reportable,2008-07-15,56230,22353,33877,1378,483920,7.0
disagg_fut,088691,"Gold, COMEX (GLD proxy)",other_reportable,2008-07-22,53943,22292,31651,-2226,475606,6.7
disagg_fut,088691,"Gold, COMEX (GLD proxy)",other_reportable,2008-07-29,54285,15209,39076,7425,446013,8.8
disagg_fut,088691,"Gold, COMEX (GLD proxy)",other_reportable,2008-08-05,50020,15118,34902,-4174,408430,8.5
disagg_fut,088691,"Gold, COMEX (GLD proxy)",other_reportable,2008-08-12,53418,12427,40991,6089,365611,11.2
disagg_fut,088691,"Gold, COMEX (GLD proxy)",other_reportable,2008-08-19,49701,11252,38449,-2542,372968,10.3
disagg_fut,088691,"Gold, COMEX (GLD proxy)",other_reportable,2008-08-26,50971,12913,38058,-391,380766,10.0
disagg_fut,088691,"Gold, COMEX (GLD proxy)",other_reportable,2008-09-02,49538,10038,39500,1442,382329,10.3
disagg_fut,088691,"Gold, COMEX (GLD proxy)",other_reportable,2008-09-09,48570,10282,38288,-1212,392592,9.8
disagg_fut,088691,"Gold, COMEX (GLD proxy)",other_reportable,2008-09-16,57941,13842,44099,5811,393814,11.2
disagg_fut,088691,"Gold, COMEX (GLD proxy)",other_reportable,2008-09-23,60239,12288,47951,3852,368254,13.0
disagg_fut,088691,"Gold, COMEX (GLD proxy)",other_reportable,2008-09-30,52352,9690,42662,-5289,336598,12.7
disagg_fut,088691,"Gold, COMEX (GLD proxy)",other_reportable,2008-10-07,50261,8673,41588,-1074,329480,12.6
disagg_fut,088691,"Gold, COMEX (GLD proxy)",other_reportable,2008-10-14,47010,9972,37038,-4550,323496,11.4
disagg_fut,088691,"Gold, COMEX (GLD proxy)",other_reportable,2008-10-21,51550,7990,43560,6522,319472,13.6
disagg_fut,088691,"Gold, COMEX (GLD proxy)",other_reportable,2008-10-28,48424,16275,32149,-11411,313709,10.2
disagg_fut,088691,"Gold, COMEX (GLD proxy)",other_reportable,2008-11-04,46793,24815,21978,-10171,303908,7.2
disagg_fut,088691,"Gold, COMEX (GLD proxy)",other_reportable,2008-11-11,50557,23470,27087,5109,293831,9.2
disagg_fut,088691,"Gold, COMEX (GLD proxy)",other_reportable,2008-11-18,48077,22458,25619,-1468,289700,8.8
disagg_fut,088691,"Gold, COMEX (GLD proxy)",other_reportable,2008-11-25,41963,17830,24133,-1486,276567,8.7
disagg_fut,088691,"Gold, COMEX (GLD proxy)",other_reportable,2008-12-02,42183,18566,23617,-516,264796,8.9
disagg_fut,088691,"Gold, COMEX (GLD proxy)",other_reportable,2008-12-09,41524,16204,25320,1703,261001,9.7
disagg_fut,088691,"Gold, COMEX (GLD proxy)",other_reportable,2008-12-16,47483,12566,34917,9597,282915,12.3
disagg_fut,088691,"Gold, COMEX (GLD proxy)",other_reportable,2008-12-22,46675,14690,31985,,291022,11.0
disagg_fut,088691,"Gold, COMEX (GLD proxy)",other_reportable,2008-12-30,46860,12786,34074,,300448,11.3
disagg_fut,088691,"Gold, COMEX (GLD proxy)",other_reportable,2009-01-06,47741,12627,35114,1040,320391,11.0
disagg_fut,088691,"Gold, COMEX (GLD proxy)",other_reportable,2009-01-13,49258,11660,37598,2484,318185,11.8
disagg_fut,088691,"Gold, COMEX (GLD proxy)",other_reportable,2009-01-20,45690,14075,31615,-5983,331507,9.5
disagg_fut,088691,"Gold, COMEX (GLD proxy)",other_reportable,2009-01-27,47391,11842,35549,3934,354191,10.0
disagg_fut,088691,"Gold, COMEX (GLD proxy)",other_reportable,2009-02-03,50790,12768,38022,2473,346288,11.0
disagg_fut,088691,"Gold, COMEX (GLD proxy)",other_reportable,2009-02-10,53612,12650,40962,2940,350858,11.7
disagg_fut,088691,"Gold, COMEX (GLD proxy)",other_reportable,2009-02-17,58298,15544,42754,1792,361619,11.8
disagg_fut,088691,"Gold, COMEX (GLD proxy)",other_reportable,2009-02-24,57821,26549,31272,-11482,372697,8.4
disagg_fut,088691,"Gold, COMEX (GLD proxy)",other_reportable,2009-03-03,47242,22841,24401,-6871,365271,6.7
disagg_fut,088691,"Gold, COMEX (GLD proxy)",other_reportable,2009-03-10,41346,25330,16016,-8385,371321,4.3
disagg_fut,088691,"Gold, COMEX (GLD proxy)",other_reportable,2009-03-17,41008,18593,22415,6399,376237,6.0
disagg_fut,088691,"Gold, COMEX (GLD proxy)",other_reportable,2009-03-24,44480,18223,26257,3842,387177,6.8
disagg_fut,088691,"Gold, COMEX (GLD proxy)",other_reportable,2009-03-31,44707,20333,24374,-1883,368618,6.6
disagg_fut,088691,"Gold, COMEX (GLD proxy)",other_reportable,2009-04-07,39293,22638,16655,-7719,344929,4.8
disagg_fut,088691,"Gold, COMEX (GLD proxy)",other_reportable,2009-04-14,40137,22266,17871,1216,336930,5.3
disagg_fut,088691,"Gold, COMEX (GLD proxy)",other_reportable,2009-04-21,40683,23630,17053,-818,339226,5.0
disagg_fut,088691,"Gold, COMEX (GLD proxy)",other_reportable,2009-04-28,43061,22243,20818,3765,343037,6.1
disagg_fut,088691,"Gold, COMEX (GLD proxy)",other_reportable,2009-05-05,44647,29283,15364,-5454,341461,4.5
disagg_fut,088691,"Gold, COMEX (GLD proxy)",other_reportable,2009-05-12,47575,32859,14716,-648,359517,4.1
disagg_fut,088691,"Gold, COMEX (GLD proxy)",other_reportable,2009-05-19,45327,23202,22125,7409,367931,6.0
disagg_fut,088691,"Gold, COMEX (GLD proxy)",other_reportable,2009-05-26,54293,19883,34410,12285,396965,8.7
disagg_fut,088691,"Gold, COMEX (GLD proxy)",other_reportable,2009-06-02,53767,19581,34186,-224,391057,8.7
disagg_fut,088691,"Gold, COMEX (GLD proxy)",other_reportable,2009-06-09,49312,20275,29037,-5149,387181,7.5
disagg_fut,088691,"Gold, COMEX (GLD proxy)",other_reportable,2009-06-16,49203,20490,28713,-324,371997,7.7
disagg_fut,088691,"Gold, COMEX (GLD proxy)",other_reportable,2009-06-23,46235,19153,27082,-1631,370347,7.3
disagg_fut,088691,"Gold, COMEX (GLD proxy)",other_reportable,2009-06-30,46377,19678,26699,-383,379199,7.0
disagg_fut,088691,"Gold, COMEX (GLD proxy)",other_reportable,2009-07-07,45915,20534,25381,-1318,372985,6.8
disagg_fut,088691,"Gold, COMEX (GLD proxy)",other_reportable,2009-07-14,45444,18812,26632,1251,370509,7.2
disagg_fut,088691,"Gold, COMEX (GLD proxy)",other_reportable,2009-07-21,43198,20231,22967,-3665,390939,5.9
disagg_fut,088691,"Gold, COMEX (GLD proxy)",other_reportable,2009-07-28,44544,19111,25433,2466,386340,6.6
disagg_fut,088691,"Gold, COMEX (GLD proxy)",other_reportable,2009-08-04,42302,16474,25828,395,392834,6.6
disagg_fut,088691,"Gold, COMEX (GLD proxy)",other_reportable,2009-08-11,44820,14669,30151,4323,385002,7.8
disagg_fut,088691,"Gold, COMEX (GLD proxy)",other_reportable,2009-08-18,49942,13898,36044,5893,373810,9.6
disagg_fut,088691,"Gold, COMEX (GLD proxy)",other_reportable,2009-08-25,48638,15252,33386,-2658,379629,8.8
disagg_fut,088691,"Gold, COMEX (GLD proxy)",other_reportable,2009-09-01,49579,15116,34463,1077,384703,9.0
disagg_fut,088691,"Gold, COMEX (GLD proxy)",other_reportable,2009-09-08,56985,19858,37127,2664,451713,8.2
disagg_fut,088691,"Gold, COMEX (GLD proxy)",other_reportable,2009-09-15,55942,22155,33787,-3340,467892,7.2
disagg_fut,088691,"Gold, COMEX (GLD proxy)",other_reportable,2009-09-22,57689,24006,33683,-104,467145,7.2
disagg_fut,088691,"Gold, COMEX (GLD proxy)",other_reportable,2009-09-29,54819,17882,36937,3254,454585,8.1
disagg_fut,088691,"Gold, COMEX (GLD proxy)",other_reportable,2009-10-06,54126,23833,30293,-6644,484307,6.3
disagg_fut,088691,"Gold, COMEX (GLD proxy)",other_reportable,2009-10-13,56128,29027,27101,-3192,504187,5.4
disagg_fut,088691,"Gold, COMEX (GLD proxy)",other_reportable,2009-10-20,52874,30042,22832,-4269,509678,4.5
disagg_fut,088691,"Gold, COMEX (GLD proxy)",other_reportable,2009-10-27,55026,23620,31406,8574,497479,6.3
disagg_fut,088691,"Gold, COMEX (GLD proxy)",other_reportable,2009-11-03,52025,28927,23098,-8308,493991,4.7
disagg_fut,088691,"Gold, COMEX (GLD proxy)",other_reportable,2009-11-09,56938,33843,23095,,530505,4.4
disagg_fut,088691,"Gold, COMEX (GLD proxy)",other_reportable,2009-11-17,61753,40292,21461,,533119,4.0
disagg_fut,088691,"Gold, COMEX (GLD proxy)",other_reportable,2009-11-24,69414,28860,40554,19093,521253,7.8
disagg_fut,088691,"Gold, COMEX (GLD proxy)",other_reportable,2009-12-01,73286,31378,41908,1354,521433,8.0
disagg_fut,088691,"Gold, COMEX (GLD proxy)",other_reportable,2009-12-08,77792,31174,46618,4710,505652,9.2
disagg_fut,088691,"Gold, COMEX (GLD proxy)",other_reportable,2009-12-15,75965,27945,48020,1402,504368,9.5
disagg_fut,088691,"Gold, COMEX (GLD proxy)",other_reportable,2009-12-22,66491,30598,35893,-12127,499233,7.2
disagg_fut,088691,"Gold, COMEX (GLD proxy)",other_reportable,2009-12-29,61880,27215,34665,-1228,491712,7.0
disagg_fut,088691,"Gold, COMEX (GLD proxy)",other_reportable,2010-01-05,64502,28334,36168,1503,507643,7.1
disagg_fut,088691,"Gold, COMEX (GLD proxy)",other_reportable,2010-01-12,69080,30781,38299,2131,523266,7.3
disagg_fut,088691,"Gold, COMEX (GLD proxy)",other_reportable,2010-01-19,60956,32112,28844,-9455,528924,5.5
disagg_fut,088691,"Gold, COMEX (GLD proxy)",other_reportable,2010-01-26,64090,26533,37557,8713,507565,7.4
disagg_fut,088691,"Gold, COMEX (GLD proxy)",other_reportable,2010-02-02,59024,27456,31568,-5989,480860,6.6
disagg_fut,088691,"Gold, COMEX (GLD proxy)",other_reportable,2010-02-09,56643,27852,28791,-2777,466905,6.2
disagg_fut,088691,"Gold, COMEX (GLD proxy)",other_reportable,2010-02-16,57102,25398,31704,2913,466509,6.8
disagg_fut,088691,"Gold, COMEX (GLD proxy)",other_reportable,2010-02-23,61541,25575,35966,4262,466572,7.7
disagg_fut,088691,"Gold, COMEX (GLD proxy)",other_reportable,2010-03-02,57405,26704,30701,-5265,482786,6.4
disagg_fut,088691,"Gold, COMEX (GLD proxy)",other_reportable,2010-03-09,61790,28004,33786,3085,493909,6.8
disagg_fut,088691,"Gold, COMEX (GLD proxy)",other_reportable,2010-03-16,62350,32281,30069,-3717,496481,6.1
disagg_fut,088691,"Gold, COMEX (GLD proxy)",other_reportable,2010-03-23,58818,28638,30180,111,495143,6.1
disagg_fut,088691,"Gold, COMEX (GLD proxy)",other_reportable,2010-03-30,54519,27973,26546,-3634,466678,5.7
disagg_fut,088691,"Gold, COMEX (GLD proxy)",other_reportable,2010-04-06,60667,32356,28311,1765,497388,5.7
disagg_fut,088691,"Gold, COMEX (GLD proxy)",other_reportable,2010-04-13,62398,38351,24047,-4264,528856,4.5
disagg_fut,088691,"Gold, COMEX (GLD proxy)",other_reportable,2010-04-20,52236,33825,18411,-5636,521338,3.5
disagg_fut,088691,"Gold, COMEX (GLD proxy)",other_reportable,2010-04-27,53269,33044,20225,1814,538591,3.8
disagg_fut,088691,"Gold, COMEX (GLD proxy)",other_reportable,2010-05-04,54078,31319,22759,2534,551616,4.1
disagg_fut,088691,"Gold, COMEX (GLD proxy)",other_reportable,2010-05-11,57711,39416,18295,-4464,583504,3.1
disagg_fut,088691,"Gold, COMEX (GLD proxy)",other_reportable,2010-05-18,55648,43773,11875,-6420,579758,2.0
disagg_fut,088691,"Gold, COMEX (GLD proxy)",other_reportable,2010-05-25,58265,35790,22475,10600,591360,3.8
disagg_fut,088691,"Gold, COMEX (GLD proxy)",other_reportable,2010-06-01,55852,37564,18288,-4187,553950,3.3
disagg_fut,088691,"Gold, COMEX (GLD proxy)",other_reportable,2010-06-08,55552,38170,17382,-906,564792,3.1
disagg_fut,088691,"Gold, COMEX (GLD proxy)",other_reportable,2010-06-15,58146,39385,18761,1379,569204,3.3
disagg_fut,088691,"Gold, COMEX (GLD proxy)",other_reportable,2010-06-22,60701,40932,19769,1008,602411,3.3
disagg_fut,088691,"Gold, COMEX (GLD proxy)",other_reportable,2010-06-29,60627,30364,30263,10494,601138,5.0
disagg_fut,088691,"Gold, COMEX (GLD proxy)",other_reportable,2010-07-06,58241,30932,27309,-2954,577732,4.7
disagg_fut,088691,"Gold, COMEX (GLD proxy)",other_reportable,2010-07-13,54975,30808,24167,-3142,568078,4.3
disagg_fut,088691,"Gold, COMEX (GLD proxy)",other_reportable,2010-07-20,58794,28858,29936,5769,559473,5.4
disagg_fut,088691,"Gold, COMEX (GLD proxy)",other_reportable,2010-07-27,61090,25081,36009,6073,560066,6.4
disagg_fut,088691,"Gold, COMEX (GLD proxy)",other_reportable,2010-08-03,54904,25754,29150,-6859,518643,5.6
disagg_fut,088691,"Gold, COMEX (GLD proxy)",other_reportable,2010-08-10,56648,24554,32094,2944,523078,6.1
disagg_fut,088691,"Gold, COMEX (GLD proxy)",other_reportable,2010-08-17,58399,31390,27009,-5085,543674,5.0
disagg_fut,088691,"Gold, COMEX (GLD proxy)",other_reportable,2010-08-24,54380,29273,25107,-1902,556464,4.5
disagg_fut,088691,"Gold, COMEX (GLD proxy)",other_reportable,2010-08-31,56878,28001,28877,3770,577352,5.0
disagg_fut,088691,"Gold, COMEX (GLD proxy)",other_reportable,2010-09-07,57930,29260,28670,-207,585564,4.9
disagg_fut,088691,"Gold, COMEX (GLD proxy)",other_reportable,2010-09-14,60416,34405,26011,-2659,594058,4.4
disagg_fut,088691,"Gold, COMEX (GLD proxy)",other_reportable,2010-09-21,66787,36573,30214,4203,597592,5.1
disagg_fut,088691,"Gold, COMEX (GLD proxy)",other_reportable,2010-09-28,65815,32574,33241,3027,619408,5.4
disagg_fut,088691,"Gold, COMEX (GLD proxy)",other_reportable,2010-10-05,73510,32606,40904,7663,617204,6.6
disagg_fut,088691,"Gold, COMEX (GLD proxy)",other_reportable,2010-10-12,70639,38724,31915,-8989,616382,5.2
disagg_fut,088691,"Gold, COMEX (GLD proxy)",other_reportable,2010-10-19,78915,37910,41005,9090,630626,6.5
disagg_fut,088691,"Gold, COMEX (GLD proxy)",other_reportable,2010-10-26,73373,32324,41049,44,607582,6.8
disagg_fut,088691,"Gold, COMEX (GLD proxy)",other_reportable,2010-11-02,71080,36446,34634,-6415,618381,5.6
disagg_fut,088691,"Gold, COMEX (GLD proxy)",other_reportable,2010-11-09,89952,32447,57505,22871,650764,8.8
disagg_fut,088691,"Gold, COMEX (GLD proxy)",other_reportable,2010-11-16,83322,31445,51877,-5628,637435,8.1
disagg_fut,088691,"Gold, COMEX (GLD proxy)",other_reportable,2010-11-23,76797,25474,51323,-554,622712,8.2
disagg_fut,088691,"Gold, COMEX (GLD proxy)",other_reportable,2010-11-30,78577,26344,52233,910,600158,8.7
disagg_fut,088691,"Gold, COMEX (GLD proxy)",other_reportable,2010-12-07,79292,26298,52994,761,603632,8.8
disagg_fut,088691,"Gold, COMEX (GLD proxy)",other_reportable,2010-12-14,79316,27746,51570,-1424,594652,8.7
disagg_fut,088691,"Gold, COMEX (GLD proxy)",other_reportable,2010-12-21,79337,30563,48774,-2796,582133,8.4
disagg_fut,088691,"Gold, COMEX (GLD proxy)",other_reportable,2010-12-28,77279,29405,47874,-900,594490,8.1
disagg_fut,088691,"Gold, COMEX (GLD proxy)",other_reportable,2011-01-04,78007,31824,46183,-1691,592613,7.8
disagg_fut,088691,"Gold, COMEX (GLD proxy)",other_reportable,2011-01-11,73583,35767,37816,-8367,588179,6.4
disagg_fut,088691,"Gold, COMEX (GLD proxy)",other_reportable,2011-01-18,78290,46537,31753,-6063,587832,5.4
disagg_fut,088691,"Gold, COMEX (GLD proxy)",other_reportable,2011-01-25,72163,49791,22372,-9381,506047,4.4
disagg_fut,088691,"Gold, COMEX (GLD proxy)",other_reportable,2011-02-01,66735,39274,27461,5089,462907,5.9
disagg_fut,088691,"Gold, COMEX (GLD proxy)",other_reportable,2011-02-08,67067,41483,25584,-1877,469779,5.4
disagg_fut,088691,"Gold, COMEX (GLD proxy)",other_reportable,2011-02-15,64537,45927,18610,-6974,473345,3.9
disagg_fut,088691,"Gold, COMEX (GLD proxy)",other_reportable,2011-02-22,61885,49910,11975,-6635,502119,2.4
disagg_fut,088691,"Gold, COMEX (GLD proxy)",other_reportable,2011-03-01,58383,49946,8437,-3538,515784,1.6
disagg_fut,088691,"Gold, COMEX (GLD proxy)",other_reportable,2011-03-08,56057,53737,2320,-6117,515214,0.5
disagg_fut,088691,"Gold, COMEX (GLD proxy)",other_reportable,2011-03-15,52675,54342,-1667,-3987,507760,-0.3
disagg_fut,088691,"Gold, COMEX (GLD proxy)",other_reportable,2011-03-22,47600,51638,-4038,-2371,509131,-0.8
disagg_fut,088691,"Gold, COMEX (GLD proxy)",other_reportable,2011-03-29,46323,44619,1704,5742,492087,0.3
disagg_fut,088691,"Gold, COMEX (GLD proxy)",other_reportable,2011-04-05,46774,48762,-1988,-3692,508956,-0.4
disagg_fut,088691,"Gold, COMEX (GLD proxy)",other_reportable,2011-04-12,52621,52780,-159,1829,514871,-0.0
disagg_fut,088691,"Gold, COMEX (GLD proxy)",other_reportable,2011-04-19,57965,54776,3189,3348,537946,0.6
disagg_fut,088691,"Gold, COMEX (GLD proxy)",other_reportable,2011-04-26,53111,54262,-1151,-4340,530132,-0.2
disagg_fut,088691,"Gold, COMEX (GLD proxy)",other_reportable,2011-05-03,55816,56038,-222,929,522323,-0.0
disagg_fut,088691,"Gold, COMEX (GLD proxy)",other_reportable,2011-05-10,49540,54175,-4635,-4413,510151,-0.9
disagg_fut,088691,"Gold, COMEX (GLD proxy)",other_reportable,2011-05-17,45699,54884,-9185,-4550,509164,-1.8
disagg_fut,088691,"Gold, COMEX (GLD proxy)",other_reportable,2011-05-24,48980,53478,-4498,4687,531180,-0.8
disagg_fut,088691,"Gold, COMEX (GLD proxy)",other_reportable,2011-05-31,49769,45310,4459,8957,501400,0.9
disagg_fut,088691,"Gold, COMEX (GLD proxy)",other_reportable,2011-06-07,48319,45481,2838,-1621,502251,0.6
disagg_fut,088691,"Gold, COMEX (GLD proxy)",other_reportable,2011-06-14,50284,46375,3909,1071,497780,0.8
disagg_fut,088691,"Gold, COMEX (GLD proxy)",other_reportable,2011-06-21,48775,51807,-3032,-6941,515016,-0.6
disagg_fut,088691,"Gold, COMEX (GLD proxy)",other_reportable,2011-06-28,47178,50847,-3669,-637,495761,-0.7
disagg_fut,088691,"Gold, COMEX (GLD proxy)",other_reportable,2011-07-05,46120,53768,-7648,-3979,489782,-1.6
disagg_fut,088691,"Gold, COMEX (GLD proxy)",other_reportable,2011-07-12,54132,55640,-1508,6140,520202,-0.3
disagg_fut,088691,"Gold, COMEX (GLD proxy)",other_reportable,2011-07-19,57376,48368,9008,10516,542342,1.7
disagg_fut,088691,"Gold, COMEX (GLD proxy)",other_reportable,2011-07-26,56922,34806,22116,13108,536454,4.1
disagg_fut,088691,"Gold, COMEX (GLD proxy)",other_reportable,2011-08-02,54127,35776,18351,-3765,529403,3.5
disagg_fut,088691,"Gold, COMEX (GLD proxy)",other_reportable,2011-08-09,58085,45922,12163,-6188,510223,2.4
disagg_fut,088691,"Gold, COMEX (GLD proxy)",other_reportable,2011-08-16,50693,50482,211,-11952,514107,0.0
disagg_fut,088691,"Gold, COMEX (GLD proxy)",other_reportable,2011-08-23,56211,60852,-4641,-4852,528520,-0.9
disagg_fut,088691,"Gold, COMEX (GLD proxy)",other_reportable,2011-08-30,47431,53556,-6125,-1484,509326,-1.2
disagg_fut,088691,"Gold, COMEX (GLD proxy)",other_reportable,2011-09-06,53260,57084,-3824,2301,523294,-0.7
disagg_fut,088691,"Gold, COMEX (GLD proxy)",other_reportable,2011-09-13,52934,60356,-7422,-3598,512068,-1.4
disagg_fut,088691,"Gold, COMEX (GLD proxy)",other_reportable,2011-09-20,53091,53987,-896,6526,499356,-0.2
disagg_fut,088691,"Gold, COMEX (GLD proxy)",other_reportable,2011-09-27,45620,40294,5326,6222,465414,1.1
disagg_fut,088691,"Gold, COMEX (GLD proxy)",other_reportable,2011-10-04,47315,34848,12467,7141,436920,2.9
disagg_fut,088691,"Gold, COMEX (GLD proxy)",other_reportable,2011-10-11,45014,32533,12481,14,438090,2.8
disagg_fut,088691,"Gold, COMEX (GLD proxy)",other_reportable,2011-10-18,42546,33467,9079,-3402,437739,2.1
disagg_fut,088691,"Gold, COMEX (GLD proxy)",other_reportable,2011-10-25,40185,37034,3151,-5928,443723,0.7
disagg_fut,088691,"Gold, COMEX (GLD proxy)",other_reportable,2011-11-01,38270,31336,6934,3783,442435,1.6
disagg_fut,088691,"Gold, COMEX (GLD proxy)",other_reportable,2011-11-08,44554,34902,9652,2718,464982,2.1
disagg_fut,088691,"Gold, COMEX (GLD proxy)",other_reportable,2011-11-15,45567,37263,8304,-1348,470490,1.8
disagg_fut,088691,"Gold, COMEX (GLD proxy)",other_reportable,2011-11-22,47886,24598,23288,14984,457070,5.1
disagg_fut,088691,"Gold, COMEX (GLD proxy)",other_reportable,2011-11-29,45022,24023,20999,-2289,423176,5.0
disagg_fut,088691,"Gold, COMEX (GLD proxy)",other_reportable,2011-12-06,46266,24247,22019,1020,422956,5.2
disagg_fut,088691,"Gold, COMEX (GLD proxy)",other_reportable,2011-12-13,46657,23291,23366,1347,427699,5.5
disagg_fut,088691,"Gold, COMEX (GLD proxy)",other_reportable,2011-12-20,48356,25890,22466,-900,423465,5.3
disagg_fut,088691,"Gold, COMEX (GLD proxy)",other_reportable,2011-12-27,46819,22074,24745,2279,418945,5.9
disagg_fut,088691,"Gold, COMEX (GLD proxy)",other_reportable,2012-01-03,47378,20969,26409,1664,423275,6.2
disagg_fut,088691,"Gold, COMEX (GLD proxy)",other_reportable,2012-01-10,47268,18488,28780,2371,417923,6.9
disagg_fut,088691,"Gold, COMEX (GLD proxy)",other_reportable,2012-01-17,46791,19417,27374,-1406,432838,6.3
disagg_fut,088691,"Gold, COMEX (GLD proxy)",other_reportable,2012-01-24,45967,20900,25067,-2307,427032,5.9
disagg_fut,088691,"Gold, COMEX (GLD proxy)",other_reportable,2012-01-31,47557,20146,27411,2344,425133,6.4
disagg_fut,088691,"Gold, COMEX (GLD proxy)",other_reportable,2012-02-07,46045,24147,21898,-5513,436061,5.0
disagg_fut,088691,"Gold, COMEX (GLD proxy)",other_reportable,2012-02-14,43338,24907,18431,-3467,431164,4.3
disagg_fut,088691,"Gold, COMEX (GLD proxy)",other_reportable,2012-02-21,45199,24532,20667,2236,456676,4.5
disagg_fut,088691,"Gold, COMEX (GLD proxy)",other_reportable,2012-02-28,46207,30130,16077,-4590,479044,3.4
disagg_fut,088691,"Gold, COMEX (GLD proxy)",other_reportable,2012-03-06,44826,23402,21424,5347,443249,4.8
disagg_fut,088691,"Gold, COMEX (GLD proxy)",other_reportable,2012-03-13,44191,26903,17288,-4136,442319,3.9
disagg_fut,088691,"Gold, COMEX (GLD proxy)",other_reportable,2012-03-20,45071,26706,18365,1077,431039,4.3
disagg_fut,088691,"Gold, COMEX (GLD proxy)",other_reportable,2012-03-27,45823,22085,23738,5373,417304,5.7
disagg_fut,088691,"Gold, COMEX (GLD proxy)",other_reportable,2012-04-03,48705,19980,28725,4987,407761,7.0
disagg_fut,088691,"Gold, COMEX (GLD proxy)",other_reportable,2012-04-10,51286,18863,32423,3698,403989,8.0
disagg_fut,088691,"Gold, COMEX (GLD proxy)",other_reportable,2012-04-17,50930,16501,34429,2006,398526,8.6
disagg_fut,088691,"Gold, COMEX (GLD proxy)",other_reportable,2012-04-24,49297,17653,31644,-2785,395389,8.0
disagg_fut,088691,"Gold, COMEX (GLD proxy)",other_reportable,2012-05-01,49703,19366,30337,-1307,411972,7.4
disagg_fut,088691,"Gold, COMEX (GLD proxy)",other_reportable,2012-05-08,52823,19892,32931,2594,417798,7.9
disagg_fut,088691,"Gold, COMEX (GLD proxy)",other_reportable,2012-05-15,51131,17087,34044,1113,422091,8.1
disagg_fut,088691,"Gold, COMEX (GLD proxy)",other_reportable,2012-05-22,56098,15592,40506,6462,435706,9.3
disagg_fut,088691,"Gold, COMEX (GLD proxy)",other_reportable,2012-05-29,54056,15870,38186,-2320,419991,9.1
disagg_fut,088691,"Gold, COMEX (GLD proxy)",other_reportable,2012-06-05,59751,19477,40274,2088,423941,9.5
disagg_fut,088691,"Gold, COMEX (GLD proxy)",other_reportable,2012-06-12,60894,16452,44442,4168,412244,10.8
disagg_fut,088691,"Gold, COMEX (GLD proxy)",other_reportable,2012-06-19,62982,19729,43253,-1189,418492,10.3
disagg_fut,088691,"Gold, COMEX (GLD proxy)",other_reportable,2012-06-26,63705,18581,45124,1871,413618,10.9
disagg_fut,088691,"Gold, COMEX (GLD proxy)",other_reportable,2012-07-03,61799,20803,40996,-4128,425068,9.6
disagg_fut,088691,"Gold, COMEX (GLD proxy)",other_reportable,2012-07-10,67085,21137,45948,4952,429854,10.7
disagg_fut,088691,"Gold, COMEX (GLD proxy)",other_reportable,2012-07-17,70674,23071,47603,1655,431317,11.0
disagg_fut,088691,"Gold, COMEX (GLD proxy)",other_reportable,2012-07-24,73122,19954,53168,5565,420296,12.7
disagg_fut,088691,"Gold, COMEX (GLD proxy)",other_reportable,2012-07-31,66135,20928,45207,-7961,403403,11.2
disagg_fut,088691,"Gold, COMEX (GLD proxy)",other_reportable,2012-08-07,66195,20405,45790,583,388254,11.8
disagg_fut,088691,"Gold, COMEX (GLD proxy)",other_reportable,2012-08-14,65957,18309,47648,1858,388187,12.3
disagg_fut,088691,"Gold, COMEX (GLD proxy)",other_reportable,2012-08-21,59717,20618,39099,-8549,398747,9.8
disagg_fut,088691,"Gold, COMEX (GLD proxy)",other_reportable,2012-08-28,66937,21612,45325,6226,426559,10.6
disagg_fut,088691,"Gold, COMEX (GLD proxy)",other_reportable,2012-09-04,68598,21061,47537,2212,444489,10.7
disagg_fut,088691,"Gold, COMEX (GLD proxy)",other_reportable,2012-09-11,66707,22304,44403,-3134,460531,9.6
disagg_fut,088691,"Gold, COMEX (GLD proxy)",other_reportable,2012-09-18,69016,22203,46813,2410,478609,9.8
disagg_fut,088691,"Gold, COMEX (GLD proxy)",other_reportable,2012-09-25,66590,20922,45668,-1145,489516,9.3
disagg_fut,088691,"Gold, COMEX (GLD proxy)",other_reportable,2012-10-02,67612,22276,45336,-332,480908,9.4
disagg_fut,088691,"Gold, COMEX (GLD proxy)",other_reportable,2012-10-09,69757,25281,44476,-860,484359,9.2
disagg_fut,088691,"Gold, COMEX (GLD proxy)",other_reportable,2012-10-16,63159,27723,35436,-9040,462826,7.7
disagg_fut,088691,"Gold, COMEX (GLD proxy)",other_reportable,2012-10-23,62683,27276,35407,-29,455836,7.8
disagg_fut,088691,"Gold, COMEX (GLD proxy)",other_reportable,2012-10-30,58143,23349,34794,-613,454742,7.7
disagg_fut,088691,"Gold, COMEX (GLD proxy)",other_reportable,2012-11-06,67836,22832,45004,10210,447154,10.1
disagg_fut,088691,"Gold, COMEX (GLD proxy)",other_reportable,2012-11-13,69875,23211,46664,1660,459761,10.1
disagg_fut,088691,"Gold, COMEX (GLD proxy)",other_reportable,2012-11-20,70094,25218,44876,-1788,474129,9.5
disagg_fut,088691,"Gold, COMEX (GLD proxy)",other_reportable,2012-11-27,68484,20384,48100,3224,479373,10.0
disagg_fut,088691,"Gold, COMEX (GLD proxy)",other_reportable,2012-12-04,67873,20882,46991,-1109,434416,10.8
disagg_fut,088691,"Gold, COMEX (GLD proxy)",other_reportable,2012-12-11,67721,23677,44044,-2947,433586,10.2
disagg_fut,088691,"Gold, COMEX (GLD proxy)",other_reportable,2012-12-18,71855,22105,49750,5706,435742,11.4
disagg_fut,088691,"Gold, COMEX (GLD proxy)",other_reportable,2012-12-24,72033,20831,51202,,426300,12.0
disagg_fut,088691,"Gold, COMEX (GLD proxy)",other_reportable,2012-12-31,73693,22293,51400,198,427991,12.0
disagg_fut,088691,"Gold, COMEX (GLD proxy)",other_reportable,2013-01-08,76266,20807,55459,,441304,12.6
disagg_fut,088691,"Gold, COMEX (GLD proxy)",other_reportable,2013-01-15,74518,20506,54012,-1447,447773,12.1
disagg_fut,088691,"Gold, COMEX (GLD proxy)",other_reportable,2013-01-22,74037,20037,54000,-12,461369,11.7
disagg_fut,088691,"Gold, COMEX (GLD proxy)",other_reportable,2013-01-29,70027,19580,50447,-3553,430718,11.7
disagg_fut,088691,"Gold, COMEX (GLD proxy)",other_reportable,2013-02-05,79748,20831,58917,8470,423982,13.9
disagg_fut,088691,"Gold, COMEX (GLD proxy)",other_reportable,2013-02-12,80002,19749,60253,1336,435088,13.8
disagg_fut,088691,"Gold, COMEX (GLD proxy)",other_reportable,2013-02-19,86363,25522,60841,588,447290,13.6
disagg_fut,088691,"Gold, COMEX (GLD proxy)",other_reportable,2013-02-26,89068,23322,65746,4905,433858,15.2
disagg_fut,088691,"Gold, COMEX (GLD proxy)",other_reportable,2013-03-05,86896,20479,66417,671,434586,15.3
disagg_fut,088691,"Gold, COMEX (GLD proxy)",other_reportable,2013-03-12,88651,18468,70183,3766,445651,15.7
disagg_fut,088691,"Gold, COMEX (GLD proxy)",other_reportable,2013-03-19,87507,16676,70831,648,440712,16.1
disagg_fut,088691,"Gold, COMEX (GLD proxy)",other_reportable,2013-03-26,89623,13112,76511,5680,419727,18.2
disagg_fut,088691,"Gold, COMEX (GLD proxy)",other_reportable,2013-04-02,92130,16120,76010,-501,417176,18.2
disagg_fut,088691,"Gold, COMEX (GLD proxy)",other_reportable,2013-04-09,90389,21017,69372,-6638,416513,16.7
disagg_fut,088691,"Gold, COMEX (GLD proxy)",other_reportable,2013-04-16,81990,21770,60220,-9152,413083,14.6
disagg_fut,088691,"Gold, COMEX (GLD proxy)",other_reportable,2013-04-23,77526,26190,51336,-8884,415074,12.4
disagg_fut,088691,"Gold, COMEX (GLD proxy)",other_reportable,2013-04-30,76495,31034,45461,-5875,421087,10.8
disagg_fut,088691,"Gold, COMEX (GLD proxy)",other_reportable,2013-05-07,73638,32748,40890,-4571,437931,9.3
disagg_fut,088691,"Gold, COMEX (GLD proxy)",other_reportable,2013-05-14,74388,30046,44342,3452,443806,10.0
disagg_fut,088691,"Gold, COMEX (GLD proxy)",other_reportable,2013-05-21,76313,32412,43901,-441,446087,9.8
disagg_fut,088691,"Gold, COMEX (GLD proxy)",other_reportable,2013-05-28,58284,48442,9842,-34059,411001,2.4
disagg_fut,088691,"Gold, COMEX (GLD proxy)",other_reportable,2013-06-04,58712,51100,7612,-2230,373061,2.0
disagg_fut,088691,"Gold, COMEX (GLD proxy)",other_reportable,2013-06-11,57523,53836,3687,-3925,373844,1.0
disagg_fut,088691,"Gold, COMEX (GLD proxy)",other_reportable,2013-06-18,56356,51917,4439,752,377106,1.2
disagg_fut,088691,"Gold, COMEX (GLD proxy)",other_reportable,2013-06-25,57460,53597,3863,-576,390647,1.0
disagg_fut,088691,"Gold, COMEX (GLD proxy)",other_reportable,2013-07-02,55701,56334,-633,-4496,410399,-0.2
disagg_fut,088691,"Gold, COMEX (GLD proxy)",other_reportable,2013-07-09,54272,61597,-7325,-6692,431574,-1.7
disagg_fut,088691,"Gold, COMEX (GLD proxy)",other_reportable,2013-07-16,49834,68213,-18379,-11054,440283,-4.2
disagg_fut,088691,"Gold, COMEX (GLD proxy)",other_reportable,2013-07-23,49204,70367,-21163,-2784,434750,-4.9
disagg_fut,088691,"Gold, COMEX (GLD proxy)",other_reportable,2013-07-30,45669,69332,-23663,-2500,397035,-6.0
disagg_fut,088691,"Gold, COMEX (GLD proxy)",other_reportable,2013-08-06,48472,31581,16891,40554,396062,4.3
disagg_fut,088691,"Gold, COMEX (GLD proxy)",other_reportable,2013-08-13,47963,32025,15938,-953,390547,4.1
disagg_fut,088691,"Gold, COMEX (GLD proxy)",other_reportable,2013-08-20,46865,34885,11980,-3958,385410,3.1
disagg_fut,088691,"Gold, COMEX (GLD proxy)",other_reportable,2013-08-27,44543,36643,7900,-4080,384102,2.1
disagg_fut,088691,"Gold, COMEX (GLD proxy)",other_reportable,2013-09-03,44309,41518,2791,-5109,388584,0.7
disagg_fut,088691,"Gold, COMEX (GLD proxy)",other_reportable,2013-09-10,41148,37204,3944,1153,384164,1.0
disagg_fut,088691,"Gold, COMEX (GLD proxy)",other_reportable,2013-09-17,42586,38570,4016,72,384592,1.0
disagg_fut,088691,"Gold, COMEX (GLD proxy)",other_reportable,2013-09-24,41433,38306,3127,-889,378216,0.8
disagg_fut,088691,"Gold, COMEX (GLD proxy)",other_reportable,2013-10-01,43764,32100,11664,8537,374151,3.1
disagg_fut,088691,"Gold, COMEX (GLD proxy)",other_reportable,2013-10-08,42288,31527,10761,-903,370406,2.9
disagg_fut,088691,"Gold, COMEX (GLD proxy)",other_reportable,2013-10-15,42337,33194,9143,-1618,381727,2.4
disagg_fut,088691,"Gold, COMEX (GLD proxy)",other_reportable,2013-10-22,42761,32694,10067,924,390369,2.6
disagg_fut,088691,"Gold, COMEX (GLD proxy)",other_reportable,2013-10-29,43782,31949,11833,1766,387166,3.1
disagg_fut,088691,"Gold, COMEX (GLD proxy)",other_reportable,2013-11-05,44024,30972,13052,1219,386796,3.4
disagg_fut,088691,"Gold, COMEX (GLD proxy)",other_reportable,2013-11-12,43302,28057,15245,2193,403840,3.8
disagg_fut,088691,"Gold, COMEX (GLD proxy)",other_reportable,2013-11-19,43522,29933,13589,-1656,397590,3.4
disagg_fut,088691,"Gold, COMEX (GLD proxy)",other_reportable,2013-11-26,39795,29201,10594,-2995,394432,2.7
disagg_fut,088691,"Gold, COMEX (GLD proxy)",other_reportable,2013-12-03,40875,28125,12750,2156,386436,3.3
disagg_fut,088691,"Gold, COMEX (GLD proxy)",other_reportable,2013-12-10,39536,28959,10577,-2173,377313,2.8
disagg_fut,088691,"Gold, COMEX (GLD proxy)",other_reportable,2013-12-17,39669,27527,12142,1565,385432,3.2
disagg_fut,088691,"Gold, COMEX (GLD proxy)",other_reportable,2013-12-24,41432,25286,16146,4004,384974,4.2
disagg_fut,088691,"Gold, COMEX (GLD proxy)",other_reportable,2013-12-31,41123,26625,14498,-1648,379550,3.8
disagg_fut,088691,"Gold, COMEX (GLD proxy)",other_reportable,2014-01-07,40585,25936,14649,151,383021,3.8
disagg_fut,088691,"Gold, COMEX (GLD proxy)",other_reportable,2014-01-14,41554,25811,15743,1094,415426,3.8
disagg_fut,088691,"Gold, COMEX (GLD proxy)",other_reportable,2014-01-21,41295,24929,16366,623,410959,4.0
disagg_fut,088691,"Gold, COMEX (GLD proxy)",other_reportable,2014-01-28,40376,21273,19103,2737,382739,5.0
disagg_fut,088691,"Gold, COMEX (GLD proxy)",other_reportable,2014-02-04,40347,19060,21287,2184,368279,5.8
disagg_fut,088691,"Gold, COMEX (GLD proxy)",other_reportable,2014-02-11,39969,20854,19115,-2172,376973,5.1
disagg_fut,088691,"Gold, COMEX (GLD proxy)",other_reportable,2014-02-18,41205,25344,15861,-3254,390535,4.1
disagg_fut,088691,"Gold, COMEX (GLD proxy)",other_reportable,2014-02-25,42591,29383,13208,-2653,387503,3.4
disagg_fut,088691,"Gold, COMEX (GLD proxy)",other_reportable,2014-03-04,43053,29054,13999,791,393266,3.6
disagg_fut,088691,"Gold, COMEX (GLD proxy)",other_reportable,2014-03-11,42685,29826,12859,-1140,415340,3.1
disagg_fut,088691,"Gold, COMEX (GLD proxy)",other_reportable,2014-03-18,46108,30357,15751,2892,420626,3.7
disagg_fut,088691,"Gold, COMEX (GLD proxy)",other_reportable,2014-03-25,43852,33548,10304,-5447,398264,2.6
disagg_fut,088691,"Gold, COMEX (GLD proxy)",other_reportable,2014-04-01,40183,31491,8692,-1612,363451,2.4
disagg_fut,088691,"Gold, COMEX (GLD proxy)",other_reportable,2014-04-08,39965,32893,7072,-1620,365400,1.9
disagg_fut,088691,"Gold, COMEX (GLD proxy)",other_reportable,2014-04-15,41978,35676,6302,-770,369577,1.7
disagg_fut,088691,"Gold, COMEX (GLD proxy)",other_reportable,2014-04-22,41199,36472,4727,-1575,372593,1.3
disagg_fut,088691,"Gold, COMEX (GLD proxy)",other_reportable,2014-04-29,40850,33030,7820,3093,378092,2.1
disagg_fut,088691,"Gold, COMEX (GLD proxy)",other_reportable,2014-05-06,41597,34280,7317,-503,404700,1.8
disagg_fut,088691,"Gold, COMEX (GLD proxy)",other_reportable,2014-05-13,42615,33435,9180,1863,397029,2.3
disagg_fut,088691,"Gold, COMEX (GLD proxy)",other_reportable,2014-05-20,45013,29675,15338,6158,399371,3.8
disagg_fut,088691,"Gold, COMEX (GLD proxy)",other_reportable,2014-05-27,44469,28647,15822,484,397695,4.0
disagg_fut,088691,"Gold, COMEX (GLD proxy)",other_reportable,2014-06-03,46087,25118,20969,5147,382141,5.5
disagg_fut,088691,"Gold, COMEX (GLD proxy)",other_reportable,2014-06-10,47772,24699,23073,2104,378689,6.1
disagg_fut,088691,"Gold, COMEX (GLD proxy)",other_reportable,2014-06-17,48428,23692,24736,1663,379843,6.5
disagg_fut,088691,"Gold, COMEX (GLD proxy)",other_reportable,2014-06-24,48862,27933,20929,-3807,392388,5.3
disagg_fut,088691,"Gold, COMEX (GLD proxy)",other_reportable,2014-07-01,52060,31989,20071,-858,401813,5.0
disagg_fut,088691,"Gold, COMEX (GLD proxy)",other_reportable,2014-07-08,48745,32500,16245,-3826,410992,4.0
disagg_fut,088691,"Gold, COMEX (GLD proxy)",other_reportable,2014-07-15,50690,30319,20371,4126,408368,5.0
disagg_fut,088691,"Gold, COMEX (GLD proxy)",other_reportable,2014-07-22,49714,29294,20420,49,405617,5.0
disagg_fut,088691,"Gold, COMEX (GLD proxy)",other_reportable,2014-07-29,53256,22733,30523,10103,374467,8.2
disagg_fut,088691,"Gold, COMEX (GLD proxy)",other_reportable,2014-08-05,52567,21783,30784,261,360342,8.5
disagg_fut,088691,"Gold, COMEX (GLD proxy)",other_reportable,2014-08-12,52968,21714,31254,470,368114,8.5
disagg_fut,088691,"Gold, COMEX (GLD proxy)",other_reportable,2014-08-19,55448,20677,34771,3517,366401,9.5
disagg_fut,088691,"Gold, COMEX (GLD proxy)",other_reportable,2014-08-26,54010,22023,31987,-2784,363608,8.8
disagg_fut,088691,"Gold, COMEX (GLD proxy)",other_reportable,2014-09-02,56402,22441,33961,1974,371515,9.1
disagg_fut,088691,"Gold, COMEX (GLD proxy)",other_reportable,2014-09-09,58847,23913,34934,973,384341,9.1
disagg_fut,088691,"Gold, COMEX (GLD proxy)",other_reportable,2014-09-16,57090,25198,31892,-3042,386080,8.3
disagg_fut,088691,"Gold, COMEX (GLD proxy)",other_reportable,2014-09-23,59955,26201,33754,1862,385788,8.7
disagg_fut,088691,"Gold, COMEX (GLD proxy)",other_reportable,2014-09-30,59811,25864,33947,193,379874,8.9
disagg_fut,088691,"Gold, COMEX (GLD proxy)",other_reportable,2014-10-07,64011,27427,36584,2637,380087,9.6
disagg_fut,088691,"Gold, COMEX (GLD proxy)",other_reportable,2014-10-14,69998,26779,43219,6635,397855,10.9
disagg_fut,088691,"Gold, COMEX (GLD proxy)",other_reportable,2014-10-21,74294,28798,45496,2277,411057,11.1
disagg_fut,088691,"Gold, COMEX (GLD proxy)",other_reportable,2014-10-28,67465,26793,40672,-4824,414410,9.8
disagg_fut,088691,"Gold, COMEX (GLD proxy)",other_reportable,2014-11-04,63575,39155,24420,-16252,417377,5.9
disagg_fut,088691,"Gold, COMEX (GLD proxy)",other_reportable,2014-11-11,66790,41362,25428,1008,443422,5.7
disagg_fut,088691,"Gold, COMEX (GLD proxy)",other_reportable,2014-11-18,68389,35367,33022,7594,459657,7.2
disagg_fut,088691,"Gold, COMEX (GLD proxy)",other_reportable,2014-11-25,53395,31638,21757,-11265,388145,5.6
disagg_fut,088691,"Gold, COMEX (GLD proxy)",other_reportable,2014-12-02,52831,32135,20696,-1061,368121,5.6
disagg_fut,088691,"Gold, COMEX (GLD proxy)",other_reportable,2014-12-09,56213,32014,24199,3503,375323,6.4
disagg_fut,088691,"Gold, COMEX (GLD proxy)",other_reportable,2014-12-16,54576,27993,26583,2384,371743,7.2
disagg_fut,088691,"Gold, COMEX (GLD proxy)",other_reportable,2014-12-23,57893,29180,28713,2130,375212,7.7
disagg_fut,088691,"Gold, COMEX (GLD proxy)",other_reportable,2014-12-30,57969,29182,28787,74,373982,7.7
disagg_fut,088691,"Gold, COMEX (GLD proxy)",other_reportable,2015-01-06,59380,31398,27982,-805,394021,7.1
disagg_fut,088691,"Gold, COMEX (GLD proxy)",other_reportable,2015-01-13,60786,32501,28285,303,402108,7.0
disagg_fut,088691,"Gold, COMEX (GLD proxy)",other_reportable,2015-01-20,67655,34541,33114,4829,430128,7.7
disagg_fut,088691,"Gold, COMEX (GLD proxy)",other_reportable,2015-01-27,65297,29609,35688,2574,438279,8.1
disagg_fut,088691,"Gold, COMEX (GLD proxy)",other_reportable,2015-02-03,61696,25007,36689,1001,419524,8.7
disagg_fut,088691,"Gold, COMEX (GLD proxy)",other_reportable,2015-02-10,58201,22464,35737,-952,393232,9.1
disagg_fut,088691,"Gold, COMEX (GLD proxy)",other_reportable,2015-02-17,59526,23484,36042,305,389530,9.3
disagg_fut,088691,"Gold, COMEX (GLD proxy)",other_reportable,2015-02-24,59821,23137,36684,642,399307,9.2
disagg_fut,088691,"Gold, COMEX (GLD proxy)",other_reportable,2015-03-03,65282,22421,42861,6177,405124,10.6
disagg_fut,088691,"Gold, COMEX (GLD proxy)",other_reportable,2015-03-10,64789,31570,33219,-9642,410918,8.1
disagg_fut,088691,"Gold, COMEX (GLD proxy)",other_reportable,2015-03-17,64421,30552,33869,650,429738,7.9
disagg_fut,088691,"Gold, COMEX (GLD proxy)",other_reportable,2015-03-24,69450,26604,42846,8977,433767,9.9
disagg_fut,088691,"Gold, COMEX (GLD proxy)",other_reportable,2015-03-31,69010,25047,43963,1117,387585,11.3
disagg_fut,088691,"Gold, COMEX (GLD proxy)",other_reportable,2015-04-07,70383,25301,45082,1119,390571,11.5
disagg_fut,088691,"Gold, COMEX (GLD proxy)",other_reportable,2015-04-14,74302,23954,50348,5266,395089,12.7
disagg_fut,088691,"Gold, COMEX (GLD proxy)",other_reportable,2015-04-21,76308,23188,53120,2772,397379,13.4
disagg_fut,088691,"Gold, COMEX (GLD proxy)",other_reportable,2015-04-28,74977,24303,50674,-2446,403575,12.6
disagg_fut,088691,"Gold, COMEX (GLD proxy)",other_reportable,2015-05-05,74148,24565,49583,-1091,399988,12.4
disagg_fut,088691,"Gold, COMEX (GLD proxy)",other_reportable,2015-05-12,75050,25329,49721,138,405612,12.3
disagg_fut,088691,"Gold, COMEX (GLD proxy)",other_reportable,2015-05-19,69884,25880,44004,-5717,428597,10.3
disagg_fut,088691,"Gold, COMEX (GLD proxy)",other_reportable,2015-05-26,66882,28432,38450,-5554,411961,9.3
disagg_fut,088691,"Gold, COMEX (GLD proxy)",other_reportable,2015-06-02,69070,26407,42663,4213,398724,10.7
disagg_fut,088691,"Gold, COMEX (GLD proxy)",other_reportable,2015-06-09,65688,28237,37451,-5212,406069,9.2
disagg_fut,088691,"Gold, COMEX (GLD proxy)",other_reportable,2015-06-16,66526,25801,40725,3274,415718,9.8
disagg_fut,088691,"Gold, COMEX (GLD proxy)",other_reportable,2015-06-23,78101,22903,55198,14473,430978,12.8
disagg_fut,088691,"Gold, COMEX (GLD proxy)",other_reportable,2015-06-30,79288,27756,51532,-3666,442301,11.7
disagg_fut,088691,"Gold, COMEX (GLD proxy)",other_reportable,2015-07-07,82294,33945,48349,-3183,452145,10.7
disagg_fut,088691,"Gold, COMEX (GLD proxy)",other_reportable,2015-07-14,82601,33654,48947,598,462664,10.6
disagg_fut,088691,"Gold, COMEX (GLD proxy)",other_reportable,2015-07-21,81423,39588,41835,-7112,459760,9.1
disagg_fut,088691,"Gold, COMEX (GLD proxy)",other_reportable,2015-07-28,76693,37595,39098,-2737,438282,8.9
disagg_fut,088691,"Gold, COMEX (GLD proxy)",other_reportable,2015-08-04,81219,40032,41187,2089,434273,9.5
disagg_fut,088691,"Gold, COMEX (GLD proxy)",other_reportable,2015-08-11,79271,41399,37872,-3315,435489,8.7
disagg_fut,088691,"Gold, COMEX (GLD proxy)",other_reportable,2015-08-18,73637,39895,33742,-4130,432728,7.8
disagg_fut,088691,"Gold, COMEX (GLD proxy)",other_reportable,2015-08-25,70437,40318,30119,-3623,432154,7.0
disagg_fut,088691,"Gold, COMEX (GLD proxy)",other_reportable,2015-09-01,70112,38024,32088,1969,410274,7.8
disagg_fut,088691,"Gold, COMEX (GLD proxy)",other_reportable,2015-09-08,70931,38463,32468,380,421732,7.7
disagg_fut,088691,"Gold, COMEX (GLD proxy)",other_reportable,2015-09-15,69925,39185,30740,-1728,413333,7.4
disagg_fut,088691,"Gold, COMEX (GLD proxy)",other_reportable,2015-09-22,74549,34253,40296,9556,419304,9.6
disagg_fut,088691,"Gold, COMEX (GLD proxy)",other_reportable,2015-09-29,70159,34078,36081,-4215,415700,8.7
disagg_fut,088691,"Gold, COMEX (GLD proxy)",other_reportable,2015-10-06,75586,34605,40981,4900,430228,9.5
disagg_fut,088691,"Gold, COMEX (GLD proxy)",other_reportable,2015-10-13,74949,35003,39946,-1035,435928,9.2
disagg_fut,088691,"Gold, COMEX (GLD proxy)",other_reportable,2015-10-20,77028,42071,34957,-4989,467792,7.5
disagg_fut,088691,"Gold, COMEX (GLD proxy)",other_reportable,2015-10-27,78325,34983,43342,8385,466780,9.3
disagg_fut,088691,"Gold, COMEX (GLD proxy)",other_reportable,2015-11-03,78082,28947,49135,5793,443900,11.1
disagg_fut,088691,"Gold, COMEX (GLD proxy)",other_reportable,2015-11-10,82681,31161,51520,2385,436426,11.8
disagg_fut,088691,"Gold, COMEX (GLD proxy)",other_reportable,2015-11-17,82885,34563,48322,-3198,435376,11.1
disagg_fut,088691,"Gold, COMEX (GLD proxy)",other_reportable,2015-11-24,68381,35415,32966,-15356,397705,8.3
disagg_fut,088691,"Gold, COMEX (GLD proxy)",other_reportable,2015-12-01,68810,38494,30316,-2650,390940,7.8
disagg_fut,088691,"Gold, COMEX (GLD proxy)",other_reportable,2015-12-08,70276,33231,37045,6729,394128,9.4
disagg_fut,088691,"Gold, COMEX (GLD proxy)",other_reportable,2015-12-15,72317,31442,40875,3830,390944,10.5
disagg_fut,088691,"Gold, COMEX (GLD proxy)",other_reportable,2015-12-22,74297,27808,46489,5614,405294,11.5
disagg_fut,088691,"Gold, COMEX (GLD proxy)",other_reportable,2015-12-29,74158,27855,46303,-186,401880,11.5
disagg_fut,088691,"Gold, COMEX (GLD proxy)",other_reportable,2016-01-05,73800,31313,42487,-3816,413688,10.3
disagg_fut,088691,"Gold, COMEX (GLD proxy)",other_reportable,2016-01-12,75747,31121,44626,2139,397565,11.2
disagg_fut,088691,"Gold, COMEX (GLD proxy)",other_reportable,2016-01-19,74266,31011,43255,-1371,408835,10.6
disagg_fut,088691,"Gold, COMEX (GLD proxy)",other_reportable,2016-01-26,74726,32489,42237,-1018,385350,11.0
disagg_fut,088691,"Gold, COMEX (GLD proxy)",other_reportable,2016-02-02,76402,32616,43786,1549,379185,11.5
disagg_fut,088691,"Gold, COMEX (GLD proxy)",other_reportable,2016-02-09,80695,42903,37792,-5994,410833,9.2
disagg_fut,088691,"Gold, COMEX (GLD proxy)",other_reportable,2016-02-16,82882,46535,36347,-1445,428912,8.5
disagg_fut,088691,"Gold, COMEX (GLD proxy)",other_reportable,2016-02-23,86008,50127,35881,-466,445290,8.1
disagg_fut,088691,"Gold, COMEX (GLD proxy)",other_reportable,2016-03-01,89363,41320,48043,12162,450555,10.7
disagg_fut,088691,"Gold, COMEX (GLD proxy)",other_reportable,2016-03-08,92578,45195,47383,-660,499110,9.5
disagg_fut,088691,"Gold, COMEX (GLD proxy)",other_reportable,2016-03-15,88457,48722,39735,-7648,493086,8.1
disagg_fut,088691,"Gold, COMEX (GLD proxy)",other_reportable,2016-03-22,84189,50257,33932,-5803,510579,6.6
disagg_fut,088691,"Gold, COMEX (GLD proxy)",other_reportable,2016-03-29,77947,42346,35601,1669,480461,7.4
disagg_fut,088691,"Gold, COMEX (GLD proxy)",other_reportable,2016-04-05,77065,39423,37642,2041,474094,7.9
disagg_fut,088691,"Gold, COMEX (GLD proxy)",other_reportable,2016-04-12,83841,40668,43173,5531,504523,8.6
disagg_fut,088691,"Gold, COMEX (GLD proxy)",other_reportable,2016-04-19,82482,39752,42730,-443,503331,8.5
disagg_fut,088691,"Gold, COMEX (GLD proxy)",other_reportable,2016-04-26,81697,32890,48807,6077,497884,9.8
disagg_fut,088691,"Gold, COMEX (GLD proxy)",other_reportable,2016-05-03,89634,36881,52753,3946,565774,9.3
disagg_fut,088691,"Gold, COMEX (GLD proxy)",other_reportable,2016-05-10,90469,36762,53707,954,579777,9.3
disagg_fut,088691,"Gold, COMEX (GLD proxy)",other_reportable,2016-05-17,93689,39842,53847,140,595077,9.0
disagg_fut,088691,"Gold, COMEX (GLD proxy)",other_reportable,2016-05-24,86086,35915,50171,-3676,542958,9.2
disagg_fut,088691,"Gold, COMEX (GLD proxy)",other_reportable,2016-05-31,82429,33905,48524,-1647,494321,9.8
disagg_fut,088691,"Gold, COMEX (GLD proxy)",other_reportable,2016-06-07,83627,32374,51253,2729,496330,10.3
disagg_fut,088691,"Gold, COMEX (GLD proxy)",other_reportable,2016-06-14,90057,39435,50622,-631,545357,9.3
disagg_fut,088691,"Gold, COMEX (GLD proxy)",other_reportable,2016-06-21,83889,41568,42321,-8301,571517,7.4
disagg_fut,088691,"Gold, COMEX (GLD proxy)",other_reportable,2016-06-28,87233,46363,40870,-1451,613792,6.7
disagg_fut,088691,"Gold, COMEX (GLD proxy)",other_reportable,2016-07-05,89520,46633,42887,2017,652971,6.6
disagg_fut,088691,"Gold, COMEX (GLD proxy)",other_reportable,2016-07-12,81975,43641,38334,-4553,633020,6.1
disagg_fut,088691,"Gold, COMEX (GLD proxy)",other_reportable,2016-07-19,79554,46040,33514,-4820,617069,5.4
disagg_fut,088691,"Gold, COMEX (GLD proxy)",other_reportable,2016-07-26,68649,37115,31534,-1980,576325,5.5
disagg_fut,088691,"Gold, COMEX (GLD proxy)",other_reportable,2016-08-02,77259,37805,39454,7920,582211,6.8
disagg_fut,088691,"Gold, COMEX (GLD proxy)",other_reportable,2016-08-09,74975,33780,41195,1741,575399,7.2
disagg_fut,088691,"Gold, COMEX (GLD proxy)",other_reportable,2016-08-16,74383,33259,41124,-71,572496,7.2
disagg_fut,088691,"Gold, COMEX (GLD proxy)",other_reportable,2016-08-23,75235,34310,40925,-199,572973,7.1
disagg_fut,088691,"Gold, COMEX (GLD proxy)",other_reportable,2016-08-30,73906,29159,44747,3822,558398,8.0
disagg_fut,088691,"Gold, COMEX (GLD proxy)",other_reportable,2016-09-06,78683,40358,38325,-6422,590656,6.5
disagg_fut,088691,"Gold, COMEX (GLD proxy)",other_reportable,2016-09-13,80145,37709,42436,4111,575002,7.4
disagg_fut,088691,"Gold, COMEX (GLD proxy)",other_reportable,2016-09-20,80207,37175,43032,596,558791,7.7
disagg_fut,088691,"Gold, COMEX (GLD proxy)",other_reportable,2016-09-27,76821,40094,36727,-6305,583161,6.3
disagg_fut,088691,"Gold, COMEX (GLD proxy)",other_reportable,2016-10-04,79371,33979,45392,8665,544824,8.3
disagg_fut,088691,"Gold, COMEX (GLD proxy)",other_reportable,2016-10-11,80353,33927,46426,1034,500328,9.3
disagg_fut,088691,"Gold, COMEX (GLD proxy)",other_reportable,2016-10-18,84337,35673,48664,2238,497061,9.8
disagg_fut,088691,"Gold, COMEX (GLD proxy)",other_reportable,2016-10-25,86282,33212,53070,4406,507617,10.5
disagg_fut,088691,"Gold, COMEX (GLD proxy)",other_reportable,2016-11-01,84638,35774,48864,-4206,521506,9.4
disagg_fut,088691,"Gold, COMEX (GLD proxy)",other_reportable,2016-11-08,78190,34589,43601,-5263,528203,8.3
disagg_fut,088691,"Gold, COMEX (GLD proxy)",other_reportable,2016-11-15,67618,24638,42980,-621,479237,9.0
disagg_fut,088691,"Gold, COMEX (GLD proxy)",other_reportable,2016-11-22,69782,27086,42696,-284,461062,9.3
disagg_fut,088691,"Gold, COMEX (GLD proxy)",other_reportable,2016-11-29,67645,23016,44629,1933,405661,11.0
disagg_fut,088691,"Gold, COMEX (GLD proxy)",other_reportable,2016-12-06,76819,22757,54062,9433,393524,13.7
disagg_fut,088691,"Gold, COMEX (GLD proxy)",other_reportable,2016-12-13,83605,23012,60593,6531,397034,15.3
disagg_fut,088691,"Gold, COMEX (GLD proxy)",other_reportable,2016-12-20,81479,20450,61029,436,398661,15.3
disagg_fut,088691,"Gold, COMEX (GLD proxy)",other_reportable,2016-12-27,75943,20966,54977,-6052,401513,13.7
disagg_fut,088691,"Gold, COMEX (GLD proxy)",other_reportable,2017-01-03,81069,21076,59993,5016,424673,14.1
disagg_fut,088691,"Gold, COMEX (GLD proxy)",other_reportable,2017-01-10,78437,24634,53803,-6190,444001,12.1
disagg_fut,088691,"Gold, COMEX (GLD proxy)",other_reportable,2017-01-17,76578,28172,48406,-5397,467937,10.3
disagg_fut,088691,"Gold, COMEX (GLD proxy)",other_reportable,2017-01-24,74695,25042,49653,1247,482374,10.3
disagg_fut,088691,"Gold, COMEX (GLD proxy)",other_reportable,2017-01-31,71751,22433,49318,-335,398433,12.4
disagg_fut,088691,"Gold, COMEX (GLD proxy)",other_reportable,2017-02-07,73866,26866,47000,-2318,415543,11.3
disagg_fut,088691,"Gold, COMEX (GLD proxy)",other_reportable,2017-02-14,76520,30393,46127,-873,415128,11.1
disagg_fut,088691,"Gold, COMEX (GLD proxy)",other_reportable,2017-02-21,77034,31313,45721,-406,427168,10.7
disagg_fut,088691,"Gold, COMEX (GLD proxy)",other_reportable,2017-02-28,81057,31505,49552,3831,446081,11.1
disagg_fut,088691,"Gold, COMEX (GLD proxy)",other_reportable,2017-03-07,79692,36254,43438,-6114,434401,10.0
disagg_fut,088691,"Gold, COMEX (GLD proxy)",other_reportable,2017-03-14,89136,29472,59664,16226,426170,14.0
disagg_fut,088691,"Gold, COMEX (GLD proxy)",other_reportable,2017-03-21,89460,29403,60057,393,446880,13.4
disagg_fut,088691,"Gold, COMEX (GLD proxy)",other_reportable,2017-03-28,76960,30183,46777,-13280,449418,10.4
disagg_fut,088691,"Gold, COMEX (GLD proxy)",other_reportable,2017-04-04,75633,29323,46310,-467,427808,10.8
disagg_fut,088691,"Gold, COMEX (GLD proxy)",other_reportable,2017-04-11,73163,33508,39655,-6655,456131,8.7
disagg_fut,088691,"Gold, COMEX (GLD proxy)",other_reportable,2017-04-18,80310,35778,44532,4877,472263,9.4
disagg_fut,088691,"Gold, COMEX (GLD proxy)",other_reportable,2017-04-25,80074,39777,40297,-4235,475985,8.5
disagg_fut,088691,"Gold, COMEX (GLD proxy)",other_reportable,2017-05-02,80701,34678,46023,5726,461905,10.0
disagg_fut,088691,"Gold, COMEX (GLD proxy)",other_reportable,2017-05-09,84696,30652,54044,8021,433033,12.5
disagg_fut,088691,"Gold, COMEX (GLD proxy)",other_reportable,2017-05-16,89438,28582,60856,6812,435021,14.0
disagg_fut,088691,"Gold, COMEX (GLD proxy)",other_reportable,2017-05-23,79859,31140,48719,-12137,462572,10.5
disagg_fut,088691,"Gold, COMEX (GLD proxy)",other_reportable,2017-05-30,75238,32281,42957,-5762,434246,9.9
disagg_fut,088691,"Gold, COMEX (GLD proxy)",other_reportable,2017-06-06,82764,44348,38416,-4541,494041,7.8
disagg_fut,088691,"Gold, COMEX (GLD proxy)",other_reportable,2017-06-13,82223,39445,42778,4362,471134,9.1
disagg_fut,088691,"Gold, COMEX (GLD proxy)",other_reportable,2017-06-20,87585,36286,51299,8521,445841,11.5
disagg_fut,088691,"Gold, COMEX (GLD proxy)",other_reportable,2017-06-27,92071,33054,59017,7718,453144,13.0
disagg_fut,088691,"Gold, COMEX (GLD proxy)",other_reportable,2017-07-03,91901,31791,60110,,457201,13.1
disagg_fut,088691,"Gold, COMEX (GLD proxy)",other_reportable,2017-07-11,94018,56980,37038,,475669,7.8
disagg_fut,088691,"Gold, COMEX (GLD proxy)",other_reportable,2017-07-18,90204,58979,31225,-5813,484204,6.4
disagg_fut,088691,"Gold, COMEX (GLD proxy)",other_reportable,2017-07-25,83940,66733,17207,-14018,463827,3.7
disagg_fut,088691,"Gold, COMEX (GLD proxy)",other_reportable,2017-08-01,81684,70470,11214,-5993,448709,2.5
disagg_fut,088691,"Gold, COMEX (GLD proxy)",other_reportable,2017-08-08,81549,68697,12852,1638,448727,2.9
disagg_fut,088691,"Gold, COMEX (GLD proxy)",other_reportable,2017-08-15,82297,71119,11178,-1674,477921,2.3
disagg_fut,088691,"Gold, COMEX (GLD proxy)",other_reportable,2017-08-22,85994,71635,14359,3181,500443,2.9
disagg_fut,088691,"Gold, COMEX (GLD proxy)",other_reportable,2017-08-29,83818,73897,9921,-4438,538875,1.8
disagg_fut,088691,"Gold, COMEX (GLD proxy)",other_reportable,2017-09-05,84584,76474,8110,-1811,566817,1.4
disagg_fut,088691,"Gold, COMEX (GLD proxy)",other_reportable,2017-09-12,81079,79836,1243,-6867,580606,0.2
disagg_fut,088691,"Gold, COMEX (GLD proxy)",other_reportable,2017-09-19,78911,76204,2707,1464,570096,0.5
disagg_fut,088691,"Gold, COMEX (GLD proxy)",other_reportable,2017-09-26,84121,67503,16618,13911,549637,3.0
disagg_fut,088691,"Gold, COMEX (GLD proxy)",other_reportable,2017-10-03,82935,58524,24411,7793,525127,4.6
disagg_fut,088691,"Gold, COMEX (GLD proxy)",other_reportable,2017-10-10,86073,57291,28782,4371,520005,5.5
disagg_fut,088691,"Gold, COMEX (GLD proxy)",other_reportable,2017-10-17,88062,56853,31209,2427,528800,5.9
disagg_fut,088691,"Gold, COMEX (GLD proxy)",other_reportable,2017-10-24,82820,59803,23017,-8192,526674,4.4
disagg_fut,088691,"Gold, COMEX (GLD proxy)",other_reportable,2017-10-31,86058,58928,27130,4113,531918,5.1
disagg_fut,088691,"Gold, COMEX (GLD proxy)",other_reportable,2017-11-07,84789,59711,25078,-2052,536843,4.7
disagg_fut,088691,"Gold, COMEX (GLD proxy)",other_reportable,2017-11-14,80839,61853,18986,-6092,533054,3.6
disagg_fut,088691,"Gold, COMEX (GLD proxy)",other_reportable,2017-11-21,85642,56970,28672,9686,531612,5.4
disagg_fut,088691,"Gold, COMEX (GLD proxy)",other_reportable,2017-11-28,78866,52989,25877,-2795,503810,5.1
disagg_fut,088691,"Gold, COMEX (GLD proxy)",other_reportable,2017-12-05,84060,45241,38819,12942,472795,8.2
disagg_fut,088691,"Gold, COMEX (GLD proxy)",other_reportable,2017-12-12,78773,47931,30842,-7977,446618,6.9
disagg_fut,088691,"Gold, COMEX (GLD proxy)",other_reportable,2017-12-19,80831,48281,32550,1708,453595,7.2
disagg_fut,088691,"Gold, COMEX (GLD proxy)",other_reportable,2017-12-26,74875,46685,28190,-4360,456470,6.2
disagg_fut,088691,"Gold, COMEX (GLD proxy)",other_reportable,2018-01-02,73005,57911,15094,-13096,500731,3.0
disagg_fut,088691,"Gold, COMEX (GLD proxy)",other_reportable,2018-01-09,73046,65808,7238,-7856,555455,1.3
disagg_fut,088691,"Gold, COMEX (GLD proxy)",other_reportable,2018-01-16,74490,64311,10179,2941,582333,1.7
disagg_fut,088691,"Gold, COMEX (GLD proxy)",other_reportable,2018-01-23,69809,64661,5148,-5031,582421,0.9
disagg_fut,088691,"Gold, COMEX (GLD proxy)",other_reportable,2018-01-30,67730,68030,-300,-5448,559332,-0.1
disagg_fut,088691,"Gold, COMEX (GLD proxy)",other_reportable,2018-02-06,67451,59503,7948,8248,535321,1.5
disagg_fut,088691,"Gold, COMEX (GLD proxy)",other_reportable,2018-02-13,65677,59828,5849,-2099,511745,1.1
disagg_fut,088691,"Gold, COMEX (GLD proxy)",other_reportable,2018-02-20,66807,51340,15467,9618,528154,2.9
disagg_fut,088691,"Gold, COMEX (GLD proxy)",other_reportable,2018-02-27,74506,45807,28699,13232,532860,5.4
disagg_fut,088691,"Gold, COMEX (GLD proxy)",other_reportable,2018-03-06,73095,39978,33117,4418,508100,6.5
disagg_fut,088691,"Gold, COMEX (GLD proxy)",other_reportable,2018-03-13,72094,40011,32083,-1034,526762,6.1
disagg_fut,088691,"Gold, COMEX (GLD proxy)",other_reportable,2018-03-20,75730,38806,36924,4841,545499,6.8
disagg_fut,088691,"Gold, COMEX (GLD proxy)",other_reportable,2018-03-27,75952,34761,41191,4267,529690,7.8
disagg_fut,088691,"Gold, COMEX (GLD proxy)",other_reportable,2018-04-03,79087,39140,39947,-1244,493141,8.1
disagg_fut,088691,"Gold, COMEX (GLD proxy)",other_reportable,2018-04-10,80413,50603,29810,-10137,499588,6.0
disagg_fut,088691,"Gold, COMEX (GLD proxy)",other_reportable,2018-04-17,79363,48932,30431,621,510229,6.0
disagg_fut,088691,"Gold, COMEX (GLD proxy)",other_reportable,2018-04-24,82546,45561,36985,6554,506410,7.3
disagg_fut,088691,"Gold, COMEX (GLD proxy)",other_reportable,2018-05-01,90513,23051,67462,30477,507756,13.3
disagg_fut,088691,"Gold, COMEX (GLD proxy)",other_reportable,2018-05-08,89040,23239,65801,-1661,491398,13.4
disagg_fut,088691,"Gold, COMEX (GLD proxy)",other_reportable,2018-05-15,98212,24767,73445,7644,519958,14.1
disagg_fut,088691,"Gold, COMEX (GLD proxy)",other_reportable,2018-05-22,98266,23840,74426,981,502942,14.8
disagg_fut,088691,"Gold, COMEX (GLD proxy)",other_reportable,2018-05-29,85770,24641,61129,-13297,469382,13.0
disagg_fut,088691,"Gold, COMEX (GLD proxy)",other_reportable,2018-06-05,85294,24758,60536,-593,450641,13.4
disagg_fut,088691,"Gold, COMEX (GLD proxy)",other_reportable,2018-06-12,88439,23703,64736,4200,448695,14.4
disagg_fut,088691,"Gold, COMEX (GLD proxy)",other_reportable,2018-06-19,108618,22634,85984,21248,468345,18.4
disagg_fut,088691,"Gold, COMEX (GLD proxy)",other_reportable,2018-06-26,100273,23577,76696,-9288,468573,16.4
disagg_fut,088691,"Gold, COMEX (GLD proxy)",other_reportable,2018-07-03,106208,26627,79581,2885,494164,16.1
disagg_fut,088691,"Gold, COMEX (GLD proxy)",other_reportable,2018-07-10,106908,22947,83961,4380,503593,16.7
disagg_fut,088691,"Gold, COMEX (GLD proxy)",other_reportable,2018-07-17,110652,26362,84290,329,528278,16.0
disagg_fut,088691,"Gold, COMEX (GLD proxy)",other_reportable,2018-07-24,110371,25352,85019,729,496620,17.1
disagg_fut,088691,"Gold, COMEX (GLD proxy)",other_reportable,2018-07-31,98675,20810,77865,-7154,452655,17.2
disagg_fut,088691,"Gold, COMEX (GLD proxy)",other_reportable,2018-08-07,102443,23639,78804,939,459474,17.2
disagg_fut,088691,"Gold, COMEX (GLD proxy)",other_reportable,2018-08-14,106976,27340,79636,832,476739,16.7
disagg_fut,088691,"Gold, COMEX (GLD proxy)",other_reportable,2018-08-21,106357,25039,81318,1682,483730,16.8
disagg_fut,088691,"Gold, COMEX (GLD proxy)",other_reportable,2018-08-28,101399,28690,72709,-8609,479283,15.2
disagg_fut,088691,"Gold, COMEX (GLD proxy)",other_reportable,2018-09-04,98111,28886,69225,-3484,473118,14.6
disagg_fut,088691,"Gold, COMEX (GLD proxy)",other_reportable,2018-09-11,97774,30145,67629,-1596,469450,14.4
disagg_fut,088691,"Gold, COMEX (GLD proxy)",other_reportable,2018-09-18,99893,28274,71619,3990,469436,15.3
disagg_fut,088691,"Gold, COMEX (GLD proxy)",other_reportable,2018-09-25,94427,28398,66029,-5590,460279,14.3
disagg_fut,088691,"Gold, COMEX (GLD proxy)",other_reportable,2018-10-02,91819,34038,57781,-8248,459776,12.6
disagg_fut,088691,"Gold, COMEX (GLD proxy)",other_reportable,2018-10-09,97528,26249,71279,13498,465253,15.3
disagg_fut,088691,"Gold, COMEX (GLD proxy)",other_reportable,2018-10-16,93867,26818,67049,-4230,474418,14.1
disagg_fut,088691,"Gold, COMEX (GLD proxy)",other_reportable,2018-10-23,93210,25706,67504,455,477832,14.1
disagg_fut,088691,"Gold, COMEX (GLD proxy)",other_reportable,2018-10-30,88649,19932,68717,1213,474941,14.5
disagg_fut,088691,"Gold, COMEX (GLD proxy)",other_reportable,2018-11-06,86953,20481,66472,-2245,494911,13.4
disagg_fut,088691,"Gold, COMEX (GLD proxy)",other_reportable,2018-11-13,88887,18940,69947,3475,539520,13.0
disagg_fut,088691,"Gold, COMEX (GLD proxy)",other_reportable,2018-11-20,81150,20403,60747,-9200,525940,11.6
disagg_fut,088691,"Gold, COMEX (GLD proxy)",other_reportable,2018-11-27,76787,16526,60261,-486,442801,13.6
disagg_fut,088691,"Gold, COMEX (GLD proxy)",other_reportable,2018-12-04,73605,14817,58788,-1473,399919,14.7
disagg_fut,088691,"Gold, COMEX (GLD proxy)",other_reportable,2018-12-11,79658,19093,60565,1777,402250,15.1
disagg_fut,088691,"Gold, COMEX (GLD proxy)",other_reportable,2018-12-18,81340,16578,64762,4197,412485,15.7
disagg_fut,088691,"Gold, COMEX (GLD proxy)",other_reportable,2018-12-24,89476,20459,69017,,442727,15.6
disagg_fut,088691,"Gold, COMEX (GLD proxy)",other_reportable,2018-12-31,88936,15348,73588,4571,451360,16.3
disagg_fut,088691,"Gold, COMEX (GLD proxy)",other_reportable,2019-01-08,86870,20125,66745,,455232,14.7
disagg_fut,088691,"Gold, COMEX (GLD proxy)",other_reportable,2019-01-15,86145,23167,62978,-3767,501605,12.6
disagg_fut,088691,"Gold, COMEX (GLD proxy)",other_reportable,2019-01-22,81215,22921,58294,-4684,513509,11.4
disagg_fut,088691,"Gold, COMEX (GLD proxy)",other_reportable,2019-01-29,85914,18718,67196,8902,483390,13.9
disagg_fut,088691,"Gold, COMEX (GLD proxy)",other_reportable,2019-02-05,83246,19026,64220,-2976,479736,13.4
disagg_fut,088691,"Gold, COMEX (GLD proxy)",other_reportable,2019-02-12,81805,19550,62255,-1965,476083,13.1
disagg_fut,088691,"Gold, COMEX (GLD proxy)",other_reportable,2019-02-19,87675,24405,63270,1015,504639,12.5
disagg_fut,088691,"Gold, COMEX (GLD proxy)",other_reportable,2019-02-26,82618,25481,57137,-6133,501268,11.4
disagg_fut,088691,"Gold, COMEX (GLD proxy)",other_reportable,2019-03-05,76725,19954,56771,-366,471311,12.0
disagg_fut,088691,"Gold, COMEX (GLD proxy)",other_reportable,2019-03-12,81957,20545,61412,4641,530030,11.6
disagg_fut,088691,"Gold, COMEX (GLD proxy)",other_reportable,2019-03-19,80416,22495,57921,-3491,514163,11.3
disagg_fut,088691,"Gold, COMEX (GLD proxy)",other_reportable,2019-03-26,79524,17573,61951,4030,509575,12.2
disagg_fut,088691,"Gold, COMEX (GLD proxy)",other_reportable,2019-04-02,82968,13030,69938,7987,440170,15.9
disagg_fut,088691,"Gold, COMEX (GLD proxy)",other_reportable,2019-04-09,81590,13263,68327,-1611,447539,15.3
disagg_fut,088691,"Gold, COMEX (GLD proxy)",other_reportable,2019-04-16,87017,15357,71660,3333,440581,16.3
disagg_fut,088691,"Gold, COMEX (GLD proxy)",other_reportable,2019-04-23,87702,16478,71224,-436,440048,16.2
disagg_fut,088691,"Gold, COMEX (GLD proxy)",other_reportable,2019-04-30,82116,15973,66143,-5081,430011,15.4
disagg_fut,088691,"Gold, COMEX (GLD proxy)",other_reportable,2019-05-07,82826,16962,65864,-279,450039,14.6
disagg_fut,088691,"Gold, COMEX (GLD proxy)",other_reportable,2019-05-14,87894,15904,71990,6126,517995,13.9
disagg_fut,088691,"Gold, COMEX (GLD proxy)",other_reportable,2019-05-21,88642,15774,72868,878,508643,14.3
disagg_fut,088691,"Gold, COMEX (GLD proxy)",other_reportable,2019-05-28,75149,14735,60414,-12454,505126,12.0
disagg_fut,088691,"Gold, COMEX (GLD proxy)",other_reportable,2019-06-04,80814,20881,59933,-481,481495,12.4
disagg_fut,088691,"Gold, COMEX (GLD proxy)",other_reportable,2019-06-11,80474,25396,55078,-4855,496663,11.1
disagg_fut,088691,"Gold, COMEX (GLD proxy)",other_reportable,2019-06-18,82867,29060,53807,-1271,525636,10.2
disagg_fut,088691,"Gold, COMEX (GLD proxy)",other_reportable,2019-06-25,93190,34377,58813,5006,577605,10.2
disagg_fut,088691,"Gold, COMEX (GLD proxy)",other_reportable,2019-07-02,98516,33657,64859,6046,605949,10.7
disagg_fut,088691,"Gold, COMEX (GLD proxy)",other_reportable,2019-07-09,97804,35652,62152,-2707,598977,10.4
disagg_fut,088691,"Gold, COMEX (GLD proxy)",other_reportable,2019-07-16,98213,32771,65442,3290,601900,10.9
disagg_fut,088691,"Gold, COMEX (GLD proxy)",other_reportable,2019-07-23,103728,30651,73077,7635,616859,11.8
disagg_fut,088691,"Gold, COMEX (GLD proxy)",other_reportable,2019-07-30,96633,27958,68675,-4402,563298,12.2
disagg_fut,088691,"Gold, COMEX (GLD proxy)",other_reportable,2019-08-06,101871,36159,65712,-2963,600317,10.9
disagg_fut,088691,"Gold, COMEX (GLD proxy)",other_reportable,2019-08-13,100592,34113,66479,767,593962,11.2
disagg_fut,088691,"Gold, COMEX (GLD proxy)",other_reportable,2019-08-20,102598,32451,70147,3668,594807,11.8
disagg_fut,088691,"Gold, COMEX (GLD proxy)",other_reportable,2019-08-27,104340,34218,70122,-25,636183,11.0
disagg_fut,088691,"Gold, COMEX (GLD proxy)",other_reportable,2019-09-03,100210,31289,68921,-1201,634358,10.9
disagg_fut,088691,"Gold, COMEX (GLD proxy)",other_reportable,2019-09-10,94639,31095,63544,-5377,614753,10.3
disagg_fut,088691,"Gold, COMEX (GLD proxy)",other_reportable,2019-09-17,99575,30832,68743,5199,630990,10.9
disagg_fut,088691,"Gold, COMEX (GLD proxy)",other_reportable,2019-09-24,104885,30312,74573,5830,658944,11.3
disagg_fut,088691,"Gold, COMEX (GLD proxy)",other_reportable,2019-10-01,102810,24628,78182,3609,604885,12.9
disagg_fut,088691,"Gold, COMEX (GLD proxy)",other_reportable,2019-10-08,102407,27345,75062,-3120,616957,12.2
disagg_fut,088691,"Gold, COMEX (GLD proxy)",other_reportable,2019-10-15,105383,28143,77240,2178,607387,12.7
disagg_fut,088691,"Gold, COMEX (GLD proxy)",other_reportable,2019-10-22,104600,29906,74694,-2546,625528,11.9
disagg_fut,088691,"Gold, COMEX (GLD proxy)",other_reportable,2019-10-29,104759,26802,77957,3263,643442,12.1
disagg_fut,088691,"Gold, COMEX (GLD proxy)",other_reportable,2019-11-05,111424,28843,82581,4624,690181,12.0
disagg_fut,088691,"Gold, COMEX (GLD proxy)",other_reportable,2019-11-12,113757,22132,91625,9044,708463,12.9
disagg_fut,088691,"Gold, COMEX (GLD proxy)",other_reportable,2019-11-19,115501,24841,90660,-965,719211,12.6
disagg_fut,088691,"Gold, COMEX (GLD proxy)",other_reportable,2019-11-26,106562,29215,77347,-13313,669268,11.6
disagg_fut,088691,"Gold, COMEX (GLD proxy)",other_reportable,2019-12-03,114249,31506,82743,5396,701016,11.8
disagg_fut,088691,"Gold, COMEX (GLD proxy)",other_reportable,2019-12-10,116240,28968,87272,4529,690003,12.6
disagg_fut,088691,"Gold, COMEX (GLD proxy)",other_reportable,2019-12-17,115877,31323,84554,-2718,716987,11.8
disagg_fut,088691,"Gold, COMEX (GLD proxy)",other_reportable,2019-12-24,118944,32138,86806,2252,748737,11.6
disagg_fut,088691,"Gold, COMEX (GLD proxy)",other_reportable,2019-12-31,123263,28070,95193,8387,786166,12.1
disagg_fut,088691,"Gold, COMEX (GLD proxy)",other_reportable,2020-01-07,122397,29863,92534,-2659,785857,11.8
disagg_fut,088691,"Gold, COMEX (GLD proxy)",other_reportable,2020-01-14,114407,25631,88776,-3758,796883,11.1
disagg_fut,088691,"Gold, COMEX (GLD proxy)",other_reportable,2020-01-21,116524,22661,93863,5087,793829,11.8
disagg_fut,088691,"Gold, COMEX (GLD proxy)",other_reportable,2020-01-28,122142,11988,110154,16291,715539,15.4
disagg_fut,088691,"Gold, COMEX (GLD proxy)",other_reportable,2020-02-04,132147,13951,118196,8042,654572,18.1
disagg_fut,088691,"Gold, COMEX (GLD proxy)",other_reportable,2020-02-11,125036,12733,112303,-5893,658024,17.1
disagg_fut,088691,"Gold, COMEX (GLD proxy)",other_reportable,2020-02-18,130063,14960,115103,2800,715317,16.1
disagg_fut,088691,"Gold, COMEX (GLD proxy)",other_reportable,2020-02-25,126121,21102,105019,-10084,732917,14.3
disagg_fut,088691,"Gold, COMEX (GLD proxy)",other_reportable,2020-03-03,123252,18880,104372,-647,691985,15.1
disagg_fut,088691,"Gold, COMEX (GLD proxy)",other_reportable,2020-03-10,115648,26302,89346,-15026,633470,14.1
disagg_fut,088691,"Gold, COMEX (GLD proxy)",other_reportable,2020-03-17,152426,24589,127837,38491,573925,22.3
disagg_fut,088691,"Gold, COMEX (GLD proxy)",other_reportable,2020-03-24,158963,28006,130957,3120,547334,23.9
disagg_fut,088691,"Gold, COMEX (GLD proxy)",other_reportable,2020-03-31,130709,24458,106251,-24706,495652,21.4
disagg_fut,088691,"Gold, COMEX (GLD proxy)",other_reportable,2020-04-07,122875,26415,96460,-9791,480050,20.1
disagg_fut,088691,"Gold, COMEX (GLD proxy)",other_reportable,2020-04-14,124205,26948,97257,797,489965,19.8
disagg_fut,088691,"Gold, COMEX (GLD proxy)",other_reportable,2020-04-21,126771,23471,103300,6043,493158,20.9
disagg_fut,088691,"Gold, COMEX (GLD proxy)",other_reportable,2020-04-28,133357,17034,116323,13023,500816,23.2
disagg_fut,088691,"Gold, COMEX (GLD proxy)",other_reportable,2020-05-05,133245,16482,116763,440,490343,23.8
disagg_fut,088691,"Gold, COMEX (GLD proxy)",other_reportable,2020-05-12,133756,13145,120611,3848,496739,24.3
disagg_fut,088691,"Gold, COMEX (GLD proxy)",other_reportable,2020-05-19,141433,16709,124724,4113,528205,23.6
disagg_fut,088691,"Gold, COMEX (GLD proxy)",other_reportable,2020-05-26,142582,17749,124833,109,519374,24.0
disagg_fut,088691,"Gold, COMEX (GLD proxy)",other_reportable,2020-06-02,138541,19862,118679,-6154,475745,24.9
disagg_fut,088691,"Gold, COMEX (GLD proxy)",other_reportable,2020-06-09,137565,20129,117436,-1243,475661,24.7
disagg_fut,088691,"Gold, COMEX (GLD proxy)",other_reportable,2020-06-16,141450,21790,119660,2224,489563,24.4
disagg_fut,088691,"Gold, COMEX (GLD proxy)",other_reportable,2020-06-23,146866,24424,122442,2782,532101,23.0
disagg_fut,088691,"Gold, COMEX (GLD proxy)",other_reportable,2020-06-30,155416,27301,128115,5673,561628,22.8
disagg_fut,088691,"Gold, COMEX (GLD proxy)",other_reportable,2020-07-07,157220,29205,128015,-100,572776,22.3
disagg_fut,088691,"Gold, COMEX (GLD proxy)",other_reportable,2020-07-14,152805,25350,127455,-560,580175,22.0
disagg_fut,088691,"Gold, COMEX (GLD proxy)",other_reportable,2020-07-21,152981,26814,126167,-1288,603138,20.9
disagg_fut,088691,"Gold, COMEX (GLD proxy)",other_reportable,2020-07-28,152694,33029,119665,-6502,598629,20.0
disagg_fut,088691,"Gold, COMEX (GLD proxy)",other_reportable,2020-08-04,156490,31216,125274,5609,561837,22.3
disagg_fut,088691,"Gold, COMEX (GLD proxy)",other_reportable,2020-08-11,151449,25088,126361,1087,553345,22.8
disagg_fut,088691,"Gold, COMEX (GLD proxy)",other_reportable,2020-08-18,151353,23273,128080,1719,544010,23.5
disagg_fut,088691,"Gold, COMEX (GLD proxy)",other_reportable,2020-08-25,156504,22315,134189,6109,549282,24.4
disagg_fut,088691,"Gold, COMEX (GLD proxy)",other_reportable,2020-09-01,158943,25889,133054,-1135,547704,24.3
disagg_fut,088691,"Gold, COMEX (GLD proxy)",other_reportable,2020-09-08,157645,25464,132181,-873,557457,23.7
disagg_fut,088691,"Gold, COMEX (GLD proxy)",other_reportable,2020-09-15,157941,28062,129879,-2302,578925,22.4
disagg_fut,088691,"Gold, COMEX (GLD proxy)",other_reportable,2020-09-22,164345,26733,137612,7733,575877,23.9
disagg_fut,088691,"Gold, COMEX (GLD proxy)",other_reportable,2020-09-29,175786,26499,149287,11675,562396,26.5
disagg_fut,088691,"Gold, COMEX (GLD proxy)",other_reportable,2020-10-06,181572,27597,153975,4688,555555,27.7
disagg_fut,088691,"Gold, COMEX (GLD proxy)",other_reportable,2020-10-13,188817,29927,158890,4915,553197,28.7
disagg_fut,088691,"Gold, COMEX (GLD proxy)",other_reportable,2020-10-20,191098,32059,159039,149,562993,28.2
disagg_fut,088691,"Gold, COMEX (GLD proxy)",other_reportable,2020-10-27,176923,30164,146759,-12280,560900,26.2
disagg_fut,088691,"Gold, COMEX (GLD proxy)",other_reportable,2020-11-03,181704,29490,152214,5455,544774,27.9
disagg_fut,088691,"Gold, COMEX (GLD proxy)",other_reportable,2020-11-10,188411,28458,159953,7739,547449,29.2
disagg_fut,088691,"Gold, COMEX (GLD proxy)",other_reportable,2020-11-17,190148,29325,160823,870,557533,28.8
disagg_fut,088691,"Gold, COMEX (GLD proxy)",other_reportable,2020-11-24,182821,24267,158554,-2269,555253,28.6
disagg_fut,088691,"Gold, COMEX (GLD proxy)",other_reportable,2020-12-01,189898,15127,174771,16217,538042,32.5
disagg_fut,088691,"Gold, COMEX (GLD proxy)",other_reportable,2020-12-08,190427,20018,170409,-4362,549520,31.0
disagg_fut,088691,"Gold, COMEX (GLD proxy)",other_reportable,2020-12-15,188709,19004,169705,-704,550366,30.8
disagg_fut,088691,"Gold, COMEX (GLD proxy)",other_reportable,2020-12-21,191676,21604,170072,,560769,30.3
disagg_fut,088691,"Gold, COMEX (GLD proxy)",other_reportable,2020-12-29,182139,22262,159877,,556414,28.7
disagg_fut,088691,"Gold, COMEX (GLD proxy)",other_reportable,2021-01-05,182850,20101,162749,2872,568888,28.6
disagg_fut,088691,"Gold, COMEX (GLD proxy)",other_reportable,2021-01-12,182160,14167,167993,5244,555538,30.2
disagg_fut,088691,"Gold, COMEX (GLD proxy)",other_reportable,2021-01-19,180346,11779,168567,574,541330,31.1
disagg_fut,088691,"Gold, COMEX (GLD proxy)",other_reportable,2021-01-26,170717,9570,161147,-7420,534574,30.1
disagg_fut,088691,"Gold, COMEX (GLD proxy)",other_reportable,2021-02-02,177290,7942,169348,8201,520011,32.6
disagg_fut,088691,"Gold, COMEX (GLD proxy)",other_reportable,2021-02-09,174593,10826,163767,-5581,506741,32.3
disagg_fut,088691,"Gold, COMEX (GLD proxy)",other_reportable,2021-02-16,177586,10573,167013,3246,503016,33.2
disagg_fut,088691,"Gold, COMEX (GLD proxy)",other_reportable,2021-02-23,158957,12347,146610,-20403,481125,30.5
disagg_fut,088691,"Gold, COMEX (GLD proxy)",other_reportable,2021-03-02,158925,15247,143678,-2932,467008,30.8
disagg_fut,088691,"Gold, COMEX (GLD proxy)",other_reportable,2021-03-09,158616,12883,145733,2055,473871,30.8
disagg_fut,088691,"Gold, COMEX (GLD proxy)",other_reportable,2021-03-16,155568,16493,139075,-6658,476467,29.2
disagg_fut,088691,"Gold, COMEX (GLD proxy)",other_reportable,2021-03-23,154833,24287,130546,-8529,485457,26.9
disagg_fut,088691,"Gold, COMEX (GLD proxy)",other_reportable,2021-03-30,150444,25989,124455,-6091,467321,26.6
disagg_fut,088691,"Gold, COMEX (GLD proxy)",other_reportable,2021-04-06,154140,31103,123037,-1418,463353,26.6
disagg_fut,088691,"Gold, COMEX (GLD proxy)",other_reportable,2021-04-13,157443,30376,127067,4030,460733,27.6
disagg_fut,088691,"Gold, COMEX (GLD proxy)",other_reportable,2021-04-20,159142,34068,125074,-1993,471738,26.5
disagg_fut,088691,"Gold, COMEX (GLD proxy)",other_reportable,2021-04-27,153573,33605,119968,-5106,473305,25.3
disagg_fut,088691,"Gold, COMEX (GLD proxy)",other_reportable,2021-05-04,152760,35644,117116,-2852,470341,24.9
disagg_fut,088691,"Gold, COMEX (GLD proxy)",other_reportable,2021-05-11,150866,40226,110640,-6476,498693,22.2
disagg_fut,088691,"Gold, COMEX (GLD proxy)",other_reportable,2021-05-18,148491,41592,106899,-3741,520410,20.5
disagg_fut,088691,"Gold, COMEX (GLD proxy)",other_reportable,2021-05-25,144404,37017,107387,488,510164,21.0
disagg_fut,088691,"Gold, COMEX (GLD proxy)",other_reportable,2021-06-01,141556,37828,103728,-3659,489198,21.2
disagg_fut,088691,"Gold, COMEX (GLD proxy)",other_reportable,2021-06-08,143744,42021,101723,-2005,491858,20.7
disagg_fut,088691,"Gold, COMEX (GLD proxy)",other_reportable,2021-06-15,135401,40157,95244,-6479,480127,19.8
disagg_fut,088691,"Gold, COMEX (GLD proxy)",other_reportable,2021-06-22,143115,39437,103678,8434,453940,22.8
disagg_fut,088691,"Gold, COMEX (GLD proxy)",other_reportable,2021-06-29,138768,37924,100844,-2834,453360,22.2
disagg_fut,088691,"Gold, COMEX (GLD proxy)",other_reportable,2021-07-06,139327,34466,104861,4017,465811,22.5
disagg_fut,088691,"Gold, COMEX (GLD proxy)",other_reportable,2021-07-13,139605,35060,104545,-316,495798,21.1
disagg_fut,088691,"Gold, COMEX (GLD proxy)",other_reportable,2021-07-20,142149,36605,105544,999,490520,21.5
disagg_fut,088691,"Gold, COMEX (GLD proxy)",other_reportable,2021-07-27,142053,32895,109158,3614,500187,21.8
disagg_fut,088691,"Gold, COMEX (GLD proxy)",other_reportable,2021-08-03,140223,33761,106462,-2696,485663,21.9
disagg_fut,088691,"Gold, COMEX (GLD proxy)",other_reportable,2021-08-10,165368,32365,133003,26541,477232,27.9
disagg_fut,088691,"Gold, COMEX (GLD proxy)",other_reportable,2021-08-17,167165,34701,132464,-539,485485,27.3
disagg_fut,088691,"Gold, COMEX (GLD proxy)",other_reportable,2021-08-24,172448,37239,135209,2745,504735,26.8
disagg_fut,088691,"Gold, COMEX (GLD proxy)",other_reportable,2021-08-31,174449,39576,134873,-336,507113,26.6
disagg_fut,088691,"Gold, COMEX (GLD proxy)",other_reportable,2021-09-07,176973,38529,138444,3571,506772,27.3
disagg_fut,088691,"Gold, COMEX (GLD proxy)",other_reportable,2021-09-14,176151,39613,136538,-1906,506356,27.0
disagg_fut,088691,"Gold, COMEX (GLD proxy)",other_reportable,2021-09-21,176893,36090,140803,4265,492765,28.6
disagg_fut,088691,"Gold, COMEX (GLD proxy)",other_reportable,2021-09-28,174891,37353,137538,-3265,490858,28.0
disagg_fut,088691,"Gold, COMEX (GLD proxy)",other_reportable,2021-10-05,169194,40778,128416,-9122,483789,26.5
disagg_fut,088691,"Gold, COMEX (GLD proxy)",other_reportable,2021-10-12,166835,39815,127020,-1396,484382,26.2
disagg_fut,088691,"Gold, COMEX (GLD proxy)",other_reportable,2021-10-19,175322,39772,135550,8530,485974,27.9
disagg_fut,088691,"Gold, COMEX (GLD proxy)",other_reportable,2021-10-26,172366,44168,128198,-7352,509794,25.1
disagg_fut,088691,"Gold, COMEX (GLD proxy)",other_reportable,2021-11-02,174147,44257,129890,1692,507616,25.6
disagg_fut,088691,"Gold, COMEX (GLD proxy)",other_reportable,2021-11-09,172978,48407,124571,-5319,571025,21.8
disagg_fut,088691,"Gold, COMEX (GLD proxy)",other_reportable,2021-11-16,175061,57666,117395,-7176,612612,19.2
disagg_fut,088691,"Gold, COMEX (GLD proxy)",other_reportable,2021-11-23,174136,45064,129072,11677,559823,23.1
disagg_fut,088691,"Gold, COMEX (GLD proxy)",other_reportable,2021-11-30,172784,39009,133775,4703,531868,25.2
disagg_fut,088691,"Gold, COMEX (GLD proxy)",other_reportable,2021-12-07,175451,39007,136444,2669,499307,27.3
disagg_fut,088691,"Gold, COMEX (GLD proxy)",other_reportable,2021-12-14,176650,37666,138984,2540,503709,27.6
disagg_fut,088691,"Gold, COMEX (GLD proxy)",other_reportable,2021-12-21,172508,38445,134063,-4921,500846,26.8
disagg_fut,088691,"Gold, COMEX (GLD proxy)",other_reportable,2021-12-28,173490,43997,129493,-4570,508912,25.4
disagg_fut,088691,"Gold, COMEX (GLD proxy)",other_reportable,2022-01-04,172331,40484,131847,2354,502717,26.2
disagg_fut,088691,"Gold, COMEX (GLD proxy)",other_reportable,2022-01-11,170805,45378,125427,-6420,546516,23.0
disagg_fut,088691,"Gold, COMEX (GLD proxy)",other_reportable,2022-01-18,170721,48307,122414,-3013,539204,22.7
disagg_fut,088691,"Gold, COMEX (GLD proxy)",other_reportable,2022-01-25,172775,53999,118776,-3638,572078,20.8
disagg_fut,088691,"Gold, COMEX (GLD proxy)",other_reportable,2022-02-01,167685,45457,122228,3452,515331,23.7
disagg_fut,088691,"Gold, COMEX (GLD proxy)",other_reportable,2022-02-08,162325,45086,117239,-4989,512842,22.9
disagg_fut,088691,"Gold, COMEX (GLD proxy)",other_reportable,2022-02-15,161739,55832,105907,-11332,558645,19.0
disagg_fut,088691,"Gold, COMEX (GLD proxy)",other_reportable,2022-02-22,166740,62568,104172,-1735,611488,17.0
disagg_fut,088691,"Gold, COMEX (GLD proxy)",other_reportable,2022-03-01,166962,57961,109001,4829,615600,17.7
disagg_fut,088691,"Gold, COMEX (GLD proxy)",other_reportable,2022-03-08,183108,51693,131415,22414,638502,20.6
disagg_fut,088691,"Gold, COMEX (GLD proxy)",other_reportable,2022-03-15,181134,45883,135251,3836,617605,21.9
disagg_fut,088691,"Gold, COMEX (GLD proxy)",other_reportable,2022-03-22,176071,43171,132900,-2351,605191,22.0
disagg_fut,088691,"Gold, COMEX (GLD proxy)",other_reportable,2022-03-29,181146,31852,149294,16394,574521,26.0
disagg_fut,088691,"Gold, COMEX (GLD proxy)",other_reportable,2022-04-05,176250,32336,143914,-5380,560666,25.7
disagg_fut,088691,"Gold, COMEX (GLD proxy)",other_reportable,2022-04-12,172920,35658,137262,-6652,577639,23.8
disagg_fut,088691,"Gold, COMEX (GLD proxy)",other_reportable,2022-04-19,173185,34694,138491,1229,575202,24.1
disagg_fut,088691,"Gold, COMEX (GLD proxy)",other_reportable,2022-04-26,172296,35389,136907,-1584,557785,24.5
disagg_fut,088691,"Gold, COMEX (GLD proxy)",other_reportable,2022-05-03,164611,33290,131321,-5586,560441,23.4
disagg_fut,088691,"Gold, COMEX (GLD proxy)",other_reportable,2022-05-10,165016,33693,131323,2,571447,23.0
disagg_fut,088691,"Gold, COMEX (GLD proxy)",other_reportable,2022-05-17,167439,35439,132000,677,555756,23.8
disagg_fut,088691,"Gold, COMEX (GLD proxy)",other_reportable,2022-05-24,161028,38272,122756,-9244,530098,23.2
disagg_fut,088691,"Gold, COMEX (GLD proxy)",other_reportable,2022-05-31,156728,34932,121796,-960,513722,23.7
disagg_fut,088691,"Gold, COMEX (GLD proxy)",other_reportable,2022-06-07,155141,37404,117737,-4059,494130,23.8
disagg_fut,088691,"Gold, COMEX (GLD proxy)",other_reportable,2022-06-14,157485,39792,117693,-44,497456,23.7
disagg_fut,088691,"Gold, COMEX (GLD proxy)",other_reportable,2022-06-21,154899,41415,113484,-4209,500276,22.7
disagg_fut,088691,"Gold, COMEX (GLD proxy)",other_reportable,2022-06-28,157862,36271,121591,8107,497005,24.5
disagg_fut,088691,"Gold, COMEX (GLD proxy)",other_reportable,2022-07-05,164334,35708,128626,7035,498210,25.8
disagg_fut,088691,"Gold, COMEX (GLD proxy)",other_reportable,2022-07-12,159457,35203,124254,-4372,542493,22.9
disagg_fut,088691,"Gold, COMEX (GLD proxy)",other_reportable,2022-07-19,149948,36255,113693,-10561,524786,21.7
disagg_fut,088691,"Gold, COMEX (GLD proxy)",other_reportable,2022-07-26,149445,37662,111783,-1910,487515,22.9
disagg_fut,088691,"Gold, COMEX (GLD proxy)",other_reportable,2022-08-02,145494,37023,108471,-3312,459649,23.6
disagg_fut,088691,"Gold, COMEX (GLD proxy)",other_reportable,2022-08-09,142893,40776,102117,-6354,453540,22.5
disagg_fut,088691,"Gold, COMEX (GLD proxy)",other_reportable,2022-08-16,141431,36640,104791,2674,453960,23.1
disagg_fut,088691,"Gold, COMEX (GLD proxy)",other_reportable,2022-08-23,141577,37841,103736,-1055,457762,22.7
disagg_fut,088691,"Gold, COMEX (GLD proxy)",other_reportable,2022-08-30,143553,37607,105946,2210,459165,23.1
disagg_fut,088691,"Gold, COMEX (GLD proxy)",other_reportable,2022-09-06,145685,34866,110819,4873,465908,23.8
disagg_fut,088691,"Gold, COMEX (GLD proxy)",other_reportable,2022-09-13,145632,29951,115681,4862,463674,24.9
disagg_fut,088691,"Gold, COMEX (GLD proxy)",other_reportable,2022-09-20,136013,33596,102417,-13264,469395,21.8
disagg_fut,088691,"Gold, COMEX (GLD proxy)",other_reportable,2022-09-27,132983,37808,95175,-7242,457061,20.8
disagg_fut,088691,"Gold, COMEX (GLD proxy)",other_reportable,2022-10-04,133158,37898,95260,85,437065,21.8
disagg_fut,088691,"Gold, COMEX (GLD proxy)",other_reportable,2022-10-11,134196,34196,100000,4740,431395,23.2
disagg_fut,088691,"Gold, COMEX (GLD proxy)",other_reportable,2022-10-18,137546,34892,102654,2654,434701,23.6
disagg_fut,088691,"Gold, COMEX (GLD proxy)",other_reportable,2022-10-25,140837,34017,106820,4166,456072,23.4
disagg_fut,088691,"Gold, COMEX (GLD proxy)",other_reportable,2022-11-01,138128,32104,106024,-796,467276,22.7
disagg_fut,088691,"Gold, COMEX (GLD proxy)",other_reportable,2022-11-08,135076,36392,98684,-7340,488471,20.2
disagg_fut,088691,"Gold, COMEX (GLD proxy)",other_reportable,2022-11-15,132217,31405,100812,2128,495171,20.4
disagg_fut,088691,"Gold, COMEX (GLD proxy)",other_reportable,2022-11-22,122123,25441,96682,-4130,449542,21.5
disagg_fut,088691,"Gold, COMEX (GLD proxy)",other_reportable,2022-11-29,121129,25846,95283,-1399,433661,22.0
disagg_fut,088691,"Gold, COMEX (GLD proxy)",other_reportable,2022-12-06,117843,26205,91638,-3645,422100,21.7
disagg_fut,088691,"Gold, COMEX (GLD proxy)",other_reportable,2022-12-13,120672,32472,88200,-3438,437040,20.2
disagg_fut,088691,"Gold, COMEX (GLD proxy)",other_reportable,2022-12-20,121323,31570,89753,1553,436653,20.6
disagg_fut,088691,"Gold, COMEX (GLD proxy)",other_reportable,2022-12-27,122542,36539,86003,-3750,440040,19.5
disagg_fut,088691,"Gold, COMEX (GLD proxy)",other_reportable,2023-01-03,121661,34576,87085,1082,449393,19.4
disagg_fut,088691,"Gold, COMEX (GLD proxy)",other_reportable,2023-01-10,126962,38236,88726,1641,481519,18.4
disagg_fut,088691,"Gold, COMEX (GLD proxy)",other_reportable,2023-01-17,122652,38789,83863,-4863,491818,17.1
disagg_fut,088691,"Gold, COMEX (GLD proxy)",other_reportable,2023-01-24,121810,44016,77794,-6069,499927,15.6
disagg_fut,088691,"Gold, COMEX (GLD proxy)",other_reportable,2023-01-31,118292,42458,75834,-1960,471642,16.1
disagg_fut,088691,"Gold, COMEX (GLD proxy)",other_reportable,2023-02-07,107777,38538,69239,-6595,439755,15.7
disagg_fut,088691,"Gold, COMEX (GLD proxy)",other_reportable,2023-02-14,104268,39912,64356,-4883,426116,15.1
disagg_fut,088691,"Gold, COMEX (GLD proxy)",other_reportable,2023-02-21,105475,35080,70395,6039,422648,16.7
disagg_fut,088691,"Gold, COMEX (GLD proxy)",other_reportable,2023-02-28,108994,26976,82018,11623,426890,19.2
disagg_fut,088691,"Gold, COMEX (GLD proxy)",other_reportable,2023-03-07,112135,28060,84075,2057,458474,18.3
disagg_fut,088691,"Gold, COMEX (GLD proxy)",other_reportable,2023-03-14,112263,31653,80610,-3465,459064,17.6
disagg_fut,088691,"Gold, COMEX (GLD proxy)",other_reportable,2023-03-21,112801,35425,77376,-3234,469874,16.5
disagg_fut,088691,"Gold, COMEX (GLD proxy)",other_reportable,2023-03-28,114605,32135,82470,5094,478611,17.2
disagg_fut,088691,"Gold, COMEX (GLD proxy)",other_reportable,2023-04-04,123816,38731,85085,2615,476592,17.9
disagg_fut,088691,"Gold, COMEX (GLD proxy)",other_reportable,2023-04-11,125150,37011,88139,3054,476567,18.5
disagg_fut,088691,"Gold, COMEX (GLD proxy)",other_reportable,2023-04-18,122891,35694,87197,-942,482254,18.1
disagg_fut,088691,"Gold, COMEX (GLD proxy)",other_reportable,2023-04-25,117207,34746,82461,-4736,473209,17.4
disagg_fut,088691,"Gold, COMEX (GLD proxy)",other_reportable,2023-05-02,119222,37445,81777,-684,493804,16.6
disagg_fut,088691,"Gold, COMEX (GLD proxy)",other_reportable,2023-05-09,123009,38181,84828,3051,518951,16.3
disagg_fut,088691,"Gold, COMEX (GLD proxy)",other_reportable,2023-05-16,115464,39633,75831,-8997,521832,14.5
disagg_fut,088691,"Gold, COMEX (GLD proxy)",other_reportable,2023-05-23,107599,40006,67593,-8238,479080,14.1
disagg_fut,088691,"Gold, COMEX (GLD proxy)",other_reportable,2023-05-30,114402,31789,82613,15020,449515,18.4
disagg_fut,088691,"Gold, COMEX (GLD proxy)",other_reportable,2023-06-06,116482,34269,82213,-400,436301,18.8
disagg_fut,088691,"Gold, COMEX (GLD proxy)",other_reportable,2023-06-13,116805,31239,85566,3353,432898,19.8
disagg_fut,088691,"Gold, COMEX (GLD proxy)",other_reportable,2023-06-20,118994,32058,86936,1370,438037,19.8
disagg_fut,088691,"Gold, COMEX (GLD proxy)",other_reportable,2023-06-27,112672,30437,82235,-4701,431861,19.0
disagg_fut,088691,"Gold, COMEX (GLD proxy)",other_reportable,2023-07-03,112064,32115,79949,,448063,17.8
disagg_fut,088691,"Gold, COMEX (GLD proxy)",other_reportable,2023-07-11,116152,32841,83311,,483170,17.2
disagg_fut,088691,"Gold, COMEX (GLD proxy)",other_reportable,2023-07-18,116096,38066,78030,-5281,482104,16.2
disagg_fut,088691,"Gold, COMEX (GLD proxy)",other_reportable,2023-07-25,115626,37274,78352,322,476176,16.5
disagg_fut,088691,"Gold, COMEX (GLD proxy)",other_reportable,2023-08-01,115183,30268,84915,6563,439383,19.3
disagg_fut,088691,"Gold, COMEX (GLD proxy)",other_reportable,2023-08-08,114261,29882,84379,-536,427759,19.7
disagg_fut,088691,"Gold, COMEX (GLD proxy)",other_reportable,2023-08-15,119932,28332,91600,7221,433611,21.1
disagg_fut,088691,"Gold, COMEX (GLD proxy)",other_reportable,2023-08-22,121255,28418,92837,1237,430239,21.6
disagg_fut,088691,"Gold, COMEX (GLD proxy)",other_reportable,2023-08-29,115445,31415,84030,-8807,442806,19.0
disagg_fut,088691,"Gold, COMEX (GLD proxy)",other_reportable,2023-09-05,115580,27939,87641,3611,438672,20.0
disagg_fut,088691,"Gold, COMEX (GLD proxy)",other_reportable,2023-09-12,117967,28674,89293,1652,441221,20.2
disagg_fut,088691,"Gold, COMEX (GLD proxy)",other_reportable,2023-09-19,116544,28771,87773,-1520,438078,20.0
disagg_fut,088691,"Gold, COMEX (GLD proxy)",other_reportable,2023-09-26,120892,28515,92377,4604,435620,21.2
disagg_fut,088691,"Gold, COMEX (GLD proxy)",other_reportable,2023-10-03,127906,29119,98787,6410,431226,22.9
disagg_fut,088691,"Gold, COMEX (GLD proxy)",other_reportable,2023-10-10,126398,28198,98200,-587,436499,22.5
disagg_fut,088691,"Gold, COMEX (GLD proxy)",other_reportable,2023-10-17,126704,29069,97635,-565,439581,22.2
disagg_fut,088691,"Gold, COMEX (GLD proxy)",other_reportable,2023-10-24,129013,35376,93637,-3998,463476,20.2
disagg_fut,088691,"Gold, COMEX (GLD proxy)",other_reportable,2023-10-31,120942,32357,88585,-5052,475808,18.6
disagg_fut,088691,"Gold, COMEX (GLD proxy)",other_reportable,2023-11-07,121044,33063,87981,-604,484347,18.2
disagg_fut,088691,"Gold, COMEX (GLD proxy)",other_reportable,2023-11-14,121428,30367,91061,3080,486634,18.7
disagg_fut,088691,"Gold, COMEX (GLD proxy)",other_reportable,2023-11-21,125320,32750,92570,1509,508429,18.2
disagg_fut,088691,"Gold, COMEX (GLD proxy)",other_reportable,2023-11-28,120150,34959,85191,-7379,505658,16.8
disagg_fut,088691,"Gold, COMEX (GLD proxy)",other_reportable,2023-12-05,128933,34776,94157,8966,487469,19.3
disagg_fut,088691,"Gold, COMEX (GLD proxy)",other_reportable,2023-12-12,123902,31197,92705,-1452,469939,19.7
disagg_fut,088691,"Gold, COMEX (GLD proxy)",other_reportable,2023-12-19,125275,32212,93063,358,481203,19.3
disagg_fut,088691,"Gold, COMEX (GLD proxy)",other_reportable,2023-12-26,137042,35778,101264,8201,491343,20.6
disagg_fut,088691,"Gold, COMEX (GLD proxy)",other_reportable,2024-01-02,136322,37822,98500,-2764,500364,19.7
disagg_fut,088691,"Gold, COMEX (GLD proxy)",other_reportable,2024-01-09,137332,37177,100155,1655,489849,20.4
disagg_fut,088691,"Gold, COMEX (GLD proxy)",other_reportable,2024-01-16,131429,34765,96664,-3491,489334,19.8
disagg_fut,088691,"Gold, COMEX (GLD proxy)",other_reportable,2024-01-23,129802,21361,108441,11777,465872,23.3
disagg_fut,088691,"Gold, COMEX (GLD proxy)",other_reportable,2024-01-30,111129,19362,91767,-16674,430328,21.3
disagg_fut,088691,"Gold, COMEX (GLD proxy)",other_reportable,2024-02-06,114307,20638,93669,1902,419121,22.3
disagg_fut,088691,"Gold, COMEX (GLD proxy)",other_reportable,2024-02-13,116863,19871,96992,3323,420812,23.0
disagg_fut,088691,"Gold, COMEX (GLD proxy)",other_reportable,2024-02-20,112194,21855,90339,-6653,407063,22.2
disagg_fut,088691,"Gold, COMEX (GLD proxy)",other_reportable,2024-02-27,111063,25580,85483,-4856,411195,20.8
disagg_fut,088691,"Gold, COMEX (GLD proxy)",other_reportable,2024-03-05,119042,37512,81530,-3953,471616,17.3
disagg_fut,088691,"Gold, COMEX (GLD proxy)",other_reportable,2024-03-12,109068,48549,60519,-21011,516057,11.7
disagg_fut,088691,"Gold, COMEX (GLD proxy)",other_reportable,2024-03-19,106144,47438,58706,-1813,535047,11.0
disagg_fut,088691,"Gold, COMEX (GLD proxy)",other_reportable,2024-03-26,102641,39142,63499,4793,503642,12.6
disagg_fut,088691,"Gold, COMEX (GLD proxy)",other_reportable,2024-04-02,108326,48156,60170,-3329,500045,12.0
disagg_fut,088691,"Gold, COMEX (GLD proxy)",other_reportable,2024-04-09,105182,44495,60687,517,505214,12.0
disagg_fut,088691,"Gold, COMEX (GLD proxy)",other_reportable,2024-04-16,108867,41680,67187,6500,517193,13.0
disagg_fut,088691,"Gold, COMEX (GLD proxy)",other_reportable,2024-04-23,103135,42383,60752,-6435,516249,11.8
disagg_fut,088691,"Gold, COMEX (GLD proxy)",other_reportable,2024-04-30,106997,37814,69183,8431,519791,13.3
disagg_fut,088691,"Gold, COMEX (GLD proxy)",other_reportable,2024-05-07,107364,33896,73468,4285,529835,13.9
disagg_fut,088691,"Gold, COMEX (GLD proxy)",other_reportable,2024-05-14,105774,31713,74061,593,522952,14.2
disagg_fut,088691,"Gold, COMEX (GLD proxy)",other_reportable,2024-05-21,110124,28841,81283,7222,530591,15.3
disagg_fut,088691,"Gold, COMEX (GLD proxy)",other_reportable,2024-05-28,112293,24536,87757,6474,485430,18.1
disagg_fut,088691,"Gold, COMEX (GLD proxy)",other_reportable,2024-06-04,112006,27003,85003,-2754,447488,19.0
disagg_fut,088691,"Gold, COMEX (GLD proxy)",other_reportable,2024-06-11,108345,27384,80961,-4042,436857,18.5
disagg_fut,088691,"Gold, COMEX (GLD proxy)",other_reportable,2024-06-18,109508,27045,82463,1502,444345,18.6
disagg_fut,088691,"Gold, COMEX (GLD proxy)",other_reportable,2024-06-25,110129,22102,88027,5564,452190,19.5
disagg_fut,088691,"Gold, COMEX (GLD proxy)",other_reportable,2024-07-02,112429,21701,90728,2701,454730,20.0
disagg_fut,088691,"Gold, COMEX (GLD proxy)",other_reportable,2024-07-09,121061,23753,97308,6580,516324,18.8
disagg_fut,088691,"Gold, COMEX (GLD proxy)",other_reportable,2024-07-16,133325,32833,100492,3184,579862,17.3
disagg_fut,088691,"Gold, COMEX (GLD proxy)",other_reportable,2024-07-23,143798,33584,110214,9722,572306,19.3
disagg_fut,088691,"Gold, COMEX (GLD proxy)",other_reportable,2024-07-30,127778,33541,94237,-15977,510914,18.4
disagg_fut,088691,"Gold, COMEX (GLD proxy)",other_reportable,2024-08-06,117816,29853,87963,-6274,480645,18.3
disagg_fut,088691,"Gold, COMEX (GLD proxy)",other_reportable,2024-08-13,124925,35576,89349,1386,505872,17.7
disagg_fut,088691,"Gold, COMEX (GLD proxy)",other_reportable,2024-08-20,133409,35461,97948,8599,532867,18.4
disagg_fut,088691,"Gold, COMEX (GLD proxy)",other_reportable,2024-08-27,125354,31200,94154,-3794,521759,18.0
disagg_fut,088691,"Gold, COMEX (GLD proxy)",other_reportable,2024-09-03,127071,31603,95468,1314,511136,18.7
disagg_fut,088691,"Gold, COMEX (GLD proxy)",other_reportable,2024-09-10,126361,34315,92046,-3422,511501,18.0
disagg_fut,088691,"Gold, COMEX (GLD proxy)",other_reportable,2024-09-17,127890,34179,93711,1665,537627,17.4
disagg_fut,088691,"Gold, COMEX (GLD proxy)",other_reportable,2024-09-24,131137,34776,96361,2650,564640,17.1
disagg_fut,088691,"Gold, COMEX (GLD proxy)",other_reportable,2024-10-01,122184,36715,85469,-10892,533107,16.0
disagg_fut,088691,"Gold, COMEX (GLD proxy)",other_reportable,2024-10-08,121295,37174,84121,-1348,520316,16.2
disagg_fut,088691,"Gold, COMEX (GLD proxy)",other_reportable,2024-10-15,123623,36610,87013,2892,541232,16.1
disagg_fut,088691,"Gold, COMEX (GLD proxy)",other_reportable,2024-10-22,129386,38342,91044,4031,573760,15.9
disagg_fut,088691,"Gold, COMEX (GLD proxy)",other_reportable,2024-10-29,131780,48300,83480,-7564,579468,14.4
disagg_fut,088691,"Gold, COMEX (GLD proxy)",other_reportable,2024-11-05,117129,44803,72326,-11154,558034,13.0
disagg_fut,088691,"Gold, COMEX (GLD proxy)",other_reportable,2024-11-12,112564,41409,71155,-1171,535981,13.3
disagg_fut,088691,"Gold, COMEX (GLD proxy)",other_reportable,2024-11-19,115999,36806,79193,8038,502952,15.7
disagg_fut,088691,"Gold, COMEX (GLD proxy)",other_reportable,2024-11-26,99805,28757,71048,-8145,472660,15.0
disagg_fut,088691,"Gold, COMEX (GLD proxy)",other_reportable,2024-12-03,104031,25030,79001,7953,462040,17.1
disagg_fut,088691,"Gold, COMEX (GLD proxy)",other_reportable,2024-12-10,105850,26342,79508,507,483346,16.4
disagg_fut,088691,"Gold, COMEX (GLD proxy)",other_reportable,2024-12-17,101098,22559,78539,-969,466571,16.8
disagg_fut,088691,"Gold, COMEX (GLD proxy)",other_reportable,2024-12-24,103317,21185,82132,3593,454646,18.1
disagg_fut,088691,"Gold, COMEX (GLD proxy)",other_reportable,2024-12-31,100779,19669,81110,-1022,458584,17.7
disagg_fut,088691,"Gold, COMEX (GLD proxy)",other_reportable,2025-01-07,99848,22578,77270,-3840,477043,16.2
disagg_fut,088691,"Gold, COMEX (GLD proxy)",other_reportable,2025-01-14,105600,21859,83741,6471,526467,15.9
disagg_fut,088691,"Gold, COMEX (GLD proxy)",other_reportable,2025-01-21,110325,25410,84915,1174,571387,14.9
disagg_fut,088691,"Gold, COMEX (GLD proxy)",other_reportable,2025-01-28,110500,21631,88869,3954,577505,15.4
disagg_fut,088691,"Gold, COMEX (GLD proxy)",other_reportable,2025-02-04,116015,23040,92975,4106,542004,17.2
disagg_fut,088691,"Gold, COMEX (GLD proxy)",other_reportable,2025-02-11,114695,24994,89701,-3274,528719,17.0
disagg_fut,088691,"Gold, COMEX (GLD proxy)",other_reportable,2025-02-18,111505,28160,83345,-6356,522330,16.0
disagg_fut,088691,"Gold, COMEX (GLD proxy)",other_reportable,2025-02-25,104254,22441,81813,-1532,512179,16.0
disagg_fut,088691,"Gold, COMEX (GLD proxy)",other_reportable,2025-03-04,98167,21564,76603,-5210,489270,15.7
disagg_fut,088691,"Gold, COMEX (GLD proxy)",other_reportable,2025-03-11,91265,22741,68524,-8079,511276,13.4
disagg_fut,088691,"Gold, COMEX (GLD proxy)",other_reportable,2025-03-18,100775,26677,74098,5574,533566,13.9
disagg_fut,088691,"Gold, COMEX (GLD proxy)",other_reportable,2025-03-25,103067,28003,75064,966,511482,14.7
disagg_fut,088691,"Gold, COMEX (GLD proxy)",other_reportable,2025-04-01,123103,26668,96435,21371,498746,19.3
disagg_fut,088691,"Gold, COMEX (GLD proxy)",other_reportable,2025-04-08,94440,24711,69729,-26706,445468,15.7
disagg_fut,088691,"Gold, COMEX (GLD proxy)",other_reportable,2025-04-15,103307,25951,77356,7627,456628,16.9
disagg_fut,088691,"Gold, COMEX (GLD proxy)",other_reportable,2025-04-22,92536,38060,54476,-22880,465351,11.7
disagg_fut,088691,"Gold, COMEX (GLD proxy)",other_reportable,2025-04-29,89662,32239,57423,2947,451868,12.7
disagg_fut,088691,"Gold, COMEX (GLD proxy)",other_reportable,2025-05-06,93062,32656,60406,2983,452414,13.4
disagg_fut,088691,"Gold, COMEX (GLD proxy)",other_reportable,2025-05-13,93781,33799,59982,-424,440842,13.6
disagg_fut,088691,"Gold, COMEX (GLD proxy)",other_reportable,2025-05-20,88913,32561,56352,-3630,448000,12.6
disagg_fut,088691,"Gold, COMEX (GLD proxy)",other_reportable,2025-05-27,86585,23217,63368,7016,437538,14.5
disagg_fut,088691,"Gold, COMEX (GLD proxy)",other_reportable,2025-06-03,87016,22693,64323,955,415941,15.5
disagg_fut,088691,"Gold, COMEX (GLD proxy)",other_reportable,2025-06-10,85315,21925,63390,-933,417143,15.2
disagg_fut,088691,"Gold, COMEX (GLD proxy)",other_reportable,2025-06-17,92940,22803,70137,6747,441214,15.9
disagg_fut,088691,"Gold, COMEX (GLD proxy)",other_reportable,2025-06-24,92248,22372,69876,-261,434958,16.1
disagg_fut,088691,"Gold, COMEX (GLD proxy)",other_reportable,2025-07-01,93545,21925,71620,1744,437662,16.4
disagg_fut,088691,"Gold, COMEX (GLD proxy)",other_reportable,2025-07-08,97000,22974,74026,2406,443144,16.7
disagg_fut,088691,"Gold, COMEX (GLD proxy)",other_reportable,2025-07-15,97570,21182,76388,2362,448531,17.0
disagg_fut,088691,"Gold, COMEX (GLD proxy)",other_reportable,2025-07-22,117196,24092,93104,16716,489423,19.0
disagg_fut,088691,"Gold, COMEX (GLD proxy)",other_reportable,2025-07-29,110323,20983,89340,-3764,445259,20.1
disagg_fut,088691,"Gold, COMEX (GLD proxy)",other_reportable,2025-08-05,105890,22827,83063,-6277,449647,18.5
disagg_fut,088691,"Gold, COMEX (GLD proxy)",other_reportable,2025-08-12,105778,24580,81198,-1865,446152,18.2
disagg_fut,088691,"Gold, COMEX (GLD proxy)",other_reportable,2025-08-19,101889,26684,75205,-5993,438541,17.1
disagg_fut,088691,"Gold, COMEX (GLD proxy)",other_reportable,2025-08-26,100273,27879,72394,-2811,443760,16.3
disagg_fut,088691,"Gold, COMEX (GLD proxy)",other_reportable,2025-09-02,119669,31641,88028,15634,492908,17.9
disagg_fut,088691,"Gold, COMEX (GLD proxy)",other_reportable,2025-09-09,125968,27747,98221,10193,509625,19.3
disagg_fut,088691,"Gold, COMEX (GLD proxy)",other_reportable,2025-09-16,131431,23992,107439,9218,516221,20.8
disagg_fut,088691,"Gold, COMEX (GLD proxy)",other_reportable,2025-09-23,133982,27782,106200,-1239,528789,20.1
disagg_fut,088691,"Gold, COMEX (GLD proxy)",other_reportable,2025-09-30,134605,26924,107681,1481,493748,21.8
disagg_fut,088691,"Gold, COMEX (GLD proxy)",other_reportable,2025-10-07,130211,28014,102197,-5484,485559,21.0
disagg_fut,088691,"Gold, COMEX (GLD proxy)",other_reportable,2025-10-14,126218,30612,95606,-6591,485788,19.7
disagg_fut,088691,"Gold, COMEX (GLD proxy)",other_reportable,2025-10-21,118348,33966,84382,-11224,472421,17.9
disagg_fut,088691,"Gold, COMEX (GLD proxy)",other_reportable,2025-10-28,127703,27198,100505,16123,457122,22.0
disagg_fut,088691,"Gold, COMEX (GLD proxy)",other_reportable,2025-11-04,125884,24122,101762,1257,450399,22.6
disagg_fut,088691,"Gold, COMEX (GLD proxy)",other_reportable,2025-11-10,131761,28779,102982,,459997,22.4
disagg_fut,088691,"Gold, COMEX (GLD proxy)",other_reportable,2025-11-18,139334,27200,112134,,471953,23.8
disagg_fut,088691,"Gold, COMEX (GLD proxy)",other_reportable,2025-11-25,116287,21008,95279,-16855,432946,22.0
disagg_fut,088691,"Gold, COMEX (GLD proxy)",other_reportable,2025-12-02,121188,23952,97236,1957,418490,23.2
disagg_fut,088691,"Gold, COMEX (GLD proxy)",other_reportable,2025-12-09,125102,24764,100338,3102,432569,23.2
disagg_fut,088691,"Gold, COMEX (GLD proxy)",other_reportable,2025-12-16,128047,26665,101382,1044,471093,21.5
disagg_fut,088691,"Gold, COMEX (GLD proxy)",other_reportable,2025-12-23,129580,25150,104430,3048,492103,21.2
disagg_fut,088691,"Gold, COMEX (GLD proxy)",other_reportable,2025-12-30,126950,21817,105133,703,481866,21.8
disagg_fut,088691,"Gold, COMEX (GLD proxy)",other_reportable,2026-01-06,127990,23571,104419,-714,488116,21.4
disagg_fut,088691,"Gold, COMEX (GLD proxy)",other_reportable,2026-01-13,137358,20865,116493,12074,527455,22.1
disagg_fut,088691,"Gold, COMEX (GLD proxy)",other_reportable,2026-01-20,132104,24778,107326,-9167,528004,20.3
disagg_fut,088691,"Gold, COMEX (GLD proxy)",other_reportable,2026-01-27,108779,21542,87237,-20089,488463,17.9
disagg_fut,088691,"Gold, COMEX (GLD proxy)",other_reportable,2026-02-03,95572,22040,73532,-13705,409694,17.9
disagg_fut,088691,"Gold, COMEX (GLD proxy)",other_reportable,2026-02-10,93576,25586,67990,-5542,404391,16.8
disagg_fut,088691,"Gold, COMEX (GLD proxy)",other_reportable,2026-02-17,90421,26399,64022,-3968,407078,15.7
disagg_fut,088691,"Gold, COMEX (GLD proxy)",other_reportable,2026-02-24,90416,27213,63203,-819,420182,15.0
disagg_fut,088691,"Gold, COMEX (GLD proxy)",other_reportable,2026-03-03,90296,28068,62228,-975,409789,15.2
disagg_fut,088691,"Gold, COMEX (GLD proxy)",other_reportable,2026-03-10,90368,25635,64733,2505,413956,15.6
disagg_fut,088691,"Gold, COMEX (GLD proxy)",other_reportable,2026-03-17,85814,27988,57826,-6907,411388,14.1
disagg_fut,088691,"Gold, COMEX (GLD proxy)",other_reportable,2026-03-24,101299,24593,76706,18880,403925,19.0
disagg_fut,088691,"Gold, COMEX (GLD proxy)",other_reportable,2026-03-31,87510,17122,70388,-6318,361409,19.5
disagg_fut,088691,"Gold, COMEX (GLD proxy)",other_reportable,2026-04-07,84642,18369,66273,-4115,354877,18.7
disagg_fut,088691,"Gold, COMEX (GLD proxy)",other_reportable,2026-04-14,84587,17202,67385,1112,362274,18.6
disagg_fut,088691,"Gold, COMEX (GLD proxy)",other_reportable,2026-04-21,89212,18182,71030,3645,365842,19.4
disagg_fut,088691,"Gold, COMEX (GLD proxy)",other_reportable,2026-04-28,89561,19742,69819,-1211,369530,18.9
disagg_fut,088691,"Gold, COMEX (GLD proxy)",other_reportable,2026-05-05,88461,19412,69049,-770,367932,18.8
disagg_fut,088691,"Gold, COMEX (GLD proxy)",other_reportable,2026-05-12,92551,18944,73607,4558,376496,19.6
disagg_fut,088691,"Gold, COMEX (GLD proxy)",other_reportable,2026-05-19,88124,21831,66293,-7314,379325,17.5
disagg_fut,088691,"Gold, COMEX (GLD proxy)",other_reportable,2026-05-26,76427,19613,56814,-9479,353489,16.1
disagg_fut,088691,"Gold, COMEX (GLD proxy)",other_reportable,2026-06-02,76729,12888,63841,7027,326052,19.6
disagg_fut,088691,"Gold, COMEX (GLD proxy)",other_reportable,2026-06-09,81704,13730,67974,4133,332709,20.4
disagg_fut,088691,"Gold, COMEX (GLD proxy)",other_reportable,2026-06-16,83084,16585,66499,-1475,339330,19.6
disagg_fut,088691,"Gold, COMEX (GLD proxy)",other_reportable,2026-06-23,85926,19982,65944,-555,352167,18.7
disagg_fut,088691,"Gold, COMEX (GLD proxy)",other_reportable,2026-06-30,95042,21114,73928,7984,369541,20.0
disagg_fut,088691,"Gold, COMEX (GLD proxy)",other_reportable,2026-07-07,98772,20687,78085,4157,371776,21.0
disagg_fut,088691,"Gold, COMEX (GLD proxy)",other_reportable,2026-07-14,90405,24502,65903,-12182,383689,17.2
disagg_fut,088691,"Gold, COMEX (GLD proxy)",other_reportable,2026-07-21,83298,24219,59079,-6824,383368,15.4
disagg_fut,088691,"Gold, COMEX (GLD proxy)",other_reportable,2026-07-28,84529,22254,62275,3196,384603,16.2
disagg_fut,088691,"Gold, COMEX (GLD proxy)",other_reportable,2026-08-04,87204,20336,66868,4593,371551,18.0
disagg_fut,088691,"Gold, COMEX (GLD proxy)",other_reportable,2026-08-11,102302,22024,80278,13410,400309,20.1
disagg_fut,088691,"Gold, COMEX (GLD proxy)",other_reportable,2026-08-18,102307,21766,80541,263,406260,19.8
disagg_fut,088691,"Gold, COMEX (GLD proxy)",other_reportable,2026-08-25,117340,18753,98587,18046,427957,23.0
disagg_fut,088691,"Gold, COMEX (GLD proxy)",other_reportable,2026-09-01,110764,19411,91353,-7234,415196,22.0
disagg_fut,088691,"Gold, COMEX (GLD proxy)",other_reportable,2026-09-08,115203,18215,96988,5635,411227,23.6
disagg_fut,088691,"Gold, COMEX (GLD proxy)",other_reportable,2026-09-15,115665,18443,97222,234,409899,23.7
disagg_fut,088691,"Gold, COMEX (GLD proxy)",producer_merchant,2006-06-13,27041,117483,-90442,,288981,-31.3
disagg_fut,088691,"Gold, COMEX (GLD proxy)",producer_merchant,2006-06-20,29230,112900,-83670,6772,288148,-29.0
disagg_fut,088691,"Gold, COMEX (GLD proxy)",producer_merchant,2006-06-27,30747,110141,-79394,4276,292789,-27.1
disagg_fut,088691,"Gold, COMEX (GLD proxy)",producer_merchant,2006-07-03,29615,108909,-79294,,292500,-27.1
disagg_fut,088691,"Gold, COMEX (GLD proxy)",producer_merchant,2006-07-11,34094,114612,-80518,,312684,-25.8
disagg_fut,088691,"Gold, COMEX (GLD proxy)",producer_merchant,2006-07-18,30100,115518,-85418,-4900,324276,-26.3
disagg_fut,088691,"Gold, COMEX (GLD proxy)",producer_merchant,2006-07-25,34473,118546,-84073,1345,315635,-26.6
disagg_fut,088691,"Gold, COMEX (GLD proxy)",producer_merchant,2006-08-01,29814,123870,-94056,-9983,304907,-30.8
disagg_fut,088691,"Gold, COMEX (GLD proxy)",producer_merchant,2006-08-08,30425,129179,-98754,-4698,309097,-31.9
disagg_fut,088691,"Gold, COMEX (GLD proxy)",producer_merchant,2006-08-15,31132,126778,-95646,3108,313327,-30.5
disagg_fut,088691,"Gold, COMEX (GLD proxy)",producer_merchant,2006-08-22,32180,125829,-93649,1997,306171,-30.6
disagg_fut,088691,"Gold, COMEX (GLD proxy)",producer_merchant,2006-08-29,33212,123138,-89926,3723,307583,-29.2
disagg_fut,088691,"Gold, COMEX (GLD proxy)",producer_merchant,2006-09-05,32468,127680,-95212,-5286,319998,-29.8
disagg_fut,088691,"Gold, COMEX (GLD proxy)",producer_merchant,2006-09-12,35621,120300,-84679,10533,310510,-27.3
disagg_fut,088691,"Gold, COMEX (GLD proxy)",producer_merchant,2006-09-19,41086,119904,-78818,5861,325852,-24.2
disagg_fut,088691,"Gold, COMEX (GLD proxy)",producer_merchant,2006-09-26,42960,116405,-73445,5373,322937,-22.7
disagg_fut,088691,"Gold, COMEX (GLD proxy)",producer_merchant,2006-10-03,46766,116196,-69430,4015,330065,-21.0
disagg_fut,088691,"Gold, COMEX (GLD proxy)",producer_merchant,2006-10-10,48112,114999,-66887,2543,334329,-20.0
disagg_fut,088691,"Gold, COMEX (GLD proxy)",producer_merchant,2006-10-17,46758,112417,-65659,1228,329875,-19.9
disagg_fut,088691,"Gold, COMEX (GLD proxy)",producer_merchant,2006-10-24,50694,112215,-61521,4138,331598,-18.6
disagg_fut,088691,"Gold, COMEX (GLD proxy)",producer_merchant,2006-10-31,41086,109303,-68217,-6696,323481,-21.1
disagg_fut,088691,"Gold, COMEX (GLD proxy)",producer_merchant,2006-11-07,39160,121982,-82822,-14605,335036,-24.7
disagg_fut,088691,"Gold, COMEX (GLD proxy)",producer_merchant,2006-11-14,45125,133631,-88506,-5684,356575,-24.8
disagg_fut,088691,"Gold, COMEX (GLD proxy)",producer_merchant,2006-11-21,40770,127929,-87159,1347,355430,-24.5
disagg_fut,088691,"Gold, COMEX (GLD proxy)",producer_merchant,2006-11-28,43198,123208,-80010,7149,349517,-22.9
disagg_fut,088691,"Gold, COMEX (GLD proxy)",producer_merchant,2006-12-05,34153,117141,-82988,-2978,330530,-25.1
disagg_fut,088691,"Gold, COMEX (GLD proxy)",producer_merchant,2006-12-12,34159,119986,-85827,-2839,333101,-25.8
disagg_fut,088691,"Gold, COMEX (GLD proxy)",producer_merchant,2006-12-19,40007,119734,-79727,6100,337096,-23.7
disagg_fut,088691,"Gold, COMEX (GLD proxy)",producer_merchant,2006-12-26,40150,121029,-80879,-1152,340473,-23.8
disagg_fut,088691,"Gold, COMEX (GLD proxy)",producer_merchant,2007-01-03,36896,122207,-85311,,353494,-24.1
disagg_fut,088691,"Gold, COMEX (GLD proxy)",producer_merchant,2007-01-09,39737,108459,-68722,,347491,-19.8
disagg_fut,088691,"Gold, COMEX (GLD proxy)",producer_merchant,2007-01-16,44073,112691,-68618,104,344685,-19.9
disagg_fut,088691,"Gold, COMEX (GLD proxy)",producer_merchant,2007-01-23,46493,127422,-80929,-12311,361114,-22.4
disagg_fut,088691,"Gold, COMEX (GLD proxy)",producer_merchant,2007-01-30,39261,129221,-89960,-9031,348035,-25.8
disagg_fut,088691,"Gold, COMEX (GLD proxy)",producer_merchant,2007-02-06,35549,136981,-101432,-11472,360936,-28.1
disagg_fut,088691,"Gold, COMEX (GLD proxy)",producer_merchant,2007-02-13,37250,147302,-110052,-8620,383169,-28.7
disagg_fut,088691,"Gold, COMEX (GLD proxy)",producer_merchant,2007-02-20,37677,152335,-114658,-4606,396115,-28.9
disagg_fut,088691,"Gold, COMEX (GLD proxy)",producer_merchant,2007-02-27,40388,163533,-123145,-8487,415155,-29.7
disagg_fut,088691,"Gold, COMEX (GLD proxy)",producer_merchant,2007-03-06,46621,144155,-97534,25611,382550,-25.5
disagg_fut,088691,"Gold, COMEX (GLD proxy)",producer_merchant,2007-03-13,53743,148548,-94805,2729,394090,-24.1
disagg_fut,088691,"Gold, COMEX (GLD proxy)",producer_merchant,2007-03-20,43047,135054,-92007,2798,359726,-25.6
disagg_fut,088691,"Gold, COMEX (GLD proxy)",producer_merchant,2007-03-27,45025,134213,-89188,2819,359434,-24.8
disagg_fut,088691,"Gold, COMEX (GLD proxy)",producer_merchant,2007-04-03,49115,128149,-79034,10154,347817,-22.7
disagg_fut,088691,"Gold, COMEX (GLD proxy)",producer_merchant,2007-04-10,45802,143994,-98192,-19158,369536,-26.6
disagg_fut,088691,"Gold, COMEX (GLD proxy)",producer_merchant,2007-04-17,41290,150149,-108859,-10667,380800,-28.6
disagg_fut,088691,"Gold, COMEX (GLD proxy)",producer_merchant,2007-04-24,44175,157780,-113605,-4746,403388,-28.2
disagg_fut,088691,"Gold, COMEX (GLD proxy)",producer_merchant,2007-05-01,44609,160018,-115409,-1804,396276,-29.1
disagg_fut,088691,"Gold, COMEX (GLD proxy)",producer_merchant,2007-05-08,48916,164628,-115712,-303,411273,-28.1
disagg_fut,088691,"Gold, COMEX (GLD proxy)",producer_merchant,2007-05-15,54004,147325,-93321,22391,408936,-22.8
disagg_fut,088691,"Gold, COMEX (GLD proxy)",producer_merchant,2007-05-22,61832,143540,-81708,11613,416813,-19.6
disagg_fut,088691,"Gold, COMEX (GLD proxy)",producer_merchant,2007-05-29,73524,150245,-76721,4987,425688,-18.0
disagg_fut,088691,"Gold, COMEX (GLD proxy)",producer_merchant,2007-06-05,56262,142446,-86184,-9463,385046,-22.4
disagg_fut,088691,"Gold, COMEX (GLD proxy)",producer_merchant,2007-06-12,74628,137153,-62525,23659,412150,-15.2
disagg_fut,088691,"Gold, COMEX (GLD proxy)",producer_merchant,2007-06-19,73524,136494,-62970,-445,410324,-15.3
disagg_fut,088691,"Gold, COMEX (GLD proxy)",producer_merchant,2007-06-26,74252,130455,-56203,6767,407640,-13.8
disagg_fut,088691,"Gold, COMEX (GLD proxy)",producer_merchant,2007-07-03,60148,124137,-63989,-7786,375642,-17.0
disagg_fut,088691,"Gold, COMEX (GLD proxy)",producer_merchant,2007-07-10,61866,129389,-67523,-3534,387916,-17.4
disagg_fut,088691,"Gold, COMEX (GLD proxy)",producer_merchant,2007-07-17,56310,129377,-73067,-5544,385595,-18.9
disagg_fut,088691,"Gold, COMEX (GLD proxy)",producer_merchant,2007-07-24,48605,141842,-93237,-20170,401603,-23.2
disagg_fut,088691,"Gold, COMEX (GLD proxy)",producer_merchant,2007-07-31,50567,121716,-71149,22088,351185,-20.3
disagg_fut,088691,"Gold, COMEX (GLD proxy)",producer_merchant,2007-08-07,46992,118564,-71572,-423,352908,-20.3
disagg_fut,088691,"Gold, COMEX (GLD proxy)",producer_merchant,2007-08-14,47066,121483,-74417,-2845,347973,-21.4
disagg_fut,088691,"Gold, COMEX (GLD proxy)",producer_merchant,2007-08-21,53391,108671,-55280,19137,330204,-16.7
disagg_fut,088691,"Gold, COMEX (GLD proxy)",producer_merchant,2007-08-28,51644,115819,-64175,-8895,325767,-19.7
disagg_fut,088691,"Gold, COMEX (GLD proxy)",producer_merchant,2007-09-04,45083,121543,-76460,-12285,339439,-22.5
disagg_fut,088691,"Gold, COMEX (GLD proxy)",producer_merchant,2007-09-11,40397,142145,-101748,-25288,373686,-27.2
disagg_fut,088691,"Gold, COMEX (GLD proxy)",producer_merchant,2007-09-18,40128,150952,-110824,-9076,392748,-28.2
disagg_fut,088691,"Gold, COMEX (GLD proxy)",producer_merchant,2007-09-25,48227,181245,-133018,-22194,440945,-30.2
disagg_fut,088691,"Gold, COMEX (GLD proxy)",producer_merchant,2007-10-02,42567,185644,-143077,-10059,439865,-32.5
disagg_fut,088691,"Gold, COMEX (GLD proxy)",producer_merchant,2007-10-09,43529,201058,-157529,-14452,458936,-34.3
disagg_fut,088691,"Gold, COMEX (GLD proxy)",producer_merchant,2007-10-16,44003,204248,-160245,-2716,483872,-33.1
disagg_fut,088691,"Gold, COMEX (GLD proxy)",producer_merchant,2007-10-23,46395,198116,-151721,8524,489471,-31.0
disagg_fut,088691,"Gold, COMEX (GLD proxy)",producer_merchant,2007-10-30,51880,217358,-165478,-13757,516163,-32.1
disagg_fut,088691,"Gold, COMEX (GLD proxy)",producer_merchant,2007-11-06,58684,231953,-173269,-7791,556856,-31.1
disagg_fut,088691,"Gold, COMEX (GLD proxy)",producer_merchant,2007-11-13,66253,235001,-168748,4521,552546,-30.5
disagg_fut,088691,"Gold, COMEX (GLD proxy)",producer_merchant,2007-11-20,72081,235949,-163868,4880,512430,-32.0
disagg_fut,088691,"Gold, COMEX (GLD proxy)",producer_merchant,2007-11-27,93667,264869,-171202,-7334,520782,-32.9
disagg_fut,088691,"Gold, COMEX (GLD proxy)",producer_merchant,2007-12-04,85698,252208,-166510,4692,486709,-34.2
disagg_fut,088691,"Gold, COMEX (GLD proxy)",producer_merchant,2007-12-11,77948,238538,-160590,5920,486198,-33.0
disagg_fut,088691,"Gold, COMEX (GLD proxy)",producer_merchant,2007-12-18,77709,239026,-161317,-727,495001,-32.6
disagg_fut,088691,"Gold, COMEX (GLD proxy)",producer_merchant,2007-12-24,80925,250597,-169672,,517020,-32.8
disagg_fut,088691,"Gold, COMEX (GLD proxy)",producer_merchant,2007-12-31,84248,258727,-174479,-4807,541854,-32.2
disagg_fut,088691,"Gold, COMEX (GLD proxy)",producer_merchant,2008-01-08,78725,246814,-168089,,558309,-30.1
disagg_fut,088691,"Gold, COMEX (GLD proxy)",producer_merchant,2008-01-15,80922,253690,-172768,-4679,593953,-29.1
disagg_fut,088691,"Gold, COMEX (GLD proxy)",producer_merchant,2008-01-22,71229,232617,-161388,11380,560173,-28.8
disagg_fut,088691,"Gold, COMEX (GLD proxy)",producer_merchant,2008-01-29,77238,245905,-168667,-7279,522142,-32.3
disagg_fut,088691,"Gold, COMEX (GLD proxy)",producer_merchant,2008-02-05,68597,223050,-154453,14214,495139,-31.2
disagg_fut,088691,"Gold, COMEX (GLD proxy)",producer_merchant,2008-02-12,58819,211996,-153177,1276,475749,-32.2
disagg_fut,088691,"Gold, COMEX (GLD proxy)",producer_merchant,2008-02-19,60308,220971,-160663,-7486,489789,-32.8
disagg_fut,088691,"Gold, COMEX (GLD proxy)",producer_merchant,2008-02-26,60026,219955,-159929,734,495102,-32.3
disagg_fut,088691,"Gold, COMEX (GLD proxy)",producer_merchant,2008-03-04,51882,204993,-153111,6818,486992,-31.4
disagg_fut,088691,"Gold, COMEX (GLD proxy)",producer_merchant,2008-03-11,44107,203350,-159243,-6132,482035,-33.0
disagg_fut,088691,"Gold, COMEX (GLD proxy)",producer_merchant,2008-03-18,49965,217235,-167270,-8027,489055,-34.2
disagg_fut,088691,"Gold, COMEX (GLD proxy)",producer_merchant,2008-03-25,52158,185842,-133684,33586,452193,-29.6
disagg_fut,088691,"Gold, COMEX (GLD proxy)",producer_merchant,2008-04-01,54419,182555,-128136,5548,399393,-32.1
disagg_fut,088691,"Gold, COMEX (GLD proxy)",producer_merchant,2008-04-08,53163,183964,-130801,-2665,407212,-32.1
disagg_fut,088691,"Gold, COMEX (GLD proxy)",producer_merchant,2008-04-15,52420,194052,-141632,-10831,422699,-33.5
disagg_fut,088691,"Gold, COMEX (GLD proxy)",producer_merchant,2008-04-22,57832,198587,-140755,877,424218,-33.2
disagg_fut,088691,"Gold, COMEX (GLD proxy)",producer_merchant,2008-04-29,59991,191942,-131951,8804,429670,-30.7
disagg_fut,088691,"Gold, COMEX (GLD proxy)",producer_merchant,2008-05-06,64631,193758,-129127,2824,433741,-29.8
disagg_fut,088691,"Gold, COMEX (GLD proxy)",producer_merchant,2008-05-13,64995,195323,-130328,-1201,439636,-29.6
disagg_fut,088691,"Gold, COMEX (GLD proxy)",producer_merchant,2008-05-20,55186,206645,-151459,-21131,453084,-33.4
disagg_fut,088691,"Gold, COMEX (GLD proxy)",producer_merchant,2008-05-27,49833,199202,-149369,2090,430961,-34.7
disagg_fut,088691,"Gold, COMEX (GLD proxy)",producer_merchant,2008-06-03,50033,190356,-140323,9046,398441,-35.2
disagg_fut,088691,"Gold, COMEX (GLD proxy)",producer_merchant,2008-06-10,46137,172005,-125868,14455,396392,-31.8
disagg_fut,088691,"Gold, COMEX (GLD proxy)",producer_merchant,2008-06-17,49329,169853,-120524,5344,390471,-30.9
disagg_fut,088691,"Gold, COMEX (GLD proxy)",producer_merchant,2008-06-24,47120,164205,-117085,3439,401226,-29.2
disagg_fut,088691,"Gold, COMEX (GLD proxy)",producer_merchant,2008-07-01,47593,183262,-135669,-18584,434024,-31.3
disagg_fut,088691,"Gold, COMEX (GLD proxy)",producer_merchant,2008-07-08,54563,193023,-138460,-2791,443202,-31.2
disagg_fut,088691,"Gold, COMEX (GLD proxy)",producer_merchant,2008-07-15,67361,225726,-158365,-19905,483920,-32.7
disagg_fut,088691,"Gold, COMEX (GLD proxy)",producer_merchant,2008-07-22,66618,223432,-156814,1551,475606,-33.0
disagg_fut,088691,"Gold, COMEX (GLD proxy)",producer_merchant,2008-07-29,73864,209685,-135821,20993,446013,-30.5
disagg_fut,088691,"Gold, COMEX (GLD proxy)",producer_merchant,2008-08-05,59111,181180,-122069,13752,408430,-29.9
disagg_fut,088691,"Gold, COMEX (GLD proxy)",producer_merchant,2008-08-12,58796,138227,-79431,42638,365611,-21.7
disagg_fut,088691,"Gold, COMEX (GLD proxy)",producer_merchant,2008-08-19,74464,137620,-63156,16275,372968,-16.9
disagg_fut,088691,"Gold, COMEX (GLD proxy)",producer_merchant,2008-08-26,83377,134486,-51109,12047,380766,-13.4
disagg_fut,088691,"Gold, COMEX (GLD proxy)",producer_merchant,2008-09-02,89492,132482,-42990,8119,382329,-11.2
disagg_fut,088691,"Gold, COMEX (GLD proxy)",producer_merchant,2008-09-09,95866,133259,-37393,5597,392592,-9.5
disagg_fut,088691,"Gold, COMEX (GLD proxy)",producer_merchant,2008-09-16,95621,123007,-27386,10007,393814,-7.0
disagg_fut,088691,"Gold, COMEX (GLD proxy)",producer_merchant,2008-09-23,67824,134539,-66715,-39329,368254,-18.1
disagg_fut,088691,"Gold, COMEX (GLD proxy)",producer_merchant,2008-09-30,59126,132007,-72881,-6166,336598,-21.7
disagg_fut,088691,"Gold, COMEX (GLD proxy)",producer_merchant,2008-10-07,53389,124075,-70686,2195,329480,-21.5
disagg_fut,088691,"Gold, COMEX (GLD proxy)",producer_merchant,2008-10-14,44649,118509,-73860,-3174,323496,-22.8
disagg_fut,088691,"Gold, COMEX (GLD proxy)",producer_merchant,2008-10-21,48637,114637,-66000,7860,319472,-20.7
disagg_fut,088691,"Gold, COMEX (GLD proxy)",producer_merchant,2008-10-28,56038,107142,-51104,14896,313709,-16.3
disagg_fut,088691,"Gold, COMEX (GLD proxy)",producer_merchant,2008-11-04,46820,91693,-44873,6231,303908,-14.8
disagg_fut,088691,"Gold, COMEX (GLD proxy)",producer_merchant,2008-11-11,46095,95326,-49231,-4358,293831,-16.8
disagg_fut,088691,"Gold, COMEX (GLD proxy)",producer_merchant,2008-11-18,49789,102803,-53014,-3783,289700,-18.3
disagg_fut,088691,"Gold, COMEX (GLD proxy)",producer_merchant,2008-11-25,45465,125566,-80101,-27087,276567,-29.0
disagg_fut,088691,"Gold, COMEX (GLD proxy)",producer_merchant,2008-12-02,40510,123721,-83211,-3110,264796,-31.4
disagg_fut,088691,"Gold, COMEX (GLD proxy)",producer_merchant,2008-12-09,42060,122729,-80669,2542,261001,-30.9
disagg_fut,088691,"Gold, COMEX (GLD proxy)",producer_merchant,2008-12-16,41680,138953,-97273,-16604,282915,-34.4
disagg_fut,088691,"Gold, COMEX (GLD proxy)",producer_merchant,2008-12-22,42216,142335,-100119,,291022,-34.4
disagg_fut,088691,"Gold, COMEX (GLD proxy)",producer_merchant,2008-12-30,39773,148893,-109120,,300448,-36.3
disagg_fut,088691,"Gold, COMEX (GLD proxy)",producer_merchant,2009-01-06,41419,160630,-119211,-10091,320391,-37.2
disagg_fut,088691,"Gold, COMEX (GLD proxy)",producer_merchant,2009-01-13,44622,162290,-117668,1543,318185,-37.0
disagg_fut,088691,"Gold, COMEX (GLD proxy)",producer_merchant,2009-01-20,50884,168082,-117198,470,331507,-35.4
disagg_fut,088691,"Gold, COMEX (GLD proxy)",producer_merchant,2009-01-27,54060,189353,-135293,-18095,354191,-38.2
disagg_fut,088691,"Gold, COMEX (GLD proxy)",producer_merchant,2009-02-03,49115,196357,-147242,-11949,346288,-42.5
disagg_fut,088691,"Gold, COMEX (GLD proxy)",producer_merchant,2009-02-10,47975,204778,-156803,-9561,350858,-44.7
disagg_fut,088691,"Gold, COMEX (GLD proxy)",producer_merchant,2009-02-17,45457,207757,-162300,-5497,361619,-44.9
disagg_fut,088691,"Gold, COMEX (GLD proxy)",producer_merchant,2009-02-24,43925,206586,-162661,-361,372697,-43.6
disagg_fut,088691,"Gold, COMEX (GLD proxy)",producer_merchant,2009-03-03,42133,205790,-163657,-996,365271,-44.8
disagg_fut,088691,"Gold, COMEX (GLD proxy)",producer_merchant,2009-03-10,46038,202008,-155970,7687,371321,-42.0
disagg_fut,088691,"Gold, COMEX (GLD proxy)",producer_merchant,2009-03-17,64072,214632,-150560,5410,376237,-40.0
disagg_fut,088691,"Gold, COMEX (GLD proxy)",producer_merchant,2009-03-24,76736,227236,-150500,60,387177,-38.9
disagg_fut,088691,"Gold, COMEX (GLD proxy)",producer_merchant,2009-03-31,63616,209462,-145846,4654,368618,-39.6
disagg_fut,088691,"Gold, COMEX (GLD proxy)",producer_merchant,2009-04-07,51487,172719,-121232,24614,344929,-35.1
disagg_fut,088691,"Gold, COMEX (GLD proxy)",producer_merchant,2009-04-14,44867,163178,-118311,2921,336930,-35.1
disagg_fut,088691,"Gold, COMEX (GLD proxy)",producer_merchant,2009-04-21,46132,161420,-115288,3023,339226,-34.0
disagg_fut,088691,"Gold, COMEX (GLD proxy)",producer_merchant,2009-04-28,43248,163700,-120452,-5164,343037,-35.1
disagg_fut,088691,"Gold, COMEX (GLD proxy)",producer_merchant,2009-05-05,35070,160800,-125730,-5278,341461,-36.8
disagg_fut,088691,"Gold, COMEX (GLD proxy)",producer_merchant,2009-05-12,36463,171845,-135382,-9652,359517,-37.7
disagg_fut,088691,"Gold, COMEX (GLD proxy)",producer_merchant,2009-05-19,39456,185443,-145987,-10605,367931,-39.7
disagg_fut,088691,"Gold, COMEX (GLD proxy)",producer_merchant,2009-05-26,35275,200904,-165629,-19642,396965,-41.7
disagg_fut,088691,"Gold, COMEX (GLD proxy)",producer_merchant,2009-06-02,37314,217115,-179801,-14172,391057,-46.0
disagg_fut,088691,"Gold, COMEX (GLD proxy)",producer_merchant,2009-06-09,33928,211612,-177684,2117,387181,-45.9
disagg_fut,088691,"Gold, COMEX (GLD proxy)",producer_merchant,2009-06-16,34351,201391,-167040,10644,371997,-44.9
disagg_fut,088691,"Gold, COMEX (GLD proxy)",producer_merchant,2009-06-23,33442,193081,-159639,7401,370347,-43.1
disagg_fut,088691,"Gold, COMEX (GLD proxy)",producer_merchant,2009-06-30,35013,198856,-163843,-4204,379199,-43.2
disagg_fut,088691,"Gold, COMEX (GLD proxy)",producer_merchant,2009-07-07,35998,198152,-162154,1689,372985,-43.5
disagg_fut,088691,"Gold, COMEX (GLD proxy)",producer_merchant,2009-07-14,33427,184042,-150615,11539,370509,-40.7
disagg_fut,088691,"Gold, COMEX (GLD proxy)",producer_merchant,2009-07-21,34947,189716,-154769,-4154,390939,-39.6
disagg_fut,088691,"Gold, COMEX (GLD proxy)",producer_merchant,2009-07-28,38357,192360,-154003,766,386340,-39.9
disagg_fut,088691,"Gold, COMEX (GLD proxy)",producer_merchant,2009-08-04,35888,197225,-161337,-7334,392834,-41.1
disagg_fut,088691,"Gold, COMEX (GLD proxy)",producer_merchant,2009-08-11,33969,194453,-160484,853,385002,-41.7
disagg_fut,088691,"Gold, COMEX (GLD proxy)",producer_merchant,2009-08-18,35030,181702,-146672,13812,373810,-39.2
disagg_fut,088691,"Gold, COMEX (GLD proxy)",producer_merchant,2009-08-25,34032,186242,-152210,-5538,379629,-40.1
disagg_fut,088691,"Gold, COMEX (GLD proxy)",producer_merchant,2009-09-01,34229,171642,-137413,14797,384703,-35.7
disagg_fut,088691,"Gold, COMEX (GLD proxy)",producer_merchant,2009-09-08,35941,225602,-189661,-52248,451713,-42.0
disagg_fut,088691,"Gold, COMEX (GLD proxy)",producer_merchant,2009-09-15,35158,227069,-191911,-2250,467892,-41.0
disagg_fut,088691,"Gold, COMEX (GLD proxy)",producer_merchant,2009-09-22,34672,223434,-188762,3149,467145,-40.4
disagg_fut,088691,"Gold, COMEX (GLD proxy)",producer_merchant,2009-09-29,40629,223576,-182947,5815,454585,-40.2
disagg_fut,088691,"Gold, COMEX (GLD proxy)",producer_merchant,2009-10-06,35439,223592,-188153,-5206,484307,-38.8
disagg_fut,088691,"Gold, COMEX (GLD proxy)",producer_merchant,2009-10-13,36541,237816,-201275,-13122,504187,-39.9
disagg_fut,088691,"Gold, COMEX (GLD proxy)",producer_merchant,2009-10-20,36742,236996,-200254,1021,509678,-39.3
disagg_fut,088691,"Gold, COMEX (GLD proxy)",producer_merchant,2009-10-27,36640,225639,-188999,11255,497479,-38.0
disagg_fut,088691,"Gold, COMEX (GLD proxy)",producer_merchant,2009-11-03,36678,229511,-192833,-3834,493991,-39.0
disagg_fut,088691,"Gold, COMEX (GLD proxy)",producer_merchant,2009-11-09,37063,230201,-193138,,530505,-36.4
disagg_fut,088691,"Gold, COMEX (GLD proxy)",producer_merchant,2009-11-17,37355,231739,-194384,,533119,-36.5
disagg_fut,088691,"Gold, COMEX (GLD proxy)",producer_merchant,2009-11-24,38162,241240,-203078,-8694,521253,-39.0
disagg_fut,088691,"Gold, COMEX (GLD proxy)",producer_merchant,2009-12-01,41154,232019,-190865,12213,521433,-36.6
disagg_fut,088691,"Gold, COMEX (GLD proxy)",producer_merchant,2009-12-08,36817,229114,-192297,-1432,505652,-38.0
disagg_fut,088691,"Gold, COMEX (GLD proxy)",producer_merchant,2009-12-15,37536,233192,-195656,-3359,504368,-38.8
disagg_fut,088691,"Gold, COMEX (GLD proxy)",producer_merchant,2009-12-22,39181,230615,-191434,4222,499233,-38.3
disagg_fut,088691,"Gold, COMEX (GLD proxy)",producer_merchant,2009-12-29,41013,226658,-185645,5789,491712,-37.8
disagg_fut,088691,"Gold, COMEX (GLD proxy)",producer_merchant,2010-01-05,40511,227533,-187022,-1377,507643,-36.8
disagg_fut,088691,"Gold, COMEX (GLD proxy)",producer_merchant,2010-01-12,40771,237041,-196270,-9248,523266,-37.5
disagg_fut,088691,"Gold, COMEX (GLD proxy)",producer_merchant,2010-01-19,43562,234633,-191071,5199,528924,-36.1
disagg_fut,088691,"Gold, COMEX (GLD proxy)",producer_merchant,2010-01-26,42580,215889,-173309,17762,507565,-34.1
disagg_fut,088691,"Gold, COMEX (GLD proxy)",producer_merchant,2010-02-02,36275,199560,-163285,10024,480860,-34.0
disagg_fut,088691,"Gold, COMEX (GLD proxy)",producer_merchant,2010-02-09,39206,186145,-146939,16346,466905,-31.5
disagg_fut,088691,"Gold, COMEX (GLD proxy)",producer_merchant,2010-02-16,39006,176708,-137702,9237,466509,-29.5
disagg_fut,088691,"Gold, COMEX (GLD proxy)",producer_merchant,2010-02-23,33555,188865,-155310,-17608,466572,-33.3
disagg_fut,088691,"Gold, COMEX (GLD proxy)",producer_merchant,2010-03-02,33337,194206,-160869,-5559,482786,-33.3
disagg_fut,088691,"Gold, COMEX (GLD proxy)",producer_merchant,2010-03-09,39179,198734,-159555,1314,493909,-32.3
disagg_fut,088691,"Gold, COMEX (GLD proxy)",producer_merchant,2010-03-16,48383,194109,-145726,13829,496481,-29.4
disagg_fut,088691,"Gold, COMEX (GLD proxy)",producer_merchant,2010-03-23,57625,191137,-133512,12214,495143,-27.0
disagg_fut,088691,"Gold, COMEX (GLD proxy)",producer_merchant,2010-03-30,62006,189646,-127640,5872,466678,-27.4
disagg_fut,088691,"Gold, COMEX (GLD proxy)",producer_merchant,2010-04-06,51492,205216,-153724,-26084,497388,-30.9
disagg_fut,088691,"Gold, COMEX (GLD proxy)",producer_merchant,2010-04-13,51345,223301,-171956,-18232,528856,-32.5
disagg_fut,088691,"Gold, COMEX (GLD proxy)",producer_merchant,2010-04-20,52092,227044,-174952,-2996,521338,-33.6
disagg_fut,088691,"Gold, COMEX (GLD proxy)",producer_merchant,2010-04-27,53932,230598,-176666,-1714,538591,-32.8
disagg_fut,088691,"Gold, COMEX (GLD proxy)",producer_merchant,2010-05-04,54736,242652,-187916,-11250,551616,-34.1
disagg_fut,088691,"Gold, COMEX (GLD proxy)",producer_merchant,2010-05-11,55366,272119,-216753,-28837,583504,-37.1
disagg_fut,088691,"Gold, COMEX (GLD proxy)",producer_merchant,2010-05-18,53535,272632,-219097,-2344,579758,-37.8
disagg_fut,088691,"Gold, COMEX (GLD proxy)",producer_merchant,2010-05-25,57469,266645,-209176,9921,591360,-35.4
disagg_fut,088691,"Gold, COMEX (GLD proxy)",producer_merchant,2010-06-01,58949,269626,-210677,-1501,553950,-38.0
disagg_fut,088691,"Gold, COMEX (GLD proxy)",producer_merchant,2010-06-08,62913,279284,-216371,-5694,564792,-38.3
disagg_fut,088691,"Gold, COMEX (GLD proxy)",producer_merchant,2010-06-15,61991,282292,-220301,-3930,569204,-38.7
disagg_fut,088691,"Gold, COMEX (GLD proxy)",producer_merchant,2010-06-22,66644,289653,-223009,-2708,602411,-37.0
disagg_fut,088691,"Gold, COMEX (GLD proxy)",producer_merchant,2010-06-29,68538,276753,-208215,14794,601138,-34.6
disagg_fut,088691,"Gold, COMEX (GLD proxy)",producer_merchant,2010-07-06,77071,257312,-180241,27974,577732,-31.2
disagg_fut,088691,"Gold, COMEX (GLD proxy)",producer_merchant,2010-07-13,74126,254873,-180747,-506,568078,-31.8
disagg_fut,088691,"Gold, COMEX (GLD proxy)",producer_merchant,2010-07-20,94437,249069,-154632,26115,559473,-27.6
disagg_fut,088691,"Gold, COMEX (GLD proxy)",producer_merchant,2010-07-27,77122,243301,-166179,-11547,560066,-29.7
disagg_fut,088691,"Gold, COMEX (GLD proxy)",producer_merchant,2010-08-03,69440,223867,-154427,11752,518643,-29.8
disagg_fut,088691,"Gold, COMEX (GLD proxy)",producer_merchant,2010-08-10,65111,222710,-157599,-3172,523078,-30.1
disagg_fut,088691,"Gold, COMEX (GLD proxy)",producer_merchant,2010-08-17,62060,230214,-168154,-10555,543674,-30.9
disagg_fut,088691,"Gold, COMEX (GLD proxy)",producer_merchant,2010-08-24,61661,238173,-176512,-8358,556464,-31.7
disagg_fut,088691,"Gold, COMEX (GLD proxy)",producer_merchant,2010-08-31,61309,246193,-184884,-8372,577352,-32.0
disagg_fut,088691,"Gold, COMEX (GLD proxy)",producer_merchant,2010-09-07,62019,249144,-187125,-2241,585564,-32.0
disagg_fut,088691,"Gold, COMEX (GLD proxy)",producer_merchant,2010-09-14,63662,249317,-185655,1470,594058,-31.3
disagg_fut,088691,"Gold, COMEX (GLD proxy)",producer_merchant,2010-09-21,61264,245558,-184294,1361,597592,-30.8
disagg_fut,088691,"Gold, COMEX (GLD proxy)",producer_merchant,2010-09-28,64254,254438,-190184,-5890,619408,-30.7
disagg_fut,088691,"Gold, COMEX (GLD proxy)",producer_merchant,2010-10-05,62166,251555,-189389,795,617204,-30.7
disagg_fut,088691,"Gold, COMEX (GLD proxy)",producer_merchant,2010-10-12,63352,253865,-190513,-1124,616382,-30.9
disagg_fut,088691,"Gold, COMEX (GLD proxy)",producer_merchant,2010-10-19,60869,251520,-190651,-138,630626,-30.2
disagg_fut,088691,"Gold, COMEX (GLD proxy)",producer_merchant,2010-10-26,57351,241996,-184645,6006,607582,-30.4
disagg_fut,088691,"Gold, COMEX (GLD proxy)",producer_merchant,2010-11-02,64004,248982,-184978,-333,618381,-29.9
disagg_fut,088691,"Gold, COMEX (GLD proxy)",producer_merchant,2010-11-09,63279,259501,-196222,-11244,650764,-30.2
disagg_fut,088691,"Gold, COMEX (GLD proxy)",producer_merchant,2010-11-16,72080,241271,-169191,27031,637435,-26.5
disagg_fut,088691,"Gold, COMEX (GLD proxy)",producer_merchant,2010-11-23,73229,244657,-171428,-2237,622712,-27.5
disagg_fut,088691,"Gold, COMEX (GLD proxy)",producer_merchant,2010-11-30,70724,238714,-167990,3438,600158,-28.0
disagg_fut,088691,"Gold, COMEX (GLD proxy)",producer_merchant,2010-12-07,67722,245522,-177800,-9810,603632,-29.5
disagg_fut,088691,"Gold, COMEX (GLD proxy)",producer_merchant,2010-12-14,70601,237163,-166562,11238,594652,-28.0
disagg_fut,088691,"Gold, COMEX (GLD proxy)",producer_merchant,2010-12-21,75999,230824,-154825,11737,582133,-26.6
disagg_fut,088691,"Gold, COMEX (GLD proxy)",producer_merchant,2010-12-28,75043,232924,-157881,-3056,594490,-26.6
disagg_fut,088691,"Gold, COMEX (GLD proxy)",producer_merchant,2011-01-04,77312,238426,-161114,-3233,592613,-27.2
disagg_fut,088691,"Gold, COMEX (GLD proxy)",producer_merchant,2011-01-11,82648,232082,-149434,11680,588179,-25.4
disagg_fut,088691,"Gold, COMEX (GLD proxy)",producer_merchant,2011-01-18,84503,217764,-133261,16173,587832,-22.7
disagg_fut,088691,"Gold, COMEX (GLD proxy)",producer_merchant,2011-01-25,65401,192983,-127582,5679,506047,-25.2
disagg_fut,088691,"Gold, COMEX (GLD proxy)",producer_merchant,2011-02-01,58405,179393,-120988,6594,462907,-26.1
disagg_fut,088691,"Gold, COMEX (GLD proxy)",producer_merchant,2011-02-08,56819,180532,-123713,-2725,469779,-26.3
disagg_fut,088691,"Gold, COMEX (GLD proxy)",producer_merchant,2011-02-15,57109,183366,-126257,-2544,473345,-26.7
disagg_fut,088691,"Gold, COMEX (GLD proxy)",producer_merchant,2011-02-22,56286,190810,-134524,-8267,502119,-26.8
disagg_fut,088691,"Gold, COMEX (GLD proxy)",producer_merchant,2011-03-01,56252,197958,-141706,-7182,515784,-27.5
disagg_fut,088691,"Gold, COMEX (GLD proxy)",producer_merchant,2011-03-08,57023,203437,-146414,-4708,515214,-28.4
disagg_fut,088691,"Gold, COMEX (GLD proxy)",producer_merchant,2011-03-15,63914,200540,-136626,9788,507760,-26.9
disagg_fut,088691,"Gold, COMEX (GLD proxy)",producer_merchant,2011-03-22,60835,202740,-141905,-5279,509131,-27.9
disagg_fut,088691,"Gold, COMEX (GLD proxy)",producer_merchant,2011-03-29,68129,223141,-155012,-13107,492087,-31.5
disagg_fut,088691,"Gold, COMEX (GLD proxy)",producer_merchant,2011-04-05,67043,225667,-158624,-3612,508956,-31.2
disagg_fut,088691,"Gold, COMEX (GLD proxy)",producer_merchant,2011-04-12,67726,229536,-161810,-3186,514871,-31.4
disagg_fut,088691,"Gold, COMEX (GLD proxy)",producer_merchant,2011-04-19,64845,237148,-172303,-10493,537946,-32.0
disagg_fut,088691,"Gold, COMEX (GLD proxy)",producer_merchant,2011-04-26,66717,227756,-161039,11264,530132,-30.4
disagg_fut,088691,"Gold, COMEX (GLD proxy)",producer_merchant,2011-05-03,58271,220564,-162293,-1254,522323,-31.1
disagg_fut,088691,"Gold, COMEX (GLD proxy)",producer_merchant,2011-05-10,63407,223300,-159893,2400,510151,-31.3
disagg_fut,088691,"Gold, COMEX (GLD proxy)",producer_merchant,2011-05-17,69957,222215,-152258,7635,509164,-29.9
disagg_fut,088691,"Gold, COMEX (GLD proxy)",producer_merchant,2011-05-24,74501,234288,-159787,-7529,531180,-30.1
disagg_fut,088691,"Gold, COMEX (GLD proxy)",producer_merchant,2011-05-31,69831,242422,-172591,-12804,501400,-34.4
disagg_fut,088691,"Gold, COMEX (GLD proxy)",producer_merchant,2011-06-07,63831,241565,-177734,-5143,502251,-35.4
disagg_fut,088691,"Gold, COMEX (GLD proxy)",producer_merchant,2011-06-14,65793,236983,-171190,6544,497780,-34.4
disagg_fut,088691,"Gold, COMEX (GLD proxy)",producer_merchant,2011-06-21,67326,246313,-178987,-7797,515016,-34.8
disagg_fut,088691,"Gold, COMEX (GLD proxy)",producer_merchant,2011-06-28,71857,224246,-152389,26598,495761,-30.7
disagg_fut,088691,"Gold, COMEX (GLD proxy)",producer_merchant,2011-07-05,72293,217916,-145623,6766,489782,-29.7
disagg_fut,088691,"Gold, COMEX (GLD proxy)",producer_merchant,2011-07-12,67907,238727,-170820,-25197,520202,-32.8
disagg_fut,088691,"Gold, COMEX (GLD proxy)",producer_merchant,2011-07-19,68996,245575,-176579,-5759,542342,-32.6
disagg_fut,088691,"Gold, COMEX (GLD proxy)",producer_merchant,2011-07-26,68546,269102,-200556,-23977,536454,-37.4
disagg_fut,088691,"Gold, COMEX (GLD proxy)",producer_merchant,2011-08-02,71500,267440,-195940,4616,529403,-37.0
disagg_fut,088691,"Gold, COMEX (GLD proxy)",producer_merchant,2011-08-09,77275,263118,-185843,10097,510223,-36.4
disagg_fut,088691,"Gold, COMEX (GLD proxy)",producer_merchant,2011-08-16,79163,267985,-188822,-2979,514107,-36.7
disagg_fut,088691,"Gold, COMEX (GLD proxy)",producer_merchant,2011-08-23,88843,275923,-187080,1742,528520,-35.4
disagg_fut,088691,"Gold, COMEX (GLD proxy)",producer_merchant,2011-08-30,94120,282732,-188612,-1532,509326,-37.0
disagg_fut,088691,"Gold, COMEX (GLD proxy)",producer_merchant,2011-09-06,90283,290583,-200300,-11688,523294,-38.3
disagg_fut,088691,"Gold, COMEX (GLD proxy)",producer_merchant,2011-09-13,93436,278050,-184614,15686,512068,-36.1
disagg_fut,088691,"Gold, COMEX (GLD proxy)",producer_merchant,2011-09-20,96243,278187,-181944,2670,499356,-36.4
disagg_fut,088691,"Gold, COMEX (GLD proxy)",producer_merchant,2011-09-27,101853,264266,-162413,19531,465414,-34.9
disagg_fut,088691,"Gold, COMEX (GLD proxy)",producer_merchant,2011-10-04,94415,261028,-166613,-4200,436920,-38.1
disagg_fut,088691,"Gold, COMEX (GLD proxy)",producer_merchant,2011-10-11,92505,263237,-170732,-4119,438090,-39.0
disagg_fut,088691,"Gold, COMEX (GLD proxy)",producer_merchant,2011-10-18,94982,262866,-167884,2848,437739,-38.4
disagg_fut,088691,"Gold, COMEX (GLD proxy)",producer_merchant,2011-10-25,91090,265927,-174837,-6953,443723,-39.4
disagg_fut,088691,"Gold, COMEX (GLD proxy)",producer_merchant,2011-11-01,88995,269063,-180068,-5231,442435,-40.7
disagg_fut,088691,"Gold, COMEX (GLD proxy)",producer_merchant,2011-11-08,85134,273627,-188493,-8425,464982,-40.5
disagg_fut,088691,"Gold, COMEX (GLD proxy)",producer_merchant,2011-11-15,87774,275813,-188039,454,470490,-40.0
disagg_fut,088691,"Gold, COMEX (GLD proxy)",producer_merchant,2011-11-22,98776,263309,-164533,23506,457070,-36.0
disagg_fut,088691,"Gold, COMEX (GLD proxy)",producer_merchant,2011-11-29,88104,256033,-167929,-3396,423176,-39.7
disagg_fut,088691,"Gold, COMEX (GLD proxy)",producer_merchant,2011-12-06,78704,256384,-177680,-9751,422956,-42.0
disagg_fut,088691,"Gold, COMEX (GLD proxy)",producer_merchant,2011-12-13,83774,255642,-171868,5812,427699,-40.2
disagg_fut,088691,"Gold, COMEX (GLD proxy)",producer_merchant,2011-12-20,85338,242705,-157367,14501,423465,-37.2
disagg_fut,088691,"Gold, COMEX (GLD proxy)",producer_merchant,2011-12-27,86324,241508,-155184,2183,418945,-37.0
disagg_fut,088691,"Gold, COMEX (GLD proxy)",producer_merchant,2012-01-03,86576,238940,-152364,2820,423275,-36.0
disagg_fut,088691,"Gold, COMEX (GLD proxy)",producer_merchant,2012-01-10,88406,239346,-150940,1424,417923,-36.1
disagg_fut,088691,"Gold, COMEX (GLD proxy)",producer_merchant,2012-01-17,89853,255762,-165909,-14969,432838,-38.3
disagg_fut,088691,"Gold, COMEX (GLD proxy)",producer_merchant,2012-01-24,85155,256803,-171648,-5739,427032,-40.2
disagg_fut,088691,"Gold, COMEX (GLD proxy)",producer_merchant,2012-01-31,83849,264347,-180498,-8850,425133,-42.5
disagg_fut,088691,"Gold, COMEX (GLD proxy)",producer_merchant,2012-02-07,79733,268892,-189159,-8661,436061,-43.4
disagg_fut,088691,"Gold, COMEX (GLD proxy)",producer_merchant,2012-02-14,79725,260523,-180798,8361,431164,-41.9
disagg_fut,088691,"Gold, COMEX (GLD proxy)",producer_merchant,2012-02-21,79452,272935,-193483,-12685,456676,-42.4
disagg_fut,088691,"Gold, COMEX (GLD proxy)",producer_merchant,2012-02-28,78899,280680,-201781,-8298,479044,-42.1
disagg_fut,088691,"Gold, COMEX (GLD proxy)",producer_merchant,2012-03-06,81877,250981,-169104,32677,443249,-38.2
disagg_fut,088691,"Gold, COMEX (GLD proxy)",producer_merchant,2012-03-13,81152,247753,-166601,2503,442319,-37.7
disagg_fut,088691,"Gold, COMEX (GLD proxy)",producer_merchant,2012-03-20,85230,236802,-151572,15029,431039,-35.2
disagg_fut,088691,"Gold, COMEX (GLD proxy)",producer_merchant,2012-03-27,76535,235618,-159083,-7511,417304,-38.1
disagg_fut,088691,"Gold, COMEX (GLD proxy)",producer_merchant,2012-04-03,79367,229690,-150323,8760,407761,-36.9
disagg_fut,088691,"Gold, COMEX (GLD proxy)",producer_merchant,2012-04-10,78673,221202,-142529,7794,403989,-35.3
disagg_fut,088691,"Gold, COMEX (GLD proxy)",producer_merchant,2012-04-17,75591,224882,-149291,-6762,398526,-37.5
disagg_fut,088691,"Gold, COMEX (GLD proxy)",producer_merchant,2012-04-24,78916,219917,-141001,8290,395389,-35.7
disagg_fut,088691,"Gold, COMEX (GLD proxy)",producer_merchant,2012-05-01,79198,228645,-149447,-8446,411972,-36.3
disagg_fut,088691,"Gold, COMEX (GLD proxy)",producer_merchant,2012-05-08,82697,216394,-133697,15750,417798,-32.0
disagg_fut,088691,"Gold, COMEX (GLD proxy)",producer_merchant,2012-05-15,81982,212571,-130589,3108,422091,-30.9
disagg_fut,088691,"Gold, COMEX (GLD proxy)",producer_merchant,2012-05-22,93201,228881,-135680,-5091,435706,-31.1
disagg_fut,088691,"Gold, COMEX (GLD proxy)",producer_merchant,2012-05-29,89263,217183,-127920,7760,419991,-30.5
disagg_fut,088691,"Gold, COMEX (GLD proxy)",producer_merchant,2012-06-05,75259,217097,-141838,-13918,423941,-33.5
disagg_fut,088691,"Gold, COMEX (GLD proxy)",producer_merchant,2012-06-12,75355,214547,-139192,2646,412244,-33.8
disagg_fut,088691,"Gold, COMEX (GLD proxy)",producer_merchant,2012-06-19,77449,229915,-152466,-13274,418492,-36.4
disagg_fut,088691,"Gold, COMEX (GLD proxy)",producer_merchant,2012-06-26,79372,223244,-143872,8594,413618,-34.8
disagg_fut,088691,"Gold, COMEX (GLD proxy)",producer_merchant,2012-07-03,80343,236464,-156121,-12249,425068,-36.7
disagg_fut,088691,"Gold, COMEX (GLD proxy)",producer_merchant,2012-07-10,80672,234237,-153565,2556,429854,-35.7
disagg_fut,088691,"Gold, COMEX (GLD proxy)",producer_merchant,2012-07-17,79877,238078,-158201,-4636,431317,-36.7
disagg_fut,088691,"Gold, COMEX (GLD proxy)",producer_merchant,2012-07-24,82393,220064,-137671,20530,420296,-32.8
disagg_fut,088691,"Gold, COMEX (GLD proxy)",producer_merchant,2012-07-31,79471,227217,-147746,-10075,403403,-36.6
disagg_fut,088691,"Gold, COMEX (GLD proxy)",producer_merchant,2012-08-07,77035,211868,-134833,12913,388254,-34.7
disagg_fut,088691,"Gold, COMEX (GLD proxy)",producer_merchant,2012-08-14,74399,206767,-132368,2465,388187,-34.1
disagg_fut,088691,"Gold, COMEX (GLD proxy)",producer_merchant,2012-08-21,72285,215517,-143232,-10864,398747,-35.9
disagg_fut,088691,"Gold, COMEX (GLD proxy)",producer_merchant,2012-08-28,73133,233502,-160369,-17137,426559,-37.6
disagg_fut,088691,"Gold, COMEX (GLD proxy)",producer_merchant,2012-09-04,71947,250540,-178593,-18224,444489,-40.2
disagg_fut,088691,"Gold, COMEX (GLD proxy)",producer_merchant,2012-09-11,72737,266203,-193466,-14873,460531,-42.0
disagg_fut,088691,"Gold, COMEX (GLD proxy)",producer_merchant,2012-09-18,44354,236273,-191919,1547,478609,-40.1
disagg_fut,088691,"Gold, COMEX (GLD proxy)",producer_merchant,2012-09-25,44057,256629,-212572,-20653,489516,-43.4
disagg_fut,088691,"Gold, COMEX (GLD proxy)",producer_merchant,2012-10-02,42029,258285,-216256,-3684,480908,-45.0
disagg_fut,088691,"Gold, COMEX (GLD proxy)",producer_merchant,2012-10-09,41908,258562,-216654,-398,484359,-44.7
disagg_fut,088691,"Gold, COMEX (GLD proxy)",producer_merchant,2012-10-16,39443,238865,-199422,17232,462826,-43.1
disagg_fut,088691,"Gold, COMEX (GLD proxy)",producer_merchant,2012-10-23,40928,232022,-191094,8328,455836,-41.9
disagg_fut,088691,"Gold, COMEX (GLD proxy)",producer_merchant,2012-10-30,41732,226728,-184996,6098,454742,-40.7
disagg_fut,088691,"Gold, COMEX (GLD proxy)",producer_merchant,2012-11-06,44160,211709,-167549,17447,447154,-37.5
disagg_fut,088691,"Gold, COMEX (GLD proxy)",producer_merchant,2012-11-13,44875,227746,-182871,-15322,459761,-39.8
disagg_fut,088691,"Gold, COMEX (GLD proxy)",producer_merchant,2012-11-20,44224,233033,-188809,-5938,474129,-39.8
disagg_fut,088691,"Gold, COMEX (GLD proxy)",producer_merchant,2012-11-27,47394,244733,-197339,-8530,479373,-41.2
disagg_fut,088691,"Gold, COMEX (GLD proxy)",producer_merchant,2012-12-04,48256,223187,-174931,22408,434416,-40.3
disagg_fut,088691,"Gold, COMEX (GLD proxy)",producer_merchant,2012-12-11,50170,212748,-162578,12353,433586,-37.5
disagg_fut,088691,"Gold, COMEX (GLD proxy)",producer_merchant,2012-12-18,50213,199985,-149772,12806,435742,-34.4
disagg_fut,088691,"Gold, COMEX (GLD proxy)",producer_merchant,2012-12-24,51885,188906,-137021,,426300,-32.1
disagg_fut,088691,"Gold, COMEX (GLD proxy)",producer_merchant,2012-12-31,50991,186493,-135502,1519,427991,-31.7
disagg_fut,088691,"Gold, COMEX (GLD proxy)",producer_merchant,2013-01-08,51806,187324,-135518,,441304,-30.7
disagg_fut,088691,"Gold, COMEX (GLD proxy)",producer_merchant,2013-01-15,52729,188070,-135341,177,447773,-30.2
disagg_fut,088691,"Gold, COMEX (GLD proxy)",producer_merchant,2013-01-22,55162,195954,-140792,-5451,461369,-30.5
disagg_fut,088691,"Gold, COMEX (GLD proxy)",producer_merchant,2013-01-29,62343,193626,-131283,9509,430718,-30.5
disagg_fut,088691,"Gold, COMEX (GLD proxy)",producer_merchant,2013-02-05,49831,184696,-134865,-3582,423982,-31.8
disagg_fut,088691,"Gold, COMEX (GLD proxy)",producer_merchant,2013-02-12,54166,179008,-124842,10023,435088,-28.7
disagg_fut,088691,"Gold, COMEX (GLD proxy)",producer_merchant,2013-02-19,56079,160514,-104435,20407,447290,-23.3
disagg_fut,088691,"Gold, COMEX (GLD proxy)",producer_merchant,2013-02-26,50828,159967,-109139,-4704,433858,-25.2
disagg_fut,088691,"Gold, COMEX (GLD proxy)",producer_merchant,2013-03-05,54198,153960,-99762,9377,434586,-23.0
disagg_fut,088691,"Gold, COMEX (GLD proxy)",producer_merchant,2013-03-12,55461,150703,-95242,4520,445651,-21.4
disagg_fut,088691,"Gold, COMEX (GLD proxy)",producer_merchant,2013-03-19,53473,152898,-99425,-4183,440712,-22.6
disagg_fut,088691,"Gold, COMEX (GLD proxy)",producer_merchant,2013-03-26,58542,153528,-94986,4439,419727,-22.6
disagg_fut,088691,"Gold, COMEX (GLD proxy)",producer_merchant,2013-04-02,53548,136021,-82473,12513,417176,-19.8
disagg_fut,088691,"Gold, COMEX (GLD proxy)",producer_merchant,2013-04-09,53345,129907,-76562,5911,416513,-18.4
disagg_fut,088691,"Gold, COMEX (GLD proxy)",producer_merchant,2013-04-16,61088,134458,-73370,3192,413083,-17.8
disagg_fut,088691,"Gold, COMEX (GLD proxy)",producer_merchant,2013-04-23,68445,118507,-50062,23308,415074,-12.1
disagg_fut,088691,"Gold, COMEX (GLD proxy)",producer_merchant,2013-04-30,77240,120192,-42952,7110,421087,-10.2
disagg_fut,088691,"Gold, COMEX (GLD proxy)",producer_merchant,2013-05-07,83822,121285,-37463,5489,437931,-8.6
disagg_fut,088691,"Gold, COMEX (GLD proxy)",producer_merchant,2013-05-14,97264,124330,-27066,10397,443806,-6.1
disagg_fut,088691,"Gold, COMEX (GLD proxy)",producer_merchant,2013-05-21,95314,129648,-34334,-7268,446087,-7.7
disagg_fut,088691,"Gold, COMEX (GLD proxy)",producer_merchant,2013-05-28,75989,113560,-37571,-3237,411001,-9.1
disagg_fut,088691,"Gold, COMEX (GLD proxy)",producer_merchant,2013-06-04,67333,100463,-33130,4441,373061,-8.9
disagg_fut,088691,"Gold, COMEX (GLD proxy)",producer_merchant,2013-06-11,66809,96688,-29879,3251,373844,-8.0
disagg_fut,088691,"Gold, COMEX (GLD proxy)",producer_merchant,2013-06-18,69754,90094,-20340,9539,377106,-5.4
disagg_fut,088691,"Gold, COMEX (GLD proxy)",producer_merchant,2013-06-25,77991,97257,-19266,1074,390647,-4.9
disagg_fut,088691,"Gold, COMEX (GLD proxy)",producer_merchant,2013-07-02,87590,102780,-15190,4076,410399,-3.7
disagg_fut,088691,"Gold, COMEX (GLD proxy)",producer_merchant,2013-07-09,97549,112677,-15128,62,431574,-3.5
disagg_fut,088691,"Gold, COMEX (GLD proxy)",producer_merchant,2013-07-16,112727,126621,-13894,1234,440283,-3.2
disagg_fut,088691,"Gold, COMEX (GLD proxy)",producer_merchant,2013-07-23,111059,125351,-14292,-398,434750,-3.3
disagg_fut,088691,"Gold, COMEX (GLD proxy)",producer_merchant,2013-07-30,102399,106813,-4414,9878,397035,-1.1
disagg_fut,088691,"Gold, COMEX (GLD proxy)",producer_merchant,2013-08-06,100446,104902,-4456,-42,396062,-1.1
disagg_fut,088691,"Gold, COMEX (GLD proxy)",producer_merchant,2013-08-13,97495,104789,-7294,-2838,390547,-1.9
disagg_fut,088691,"Gold, COMEX (GLD proxy)",producer_merchant,2013-08-20,86423,98763,-12340,-5046,385410,-3.2
disagg_fut,088691,"Gold, COMEX (GLD proxy)",producer_merchant,2013-08-27,81581,102111,-20530,-8190,384102,-5.3
disagg_fut,088691,"Gold, COMEX (GLD proxy)",producer_merchant,2013-09-03,81562,106201,-24639,-4109,388584,-6.3
disagg_fut,088691,"Gold, COMEX (GLD proxy)",producer_merchant,2013-09-10,84890,101758,-16868,7771,384164,-4.4
disagg_fut,088691,"Gold, COMEX (GLD proxy)",producer_merchant,2013-09-17,85522,96426,-10904,5964,384592,-2.8
disagg_fut,088691,"Gold, COMEX (GLD proxy)",producer_merchant,2013-09-24,83916,96807,-12891,-1987,378216,-3.4
disagg_fut,088691,"Gold, COMEX (GLD proxy)",producer_merchant,2013-10-01,92044,101222,-9178,3713,374151,-2.5
disagg_fut,088691,"Gold, COMEX (GLD proxy)",producer_merchant,2013-10-08,88837,105698,-16861,-7683,370406,-4.6
disagg_fut,088691,"Gold, COMEX (GLD proxy)",producer_merchant,2013-10-15,91615,103060,-11445,5416,381727,-3.0
disagg_fut,088691,"Gold, COMEX (GLD proxy)",producer_merchant,2013-10-22,89361,109995,-20634,-9189,390369,-5.3
disagg_fut,088691,"Gold, COMEX (GLD proxy)",producer_merchant,2013-10-29,90404,116664,-26260,-5626,387166,-6.8
disagg_fut,088691,"Gold, COMEX (GLD proxy)",producer_merchant,2013-11-05,87629,116465,-28836,-2576,386796,-7.5
disagg_fut,088691,"Gold, COMEX (GLD proxy)",producer_merchant,2013-11-12,88916,109031,-20115,8721,403840,-5.0
disagg_fut,088691,"Gold, COMEX (GLD proxy)",producer_merchant,2013-11-19,85180,97592,-12412,7703,397590,-3.1
disagg_fut,088691,"Gold, COMEX (GLD proxy)",producer_merchant,2013-11-26,92112,86202,5910,18322,394432,1.5
disagg_fut,088691,"Gold, COMEX (GLD proxy)",producer_merchant,2013-12-03,89853,77558,12295,6385,386436,3.2
disagg_fut,088691,"Gold, COMEX (GLD proxy)",producer_merchant,2013-12-10,85670,75406,10264,-2031,377313,2.7
disagg_fut,088691,"Gold, COMEX (GLD proxy)",producer_merchant,2013-12-17,90760,79659,11101,837,385432,2.9
disagg_fut,088691,"Gold, COMEX (GLD proxy)",producer_merchant,2013-12-24,87970,76015,11955,854,384974,3.1
disagg_fut,088691,"Gold, COMEX (GLD proxy)",producer_merchant,2013-12-31,85708,80151,5557,-6398,379550,1.5
disagg_fut,088691,"Gold, COMEX (GLD proxy)",producer_merchant,2014-01-07,85519,82409,3110,-2447,383021,0.8
disagg_fut,088691,"Gold, COMEX (GLD proxy)",producer_merchant,2014-01-14,101424,95297,6127,3017,415426,1.5
disagg_fut,088691,"Gold, COMEX (GLD proxy)",producer_merchant,2014-01-21,105533,99956,5577,-550,410959,1.4
disagg_fut,088691,"Gold, COMEX (GLD proxy)",producer_merchant,2014-01-28,83687,96093,-12406,-17983,382739,-3.2
disagg_fut,088691,"Gold, COMEX (GLD proxy)",producer_merchant,2014-02-04,84257,92687,-8430,3976,368279,-2.3
disagg_fut,088691,"Gold, COMEX (GLD proxy)",producer_merchant,2014-02-11,80473,89428,-8955,-525,376973,-2.4
disagg_fut,088691,"Gold, COMEX (GLD proxy)",producer_merchant,2014-02-18,72428,98901,-26473,-17518,390535,-6.8
disagg_fut,088691,"Gold, COMEX (GLD proxy)",producer_merchant,2014-02-25,68140,104950,-36810,-10337,387503,-9.5
disagg_fut,088691,"Gold, COMEX (GLD proxy)",producer_merchant,2014-03-04,66707,110079,-43372,-6562,393266,-11.0
disagg_fut,088691,"Gold, COMEX (GLD proxy)",producer_merchant,2014-03-11,61001,106750,-45749,-2377,415340,-11.0
disagg_fut,088691,"Gold, COMEX (GLD proxy)",producer_merchant,2014-03-18,61350,121662,-60312,-14563,420626,-14.3
disagg_fut,088691,"Gold, COMEX (GLD proxy)",producer_merchant,2014-03-25,58922,86941,-28019,32293,398264,-7.0
disagg_fut,088691,"Gold, COMEX (GLD proxy)",producer_merchant,2014-04-01,54606,79339,-24733,3286,363451,-6.8
disagg_fut,088691,"Gold, COMEX (GLD proxy)",producer_merchant,2014-04-08,54960,78829,-23869,864,365400,-6.5
disagg_fut,088691,"Gold, COMEX (GLD proxy)",producer_merchant,2014-04-15,58448,73033,-14585,9284,369577,-3.9
disagg_fut,088691,"Gold, COMEX (GLD proxy)",producer_merchant,2014-04-22,59447,74937,-15490,-905,372593,-4.2
disagg_fut,088691,"Gold, COMEX (GLD proxy)",producer_merchant,2014-04-29,61248,77932,-16684,-1194,378092,-4.4
disagg_fut,088691,"Gold, COMEX (GLD proxy)",producer_merchant,2014-05-06,64437,83172,-18735,-2051,404700,-4.6
disagg_fut,088691,"Gold, COMEX (GLD proxy)",producer_merchant,2014-05-13,63958,89873,-25915,-7180,397029,-6.5
disagg_fut,088691,"Gold, COMEX (GLD proxy)",producer_merchant,2014-05-20,60814,86888,-26074,-159,399371,-6.5
disagg_fut,088691,"Gold, COMEX (GLD proxy)",producer_merchant,2014-05-27,50019,64916,-14897,11177,397695,-3.7
disagg_fut,088691,"Gold, COMEX (GLD proxy)",producer_merchant,2014-06-03,48855,63220,-14365,532,382141,-3.8
disagg_fut,088691,"Gold, COMEX (GLD proxy)",producer_merchant,2014-06-10,45471,59335,-13864,501,378689,-3.7
disagg_fut,088691,"Gold, COMEX (GLD proxy)",producer_merchant,2014-06-17,45840,63426,-17586,-3722,379843,-4.6
disagg_fut,088691,"Gold, COMEX (GLD proxy)",producer_merchant,2014-06-24,43455,81598,-38143,-20557,392388,-9.7
disagg_fut,088691,"Gold, COMEX (GLD proxy)",producer_merchant,2014-07-01,38911,91232,-52321,-14178,401813,-13.0
disagg_fut,088691,"Gold, COMEX (GLD proxy)",producer_merchant,2014-07-08,35090,92825,-57735,-5414,410992,-14.0
disagg_fut,088691,"Gold, COMEX (GLD proxy)",producer_merchant,2014-07-15,36257,91384,-55127,2608,408368,-13.5
disagg_fut,088691,"Gold, COMEX (GLD proxy)",producer_merchant,2014-07-22,35624,92941,-57317,-2190,405617,-14.1
disagg_fut,088691,"Gold, COMEX (GLD proxy)",producer_merchant,2014-07-29,34871,90450,-55579,1738,374467,-14.8
disagg_fut,088691,"Gold, COMEX (GLD proxy)",producer_merchant,2014-08-05,31968,79502,-47534,8045,360342,-13.2
disagg_fut,088691,"Gold, COMEX (GLD proxy)",producer_merchant,2014-08-12,30213,85589,-55376,-7842,368114,-15.0
disagg_fut,088691,"Gold, COMEX (GLD proxy)",producer_merchant,2014-08-19,30797,84900,-54103,1273,366401,-14.8
disagg_fut,088691,"Gold, COMEX (GLD proxy)",producer_merchant,2014-08-26,31479,73638,-42159,11944,363608,-11.6
disagg_fut,088691,"Gold, COMEX (GLD proxy)",producer_merchant,2014-09-02,32793,71204,-38411,3748,371515,-10.3
disagg_fut,088691,"Gold, COMEX (GLD proxy)",producer_merchant,2014-09-09,37265,76014,-38749,-338,384341,-10.1
disagg_fut,088691,"Gold, COMEX (GLD proxy)",producer_merchant,2014-09-16,37158,70141,-32983,5766,386080,-8.5
disagg_fut,088691,"Gold, COMEX (GLD proxy)",producer_merchant,2014-09-23,38784,69623,-30839,2144,385788,-8.0
disagg_fut,088691,"Gold, COMEX (GLD proxy)",producer_merchant,2014-09-30,37100,68903,-31803,-964,379874,-8.4
disagg_fut,088691,"Gold, COMEX (GLD proxy)",producer_merchant,2014-10-07,39274,70192,-30918,885,380087,-8.1
disagg_fut,088691,"Gold, COMEX (GLD proxy)",producer_merchant,2014-10-14,42111,74570,-32459,-1541,397855,-8.2
disagg_fut,088691,"Gold, COMEX (GLD proxy)",producer_merchant,2014-10-21,39585,84500,-44915,-12456,411057,-10.9
disagg_fut,088691,"Gold, COMEX (GLD proxy)",producer_merchant,2014-10-28,38273,88088,-49815,-4900,414410,-12.0
disagg_fut,088691,"Gold, COMEX (GLD proxy)",producer_merchant,2014-11-04,39318,77108,-37790,12025,417377,-9.1
disagg_fut,088691,"Gold, COMEX (GLD proxy)",producer_merchant,2014-11-11,49129,86992,-37863,-73,443422,-8.5
disagg_fut,088691,"Gold, COMEX (GLD proxy)",producer_merchant,2014-11-18,56408,96660,-40252,-2389,459657,-8.8
disagg_fut,088691,"Gold, COMEX (GLD proxy)",producer_merchant,2014-11-25,36606,73368,-36762,3490,388145,-9.5
disagg_fut,088691,"Gold, COMEX (GLD proxy)",producer_merchant,2014-12-02,30598,75927,-45329,-8567,368121,-12.3
disagg_fut,088691,"Gold, COMEX (GLD proxy)",producer_merchant,2014-12-09,33262,88237,-54975,-9646,375323,-14.6
disagg_fut,088691,"Gold, COMEX (GLD proxy)",producer_merchant,2014-12-16,34330,93684,-59354,-4379,371743,-16.0
disagg_fut,088691,"Gold, COMEX (GLD proxy)",producer_merchant,2014-12-23,31936,82559,-50623,8731,375212,-13.5
disagg_fut,088691,"Gold, COMEX (GLD proxy)",producer_merchant,2014-12-30,28690,82890,-54200,-3577,373982,-14.5
disagg_fut,088691,"Gold, COMEX (GLD proxy)",producer_merchant,2015-01-06,32669,92020,-59351,-5151,394021,-15.1
disagg_fut,088691,"Gold, COMEX (GLD proxy)",producer_merchant,2015-01-13,34607,99314,-64707,-5356,402108,-16.1
disagg_fut,088691,"Gold, COMEX (GLD proxy)",producer_merchant,2015-01-20,29306,114948,-85642,-20935,430128,-19.9
disagg_fut,088691,"Gold, COMEX (GLD proxy)",producer_merchant,2015-01-27,24610,121126,-96516,-10874,438279,-22.0
disagg_fut,088691,"Gold, COMEX (GLD proxy)",producer_merchant,2015-02-03,27037,117623,-90586,5930,419524,-21.6
disagg_fut,088691,"Gold, COMEX (GLD proxy)",producer_merchant,2015-02-10,23007,101513,-78506,12080,393232,-20.0
disagg_fut,088691,"Gold, COMEX (GLD proxy)",producer_merchant,2015-02-17,22366,96511,-74145,4361,389530,-19.0
disagg_fut,088691,"Gold, COMEX (GLD proxy)",producer_merchant,2015-02-24,24350,95758,-71408,2737,399307,-17.9
disagg_fut,088691,"Gold, COMEX (GLD proxy)",producer_merchant,2015-03-03,23666,89987,-66321,5087,405124,-16.4
disagg_fut,088691,"Gold, COMEX (GLD proxy)",producer_merchant,2015-03-10,26168,78115,-51947,14374,410918,-12.6
disagg_fut,088691,"Gold, COMEX (GLD proxy)",producer_merchant,2015-03-17,30755,74063,-43308,8639,429738,-10.1
disagg_fut,088691,"Gold, COMEX (GLD proxy)",producer_merchant,2015-03-24,27523,72822,-45299,-1991,433767,-10.4
disagg_fut,088691,"Gold, COMEX (GLD proxy)",producer_merchant,2015-03-31,25366,75694,-50328,-5029,387585,-13.0
disagg_fut,088691,"Gold, COMEX (GLD proxy)",producer_merchant,2015-04-07,24724,85642,-60918,-10590,390571,-15.6
disagg_fut,088691,"Gold, COMEX (GLD proxy)",producer_merchant,2015-04-14,23642,83946,-60304,614,395089,-15.3
disagg_fut,088691,"Gold, COMEX (GLD proxy)",producer_merchant,2015-04-21,21523,75074,-53551,6753,397379,-13.5
disagg_fut,088691,"Gold, COMEX (GLD proxy)",producer_merchant,2015-04-28,18237,71952,-53715,-164,403575,-13.3
disagg_fut,088691,"Gold, COMEX (GLD proxy)",producer_merchant,2015-05-05,20250,60415,-40165,13550,399988,-10.0
disagg_fut,088691,"Gold, COMEX (GLD proxy)",producer_merchant,2015-05-12,20691,64014,-43323,-3158,405612,-10.7
disagg_fut,088691,"Gold, COMEX (GLD proxy)",producer_merchant,2015-05-19,17951,94860,-76909,-33586,428597,-17.9
disagg_fut,088691,"Gold, COMEX (GLD proxy)",producer_merchant,2015-05-26,17429,91862,-74433,2476,411961,-18.1
disagg_fut,088691,"Gold, COMEX (GLD proxy)",producer_merchant,2015-06-02,16934,90560,-73626,807,398724,-18.5
disagg_fut,088691,"Gold, COMEX (GLD proxy)",producer_merchant,2015-06-09,18488,79791,-61303,12323,406069,-15.1
disagg_fut,088691,"Gold, COMEX (GLD proxy)",producer_merchant,2015-06-16,16454,75845,-59391,1912,415718,-14.3
disagg_fut,088691,"Gold, COMEX (GLD proxy)",producer_merchant,2015-06-23,15949,91484,-75535,-16144,430978,-17.5
disagg_fut,088691,"Gold, COMEX (GLD proxy)",producer_merchant,2015-06-30,16748,81821,-65073,10462,442301,-14.7
disagg_fut,088691,"Gold, COMEX (GLD proxy)",producer_merchant,2015-07-07,18678,72089,-53411,11662,452145,-11.8
disagg_fut,088691,"Gold, COMEX (GLD proxy)",producer_merchant,2015-07-14,22205,74248,-52043,1368,462664,-11.2
disagg_fut,088691,"Gold, COMEX (GLD proxy)",producer_merchant,2015-07-21,26690,66493,-39803,12240,459760,-8.7
disagg_fut,088691,"Gold, COMEX (GLD proxy)",producer_merchant,2015-07-28,22082,58546,-36464,3339,438282,-8.3
disagg_fut,088691,"Gold, COMEX (GLD proxy)",producer_merchant,2015-08-04,20798,60201,-39403,-2939,434273,-9.1
disagg_fut,088691,"Gold, COMEX (GLD proxy)",producer_merchant,2015-08-11,18426,62110,-43684,-4281,435489,-10.0
disagg_fut,088691,"Gold, COMEX (GLD proxy)",producer_merchant,2015-08-18,17508,63587,-46079,-2395,432728,-10.6
disagg_fut,088691,"Gold, COMEX (GLD proxy)",producer_merchant,2015-08-25,14467,80360,-65893,-19814,432154,-15.2
disagg_fut,088691,"Gold, COMEX (GLD proxy)",producer_merchant,2015-09-01,12944,80229,-67285,-1392,410274,-16.4
disagg_fut,088691,"Gold, COMEX (GLD proxy)",producer_merchant,2015-09-08,20513,77612,-57099,10186,421732,-13.5
disagg_fut,088691,"Gold, COMEX (GLD proxy)",producer_merchant,2015-09-15,17304,60606,-43302,13797,413333,-10.5
disagg_fut,088691,"Gold, COMEX (GLD proxy)",producer_merchant,2015-09-22,19677,75195,-55518,-12216,419304,-13.2
disagg_fut,088691,"Gold, COMEX (GLD proxy)",producer_merchant,2015-09-29,25515,87605,-62090,-6572,415700,-14.9
disagg_fut,088691,"Gold, COMEX (GLD proxy)",producer_merchant,2015-10-06,25741,92163,-66422,-4332,430228,-15.4
disagg_fut,088691,"Gold, COMEX (GLD proxy)",producer_merchant,2015-10-13,24080,103595,-79515,-13093,435928,-18.2
disagg_fut,088691,"Gold, COMEX (GLD proxy)",producer_merchant,2015-10-20,24068,125536,-101468,-21953,467792,-21.7
disagg_fut,088691,"Gold, COMEX (GLD proxy)",producer_merchant,2015-10-27,24021,126967,-102946,-1478,466780,-22.1
disagg_fut,088691,"Gold, COMEX (GLD proxy)",producer_merchant,2015-11-03,26094,115320,-89226,13720,443900,-20.1
disagg_fut,088691,"Gold, COMEX (GLD proxy)",producer_merchant,2015-11-10,25898,90778,-64880,24346,436426,-14.9
disagg_fut,088691,"Gold, COMEX (GLD proxy)",producer_merchant,2015-11-17,25079,75078,-49999,14881,435376,-11.5
disagg_fut,088691,"Gold, COMEX (GLD proxy)",producer_merchant,2015-11-24,25625,67103,-41478,8521,397705,-10.4
disagg_fut,088691,"Gold, COMEX (GLD proxy)",producer_merchant,2015-12-01,27538,59821,-32283,9195,390940,-8.3
disagg_fut,088691,"Gold, COMEX (GLD proxy)",producer_merchant,2015-12-08,25951,62512,-36561,-4278,394128,-9.3
disagg_fut,088691,"Gold, COMEX (GLD proxy)",producer_merchant,2015-12-15,20596,61412,-40816,-4255,390944,-10.4
disagg_fut,088691,"Gold, COMEX (GLD proxy)",producer_merchant,2015-12-22,19453,73397,-53944,-13128,405294,-13.3
disagg_fut,088691,"Gold, COMEX (GLD proxy)",producer_merchant,2015-12-29,23044,67018,-43974,9970,401880,-10.9
disagg_fut,088691,"Gold, COMEX (GLD proxy)",producer_merchant,2016-01-05,22948,67800,-44852,-878,413688,-10.8
disagg_fut,088691,"Gold, COMEX (GLD proxy)",producer_merchant,2016-01-12,23309,75124,-51815,-6963,397565,-13.0
disagg_fut,088691,"Gold, COMEX (GLD proxy)",producer_merchant,2016-01-19,24206,73168,-48962,2853,408835,-12.0
disagg_fut,088691,"Gold, COMEX (GLD proxy)",producer_merchant,2016-01-26,19845,72454,-52609,-3647,385350,-13.7
disagg_fut,088691,"Gold, COMEX (GLD proxy)",producer_merchant,2016-02-02,24395,80385,-55990,-3381,379185,-14.8
disagg_fut,088691,"Gold, COMEX (GLD proxy)",producer_merchant,2016-02-09,23988,91728,-67740,-11750,410833,-16.5
disagg_fut,088691,"Gold, COMEX (GLD proxy)",producer_merchant,2016-02-16,26085,111860,-85775,-18035,428912,-20.0
disagg_fut,088691,"Gold, COMEX (GLD proxy)",producer_merchant,2016-02-23,19329,123277,-103948,-18173,445290,-23.3
disagg_fut,088691,"Gold, COMEX (GLD proxy)",producer_merchant,2016-03-01,16920,129587,-112667,-8719,450555,-25.0
disagg_fut,088691,"Gold, COMEX (GLD proxy)",producer_merchant,2016-03-08,17739,143726,-125987,-13320,499110,-25.2
disagg_fut,088691,"Gold, COMEX (GLD proxy)",producer_merchant,2016-03-15,19486,143435,-123949,2038,493086,-25.1
disagg_fut,088691,"Gold, COMEX (GLD proxy)",producer_merchant,2016-03-22,19858,150125,-130267,-6318,510579,-25.5
disagg_fut,088691,"Gold, COMEX (GLD proxy)",producer_merchant,2016-03-29,24190,150685,-126495,3772,480461,-26.3
disagg_fut,088691,"Gold, COMEX (GLD proxy)",producer_merchant,2016-04-05,21204,151023,-129819,-3324,474094,-27.4
disagg_fut,088691,"Gold, COMEX (GLD proxy)",producer_merchant,2016-04-12,21129,164322,-143193,-13374,504523,-28.4
disagg_fut,088691,"Gold, COMEX (GLD proxy)",producer_merchant,2016-04-19,20069,166296,-146227,-3034,503331,-29.1
disagg_fut,088691,"Gold, COMEX (GLD proxy)",producer_merchant,2016-04-26,18752,165367,-146615,-388,497884,-29.4
disagg_fut,088691,"Gold, COMEX (GLD proxy)",producer_merchant,2016-05-03,19259,189227,-169968,-23353,565774,-30.0
disagg_fut,088691,"Gold, COMEX (GLD proxy)",producer_merchant,2016-05-10,20797,178897,-158100,11868,579777,-27.3
disagg_fut,088691,"Gold, COMEX (GLD proxy)",producer_merchant,2016-05-17,21631,170642,-149011,9089,595077,-25.0
disagg_fut,088691,"Gold, COMEX (GLD proxy)",producer_merchant,2016-05-24,59557,156435,-96878,52133,542958,-17.8
disagg_fut,088691,"Gold, COMEX (GLD proxy)",producer_merchant,2016-05-31,47227,142196,-94969,1909,494321,-19.2
disagg_fut,088691,"Gold, COMEX (GLD proxy)",producer_merchant,2016-06-07,26136,147563,-121427,-26458,496330,-24.5
disagg_fut,088691,"Gold, COMEX (GLD proxy)",producer_merchant,2016-06-14,26395,176665,-150270,-28843,545357,-27.6
disagg_fut,088691,"Gold, COMEX (GLD proxy)",producer_merchant,2016-06-21,28287,177414,-149127,1143,571517,-26.1
disagg_fut,088691,"Gold, COMEX (GLD proxy)",producer_merchant,2016-06-28,30055,179646,-149591,-464,613792,-24.4
disagg_fut,088691,"Gold, COMEX (GLD proxy)",producer_merchant,2016-07-05,29270,178378,-149108,483,652971,-22.8
disagg_fut,088691,"Gold, COMEX (GLD proxy)",producer_merchant,2016-07-12,35210,176993,-141783,7325,633020,-22.4
disagg_fut,088691,"Gold, COMEX (GLD proxy)",producer_merchant,2016-07-19,31861,167764,-135903,5880,617069,-22.0
disagg_fut,088691,"Gold, COMEX (GLD proxy)",producer_merchant,2016-07-26,31448,166649,-135201,702,576325,-23.5
disagg_fut,088691,"Gold, COMEX (GLD proxy)",producer_merchant,2016-08-02,29097,175971,-146874,-11673,582211,-25.2
disagg_fut,088691,"Gold, COMEX (GLD proxy)",producer_merchant,2016-08-09,29067,165875,-136808,10066,575399,-23.8
disagg_fut,088691,"Gold, COMEX (GLD proxy)",producer_merchant,2016-08-16,30091,169299,-139208,-2400,572496,-24.3
disagg_fut,088691,"Gold, COMEX (GLD proxy)",producer_merchant,2016-08-23,23865,163651,-139786,-578,572973,-24.4
disagg_fut,088691,"Gold, COMEX (GLD proxy)",producer_merchant,2016-08-30,22280,158022,-135742,4044,558398,-24.3
disagg_fut,088691,"Gold, COMEX (GLD proxy)",producer_merchant,2016-09-06,22474,176277,-153803,-18061,590656,-26.0
disagg_fut,088691,"Gold, COMEX (GLD proxy)",producer_merchant,2016-09-13,24700,173534,-148834,4969,575002,-25.9
disagg_fut,088691,"Gold, COMEX (GLD proxy)",producer_merchant,2016-09-20,25040,163063,-138023,10811,558791,-24.7
disagg_fut,088691,"Gold, COMEX (GLD proxy)",producer_merchant,2016-09-27,26681,176013,-149332,-11309,583161,-25.6
disagg_fut,088691,"Gold, COMEX (GLD proxy)",producer_merchant,2016-10-04,27604,155278,-127674,21658,544824,-23.4
disagg_fut,088691,"Gold, COMEX (GLD proxy)",producer_merchant,2016-10-11,28660,143233,-114573,13101,500328,-22.9
disagg_fut,088691,"Gold, COMEX (GLD proxy)",producer_merchant,2016-10-18,30322,136610,-106288,8285,497061,-21.4
disagg_fut,088691,"Gold, COMEX (GLD proxy)",producer_merchant,2016-10-25,29237,140772,-111535,-5247,507617,-22.0
disagg_fut,088691,"Gold, COMEX (GLD proxy)",producer_merchant,2016-11-01,27666,153593,-125927,-14392,521506,-24.1
disagg_fut,088691,"Gold, COMEX (GLD proxy)",producer_merchant,2016-11-08,27597,158095,-130498,-4571,528203,-24.7
disagg_fut,088691,"Gold, COMEX (GLD proxy)",producer_merchant,2016-11-15,27283,134182,-106899,23599,479237,-22.3
disagg_fut,088691,"Gold, COMEX (GLD proxy)",producer_merchant,2016-11-22,20805,119000,-98195,8704,461062,-21.3
disagg_fut,088691,"Gold, COMEX (GLD proxy)",producer_merchant,2016-11-29,24102,114690,-90588,7607,405661,-22.3
disagg_fut,088691,"Gold, COMEX (GLD proxy)",producer_merchant,2016-12-06,21781,105209,-83428,7160,393524,-21.2
disagg_fut,088691,"Gold, COMEX (GLD proxy)",producer_merchant,2016-12-13,22199,103372,-81173,2255,397034,-20.4
disagg_fut,088691,"Gold, COMEX (GLD proxy)",producer_merchant,2016-12-20,22130,101474,-79344,1829,398661,-19.9
disagg_fut,088691,"Gold, COMEX (GLD proxy)",producer_merchant,2016-12-27,23547,97994,-74447,4897,401513,-18.5
disagg_fut,088691,"Gold, COMEX (GLD proxy)",producer_merchant,2017-01-03,24768,97997,-73229,1218,424673,-17.2
disagg_fut,088691,"Gold, COMEX (GLD proxy)",producer_merchant,2017-01-10,24588,96661,-72073,1156,444001,-16.2
disagg_fut,088691,"Gold, COMEX (GLD proxy)",producer_merchant,2017-01-17,23844,99443,-75599,-3526,467937,-16.2
disagg_fut,088691,"Gold, COMEX (GLD proxy)",producer_merchant,2017-01-24,23117,108482,-85365,-9766,482374,-17.7
disagg_fut,088691,"Gold, COMEX (GLD proxy)",producer_merchant,2017-01-31,20746,110568,-89822,-4457,398433,-22.5
disagg_fut,088691,"Gold, COMEX (GLD proxy)",producer_merchant,2017-02-07,22551,115774,-93223,-3401,415543,-22.4
disagg_fut,088691,"Gold, COMEX (GLD proxy)",producer_merchant,2017-02-14,20992,113422,-92430,793,415128,-22.3
disagg_fut,088691,"Gold, COMEX (GLD proxy)",producer_merchant,2017-02-21,20557,116326,-95769,-3339,427168,-22.4
disagg_fut,088691,"Gold, COMEX (GLD proxy)",producer_merchant,2017-02-28,19559,126908,-107349,-11580,446081,-24.1
disagg_fut,088691,"Gold, COMEX (GLD proxy)",producer_merchant,2017-03-07,20164,118027,-97863,9486,434401,-22.5
disagg_fut,088691,"Gold, COMEX (GLD proxy)",producer_merchant,2017-03-14,20937,109327,-88390,9473,426170,-20.7
disagg_fut,088691,"Gold, COMEX (GLD proxy)",producer_merchant,2017-03-21,18872,117388,-98516,-10126,446880,-22.0
disagg_fut,088691,"Gold, COMEX (GLD proxy)",producer_merchant,2017-03-28,17857,131503,-113646,-15130,449418,-25.3
disagg_fut,088691,"Gold, COMEX (GLD proxy)",producer_merchant,2017-04-04,16834,139711,-122877,-9231,427808,-28.7
disagg_fut,088691,"Gold, COMEX (GLD proxy)",producer_merchant,2017-04-11,17653,153297,-135644,-12767,456131,-29.7
disagg_fut,088691,"Gold, COMEX (GLD proxy)",producer_merchant,2017-04-18,17577,167357,-149780,-14136,472263,-31.7
disagg_fut,088691,"Gold, COMEX (GLD proxy)",producer_merchant,2017-04-25,17618,169292,-151674,-1894,475985,-31.9
disagg_fut,088691,"Gold, COMEX (GLD proxy)",producer_merchant,2017-05-02,17427,170723,-153296,-1622,461905,-33.2
disagg_fut,088691,"Gold, COMEX (GLD proxy)",producer_merchant,2017-05-09,17259,155245,-137986,15310,433033,-31.9
disagg_fut,088691,"Gold, COMEX (GLD proxy)",producer_merchant,2017-05-16,20336,148925,-128589,9397,435021,-29.6
disagg_fut,088691,"Gold, COMEX (GLD proxy)",producer_merchant,2017-05-23,19274,166109,-146835,-18246,462572,-31.7
disagg_fut,088691,"Gold, COMEX (GLD proxy)",producer_merchant,2017-05-30,21570,177812,-156242,-9407,434246,-36.0
disagg_fut,088691,"Gold, COMEX (GLD proxy)",producer_merchant,2017-06-06,18528,192484,-173956,-17714,494041,-35.2
disagg_fut,088691,"Gold, COMEX (GLD proxy)",producer_merchant,2017-06-13,16856,183073,-166217,7739,471134,-35.3
disagg_fut,088691,"Gold, COMEX (GLD proxy)",producer_merchant,2017-06-20,16301,164235,-147934,18283,445841,-33.2
disagg_fut,088691,"Gold, COMEX (GLD proxy)",producer_merchant,2017-06-27,16646,156631,-139985,7949,453144,-30.9
disagg_fut,088691,"Gold, COMEX (GLD proxy)",producer_merchant,2017-07-03,18166,146455,-128289,,457201,-28.1
disagg_fut,088691,"Gold, COMEX (GLD proxy)",producer_merchant,2017-07-11,24005,141642,-117637,,475669,-24.7
disagg_fut,088691,"Gold, COMEX (GLD proxy)",producer_merchant,2017-07-18,24116,144914,-120798,-3161,484204,-24.9
disagg_fut,088691,"Gold, COMEX (GLD proxy)",producer_merchant,2017-07-25,21746,159307,-137561,-16763,463827,-29.7
disagg_fut,088691,"Gold, COMEX (GLD proxy)",producer_merchant,2017-08-01,19082,167618,-148536,-10975,448709,-33.1
disagg_fut,088691,"Gold, COMEX (GLD proxy)",producer_merchant,2017-08-08,19019,168329,-149310,-774,448727,-33.3
disagg_fut,088691,"Gold, COMEX (GLD proxy)",producer_merchant,2017-08-15,16379,179160,-162781,-13471,477921,-34.1
disagg_fut,088691,"Gold, COMEX (GLD proxy)",producer_merchant,2017-08-22,15981,195128,-179147,-16366,500443,-35.8
disagg_fut,088691,"Gold, COMEX (GLD proxy)",producer_merchant,2017-08-29,17352,205953,-188601,-9454,538875,-35.0
disagg_fut,088691,"Gold, COMEX (GLD proxy)",producer_merchant,2017-09-05,18473,212267,-193794,-5193,566817,-34.2
disagg_fut,088691,"Gold, COMEX (GLD proxy)",producer_merchant,2017-09-12,17582,209237,-191655,2139,580606,-33.0
disagg_fut,088691,"Gold, COMEX (GLD proxy)",producer_merchant,2017-09-19,17562,207442,-189880,1775,570096,-33.3
disagg_fut,088691,"Gold, COMEX (GLD proxy)",producer_merchant,2017-09-26,18923,208745,-189822,58,549637,-34.5
disagg_fut,088691,"Gold, COMEX (GLD proxy)",producer_merchant,2017-10-03,17710,203648,-185938,3884,525127,-35.4
disagg_fut,088691,"Gold, COMEX (GLD proxy)",producer_merchant,2017-10-10,18662,201414,-182752,3186,520005,-35.1
disagg_fut,088691,"Gold, COMEX (GLD proxy)",producer_merchant,2017-10-17,18809,206035,-187226,-4474,528800,-35.4
disagg_fut,088691,"Gold, COMEX (GLD proxy)",producer_merchant,2017-10-24,18360,201023,-182663,4563,526674,-34.7
disagg_fut,088691,"Gold, COMEX (GLD proxy)",producer_merchant,2017-10-31,17081,200789,-183708,-1045,531918,-34.5
disagg_fut,088691,"Gold, COMEX (GLD proxy)",producer_merchant,2017-11-07,17307,198381,-181074,2634,536843,-33.7
disagg_fut,088691,"Gold, COMEX (GLD proxy)",producer_merchant,2017-11-14,18323,202533,-184210,-3136,533054,-34.6
disagg_fut,088691,"Gold, COMEX (GLD proxy)",producer_merchant,2017-11-21,19514,204896,-185382,-1172,531612,-34.9
disagg_fut,088691,"Gold, COMEX (GLD proxy)",producer_merchant,2017-11-28,17891,202648,-184757,625,503810,-36.7
disagg_fut,088691,"Gold, COMEX (GLD proxy)",producer_merchant,2017-12-05,20819,179239,-158420,26337,472795,-33.5
disagg_fut,088691,"Gold, COMEX (GLD proxy)",producer_merchant,2017-12-12,19245,150986,-131741,26679,446618,-29.5
disagg_fut,088691,"Gold, COMEX (GLD proxy)",producer_merchant,2017-12-19,17300,148160,-130860,881,453595,-28.8
disagg_fut,088691,"Gold, COMEX (GLD proxy)",producer_merchant,2017-12-26,19715,161264,-141549,-10689,456470,-31.0
disagg_fut,088691,"Gold, COMEX (GLD proxy)",producer_merchant,2018-01-02,22495,180714,-158219,-16670,500731,-31.6
disagg_fut,088691,"Gold, COMEX (GLD proxy)",producer_merchant,2018-01-09,21117,198371,-177254,-19035,555455,-31.9
disagg_fut,088691,"Gold, COMEX (GLD proxy)",producer_merchant,2018-01-16,22861,212879,-190018,-12764,582333,-32.6
disagg_fut,088691,"Gold, COMEX (GLD proxy)",producer_merchant,2018-01-23,23933,217184,-193251,-3233,582421,-33.2
disagg_fut,088691,"Gold, COMEX (GLD proxy)",producer_merchant,2018-01-30,22684,209619,-186935,6316,559332,-33.4
disagg_fut,088691,"Gold, COMEX (GLD proxy)",producer_merchant,2018-02-06,26595,202225,-175630,11305,535321,-32.8
disagg_fut,088691,"Gold, COMEX (GLD proxy)",producer_merchant,2018-02-13,22749,194149,-171400,4230,511745,-33.5
disagg_fut,088691,"Gold, COMEX (GLD proxy)",producer_merchant,2018-02-20,30967,207285,-176318,-4918,528154,-33.4
disagg_fut,088691,"Gold, COMEX (GLD proxy)",producer_merchant,2018-02-27,30993,206218,-175225,1093,532860,-32.9
disagg_fut,088691,"Gold, COMEX (GLD proxy)",producer_merchant,2018-03-06,25642,199419,-173777,1448,508100,-34.2
disagg_fut,088691,"Gold, COMEX (GLD proxy)",producer_merchant,2018-03-13,25466,195189,-169723,4054,526762,-32.2
disagg_fut,088691,"Gold, COMEX (GLD proxy)",producer_merchant,2018-03-20,25478,182047,-156569,13154,545499,-28.7
disagg_fut,088691,"Gold, COMEX (GLD proxy)",producer_merchant,2018-03-27,25165,204181,-179016,-22447,529690,-33.8
disagg_fut,088691,"Gold, COMEX (GLD proxy)",producer_merchant,2018-04-03,30267,197029,-166762,12254,493141,-33.8
disagg_fut,088691,"Gold, COMEX (GLD proxy)",producer_merchant,2018-04-10,32193,197288,-165095,1667,499588,-33.0
disagg_fut,088691,"Gold, COMEX (GLD proxy)",producer_merchant,2018-04-17,33041,206888,-173847,-8752,510229,-34.1
disagg_fut,088691,"Gold, COMEX (GLD proxy)",producer_merchant,2018-04-24,32696,196159,-163463,10384,506410,-32.3
disagg_fut,088691,"Gold, COMEX (GLD proxy)",producer_merchant,2018-05-01,33204,181259,-148055,15408,507756,-29.2
disagg_fut,088691,"Gold, COMEX (GLD proxy)",producer_merchant,2018-05-08,34195,182428,-148233,-178,491398,-30.2
disagg_fut,088691,"Gold, COMEX (GLD proxy)",producer_merchant,2018-05-15,35688,175548,-139860,8373,519958,-26.9
disagg_fut,088691,"Gold, COMEX (GLD proxy)",producer_merchant,2018-05-22,37972,167276,-129304,10556,502942,-25.7
disagg_fut,088691,"Gold, COMEX (GLD proxy)",producer_merchant,2018-05-29,33583,170958,-137375,-8071,469382,-29.3
disagg_fut,088691,"Gold, COMEX (GLD proxy)",producer_merchant,2018-06-05,42172,140296,-98124,39251,450641,-21.8
disagg_fut,088691,"Gold, COMEX (GLD proxy)",producer_merchant,2018-06-12,43227,138843,-95616,2508,448695,-21.3
disagg_fut,088691,"Gold, COMEX (GLD proxy)",producer_merchant,2018-06-19,45041,116231,-71190,24426,468345,-15.2
disagg_fut,088691,"Gold, COMEX (GLD proxy)",producer_merchant,2018-06-26,45108,116919,-71811,-621,468573,-15.3
disagg_fut,088691,"Gold, COMEX (GLD proxy)",producer_merchant,2018-07-03,40794,112038,-71244,567,494164,-14.4
disagg_fut,088691,"Gold, COMEX (GLD proxy)",producer_merchant,2018-07-10,34107,103749,-69642,1602,503593,-13.8
disagg_fut,088691,"Gold, COMEX (GLD proxy)",producer_merchant,2018-07-17,29729,101723,-71994,-2352,528278,-13.6
disagg_fut,088691,"Gold, COMEX (GLD proxy)",producer_merchant,2018-07-24,27066,84366,-57300,14694,496620,-11.5
disagg_fut,088691,"Gold, COMEX (GLD proxy)",producer_merchant,2018-07-31,26485,79249,-52764,4536,452655,-11.7
disagg_fut,088691,"Gold, COMEX (GLD proxy)",producer_merchant,2018-08-07,24692,72357,-47665,5099,459474,-10.4
disagg_fut,088691,"Gold, COMEX (GLD proxy)",producer_merchant,2018-08-14,27574,66183,-38609,9056,476739,-8.1
disagg_fut,088691,"Gold, COMEX (GLD proxy)",producer_merchant,2018-08-21,26516,63915,-37399,1210,483730,-7.7
disagg_fut,088691,"Gold, COMEX (GLD proxy)",producer_merchant,2018-08-28,26507,67699,-41192,-3793,479283,-8.6
disagg_fut,088691,"Gold, COMEX (GLD proxy)",producer_merchant,2018-09-04,27115,65731,-38616,2576,473118,-8.2
disagg_fut,088691,"Gold, COMEX (GLD proxy)",producer_merchant,2018-09-11,28256,68613,-40357,-1741,469450,-8.6
disagg_fut,088691,"Gold, COMEX (GLD proxy)",producer_merchant,2018-09-18,29357,68328,-38971,1386,469436,-8.3
disagg_fut,088691,"Gold, COMEX (GLD proxy)",producer_merchant,2018-09-25,27277,67802,-40525,-1554,460279,-8.8
disagg_fut,088691,"Gold, COMEX (GLD proxy)",producer_merchant,2018-10-02,31567,70177,-38610,1915,459776,-8.4
disagg_fut,088691,"Gold, COMEX (GLD proxy)",producer_merchant,2018-10-09,35501,69634,-34133,4477,465253,-7.3
disagg_fut,088691,"Gold, COMEX (GLD proxy)",producer_merchant,2018-10-16,36197,98154,-61957,-27824,474418,-13.1
disagg_fut,088691,"Gold, COMEX (GLD proxy)",producer_merchant,2018-10-23,34663,102587,-67924,-5967,477832,-14.2
disagg_fut,088691,"Gold, COMEX (GLD proxy)",producer_merchant,2018-10-30,36057,97111,-61054,6870,474941,-12.9
disagg_fut,088691,"Gold, COMEX (GLD proxy)",producer_merchant,2018-11-06,37023,99334,-62311,-1257,494911,-12.6
disagg_fut,088691,"Gold, COMEX (GLD proxy)",producer_merchant,2018-11-13,47551,89514,-41963,20348,539520,-7.8
disagg_fut,088691,"Gold, COMEX (GLD proxy)",producer_merchant,2018-11-20,47454,93564,-46110,-4147,525940,-8.8
disagg_fut,088691,"Gold, COMEX (GLD proxy)",producer_merchant,2018-11-27,35196,76210,-41014,5096,442801,-9.3
disagg_fut,088691,"Gold, COMEX (GLD proxy)",producer_merchant,2018-12-04,19212,74759,-55547,-14533,399919,-13.9
disagg_fut,088691,"Gold, COMEX (GLD proxy)",producer_merchant,2018-12-11,18936,83116,-64180,-8633,402250,-16.0
disagg_fut,088691,"Gold, COMEX (GLD proxy)",producer_merchant,2018-12-18,18531,78969,-60438,3742,412485,-14.7
disagg_fut,088691,"Gold, COMEX (GLD proxy)",producer_merchant,2018-12-24,20170,86065,-65895,,442727,-14.9
disagg_fut,088691,"Gold, COMEX (GLD proxy)",producer_merchant,2018-12-31,19300,92197,-72897,-7002,451360,-16.2
disagg_fut,088691,"Gold, COMEX (GLD proxy)",producer_merchant,2019-01-08,12969,75020,-62051,,455232,-13.6
disagg_fut,088691,"Gold, COMEX (GLD proxy)",producer_merchant,2019-01-15,43351,103302,-59951,2100,501605,-12.0
disagg_fut,088691,"Gold, COMEX (GLD proxy)",producer_merchant,2019-01-22,50087,110130,-60043,-92,513509,-11.7
disagg_fut,088691,"Gold, COMEX (GLD proxy)",producer_merchant,2019-01-29,14289,84947,-70658,-10615,483390,-14.6
disagg_fut,088691,"Gold, COMEX (GLD proxy)",producer_merchant,2019-02-05,15593,89160,-73567,-2909,479736,-15.3
disagg_fut,088691,"Gold, COMEX (GLD proxy)",producer_merchant,2019-02-12,16566,90733,-74167,-600,476083,-15.6
disagg_fut,088691,"Gold, COMEX (GLD proxy)",producer_merchant,2019-02-19,15236,103673,-88437,-14270,504639,-17.5
disagg_fut,088691,"Gold, COMEX (GLD proxy)",producer_merchant,2019-02-26,15312,101061,-85749,2688,501268,-17.1
disagg_fut,088691,"Gold, COMEX (GLD proxy)",producer_merchant,2019-03-05,13920,86101,-72181,13568,471311,-15.3
disagg_fut,088691,"Gold, COMEX (GLD proxy)",producer_merchant,2019-03-12,27128,87449,-60321,11860,530030,-11.4
disagg_fut,088691,"Gold, COMEX (GLD proxy)",producer_merchant,2019-03-19,33592,97589,-63997,-3676,514163,-12.4
disagg_fut,088691,"Gold, COMEX (GLD proxy)",producer_merchant,2019-03-26,14704,84053,-69349,-5352,509575,-13.6
disagg_fut,088691,"Gold, COMEX (GLD proxy)",producer_merchant,2019-04-02,16339,74574,-58235,11114,440170,-13.2
disagg_fut,088691,"Gold, COMEX (GLD proxy)",producer_merchant,2019-04-09,16242,75839,-59597,-1362,447539,-13.3
disagg_fut,088691,"Gold, COMEX (GLD proxy)",producer_merchant,2019-04-16,18586,61796,-43210,16387,440581,-9.8
disagg_fut,088691,"Gold, COMEX (GLD proxy)",producer_merchant,2019-04-23,17090,53073,-35983,7227,440048,-8.2
disagg_fut,088691,"Gold, COMEX (GLD proxy)",producer_merchant,2019-04-30,16898,67873,-50975,-14992,430011,-11.9
disagg_fut,088691,"Gold, COMEX (GLD proxy)",producer_merchant,2019-05-07,19282,67234,-47952,3023,450039,-10.7
disagg_fut,088691,"Gold, COMEX (GLD proxy)",producer_merchant,2019-05-14,37635,102517,-64882,-16930,517995,-12.5
disagg_fut,088691,"Gold, COMEX (GLD proxy)",producer_merchant,2019-05-21,42131,104863,-62732,2150,508643,-12.3
disagg_fut,088691,"Gold, COMEX (GLD proxy)",producer_merchant,2019-05-28,47857,110653,-62796,-64,505126,-12.4
disagg_fut,088691,"Gold, COMEX (GLD proxy)",producer_merchant,2019-06-04,19523,106293,-86770,-23974,481495,-18.0
disagg_fut,088691,"Gold, COMEX (GLD proxy)",producer_merchant,2019-06-11,22226,114842,-92616,-5846,496663,-18.6
disagg_fut,088691,"Gold, COMEX (GLD proxy)",producer_merchant,2019-06-18,22520,124772,-102252,-9636,525636,-19.5
disagg_fut,088691,"Gold, COMEX (GLD proxy)",producer_merchant,2019-06-25,27515,155003,-127488,-25236,577605,-22.1
disagg_fut,088691,"Gold, COMEX (GLD proxy)",producer_merchant,2019-07-02,26439,169945,-143506,-16018,605949,-23.7
disagg_fut,088691,"Gold, COMEX (GLD proxy)",producer_merchant,2019-07-09,23099,172713,-149614,-6108,598977,-25.0
disagg_fut,088691,"Gold, COMEX (GLD proxy)",producer_merchant,2019-07-16,36109,173109,-137000,12614,601900,-22.8
disagg_fut,088691,"Gold, COMEX (GLD proxy)",producer_merchant,2019-07-23,35072,175270,-140198,-3198,616859,-22.7
disagg_fut,088691,"Gold, COMEX (GLD proxy)",producer_merchant,2019-07-30,16484,151075,-134591,5607,563298,-23.9
disagg_fut,088691,"Gold, COMEX (GLD proxy)",producer_merchant,2019-08-06,21577,160907,-139330,-4739,600317,-23.2
disagg_fut,088691,"Gold, COMEX (GLD proxy)",producer_merchant,2019-08-13,20942,159798,-138856,474,593962,-23.4
disagg_fut,088691,"Gold, COMEX (GLD proxy)",producer_merchant,2019-08-20,21303,166620,-145317,-6461,594807,-24.4
disagg_fut,088691,"Gold, COMEX (GLD proxy)",producer_merchant,2019-08-27,28589,172923,-144334,983,636183,-22.7
disagg_fut,088691,"Gold, COMEX (GLD proxy)",producer_merchant,2019-09-03,23849,178506,-154657,-10323,634358,-24.4
disagg_fut,088691,"Gold, COMEX (GLD proxy)",producer_merchant,2019-09-10,23199,177027,-153828,829,614753,-25.0
disagg_fut,088691,"Gold, COMEX (GLD proxy)",producer_merchant,2019-09-17,21281,180842,-159561,-5733,630990,-25.3
disagg_fut,088691,"Gold, COMEX (GLD proxy)",producer_merchant,2019-09-24,20674,185082,-164408,-4847,658944,-25.0
disagg_fut,088691,"Gold, COMEX (GLD proxy)",producer_merchant,2019-10-01,23159,173858,-150699,13709,604885,-24.9
disagg_fut,088691,"Gold, COMEX (GLD proxy)",producer_merchant,2019-10-08,22269,176511,-154242,-3543,616957,-25.0
disagg_fut,088691,"Gold, COMEX (GLD proxy)",producer_merchant,2019-10-15,22787,168098,-145311,8931,607387,-23.9
disagg_fut,088691,"Gold, COMEX (GLD proxy)",producer_merchant,2019-10-22,22191,167457,-145266,45,625528,-23.2
disagg_fut,088691,"Gold, COMEX (GLD proxy)",producer_merchant,2019-10-29,22136,161711,-139575,5691,643442,-21.7
disagg_fut,088691,"Gold, COMEX (GLD proxy)",producer_merchant,2019-11-05,17855,157995,-140140,-565,690181,-20.3
disagg_fut,088691,"Gold, COMEX (GLD proxy)",producer_merchant,2019-11-12,41974,164545,-122571,17569,708463,-17.3
disagg_fut,088691,"Gold, COMEX (GLD proxy)",producer_merchant,2019-11-19,38835,166073,-127238,-4667,719211,-17.7
disagg_fut,088691,"Gold, COMEX (GLD proxy)",producer_merchant,2019-11-26,24107,145103,-120996,6242,669268,-18.1
disagg_fut,088691,"Gold, COMEX (GLD proxy)",producer_merchant,2019-12-03,25300,154111,-128811,-7815,701016,-18.4
disagg_fut,088691,"Gold, COMEX (GLD proxy)",producer_merchant,2019-12-10,25199,147377,-122178,6633,690003,-17.7
disagg_fut,088691,"Gold, COMEX (GLD proxy)",producer_merchant,2019-12-17,24515,157858,-133343,-11165,716987,-18.6
disagg_fut,088691,"Gold, COMEX (GLD proxy)",producer_merchant,2019-12-24,26943,164091,-137148,-3805,748737,-18.3
disagg_fut,088691,"Gold, COMEX (GLD proxy)",producer_merchant,2019-12-31,25430,171537,-146107,-8959,786166,-18.6
disagg_fut,088691,"Gold, COMEX (GLD proxy)",producer_merchant,2020-01-07,23615,167363,-143748,2359,785857,-18.3
disagg_fut,088691,"Gold, COMEX (GLD proxy)",producer_merchant,2020-01-14,40178,181318,-141140,2608,796883,-17.7
disagg_fut,088691,"Gold, COMEX (GLD proxy)",producer_merchant,2020-01-21,42645,185232,-142587,-1447,793829,-18.0
disagg_fut,088691,"Gold, COMEX (GLD proxy)",producer_merchant,2020-01-28,22487,161450,-138963,3624,715539,-19.4
disagg_fut,088691,"Gold, COMEX (GLD proxy)",producer_merchant,2020-02-04,16469,155103,-138634,329,654572,-21.2
disagg_fut,088691,"Gold, COMEX (GLD proxy)",producer_merchant,2020-02-11,17009,158762,-141753,-3119,658024,-21.5
disagg_fut,088691,"Gold, COMEX (GLD proxy)",producer_merchant,2020-02-18,17130,176211,-159081,-17328,715317,-22.2
disagg_fut,088691,"Gold, COMEX (GLD proxy)",producer_merchant,2020-02-25,20685,184340,-163655,-4574,732917,-22.3
disagg_fut,088691,"Gold, COMEX (GLD proxy)",producer_merchant,2020-03-03,18481,178821,-160340,3315,691985,-23.2
disagg_fut,088691,"Gold, COMEX (GLD proxy)",producer_merchant,2020-03-10,30447,171242,-140795,19545,633470,-22.2
disagg_fut,088691,"Gold, COMEX (GLD proxy)",producer_merchant,2020-03-17,28316,161694,-133378,7417,573925,-23.2
disagg_fut,088691,"Gold, COMEX (GLD proxy)",producer_merchant,2020-03-24,22853,157635,-134782,-1404,547334,-24.6
disagg_fut,088691,"Gold, COMEX (GLD proxy)",producer_merchant,2020-03-31,25659,137868,-112209,22573,495652,-22.6
disagg_fut,088691,"Gold, COMEX (GLD proxy)",producer_merchant,2020-04-07,19757,129690,-109933,2276,480050,-22.9
disagg_fut,088691,"Gold, COMEX (GLD proxy)",producer_merchant,2020-04-14,19415,127666,-108251,1682,489965,-22.1
disagg_fut,088691,"Gold, COMEX (GLD proxy)",producer_merchant,2020-04-21,18506,126959,-108453,-202,493158,-22.0
disagg_fut,088691,"Gold, COMEX (GLD proxy)",producer_merchant,2020-04-28,17954,130880,-112926,-4473,500816,-22.5
disagg_fut,088691,"Gold, COMEX (GLD proxy)",producer_merchant,2020-05-05,17834,126428,-108594,4332,490343,-22.1
disagg_fut,088691,"Gold, COMEX (GLD proxy)",producer_merchant,2020-05-12,22089,127265,-105176,3418,496739,-21.2
disagg_fut,088691,"Gold, COMEX (GLD proxy)",producer_merchant,2020-05-19,21879,129189,-107310,-2134,528205,-20.3
disagg_fut,088691,"Gold, COMEX (GLD proxy)",producer_merchant,2020-05-26,16983,105449,-88466,18844,519374,-17.0
disagg_fut,088691,"Gold, COMEX (GLD proxy)",producer_merchant,2020-06-02,17550,99413,-81863,6603,475745,-17.2
disagg_fut,088691,"Gold, COMEX (GLD proxy)",producer_merchant,2020-06-09,18289,101180,-82891,-1028,475661,-17.4
disagg_fut,088691,"Gold, COMEX (GLD proxy)",producer_merchant,2020-06-16,17761,105338,-87577,-4686,489563,-17.9
disagg_fut,088691,"Gold, COMEX (GLD proxy)",producer_merchant,2020-06-23,17771,111941,-94170,-6593,532101,-17.7
disagg_fut,088691,"Gold, COMEX (GLD proxy)",producer_merchant,2020-06-30,19798,115221,-95423,-1253,561628,-17.0
disagg_fut,088691,"Gold, COMEX (GLD proxy)",producer_merchant,2020-07-07,20352,112705,-92353,3070,572776,-16.1
disagg_fut,088691,"Gold, COMEX (GLD proxy)",producer_merchant,2020-07-14,22532,118784,-96252,-3899,580175,-16.6
disagg_fut,088691,"Gold, COMEX (GLD proxy)",producer_merchant,2020-07-21,23045,123303,-100258,-4006,603138,-16.6
disagg_fut,088691,"Gold, COMEX (GLD proxy)",producer_merchant,2020-07-28,20494,110969,-90475,9783,598629,-15.1
disagg_fut,088691,"Gold, COMEX (GLD proxy)",producer_merchant,2020-08-04,19158,116748,-97590,-7115,561837,-17.4
disagg_fut,088691,"Gold, COMEX (GLD proxy)",producer_merchant,2020-08-11,20119,113766,-93647,3943,553345,-16.9
disagg_fut,088691,"Gold, COMEX (GLD proxy)",producer_merchant,2020-08-18,19419,110411,-90992,2655,544010,-16.7
disagg_fut,088691,"Gold, COMEX (GLD proxy)",producer_merchant,2020-08-25,21545,114604,-93059,-2067,549282,-16.9
disagg_fut,088691,"Gold, COMEX (GLD proxy)",producer_merchant,2020-09-01,17887,115747,-97860,-4801,547704,-17.9
disagg_fut,088691,"Gold, COMEX (GLD proxy)",producer_merchant,2020-09-08,17766,118943,-101177,-3317,557457,-18.1
disagg_fut,088691,"Gold, COMEX (GLD proxy)",producer_merchant,2020-09-15,19681,121622,-101941,-764,578925,-17.6
disagg_fut,088691,"Gold, COMEX (GLD proxy)",producer_merchant,2020-09-22,20734,113771,-93037,8904,575877,-16.2
disagg_fut,088691,"Gold, COMEX (GLD proxy)",producer_merchant,2020-09-29,18095,114937,-96842,-3805,562396,-17.2
disagg_fut,088691,"Gold, COMEX (GLD proxy)",producer_merchant,2020-10-06,17090,114476,-97386,-544,555555,-17.5
disagg_fut,088691,"Gold, COMEX (GLD proxy)",producer_merchant,2020-10-13,15637,116151,-100514,-3128,553197,-18.2
disagg_fut,088691,"Gold, COMEX (GLD proxy)",producer_merchant,2020-10-20,16306,117914,-101608,-1094,562993,-18.0
disagg_fut,088691,"Gold, COMEX (GLD proxy)",producer_merchant,2020-10-27,16885,110953,-94068,7540,560900,-16.8
disagg_fut,088691,"Gold, COMEX (GLD proxy)",producer_merchant,2020-11-03,15422,108060,-92638,1430,544774,-17.0
disagg_fut,088691,"Gold, COMEX (GLD proxy)",producer_merchant,2020-11-10,15986,108842,-92856,-218,547449,-17.0
disagg_fut,088691,"Gold, COMEX (GLD proxy)",producer_merchant,2020-11-17,16015,113514,-97499,-4643,557533,-17.5
disagg_fut,088691,"Gold, COMEX (GLD proxy)",producer_merchant,2020-11-24,16425,112076,-95651,1848,555253,-17.2
disagg_fut,088691,"Gold, COMEX (GLD proxy)",producer_merchant,2020-12-01,18504,119429,-100925,-5274,538042,-18.8
disagg_fut,088691,"Gold, COMEX (GLD proxy)",producer_merchant,2020-12-08,15367,118240,-102873,-1948,549520,-18.7
disagg_fut,088691,"Gold, COMEX (GLD proxy)",producer_merchant,2020-12-15,14192,118294,-104102,-1229,550366,-18.9
disagg_fut,088691,"Gold, COMEX (GLD proxy)",producer_merchant,2020-12-21,12636,120377,-107741,,560769,-19.2
disagg_fut,088691,"Gold, COMEX (GLD proxy)",producer_merchant,2020-12-29,12327,117811,-105484,,556414,-19.0
disagg_fut,088691,"Gold, COMEX (GLD proxy)",producer_merchant,2021-01-05,13307,118767,-105460,24,568888,-18.5
disagg_fut,088691,"Gold, COMEX (GLD proxy)",producer_merchant,2021-01-12,15210,113944,-98734,6726,555538,-17.8
disagg_fut,088691,"Gold, COMEX (GLD proxy)",producer_merchant,2021-01-19,13477,114372,-100895,-2161,541330,-18.6
disagg_fut,088691,"Gold, COMEX (GLD proxy)",producer_merchant,2021-01-26,10278,113013,-102735,-1840,534574,-19.2
disagg_fut,088691,"Gold, COMEX (GLD proxy)",producer_merchant,2021-02-02,10760,114887,-104127,-1392,520011,-20.0
disagg_fut,088691,"Gold, COMEX (GLD proxy)",producer_merchant,2021-02-09,9490,112486,-102996,1131,506741,-20.3
disagg_fut,088691,"Gold, COMEX (GLD proxy)",producer_merchant,2021-02-16,11567,111400,-99833,3163,503016,-19.8
disagg_fut,088691,"Gold, COMEX (GLD proxy)",producer_merchant,2021-02-23,10658,103728,-93070,6763,481125,-19.3
disagg_fut,088691,"Gold, COMEX (GLD proxy)",producer_merchant,2021-03-02,12025,98920,-86895,6175,467008,-18.6
disagg_fut,088691,"Gold, COMEX (GLD proxy)",producer_merchant,2021-03-09,14579,96258,-81679,5216,473871,-17.2
disagg_fut,088691,"Gold, COMEX (GLD proxy)",producer_merchant,2021-03-16,15152,94226,-79074,2605,476467,-16.6
disagg_fut,088691,"Gold, COMEX (GLD proxy)",producer_merchant,2021-03-23,15470,93043,-77573,1501,485457,-16.0
disagg_fut,088691,"Gold, COMEX (GLD proxy)",producer_merchant,2021-03-30,16441,89329,-72888,4685,467321,-15.6
disagg_fut,088691,"Gold, COMEX (GLD proxy)",producer_merchant,2021-04-06,11916,90527,-78611,-5723,463353,-17.0
disagg_fut,088691,"Gold, COMEX (GLD proxy)",producer_merchant,2021-04-13,11585,86637,-75052,3559,460733,-16.3
disagg_fut,088691,"Gold, COMEX (GLD proxy)",producer_merchant,2021-04-20,11755,87520,-75765,-713,471738,-16.1
disagg_fut,088691,"Gold, COMEX (GLD proxy)",producer_merchant,2021-04-27,11542,83268,-71726,4039,473305,-15.2
disagg_fut,088691,"Gold, COMEX (GLD proxy)",producer_merchant,2021-05-04,11043,78286,-67243,4483,470341,-14.3
disagg_fut,088691,"Gold, COMEX (GLD proxy)",producer_merchant,2021-05-11,16359,87150,-70791,-3548,498693,-14.2
disagg_fut,088691,"Gold, COMEX (GLD proxy)",producer_merchant,2021-05-18,18969,84133,-65164,5627,520410,-12.5
disagg_fut,088691,"Gold, COMEX (GLD proxy)",producer_merchant,2021-05-25,12526,90986,-78460,-13296,510164,-15.4
disagg_fut,088691,"Gold, COMEX (GLD proxy)",producer_merchant,2021-06-01,11017,80820,-69803,8657,489198,-14.3
disagg_fut,088691,"Gold, COMEX (GLD proxy)",producer_merchant,2021-06-08,13828,78884,-65056,4747,491858,-13.2
disagg_fut,088691,"Gold, COMEX (GLD proxy)",producer_merchant,2021-06-15,15205,79346,-64141,915,480127,-13.4
disagg_fut,088691,"Gold, COMEX (GLD proxy)",producer_merchant,2021-06-22,14480,70690,-56210,7931,453940,-12.4
disagg_fut,088691,"Gold, COMEX (GLD proxy)",producer_merchant,2021-06-29,14517,68972,-54455,1755,453360,-12.0
disagg_fut,088691,"Gold, COMEX (GLD proxy)",producer_merchant,2021-07-06,14158,75008,-60850,-6395,465811,-13.1
disagg_fut,088691,"Gold, COMEX (GLD proxy)",producer_merchant,2021-07-13,14757,75926,-61169,-319,495798,-12.3
disagg_fut,088691,"Gold, COMEX (GLD proxy)",producer_merchant,2021-07-20,14367,78197,-63830,-2661,490520,-13.0
disagg_fut,088691,"Gold, COMEX (GLD proxy)",producer_merchant,2021-07-27,13874,70160,-56286,7544,500187,-11.3
disagg_fut,088691,"Gold, COMEX (GLD proxy)",producer_merchant,2021-08-03,17427,73826,-56399,-113,485663,-11.6
disagg_fut,088691,"Gold, COMEX (GLD proxy)",producer_merchant,2021-08-10,15344,62975,-47631,8768,477232,-10.0
disagg_fut,088691,"Gold, COMEX (GLD proxy)",producer_merchant,2021-08-17,14549,66385,-51836,-4205,485485,-10.7
disagg_fut,088691,"Gold, COMEX (GLD proxy)",producer_merchant,2021-08-24,14405,69571,-55166,-3330,504735,-10.9
disagg_fut,088691,"Gold, COMEX (GLD proxy)",producer_merchant,2021-08-31,13580,66321,-52741,2425,507113,-10.4
disagg_fut,088691,"Gold, COMEX (GLD proxy)",producer_merchant,2021-09-07,14223,66798,-52575,166,506772,-10.4
disagg_fut,088691,"Gold, COMEX (GLD proxy)",producer_merchant,2021-09-14,13149,67186,-54037,-1462,506356,-10.7
disagg_fut,088691,"Gold, COMEX (GLD proxy)",producer_merchant,2021-09-21,15089,61902,-46813,7224,492765,-9.5
disagg_fut,088691,"Gold, COMEX (GLD proxy)",producer_merchant,2021-09-28,18460,60320,-41860,4953,490858,-8.5
disagg_fut,088691,"Gold, COMEX (GLD proxy)",producer_merchant,2021-10-05,14867,57675,-42808,-948,483789,-8.8
disagg_fut,088691,"Gold, COMEX (GLD proxy)",producer_merchant,2021-10-12,14259,62099,-47840,-5032,484382,-9.9
disagg_fut,088691,"Gold, COMEX (GLD proxy)",producer_merchant,2021-10-19,12474,63126,-50652,-2812,485974,-10.4
disagg_fut,088691,"Gold, COMEX (GLD proxy)",producer_merchant,2021-10-26,13505,64600,-51095,-443,509794,-10.0
disagg_fut,088691,"Gold, COMEX (GLD proxy)",producer_merchant,2021-11-02,13986,66307,-52321,-1226,507616,-10.3
disagg_fut,088691,"Gold, COMEX (GLD proxy)",producer_merchant,2021-11-09,17412,76212,-58800,-6479,571025,-10.3
disagg_fut,088691,"Gold, COMEX (GLD proxy)",producer_merchant,2021-11-16,17998,86192,-68194,-9394,612612,-11.1
disagg_fut,088691,"Gold, COMEX (GLD proxy)",producer_merchant,2021-11-23,14322,82848,-68526,-332,559823,-12.2
disagg_fut,088691,"Gold, COMEX (GLD proxy)",producer_merchant,2021-11-30,13584,67407,-53823,14703,531868,-10.1
disagg_fut,088691,"Gold, COMEX (GLD proxy)",producer_merchant,2021-12-07,11713,65860,-54147,-324,499307,-10.8
disagg_fut,088691,"Gold, COMEX (GLD proxy)",producer_merchant,2021-12-14,11823,63346,-51523,2624,503709,-10.2
disagg_fut,088691,"Gold, COMEX (GLD proxy)",producer_merchant,2021-12-21,11693,67486,-55793,-4270,500846,-11.1
disagg_fut,088691,"Gold, COMEX (GLD proxy)",producer_merchant,2021-12-28,11047,69200,-58153,-2360,508912,-11.4
disagg_fut,088691,"Gold, COMEX (GLD proxy)",producer_merchant,2022-01-04,11574,65049,-53475,4678,502717,-10.6
disagg_fut,088691,"Gold, COMEX (GLD proxy)",producer_merchant,2022-01-11,15004,65710,-50706,2769,546516,-9.3
disagg_fut,088691,"Gold, COMEX (GLD proxy)",producer_merchant,2022-01-18,19188,70150,-50962,-256,539204,-9.5
disagg_fut,088691,"Gold, COMEX (GLD proxy)",producer_merchant,2022-01-25,13494,79264,-65770,-14808,572078,-11.5
disagg_fut,088691,"Gold, COMEX (GLD proxy)",producer_merchant,2022-02-01,13294,65627,-52333,13437,515331,-10.2
disagg_fut,088691,"Gold, COMEX (GLD proxy)",producer_merchant,2022-02-08,12653,66144,-53491,-1158,512842,-10.4
disagg_fut,088691,"Gold, COMEX (GLD proxy)",producer_merchant,2022-02-15,13840,77522,-63682,-10191,558645,-11.4
disagg_fut,088691,"Gold, COMEX (GLD proxy)",producer_merchant,2022-02-22,14747,85658,-70911,-7229,611488,-11.6
disagg_fut,088691,"Gold, COMEX (GLD proxy)",producer_merchant,2022-03-01,18689,94503,-75814,-4903,615600,-12.3
disagg_fut,088691,"Gold, COMEX (GLD proxy)",producer_merchant,2022-03-08,23736,99813,-76077,-263,638502,-11.9
disagg_fut,088691,"Gold, COMEX (GLD proxy)",producer_merchant,2022-03-15,26287,93725,-67438,8639,617605,-10.9
disagg_fut,088691,"Gold, COMEX (GLD proxy)",producer_merchant,2022-03-22,28886,93799,-64913,2525,605191,-10.7
disagg_fut,088691,"Gold, COMEX (GLD proxy)",producer_merchant,2022-03-29,18389,70315,-51926,12987,574521,-9.0
disagg_fut,088691,"Gold, COMEX (GLD proxy)",producer_merchant,2022-04-05,18989,71333,-52344,-418,560666,-9.3
disagg_fut,088691,"Gold, COMEX (GLD proxy)",producer_merchant,2022-04-12,20272,72001,-51729,615,577639,-9.0
disagg_fut,088691,"Gold, COMEX (GLD proxy)",producer_merchant,2022-04-19,22596,72545,-49949,1780,575202,-8.7
disagg_fut,088691,"Gold, COMEX (GLD proxy)",producer_merchant,2022-04-26,22665,66838,-44173,5776,557785,-7.9
disagg_fut,088691,"Gold, COMEX (GLD proxy)",producer_merchant,2022-05-03,23431,63612,-40181,3992,560441,-7.2
disagg_fut,088691,"Gold, COMEX (GLD proxy)",producer_merchant,2022-05-10,22242,65143,-42901,-2720,571447,-7.5
disagg_fut,088691,"Gold, COMEX (GLD proxy)",producer_merchant,2022-05-17,24468,62025,-37557,5344,555756,-6.8
disagg_fut,088691,"Gold, COMEX (GLD proxy)",producer_merchant,2022-05-24,21184,63194,-42010,-4453,530098,-7.9
disagg_fut,088691,"Gold, COMEX (GLD proxy)",producer_merchant,2022-05-31,19970,65269,-45299,-3289,513722,-8.8
disagg_fut,088691,"Gold, COMEX (GLD proxy)",producer_merchant,2022-06-07,16570,61112,-44542,757,494130,-9.0
disagg_fut,088691,"Gold, COMEX (GLD proxy)",producer_merchant,2022-06-14,14920,55975,-41055,3487,497456,-8.3
disagg_fut,088691,"Gold, COMEX (GLD proxy)",producer_merchant,2022-06-21,13019,57208,-44189,-3134,500276,-8.8
disagg_fut,088691,"Gold, COMEX (GLD proxy)",producer_merchant,2022-06-28,13971,57758,-43787,402,497005,-8.8
disagg_fut,088691,"Gold, COMEX (GLD proxy)",producer_merchant,2022-07-05,15404,53894,-38490,5297,498210,-7.7
disagg_fut,088691,"Gold, COMEX (GLD proxy)",producer_merchant,2022-07-12,18149,46218,-28069,10421,542493,-5.2
disagg_fut,088691,"Gold, COMEX (GLD proxy)",producer_merchant,2022-07-19,21601,46644,-25043,3026,524786,-4.8
disagg_fut,088691,"Gold, COMEX (GLD proxy)",producer_merchant,2022-07-26,16057,41222,-25165,-122,487515,-5.2
disagg_fut,088691,"Gold, COMEX (GLD proxy)",producer_merchant,2022-08-02,13831,44218,-30387,-5222,459649,-6.6
disagg_fut,088691,"Gold, COMEX (GLD proxy)",producer_merchant,2022-08-09,12940,49401,-36461,-6074,453540,-8.0
disagg_fut,088691,"Gold, COMEX (GLD proxy)",producer_merchant,2022-08-16,14278,48802,-34524,1937,453960,-7.6
disagg_fut,088691,"Gold, COMEX (GLD proxy)",producer_merchant,2022-08-23,14957,47144,-32187,2337,457762,-7.0
disagg_fut,088691,"Gold, COMEX (GLD proxy)",producer_merchant,2022-08-30,14612,45959,-31347,840,459165,-6.8
disagg_fut,088691,"Gold, COMEX (GLD proxy)",producer_merchant,2022-09-06,15564,41624,-26060,5287,465908,-5.6
disagg_fut,088691,"Gold, COMEX (GLD proxy)",producer_merchant,2022-09-13,12589,39708,-27119,-1059,463674,-5.8
disagg_fut,088691,"Gold, COMEX (GLD proxy)",producer_merchant,2022-09-20,16194,33858,-17664,9455,469395,-3.8
disagg_fut,088691,"Gold, COMEX (GLD proxy)",producer_merchant,2022-09-27,15381,28004,-12623,5041,457061,-2.8
disagg_fut,088691,"Gold, COMEX (GLD proxy)",producer_merchant,2022-10-04,12114,31266,-19152,-6529,437065,-4.4
disagg_fut,088691,"Gold, COMEX (GLD proxy)",producer_merchant,2022-10-11,11578,34246,-22668,-3516,431395,-5.3
disagg_fut,088691,"Gold, COMEX (GLD proxy)",producer_merchant,2022-10-18,14351,29916,-15565,7103,434701,-3.6
disagg_fut,088691,"Gold, COMEX (GLD proxy)",producer_merchant,2022-10-25,18036,28462,-10426,5139,456072,-2.3
disagg_fut,088691,"Gold, COMEX (GLD proxy)",producer_merchant,2022-11-01,17255,26028,-8773,1653,467276,-1.9
disagg_fut,088691,"Gold, COMEX (GLD proxy)",producer_merchant,2022-11-08,16738,35324,-18586,-9813,488471,-3.8
disagg_fut,088691,"Gold, COMEX (GLD proxy)",producer_merchant,2022-11-15,14602,51584,-36982,-18396,495171,-7.5
disagg_fut,088691,"Gold, COMEX (GLD proxy)",producer_merchant,2022-11-22,14133,54527,-40394,-3412,449542,-9.0
disagg_fut,088691,"Gold, COMEX (GLD proxy)",producer_merchant,2022-11-29,12158,48784,-36626,3768,433661,-8.4
disagg_fut,088691,"Gold, COMEX (GLD proxy)",producer_merchant,2022-12-06,11712,49665,-37953,-1327,422100,-9.0
disagg_fut,088691,"Gold, COMEX (GLD proxy)",producer_merchant,2022-12-13,13758,50601,-36843,1110,437040,-8.4
disagg_fut,088691,"Gold, COMEX (GLD proxy)",producer_merchant,2022-12-20,13860,51557,-37697,-854,436653,-8.6
disagg_fut,088691,"Gold, COMEX (GLD proxy)",producer_merchant,2022-12-27,13950,56342,-42392,-4695,440040,-9.6
disagg_fut,088691,"Gold, COMEX (GLD proxy)",producer_merchant,2023-01-03,13217,57119,-43902,-1510,449393,-9.8
disagg_fut,088691,"Gold, COMEX (GLD proxy)",producer_merchant,2023-01-10,12243,60946,-48703,-4801,481519,-10.1
disagg_fut,088691,"Gold, COMEX (GLD proxy)",producer_merchant,2023-01-17,14854,58789,-43935,4768,491818,-8.9
disagg_fut,088691,"Gold, COMEX (GLD proxy)",producer_merchant,2023-01-24,12705,54314,-41609,2326,499927,-8.3
disagg_fut,088691,"Gold, COMEX (GLD proxy)",producer_merchant,2023-01-31,14955,51775,-36820,4789,471642,-7.8
disagg_fut,088691,"Gold, COMEX (GLD proxy)",producer_merchant,2023-02-07,15251,46233,-30982,5838,439755,-7.0
disagg_fut,088691,"Gold, COMEX (GLD proxy)",producer_merchant,2023-02-14,12225,42118,-29893,1089,426116,-7.0
disagg_fut,088691,"Gold, COMEX (GLD proxy)",producer_merchant,2023-02-21,10696,40479,-29783,110,422648,-7.0
disagg_fut,088691,"Gold, COMEX (GLD proxy)",producer_merchant,2023-02-28,12772,41995,-29223,560,426890,-6.8
disagg_fut,088691,"Gold, COMEX (GLD proxy)",producer_merchant,2023-03-07,11617,41216,-29599,-376,458474,-6.5
disagg_fut,088691,"Gold, COMEX (GLD proxy)",producer_merchant,2023-03-14,11602,47669,-36067,-6468,459064,-7.9
disagg_fut,088691,"Gold, COMEX (GLD proxy)",producer_merchant,2023-03-21,14502,55788,-41286,-5219,469874,-8.8
disagg_fut,088691,"Gold, COMEX (GLD proxy)",producer_merchant,2023-03-28,15709,60038,-44329,-3043,478611,-9.3
disagg_fut,088691,"Gold, COMEX (GLD proxy)",producer_merchant,2023-04-04,15763,51702,-35939,8390,476592,-7.5
disagg_fut,088691,"Gold, COMEX (GLD proxy)",producer_merchant,2023-04-11,16516,51449,-34933,1006,476567,-7.3
disagg_fut,088691,"Gold, COMEX (GLD proxy)",producer_merchant,2023-04-18,17347,51291,-33944,989,482254,-7.0
disagg_fut,088691,"Gold, COMEX (GLD proxy)",producer_merchant,2023-04-25,17543,52563,-35020,-1076,473209,-7.4
disagg_fut,088691,"Gold, COMEX (GLD proxy)",producer_merchant,2023-05-02,18762,54293,-35531,-511,493804,-7.2
disagg_fut,088691,"Gold, COMEX (GLD proxy)",producer_merchant,2023-05-09,18250,55018,-36768,-1237,518951,-7.1
disagg_fut,088691,"Gold, COMEX (GLD proxy)",producer_merchant,2023-05-16,18148,52362,-34214,2554,521832,-6.6
disagg_fut,088691,"Gold, COMEX (GLD proxy)",producer_merchant,2023-05-23,18435,44860,-26425,7789,479080,-5.5
disagg_fut,088691,"Gold, COMEX (GLD proxy)",producer_merchant,2023-05-30,12396,43768,-31372,-4947,449515,-7.0
disagg_fut,088691,"Gold, COMEX (GLD proxy)",producer_merchant,2023-06-06,13860,43638,-29778,1594,436301,-6.8
disagg_fut,088691,"Gold, COMEX (GLD proxy)",producer_merchant,2023-06-13,14225,41384,-27159,2619,432898,-6.3
disagg_fut,088691,"Gold, COMEX (GLD proxy)",producer_merchant,2023-06-20,13663,40542,-26879,280,438037,-6.1
disagg_fut,088691,"Gold, COMEX (GLD proxy)",producer_merchant,2023-06-27,11393,37626,-26233,646,431861,-6.1
disagg_fut,088691,"Gold, COMEX (GLD proxy)",producer_merchant,2023-07-03,13966,41391,-27425,,448063,-6.1
disagg_fut,088691,"Gold, COMEX (GLD proxy)",producer_merchant,2023-07-11,13062,42136,-29074,,483170,-6.0
disagg_fut,088691,"Gold, COMEX (GLD proxy)",producer_merchant,2023-07-18,14281,53555,-39274,-10200,482104,-8.1
disagg_fut,088691,"Gold, COMEX (GLD proxy)",producer_merchant,2023-07-25,16452,55396,-38944,330,476176,-8.2
disagg_fut,088691,"Gold, COMEX (GLD proxy)",producer_merchant,2023-08-01,16334,46546,-30212,8732,439383,-6.9
disagg_fut,088691,"Gold, COMEX (GLD proxy)",producer_merchant,2023-08-08,15411,41861,-26450,3762,427759,-6.2
disagg_fut,088691,"Gold, COMEX (GLD proxy)",producer_merchant,2023-08-15,17862,39392,-21530,4920,433611,-5.0
disagg_fut,088691,"Gold, COMEX (GLD proxy)",producer_merchant,2023-08-22,18338,35940,-17602,3928,430239,-4.1
disagg_fut,088691,"Gold, COMEX (GLD proxy)",producer_merchant,2023-08-29,20564,41031,-20467,-2865,442806,-4.6
disagg_fut,088691,"Gold, COMEX (GLD proxy)",producer_merchant,2023-09-05,17994,42368,-24374,-3907,438672,-5.6
disagg_fut,088691,"Gold, COMEX (GLD proxy)",producer_merchant,2023-09-12,17361,39709,-22348,2026,441221,-5.1
disagg_fut,088691,"Gold, COMEX (GLD proxy)",producer_merchant,2023-09-19,15305,40593,-25288,-2940,438078,-5.8
disagg_fut,088691,"Gold, COMEX (GLD proxy)",producer_merchant,2023-09-26,13152,39819,-26667,-1379,435620,-6.1
disagg_fut,088691,"Gold, COMEX (GLD proxy)",producer_merchant,2023-10-03,16614,38810,-22196,4471,431226,-5.1
disagg_fut,088691,"Gold, COMEX (GLD proxy)",producer_merchant,2023-10-10,19010,37437,-18427,3769,436499,-4.2
disagg_fut,088691,"Gold, COMEX (GLD proxy)",producer_merchant,2023-10-17,11737,41703,-29966,-11539,439581,-6.8
disagg_fut,088691,"Gold, COMEX (GLD proxy)",producer_merchant,2023-10-24,10642,50787,-40145,-10179,463476,-8.7
disagg_fut,088691,"Gold, COMEX (GLD proxy)",producer_merchant,2023-10-31,11165,55350,-44185,-4040,475808,-9.3
disagg_fut,088691,"Gold, COMEX (GLD proxy)",producer_merchant,2023-11-07,10487,55470,-44983,-798,484347,-9.3
disagg_fut,088691,"Gold, COMEX (GLD proxy)",producer_merchant,2023-11-14,12176,55241,-43065,1918,486634,-8.8
disagg_fut,088691,"Gold, COMEX (GLD proxy)",producer_merchant,2023-11-21,14081,59990,-45909,-2844,508429,-9.0
disagg_fut,088691,"Gold, COMEX (GLD proxy)",producer_merchant,2023-11-28,14333,64941,-50608,-4699,505658,-10.0
disagg_fut,088691,"Gold, COMEX (GLD proxy)",producer_merchant,2023-12-05,12631,62325,-49694,914,487469,-10.2
disagg_fut,088691,"Gold, COMEX (GLD proxy)",producer_merchant,2023-12-12,13420,58535,-45115,4579,469939,-9.6
disagg_fut,088691,"Gold, COMEX (GLD proxy)",producer_merchant,2023-12-19,12836,60852,-48016,-2901,481203,-10.0
disagg_fut,088691,"Gold, COMEX (GLD proxy)",producer_merchant,2023-12-26,13243,58256,-45013,3003,491343,-9.2
disagg_fut,088691,"Gold, COMEX (GLD proxy)",producer_merchant,2024-01-02,13674,55375,-41701,3312,500364,-8.3
disagg_fut,088691,"Gold, COMEX (GLD proxy)",producer_merchant,2024-01-09,11949,56950,-45001,-3300,489849,-9.2
disagg_fut,088691,"Gold, COMEX (GLD proxy)",producer_merchant,2024-01-16,12864,53418,-40554,4447,489334,-8.3
disagg_fut,088691,"Gold, COMEX (GLD proxy)",producer_merchant,2024-01-23,13724,52673,-38949,1605,465872,-8.4
disagg_fut,088691,"Gold, COMEX (GLD proxy)",producer_merchant,2024-01-30,15272,49631,-34359,4590,430328,-8.0
disagg_fut,088691,"Gold, COMEX (GLD proxy)",producer_merchant,2024-02-06,14285,50903,-36618,-2259,419121,-8.7
disagg_fut,088691,"Gold, COMEX (GLD proxy)",producer_merchant,2024-02-13,15888,48131,-32243,4375,420812,-7.7
disagg_fut,088691,"Gold, COMEX (GLD proxy)",producer_merchant,2024-02-20,10614,49065,-38451,-6208,407063,-9.4
disagg_fut,088691,"Gold, COMEX (GLD proxy)",producer_merchant,2024-02-27,11378,51050,-39672,-1221,411195,-9.6
disagg_fut,088691,"Gold, COMEX (GLD proxy)",producer_merchant,2024-03-05,11650,60537,-48887,-9215,471616,-10.4
disagg_fut,088691,"Gold, COMEX (GLD proxy)",producer_merchant,2024-03-12,30471,78911,-48440,447,516057,-9.4
disagg_fut,088691,"Gold, COMEX (GLD proxy)",producer_merchant,2024-03-19,32136,81346,-49210,-770,535047,-9.2
disagg_fut,088691,"Gold, COMEX (GLD proxy)",producer_merchant,2024-03-26,32765,80270,-47505,1705,503642,-9.4
disagg_fut,088691,"Gold, COMEX (GLD proxy)",producer_merchant,2024-04-02,32235,77122,-44887,2618,500045,-9.0
disagg_fut,088691,"Gold, COMEX (GLD proxy)",producer_merchant,2024-04-09,34191,76217,-42026,2861,505214,-8.3
disagg_fut,088691,"Gold, COMEX (GLD proxy)",producer_merchant,2024-04-16,37797,71700,-33903,8123,517193,-6.6
disagg_fut,088691,"Gold, COMEX (GLD proxy)",producer_merchant,2024-04-23,37917,70510,-32593,1310,516249,-6.3
disagg_fut,088691,"Gold, COMEX (GLD proxy)",producer_merchant,2024-04-30,37917,68644,-30727,1866,519791,-5.9
disagg_fut,088691,"Gold, COMEX (GLD proxy)",producer_merchant,2024-05-07,35488,67658,-32170,-1443,529835,-6.1
disagg_fut,088691,"Gold, COMEX (GLD proxy)",producer_merchant,2024-05-14,35446,65005,-29559,2611,522952,-5.7
disagg_fut,088691,"Gold, COMEX (GLD proxy)",producer_merchant,2024-05-21,20490,57460,-36970,-7411,530591,-7.0
disagg_fut,088691,"Gold, COMEX (GLD proxy)",producer_merchant,2024-05-28,18542,59186,-40644,-3674,485430,-8.4
disagg_fut,088691,"Gold, COMEX (GLD proxy)",producer_merchant,2024-06-04,15962,55848,-39886,758,447488,-8.9
disagg_fut,088691,"Gold, COMEX (GLD proxy)",producer_merchant,2024-06-11,15922,56729,-40807,-921,436857,-9.3
disagg_fut,088691,"Gold, COMEX (GLD proxy)",producer_merchant,2024-06-18,15030,57588,-42558,-1751,444345,-9.6
disagg_fut,088691,"Gold, COMEX (GLD proxy)",producer_merchant,2024-06-25,15601,58204,-42603,-45,452190,-9.4
disagg_fut,088691,"Gold, COMEX (GLD proxy)",producer_merchant,2024-07-02,14424,59169,-44745,-2142,454730,-9.8
disagg_fut,088691,"Gold, COMEX (GLD proxy)",producer_merchant,2024-07-09,14031,66422,-52391,-7646,516324,-10.1
disagg_fut,088691,"Gold, COMEX (GLD proxy)",producer_merchant,2024-07-16,23789,84107,-60318,-7927,579862,-10.4
disagg_fut,088691,"Gold, COMEX (GLD proxy)",producer_merchant,2024-07-23,15685,69900,-54215,6103,572306,-9.5
disagg_fut,088691,"Gold, COMEX (GLD proxy)",producer_merchant,2024-07-30,19913,64678,-44765,9450,510914,-8.8
disagg_fut,088691,"Gold, COMEX (GLD proxy)",producer_merchant,2024-08-06,16637,63782,-47145,-2380,480645,-9.8
disagg_fut,088691,"Gold, COMEX (GLD proxy)",producer_merchant,2024-08-13,16717,69652,-52935,-5790,505872,-10.5
disagg_fut,088691,"Gold, COMEX (GLD proxy)",producer_merchant,2024-08-20,15569,79564,-63995,-11060,532867,-12.0
disagg_fut,088691,"Gold, COMEX (GLD proxy)",producer_merchant,2024-08-27,10714,79098,-68384,-4389,521759,-13.1
disagg_fut,088691,"Gold, COMEX (GLD proxy)",producer_merchant,2024-09-03,11841,81470,-69629,-1245,511136,-13.6
disagg_fut,088691,"Gold, COMEX (GLD proxy)",producer_merchant,2024-09-10,12568,87942,-75374,-5745,511501,-14.7
disagg_fut,088691,"Gold, COMEX (GLD proxy)",producer_merchant,2024-09-17,12663,90250,-77587,-2213,537627,-14.4
disagg_fut,088691,"Gold, COMEX (GLD proxy)",producer_merchant,2024-09-24,13517,93547,-80030,-2443,564640,-14.2
disagg_fut,088691,"Gold, COMEX (GLD proxy)",producer_merchant,2024-10-01,12220,87446,-75226,4804,533107,-14.1
disagg_fut,088691,"Gold, COMEX (GLD proxy)",producer_merchant,2024-10-08,12830,83981,-71151,4075,520316,-13.7
disagg_fut,088691,"Gold, COMEX (GLD proxy)",producer_merchant,2024-10-15,13088,87786,-74698,-3547,541232,-13.8
disagg_fut,088691,"Gold, COMEX (GLD proxy)",producer_merchant,2024-10-22,12942,95037,-82095,-7397,573760,-14.3
disagg_fut,088691,"Gold, COMEX (GLD proxy)",producer_merchant,2024-10-29,12379,86999,-74620,7475,579468,-12.9
disagg_fut,088691,"Gold, COMEX (GLD proxy)",producer_merchant,2024-11-05,13066,82429,-69363,5257,558034,-12.4
disagg_fut,088691,"Gold, COMEX (GLD proxy)",producer_merchant,2024-11-12,13211,80667,-67456,1907,535981,-12.6
disagg_fut,088691,"Gold, COMEX (GLD proxy)",producer_merchant,2024-11-19,13787,84104,-70317,-2861,502952,-14.0
disagg_fut,088691,"Gold, COMEX (GLD proxy)",producer_merchant,2024-11-26,14309,81389,-67080,3237,472660,-14.2
disagg_fut,088691,"Gold, COMEX (GLD proxy)",producer_merchant,2024-12-03,10967,73308,-62341,4739,462040,-13.5
disagg_fut,088691,"Gold, COMEX (GLD proxy)",producer_merchant,2024-12-10,11204,77649,-66445,-4104,483346,-13.7
disagg_fut,088691,"Gold, COMEX (GLD proxy)",producer_merchant,2024-12-17,9971,82426,-72455,-6010,466571,-15.5
disagg_fut,088691,"Gold, COMEX (GLD proxy)",producer_merchant,2024-12-24,9198,83987,-74789,-2334,454646,-16.4
disagg_fut,088691,"Gold, COMEX (GLD proxy)",producer_merchant,2024-12-31,9983,83344,-73361,1428,458584,-16.0
disagg_fut,088691,"Gold, COMEX (GLD proxy)",producer_merchant,2025-01-07,10137,81104,-70967,2394,477043,-14.9
disagg_fut,088691,"Gold, COMEX (GLD proxy)",producer_merchant,2025-01-14,21043,95030,-73987,-3020,526467,-14.1
disagg_fut,088691,"Gold, COMEX (GLD proxy)",producer_merchant,2025-01-21,20111,100717,-80606,-6619,571387,-14.1
disagg_fut,088691,"Gold, COMEX (GLD proxy)",producer_merchant,2025-01-28,19532,100430,-80898,-292,577505,-14.0
disagg_fut,088691,"Gold, COMEX (GLD proxy)",producer_merchant,2025-02-04,19046,82490,-63444,17454,542004,-11.7
disagg_fut,088691,"Gold, COMEX (GLD proxy)",producer_merchant,2025-02-11,20935,81836,-60901,2543,528719,-11.5
disagg_fut,088691,"Gold, COMEX (GLD proxy)",producer_merchant,2025-02-18,22176,82595,-60419,482,522330,-11.6
disagg_fut,088691,"Gold, COMEX (GLD proxy)",producer_merchant,2025-02-25,24007,84497,-60490,-71,512179,-11.8
disagg_fut,088691,"Gold, COMEX (GLD proxy)",producer_merchant,2025-03-04,24881,83460,-58579,1911,489270,-12.0
disagg_fut,088691,"Gold, COMEX (GLD proxy)",producer_merchant,2025-03-11,24799,82058,-57259,1320,511276,-11.2
disagg_fut,088691,"Gold, COMEX (GLD proxy)",producer_merchant,2025-03-18,23881,88261,-64380,-7121,533566,-12.1
disagg_fut,088691,"Gold, COMEX (GLD proxy)",producer_merchant,2025-03-25,14682,77439,-62757,1623,511482,-12.3
disagg_fut,088691,"Gold, COMEX (GLD proxy)",producer_merchant,2025-04-01,11538,73853,-62315,442,498746,-12.5
disagg_fut,088691,"Gold, COMEX (GLD proxy)",producer_merchant,2025-04-08,14087,66734,-52647,9668,445468,-11.8
disagg_fut,088691,"Gold, COMEX (GLD proxy)",producer_merchant,2025-04-15,14214,65819,-51605,1042,456628,-11.3
disagg_fut,088691,"Gold, COMEX (GLD proxy)",producer_merchant,2025-04-22,18110,63420,-45310,6295,465351,-9.7
disagg_fut,088691,"Gold, COMEX (GLD proxy)",producer_merchant,2025-04-29,17714,62788,-45074,236,451868,-10.0
disagg_fut,088691,"Gold, COMEX (GLD proxy)",producer_merchant,2025-05-06,17705,62990,-45285,-211,452414,-10.0
disagg_fut,088691,"Gold, COMEX (GLD proxy)",producer_merchant,2025-05-13,17651,59184,-41533,3752,440842,-9.4
disagg_fut,088691,"Gold, COMEX (GLD proxy)",producer_merchant,2025-05-20,20202,59019,-38817,2716,448000,-8.7
disagg_fut,088691,"Gold, COMEX (GLD proxy)",producer_merchant,2025-05-27,15935,62127,-46192,-7375,437538,-10.6
disagg_fut,088691,"Gold, COMEX (GLD proxy)",producer_merchant,2025-06-03,14319,62427,-48108,-1916,415941,-11.6
disagg_fut,088691,"Gold, COMEX (GLD proxy)",producer_merchant,2025-06-10,13381,62746,-49365,-1257,417143,-11.8
disagg_fut,088691,"Gold, COMEX (GLD proxy)",producer_merchant,2025-06-17,11066,64028,-52962,-3597,441214,-12.0
disagg_fut,088691,"Gold, COMEX (GLD proxy)",producer_merchant,2025-06-24,12319,62734,-50415,2547,434958,-11.6
disagg_fut,088691,"Gold, COMEX (GLD proxy)",producer_merchant,2025-07-01,12005,61418,-49413,1002,437662,-11.3
disagg_fut,088691,"Gold, COMEX (GLD proxy)",producer_merchant,2025-07-08,13615,60427,-46812,2601,443144,-10.6
disagg_fut,088691,"Gold, COMEX (GLD proxy)",producer_merchant,2025-07-15,14716,61452,-46736,76,448531,-10.4
disagg_fut,088691,"Gold, COMEX (GLD proxy)",producer_merchant,2025-07-22,11207,62569,-51362,-4626,489423,-10.5
disagg_fut,088691,"Gold, COMEX (GLD proxy)",producer_merchant,2025-07-29,12294,60464,-48170,3192,445259,-10.8
disagg_fut,088691,"Gold, COMEX (GLD proxy)",producer_merchant,2025-08-05,21760,55777,-34017,14153,449647,-7.6
disagg_fut,088691,"Gold, COMEX (GLD proxy)",producer_merchant,2025-08-12,9324,49074,-39750,-5733,446152,-8.9
disagg_fut,088691,"Gold, COMEX (GLD proxy)",producer_merchant,2025-08-19,9389,49394,-40005,-255,438541,-9.1
disagg_fut,088691,"Gold, COMEX (GLD proxy)",producer_merchant,2025-08-26,9620,51948,-42328,-2323,443760,-9.5
disagg_fut,088691,"Gold, COMEX (GLD proxy)",producer_merchant,2025-09-02,8209,63511,-55302,-12974,492908,-11.2
disagg_fut,088691,"Gold, COMEX (GLD proxy)",producer_merchant,2025-09-09,9864,72418,-62554,-7252,509625,-12.3
disagg_fut,088691,"Gold, COMEX (GLD proxy)",producer_merchant,2025-09-16,10992,76376,-65384,-2830,516221,-12.7
disagg_fut,088691,"Gold, COMEX (GLD proxy)",producer_merchant,2025-09-23,11851,79003,-67152,-1768,528789,-12.7
disagg_fut,088691,"Gold, COMEX (GLD proxy)",producer_merchant,2025-09-30,10432,75829,-65397,1755,493748,-13.2
disagg_fut,088691,"Gold, COMEX (GLD proxy)",producer_merchant,2025-10-07,12169,77521,-65352,45,485559,-13.5
disagg_fut,088691,"Gold, COMEX (GLD proxy)",producer_merchant,2025-10-14,14094,75551,-61457,3895,485788,-12.7
disagg_fut,088691,"Gold, COMEX (GLD proxy)",producer_merchant,2025-10-21,13924,71702,-57778,3679,472421,-12.2
disagg_fut,088691,"Gold, COMEX (GLD proxy)",producer_merchant,2025-10-28,12403,70597,-58194,-416,457122,-12.7
disagg_fut,088691,"Gold, COMEX (GLD proxy)",producer_merchant,2025-11-04,9805,69256,-59451,-1257,450399,-13.2
disagg_fut,088691,"Gold, COMEX (GLD proxy)",producer_merchant,2025-11-10,9875,68621,-58746,,459997,-12.8
disagg_fut,088691,"Gold, COMEX (GLD proxy)",producer_merchant,2025-11-18,10061,68958,-58897,,471953,-12.5
disagg_fut,088691,"Gold, COMEX (GLD proxy)",producer_merchant,2025-11-25,9950,56642,-46692,12205,432946,-10.8
disagg_fut,088691,"Gold, COMEX (GLD proxy)",producer_merchant,2025-12-02,10094,58801,-48707,-2015,418490,-11.6
disagg_fut,088691,"Gold, COMEX (GLD proxy)",producer_merchant,2025-12-09,10463,59856,-49393,-686,432569,-11.4
disagg_fut,088691,"Gold, COMEX (GLD proxy)",producer_merchant,2025-12-16,16057,60306,-44249,5144,471093,-9.4
disagg_fut,088691,"Gold, COMEX (GLD proxy)",producer_merchant,2025-12-23,17158,68442,-51284,-7035,492103,-10.4
disagg_fut,088691,"Gold, COMEX (GLD proxy)",producer_merchant,2025-12-30,12958,67439,-54481,-3197,481866,-11.3
disagg_fut,088691,"Gold, COMEX (GLD proxy)",producer_merchant,2026-01-06,13454,63996,-50542,3939,488116,-10.4
disagg_fut,088691,"Gold, COMEX (GLD proxy)",producer_merchant,2026-01-13,13998,65163,-51165,-623,527455,-9.7
disagg_fut,088691,"Gold, COMEX (GLD proxy)",producer_merchant,2026-01-20,18731,61020,-42289,8876,528004,-8.0
disagg_fut,088691,"Gold, COMEX (GLD proxy)",producer_merchant,2026-01-27,14609,55198,-40589,1700,488463,-8.3
disagg_fut,088691,"Gold, COMEX (GLD proxy)",producer_merchant,2026-02-03,14072,38706,-24634,15955,409694,-6.0
disagg_fut,088691,"Gold, COMEX (GLD proxy)",producer_merchant,2026-02-10,15737,34182,-18445,6189,404391,-4.6
disagg_fut,088691,"Gold, COMEX (GLD proxy)",producer_merchant,2026-02-17,13643,35041,-21398,-2953,407078,-5.3
disagg_fut,088691,"Gold, COMEX (GLD proxy)",producer_merchant,2026-02-24,14800,34618,-19818,1580,420182,-4.7
disagg_fut,088691,"Gold, COMEX (GLD proxy)",producer_merchant,2026-03-03,15219,36010,-20791,-973,409789,-5.1
disagg_fut,088691,"Gold, COMEX (GLD proxy)",producer_merchant,2026-03-10,14826,34522,-19696,1095,413956,-4.8
disagg_fut,088691,"Gold, COMEX (GLD proxy)",producer_merchant,2026-03-17,15879,33713,-17834,1862,411388,-4.3
disagg_fut,088691,"Gold, COMEX (GLD proxy)",producer_merchant,2026-03-24,12761,34977,-22216,-4382,403925,-5.5
disagg_fut,088691,"Gold, COMEX (GLD proxy)",producer_merchant,2026-03-31,10979,30889,-19910,2306,361409,-5.5
disagg_fut,088691,"Gold, COMEX (GLD proxy)",producer_merchant,2026-04-07,11713,31009,-19296,614,354877,-5.4
disagg_fut,088691,"Gold, COMEX (GLD proxy)",producer_merchant,2026-04-14,13151,31681,-18530,766,362274,-5.1
disagg_fut,088691,"Gold, COMEX (GLD proxy)",producer_merchant,2026-04-21,12633,33051,-20418,-1888,365842,-5.6
disagg_fut,088691,"Gold, COMEX (GLD proxy)",producer_merchant,2026-04-28,12985,33177,-20192,226,369530,-5.5
disagg_fut,088691,"Gold, COMEX (GLD proxy)",producer_merchant,2026-05-05,12898,32010,-19112,1080,367932,-5.2
disagg_fut,088691,"Gold, COMEX (GLD proxy)",producer_merchant,2026-05-12,11437,31639,-20202,-1090,376496,-5.4
disagg_fut,088691,"Gold, COMEX (GLD proxy)",producer_merchant,2026-05-19,14800,32714,-17914,2288,379325,-4.7
disagg_fut,088691,"Gold, COMEX (GLD proxy)",producer_merchant,2026-05-26,12586,32096,-19510,-1596,353489,-5.5
disagg_fut,088691,"Gold, COMEX (GLD proxy)",producer_merchant,2026-06-02,10275,30429,-20154,-644,326052,-6.2
disagg_fut,088691,"Gold, COMEX (GLD proxy)",producer_merchant,2026-06-09,10833,30133,-19300,854,332709,-5.8
disagg_fut,088691,"Gold, COMEX (GLD proxy)",producer_merchant,2026-06-16,12191,29238,-17047,2253,339330,-5.0
disagg_fut,088691,"Gold, COMEX (GLD proxy)",producer_merchant,2026-06-23,15839,25175,-9336,7711,352167,-2.7
disagg_fut,088691,"Gold, COMEX (GLD proxy)",producer_merchant,2026-06-30,15161,32207,-17046,-7710,369541,-4.6
disagg_fut,088691,"Gold, COMEX (GLD proxy)",producer_merchant,2026-07-07,14282,35268,-20986,-3940,371776,-5.6
disagg_fut,088691,"Gold, COMEX (GLD proxy)",producer_merchant,2026-07-14,15840,34989,-19149,1837,383689,-5.0
disagg_fut,088691,"Gold, COMEX (GLD proxy)",producer_merchant,2026-07-21,15561,34882,-19321,-172,383368,-5.0
disagg_fut,088691,"Gold, COMEX (GLD proxy)",producer_merchant,2026-07-28,15367,35916,-20549,-1228,384603,-5.3
disagg_fut,088691,"Gold, COMEX (GLD proxy)",producer_merchant,2026-08-04,15738,34594,-18856,1693,371551,-5.1
disagg_fut,088691,"Gold, COMEX (GLD proxy)",producer_merchant,2026-08-11,15716,43651,-27935,-9079,400309,-7.0
disagg_fut,088691,"Gold, COMEX (GLD proxy)",producer_merchant,2026-08-18,16883,46644,-29761,-1826,406260,-7.3
disagg_fut,088691,"Gold, COMEX (GLD proxy)",producer_merchant,2026-08-25,16861,51419,-34558,-4797,427957,-8.1
disagg_fut,088691,"Gold, COMEX (GLD proxy)",producer_merchant,2026-09-01,17444,48733,-31289,3269,415196,-7.5
disagg_fut,088691,"Gold, COMEX (GLD proxy)",producer_merchant,2026-09-08,16588,47549,-30961,328,411227,-7.5
disagg_fut,088691,"Gold, COMEX (GLD proxy)",producer_merchant,2026-09-15,16396,44457,-28061,2900,409899,-6.8
disagg_fut,088691,"Gold, COMEX (GLD proxy)",swap_dealer,2006-06-13,19940,63899,-43959,,288981,-15.2
disagg_fut,088691,"Gold, COMEX (GLD proxy)",swap_dealer,2006-06-20,23091,61692,-38601,5358,288148,-13.4
disagg_fut,088691,"Gold, COMEX (GLD proxy)",swap_dealer,2006-06-27,23112,59959,-36847,1754,292789,-12.6
disagg_fut,088691,"Gold, COMEX (GLD proxy)",swap_dealer,2006-07-03,23735,66608,-42873,,292500,-14.7
disagg_fut,088691,"Gold, COMEX (GLD proxy)",swap_dealer,2006-07-11,23173,74702,-51529,,312684,-16.5
disagg_fut,088691,"Gold, COMEX (GLD proxy)",swap_dealer,2006-07-18,24180,78853,-54673,-3144,324276,-16.9
disagg_fut,088691,"Gold, COMEX (GLD proxy)",swap_dealer,2006-07-25,25497,80913,-55416,-743,315635,-17.6
disagg_fut,088691,"Gold, COMEX (GLD proxy)",swap_dealer,2006-08-01,25970,70347,-44377,11039,304907,-14.6
disagg_fut,088691,"Gold, COMEX (GLD proxy)",swap_dealer,2006-08-08,25992,69163,-43171,1206,309097,-14.0
disagg_fut,088691,"Gold, COMEX (GLD proxy)",swap_dealer,2006-08-15,25404,64887,-39483,3688,313327,-12.6
disagg_fut,088691,"Gold, COMEX (GLD proxy)",swap_dealer,2006-08-22,26789,61213,-34424,5059,306171,-11.2
disagg_fut,088691,"Gold, COMEX (GLD proxy)",swap_dealer,2006-08-29,32065,59384,-27319,7105,307583,-8.9
disagg_fut,088691,"Gold, COMEX (GLD proxy)",swap_dealer,2006-09-05,28723,64776,-36053,-8734,319998,-11.3
disagg_fut,088691,"Gold, COMEX (GLD proxy)",swap_dealer,2006-09-12,34514,60530,-26016,10037,310510,-8.4
disagg_fut,088691,"Gold, COMEX (GLD proxy)",swap_dealer,2006-09-19,37303,60410,-23107,2909,325852,-7.1
disagg_fut,088691,"Gold, COMEX (GLD proxy)",swap_dealer,2006-09-26,38469,60389,-21920,1187,322937,-6.8
disagg_fut,088691,"Gold, COMEX (GLD proxy)",swap_dealer,2006-10-03,39045,61609,-22564,-644,330065,-6.8
disagg_fut,088691,"Gold, COMEX (GLD proxy)",swap_dealer,2006-10-10,42818,58533,-15715,6849,334329,-4.7
disagg_fut,088691,"Gold, COMEX (GLD proxy)",swap_dealer,2006-10-17,40741,58220,-17479,-1764,329875,-5.3
disagg_fut,088691,"Gold, COMEX (GLD proxy)",swap_dealer,2006-10-24,36478,55466,-18988,-1509,331598,-5.7
disagg_fut,088691,"Gold, COMEX (GLD proxy)",swap_dealer,2006-10-31,36081,59760,-23679,-4691,323481,-7.3
disagg_fut,088691,"Gold, COMEX (GLD proxy)",swap_dealer,2006-11-07,31956,63590,-31634,-7955,335036,-9.4
disagg_fut,088691,"Gold, COMEX (GLD proxy)",swap_dealer,2006-11-14,29696,64711,-35015,-3381,356575,-9.8
disagg_fut,088691,"Gold, COMEX (GLD proxy)",swap_dealer,2006-11-21,31487,63304,-31817,3198,355430,-9.0
disagg_fut,088691,"Gold, COMEX (GLD proxy)",swap_dealer,2006-11-28,27309,65023,-37714,-5897,349517,-10.8
disagg_fut,088691,"Gold, COMEX (GLD proxy)",swap_dealer,2006-12-05,26735,63915,-37180,534,330530,-11.2
disagg_fut,088691,"Gold, COMEX (GLD proxy)",swap_dealer,2006-12-12,31820,62275,-30455,6725,333101,-9.1
disagg_fut,088691,"Gold, COMEX (GLD proxy)",swap_dealer,2006-12-19,38642,60647,-22005,8450,337096,-6.5
disagg_fut,088691,"Gold, COMEX (GLD proxy)",swap_dealer,2006-12-26,38470,60659,-22189,-184,340473,-6.5
disagg_fut,088691,"Gold, COMEX (GLD proxy)",swap_dealer,2007-01-03,34723,61859,-27136,,353494,-7.7
disagg_fut,088691,"Gold, COMEX (GLD proxy)",swap_dealer,2007-01-09,42838,55790,-12952,,347491,-3.7
disagg_fut,088691,"Gold, COMEX (GLD proxy)",swap_dealer,2007-01-16,35245,58736,-23491,-10539,344685,-6.8
disagg_fut,088691,"Gold, COMEX (GLD proxy)",swap_dealer,2007-01-23,28827,66475,-37648,-14157,361114,-10.4
disagg_fut,088691,"Gold, COMEX (GLD proxy)",swap_dealer,2007-01-30,28850,74501,-45651,-8003,348035,-13.1
disagg_fut,088691,"Gold, COMEX (GLD proxy)",swap_dealer,2007-02-06,29834,75066,-45232,419,360936,-12.5
disagg_fut,088691,"Gold, COMEX (GLD proxy)",swap_dealer,2007-02-13,27767,83179,-55412,-10180,383169,-14.5
disagg_fut,088691,"Gold, COMEX (GLD proxy)",swap_dealer,2007-02-20,29509,83001,-53492,1920,396115,-13.5
disagg_fut,088691,"Gold, COMEX (GLD proxy)",swap_dealer,2007-02-27,29395,90000,-60605,-7113,415155,-14.6
disagg_fut,088691,"Gold, COMEX (GLD proxy)",swap_dealer,2007-03-06,36543,76320,-39777,20828,382550,-10.4
disagg_fut,088691,"Gold, COMEX (GLD proxy)",swap_dealer,2007-03-13,38828,74939,-36111,3666,394090,-9.2
disagg_fut,088691,"Gold, COMEX (GLD proxy)",swap_dealer,2007-03-20,37217,75104,-37887,-1776,359726,-10.5
disagg_fut,088691,"Gold, COMEX (GLD proxy)",swap_dealer,2007-03-27,34877,84213,-49336,-11449,359434,-13.7
disagg_fut,088691,"Gold, COMEX (GLD proxy)",swap_dealer,2007-04-03,35052,85516,-50464,-1128,347817,-14.5
disagg_fut,088691,"Gold, COMEX (GLD proxy)",swap_dealer,2007-04-10,34186,89198,-55012,-4548,369536,-14.9
disagg_fut,088691,"Gold, COMEX (GLD proxy)",swap_dealer,2007-04-17,33734,99473,-65739,-10727,380800,-17.3
disagg_fut,088691,"Gold, COMEX (GLD proxy)",swap_dealer,2007-04-24,37808,95976,-58168,7571,403388,-14.4
disagg_fut,088691,"Gold, COMEX (GLD proxy)",swap_dealer,2007-05-01,41060,91804,-50744,7424,396276,-12.8
disagg_fut,088691,"Gold, COMEX (GLD proxy)",swap_dealer,2007-05-08,38859,95611,-56752,-6008,411273,-13.8
disagg_fut,088691,"Gold, COMEX (GLD proxy)",swap_dealer,2007-05-15,42281,96253,-53972,2780,408936,-13.2
disagg_fut,088691,"Gold, COMEX (GLD proxy)",swap_dealer,2007-05-22,49429,91937,-42508,11464,416813,-10.2
disagg_fut,088691,"Gold, COMEX (GLD proxy)",swap_dealer,2007-05-29,48560,90534,-41974,534,425688,-9.9
disagg_fut,088691,"Gold, COMEX (GLD proxy)",swap_dealer,2007-06-05,46605,96817,-50212,-8238,385046,-13.0
disagg_fut,088691,"Gold, COMEX (GLD proxy)",swap_dealer,2007-06-12,53046,88526,-35480,14732,412150,-8.6
disagg_fut,088691,"Gold, COMEX (GLD proxy)",swap_dealer,2007-06-19,49708,95958,-46250,-10770,410324,-11.3
disagg_fut,088691,"Gold, COMEX (GLD proxy)",swap_dealer,2007-06-26,52749,80130,-27381,18869,407640,-6.7
disagg_fut,088691,"Gold, COMEX (GLD proxy)",swap_dealer,2007-07-03,49282,76525,-27243,138,375642,-7.3
disagg_fut,088691,"Gold, COMEX (GLD proxy)",swap_dealer,2007-07-10,46334,81996,-35662,-8419,387916,-9.2
disagg_fut,088691,"Gold, COMEX (GLD proxy)",swap_dealer,2007-07-17,42059,81500,-39441,-3779,385595,-10.2
disagg_fut,088691,"Gold, COMEX (GLD proxy)",swap_dealer,2007-07-24,31099,99464,-68365,-28924,401603,-17.0
disagg_fut,088691,"Gold, COMEX (GLD proxy)",swap_dealer,2007-07-31,36539,78034,-41495,26870,351185,-11.8
disagg_fut,088691,"Gold, COMEX (GLD proxy)",swap_dealer,2007-08-07,35750,85424,-49674,-8179,352908,-14.1
disagg_fut,088691,"Gold, COMEX (GLD proxy)",swap_dealer,2007-08-14,33680,85157,-51477,-1803,347973,-14.8
disagg_fut,088691,"Gold, COMEX (GLD proxy)",swap_dealer,2007-08-21,37420,74134,-36714,14763,330204,-11.1
disagg_fut,088691,"Gold, COMEX (GLD proxy)",swap_dealer,2007-08-28,35439,70128,-34689,2025,325767,-10.6
disagg_fut,088691,"Gold, COMEX (GLD proxy)",swap_dealer,2007-09-04,27425,75319,-47894,-13205,339439,-14.1
disagg_fut,088691,"Gold, COMEX (GLD proxy)",swap_dealer,2007-09-11,33320,92494,-59174,-11280,373686,-15.8
disagg_fut,088691,"Gold, COMEX (GLD proxy)",swap_dealer,2007-09-18,34834,99274,-64440,-5266,392748,-16.4
disagg_fut,088691,"Gold, COMEX (GLD proxy)",swap_dealer,2007-09-25,30824,105818,-74994,-10554,440945,-17.0
disagg_fut,088691,"Gold, COMEX (GLD proxy)",swap_dealer,2007-10-02,30658,99612,-68954,6040,439865,-15.7
disagg_fut,088691,"Gold, COMEX (GLD proxy)",swap_dealer,2007-10-09,28883,98375,-69492,-538,458936,-15.1
disagg_fut,088691,"Gold, COMEX (GLD proxy)",swap_dealer,2007-10-16,27714,106565,-78851,-9359,483872,-16.3
disagg_fut,088691,"Gold, COMEX (GLD proxy)",swap_dealer,2007-10-23,31119,102167,-71048,7803,489471,-14.5
disagg_fut,088691,"Gold, COMEX (GLD proxy)",swap_dealer,2007-10-30,31903,101558,-69655,1393,516163,-13.5
disagg_fut,088691,"Gold, COMEX (GLD proxy)",swap_dealer,2007-11-06,27857,94597,-66740,2915,556856,-12.0
disagg_fut,088691,"Gold, COMEX (GLD proxy)",swap_dealer,2007-11-13,28230,85899,-57669,9071,552546,-10.4
disagg_fut,088691,"Gold, COMEX (GLD proxy)",swap_dealer,2007-11-20,23025,68782,-45757,11912,512430,-8.9
disagg_fut,088691,"Gold, COMEX (GLD proxy)",swap_dealer,2007-11-27,28636,62758,-34122,11635,520782,-6.6
disagg_fut,088691,"Gold, COMEX (GLD proxy)",swap_dealer,2007-12-04,29752,68140,-38388,-4266,486709,-7.9
disagg_fut,088691,"Gold, COMEX (GLD proxy)",swap_dealer,2007-12-11,29164,79317,-50153,-11765,486198,-10.3
disagg_fut,088691,"Gold, COMEX (GLD proxy)",swap_dealer,2007-12-18,28198,76488,-48290,1863,495001,-9.8
disagg_fut,088691,"Gold, COMEX (GLD proxy)",swap_dealer,2007-12-24,31227,83086,-51859,,517020,-10.0
disagg_fut,088691,"Gold, COMEX (GLD proxy)",swap_dealer,2007-12-31,25481,89414,-63933,-12074,541854,-11.8
disagg_fut,088691,"Gold, COMEX (GLD proxy)",swap_dealer,2008-01-08,28606,107207,-78601,,558309,-14.1
disagg_fut,088691,"Gold, COMEX (GLD proxy)",swap_dealer,2008-01-15,31781,110127,-78346,255,593953,-13.2
disagg_fut,088691,"Gold, COMEX (GLD proxy)",swap_dealer,2008-01-22,32344,113983,-81639,-3293,560173,-14.6
disagg_fut,088691,"Gold, COMEX (GLD proxy)",swap_dealer,2008-01-29,31724,108058,-76334,5305,522142,-14.6
disagg_fut,088691,"Gold, COMEX (GLD proxy)",swap_dealer,2008-02-05,32665,119793,-87128,-10794,495139,-17.6
disagg_fut,088691,"Gold, COMEX (GLD proxy)",swap_dealer,2008-02-12,32824,123247,-90423,-3295,475749,-19.0
disagg_fut,088691,"Gold, COMEX (GLD proxy)",swap_dealer,2008-02-19,32866,124943,-92077,-1654,489789,-18.8
disagg_fut,088691,"Gold, COMEX (GLD proxy)",swap_dealer,2008-02-26,35084,127430,-92346,-269,495102,-18.7
disagg_fut,088691,"Gold, COMEX (GLD proxy)",swap_dealer,2008-03-04,37049,124047,-86998,5348,486992,-17.9
disagg_fut,088691,"Gold, COMEX (GLD proxy)",swap_dealer,2008-03-11,35972,119987,-84015,2983,482035,-17.4
disagg_fut,088691,"Gold, COMEX (GLD proxy)",swap_dealer,2008-03-18,37073,108931,-71858,12157,489055,-14.7
disagg_fut,088691,"Gold, COMEX (GLD proxy)",swap_dealer,2008-03-25,32234,104675,-72441,-583,452193,-16.0
disagg_fut,088691,"Gold, COMEX (GLD proxy)",swap_dealer,2008-04-01,36035,100967,-64932,7509,399393,-16.3
disagg_fut,088691,"Gold, COMEX (GLD proxy)",swap_dealer,2008-04-08,35777,99548,-63771,1161,407212,-15.7
disagg_fut,088691,"Gold, COMEX (GLD proxy)",swap_dealer,2008-04-15,38777,102257,-63480,291,422699,-15.0
disagg_fut,088691,"Gold, COMEX (GLD proxy)",swap_dealer,2008-04-22,39347,98191,-58844,4636,424218,-13.9
disagg_fut,088691,"Gold, COMEX (GLD proxy)",swap_dealer,2008-04-29,40142,93673,-53531,5313,429670,-12.5
disagg_fut,088691,"Gold, COMEX (GLD proxy)",swap_dealer,2008-05-06,40116,93717,-53601,-70,433741,-12.4
disagg_fut,088691,"Gold, COMEX (GLD proxy)",swap_dealer,2008-05-13,42545,89814,-47269,6332,439636,-10.8
disagg_fut,088691,"Gold, COMEX (GLD proxy)",swap_dealer,2008-05-20,35010,98732,-63722,-16453,453084,-14.1
disagg_fut,088691,"Gold, COMEX (GLD proxy)",swap_dealer,2008-05-27,36584,105500,-68916,-5194,430961,-16.0
disagg_fut,088691,"Gold, COMEX (GLD proxy)",swap_dealer,2008-06-03,37852,99700,-61848,7068,398441,-15.5
disagg_fut,088691,"Gold, COMEX (GLD proxy)",swap_dealer,2008-06-10,43288,100501,-57213,4635,396392,-14.4
disagg_fut,088691,"Gold, COMEX (GLD proxy)",swap_dealer,2008-06-17,40672,103588,-62916,-5703,390471,-16.1
disagg_fut,088691,"Gold, COMEX (GLD proxy)",swap_dealer,2008-06-24,42217,111888,-69671,-6755,401226,-17.4
disagg_fut,088691,"Gold, COMEX (GLD proxy)",swap_dealer,2008-07-01,35201,126559,-91358,-21687,434024,-21.0
disagg_fut,088691,"Gold, COMEX (GLD proxy)",swap_dealer,2008-07-08,35245,125445,-90200,1158,443202,-20.4
disagg_fut,088691,"Gold, COMEX (GLD proxy)",swap_dealer,2008-07-15,33031,121243,-88212,1988,483920,-18.2
disagg_fut,088691,"Gold, COMEX (GLD proxy)",swap_dealer,2008-07-22,35390,115637,-80247,7965,475606,-16.9
disagg_fut,088691,"Gold, COMEX (GLD proxy)",swap_dealer,2008-07-29,28864,112714,-83850,-3603,446013,-18.8
disagg_fut,088691,"Gold, COMEX (GLD proxy)",swap_dealer,2008-08-05,30607,107455,-76848,7002,408430,-18.8
disagg_fut,088691,"Gold, COMEX (GLD proxy)",swap_dealer,2008-08-12,31093,107475,-76382,466,365611,-20.9
disagg_fut,088691,"Gold, COMEX (GLD proxy)",swap_dealer,2008-08-19,36656,103654,-66998,9384,372968,-18.0
disagg_fut,088691,"Gold, COMEX (GLD proxy)",swap_dealer,2008-08-26,32101,102911,-70810,-3812,380766,-18.6
disagg_fut,088691,"Gold, COMEX (GLD proxy)",swap_dealer,2008-09-02,34858,99899,-65041,5769,382329,-17.0
disagg_fut,088691,"Gold, COMEX (GLD proxy)",swap_dealer,2008-09-09,40814,97405,-56591,8450,392592,-14.4
disagg_fut,088691,"Gold, COMEX (GLD proxy)",swap_dealer,2008-09-16,26141,101777,-75636,-19045,393814,-19.2
disagg_fut,088691,"Gold, COMEX (GLD proxy)",swap_dealer,2008-09-23,19097,93658,-74561,1075,368254,-20.2
disagg_fut,088691,"Gold, COMEX (GLD proxy)",swap_dealer,2008-09-30,25116,93073,-67957,6604,336598,-20.2
disagg_fut,088691,"Gold, COMEX (GLD proxy)",swap_dealer,2008-10-07,28943,89564,-60621,7336,329480,-18.4
disagg_fut,088691,"Gold, COMEX (GLD proxy)",swap_dealer,2008-10-14,31767,83650,-51883,8738,323496,-16.0
disagg_fut,088691,"Gold, COMEX (GLD proxy)",swap_dealer,2008-10-21,35728,78521,-42793,9090,319472,-13.4
disagg_fut,088691,"Gold, COMEX (GLD proxy)",swap_dealer,2008-10-28,37159,71131,-33972,8821,313709,-10.8
disagg_fut,088691,"Gold, COMEX (GLD proxy)",swap_dealer,2008-11-04,35755,67288,-31533,2439,303908,-10.4
disagg_fut,088691,"Gold, COMEX (GLD proxy)",swap_dealer,2008-11-11,33343,53608,-20265,11268,293831,-6.9
disagg_fut,088691,"Gold, COMEX (GLD proxy)",swap_dealer,2008-11-18,31885,49987,-18102,2163,289700,-6.2
disagg_fut,088691,"Gold, COMEX (GLD proxy)",swap_dealer,2008-11-25,33785,46919,-13134,4968,276567,-4.7
disagg_fut,088691,"Gold, COMEX (GLD proxy)",swap_dealer,2008-12-02,35924,47001,-11077,2057,264796,-4.2
disagg_fut,088691,"Gold, COMEX (GLD proxy)",swap_dealer,2008-12-09,33815,48018,-14203,-3126,261001,-5.4
disagg_fut,088691,"Gold, COMEX (GLD proxy)",swap_dealer,2008-12-16,28645,54483,-25838,-11635,282915,-9.1
disagg_fut,088691,"Gold, COMEX (GLD proxy)",swap_dealer,2008-12-22,29296,61974,-32678,,291022,-11.2
disagg_fut,088691,"Gold, COMEX (GLD proxy)",swap_dealer,2008-12-30,28748,62401,-33653,,300448,-11.2
disagg_fut,088691,"Gold, COMEX (GLD proxy)",swap_dealer,2009-01-06,32942,63213,-30271,3382,320391,-9.4
disagg_fut,088691,"Gold, COMEX (GLD proxy)",swap_dealer,2009-01-13,35190,59085,-23895,6376,318185,-7.5
disagg_fut,088691,"Gold, COMEX (GLD proxy)",swap_dealer,2009-01-20,37529,59262,-21733,2162,331507,-6.6
disagg_fut,088691,"Gold, COMEX (GLD proxy)",swap_dealer,2009-01-27,37011,60094,-23083,-1350,354191,-6.5
disagg_fut,088691,"Gold, COMEX (GLD proxy)",swap_dealer,2009-02-03,34804,65151,-30347,-7264,346288,-8.8
disagg_fut,088691,"Gold, COMEX (GLD proxy)",swap_dealer,2009-02-10,34693,66602,-31909,-1562,350858,-9.1
disagg_fut,088691,"Gold, COMEX (GLD proxy)",swap_dealer,2009-02-17,32315,66375,-34060,-2151,361619,-9.4
disagg_fut,088691,"Gold, COMEX (GLD proxy)",swap_dealer,2009-02-24,39592,67867,-28275,5785,372697,-7.6
disagg_fut,088691,"Gold, COMEX (GLD proxy)",swap_dealer,2009-03-03,41224,65968,-24744,3531,365271,-6.8
disagg_fut,088691,"Gold, COMEX (GLD proxy)",swap_dealer,2009-03-10,41893,58774,-16881,7863,371321,-4.5
disagg_fut,088691,"Gold, COMEX (GLD proxy)",swap_dealer,2009-03-17,37618,62742,-25124,-8243,376237,-6.7
disagg_fut,088691,"Gold, COMEX (GLD proxy)",swap_dealer,2009-03-24,33170,63959,-30789,-5665,387177,-8.0
disagg_fut,088691,"Gold, COMEX (GLD proxy)",swap_dealer,2009-03-31,28355,64435,-36080,-5291,368618,-9.8
disagg_fut,088691,"Gold, COMEX (GLD proxy)",swap_dealer,2009-04-07,31985,63976,-31991,4089,344929,-9.3
disagg_fut,088691,"Gold, COMEX (GLD proxy)",swap_dealer,2009-04-14,30433,65631,-35198,-3207,336930,-10.4
disagg_fut,088691,"Gold, COMEX (GLD proxy)",swap_dealer,2009-04-21,28407,62727,-34320,878,339226,-10.1
disagg_fut,088691,"Gold, COMEX (GLD proxy)",swap_dealer,2009-04-28,29816,62783,-32967,1353,343037,-9.6
disagg_fut,088691,"Gold, COMEX (GLD proxy)",swap_dealer,2009-05-05,28198,62913,-34715,-1748,341461,-10.2
disagg_fut,088691,"Gold, COMEX (GLD proxy)",swap_dealer,2009-05-12,30015,65813,-35798,-1083,359517,-10.0
disagg_fut,088691,"Gold, COMEX (GLD proxy)",swap_dealer,2009-05-19,31997,69075,-37078,-1280,367931,-10.1
disagg_fut,088691,"Gold, COMEX (GLD proxy)",swap_dealer,2009-05-26,32139,74646,-42507,-5429,396965,-10.7
disagg_fut,088691,"Gold, COMEX (GLD proxy)",swap_dealer,2009-06-02,29657,76377,-46720,-4213,391057,-11.9
disagg_fut,088691,"Gold, COMEX (GLD proxy)",swap_dealer,2009-06-09,31767,79130,-47363,-643,387181,-12.2
disagg_fut,088691,"Gold, COMEX (GLD proxy)",swap_dealer,2009-06-16,32014,72342,-40328,7035,371997,-10.8
disagg_fut,088691,"Gold, COMEX (GLD proxy)",swap_dealer,2009-06-23,35537,70328,-34791,5537,370347,-9.4
disagg_fut,088691,"Gold, COMEX (GLD proxy)",swap_dealer,2009-06-30,38001,71976,-33975,816,379199,-9.0
disagg_fut,088691,"Gold, COMEX (GLD proxy)",swap_dealer,2009-07-07,40951,70104,-29153,4822,372985,-7.8
disagg_fut,088691,"Gold, COMEX (GLD proxy)",swap_dealer,2009-07-14,41244,72916,-31672,-2519,370509,-8.5
disagg_fut,088691,"Gold, COMEX (GLD proxy)",swap_dealer,2009-07-21,38638,88095,-49457,-17785,390939,-12.7
disagg_fut,088691,"Gold, COMEX (GLD proxy)",swap_dealer,2009-07-28,37453,85971,-48518,939,386340,-12.6
disagg_fut,088691,"Gold, COMEX (GLD proxy)",swap_dealer,2009-08-04,34174,101030,-66856,-18338,392834,-17.0
disagg_fut,088691,"Gold, COMEX (GLD proxy)",swap_dealer,2009-08-11,34744,97165,-62421,4435,385002,-16.2
disagg_fut,088691,"Gold, COMEX (GLD proxy)",swap_dealer,2009-08-18,35224,93097,-57873,4548,373810,-15.5
disagg_fut,088691,"Gold, COMEX (GLD proxy)",swap_dealer,2009-08-25,36233,95365,-59132,-1259,379629,-15.6
disagg_fut,088691,"Gold, COMEX (GLD proxy)",swap_dealer,2009-09-01,35705,115000,-79295,-20163,384703,-20.6
disagg_fut,088691,"Gold, COMEX (GLD proxy)",swap_dealer,2009-09-08,36572,117708,-81136,-1841,451713,-18.0
disagg_fut,088691,"Gold, COMEX (GLD proxy)",swap_dealer,2009-09-15,34830,127580,-92750,-11614,467892,-19.8
disagg_fut,088691,"Gold, COMEX (GLD proxy)",swap_dealer,2009-09-22,33998,132846,-98848,-6098,467145,-21.2
disagg_fut,088691,"Gold, COMEX (GLD proxy)",swap_dealer,2009-09-29,34250,126537,-92287,6561,454585,-20.3
disagg_fut,088691,"Gold, COMEX (GLD proxy)",swap_dealer,2009-10-06,35957,129668,-93711,-1424,484307,-19.3
disagg_fut,088691,"Gold, COMEX (GLD proxy)",swap_dealer,2009-10-13,39405,134056,-94651,-940,504187,-18.8
disagg_fut,088691,"Gold, COMEX (GLD proxy)",swap_dealer,2009-10-20,38833,136072,-97239,-2588,509678,-19.1
disagg_fut,088691,"Gold, COMEX (GLD proxy)",swap_dealer,2009-10-27,39014,133494,-94480,2759,497479,-19.0
disagg_fut,088691,"Gold, COMEX (GLD proxy)",swap_dealer,2009-11-03,41498,132517,-91019,3461,493991,-18.4
disagg_fut,088691,"Gold, COMEX (GLD proxy)",swap_dealer,2009-11-09,46560,136206,-89646,,530505,-16.9
disagg_fut,088691,"Gold, COMEX (GLD proxy)",swap_dealer,2009-11-17,47957,135119,-87162,,533119,-16.3
disagg_fut,088691,"Gold, COMEX (GLD proxy)",swap_dealer,2009-11-24,46498,149524,-103026,-15864,521253,-19.8
disagg_fut,088691,"Gold, COMEX (GLD proxy)",swap_dealer,2009-12-01,44990,162356,-117366,-14340,521433,-22.5
disagg_fut,088691,"Gold, COMEX (GLD proxy)",swap_dealer,2009-12-08,39735,146624,-106889,10477,505652,-21.1
disagg_fut,088691,"Gold, COMEX (GLD proxy)",swap_dealer,2009-12-15,39986,148121,-108135,-1246,504368,-21.4
disagg_fut,088691,"Gold, COMEX (GLD proxy)",swap_dealer,2009-12-22,44188,138419,-94231,13904,499233,-18.9
disagg_fut,088691,"Gold, COMEX (GLD proxy)",swap_dealer,2009-12-29,44223,137520,-93297,934,491712,-19.0
disagg_fut,088691,"Gold, COMEX (GLD proxy)",swap_dealer,2010-01-05,45718,137247,-91529,1768,507643,-18.0
disagg_fut,088691,"Gold, COMEX (GLD proxy)",swap_dealer,2010-01-12,45191,131409,-86218,5311,523266,-16.5
disagg_fut,088691,"Gold, COMEX (GLD proxy)",swap_dealer,2010-01-19,46708,129284,-82576,3642,528924,-15.6
disagg_fut,088691,"Gold, COMEX (GLD proxy)",swap_dealer,2010-01-26,49961,125270,-75309,7267,507565,-14.8
disagg_fut,088691,"Gold, COMEX (GLD proxy)",swap_dealer,2010-02-02,48602,129896,-81294,-5985,480860,-16.9
disagg_fut,088691,"Gold, COMEX (GLD proxy)",swap_dealer,2010-02-09,54500,120988,-66488,14806,466905,-14.2
disagg_fut,088691,"Gold, COMEX (GLD proxy)",swap_dealer,2010-02-16,48447,130623,-82176,-15688,466509,-17.6
disagg_fut,088691,"Gold, COMEX (GLD proxy)",swap_dealer,2010-02-23,46135,128869,-82734,-558,466572,-17.7
disagg_fut,088691,"Gold, COMEX (GLD proxy)",swap_dealer,2010-03-02,46283,136951,-90668,-7934,482786,-18.8
disagg_fut,088691,"Gold, COMEX (GLD proxy)",swap_dealer,2010-03-09,48572,140804,-92232,-1564,493909,-18.7
disagg_fut,088691,"Gold, COMEX (GLD proxy)",swap_dealer,2010-03-16,48552,145121,-96569,-4337,496481,-19.5
disagg_fut,088691,"Gold, COMEX (GLD proxy)",swap_dealer,2010-03-23,49818,140129,-90311,6258,495143,-18.2
disagg_fut,088691,"Gold, COMEX (GLD proxy)",swap_dealer,2010-03-30,58930,138981,-80051,10260,466678,-17.2
disagg_fut,088691,"Gold, COMEX (GLD proxy)",swap_dealer,2010-04-06,61357,152539,-91182,-11131,497388,-18.3
disagg_fut,088691,"Gold, COMEX (GLD proxy)",swap_dealer,2010-04-13,67053,158581,-91528,-346,528856,-17.3
disagg_fut,088691,"Gold, COMEX (GLD proxy)",swap_dealer,2010-04-20,70571,153015,-82444,9084,521338,-15.8
disagg_fut,088691,"Gold, COMEX (GLD proxy)",swap_dealer,2010-04-27,73487,162343,-88856,-6412,538591,-16.5
disagg_fut,088691,"Gold, COMEX (GLD proxy)",swap_dealer,2010-05-04,75279,158949,-83670,5186,551616,-15.2
disagg_fut,088691,"Gold, COMEX (GLD proxy)",swap_dealer,2010-05-11,87572,153463,-65891,17779,583504,-11.3
disagg_fut,088691,"Gold, COMEX (GLD proxy)",swap_dealer,2010-05-18,91471,152118,-60647,5244,579758,-10.5
disagg_fut,088691,"Gold, COMEX (GLD proxy)",swap_dealer,2010-05-25,88700,147903,-59203,1444,591360,-10.0
disagg_fut,088691,"Gold, COMEX (GLD proxy)",swap_dealer,2010-06-01,93065,150011,-56946,2257,553950,-10.3
disagg_fut,088691,"Gold, COMEX (GLD proxy)",swap_dealer,2010-06-08,93916,151122,-57206,-260,564792,-10.1
disagg_fut,088691,"Gold, COMEX (GLD proxy)",swap_dealer,2010-06-15,95114,153757,-58643,-1437,569204,-10.3
disagg_fut,088691,"Gold, COMEX (GLD proxy)",swap_dealer,2010-06-22,95068,160975,-65907,-7264,602411,-10.9
disagg_fut,088691,"Gold, COMEX (GLD proxy)",swap_dealer,2010-06-29,94531,176272,-81741,-15834,601138,-13.6
disagg_fut,088691,"Gold, COMEX (GLD proxy)",swap_dealer,2010-07-06,93543,162444,-68901,12840,577732,-11.9
disagg_fut,088691,"Gold, COMEX (GLD proxy)",swap_dealer,2010-07-13,92109,159710,-67601,1300,568078,-11.9
disagg_fut,088691,"Gold, COMEX (GLD proxy)",swap_dealer,2010-07-20,93794,154826,-61032,6569,559473,-10.9
disagg_fut,088691,"Gold, COMEX (GLD proxy)",swap_dealer,2010-07-27,93008,154384,-61376,-344,560066,-11.0
disagg_fut,088691,"Gold, COMEX (GLD proxy)",swap_dealer,2010-08-03,89916,157518,-67602,-6226,518643,-13.0
disagg_fut,088691,"Gold, COMEX (GLD proxy)",swap_dealer,2010-08-10,88837,162218,-73381,-5779,523078,-14.0
disagg_fut,088691,"Gold, COMEX (GLD proxy)",swap_dealer,2010-08-17,89512,170928,-81416,-8035,543674,-15.0
disagg_fut,088691,"Gold, COMEX (GLD proxy)",swap_dealer,2010-08-24,90026,177814,-87788,-6372,556464,-15.8
disagg_fut,088691,"Gold, COMEX (GLD proxy)",swap_dealer,2010-08-31,88647,188324,-99677,-11889,577352,-17.3
disagg_fut,088691,"Gold, COMEX (GLD proxy)",swap_dealer,2010-09-07,88351,188906,-100555,-878,585564,-17.2
disagg_fut,088691,"Gold, COMEX (GLD proxy)",swap_dealer,2010-09-14,85848,193132,-107284,-6729,594058,-18.1
disagg_fut,088691,"Gold, COMEX (GLD proxy)",swap_dealer,2010-09-21,89489,197503,-108014,-730,597592,-18.1
disagg_fut,088691,"Gold, COMEX (GLD proxy)",swap_dealer,2010-09-28,94689,207245,-112556,-4542,619408,-18.2
disagg_fut,088691,"Gold, COMEX (GLD proxy)",swap_dealer,2010-10-05,95369,205478,-110109,2447,617204,-17.8
disagg_fut,088691,"Gold, COMEX (GLD proxy)",swap_dealer,2010-10-12,93690,203199,-109509,600,616382,-17.8
disagg_fut,088691,"Gold, COMEX (GLD proxy)",swap_dealer,2010-10-19,94404,196835,-102431,7078,630626,-16.2
disagg_fut,088691,"Gold, COMEX (GLD proxy)",swap_dealer,2010-10-26,94845,192635,-97790,4641,607582,-16.1
disagg_fut,088691,"Gold, COMEX (GLD proxy)",swap_dealer,2010-11-02,97926,189560,-91634,6156,618381,-14.8
disagg_fut,088691,"Gold, COMEX (GLD proxy)",swap_dealer,2010-11-09,95902,190633,-94731,-3097,650764,-14.6
disagg_fut,088691,"Gold, COMEX (GLD proxy)",swap_dealer,2010-11-16,95957,191674,-95717,-986,637435,-15.0
disagg_fut,088691,"Gold, COMEX (GLD proxy)",swap_dealer,2010-11-23,95262,187727,-92465,3252,622712,-14.8
disagg_fut,088691,"Gold, COMEX (GLD proxy)",swap_dealer,2010-11-30,91958,194437,-102479,-10014,600158,-17.1
disagg_fut,088691,"Gold, COMEX (GLD proxy)",swap_dealer,2010-12-07,91799,192672,-100873,1606,603632,-16.7
disagg_fut,088691,"Gold, COMEX (GLD proxy)",swap_dealer,2010-12-14,94016,195589,-101573,-700,594652,-17.1
disagg_fut,088691,"Gold, COMEX (GLD proxy)",swap_dealer,2010-12-21,97973,194956,-96983,4590,582133,-16.7
disagg_fut,088691,"Gold, COMEX (GLD proxy)",swap_dealer,2010-12-28,95816,197705,-101889,-4906,594490,-17.1
disagg_fut,088691,"Gold, COMEX (GLD proxy)",swap_dealer,2011-01-04,94514,187982,-93468,8421,592613,-15.8
disagg_fut,088691,"Gold, COMEX (GLD proxy)",swap_dealer,2011-01-11,97363,172993,-75630,17838,588179,-12.9
disagg_fut,088691,"Gold, COMEX (GLD proxy)",swap_dealer,2011-01-18,94446,167656,-73210,2420,587832,-12.5
disagg_fut,088691,"Gold, COMEX (GLD proxy)",swap_dealer,2011-01-25,93948,163849,-69901,3309,506047,-13.8
disagg_fut,088691,"Gold, COMEX (GLD proxy)",swap_dealer,2011-02-01,79773,151982,-72209,-2308,462907,-15.6
disagg_fut,088691,"Gold, COMEX (GLD proxy)",swap_dealer,2011-02-08,75858,162056,-86198,-13989,469779,-18.3
disagg_fut,088691,"Gold, COMEX (GLD proxy)",swap_dealer,2011-02-15,73331,165700,-92369,-6171,473345,-19.5
disagg_fut,088691,"Gold, COMEX (GLD proxy)",swap_dealer,2011-02-22,77369,174651,-97282,-4913,502119,-19.4
disagg_fut,088691,"Gold, COMEX (GLD proxy)",swap_dealer,2011-03-01,71436,180326,-108890,-11608,515784,-21.1
disagg_fut,088691,"Gold, COMEX (GLD proxy)",swap_dealer,2011-03-08,68788,169838,-101050,7840,515214,-19.6
disagg_fut,088691,"Gold, COMEX (GLD proxy)",swap_dealer,2011-03-15,73577,157105,-83528,17522,507760,-16.5
disagg_fut,088691,"Gold, COMEX (GLD proxy)",swap_dealer,2011-03-22,72601,155495,-82894,634,509131,-16.3
disagg_fut,088691,"Gold, COMEX (GLD proxy)",swap_dealer,2011-03-29,63666,149423,-85757,-2863,492087,-17.4
disagg_fut,088691,"Gold, COMEX (GLD proxy)",swap_dealer,2011-04-05,66572,166613,-100041,-14284,508956,-19.7
disagg_fut,088691,"Gold, COMEX (GLD proxy)",swap_dealer,2011-04-12,67862,159740,-91878,8163,514871,-17.8
disagg_fut,088691,"Gold, COMEX (GLD proxy)",swap_dealer,2011-04-19,68294,162539,-94245,-2367,537946,-17.5
disagg_fut,088691,"Gold, COMEX (GLD proxy)",swap_dealer,2011-04-26,71574,159529,-87955,6290,530132,-16.6
disagg_fut,088691,"Gold, COMEX (GLD proxy)",swap_dealer,2011-05-03,71213,149022,-77809,10146,522323,-14.9
disagg_fut,088691,"Gold, COMEX (GLD proxy)",swap_dealer,2011-05-10,81148,142836,-61688,16121,510151,-12.1
disagg_fut,088691,"Gold, COMEX (GLD proxy)",swap_dealer,2011-05-17,81691,136382,-54691,6997,509164,-10.7
disagg_fut,088691,"Gold, COMEX (GLD proxy)",swap_dealer,2011-05-24,78629,136079,-57450,-2759,531180,-10.8
disagg_fut,088691,"Gold, COMEX (GLD proxy)",swap_dealer,2011-05-31,74032,141949,-67917,-10467,501400,-13.5
disagg_fut,088691,"Gold, COMEX (GLD proxy)",swap_dealer,2011-06-07,80091,150041,-69950,-2033,502251,-13.9
disagg_fut,088691,"Gold, COMEX (GLD proxy)",swap_dealer,2011-06-14,79154,145393,-66239,3711,497780,-13.3
disagg_fut,088691,"Gold, COMEX (GLD proxy)",swap_dealer,2011-06-21,76888,149148,-72260,-6021,515016,-14.0
disagg_fut,088691,"Gold, COMEX (GLD proxy)",swap_dealer,2011-06-28,81495,137861,-56366,15894,495761,-11.4
disagg_fut,088691,"Gold, COMEX (GLD proxy)",swap_dealer,2011-07-05,78864,135243,-56379,-13,489782,-11.5
disagg_fut,088691,"Gold, COMEX (GLD proxy)",swap_dealer,2011-07-12,71779,145208,-73429,-17050,520202,-14.1
disagg_fut,088691,"Gold, COMEX (GLD proxy)",swap_dealer,2011-07-19,72982,160217,-87235,-13806,542342,-16.1
disagg_fut,088691,"Gold, COMEX (GLD proxy)",swap_dealer,2011-07-26,67650,150067,-82417,4818,536454,-15.4
disagg_fut,088691,"Gold, COMEX (GLD proxy)",swap_dealer,2011-08-02,63956,155650,-91694,-9277,529403,-17.3
disagg_fut,088691,"Gold, COMEX (GLD proxy)",swap_dealer,2011-08-09,69425,132788,-63363,28331,510223,-12.4
disagg_fut,088691,"Gold, COMEX (GLD proxy)",swap_dealer,2011-08-16,63910,123935,-60025,3338,514107,-11.7
disagg_fut,088691,"Gold, COMEX (GLD proxy)",swap_dealer,2011-08-23,68569,111925,-43356,16669,528520,-8.2
disagg_fut,088691,"Gold, COMEX (GLD proxy)",swap_dealer,2011-08-30,60237,88980,-28743,14613,509326,-5.6
disagg_fut,088691,"Gold, COMEX (GLD proxy)",swap_dealer,2011-09-06,63389,90803,-27414,1329,523294,-5.2
disagg_fut,088691,"Gold, COMEX (GLD proxy)",swap_dealer,2011-09-13,66079,91933,-25854,1560,512068,-5.0
disagg_fut,088691,"Gold, COMEX (GLD proxy)",swap_dealer,2011-09-20,69260,84944,-15684,10170,499356,-3.1
disagg_fut,088691,"Gold, COMEX (GLD proxy)",swap_dealer,2011-09-27,70248,74518,-4270,11414,465414,-0.9
disagg_fut,088691,"Gold, COMEX (GLD proxy)",swap_dealer,2011-10-04,73944,72082,1862,6132,436920,0.4
disagg_fut,088691,"Gold, COMEX (GLD proxy)",swap_dealer,2011-10-11,71694,69440,2254,392,438090,0.5
disagg_fut,088691,"Gold, COMEX (GLD proxy)",swap_dealer,2011-10-18,72048,63317,8731,6477,437739,2.0
disagg_fut,088691,"Gold, COMEX (GLD proxy)",swap_dealer,2011-10-25,68973,62250,6723,-2008,443723,1.5
disagg_fut,088691,"Gold, COMEX (GLD proxy)",swap_dealer,2011-11-01,63643,65975,-2332,-9055,442435,-0.5
disagg_fut,088691,"Gold, COMEX (GLD proxy)",swap_dealer,2011-11-08,60169,68611,-8442,-6110,464982,-1.8
disagg_fut,088691,"Gold, COMEX (GLD proxy)",swap_dealer,2011-11-15,51941,68065,-16124,-7682,470490,-3.4
disagg_fut,088691,"Gold, COMEX (GLD proxy)",swap_dealer,2011-11-22,40204,68084,-27880,-11756,457070,-6.1
disagg_fut,088691,"Gold, COMEX (GLD proxy)",swap_dealer,2011-11-29,40247,65863,-25616,2264,423176,-6.1
disagg_fut,088691,"Gold, COMEX (GLD proxy)",swap_dealer,2011-12-06,43192,67012,-23820,1796,422956,-5.6
disagg_fut,088691,"Gold, COMEX (GLD proxy)",swap_dealer,2011-12-13,50987,65336,-14349,9471,427699,-3.4
disagg_fut,088691,"Gold, COMEX (GLD proxy)",swap_dealer,2011-12-20,58225,65412,-7187,7162,423465,-1.7
disagg_fut,088691,"Gold, COMEX (GLD proxy)",swap_dealer,2011-12-27,58198,66946,-8748,-1561,418945,-2.1
disagg_fut,088691,"Gold, COMEX (GLD proxy)",swap_dealer,2012-01-03,57148,66627,-9479,-731,423275,-2.2
disagg_fut,088691,"Gold, COMEX (GLD proxy)",swap_dealer,2012-01-10,52261,67895,-15634,-6155,417923,-3.7
disagg_fut,088691,"Gold, COMEX (GLD proxy)",swap_dealer,2012-01-17,51350,58417,-7067,8567,432838,-1.6
disagg_fut,088691,"Gold, COMEX (GLD proxy)",swap_dealer,2012-01-24,48199,56319,-8120,-1053,427032,-1.9
disagg_fut,088691,"Gold, COMEX (GLD proxy)",swap_dealer,2012-01-31,33019,62383,-29364,-21244,425133,-6.9
disagg_fut,088691,"Gold, COMEX (GLD proxy)",swap_dealer,2012-02-07,35358,67271,-31913,-2549,436061,-7.3
disagg_fut,088691,"Gold, COMEX (GLD proxy)",swap_dealer,2012-02-14,37712,66322,-28610,3303,431164,-6.6
disagg_fut,088691,"Gold, COMEX (GLD proxy)",swap_dealer,2012-02-21,36492,72311,-35819,-7209,456676,-7.8
disagg_fut,088691,"Gold, COMEX (GLD proxy)",swap_dealer,2012-02-28,36861,80431,-43570,-7751,479044,-9.1
disagg_fut,088691,"Gold, COMEX (GLD proxy)",swap_dealer,2012-03-06,43615,74719,-31104,12466,443249,-7.0
disagg_fut,088691,"Gold, COMEX (GLD proxy)",swap_dealer,2012-03-13,46312,71399,-25087,6017,442319,-5.7
disagg_fut,088691,"Gold, COMEX (GLD proxy)",swap_dealer,2012-03-20,51279,65845,-14566,10521,431039,-3.4
disagg_fut,088691,"Gold, COMEX (GLD proxy)",swap_dealer,2012-03-27,50185,76178,-25993,-11427,417304,-6.2
disagg_fut,088691,"Gold, COMEX (GLD proxy)",swap_dealer,2012-04-03,51098,78239,-27141,-1148,407761,-6.7
disagg_fut,088691,"Gold, COMEX (GLD proxy)",swap_dealer,2012-04-10,49178,77698,-28520,-1379,403989,-7.1
disagg_fut,088691,"Gold, COMEX (GLD proxy)",swap_dealer,2012-04-17,46945,73745,-26800,1720,398526,-6.7
disagg_fut,088691,"Gold, COMEX (GLD proxy)",swap_dealer,2012-04-24,45255,71491,-26236,564,395389,-6.6
disagg_fut,088691,"Gold, COMEX (GLD proxy)",swap_dealer,2012-05-01,45266,73822,-28556,-2320,411972,-6.9
disagg_fut,088691,"Gold, COMEX (GLD proxy)",swap_dealer,2012-05-08,44175,61933,-17758,10798,417798,-4.3
disagg_fut,088691,"Gold, COMEX (GLD proxy)",swap_dealer,2012-05-15,46907,55235,-8328,9430,422091,-2.0
disagg_fut,088691,"Gold, COMEX (GLD proxy)",swap_dealer,2012-05-22,54353,54271,82,8410,435706,0.0
disagg_fut,088691,"Gold, COMEX (GLD proxy)",swap_dealer,2012-05-29,54724,57513,-2789,-2871,419991,-0.7
disagg_fut,088691,"Gold, COMEX (GLD proxy)",swap_dealer,2012-06-05,55084,69368,-14284,-11495,423941,-3.4
disagg_fut,088691,"Gold, COMEX (GLD proxy)",swap_dealer,2012-06-12,49384,68982,-19598,-5314,412244,-4.8
disagg_fut,088691,"Gold, COMEX (GLD proxy)",swap_dealer,2012-06-19,52122,63347,-11225,8373,418492,-2.7
disagg_fut,088691,"Gold, COMEX (GLD proxy)",swap_dealer,2012-06-26,57339,57627,-288,10937,413618,-0.1
disagg_fut,088691,"Gold, COMEX (GLD proxy)",swap_dealer,2012-07-03,50550,61066,-10516,-10228,425068,-2.5
disagg_fut,088691,"Gold, COMEX (GLD proxy)",swap_dealer,2012-07-10,54038,53239,799,11315,429854,0.2
disagg_fut,088691,"Gold, COMEX (GLD proxy)",swap_dealer,2012-07-17,55690,56308,-618,-1417,431317,-0.1
disagg_fut,088691,"Gold, COMEX (GLD proxy)",swap_dealer,2012-07-24,55448,54022,1426,2044,420296,0.3
disagg_fut,088691,"Gold, COMEX (GLD proxy)",swap_dealer,2012-07-31,52701,60967,-8266,-9692,403403,-2.0
disagg_fut,088691,"Gold, COMEX (GLD proxy)",swap_dealer,2012-08-07,49288,60873,-11585,-3319,388254,-3.0
disagg_fut,088691,"Gold, COMEX (GLD proxy)",swap_dealer,2012-08-14,50179,61751,-11572,13,388187,-3.0
disagg_fut,088691,"Gold, COMEX (GLD proxy)",swap_dealer,2012-08-21,41776,69766,-27990,-16418,398747,-7.0
disagg_fut,088691,"Gold, COMEX (GLD proxy)",swap_dealer,2012-08-28,38045,81300,-43255,-15265,426559,-10.1
disagg_fut,088691,"Gold, COMEX (GLD proxy)",swap_dealer,2012-09-04,40011,80804,-40793,2462,444489,-9.2
disagg_fut,088691,"Gold, COMEX (GLD proxy)",swap_dealer,2012-09-11,39378,83003,-43625,-2832,460531,-9.5
disagg_fut,088691,"Gold, COMEX (GLD proxy)",swap_dealer,2012-09-18,39854,97568,-57714,-14089,478609,-12.1
disagg_fut,088691,"Gold, COMEX (GLD proxy)",swap_dealer,2012-09-25,45297,95080,-49783,7931,489516,-10.2
disagg_fut,088691,"Gold, COMEX (GLD proxy)",swap_dealer,2012-10-02,45440,98454,-53014,-3231,480908,-11.0
disagg_fut,088691,"Gold, COMEX (GLD proxy)",swap_dealer,2012-10-09,45750,96084,-50334,2680,484359,-10.4
disagg_fut,088691,"Gold, COMEX (GLD proxy)",swap_dealer,2012-10-16,45506,93467,-47961,2373,462826,-10.4
disagg_fut,088691,"Gold, COMEX (GLD proxy)",swap_dealer,2012-10-23,46353,87924,-41571,6390,455836,-9.1
disagg_fut,088691,"Gold, COMEX (GLD proxy)",swap_dealer,2012-10-30,50003,87771,-37768,3803,454742,-8.3
disagg_fut,088691,"Gold, COMEX (GLD proxy)",swap_dealer,2012-11-06,52213,92406,-40193,-2425,447154,-9.0
disagg_fut,088691,"Gold, COMEX (GLD proxy)",swap_dealer,2012-11-13,48431,90355,-41924,-1731,459761,-9.1
disagg_fut,088691,"Gold, COMEX (GLD proxy)",swap_dealer,2012-11-20,48306,95561,-47255,-5331,474129,-10.0
disagg_fut,088691,"Gold, COMEX (GLD proxy)",swap_dealer,2012-11-27,42719,104092,-61373,-14118,479373,-12.8
disagg_fut,088691,"Gold, COMEX (GLD proxy)",swap_dealer,2012-12-04,41757,84422,-42665,18708,434416,-9.8
disagg_fut,088691,"Gold, COMEX (GLD proxy)",swap_dealer,2012-12-11,39045,91347,-52302,-9637,433586,-12.1
disagg_fut,088691,"Gold, COMEX (GLD proxy)",swap_dealer,2012-12-18,40727,93089,-52362,-60,435742,-12.0
disagg_fut,088691,"Gold, COMEX (GLD proxy)",swap_dealer,2012-12-24,37952,88595,-50643,,426300,-11.9
disagg_fut,088691,"Gold, COMEX (GLD proxy)",swap_dealer,2012-12-31,40449,93606,-53157,-2514,427991,-12.4
disagg_fut,088691,"Gold, COMEX (GLD proxy)",swap_dealer,2013-01-08,53802,96756,-42954,,441304,-9.7
disagg_fut,088691,"Gold, COMEX (GLD proxy)",swap_dealer,2013-01-15,50280,100052,-49772,-6818,447773,-11.1
disagg_fut,088691,"Gold, COMEX (GLD proxy)",swap_dealer,2013-01-22,47206,102364,-55158,-5386,461369,-12.0
disagg_fut,088691,"Gold, COMEX (GLD proxy)",swap_dealer,2013-01-29,55064,90878,-35814,19344,430718,-8.3
disagg_fut,088691,"Gold, COMEX (GLD proxy)",swap_dealer,2013-02-05,51722,91464,-39742,-3928,423982,-9.4
disagg_fut,088691,"Gold, COMEX (GLD proxy)",swap_dealer,2013-02-12,55538,91349,-35811,3931,435088,-8.2
disagg_fut,088691,"Gold, COMEX (GLD proxy)",swap_dealer,2013-02-19,56500,84147,-27647,8164,447290,-6.2
disagg_fut,088691,"Gold, COMEX (GLD proxy)",swap_dealer,2013-02-26,53742,82223,-28481,-834,433858,-6.6
disagg_fut,088691,"Gold, COMEX (GLD proxy)",swap_dealer,2013-03-05,51325,85361,-34036,-5555,434586,-7.8
disagg_fut,088691,"Gold, COMEX (GLD proxy)",swap_dealer,2013-03-12,50051,96930,-46879,-12843,445651,-10.5
disagg_fut,088691,"Gold, COMEX (GLD proxy)",swap_dealer,2013-03-19,36981,99920,-62939,-16060,440712,-14.3
disagg_fut,088691,"Gold, COMEX (GLD proxy)",swap_dealer,2013-03-26,36400,99887,-63487,-548,419727,-15.1
disagg_fut,088691,"Gold, COMEX (GLD proxy)",swap_dealer,2013-04-02,42206,102255,-60049,3438,417176,-14.4
disagg_fut,088691,"Gold, COMEX (GLD proxy)",swap_dealer,2013-04-09,43492,110732,-67240,-7191,416513,-16.1
disagg_fut,088691,"Gold, COMEX (GLD proxy)",swap_dealer,2013-04-16,39834,108393,-68559,-1319,413083,-16.6
disagg_fut,088691,"Gold, COMEX (GLD proxy)",swap_dealer,2013-04-23,43342,97668,-54326,14233,415074,-13.1
disagg_fut,088691,"Gold, COMEX (GLD proxy)",swap_dealer,2013-04-30,43088,95699,-52611,1715,421087,-12.5
disagg_fut,088691,"Gold, COMEX (GLD proxy)",swap_dealer,2013-05-07,49861,100117,-50256,2355,437931,-11.5
disagg_fut,088691,"Gold, COMEX (GLD proxy)",swap_dealer,2013-05-14,43781,100861,-57080,-6824,443806,-12.9
disagg_fut,088691,"Gold, COMEX (GLD proxy)",swap_dealer,2013-05-21,43209,92997,-49788,7292,446087,-11.2
disagg_fut,088691,"Gold, COMEX (GLD proxy)",swap_dealer,2013-05-28,45571,67221,-21650,28138,411001,-5.3
disagg_fut,088691,"Gold, COMEX (GLD proxy)",swap_dealer,2013-06-04,43384,71906,-28522,-6872,373061,-7.6
disagg_fut,088691,"Gold, COMEX (GLD proxy)",swap_dealer,2013-06-11,43835,72278,-28443,79,373844,-7.6
disagg_fut,088691,"Gold, COMEX (GLD proxy)",swap_dealer,2013-06-18,46412,70187,-23775,4668,377106,-6.3
disagg_fut,088691,"Gold, COMEX (GLD proxy)",swap_dealer,2013-06-25,44960,60902,-15942,7833,390647,-4.1
disagg_fut,088691,"Gold, COMEX (GLD proxy)",swap_dealer,2013-07-02,56018,63604,-7586,8356,410399,-1.8
disagg_fut,088691,"Gold, COMEX (GLD proxy)",swap_dealer,2013-07-09,60807,64720,-3913,3673,431574,-0.9
disagg_fut,088691,"Gold, COMEX (GLD proxy)",swap_dealer,2013-07-16,56214,66927,-10713,-6800,440283,-2.4
disagg_fut,088691,"Gold, COMEX (GLD proxy)",swap_dealer,2013-07-23,49117,69521,-20404,-9691,434750,-4.7
disagg_fut,088691,"Gold, COMEX (GLD proxy)",swap_dealer,2013-07-30,45472,66832,-21360,-956,397035,-5.4
disagg_fut,088691,"Gold, COMEX (GLD proxy)",swap_dealer,2013-08-06,48021,97724,-49703,-28343,396062,-12.5
disagg_fut,088691,"Gold, COMEX (GLD proxy)",swap_dealer,2013-08-13,48387,101967,-53580,-3877,390547,-13.7
disagg_fut,088691,"Gold, COMEX (GLD proxy)",swap_dealer,2013-08-20,51336,106661,-55325,-1745,385410,-14.4
disagg_fut,088691,"Gold, COMEX (GLD proxy)",swap_dealer,2013-08-27,48785,115893,-67108,-11783,384102,-17.5
disagg_fut,088691,"Gold, COMEX (GLD proxy)",swap_dealer,2013-09-03,52306,120128,-67822,-714,388584,-17.5
disagg_fut,088691,"Gold, COMEX (GLD proxy)",swap_dealer,2013-09-10,54162,117518,-63356,4466,384164,-16.5
disagg_fut,088691,"Gold, COMEX (GLD proxy)",swap_dealer,2013-09-17,58014,112447,-54433,8923,384592,-14.2
disagg_fut,088691,"Gold, COMEX (GLD proxy)",swap_dealer,2013-09-24,55458,114094,-58636,-4203,378216,-15.5
disagg_fut,088691,"Gold, COMEX (GLD proxy)",swap_dealer,2013-10-01,48638,117588,-68950,-10314,374151,-18.4
disagg_fut,088691,"Gold, COMEX (GLD proxy)",swap_dealer,2013-10-08,47956,121511,-73555,-4605,370406,-19.9
disagg_fut,088691,"Gold, COMEX (GLD proxy)",swap_dealer,2013-10-15,58571,111950,-53379,20176,381727,-14.0
disagg_fut,088691,"Gold, COMEX (GLD proxy)",swap_dealer,2013-10-22,53299,114813,-61514,-8135,390369,-15.8
disagg_fut,088691,"Gold, COMEX (GLD proxy)",swap_dealer,2013-10-29,47817,128344,-80527,-19013,387166,-20.8
disagg_fut,088691,"Gold, COMEX (GLD proxy)",swap_dealer,2013-11-05,54848,119912,-65064,15463,386796,-16.8
disagg_fut,088691,"Gold, COMEX (GLD proxy)",swap_dealer,2013-11-12,63134,108804,-45670,19394,403840,-11.3
disagg_fut,088691,"Gold, COMEX (GLD proxy)",swap_dealer,2013-11-19,66739,105842,-39103,6567,397590,-9.8
disagg_fut,088691,"Gold, COMEX (GLD proxy)",swap_dealer,2013-11-26,63173,97319,-34146,4957,394432,-8.7
disagg_fut,088691,"Gold, COMEX (GLD proxy)",swap_dealer,2013-12-03,60771,95365,-34594,-448,386436,-9.0
disagg_fut,088691,"Gold, COMEX (GLD proxy)",swap_dealer,2013-12-10,60775,100001,-39226,-4632,377313,-10.4
disagg_fut,088691,"Gold, COMEX (GLD proxy)",swap_dealer,2013-12-17,64050,102250,-38200,1026,385432,-9.9
disagg_fut,088691,"Gold, COMEX (GLD proxy)",swap_dealer,2013-12-24,60796,99269,-38473,-273,384974,-10.0
disagg_fut,088691,"Gold, COMEX (GLD proxy)",swap_dealer,2013-12-31,56130,94708,-38578,-105,379550,-10.2
disagg_fut,088691,"Gold, COMEX (GLD proxy)",swap_dealer,2014-01-07,55103,100097,-44994,-6416,383021,-11.7
disagg_fut,088691,"Gold, COMEX (GLD proxy)",swap_dealer,2014-01-14,52669,104051,-51382,-6388,415426,-12.4
disagg_fut,088691,"Gold, COMEX (GLD proxy)",swap_dealer,2014-01-21,53047,104715,-51668,-286,410959,-12.6
disagg_fut,088691,"Gold, COMEX (GLD proxy)",swap_dealer,2014-01-28,51561,104134,-52573,-905,382739,-13.7
disagg_fut,088691,"Gold, COMEX (GLD proxy)",swap_dealer,2014-02-04,49463,106815,-57352,-4779,368279,-15.6
disagg_fut,088691,"Gold, COMEX (GLD proxy)",swap_dealer,2014-02-11,52698,116397,-63699,-6347,376973,-16.9
disagg_fut,088691,"Gold, COMEX (GLD proxy)",swap_dealer,2014-02-18,55230,120508,-65278,-1579,390535,-16.7
disagg_fut,088691,"Gold, COMEX (GLD proxy)",swap_dealer,2014-02-25,48341,128194,-79853,-14575,387503,-20.6
disagg_fut,088691,"Gold, COMEX (GLD proxy)",swap_dealer,2014-03-04,49261,127038,-77777,2076,393266,-19.8
disagg_fut,088691,"Gold, COMEX (GLD proxy)",swap_dealer,2014-03-11,48423,128041,-79618,-1841,415340,-19.2
disagg_fut,088691,"Gold, COMEX (GLD proxy)",swap_dealer,2014-03-18,44752,130374,-85622,-6004,420626,-20.4
disagg_fut,088691,"Gold, COMEX (GLD proxy)",swap_dealer,2014-03-25,44944,144546,-99602,-13980,398264,-25.0
disagg_fut,088691,"Gold, COMEX (GLD proxy)",swap_dealer,2014-04-01,48309,137605,-89296,10306,363451,-24.6
disagg_fut,088691,"Gold, COMEX (GLD proxy)",swap_dealer,2014-04-08,52999,130873,-77874,11422,365400,-21.3
disagg_fut,088691,"Gold, COMEX (GLD proxy)",swap_dealer,2014-04-15,56204,129224,-73020,4854,369577,-19.8
disagg_fut,088691,"Gold, COMEX (GLD proxy)",swap_dealer,2014-04-22,59228,134264,-75036,-2016,372593,-20.1
disagg_fut,088691,"Gold, COMEX (GLD proxy)",swap_dealer,2014-04-29,59711,140198,-80487,-5451,378092,-21.3
disagg_fut,088691,"Gold, COMEX (GLD proxy)",swap_dealer,2014-05-06,55586,147322,-91736,-11249,404700,-22.7
disagg_fut,088691,"Gold, COMEX (GLD proxy)",swap_dealer,2014-05-13,60842,137248,-76406,15330,397029,-19.2
disagg_fut,088691,"Gold, COMEX (GLD proxy)",swap_dealer,2014-05-20,55661,135597,-79936,-3530,399371,-20.0
disagg_fut,088691,"Gold, COMEX (GLD proxy)",swap_dealer,2014-05-27,65353,129094,-63741,16195,397695,-16.0
disagg_fut,088691,"Gold, COMEX (GLD proxy)",swap_dealer,2014-06-03,67407,116486,-49079,14662,382141,-12.8
disagg_fut,088691,"Gold, COMEX (GLD proxy)",swap_dealer,2014-06-10,67848,117134,-49286,-207,378689,-13.0
disagg_fut,088691,"Gold, COMEX (GLD proxy)",swap_dealer,2014-06-17,66800,127539,-60739,-11453,379843,-16.0
disagg_fut,088691,"Gold, COMEX (GLD proxy)",swap_dealer,2014-06-24,57677,151141,-93464,-32725,392388,-23.8
disagg_fut,088691,"Gold, COMEX (GLD proxy)",swap_dealer,2014-07-01,51592,159726,-108134,-14670,401813,-26.9
disagg_fut,088691,"Gold, COMEX (GLD proxy)",swap_dealer,2014-07-08,57659,165927,-108268,-134,410992,-26.3
disagg_fut,088691,"Gold, COMEX (GLD proxy)",swap_dealer,2014-07-15,59019,160798,-101779,6489,408368,-24.9
disagg_fut,088691,"Gold, COMEX (GLD proxy)",swap_dealer,2014-07-22,61849,164723,-102874,-1095,405617,-25.4
disagg_fut,088691,"Gold, COMEX (GLD proxy)",swap_dealer,2014-07-29,58093,151446,-93353,9521,374467,-24.9
disagg_fut,088691,"Gold, COMEX (GLD proxy)",swap_dealer,2014-08-05,58268,142376,-84108,9245,360342,-23.3
disagg_fut,088691,"Gold, COMEX (GLD proxy)",swap_dealer,2014-08-12,53137,158448,-105311,-21203,368114,-28.6
disagg_fut,088691,"Gold, COMEX (GLD proxy)",swap_dealer,2014-08-19,58213,151772,-93559,11752,366401,-25.5
disagg_fut,088691,"Gold, COMEX (GLD proxy)",swap_dealer,2014-08-26,62318,143707,-81389,12170,363608,-22.4
disagg_fut,088691,"Gold, COMEX (GLD proxy)",swap_dealer,2014-09-02,69658,134954,-65296,16093,371515,-17.6
disagg_fut,088691,"Gold, COMEX (GLD proxy)",swap_dealer,2014-09-09,70734,129940,-59206,6090,384341,-15.4
disagg_fut,088691,"Gold, COMEX (GLD proxy)",swap_dealer,2014-09-16,72485,115745,-43260,15946,386080,-11.2
disagg_fut,088691,"Gold, COMEX (GLD proxy)",swap_dealer,2014-09-23,75993,109473,-33480,9780,385788,-8.7
disagg_fut,088691,"Gold, COMEX (GLD proxy)",swap_dealer,2014-09-30,72866,101792,-28926,4554,379874,-7.6
disagg_fut,088691,"Gold, COMEX (GLD proxy)",swap_dealer,2014-10-07,62844,95333,-32489,-3563,380087,-8.5
disagg_fut,088691,"Gold, COMEX (GLD proxy)",swap_dealer,2014-10-14,55993,102357,-46364,-13875,397855,-11.7
disagg_fut,088691,"Gold, COMEX (GLD proxy)",swap_dealer,2014-10-21,55548,115531,-59983,-13619,411057,-14.6
disagg_fut,088691,"Gold, COMEX (GLD proxy)",swap_dealer,2014-10-28,64780,113829,-49049,10934,414410,-11.8
disagg_fut,088691,"Gold, COMEX (GLD proxy)",swap_dealer,2014-11-04,76965,94482,-17517,31532,417377,-4.2
disagg_fut,088691,"Gold, COMEX (GLD proxy)",swap_dealer,2014-11-11,81186,93347,-12161,5356,443422,-2.7
disagg_fut,088691,"Gold, COMEX (GLD proxy)",swap_dealer,2014-11-18,77541,108286,-30745,-18584,459657,-6.7
disagg_fut,088691,"Gold, COMEX (GLD proxy)",swap_dealer,2014-11-25,75262,106985,-31723,-978,388145,-8.2
disagg_fut,088691,"Gold, COMEX (GLD proxy)",swap_dealer,2014-12-02,68077,112156,-44079,-12356,368121,-12.0
disagg_fut,088691,"Gold, COMEX (GLD proxy)",swap_dealer,2014-12-09,54078,115704,-61626,-17547,375323,-16.4
disagg_fut,088691,"Gold, COMEX (GLD proxy)",swap_dealer,2014-12-16,58092,113829,-55737,5889,371743,-15.0
disagg_fut,088691,"Gold, COMEX (GLD proxy)",swap_dealer,2014-12-23,63961,118563,-54602,1135,375212,-14.6
disagg_fut,088691,"Gold, COMEX (GLD proxy)",swap_dealer,2014-12-30,59587,118521,-58934,-4332,373982,-15.8
disagg_fut,088691,"Gold, COMEX (GLD proxy)",swap_dealer,2015-01-06,58869,122190,-63321,-4387,394021,-16.1
disagg_fut,088691,"Gold, COMEX (GLD proxy)",swap_dealer,2015-01-13,57011,129980,-72969,-9648,402108,-18.1
disagg_fut,088691,"Gold, COMEX (GLD proxy)",swap_dealer,2015-01-20,56831,148999,-92168,-19199,430128,-21.4
disagg_fut,088691,"Gold, COMEX (GLD proxy)",swap_dealer,2015-01-27,49720,159364,-109644,-17476,438279,-25.0
disagg_fut,088691,"Gold, COMEX (GLD proxy)",swap_dealer,2015-02-03,52559,165246,-112687,-3043,419524,-26.9
disagg_fut,088691,"Gold, COMEX (GLD proxy)",swap_dealer,2015-02-10,58748,150833,-92085,20602,393232,-23.4
disagg_fut,088691,"Gold, COMEX (GLD proxy)",swap_dealer,2015-02-17,63983,133473,-69490,22595,389530,-17.8
disagg_fut,088691,"Gold, COMEX (GLD proxy)",swap_dealer,2015-02-24,67813,132099,-64286,5204,399307,-16.1
disagg_fut,088691,"Gold, COMEX (GLD proxy)",swap_dealer,2015-03-03,71498,128564,-57066,7220,405124,-14.1
disagg_fut,088691,"Gold, COMEX (GLD proxy)",swap_dealer,2015-03-10,78066,115461,-37395,19671,410918,-9.1
disagg_fut,088691,"Gold, COMEX (GLD proxy)",swap_dealer,2015-03-17,76537,89719,-13182,24213,429738,-3.1
disagg_fut,088691,"Gold, COMEX (GLD proxy)",swap_dealer,2015-03-24,81595,89221,-7626,5556,433767,-1.8
disagg_fut,088691,"Gold, COMEX (GLD proxy)",swap_dealer,2015-03-31,70154,100941,-30787,-23161,387585,-7.9
disagg_fut,088691,"Gold, COMEX (GLD proxy)",swap_dealer,2015-04-07,62352,109723,-47371,-16584,390571,-12.1
disagg_fut,088691,"Gold, COMEX (GLD proxy)",swap_dealer,2015-04-14,59580,102869,-43289,4082,395089,-11.0
disagg_fut,088691,"Gold, COMEX (GLD proxy)",swap_dealer,2015-04-21,58445,109900,-51455,-8166,397379,-12.9
disagg_fut,088691,"Gold, COMEX (GLD proxy)",swap_dealer,2015-04-28,57350,110507,-53157,-1702,403575,-13.2
disagg_fut,088691,"Gold, COMEX (GLD proxy)",swap_dealer,2015-05-05,66517,100514,-33997,19160,399988,-8.5
disagg_fut,088691,"Gold, COMEX (GLD proxy)",swap_dealer,2015-05-12,65253,99432,-34179,-182,405612,-8.4
disagg_fut,088691,"Gold, COMEX (GLD proxy)",swap_dealer,2015-05-19,61564,116989,-55425,-21246,428597,-12.9
disagg_fut,088691,"Gold, COMEX (GLD proxy)",swap_dealer,2015-05-26,66036,101323,-35287,20138,411961,-8.6
disagg_fut,088691,"Gold, COMEX (GLD proxy)",swap_dealer,2015-06-02,67739,102263,-34524,763,398724,-8.7
disagg_fut,088691,"Gold, COMEX (GLD proxy)",swap_dealer,2015-06-09,77467,94753,-17286,17238,406069,-4.3
disagg_fut,088691,"Gold, COMEX (GLD proxy)",swap_dealer,2015-06-16,76500,93746,-17246,40,415718,-4.1
disagg_fut,088691,"Gold, COMEX (GLD proxy)",swap_dealer,2015-06-23,71617,96970,-25353,-8107,430978,-5.9
disagg_fut,088691,"Gold, COMEX (GLD proxy)",swap_dealer,2015-06-30,77261,86957,-9696,15657,442301,-2.2
disagg_fut,088691,"Gold, COMEX (GLD proxy)",swap_dealer,2015-07-07,82437,81615,822,10518,452145,0.2
disagg_fut,088691,"Gold, COMEX (GLD proxy)",swap_dealer,2015-07-14,81349,77775,3574,2752,462664,0.8
disagg_fut,088691,"Gold, COMEX (GLD proxy)",swap_dealer,2015-07-21,80298,62079,18219,14645,459760,4.0
disagg_fut,088691,"Gold, COMEX (GLD proxy)",swap_dealer,2015-07-28,83026,61828,21198,2979,438282,4.8
disagg_fut,088691,"Gold, COMEX (GLD proxy)",swap_dealer,2015-08-04,87818,63235,24583,3385,434273,5.7
disagg_fut,088691,"Gold, COMEX (GLD proxy)",swap_dealer,2015-08-11,86266,67040,19226,-5357,435489,4.4
disagg_fut,088691,"Gold, COMEX (GLD proxy)",swap_dealer,2015-08-18,86133,70002,16131,-3095,432728,3.7
disagg_fut,088691,"Gold, COMEX (GLD proxy)",swap_dealer,2015-08-25,82325,79068,3257,-12874,432154,0.8
disagg_fut,088691,"Gold, COMEX (GLD proxy)",swap_dealer,2015-09-01,74975,76778,-1803,-5060,410274,-0.4
disagg_fut,088691,"Gold, COMEX (GLD proxy)",swap_dealer,2015-09-08,74098,72978,1120,2923,421732,0.3
disagg_fut,088691,"Gold, COMEX (GLD proxy)",swap_dealer,2015-09-15,78146,67823,10323,9203,413333,2.5
disagg_fut,088691,"Gold, COMEX (GLD proxy)",swap_dealer,2015-09-22,69713,71423,-1710,-12033,419304,-0.4
disagg_fut,088691,"Gold, COMEX (GLD proxy)",swap_dealer,2015-09-29,61785,72838,-11053,-9343,415700,-2.7
disagg_fut,088691,"Gold, COMEX (GLD proxy)",swap_dealer,2015-10-06,63322,85369,-22047,-10994,430228,-5.1
disagg_fut,088691,"Gold, COMEX (GLD proxy)",swap_dealer,2015-10-13,63188,102167,-38979,-16932,435928,-8.9
disagg_fut,088691,"Gold, COMEX (GLD proxy)",swap_dealer,2015-10-20,56278,118110,-61832,-22853,467792,-13.2
disagg_fut,088691,"Gold, COMEX (GLD proxy)",swap_dealer,2015-10-27,56525,119427,-62902,-1070,466780,-13.5
disagg_fut,088691,"Gold, COMEX (GLD proxy)",swap_dealer,2015-11-03,64033,99795,-35762,27140,443900,-8.1
disagg_fut,088691,"Gold, COMEX (GLD proxy)",swap_dealer,2015-11-10,69343,76357,-7014,28748,436426,-1.6
disagg_fut,088691,"Gold, COMEX (GLD proxy)",swap_dealer,2015-11-17,73481,51955,21526,28540,435376,4.9
disagg_fut,088691,"Gold, COMEX (GLD proxy)",swap_dealer,2015-11-24,66384,36889,29495,7969,397705,7.4
disagg_fut,088691,"Gold, COMEX (GLD proxy)",swap_dealer,2015-12-01,66447,37075,29372,-123,390940,7.5
disagg_fut,088691,"Gold, COMEX (GLD proxy)",swap_dealer,2015-12-08,63378,40814,22564,-6808,394128,5.7
disagg_fut,088691,"Gold, COMEX (GLD proxy)",swap_dealer,2015-12-15,68154,35604,32550,9986,390944,8.3
disagg_fut,088691,"Gold, COMEX (GLD proxy)",swap_dealer,2015-12-22,70804,39111,31693,-857,405294,7.8
disagg_fut,088691,"Gold, COMEX (GLD proxy)",swap_dealer,2015-12-29,65832,37193,28639,-3054,401880,7.1
disagg_fut,088691,"Gold, COMEX (GLD proxy)",swap_dealer,2016-01-05,62783,37206,25577,-3062,413688,6.2
disagg_fut,088691,"Gold, COMEX (GLD proxy)",swap_dealer,2016-01-12,52700,44470,8230,-17347,397565,2.1
disagg_fut,088691,"Gold, COMEX (GLD proxy)",swap_dealer,2016-01-19,53388,44569,8819,589,408835,2.2
disagg_fut,088691,"Gold, COMEX (GLD proxy)",swap_dealer,2016-01-26,47192,54416,-7224,-16043,385350,-1.9
disagg_fut,088691,"Gold, COMEX (GLD proxy)",swap_dealer,2016-02-02,48605,69970,-21365,-14141,379185,-5.6
disagg_fut,088691,"Gold, COMEX (GLD proxy)",swap_dealer,2016-02-09,52921,90104,-37183,-15818,410833,-9.1
disagg_fut,088691,"Gold, COMEX (GLD proxy)",swap_dealer,2016-02-16,55745,101954,-46209,-9026,428912,-10.8
disagg_fut,088691,"Gold, COMEX (GLD proxy)",swap_dealer,2016-02-23,53429,112630,-59201,-12992,445290,-13.3
disagg_fut,088691,"Gold, COMEX (GLD proxy)",swap_dealer,2016-03-01,56255,115019,-58764,437,450555,-13.0
disagg_fut,088691,"Gold, COMEX (GLD proxy)",swap_dealer,2016-03-08,54685,124070,-69385,-10621,499110,-13.9
disagg_fut,088691,"Gold, COMEX (GLD proxy)",swap_dealer,2016-03-15,60147,121729,-61582,7803,493086,-12.5
disagg_fut,088691,"Gold, COMEX (GLD proxy)",swap_dealer,2016-03-22,59953,129680,-69727,-8145,510579,-13.7
disagg_fut,088691,"Gold, COMEX (GLD proxy)",swap_dealer,2016-03-29,56815,138284,-81469,-11742,480461,-17.0
disagg_fut,088691,"Gold, COMEX (GLD proxy)",swap_dealer,2016-04-05,57395,134821,-77426,4043,474094,-16.3
disagg_fut,088691,"Gold, COMEX (GLD proxy)",swap_dealer,2016-04-12,60602,149196,-88594,-11168,504523,-17.6
disagg_fut,088691,"Gold, COMEX (GLD proxy)",swap_dealer,2016-04-19,56336,150230,-93894,-5300,503331,-18.7
disagg_fut,088691,"Gold, COMEX (GLD proxy)",swap_dealer,2016-04-26,55117,148610,-93493,401,497884,-18.8
disagg_fut,088691,"Gold, COMEX (GLD proxy)",swap_dealer,2016-05-03,54485,179418,-124933,-31440,565774,-22.1
disagg_fut,088691,"Gold, COMEX (GLD proxy)",swap_dealer,2016-05-10,54725,181621,-126896,-1963,579777,-21.9
disagg_fut,088691,"Gold, COMEX (GLD proxy)",swap_dealer,2016-05-17,54437,195669,-141232,-14336,595077,-23.7
disagg_fut,088691,"Gold, COMEX (GLD proxy)",swap_dealer,2016-05-24,47330,175665,-128335,12897,542958,-23.6
disagg_fut,088691,"Gold, COMEX (GLD proxy)",swap_dealer,2016-05-31,47595,166664,-119069,9266,494321,-24.1
disagg_fut,088691,"Gold, COMEX (GLD proxy)",swap_dealer,2016-06-07,46410,168675,-122265,-3196,496330,-24.6
disagg_fut,088691,"Gold, COMEX (GLD proxy)",swap_dealer,2016-06-14,44717,192524,-147807,-25542,545357,-27.1
disagg_fut,088691,"Gold, COMEX (GLD proxy)",swap_dealer,2016-06-21,42538,205548,-163010,-15203,571517,-28.5
disagg_fut,088691,"Gold, COMEX (GLD proxy)",swap_dealer,2016-06-28,41808,218538,-176730,-13720,613792,-28.8
disagg_fut,088691,"Gold, COMEX (GLD proxy)",swap_dealer,2016-07-05,43240,234339,-191099,-14369,652971,-29.3
disagg_fut,088691,"Gold, COMEX (GLD proxy)",swap_dealer,2016-07-12,39218,222887,-183669,7430,633020,-29.0
disagg_fut,088691,"Gold, COMEX (GLD proxy)",swap_dealer,2016-07-19,37838,217412,-179574,4095,617069,-29.1
disagg_fut,088691,"Gold, COMEX (GLD proxy)",swap_dealer,2016-07-26,35575,209397,-173822,5752,576325,-30.2
disagg_fut,088691,"Gold, COMEX (GLD proxy)",swap_dealer,2016-08-02,37132,214285,-177153,-3331,582211,-30.4
disagg_fut,088691,"Gold, COMEX (GLD proxy)",swap_dealer,2016-08-09,32598,208731,-176133,1020,575399,-30.6
disagg_fut,088691,"Gold, COMEX (GLD proxy)",swap_dealer,2016-08-16,32762,204547,-171785,4348,572496,-30.0
disagg_fut,088691,"Gold, COMEX (GLD proxy)",swap_dealer,2016-08-23,32034,209723,-177689,-5904,572973,-31.0
disagg_fut,088691,"Gold, COMEX (GLD proxy)",swap_dealer,2016-08-30,31637,197108,-165471,12218,558398,-29.6
disagg_fut,088691,"Gold, COMEX (GLD proxy)",swap_dealer,2016-09-06,28000,204170,-176170,-10699,590656,-29.8
disagg_fut,088691,"Gold, COMEX (GLD proxy)",swap_dealer,2016-09-13,29423,191960,-162537,13633,575002,-28.3
disagg_fut,088691,"Gold, COMEX (GLD proxy)",swap_dealer,2016-09-20,33793,186385,-152592,9945,558791,-27.3
disagg_fut,088691,"Gold, COMEX (GLD proxy)",swap_dealer,2016-09-27,32038,197300,-165262,-12670,583161,-28.3
disagg_fut,088691,"Gold, COMEX (GLD proxy)",swap_dealer,2016-10-04,29901,173469,-143568,21694,544824,-26.4
disagg_fut,088691,"Gold, COMEX (GLD proxy)",swap_dealer,2016-10-11,34348,140974,-106626,36942,500328,-21.3
disagg_fut,088691,"Gold, COMEX (GLD proxy)",swap_dealer,2016-10-18,35745,132128,-96383,10243,497061,-19.4
disagg_fut,088691,"Gold, COMEX (GLD proxy)",swap_dealer,2016-10-25,34869,140933,-106064,-9681,507617,-20.9
disagg_fut,088691,"Gold, COMEX (GLD proxy)",swap_dealer,2016-11-01,36607,149931,-113324,-7260,521506,-21.7
disagg_fut,088691,"Gold, COMEX (GLD proxy)",swap_dealer,2016-11-08,31113,146201,-115088,-1764,528203,-21.8
disagg_fut,088691,"Gold, COMEX (GLD proxy)",swap_dealer,2016-11-15,28878,121945,-93067,22021,479237,-19.4
disagg_fut,088691,"Gold, COMEX (GLD proxy)",swap_dealer,2016-11-22,23389,117366,-93977,-910,461062,-20.4
disagg_fut,088691,"Gold, COMEX (GLD proxy)",swap_dealer,2016-11-29,25014,102249,-77235,16742,405661,-19.0
disagg_fut,088691,"Gold, COMEX (GLD proxy)",swap_dealer,2016-12-06,28749,100265,-71516,5719,393524,-18.2
disagg_fut,088691,"Gold, COMEX (GLD proxy)",swap_dealer,2016-12-13,28815,97528,-68713,2803,397034,-17.3
disagg_fut,088691,"Gold, COMEX (GLD proxy)",swap_dealer,2016-12-20,39604,94282,-54678,14035,398661,-13.7
disagg_fut,088691,"Gold, COMEX (GLD proxy)",swap_dealer,2016-12-27,41038,87558,-46520,8158,401513,-11.6
disagg_fut,088691,"Gold, COMEX (GLD proxy)",swap_dealer,2017-01-03,45237,89620,-44383,2137,424673,-10.5
disagg_fut,088691,"Gold, COMEX (GLD proxy)",swap_dealer,2017-01-10,43277,97020,-53743,-9360,444001,-12.1
disagg_fut,088691,"Gold, COMEX (GLD proxy)",swap_dealer,2017-01-17,55461,102973,-47512,6231,467937,-10.2
disagg_fut,088691,"Gold, COMEX (GLD proxy)",swap_dealer,2017-01-24,58497,99506,-41009,6503,482374,-8.5
disagg_fut,088691,"Gold, COMEX (GLD proxy)",swap_dealer,2017-01-31,58393,100374,-41981,-972,398433,-10.5
disagg_fut,088691,"Gold, COMEX (GLD proxy)",swap_dealer,2017-02-07,62157,103080,-40923,1058,415543,-9.8
disagg_fut,088691,"Gold, COMEX (GLD proxy)",swap_dealer,2017-02-14,63220,98578,-35358,5565,415128,-8.5
disagg_fut,088691,"Gold, COMEX (GLD proxy)",swap_dealer,2017-02-21,61324,105119,-43795,-8437,427168,-10.3
disagg_fut,088691,"Gold, COMEX (GLD proxy)",swap_dealer,2017-02-28,56402,128960,-72558,-28763,446081,-16.3
disagg_fut,088691,"Gold, COMEX (GLD proxy)",swap_dealer,2017-03-07,57578,112363,-54785,17773,434401,-12.6
disagg_fut,088691,"Gold, COMEX (GLD proxy)",swap_dealer,2017-03-14,56881,91778,-34897,19888,426170,-8.2
disagg_fut,088691,"Gold, COMEX (GLD proxy)",swap_dealer,2017-03-21,57057,87538,-30481,4416,446880,-6.8
disagg_fut,088691,"Gold, COMEX (GLD proxy)",swap_dealer,2017-03-28,59196,97664,-38468,-7987,449418,-8.6
disagg_fut,088691,"Gold, COMEX (GLD proxy)",swap_dealer,2017-04-04,58279,106418,-48139,-9671,427808,-11.3
disagg_fut,088691,"Gold, COMEX (GLD proxy)",swap_dealer,2017-04-11,58431,110151,-51720,-3581,456131,-11.3
disagg_fut,088691,"Gold, COMEX (GLD proxy)",swap_dealer,2017-04-18,56226,117510,-61284,-9564,472263,-13.0
disagg_fut,088691,"Gold, COMEX (GLD proxy)",swap_dealer,2017-04-25,57558,120464,-62906,-1622,475985,-13.2
disagg_fut,088691,"Gold, COMEX (GLD proxy)",swap_dealer,2017-05-02,59280,109970,-50690,12216,461905,-11.0
disagg_fut,088691,"Gold, COMEX (GLD proxy)",swap_dealer,2017-05-09,59970,86406,-26436,24254,433033,-6.1
disagg_fut,088691,"Gold, COMEX (GLD proxy)",swap_dealer,2017-05-16,63431,77701,-14270,12166,435021,-3.3
disagg_fut,088691,"Gold, COMEX (GLD proxy)",swap_dealer,2017-05-23,57061,84517,-27456,-13186,462572,-5.9
disagg_fut,088691,"Gold, COMEX (GLD proxy)",swap_dealer,2017-05-30,60524,87501,-26977,479,434246,-6.2
disagg_fut,088691,"Gold, COMEX (GLD proxy)",swap_dealer,2017-06-06,68622,111020,-42398,-15421,494041,-8.6
disagg_fut,088691,"Gold, COMEX (GLD proxy)",swap_dealer,2017-06-13,67130,104524,-37394,5004,471134,-7.9
disagg_fut,088691,"Gold, COMEX (GLD proxy)",swap_dealer,2017-06-20,71455,88537,-17082,20312,445841,-3.8
disagg_fut,088691,"Gold, COMEX (GLD proxy)",swap_dealer,2017-06-27,74033,83911,-9878,7204,453144,-2.2
disagg_fut,088691,"Gold, COMEX (GLD proxy)",swap_dealer,2017-07-03,77273,56210,21063,,457201,4.6
disagg_fut,088691,"Gold, COMEX (GLD proxy)",swap_dealer,2017-07-11,85352,41631,43721,,475669,9.2
disagg_fut,088691,"Gold, COMEX (GLD proxy)",swap_dealer,2017-07-18,92227,45064,47163,3442,484204,9.7
disagg_fut,088691,"Gold, COMEX (GLD proxy)",swap_dealer,2017-07-25,94201,59983,34218,-12945,463827,7.4
disagg_fut,088691,"Gold, COMEX (GLD proxy)",swap_dealer,2017-08-01,85526,80375,5151,-29067,448709,1.1
disagg_fut,088691,"Gold, COMEX (GLD proxy)",swap_dealer,2017-08-08,85898,96099,-10201,-15352,448727,-2.3
disagg_fut,088691,"Gold, COMEX (GLD proxy)",swap_dealer,2017-08-15,82435,116285,-33850,-23649,477921,-7.1
disagg_fut,088691,"Gold, COMEX (GLD proxy)",swap_dealer,2017-08-22,86325,127096,-40771,-6921,500443,-8.1
disagg_fut,088691,"Gold, COMEX (GLD proxy)",swap_dealer,2017-08-29,75594,135022,-59428,-18657,538875,-11.0
disagg_fut,088691,"Gold, COMEX (GLD proxy)",swap_dealer,2017-09-05,76165,144178,-68013,-8585,566817,-12.0
disagg_fut,088691,"Gold, COMEX (GLD proxy)",swap_dealer,2017-09-12,76515,156958,-80443,-12430,580606,-13.9
disagg_fut,088691,"Gold, COMEX (GLD proxy)",swap_dealer,2017-09-19,83263,146424,-63161,17282,570096,-11.1
disagg_fut,088691,"Gold, COMEX (GLD proxy)",swap_dealer,2017-09-26,88232,131881,-43649,19512,549637,-7.9
disagg_fut,088691,"Gold, COMEX (GLD proxy)",swap_dealer,2017-10-03,84906,123391,-38485,5164,525127,-7.3
disagg_fut,088691,"Gold, COMEX (GLD proxy)",swap_dealer,2017-10-10,80325,120570,-40245,-1760,520005,-7.7
disagg_fut,088691,"Gold, COMEX (GLD proxy)",swap_dealer,2017-10-17,83262,117660,-34398,5847,528800,-6.5
disagg_fut,088691,"Gold, COMEX (GLD proxy)",swap_dealer,2017-10-24,84376,112366,-27990,6408,526674,-5.3
disagg_fut,088691,"Gold, COMEX (GLD proxy)",swap_dealer,2017-10-31,86265,113205,-26940,1050,531918,-5.1
disagg_fut,088691,"Gold, COMEX (GLD proxy)",swap_dealer,2017-11-07,82790,117003,-34213,-7273,536843,-6.4
disagg_fut,088691,"Gold, COMEX (GLD proxy)",swap_dealer,2017-11-14,83054,114635,-31581,2632,533054,-5.9
disagg_fut,088691,"Gold, COMEX (GLD proxy)",swap_dealer,2017-11-21,80549,120223,-39674,-8093,531612,-7.5
disagg_fut,088691,"Gold, COMEX (GLD proxy)",swap_dealer,2017-11-28,75448,137232,-61784,-22110,503810,-12.3
disagg_fut,088691,"Gold, COMEX (GLD proxy)",swap_dealer,2017-12-05,82926,114396,-31470,30314,472795,-6.7
disagg_fut,088691,"Gold, COMEX (GLD proxy)",swap_dealer,2017-12-12,106267,93989,12278,43748,446618,2.7
disagg_fut,088691,"Gold, COMEX (GLD proxy)",swap_dealer,2017-12-19,106269,103626,2643,-9635,453595,0.6
disagg_fut,088691,"Gold, COMEX (GLD proxy)",swap_dealer,2017-12-26,105936,113856,-7920,-10563,456470,-1.7
disagg_fut,088691,"Gold, COMEX (GLD proxy)",swap_dealer,2018-01-02,108799,128180,-19381,-11461,500731,-3.9
disagg_fut,088691,"Gold, COMEX (GLD proxy)",swap_dealer,2018-01-09,105725,148742,-43017,-23636,555455,-7.7
disagg_fut,088691,"Gold, COMEX (GLD proxy)",swap_dealer,2018-01-16,108318,150807,-42489,528,582333,-7.3
disagg_fut,088691,"Gold, COMEX (GLD proxy)",swap_dealer,2018-01-23,109160,150461,-41301,1188,582421,-7.1
disagg_fut,088691,"Gold, COMEX (GLD proxy)",swap_dealer,2018-01-30,106587,144728,-38141,3160,559332,-6.8
disagg_fut,088691,"Gold, COMEX (GLD proxy)",swap_dealer,2018-02-06,104742,134563,-29821,8320,535321,-5.6
disagg_fut,088691,"Gold, COMEX (GLD proxy)",swap_dealer,2018-02-13,98254,121390,-23136,6685,511745,-4.5
disagg_fut,088691,"Gold, COMEX (GLD proxy)",swap_dealer,2018-02-20,96427,134987,-38560,-15424,528154,-7.3
disagg_fut,088691,"Gold, COMEX (GLD proxy)",swap_dealer,2018-02-27,106048,130619,-24571,13989,532860,-4.6
disagg_fut,088691,"Gold, COMEX (GLD proxy)",swap_dealer,2018-03-06,106499,137625,-31126,-6555,508100,-6.1
disagg_fut,088691,"Gold, COMEX (GLD proxy)",swap_dealer,2018-03-13,107910,126997,-19087,12039,526762,-3.6
disagg_fut,088691,"Gold, COMEX (GLD proxy)",swap_dealer,2018-03-20,109340,120041,-10701,8386,545499,-2.0
disagg_fut,088691,"Gold, COMEX (GLD proxy)",swap_dealer,2018-03-27,106631,153975,-47344,-36643,529690,-8.9
disagg_fut,088691,"Gold, COMEX (GLD proxy)",swap_dealer,2018-04-03,113668,135771,-22103,25241,493141,-4.5
disagg_fut,088691,"Gold, COMEX (GLD proxy)",swap_dealer,2018-04-10,116790,127347,-10557,11546,499588,-2.1
disagg_fut,088691,"Gold, COMEX (GLD proxy)",swap_dealer,2018-04-17,122287,133702,-11415,-858,510229,-2.2
disagg_fut,088691,"Gold, COMEX (GLD proxy)",swap_dealer,2018-04-24,123783,122120,1663,13078,506410,0.3
disagg_fut,088691,"Gold, COMEX (GLD proxy)",swap_dealer,2018-05-01,124348,108165,16183,14520,507756,3.2
disagg_fut,088691,"Gold, COMEX (GLD proxy)",swap_dealer,2018-05-08,121849,108600,13249,-2934,491398,2.7
disagg_fut,088691,"Gold, COMEX (GLD proxy)",swap_dealer,2018-05-15,121526,99755,21771,8522,519958,4.2
disagg_fut,088691,"Gold, COMEX (GLD proxy)",swap_dealer,2018-05-22,118596,104867,13729,-8042,502942,2.7
disagg_fut,088691,"Gold, COMEX (GLD proxy)",swap_dealer,2018-05-29,114188,113502,686,-13043,469382,0.1
disagg_fut,088691,"Gold, COMEX (GLD proxy)",swap_dealer,2018-06-05,97169,133392,-36223,-36909,450641,-8.0
disagg_fut,088691,"Gold, COMEX (GLD proxy)",swap_dealer,2018-06-12,93548,138519,-44971,-8748,448695,-10.0
disagg_fut,088691,"Gold, COMEX (GLD proxy)",swap_dealer,2018-06-19,95221,138155,-42934,2037,468345,-9.2
disagg_fut,088691,"Gold, COMEX (GLD proxy)",swap_dealer,2018-06-26,101135,124287,-23152,19782,468573,-4.9
disagg_fut,088691,"Gold, COMEX (GLD proxy)",swap_dealer,2018-07-03,96505,118411,-21906,1246,494164,-4.4
disagg_fut,088691,"Gold, COMEX (GLD proxy)",swap_dealer,2018-07-10,92406,123158,-30752,-8846,503593,-6.1
disagg_fut,088691,"Gold, COMEX (GLD proxy)",swap_dealer,2018-07-17,102289,103930,-1641,29111,528278,-0.3
disagg_fut,088691,"Gold, COMEX (GLD proxy)",swap_dealer,2018-07-24,96946,105314,-8368,-6727,496620,-1.7
disagg_fut,088691,"Gold, COMEX (GLD proxy)",swap_dealer,2018-07-31,96716,91870,4846,13214,452655,1.1
disagg_fut,088691,"Gold, COMEX (GLD proxy)",swap_dealer,2018-08-07,105342,83286,22056,17210,459474,4.8
disagg_fut,088691,"Gold, COMEX (GLD proxy)",swap_dealer,2018-08-14,109688,78429,31259,9203,476739,6.6
disagg_fut,088691,"Gold, COMEX (GLD proxy)",swap_dealer,2018-08-21,109023,73309,35714,4455,483730,7.4
disagg_fut,088691,"Gold, COMEX (GLD proxy)",swap_dealer,2018-08-28,108361,75431,32930,-2784,479283,6.9
disagg_fut,088691,"Gold, COMEX (GLD proxy)",swap_dealer,2018-09-04,111868,66727,45141,12211,473118,9.5
disagg_fut,088691,"Gold, COMEX (GLD proxy)",swap_dealer,2018-09-11,111917,71547,40370,-4771,469450,8.6
disagg_fut,088691,"Gold, COMEX (GLD proxy)",swap_dealer,2018-09-18,111685,71023,40662,292,469436,8.7
disagg_fut,088691,"Gold, COMEX (GLD proxy)",swap_dealer,2018-09-25,110272,62667,47605,6943,460279,10.3
disagg_fut,088691,"Gold, COMEX (GLD proxy)",swap_dealer,2018-10-02,108806,61321,47485,-120,459776,10.3
disagg_fut,088691,"Gold, COMEX (GLD proxy)",swap_dealer,2018-10-09,111386,51387,59999,12514,465253,12.9
disagg_fut,088691,"Gold, COMEX (GLD proxy)",swap_dealer,2018-10-16,105647,75686,29961,-30038,474418,6.3
disagg_fut,088691,"Gold, COMEX (GLD proxy)",swap_dealer,2018-10-23,102239,80835,21404,-8557,477832,4.5
disagg_fut,088691,"Gold, COMEX (GLD proxy)",swap_dealer,2018-10-30,102321,72472,29849,8445,474941,6.3
disagg_fut,088691,"Gold, COMEX (GLD proxy)",swap_dealer,2018-11-06,99126,74951,24175,-5674,494911,4.9
disagg_fut,088691,"Gold, COMEX (GLD proxy)",swap_dealer,2018-11-13,105368,65228,40140,15965,539520,7.4
disagg_fut,088691,"Gold, COMEX (GLD proxy)",swap_dealer,2018-11-20,101125,78155,22970,-17170,525940,4.4
disagg_fut,088691,"Gold, COMEX (GLD proxy)",swap_dealer,2018-11-27,101201,76287,24914,1944,442801,5.6
disagg_fut,088691,"Gold, COMEX (GLD proxy)",swap_dealer,2018-12-04,92265,94967,-2702,-27616,399919,-0.7
disagg_fut,088691,"Gold, COMEX (GLD proxy)",swap_dealer,2018-12-11,95532,108720,-13188,-10486,402250,-3.3
disagg_fut,088691,"Gold, COMEX (GLD proxy)",swap_dealer,2018-12-18,93951,126188,-32237,-19049,412485,-7.8
disagg_fut,088691,"Gold, COMEX (GLD proxy)",swap_dealer,2018-12-24,90994,153318,-62324,,442727,-14.1
disagg_fut,088691,"Gold, COMEX (GLD proxy)",swap_dealer,2018-12-31,91520,163237,-71717,-9393,451360,-15.9
disagg_fut,088691,"Gold, COMEX (GLD proxy)",swap_dealer,2019-01-08,95600,154736,-59136,,455232,-13.0
disagg_fut,088691,"Gold, COMEX (GLD proxy)",swap_dealer,2019-01-15,99528,147690,-48162,10974,501605,-9.6
disagg_fut,088691,"Gold, COMEX (GLD proxy)",swap_dealer,2019-01-22,102479,134513,-32034,16128,513509,-6.2
disagg_fut,088691,"Gold, COMEX (GLD proxy)",swap_dealer,2019-01-29,102371,150322,-47951,-15917,483390,-9.9
disagg_fut,088691,"Gold, COMEX (GLD proxy)",swap_dealer,2019-02-05,111952,169627,-57675,-9724,479736,-12.0
disagg_fut,088691,"Gold, COMEX (GLD proxy)",swap_dealer,2019-02-12,113352,165296,-51944,5731,476083,-10.9
disagg_fut,088691,"Gold, COMEX (GLD proxy)",swap_dealer,2019-02-19,102849,180889,-78040,-26096,504639,-15.5
disagg_fut,088691,"Gold, COMEX (GLD proxy)",swap_dealer,2019-02-26,102816,176912,-74096,3944,501268,-14.8
disagg_fut,088691,"Gold, COMEX (GLD proxy)",swap_dealer,2019-03-05,105762,147578,-41816,32280,471311,-8.9
disagg_fut,088691,"Gold, COMEX (GLD proxy)",swap_dealer,2019-03-12,104043,152196,-48153,-6337,530030,-9.1
disagg_fut,088691,"Gold, COMEX (GLD proxy)",swap_dealer,2019-03-19,99696,151358,-51662,-3509,514163,-10.0
disagg_fut,088691,"Gold, COMEX (GLD proxy)",swap_dealer,2019-03-26,96748,178833,-82085,-30423,509575,-16.1
disagg_fut,088691,"Gold, COMEX (GLD proxy)",swap_dealer,2019-04-02,98592,158587,-59995,22090,440170,-13.6
disagg_fut,088691,"Gold, COMEX (GLD proxy)",swap_dealer,2019-04-09,89285,162497,-73212,-13217,447539,-16.4
disagg_fut,088691,"Gold, COMEX (GLD proxy)",swap_dealer,2019-04-16,102113,137333,-35220,37992,440581,-8.0
disagg_fut,088691,"Gold, COMEX (GLD proxy)",swap_dealer,2019-04-23,111538,132951,-21413,13807,440048,-4.9
disagg_fut,088691,"Gold, COMEX (GLD proxy)",swap_dealer,2019-04-30,107267,144604,-37337,-15924,430011,-8.7
disagg_fut,088691,"Gold, COMEX (GLD proxy)",swap_dealer,2019-05-07,97242,145649,-48407,-11070,450039,-10.8
disagg_fut,088691,"Gold, COMEX (GLD proxy)",swap_dealer,2019-05-14,93005,165306,-72301,-23894,517995,-14.0
disagg_fut,088691,"Gold, COMEX (GLD proxy)",swap_dealer,2019-05-21,97934,143140,-45206,27095,508643,-8.9
disagg_fut,088691,"Gold, COMEX (GLD proxy)",swap_dealer,2019-05-28,101915,149073,-47158,-1952,505126,-9.3
disagg_fut,088691,"Gold, COMEX (GLD proxy)",swap_dealer,2019-06-04,92611,178417,-85806,-38648,481495,-17.8
disagg_fut,088691,"Gold, COMEX (GLD proxy)",swap_dealer,2019-06-11,95607,205018,-109411,-23605,496663,-22.0
disagg_fut,088691,"Gold, COMEX (GLD proxy)",swap_dealer,2019-06-18,99745,221348,-121603,-12192,525636,-23.1
disagg_fut,088691,"Gold, COMEX (GLD proxy)",swap_dealer,2019-06-25,110102,242764,-132662,-11059,577605,-23.0
disagg_fut,088691,"Gold, COMEX (GLD proxy)",swap_dealer,2019-07-02,111301,254617,-143316,-10654,605949,-23.7
disagg_fut,088691,"Gold, COMEX (GLD proxy)",swap_dealer,2019-07-09,113865,242667,-128802,14514,598977,-21.5
disagg_fut,088691,"Gold, COMEX (GLD proxy)",swap_dealer,2019-07-16,106552,246960,-140408,-11606,601900,-23.3
disagg_fut,088691,"Gold, COMEX (GLD proxy)",swap_dealer,2019-07-23,105569,253210,-147641,-7233,616859,-23.9
disagg_fut,088691,"Gold, COMEX (GLD proxy)",swap_dealer,2019-07-30,103601,256977,-153376,-5735,563298,-27.2
disagg_fut,088691,"Gold, COMEX (GLD proxy)",swap_dealer,2019-08-06,97634,282629,-184995,-31619,600317,-30.8
disagg_fut,088691,"Gold, COMEX (GLD proxy)",swap_dealer,2019-08-13,96263,281134,-184871,124,593962,-31.1
disagg_fut,088691,"Gold, COMEX (GLD proxy)",swap_dealer,2019-08-20,94900,285833,-190933,-6062,594807,-32.1
disagg_fut,088691,"Gold, COMEX (GLD proxy)",swap_dealer,2019-08-27,95266,284738,-189472,1461,636183,-29.8
disagg_fut,088691,"Gold, COMEX (GLD proxy)",swap_dealer,2019-09-03,97751,280835,-183084,6388,634358,-28.9
disagg_fut,088691,"Gold, COMEX (GLD proxy)",swap_dealer,2019-09-10,109076,260859,-151783,31301,614753,-24.7
disagg_fut,088691,"Gold, COMEX (GLD proxy)",swap_dealer,2019-09-17,108242,267080,-158838,-7055,630990,-25.2
disagg_fut,088691,"Gold, COMEX (GLD proxy)",swap_dealer,2019-09-24,109466,290203,-180737,-21899,658944,-27.4
disagg_fut,088691,"Gold, COMEX (GLD proxy)",swap_dealer,2019-10-01,109866,262855,-152989,27748,604885,-25.3
disagg_fut,088691,"Gold, COMEX (GLD proxy)",swap_dealer,2019-10-08,112484,269184,-156700,-3711,616957,-25.4
disagg_fut,088691,"Gold, COMEX (GLD proxy)",swap_dealer,2019-10-15,117918,260882,-142964,13736,607387,-23.5
disagg_fut,088691,"Gold, COMEX (GLD proxy)",swap_dealer,2019-10-22,119656,269747,-150091,-7127,625528,-24.0
disagg_fut,088691,"Gold, COMEX (GLD proxy)",swap_dealer,2019-10-29,122994,284635,-161641,-11550,643442,-25.1
disagg_fut,088691,"Gold, COMEX (GLD proxy)",swap_dealer,2019-11-05,126365,303363,-176998,-15357,690181,-25.6
disagg_fut,088691,"Gold, COMEX (GLD proxy)",swap_dealer,2019-11-12,123638,302535,-178897,-1899,708463,-25.3
disagg_fut,088691,"Gold, COMEX (GLD proxy)",swap_dealer,2019-11-19,122366,314223,-191857,-12960,719211,-26.7
disagg_fut,088691,"Gold, COMEX (GLD proxy)",swap_dealer,2019-11-26,121252,305723,-184471,7386,669268,-27.6
disagg_fut,088691,"Gold, COMEX (GLD proxy)",swap_dealer,2019-12-03,122418,316394,-193976,-9505,701016,-27.7
disagg_fut,088691,"Gold, COMEX (GLD proxy)",swap_dealer,2019-12-10,124100,304205,-180105,13871,690003,-26.1
disagg_fut,088691,"Gold, COMEX (GLD proxy)",swap_dealer,2019-12-17,123907,309183,-185276,-5171,716987,-25.8
disagg_fut,088691,"Gold, COMEX (GLD proxy)",swap_dealer,2019-12-24,122413,325661,-203248,-17972,748737,-27.1
disagg_fut,088691,"Gold, COMEX (GLD proxy)",swap_dealer,2019-12-31,124486,344870,-220384,-17136,786166,-28.0
disagg_fut,088691,"Gold, COMEX (GLD proxy)",swap_dealer,2020-01-07,124087,336420,-212333,8051,785857,-27.0
disagg_fut,088691,"Gold, COMEX (GLD proxy)",swap_dealer,2020-01-14,125556,334235,-208679,3654,796883,-26.2
disagg_fut,088691,"Gold, COMEX (GLD proxy)",swap_dealer,2020-01-21,121988,331304,-209316,-637,793829,-26.4
disagg_fut,088691,"Gold, COMEX (GLD proxy)",swap_dealer,2020-01-28,119308,341159,-221851,-12535,715539,-31.0
disagg_fut,088691,"Gold, COMEX (GLD proxy)",swap_dealer,2020-02-04,119930,312983,-193053,28798,654572,-29.5
disagg_fut,088691,"Gold, COMEX (GLD proxy)",swap_dealer,2020-02-11,120850,316888,-196038,-2985,658024,-29.8
disagg_fut,088691,"Gold, COMEX (GLD proxy)",swap_dealer,2020-02-18,113558,340089,-226531,-30493,715317,-31.7
disagg_fut,088691,"Gold, COMEX (GLD proxy)",swap_dealer,2020-02-25,111284,323250,-211966,14565,732917,-28.9
disagg_fut,088691,"Gold, COMEX (GLD proxy)",swap_dealer,2020-03-03,109639,300310,-190671,21295,691985,-27.6
disagg_fut,088691,"Gold, COMEX (GLD proxy)",swap_dealer,2020-03-10,114320,301829,-187509,3162,633470,-29.6
disagg_fut,088691,"Gold, COMEX (GLD proxy)",swap_dealer,2020-03-17,95537,263868,-168331,19178,573925,-29.3
disagg_fut,088691,"Gold, COMEX (GLD proxy)",swap_dealer,2020-03-24,92974,270015,-177041,-8710,547334,-32.3
disagg_fut,088691,"Gold, COMEX (GLD proxy)",swap_dealer,2020-03-31,81549,253299,-171750,5291,495652,-34.7
disagg_fut,088691,"Gold, COMEX (GLD proxy)",swap_dealer,2020-04-07,80746,246424,-165678,6072,480050,-34.5
disagg_fut,088691,"Gold, COMEX (GLD proxy)",swap_dealer,2020-04-14,78256,250413,-172157,-6479,489965,-35.1
disagg_fut,088691,"Gold, COMEX (GLD proxy)",swap_dealer,2020-04-21,76849,248469,-171620,537,493158,-34.8
disagg_fut,088691,"Gold, COMEX (GLD proxy)",swap_dealer,2020-04-28,74946,255649,-180703,-9083,500816,-36.1
disagg_fut,088691,"Gold, COMEX (GLD proxy)",swap_dealer,2020-05-05,76763,249805,-173042,7661,490343,-35.3
disagg_fut,088691,"Gold, COMEX (GLD proxy)",swap_dealer,2020-05-12,78459,251816,-173357,-315,496739,-34.9
disagg_fut,088691,"Gold, COMEX (GLD proxy)",swap_dealer,2020-05-19,79365,262229,-182864,-9507,528205,-34.6
disagg_fut,088691,"Gold, COMEX (GLD proxy)",swap_dealer,2020-05-26,77107,262963,-185856,-2992,519374,-35.8
disagg_fut,088691,"Gold, COMEX (GLD proxy)",swap_dealer,2020-06-02,75127,249887,-174760,11096,475745,-36.7
disagg_fut,088691,"Gold, COMEX (GLD proxy)",swap_dealer,2020-06-09,76023,236589,-160566,14194,475661,-33.8
disagg_fut,088691,"Gold, COMEX (GLD proxy)",swap_dealer,2020-06-16,76758,247201,-170443,-9877,489563,-34.8
disagg_fut,088691,"Gold, COMEX (GLD proxy)",swap_dealer,2020-06-23,74444,267566,-193122,-22679,532101,-36.3
disagg_fut,088691,"Gold, COMEX (GLD proxy)",swap_dealer,2020-06-30,75447,281487,-206040,-12918,561628,-36.7
disagg_fut,088691,"Gold, COMEX (GLD proxy)",swap_dealer,2020-07-07,72947,283186,-210239,-4199,572776,-36.7
disagg_fut,088691,"Gold, COMEX (GLD proxy)",swap_dealer,2020-07-14,73071,278837,-205766,4473,580175,-35.5
disagg_fut,088691,"Gold, COMEX (GLD proxy)",swap_dealer,2020-07-21,71634,275235,-203601,2165,603138,-33.8
disagg_fut,088691,"Gold, COMEX (GLD proxy)",swap_dealer,2020-07-28,74894,262796,-187902,15699,598629,-31.4
disagg_fut,088691,"Gold, COMEX (GLD proxy)",swap_dealer,2020-08-04,79645,258400,-178755,9147,561837,-31.8
disagg_fut,088691,"Gold, COMEX (GLD proxy)",swap_dealer,2020-08-11,81712,256396,-174684,4071,553345,-31.6
disagg_fut,088691,"Gold, COMEX (GLD proxy)",swap_dealer,2020-08-18,82563,259342,-176779,-2095,544010,-32.5
disagg_fut,088691,"Gold, COMEX (GLD proxy)",swap_dealer,2020-08-25,83785,257171,-173386,3393,549282,-31.6
disagg_fut,088691,"Gold, COMEX (GLD proxy)",swap_dealer,2020-09-01,80332,259878,-179546,-6160,547704,-32.8
disagg_fut,088691,"Gold, COMEX (GLD proxy)",swap_dealer,2020-09-08,79781,259644,-179863,-317,557457,-32.3
disagg_fut,088691,"Gold, COMEX (GLD proxy)",swap_dealer,2020-09-15,81024,264269,-183245,-3382,578925,-31.7
disagg_fut,088691,"Gold, COMEX (GLD proxy)",swap_dealer,2020-09-22,83669,257040,-173371,9874,575877,-30.1
disagg_fut,088691,"Gold, COMEX (GLD proxy)",swap_dealer,2020-09-29,80681,270017,-189336,-15965,562396,-33.7
disagg_fut,088691,"Gold, COMEX (GLD proxy)",swap_dealer,2020-10-06,80604,271686,-191082,-1746,555555,-34.4
disagg_fut,088691,"Gold, COMEX (GLD proxy)",swap_dealer,2020-10-13,80511,264652,-184141,6941,553197,-33.3
disagg_fut,088691,"Gold, COMEX (GLD proxy)",swap_dealer,2020-10-20,80534,273050,-192516,-8375,562993,-34.2
disagg_fut,088691,"Gold, COMEX (GLD proxy)",swap_dealer,2020-10-27,78297,280691,-202394,-9878,560900,-36.1
disagg_fut,088691,"Gold, COMEX (GLD proxy)",swap_dealer,2020-11-03,76841,273541,-196700,5694,544774,-36.1
disagg_fut,088691,"Gold, COMEX (GLD proxy)",swap_dealer,2020-11-10,75840,266407,-190567,6133,547449,-34.8
disagg_fut,088691,"Gold, COMEX (GLD proxy)",swap_dealer,2020-11-17,74682,271755,-197073,-6506,557533,-35.3
disagg_fut,088691,"Gold, COMEX (GLD proxy)",swap_dealer,2020-11-24,74823,264001,-189178,7895,555253,-34.1
disagg_fut,088691,"Gold, COMEX (GLD proxy)",swap_dealer,2020-12-01,73475,265813,-192338,-3160,538042,-35.7
disagg_fut,088691,"Gold, COMEX (GLD proxy)",swap_dealer,2020-12-08,71031,268881,-197850,-5512,549520,-36.0
disagg_fut,088691,"Gold, COMEX (GLD proxy)",swap_dealer,2020-12-15,69353,271593,-202240,-4390,550366,-36.7
disagg_fut,088691,"Gold, COMEX (GLD proxy)",swap_dealer,2020-12-21,68376,275734,-207358,,560769,-37.0
disagg_fut,088691,"Gold, COMEX (GLD proxy)",swap_dealer,2020-12-29,69183,270953,-201770,,556414,-36.3
disagg_fut,088691,"Gold, COMEX (GLD proxy)",swap_dealer,2021-01-05,66849,282312,-215463,-13693,568888,-37.9
disagg_fut,088691,"Gold, COMEX (GLD proxy)",swap_dealer,2021-01-12,67748,259315,-191567,23896,555538,-34.5
disagg_fut,088691,"Gold, COMEX (GLD proxy)",swap_dealer,2021-01-19,67123,253695,-186572,4995,541330,-34.5
disagg_fut,088691,"Gold, COMEX (GLD proxy)",swap_dealer,2021-01-26,66964,263177,-196213,-9641,534574,-36.7
disagg_fut,088691,"Gold, COMEX (GLD proxy)",swap_dealer,2021-02-02,64507,258337,-193830,2383,520011,-37.3
disagg_fut,088691,"Gold, COMEX (GLD proxy)",swap_dealer,2021-02-09,63984,253183,-189199,4631,506741,-37.3
disagg_fut,088691,"Gold, COMEX (GLD proxy)",swap_dealer,2021-02-16,64698,239943,-175245,13954,503016,-34.8
disagg_fut,088691,"Gold, COMEX (GLD proxy)",swap_dealer,2021-02-23,64009,222668,-158659,16586,481125,-33.0
disagg_fut,088691,"Gold, COMEX (GLD proxy)",swap_dealer,2021-03-02,63300,198608,-135308,23351,467008,-29.0
disagg_fut,088691,"Gold, COMEX (GLD proxy)",swap_dealer,2021-03-09,63924,190125,-126201,9107,473871,-26.6
disagg_fut,088691,"Gold, COMEX (GLD proxy)",swap_dealer,2021-03-16,64465,194866,-130401,-4200,476467,-27.4
disagg_fut,088691,"Gold, COMEX (GLD proxy)",swap_dealer,2021-03-23,63078,187308,-124230,6171,485457,-25.6
disagg_fut,088691,"Gold, COMEX (GLD proxy)",swap_dealer,2021-03-30,63726,184564,-120838,3392,467321,-25.9
disagg_fut,088691,"Gold, COMEX (GLD proxy)",swap_dealer,2021-04-06,65739,201927,-136188,-15350,463353,-29.4
disagg_fut,088691,"Gold, COMEX (GLD proxy)",swap_dealer,2021-04-13,67517,201253,-133736,2452,460733,-29.0
disagg_fut,088691,"Gold, COMEX (GLD proxy)",swap_dealer,2021-04-20,67853,205281,-137428,-3692,471738,-29.1
disagg_fut,088691,"Gold, COMEX (GLD proxy)",swap_dealer,2021-04-27,69531,204982,-135451,1977,473305,-28.6
disagg_fut,088691,"Gold, COMEX (GLD proxy)",swap_dealer,2021-05-04,68469,203149,-134680,771,470341,-28.6
disagg_fut,088691,"Gold, COMEX (GLD proxy)",swap_dealer,2021-05-11,67146,223439,-156293,-21613,498693,-31.3
disagg_fut,088691,"Gold, COMEX (GLD proxy)",swap_dealer,2021-05-18,67198,234935,-167737,-11444,520410,-32.2
disagg_fut,088691,"Gold, COMEX (GLD proxy)",swap_dealer,2021-05-25,68215,240624,-172409,-4672,510164,-33.8
disagg_fut,088691,"Gold, COMEX (GLD proxy)",swap_dealer,2021-06-01,64564,242936,-178372,-5963,489198,-36.5
disagg_fut,088691,"Gold, COMEX (GLD proxy)",swap_dealer,2021-06-08,63894,243644,-179750,-1378,491858,-36.5
disagg_fut,088691,"Gold, COMEX (GLD proxy)",swap_dealer,2021-06-15,65057,232142,-167085,12665,480127,-34.8
disagg_fut,088691,"Gold, COMEX (GLD proxy)",swap_dealer,2021-06-22,66653,212825,-146172,20913,453940,-32.2
disagg_fut,088691,"Gold, COMEX (GLD proxy)",swap_dealer,2021-06-29,67200,207865,-140665,5507,453360,-31.0
disagg_fut,088691,"Gold, COMEX (GLD proxy)",swap_dealer,2021-07-06,66765,220641,-153876,-13211,465811,-33.0
disagg_fut,088691,"Gold, COMEX (GLD proxy)",swap_dealer,2021-07-13,66111,225970,-159859,-5983,495798,-32.2
disagg_fut,088691,"Gold, COMEX (GLD proxy)",swap_dealer,2021-07-20,67561,232279,-164718,-4859,490520,-33.6
disagg_fut,088691,"Gold, COMEX (GLD proxy)",swap_dealer,2021-07-27,67644,240172,-172528,-7810,500187,-34.5
disagg_fut,088691,"Gold, COMEX (GLD proxy)",swap_dealer,2021-08-03,73284,248169,-174885,-2357,485663,-36.0
disagg_fut,088691,"Gold, COMEX (GLD proxy)",swap_dealer,2021-08-10,72207,220217,-148010,26875,477232,-31.0
disagg_fut,088691,"Gold, COMEX (GLD proxy)",swap_dealer,2021-08-17,73900,236064,-162164,-14154,485485,-33.4
disagg_fut,088691,"Gold, COMEX (GLD proxy)",swap_dealer,2021-08-24,73832,253344,-179512,-17348,504735,-35.6
disagg_fut,088691,"Gold, COMEX (GLD proxy)",swap_dealer,2021-08-31,72573,260344,-187771,-8259,507113,-37.0
disagg_fut,088691,"Gold, COMEX (GLD proxy)",swap_dealer,2021-09-07,72865,256098,-183233,4538,506772,-36.2
disagg_fut,088691,"Gold, COMEX (GLD proxy)",swap_dealer,2021-09-14,72791,253005,-180214,3019,506356,-35.6
disagg_fut,088691,"Gold, COMEX (GLD proxy)",swap_dealer,2021-09-21,72105,237936,-165831,14383,492765,-33.7
disagg_fut,088691,"Gold, COMEX (GLD proxy)",swap_dealer,2021-09-28,72672,220963,-148291,17540,490858,-30.2
disagg_fut,088691,"Gold, COMEX (GLD proxy)",swap_dealer,2021-10-05,77225,238119,-160894,-12603,483789,-33.3
disagg_fut,088691,"Gold, COMEX (GLD proxy)",swap_dealer,2021-10-12,77500,237274,-159774,1120,484382,-33.0
disagg_fut,088691,"Gold, COMEX (GLD proxy)",swap_dealer,2021-10-19,76694,245232,-168538,-8764,485974,-34.7
disagg_fut,088691,"Gold, COMEX (GLD proxy)",swap_dealer,2021-10-26,72885,261444,-188559,-20021,509794,-37.0
disagg_fut,088691,"Gold, COMEX (GLD proxy)",swap_dealer,2021-11-02,71365,258921,-187556,1003,507616,-36.9
disagg_fut,088691,"Gold, COMEX (GLD proxy)",swap_dealer,2021-11-09,68244,284933,-216689,-29133,571025,-37.9
disagg_fut,088691,"Gold, COMEX (GLD proxy)",swap_dealer,2021-11-16,68512,287857,-219345,-2656,612612,-35.8
disagg_fut,088691,"Gold, COMEX (GLD proxy)",swap_dealer,2021-11-23,67987,267295,-199308,20037,559823,-35.6
disagg_fut,088691,"Gold, COMEX (GLD proxy)",swap_dealer,2021-11-30,70183,274963,-204780,-5472,531868,-38.5
disagg_fut,088691,"Gold, COMEX (GLD proxy)",swap_dealer,2021-12-07,76290,267766,-191476,13304,499307,-38.3
disagg_fut,088691,"Gold, COMEX (GLD proxy)",swap_dealer,2021-12-14,76488,256376,-179888,11588,503709,-35.7
disagg_fut,088691,"Gold, COMEX (GLD proxy)",swap_dealer,2021-12-21,74493,254729,-180236,-348,500846,-36.0
disagg_fut,088691,"Gold, COMEX (GLD proxy)",swap_dealer,2021-12-28,74017,261528,-187511,-7275,508912,-36.8
disagg_fut,088691,"Gold, COMEX (GLD proxy)",swap_dealer,2022-01-04,74428,258411,-183983,3528,502717,-36.6
disagg_fut,088691,"Gold, COMEX (GLD proxy)",swap_dealer,2022-01-11,81976,256343,-174367,9616,546516,-31.9
disagg_fut,088691,"Gold, COMEX (GLD proxy)",swap_dealer,2022-01-18,87223,257329,-170106,4261,539204,-31.5
disagg_fut,088691,"Gold, COMEX (GLD proxy)",swap_dealer,2022-01-25,86207,270183,-183976,-13870,572078,-32.2
disagg_fut,088691,"Gold, COMEX (GLD proxy)",swap_dealer,2022-02-01,95639,244648,-149009,34967,515331,-28.9
disagg_fut,088691,"Gold, COMEX (GLD proxy)",swap_dealer,2022-02-08,97101,255044,-157943,-8934,512842,-30.8
disagg_fut,088691,"Gold, COMEX (GLD proxy)",swap_dealer,2022-02-15,97299,272492,-175193,-17250,558645,-31.4
disagg_fut,088691,"Gold, COMEX (GLD proxy)",swap_dealer,2022-02-22,97911,296722,-198811,-23618,611488,-32.5
disagg_fut,088691,"Gold, COMEX (GLD proxy)",swap_dealer,2022-03-01,95700,305695,-209995,-11184,615600,-34.1
disagg_fut,088691,"Gold, COMEX (GLD proxy)",swap_dealer,2022-03-08,100587,331456,-230869,-20874,638502,-36.2
disagg_fut,088691,"Gold, COMEX (GLD proxy)",swap_dealer,2022-03-15,96765,326768,-230003,866,617605,-37.2
disagg_fut,088691,"Gold, COMEX (GLD proxy)",swap_dealer,2022-03-22,103016,319698,-216682,13321,605191,-35.8
disagg_fut,088691,"Gold, COMEX (GLD proxy)",swap_dealer,2022-03-29,89623,323634,-234011,-17329,574521,-40.7
disagg_fut,088691,"Gold, COMEX (GLD proxy)",swap_dealer,2022-04-05,87989,314403,-226414,7597,560666,-40.4
disagg_fut,088691,"Gold, COMEX (GLD proxy)",swap_dealer,2022-04-12,88326,324690,-236364,-9950,577639,-40.9
disagg_fut,088691,"Gold, COMEX (GLD proxy)",swap_dealer,2022-04-19,89457,315033,-225576,10788,575202,-39.2
disagg_fut,088691,"Gold, COMEX (GLD proxy)",swap_dealer,2022-04-26,90532,295653,-205121,20455,557785,-36.8
disagg_fut,088691,"Gold, COMEX (GLD proxy)",swap_dealer,2022-05-03,92223,283894,-191671,13450,560441,-34.2
disagg_fut,088691,"Gold, COMEX (GLD proxy)",swap_dealer,2022-05-10,89722,274577,-184855,6816,571447,-32.3
disagg_fut,088691,"Gold, COMEX (GLD proxy)",swap_dealer,2022-05-17,89655,258977,-169322,15533,555756,-30.5
disagg_fut,088691,"Gold, COMEX (GLD proxy)",swap_dealer,2022-05-24,88932,258869,-169937,-615,530098,-32.1
disagg_fut,088691,"Gold, COMEX (GLD proxy)",swap_dealer,2022-05-31,87433,242190,-154757,15180,513722,-30.1
disagg_fut,088691,"Gold, COMEX (GLD proxy)",swap_dealer,2022-06-07,83943,239287,-155344,-587,494130,-31.4
disagg_fut,088691,"Gold, COMEX (GLD proxy)",swap_dealer,2022-06-14,90077,227591,-137514,17830,497456,-27.6
disagg_fut,088691,"Gold, COMEX (GLD proxy)",swap_dealer,2022-06-21,89736,232476,-142740,-5226,500276,-28.5
disagg_fut,088691,"Gold, COMEX (GLD proxy)",swap_dealer,2022-06-28,88706,226926,-138220,4520,497005,-27.8
disagg_fut,088691,"Gold, COMEX (GLD proxy)",swap_dealer,2022-07-05,88196,215291,-127095,11125,498210,-25.5
disagg_fut,088691,"Gold, COMEX (GLD proxy)",swap_dealer,2022-07-12,88915,198634,-109719,17376,542493,-20.2
disagg_fut,088691,"Gold, COMEX (GLD proxy)",swap_dealer,2022-07-19,91690,178909,-87219,22500,524786,-16.6
disagg_fut,088691,"Gold, COMEX (GLD proxy)",swap_dealer,2022-07-26,90911,174168,-83257,3962,487515,-17.1
disagg_fut,088691,"Gold, COMEX (GLD proxy)",swap_dealer,2022-08-02,87907,193085,-105178,-21921,459649,-22.9
disagg_fut,088691,"Gold, COMEX (GLD proxy)",swap_dealer,2022-08-09,83302,201395,-118093,-12915,453540,-26.0
disagg_fut,088691,"Gold, COMEX (GLD proxy)",swap_dealer,2022-08-16,82580,201765,-119185,-1092,453960,-26.3
disagg_fut,088691,"Gold, COMEX (GLD proxy)",swap_dealer,2022-08-23,84037,189922,-105885,13300,457762,-23.1
disagg_fut,088691,"Gold, COMEX (GLD proxy)",swap_dealer,2022-08-30,86070,184402,-98332,7553,459165,-21.4
disagg_fut,088691,"Gold, COMEX (GLD proxy)",swap_dealer,2022-09-06,87940,175944,-88004,10328,465908,-18.9
disagg_fut,088691,"Gold, COMEX (GLD proxy)",swap_dealer,2022-09-13,88814,172633,-83819,4185,463674,-18.1
disagg_fut,088691,"Gold, COMEX (GLD proxy)",swap_dealer,2022-09-20,96320,154084,-57764,26055,469395,-12.3
disagg_fut,088691,"Gold, COMEX (GLD proxy)",swap_dealer,2022-09-27,95632,145147,-49515,8249,457061,-10.8
disagg_fut,088691,"Gold, COMEX (GLD proxy)",swap_dealer,2022-10-04,92811,170207,-77396,-27881,437065,-17.7
disagg_fut,088691,"Gold, COMEX (GLD proxy)",swap_dealer,2022-10-11,89504,170564,-81060,-3664,431395,-18.8
disagg_fut,088691,"Gold, COMEX (GLD proxy)",swap_dealer,2022-10-18,88947,163412,-74465,6595,434701,-17.1
disagg_fut,088691,"Gold, COMEX (GLD proxy)",swap_dealer,2022-10-25,91650,161437,-69787,4678,456072,-15.3
disagg_fut,088691,"Gold, COMEX (GLD proxy)",swap_dealer,2022-11-01,94979,160988,-66009,3778,467276,-14.1
disagg_fut,088691,"Gold, COMEX (GLD proxy)",swap_dealer,2022-11-08,94889,167447,-72558,-6549,488471,-14.9
disagg_fut,088691,"Gold, COMEX (GLD proxy)",swap_dealer,2022-11-15,93757,191083,-97326,-24768,495171,-19.7
disagg_fut,088691,"Gold, COMEX (GLD proxy)",swap_dealer,2022-11-22,96891,186561,-89670,7656,449542,-19.9
disagg_fut,088691,"Gold, COMEX (GLD proxy)",swap_dealer,2022-11-29,98970,181577,-82607,7063,433661,-19.0
disagg_fut,088691,"Gold, COMEX (GLD proxy)",swap_dealer,2022-12-06,92319,184445,-92126,-9519,422100,-21.8
disagg_fut,088691,"Gold, COMEX (GLD proxy)",swap_dealer,2022-12-13,94229,195915,-101686,-9560,437040,-23.3
disagg_fut,088691,"Gold, COMEX (GLD proxy)",swap_dealer,2022-12-20,92184,197001,-104817,-3131,436653,-24.0
disagg_fut,088691,"Gold, COMEX (GLD proxy)",swap_dealer,2022-12-27,91331,202715,-111384,-6567,440040,-25.3
disagg_fut,088691,"Gold, COMEX (GLD proxy)",swap_dealer,2023-01-03,90625,206697,-116072,-4688,449393,-25.8
disagg_fut,088691,"Gold, COMEX (GLD proxy)",swap_dealer,2023-01-10,88381,212156,-123775,-7703,481519,-25.7
disagg_fut,088691,"Gold, COMEX (GLD proxy)",swap_dealer,2023-01-17,90498,222476,-131978,-8203,491818,-26.8
disagg_fut,088691,"Gold, COMEX (GLD proxy)",swap_dealer,2023-01-24,92041,230986,-138945,-6967,499927,-27.8
disagg_fut,088691,"Gold, COMEX (GLD proxy)",swap_dealer,2023-01-31,88758,232458,-143700,-4755,471642,-30.5
disagg_fut,088691,"Gold, COMEX (GLD proxy)",swap_dealer,2023-02-07,90840,212824,-121984,21716,439755,-27.7
disagg_fut,088691,"Gold, COMEX (GLD proxy)",swap_dealer,2023-02-14,92860,192039,-99179,22805,426116,-23.3
disagg_fut,088691,"Gold, COMEX (GLD proxy)",swap_dealer,2023-02-21,91556,191128,-99572,-393,422648,-23.6
disagg_fut,088691,"Gold, COMEX (GLD proxy)",swap_dealer,2023-02-28,93853,192117,-98264,1308,426890,-23.0
disagg_fut,088691,"Gold, COMEX (GLD proxy)",swap_dealer,2023-03-07,95312,184633,-89321,8943,458474,-19.5
disagg_fut,088691,"Gold, COMEX (GLD proxy)",swap_dealer,2023-03-14,100461,219834,-119373,-30052,459064,-26.0
disagg_fut,088691,"Gold, COMEX (GLD proxy)",swap_dealer,2023-03-21,94971,237253,-142282,-22909,469874,-30.3
disagg_fut,088691,"Gold, COMEX (GLD proxy)",swap_dealer,2023-03-28,93156,250335,-157179,-14897,478611,-32.8
disagg_fut,088691,"Gold, COMEX (GLD proxy)",swap_dealer,2023-04-04,93463,275774,-182311,-25132,476592,-38.3
disagg_fut,088691,"Gold, COMEX (GLD proxy)",swap_dealer,2023-04-11,95817,277432,-181615,696,476567,-38.1
disagg_fut,088691,"Gold, COMEX (GLD proxy)",swap_dealer,2023-04-18,97059,279540,-182481,-866,482254,-37.8
disagg_fut,088691,"Gold, COMEX (GLD proxy)",swap_dealer,2023-04-25,97156,274064,-176908,5573,473209,-37.4
disagg_fut,088691,"Gold, COMEX (GLD proxy)",swap_dealer,2023-05-02,98325,280378,-182053,-5145,493804,-36.9
disagg_fut,088691,"Gold, COMEX (GLD proxy)",swap_dealer,2023-05-09,99775,285522,-185747,-3694,518951,-35.8
disagg_fut,088691,"Gold, COMEX (GLD proxy)",swap_dealer,2023-05-16,99973,277316,-177343,8404,521832,-34.0
disagg_fut,088691,"Gold, COMEX (GLD proxy)",swap_dealer,2023-05-23,99737,260335,-160598,16745,479080,-33.5
disagg_fut,088691,"Gold, COMEX (GLD proxy)",swap_dealer,2023-05-30,93334,251967,-158633,1965,449515,-35.3
disagg_fut,088691,"Gold, COMEX (GLD proxy)",swap_dealer,2023-06-06,91274,259683,-168409,-9776,436301,-38.6
disagg_fut,088691,"Gold, COMEX (GLD proxy)",swap_dealer,2023-06-13,93585,252488,-158903,9506,432898,-36.7
disagg_fut,088691,"Gold, COMEX (GLD proxy)",swap_dealer,2023-06-20,94588,254246,-159658,-755,438037,-36.4
disagg_fut,088691,"Gold, COMEX (GLD proxy)",swap_dealer,2023-06-27,95100,244202,-149102,10556,431861,-34.5
disagg_fut,088691,"Gold, COMEX (GLD proxy)",swap_dealer,2023-07-03,90454,247746,-157292,,448063,-35.1
disagg_fut,088691,"Gold, COMEX (GLD proxy)",swap_dealer,2023-07-11,89493,248168,-158675,,483170,-32.8
disagg_fut,088691,"Gold, COMEX (GLD proxy)",swap_dealer,2023-07-18,84927,259368,-174441,-15766,482104,-36.2
disagg_fut,088691,"Gold, COMEX (GLD proxy)",swap_dealer,2023-07-25,86053,245319,-159266,15175,476176,-33.4
disagg_fut,088691,"Gold, COMEX (GLD proxy)",swap_dealer,2023-08-01,88352,244985,-156633,2633,439383,-35.6
disagg_fut,088691,"Gold, COMEX (GLD proxy)",swap_dealer,2023-08-08,88184,229288,-141104,15529,427759,-33.0
disagg_fut,088691,"Gold, COMEX (GLD proxy)",swap_dealer,2023-08-15,86688,207088,-120400,20704,433611,-27.8
disagg_fut,088691,"Gold, COMEX (GLD proxy)",swap_dealer,2023-08-22,87166,190600,-103434,16966,430239,-24.0
disagg_fut,088691,"Gold, COMEX (GLD proxy)",swap_dealer,2023-08-29,83759,203886,-120127,-16693,442806,-27.1
disagg_fut,088691,"Gold, COMEX (GLD proxy)",swap_dealer,2023-09-05,81715,215580,-133865,-13738,438672,-30.5
disagg_fut,088691,"Gold, COMEX (GLD proxy)",swap_dealer,2023-09-12,83274,205736,-122462,11403,441221,-27.8
disagg_fut,088691,"Gold, COMEX (GLD proxy)",swap_dealer,2023-09-19,82606,210250,-127644,-5182,438078,-29.1
disagg_fut,088691,"Gold, COMEX (GLD proxy)",swap_dealer,2023-09-26,88126,196295,-108169,19475,435620,-24.8
disagg_fut,088691,"Gold, COMEX (GLD proxy)",swap_dealer,2023-10-03,85747,175533,-89786,18383,431226,-20.8
disagg_fut,088691,"Gold, COMEX (GLD proxy)",swap_dealer,2023-10-10,91619,163620,-72001,17785,436499,-16.5
disagg_fut,088691,"Gold, COMEX (GLD proxy)",swap_dealer,2023-10-17,84592,182625,-98033,-26032,439581,-22.3
disagg_fut,088691,"Gold, COMEX (GLD proxy)",swap_dealer,2023-10-24,81233,206961,-125728,-27695,463476,-27.1
disagg_fut,088691,"Gold, COMEX (GLD proxy)",swap_dealer,2023-10-31,79294,217816,-138522,-12794,475808,-29.1
disagg_fut,088691,"Gold, COMEX (GLD proxy)",swap_dealer,2023-11-07,82014,223122,-141108,-2586,484347,-29.1
disagg_fut,088691,"Gold, COMEX (GLD proxy)",swap_dealer,2023-11-14,83706,217660,-133954,7154,486634,-27.5
disagg_fut,088691,"Gold, COMEX (GLD proxy)",swap_dealer,2023-11-21,80946,225272,-144326,-10372,508429,-28.4
disagg_fut,088691,"Gold, COMEX (GLD proxy)",swap_dealer,2023-11-28,76804,244788,-167984,-23658,505658,-33.2
disagg_fut,088691,"Gold, COMEX (GLD proxy)",swap_dealer,2023-12-05,76376,253627,-177251,-9267,487469,-36.4
disagg_fut,088691,"Gold, COMEX (GLD proxy)",swap_dealer,2023-12-12,76081,243774,-167693,9558,469939,-35.7
disagg_fut,088691,"Gold, COMEX (GLD proxy)",swap_dealer,2023-12-19,75017,254059,-179042,-11349,481203,-37.2
disagg_fut,088691,"Gold, COMEX (GLD proxy)",swap_dealer,2023-12-26,74400,261732,-187332,-8290,491343,-38.1
disagg_fut,088691,"Gold, COMEX (GLD proxy)",swap_dealer,2024-01-02,76117,269894,-193777,-6445,500364,-38.7
disagg_fut,088691,"Gold, COMEX (GLD proxy)",swap_dealer,2024-01-09,78213,250913,-172700,21077,489849,-35.3
disagg_fut,088691,"Gold, COMEX (GLD proxy)",swap_dealer,2024-01-16,75791,242657,-166866,5834,489334,-34.1
disagg_fut,088691,"Gold, COMEX (GLD proxy)",swap_dealer,2024-01-23,78535,231679,-153144,13722,465872,-32.9
disagg_fut,088691,"Gold, COMEX (GLD proxy)",swap_dealer,2024-01-30,77882,214041,-136159,16985,430328,-31.6
disagg_fut,088691,"Gold, COMEX (GLD proxy)",swap_dealer,2024-02-06,77734,221357,-143623,-7464,419121,-34.3
disagg_fut,088691,"Gold, COMEX (GLD proxy)",swap_dealer,2024-02-13,78854,199591,-120737,22886,420812,-28.7
disagg_fut,088691,"Gold, COMEX (GLD proxy)",swap_dealer,2024-02-20,77980,198940,-120960,-223,407063,-29.7
disagg_fut,088691,"Gold, COMEX (GLD proxy)",swap_dealer,2024-02-27,78743,197423,-118680,2280,411195,-28.9
disagg_fut,088691,"Gold, COMEX (GLD proxy)",swap_dealer,2024-03-05,77009,234914,-157905,-39225,471616,-33.5
disagg_fut,088691,"Gold, COMEX (GLD proxy)",swap_dealer,2024-03-12,75076,244909,-169833,-11928,516057,-32.9
disagg_fut,088691,"Gold, COMEX (GLD proxy)",swap_dealer,2024-03-19,77067,245387,-168320,1513,535047,-31.5
disagg_fut,088691,"Gold, COMEX (GLD proxy)",swap_dealer,2024-03-26,80421,251256,-170835,-2515,503642,-33.9
disagg_fut,088691,"Gold, COMEX (GLD proxy)",swap_dealer,2024-04-02,80217,261044,-180827,-9992,500045,-36.2
disagg_fut,088691,"Gold, COMEX (GLD proxy)",swap_dealer,2024-04-09,79228,261784,-182556,-1729,505214,-36.1
disagg_fut,088691,"Gold, COMEX (GLD proxy)",swap_dealer,2024-04-16,78012,266867,-188855,-6299,517193,-36.5
disagg_fut,088691,"Gold, COMEX (GLD proxy)",swap_dealer,2024-04-23,75873,270152,-194279,-5424,516249,-37.6
disagg_fut,088691,"Gold, COMEX (GLD proxy)",swap_dealer,2024-04-30,73085,269856,-196771,-2492,519791,-37.9
disagg_fut,088691,"Gold, COMEX (GLD proxy)",swap_dealer,2024-05-07,73131,268227,-195096,1675,529835,-36.8
disagg_fut,088691,"Gold, COMEX (GLD proxy)",swap_dealer,2024-05-14,75210,277761,-202551,-7455,522952,-38.7
disagg_fut,088691,"Gold, COMEX (GLD proxy)",swap_dealer,2024-05-21,76171,297864,-221693,-19142,530591,-41.8
disagg_fut,088691,"Gold, COMEX (GLD proxy)",swap_dealer,2024-05-28,69148,289454,-220306,1387,485430,-45.4
disagg_fut,088691,"Gold, COMEX (GLD proxy)",swap_dealer,2024-06-04,56738,282783,-226045,-5739,447488,-50.5
disagg_fut,088691,"Gold, COMEX (GLD proxy)",swap_dealer,2024-06-11,55474,275178,-219704,6341,436857,-50.3
disagg_fut,088691,"Gold, COMEX (GLD proxy)",swap_dealer,2024-06-18,55910,281082,-225172,-5468,444345,-50.7
disagg_fut,088691,"Gold, COMEX (GLD proxy)",swap_dealer,2024-06-25,58751,287636,-228885,-3713,452190,-50.6
disagg_fut,088691,"Gold, COMEX (GLD proxy)",swap_dealer,2024-07-02,59925,279979,-220054,8831,454730,-48.4
disagg_fut,088691,"Gold, COMEX (GLD proxy)",swap_dealer,2024-07-09,62183,290421,-228238,-8184,516324,-44.2
disagg_fut,088691,"Gold, COMEX (GLD proxy)",swap_dealer,2024-07-16,62675,311661,-248986,-20748,579862,-42.9
disagg_fut,088691,"Gold, COMEX (GLD proxy)",swap_dealer,2024-07-23,58598,305308,-246710,2276,572306,-43.1
disagg_fut,088691,"Gold, COMEX (GLD proxy)",swap_dealer,2024-07-30,55083,283175,-228092,18618,510914,-44.6
disagg_fut,088691,"Gold, COMEX (GLD proxy)",swap_dealer,2024-08-06,56985,278874,-221889,6203,480645,-46.2
disagg_fut,088691,"Gold, COMEX (GLD proxy)",swap_dealer,2024-08-13,54827,294394,-239567,-17678,505872,-47.4
disagg_fut,088691,"Gold, COMEX (GLD proxy)",swap_dealer,2024-08-20,53461,305972,-252511,-12944,532867,-47.4
disagg_fut,088691,"Gold, COMEX (GLD proxy)",swap_dealer,2024-08-27,52822,306757,-253935,-1424,521759,-48.7
disagg_fut,088691,"Gold, COMEX (GLD proxy)",swap_dealer,2024-09-03,55089,297347,-242258,11677,511136,-47.4
disagg_fut,088691,"Gold, COMEX (GLD proxy)",swap_dealer,2024-09-10,52865,284390,-231525,10733,511501,-45.3
disagg_fut,088691,"Gold, COMEX (GLD proxy)",swap_dealer,2024-09-17,45549,303089,-257540,-26015,537627,-47.9
disagg_fut,088691,"Gold, COMEX (GLD proxy)",swap_dealer,2024-09-24,45705,305381,-259676,-2136,564640,-46.0
disagg_fut,088691,"Gold, COMEX (GLD proxy)",swap_dealer,2024-10-01,42840,295138,-252298,7378,533107,-47.3
disagg_fut,088691,"Gold, COMEX (GLD proxy)",swap_dealer,2024-10-08,44853,277678,-232825,19473,520316,-44.7
disagg_fut,088691,"Gold, COMEX (GLD proxy)",swap_dealer,2024-10-15,43311,281271,-237960,-5135,541232,-44.0
disagg_fut,088691,"Gold, COMEX (GLD proxy)",swap_dealer,2024-10-22,39452,282058,-242606,-4646,573760,-42.3
disagg_fut,088691,"Gold, COMEX (GLD proxy)",swap_dealer,2024-10-29,40174,269225,-229051,13555,579468,-39.5
disagg_fut,088691,"Gold, COMEX (GLD proxy)",swap_dealer,2024-11-05,39763,253459,-213696,15355,558034,-38.3
disagg_fut,088691,"Gold, COMEX (GLD proxy)",swap_dealer,2024-11-12,36733,234859,-198126,15570,535981,-37.0
disagg_fut,088691,"Gold, COMEX (GLD proxy)",swap_dealer,2024-11-19,34758,226763,-192005,6121,502952,-38.2
disagg_fut,088691,"Gold, COMEX (GLD proxy)",swap_dealer,2024-11-26,32845,238285,-205440,-13435,472660,-43.5
disagg_fut,088691,"Gold, COMEX (GLD proxy)",swap_dealer,2024-12-03,32964,256898,-223934,-18494,462040,-48.5
disagg_fut,088691,"Gold, COMEX (GLD proxy)",swap_dealer,2024-12-10,33312,263738,-230426,-6492,483346,-47.7
disagg_fut,088691,"Gold, COMEX (GLD proxy)",swap_dealer,2024-12-17,32522,245300,-212778,17648,466571,-45.6
disagg_fut,088691,"Gold, COMEX (GLD proxy)",swap_dealer,2024-12-24,31583,230130,-198547,14231,454646,-43.7
disagg_fut,088691,"Gold, COMEX (GLD proxy)",swap_dealer,2024-12-31,31829,229764,-197935,612,458584,-43.2
disagg_fut,088691,"Gold, COMEX (GLD proxy)",swap_dealer,2025-01-07,32687,240366,-207679,-9744,477043,-43.5
disagg_fut,088691,"Gold, COMEX (GLD proxy)",swap_dealer,2025-01-14,30150,258615,-228465,-20786,526467,-43.4
disagg_fut,088691,"Gold, COMEX (GLD proxy)",swap_dealer,2025-01-21,30427,276429,-246002,-17537,571387,-43.1
disagg_fut,088691,"Gold, COMEX (GLD proxy)",swap_dealer,2025-01-28,29725,272549,-242824,3178,577505,-42.0
disagg_fut,088691,"Gold, COMEX (GLD proxy)",swap_dealer,2025-02-04,21824,286555,-264731,-21907,542004,-48.8
disagg_fut,088691,"Gold, COMEX (GLD proxy)",swap_dealer,2025-02-11,19501,268488,-248987,15744,528719,-47.1
disagg_fut,088691,"Gold, COMEX (GLD proxy)",swap_dealer,2025-02-18,16566,252218,-235652,13335,522330,-45.1
disagg_fut,088691,"Gold, COMEX (GLD proxy)",swap_dealer,2025-02-25,14682,242292,-227610,8042,512179,-44.4
disagg_fut,088691,"Gold, COMEX (GLD proxy)",swap_dealer,2025-03-04,16574,229110,-212536,15074,489270,-43.4
disagg_fut,088691,"Gold, COMEX (GLD proxy)",swap_dealer,2025-03-11,18459,226388,-207929,4607,511276,-40.7
disagg_fut,088691,"Gold, COMEX (GLD proxy)",swap_dealer,2025-03-18,16899,237687,-220788,-12859,533566,-41.4
disagg_fut,088691,"Gold, COMEX (GLD proxy)",swap_dealer,2025-03-25,16248,232089,-215841,4947,511482,-42.2
disagg_fut,088691,"Gold, COMEX (GLD proxy)",swap_dealer,2025-04-01,24256,227002,-202746,13095,498746,-40.7
disagg_fut,088691,"Gold, COMEX (GLD proxy)",swap_dealer,2025-04-08,27128,206664,-179536,23210,445468,-40.3
disagg_fut,088691,"Gold, COMEX (GLD proxy)",swap_dealer,2025-04-15,29121,209428,-180307,-771,456628,-39.5
disagg_fut,088691,"Gold, COMEX (GLD proxy)",swap_dealer,2025-04-22,37696,194654,-156958,23349,465351,-33.7
disagg_fut,088691,"Gold, COMEX (GLD proxy)",swap_dealer,2025-04-29,34475,180162,-145687,11271,451868,-32.2
disagg_fut,088691,"Gold, COMEX (GLD proxy)",swap_dealer,2025-05-06,37106,183924,-146818,-1131,452414,-32.5
disagg_fut,088691,"Gold, COMEX (GLD proxy)",swap_dealer,2025-05-13,33350,183024,-149674,-2856,440842,-34.0
disagg_fut,088691,"Gold, COMEX (GLD proxy)",swap_dealer,2025-05-20,34444,193275,-158831,-9157,448000,-35.5
disagg_fut,088691,"Gold, COMEX (GLD proxy)",swap_dealer,2025-05-27,39356,200751,-161395,-2564,437538,-36.9
disagg_fut,088691,"Gold, COMEX (GLD proxy)",swap_dealer,2025-06-03,40187,212905,-172718,-11323,415941,-41.5
disagg_fut,088691,"Gold, COMEX (GLD proxy)",swap_dealer,2025-06-10,38867,212220,-173353,-635,417143,-41.6
disagg_fut,088691,"Gold, COMEX (GLD proxy)",swap_dealer,2025-06-17,40135,224900,-184765,-11412,441214,-41.9
disagg_fut,088691,"Gold, COMEX (GLD proxy)",swap_dealer,2025-06-24,40583,220728,-180145,4620,434958,-41.4
disagg_fut,088691,"Gold, COMEX (GLD proxy)",swap_dealer,2025-07-01,37260,223916,-186656,-6511,437662,-42.6
disagg_fut,088691,"Gold, COMEX (GLD proxy)",swap_dealer,2025-07-08,35359,226901,-191542,-4886,443144,-43.2
disagg_fut,088691,"Gold, COMEX (GLD proxy)",swap_dealer,2025-07-15,33649,237601,-203952,-12410,448531,-45.5
disagg_fut,088691,"Gold, COMEX (GLD proxy)",swap_dealer,2025-07-22,33299,264274,-230975,-27023,489423,-47.2
disagg_fut,088691,"Gold, COMEX (GLD proxy)",swap_dealer,2025-07-29,39149,250058,-210909,20066,445259,-47.4
disagg_fut,088691,"Gold, COMEX (GLD proxy)",swap_dealer,2025-08-05,36874,273003,-236129,-25220,449647,-52.5
disagg_fut,088691,"Gold, COMEX (GLD proxy)",swap_dealer,2025-08-12,35951,259266,-223315,12814,446152,-50.1
disagg_fut,088691,"Gold, COMEX (GLD proxy)",swap_dealer,2025-08-19,39607,249567,-209960,13355,438541,-47.9
disagg_fut,088691,"Gold, COMEX (GLD proxy)",swap_dealer,2025-08-26,45622,254259,-208637,1323,443760,-47.0
disagg_fut,088691,"Gold, COMEX (GLD proxy)",swap_dealer,2025-09-02,47568,266164,-218596,-9959,492908,-44.3
disagg_fut,088691,"Gold, COMEX (GLD proxy)",swap_dealer,2025-09-09,48287,259108,-210821,7775,509625,-41.4
disagg_fut,088691,"Gold, COMEX (GLD proxy)",swap_dealer,2025-09-16,46465,283452,-236987,-26166,516221,-45.9
disagg_fut,088691,"Gold, COMEX (GLD proxy)",swap_dealer,2025-09-23,49618,280869,-231251,5736,528789,-43.7
disagg_fut,088691,"Gold, COMEX (GLD proxy)",swap_dealer,2025-09-30,41038,263877,-222839,8412,493748,-45.1
disagg_fut,088691,"Gold, COMEX (GLD proxy)",swap_dealer,2025-10-07,45558,243978,-198420,24419,485559,-40.9
disagg_fut,088691,"Gold, COMEX (GLD proxy)",swap_dealer,2025-10-14,51318,226728,-175410,23010,485788,-36.1
disagg_fut,088691,"Gold, COMEX (GLD proxy)",swap_dealer,2025-10-21,56832,209171,-152339,23071,472421,-32.2
disagg_fut,088691,"Gold, COMEX (GLD proxy)",swap_dealer,2025-10-28,48310,227143,-178833,-26494,457122,-39.1
disagg_fut,088691,"Gold, COMEX (GLD proxy)",swap_dealer,2025-11-04,47195,224286,-177091,1742,450399,-39.3
disagg_fut,088691,"Gold, COMEX (GLD proxy)",swap_dealer,2025-11-10,43176,229253,-186077,,459997,-40.5
disagg_fut,088691,"Gold, COMEX (GLD proxy)",swap_dealer,2025-11-18,44947,231635,-186688,,471953,-39.6
disagg_fut,088691,"Gold, COMEX (GLD proxy)",swap_dealer,2025-11-25,39044,233755,-194711,-8023,432946,-45.0
disagg_fut,088691,"Gold, COMEX (GLD proxy)",swap_dealer,2025-12-02,33860,240501,-206641,-11930,418490,-49.4
disagg_fut,088691,"Gold, COMEX (GLD proxy)",swap_dealer,2025-12-09,34556,247742,-213186,-6545,432569,-49.3
disagg_fut,088691,"Gold, COMEX (GLD proxy)",swap_dealer,2025-12-16,31970,262079,-230109,-16923,471093,-48.8
disagg_fut,088691,"Gold, COMEX (GLD proxy)",swap_dealer,2025-12-23,30143,262385,-232242,-2133,492103,-47.2
disagg_fut,088691,"Gold, COMEX (GLD proxy)",swap_dealer,2025-12-30,37010,257775,-220765,11477,481866,-45.8
disagg_fut,088691,"Gold, COMEX (GLD proxy)",swap_dealer,2026-01-06,37456,258949,-221493,-728,488116,-45.4
disagg_fut,088691,"Gold, COMEX (GLD proxy)",swap_dealer,2026-01-13,31166,277107,-245941,-24448,527455,-46.6
disagg_fut,088691,"Gold, COMEX (GLD proxy)",swap_dealer,2026-01-20,29522,276922,-247400,-1459,528004,-46.9
disagg_fut,088691,"Gold, COMEX (GLD proxy)",swap_dealer,2026-01-27,34124,241820,-207696,39704,488463,-42.5
disagg_fut,088691,"Gold, COMEX (GLD proxy)",swap_dealer,2026-02-03,40303,223447,-183144,24552,409694,-44.7
disagg_fut,088691,"Gold, COMEX (GLD proxy)",swap_dealer,2026-02-10,43244,222537,-179293,3851,404391,-44.3
disagg_fut,088691,"Gold, COMEX (GLD proxy)",swap_dealer,2026-02-17,41702,217086,-175384,3909,407078,-43.1
disagg_fut,088691,"Gold, COMEX (GLD proxy)",swap_dealer,2026-02-24,38848,219836,-180988,-5604,420182,-43.1
disagg_fut,088691,"Gold, COMEX (GLD proxy)",swap_dealer,2026-03-03,39360,219152,-179792,1196,409789,-43.9
disagg_fut,088691,"Gold, COMEX (GLD proxy)",swap_dealer,2026-03-10,38318,221598,-183280,-3488,413956,-44.3
disagg_fut,088691,"Gold, COMEX (GLD proxy)",swap_dealer,2026-03-17,36975,217789,-180814,2466,411388,-44.0
disagg_fut,088691,"Gold, COMEX (GLD proxy)",swap_dealer,2026-03-24,36069,217681,-181612,-798,403925,-45.0
disagg_fut,088691,"Gold, COMEX (GLD proxy)",swap_dealer,2026-03-31,30201,211931,-181730,-118,361409,-50.3
disagg_fut,088691,"Gold, COMEX (GLD proxy)",swap_dealer,2026-04-07,30165,204620,-174455,7275,354877,-49.2
disagg_fut,088691,"Gold, COMEX (GLD proxy)",swap_dealer,2026-04-14,28289,210841,-182552,-8097,362274,-50.4
disagg_fut,088691,"Gold, COMEX (GLD proxy)",swap_dealer,2026-04-21,28115,210637,-182522,30,365842,-49.9
disagg_fut,088691,"Gold, COMEX (GLD proxy)",swap_dealer,2026-04-28,28032,202653,-174621,7901,369530,-47.3
disagg_fut,088691,"Gold, COMEX (GLD proxy)",swap_dealer,2026-05-05,27319,207142,-179823,-5202,367932,-48.9
disagg_fut,088691,"Gold, COMEX (GLD proxy)",swap_dealer,2026-05-12,25671,215727,-190056,-10233,376496,-50.5
disagg_fut,088691,"Gold, COMEX (GLD proxy)",swap_dealer,2026-05-19,28950,202665,-173715,16341,379325,-45.8
disagg_fut,088691,"Gold, COMEX (GLD proxy)",swap_dealer,2026-05-26,29033,195289,-166256,7459,353489,-47.0
disagg_fut,088691,"Gold, COMEX (GLD proxy)",swap_dealer,2026-06-02,27505,213696,-186191,-19935,326052,-57.1
disagg_fut,088691,"Gold, COMEX (GLD proxy)",swap_dealer,2026-06-09,28443,210179,-181736,4455,332709,-54.6
disagg_fut,088691,"Gold, COMEX (GLD proxy)",swap_dealer,2026-06-16,29455,219971,-190516,-8780,339330,-56.1
disagg_fut,088691,"Gold, COMEX (GLD proxy)",swap_dealer,2026-06-23,27738,223806,-196068,-5552,352167,-55.7
disagg_fut,088691,"Gold, COMEX (GLD proxy)",swap_dealer,2026-06-30,25821,229845,-204024,-7956,369541,-55.2
disagg_fut,088691,"Gold, COMEX (GLD proxy)",swap_dealer,2026-07-07,25445,226741,-201296,2728,371776,-54.1
disagg_fut,088691,"Gold, COMEX (GLD proxy)",swap_dealer,2026-07-14,25177,220816,-195639,5657,383689,-51.0
disagg_fut,088691,"Gold, COMEX (GLD proxy)",swap_dealer,2026-07-21,24959,218837,-193878,1761,383368,-50.6
disagg_fut,088691,"Gold, COMEX (GLD proxy)",swap_dealer,2026-07-28,23661,215421,-191760,2118,384603,-49.9
disagg_fut,088691,"Gold, COMEX (GLD proxy)",swap_dealer,2026-08-04,20753,228388,-207635,-15875,371551,-55.9
disagg_fut,088691,"Gold, COMEX (GLD proxy)",swap_dealer,2026-08-11,19092,243797,-224705,-17070,400309,-56.1
disagg_fut,088691,"Gold, COMEX (GLD proxy)",swap_dealer,2026-08-18,18704,247361,-228657,-3952,406260,-56.3
disagg_fut,088691,"Gold, COMEX (GLD proxy)",swap_dealer,2026-08-25,16656,261683,-245027,-16370,427957,-57.3
disagg_fut,088691,"Gold, COMEX (GLD proxy)",swap_dealer,2026-09-01,17798,251227,-233429,11598,415196,-56.2
disagg_fut,088691,"Gold, COMEX (GLD proxy)",swap_dealer,2026-09-08,14542,253855,-239313,-5884,411227,-58.2
disagg_fut,088691,"Gold, COMEX (GLD proxy)",swap_dealer,2026-09-15,14690,248350,-233660,5653,409899,-57.0
legacy_fut,088691,"Gold, COMEX (GLD proxy)",commercial,2006-06-13,51699,186100,-134401,,288981,-46.5
legacy_fut,088691,"Gold, COMEX (GLD proxy)",commercial,2006-06-20,58813,181084,-122271,12130,288148,-42.4
legacy_fut,088691,"Gold, COMEX (GLD proxy)",commercial,2006-06-27,61095,177336,-116241,6030,292789,-39.7
legacy_fut,088691,"Gold, COMEX (GLD proxy)",commercial,2006-07-03,60102,182269,-122167,,292500,-41.8
legacy_fut,088691,"Gold, COMEX (GLD proxy)",commercial,2006-07-11,64408,196455,-132047,,312684,-42.2
legacy_fut,088691,"Gold, COMEX (GLD proxy)",commercial,2006-07-18,63969,204060,-140091,-8044,324276,-43.2
legacy_fut,088691,"Gold, COMEX (GLD proxy)",commercial,2006-07-25,65461,204950,-139489,602,315635,-44.2
legacy_fut,088691,"Gold, COMEX (GLD proxy)",commercial,2006-08-01,59866,198299,-138433,1056,304907,-45.4
legacy_fut,088691,"Gold, COMEX (GLD proxy)",commercial,2006-08-08,60258,202183,-141925,-3492,309097,-45.9
legacy_fut,088691,"Gold, COMEX (GLD proxy)",commercial,2006-08-15,61402,196531,-135129,6796,313327,-43.1
legacy_fut,088691,"Gold, COMEX (GLD proxy)",commercial,2006-08-22,64509,192582,-128073,7056,306171,-41.8
legacy_fut,088691,"Gold, COMEX (GLD proxy)",commercial,2006-08-29,70804,188049,-117245,10828,307583,-38.1
legacy_fut,088691,"Gold, COMEX (GLD proxy)",commercial,2006-09-05,66731,197996,-131265,-14020,319998,-41.0
legacy_fut,088691,"Gold, COMEX (GLD proxy)",commercial,2006-09-12,76201,186896,-110695,20570,310510,-35.6
legacy_fut,088691,"Gold, COMEX (GLD proxy)",commercial,2006-09-19,86123,188048,-101925,8770,325852,-31.3
legacy_fut,088691,"Gold, COMEX (GLD proxy)",commercial,2006-09-26,88639,184004,-95365,6560,322937,-29.5
legacy_fut,088691,"Gold, COMEX (GLD proxy)",commercial,2006-10-03,88721,180715,-91994,3371,330065,-27.9
legacy_fut,088691,"Gold, COMEX (GLD proxy)",commercial,2006-10-10,95161,177763,-82602,9392,334329,-24.7
legacy_fut,088691,"Gold, COMEX (GLD proxy)",commercial,2006-10-17,92428,175566,-83138,-536,329875,-25.2
legacy_fut,088691,"Gold, COMEX (GLD proxy)",commercial,2006-10-24,93641,174150,-80509,2629,331598,-24.3
legacy_fut,088691,"Gold, COMEX (GLD proxy)",commercial,2006-10-31,84097,175993,-91896,-11387,323481,-28.4
legacy_fut,088691,"Gold, COMEX (GLD proxy)",commercial,2006-11-07,78904,193360,-114456,-22560,335036,-34.2
legacy_fut,088691,"Gold, COMEX (GLD proxy)",commercial,2006-11-14,87908,211429,-123521,-9065,356575,-34.6
legacy_fut,088691,"Gold, COMEX (GLD proxy)",commercial,2006-11-21,87188,206164,-118976,4545,355430,-33.5
legacy_fut,088691,"Gold, COMEX (GLD proxy)",commercial,2006-11-28,79380,197104,-117724,1252,349517,-33.7
legacy_fut,088691,"Gold, COMEX (GLD proxy)",commercial,2006-12-05,70965,191133,-120168,-2444,330530,-36.4
legacy_fut,088691,"Gold, COMEX (GLD proxy)",commercial,2006-12-12,76784,193066,-116282,3886,333101,-34.9
legacy_fut,088691,"Gold, COMEX (GLD proxy)",commercial,2006-12-19,89467,191199,-101732,14550,337096,-30.2
legacy_fut,088691,"Gold, COMEX (GLD proxy)",commercial,2006-12-26,89611,192679,-103068,-1336,340473,-30.3
legacy_fut,088691,"Gold, COMEX (GLD proxy)",commercial,2007-01-03,82085,194532,-112447,,353494,-31.8
legacy_fut,088691,"Gold, COMEX (GLD proxy)",commercial,2007-01-09,95765,177439,-81674,,347491,-23.5
legacy_fut,088691,"Gold, COMEX (GLD proxy)",commercial,2007-01-16,94910,187019,-92109,-10435,344685,-26.7
legacy_fut,088691,"Gold, COMEX (GLD proxy)",commercial,2007-01-23,90640,209217,-118577,-26468,361114,-32.8
legacy_fut,088691,"Gold, COMEX (GLD proxy)",commercial,2007-01-30,75716,211327,-135611,-17034,348035,-39.0
legacy_fut,088691,"Gold, COMEX (GLD proxy)",commercial,2007-02-06,75896,222560,-146664,-11053,360936,-40.6
legacy_fut,088691,"Gold, COMEX (GLD proxy)",commercial,2007-02-13,75344,240808,-165464,-18800,383169,-43.2
legacy_fut,088691,"Gold, COMEX (GLD proxy)",commercial,2007-02-20,81923,250073,-168150,-2686,396115,-42.4
legacy_fut,088691,"Gold, COMEX (GLD proxy)",commercial,2007-02-27,82029,265779,-183750,-15600,415155,-44.3
legacy_fut,088691,"Gold, COMEX (GLD proxy)",commercial,2007-03-06,97335,234646,-137311,46439,382550,-35.9
legacy_fut,088691,"Gold, COMEX (GLD proxy)",commercial,2007-03-13,112843,243759,-130916,6395,394090,-33.2
legacy_fut,088691,"Gold, COMEX (GLD proxy)",commercial,2007-03-20,96485,226379,-129894,1022,359726,-36.1
legacy_fut,088691,"Gold, COMEX (GLD proxy)",commercial,2007-03-27,91430,229954,-138524,-8630,359434,-38.5
legacy_fut,088691,"Gold, COMEX (GLD proxy)",commercial,2007-04-03,90718,220216,-129498,9026,347817,-37.2
legacy_fut,088691,"Gold, COMEX (GLD proxy)",commercial,2007-04-10,87446,240650,-153204,-23706,369536,-41.5
legacy_fut,088691,"Gold, COMEX (GLD proxy)",commercial,2007-04-17,79882,254480,-174598,-21394,380800,-45.9
legacy_fut,088691,"Gold, COMEX (GLD proxy)",commercial,2007-04-24,90211,261984,-171773,2825,403388,-42.6
legacy_fut,088691,"Gold, COMEX (GLD proxy)",commercial,2007-05-01,92693,258846,-166153,5620,396276,-41.9
legacy_fut,088691,"Gold, COMEX (GLD proxy)",commercial,2007-05-08,97353,269817,-172464,-6311,411273,-41.9
legacy_fut,088691,"Gold, COMEX (GLD proxy)",commercial,2007-05-15,108784,256077,-147293,25171,408936,-36.0
legacy_fut,088691,"Gold, COMEX (GLD proxy)",commercial,2007-05-22,117506,241722,-124216,23077,416813,-29.8
legacy_fut,088691,"Gold, COMEX (GLD proxy)",commercial,2007-05-29,125989,244684,-118695,5521,425688,-27.9
legacy_fut,088691,"Gold, COMEX (GLD proxy)",commercial,2007-06-05,106068,242464,-136396,-17701,385046,-35.4
legacy_fut,088691,"Gold, COMEX (GLD proxy)",commercial,2007-06-12,133800,231805,-98005,38391,412150,-23.8
legacy_fut,088691,"Gold, COMEX (GLD proxy)",commercial,2007-06-19,127209,236429,-109220,-11215,410324,-26.6
legacy_fut,088691,"Gold, COMEX (GLD proxy)",commercial,2007-06-26,133598,217182,-83584,25636,407640,-20.5
legacy_fut,088691,"Gold, COMEX (GLD proxy)",commercial,2007-07-03,115835,207067,-91232,-7648,375642,-24.3
legacy_fut,088691,"Gold, COMEX (GLD proxy)",commercial,2007-07-10,115881,219066,-103185,-11953,387916,-26.6
legacy_fut,088691,"Gold, COMEX (GLD proxy)",commercial,2007-07-17,111437,223945,-112508,-9323,385595,-29.2
legacy_fut,088691,"Gold, COMEX (GLD proxy)",commercial,2007-07-24,91670,253272,-161602,-49094,401603,-40.2
legacy_fut,088691,"Gold, COMEX (GLD proxy)",commercial,2007-07-31,96154,208798,-112644,48958,351185,-32.1
legacy_fut,088691,"Gold, COMEX (GLD proxy)",commercial,2007-08-07,90267,211513,-121246,-8602,352908,-34.4
legacy_fut,088691,"Gold, COMEX (GLD proxy)",commercial,2007-08-14,88846,214740,-125894,-4648,347973,-36.2
legacy_fut,088691,"Gold, COMEX (GLD proxy)",commercial,2007-08-21,99513,191507,-91994,33900,330204,-27.9
legacy_fut,088691,"Gold, COMEX (GLD proxy)",commercial,2007-08-28,96677,195541,-98864,-6870,325767,-30.3
legacy_fut,088691,"Gold, COMEX (GLD proxy)",commercial,2007-09-04,83446,207800,-124354,-25490,339439,-36.6
legacy_fut,088691,"Gold, COMEX (GLD proxy)",commercial,2007-09-11,83992,244914,-160922,-36568,373686,-43.1
legacy_fut,088691,"Gold, COMEX (GLD proxy)",commercial,2007-09-18,84176,259440,-175264,-14342,392748,-44.6
legacy_fut,088691,"Gold, COMEX (GLD proxy)",commercial,2007-09-25,88400,296412,-208012,-32748,440945,-47.2
legacy_fut,088691,"Gold, COMEX (GLD proxy)",commercial,2007-10-02,80388,292419,-212031,-4019,439865,-48.2
legacy_fut,088691,"Gold, COMEX (GLD proxy)",commercial,2007-10-09,79580,306601,-227021,-14990,458936,-49.5
legacy_fut,088691,"Gold, COMEX (GLD proxy)",commercial,2007-10-16,77405,316501,-239096,-12075,483872,-49.4
legacy_fut,088691,"Gold, COMEX (GLD proxy)",commercial,2007-10-23,83708,306477,-222769,16327,489471,-45.5
legacy_fut,088691,"Gold, COMEX (GLD proxy)",commercial,2007-10-30,91655,326788,-235133,-12364,516163,-45.6
legacy_fut,088691,"Gold, COMEX (GLD proxy)",commercial,2007-11-06,96082,336091,-240009,-4876,556856,-43.1
legacy_fut,088691,"Gold, COMEX (GLD proxy)",commercial,2007-11-13,111704,338121,-226417,13592,552546,-41.0
legacy_fut,088691,"Gold, COMEX (GLD proxy)",commercial,2007-11-20,114599,324224,-209625,16792,512430,-40.9
legacy_fut,088691,"Gold, COMEX (GLD proxy)",commercial,2007-11-27,132752,338076,-205324,4301,520782,-39.4
legacy_fut,088691,"Gold, COMEX (GLD proxy)",commercial,2007-12-04,119700,324598,-204898,426,486709,-42.1
legacy_fut,088691,"Gold, COMEX (GLD proxy)",commercial,2007-12-11,110559,321302,-210743,-5845,486198,-43.3
legacy_fut,088691,"Gold, COMEX (GLD proxy)",commercial,2007-12-18,111220,320827,-209607,1136,495001,-42.3
legacy_fut,088691,"Gold, COMEX (GLD proxy)",commercial,2007-12-24,115530,337061,-221531,,517020,-42.8
legacy_fut,088691,"Gold, COMEX (GLD proxy)",commercial,2007-12-31,116141,354553,-238412,-16881,541854,-44.0
legacy_fut,088691,"Gold, COMEX (GLD proxy)",commercial,2008-01-08,119844,366534,-246690,,558309,-44.2
legacy_fut,088691,"Gold, COMEX (GLD proxy)",commercial,2008-01-15,139606,390720,-251114,-4424,593953,-42.3
legacy_fut,088691,"Gold, COMEX (GLD proxy)",commercial,2008-01-22,119585,362612,-243027,8087,560173,-43.4
legacy_fut,088691,"Gold, COMEX (GLD proxy)",commercial,2008-01-29,121716,366717,-245001,-1974,522142,-46.9
legacy_fut,088691,"Gold, COMEX (GLD proxy)",commercial,2008-02-05,113952,355533,-241581,3420,495139,-48.8
legacy_fut,088691,"Gold, COMEX (GLD proxy)",commercial,2008-02-12,103713,347313,-243600,-2019,475749,-51.2
legacy_fut,088691,"Gold, COMEX (GLD proxy)",commercial,2008-02-19,104482,357222,-252740,-9140,489789,-51.6
legacy_fut,088691,"Gold, COMEX (GLD proxy)",commercial,2008-02-26,104099,356374,-252275,465,495102,-51.0
legacy_fut,088691,"Gold, COMEX (GLD proxy)",commercial,2008-03-04,100312,340421,-240109,12166,486992,-49.3
legacy_fut,088691,"Gold, COMEX (GLD proxy)",commercial,2008-03-11,102839,346097,-243258,-3149,482035,-50.5
legacy_fut,088691,"Gold, COMEX (GLD proxy)",commercial,2008-03-18,110087,349215,-239128,4130,489055,-48.9
legacy_fut,088691,"Gold, COMEX (GLD proxy)",commercial,2008-03-25,104994,311119,-206125,33003,452193,-45.6
legacy_fut,088691,"Gold, COMEX (GLD proxy)",commercial,2008-04-01,94901,287969,-193068,13057,399393,-48.3
legacy_fut,088691,"Gold, COMEX (GLD proxy)",commercial,2008-04-08,94076,288648,-194572,-1504,407212,-47.8
legacy_fut,088691,"Gold, COMEX (GLD proxy)",commercial,2008-04-15,96173,301285,-205112,-10540,422699,-48.5
legacy_fut,088691,"Gold, COMEX (GLD proxy)",commercial,2008-04-22,101648,301247,-199599,5513,424218,-47.1
legacy_fut,088691,"Gold, COMEX (GLD proxy)",commercial,2008-04-29,107519,293001,-185482,14117,429670,-43.2
legacy_fut,088691,"Gold, COMEX (GLD proxy)",commercial,2008-05-06,114554,297282,-182728,2754,433741,-42.1
legacy_fut,088691,"Gold, COMEX (GLD proxy)",commercial,2008-05-13,121605,299202,-177597,5131,439636,-40.4
legacy_fut,088691,"Gold, COMEX (GLD proxy)",commercial,2008-05-20,108853,324034,-215181,-37584,453084,-47.5
legacy_fut,088691,"Gold, COMEX (GLD proxy)",commercial,2008-05-27,92239,310524,-218285,-3104,430961,-50.7
legacy_fut,088691,"Gold, COMEX (GLD proxy)",commercial,2008-06-03,92556,294727,-202171,16114,398441,-50.7
legacy_fut,088691,"Gold, COMEX (GLD proxy)",commercial,2008-06-10,94287,277368,-183081,19090,396392,-46.2
legacy_fut,088691,"Gold, COMEX (GLD proxy)",commercial,2008-06-17,96068,279508,-183440,-359,390471,-47.0
legacy_fut,088691,"Gold, COMEX (GLD proxy)",commercial,2008-06-24,95832,282588,-186756,-3316,401226,-46.5
legacy_fut,088691,"Gold, COMEX (GLD proxy)",commercial,2008-07-01,89674,316701,-227027,-40271,434024,-52.3
legacy_fut,088691,"Gold, COMEX (GLD proxy)",commercial,2008-07-08,97573,326233,-228660,-1633,443202,-51.6
legacy_fut,088691,"Gold, COMEX (GLD proxy)",commercial,2008-07-15,112225,358802,-246577,-17917,483920,-51.0
legacy_fut,088691,"Gold, COMEX (GLD proxy)",commercial,2008-07-22,114261,351322,-237061,9516,475606,-49.8
legacy_fut,088691,"Gold, COMEX (GLD proxy)",commercial,2008-07-29,110651,330322,-219671,17390,446013,-49.3
legacy_fut,088691,"Gold, COMEX (GLD proxy)",commercial,2008-08-05,98643,297560,-198917,20754,408430,-48.7
legacy_fut,088691,"Gold, COMEX (GLD proxy)",commercial,2008-08-12,97743,253556,-155813,43104,365611,-42.6
legacy_fut,088691,"Gold, COMEX (GLD proxy)",commercial,2008-08-19,118611,248765,-130154,25659,372968,-34.9
legacy_fut,088691,"Gold, COMEX (GLD proxy)",commercial,2008-08-26,127926,249845,-121919,8235,380766,-32.0
legacy_fut,088691,"Gold, COMEX (GLD proxy)",commercial,2008-09-02,136887,244918,-108031,13888,382329,-28.3
legacy_fut,088691,"Gold, COMEX (GLD proxy)",commercial,2008-09-09,150444,244428,-93984,14047,392592,-23.9
legacy_fut,088691,"Gold, COMEX (GLD proxy)",commercial,2008-09-16,135086,238108,-103022,-9038,393814,-26.2
legacy_fut,088691,"Gold, COMEX (GLD proxy)",commercial,2008-09-23,102529,243805,-141276,-38254,368254,-38.4
legacy_fut,088691,"Gold, COMEX (GLD proxy)",commercial,2008-09-30,92860,233698,-140838,438,336598,-41.8
legacy_fut,088691,"Gold, COMEX (GLD proxy)",commercial,2008-10-07,90270,221577,-131307,9531,329480,-39.9
legacy_fut,088691,"Gold, COMEX (GLD proxy)",commercial,2008-10-14,90552,216295,-125743,5564,323496,-38.9
legacy_fut,088691,"Gold, COMEX (GLD proxy)",commercial,2008-10-21,98664,207457,-108793,16950,319472,-34.1
legacy_fut,088691,"Gold, COMEX (GLD proxy)",commercial,2008-10-28,108336,193412,-85076,23717,313709,-27.1
legacy_fut,088691,"Gold, COMEX (GLD proxy)",commercial,2008-11-04,102401,178807,-76406,8670,303908,-25.1
legacy_fut,088691,"Gold, COMEX (GLD proxy)",commercial,2008-11-11,98118,167614,-69496,6910,293831,-23.7
legacy_fut,088691,"Gold, COMEX (GLD proxy)",commercial,2008-11-18,95697,166813,-71116,-1620,289700,-24.5
legacy_fut,088691,"Gold, COMEX (GLD proxy)",commercial,2008-11-25,88357,181592,-93235,-22119,276567,-33.7
legacy_fut,088691,"Gold, COMEX (GLD proxy)",commercial,2008-12-02,83482,177770,-94288,-1053,264796,-35.6
legacy_fut,088691,"Gold, COMEX (GLD proxy)",commercial,2008-12-09,83274,178146,-94872,-584,261001,-36.3
legacy_fut,088691,"Gold, COMEX (GLD proxy)",commercial,2008-12-16,78482,201593,-123111,-28239,282915,-43.5
legacy_fut,088691,"Gold, COMEX (GLD proxy)",commercial,2008-12-22,79850,212647,-132797,,291022,-45.6
legacy_fut,088691,"Gold, COMEX (GLD proxy)",commercial,2008-12-30,78765,221538,-142773,,300448,-47.5
legacy_fut,088691,"Gold, COMEX (GLD proxy)",commercial,2009-01-06,85948,235430,-149482,-6709,320391,-46.7
legacy_fut,088691,"Gold, COMEX (GLD proxy)",commercial,2009-01-13,90615,232178,-141563,7919,318185,-44.5
legacy_fut,088691,"Gold, COMEX (GLD proxy)",commercial,2009-01-20,99813,238744,-138931,2632,331507,-41.9
legacy_fut,088691,"Gold, COMEX (GLD proxy)",commercial,2009-01-27,102080,260456,-158376,-19445,354191,-44.7
legacy_fut,088691,"Gold, COMEX (GLD proxy)",commercial,2009-02-03,95920,273509,-177589,-19213,346288,-51.3
legacy_fut,088691,"Gold, COMEX (GLD proxy)",commercial,2009-02-10,94052,282764,-188712,-11123,350858,-53.8
legacy_fut,088691,"Gold, COMEX (GLD proxy)",commercial,2009-02-17,90051,286411,-196360,-7648,361619,-54.3
legacy_fut,088691,"Gold, COMEX (GLD proxy)",commercial,2009-02-24,97256,288192,-190936,5424,372697,-51.2
legacy_fut,088691,"Gold, COMEX (GLD proxy)",commercial,2009-03-03,99652,288053,-188401,2535,365271,-51.6
legacy_fut,088691,"Gold, COMEX (GLD proxy)",commercial,2009-03-10,107448,280299,-172851,15550,371321,-46.6
legacy_fut,088691,"Gold, COMEX (GLD proxy)",commercial,2009-03-17,118398,294082,-175684,-2833,376237,-46.7
legacy_fut,088691,"Gold, COMEX (GLD proxy)",commercial,2009-03-24,128889,310178,-181289,-5605,387177,-46.8
legacy_fut,088691,"Gold, COMEX (GLD proxy)",commercial,2009-03-31,108489,290415,-181926,-637,368618,-49.4
legacy_fut,088691,"Gold, COMEX (GLD proxy)",commercial,2009-04-07,100993,254216,-153223,28703,344929,-44.4
legacy_fut,088691,"Gold, COMEX (GLD proxy)",commercial,2009-04-14,92383,245892,-153509,-286,336930,-45.6
legacy_fut,088691,"Gold, COMEX (GLD proxy)",commercial,2009-04-21,93836,243444,-149608,3901,339226,-44.1
legacy_fut,088691,"Gold, COMEX (GLD proxy)",commercial,2009-04-28,92061,245480,-153419,-3811,343037,-44.7
legacy_fut,088691,"Gold, COMEX (GLD proxy)",commercial,2009-05-05,81437,241882,-160445,-7026,341461,-47.0
legacy_fut,088691,"Gold, COMEX (GLD proxy)",commercial,2009-05-12,84161,255341,-171180,-10735,359517,-47.6
legacy_fut,088691,"Gold, COMEX (GLD proxy)",commercial,2009-05-19,85018,268083,-183065,-11885,367931,-49.8
legacy_fut,088691,"Gold, COMEX (GLD proxy)",commercial,2009-05-26,82709,290845,-208136,-25071,396965,-52.4
legacy_fut,088691,"Gold, COMEX (GLD proxy)",commercial,2009-06-02,80715,307236,-226521,-18385,391057,-57.9
legacy_fut,088691,"Gold, COMEX (GLD proxy)",commercial,2009-06-09,78765,303812,-225047,1474,387181,-58.1
legacy_fut,088691,"Gold, COMEX (GLD proxy)",commercial,2009-06-16,80885,288253,-207368,17679,371997,-55.7
legacy_fut,088691,"Gold, COMEX (GLD proxy)",commercial,2009-06-23,84584,279014,-194430,12938,370347,-52.5
legacy_fut,088691,"Gold, COMEX (GLD proxy)",commercial,2009-06-30,88241,286059,-197818,-3388,379199,-52.2
legacy_fut,088691,"Gold, COMEX (GLD proxy)",commercial,2009-07-07,93002,284309,-191307,6511,372985,-51.3
legacy_fut,088691,"Gold, COMEX (GLD proxy)",commercial,2009-07-14,94110,276397,-182287,9020,370509,-49.2
legacy_fut,088691,"Gold, COMEX (GLD proxy)",commercial,2009-07-21,90227,294453,-204226,-21939,390939,-52.2
legacy_fut,088691,"Gold, COMEX (GLD proxy)",commercial,2009-07-28,91473,293994,-202521,1705,386340,-52.4
legacy_fut,088691,"Gold, COMEX (GLD proxy)",commercial,2009-08-04,82256,310449,-228193,-25672,392834,-58.1
legacy_fut,088691,"Gold, COMEX (GLD proxy)",commercial,2009-08-11,79855,302760,-222905,5288,385002,-57.9
legacy_fut,088691,"Gold, COMEX (GLD proxy)",commercial,2009-08-18,81498,286043,-204545,18360,373810,-54.7
legacy_fut,088691,"Gold, COMEX (GLD proxy)",commercial,2009-08-25,82177,293519,-211342,-6797,379629,-55.7
legacy_fut,088691,"Gold, COMEX (GLD proxy)",commercial,2009-09-01,82154,298862,-216708,-5366,384703,-56.3
legacy_fut,088691,"Gold, COMEX (GLD proxy)",commercial,2009-09-08,84842,355639,-270797,-54089,451713,-59.9
legacy_fut,088691,"Gold, COMEX (GLD proxy)",commercial,2009-09-15,81382,366043,-284661,-13864,467892,-60.8
legacy_fut,088691,"Gold, COMEX (GLD proxy)",commercial,2009-09-22,80338,367948,-287610,-2949,467145,-61.6
legacy_fut,088691,"Gold, COMEX (GLD proxy)",commercial,2009-09-29,84923,360157,-275234,12376,454585,-60.5
legacy_fut,088691,"Gold, COMEX (GLD proxy)",commercial,2009-10-06,81578,363442,-281864,-6630,484307,-58.2
legacy_fut,088691,"Gold, COMEX (GLD proxy)",commercial,2009-10-13,86071,381997,-295926,-14062,504187,-58.7
legacy_fut,088691,"Gold, COMEX (GLD proxy)",commercial,2009-10-20,86225,383718,-297493,-1567,509678,-58.4
legacy_fut,088691,"Gold, COMEX (GLD proxy)",commercial,2009-10-27,89306,372785,-283479,14014,497479,-57.0
legacy_fut,088691,"Gold, COMEX (GLD proxy)",commercial,2009-11-03,91788,375640,-283852,-373,493991,-57.5
legacy_fut,088691,"Gold, COMEX (GLD proxy)",commercial,2009-11-09,98290,381074,-282784,,530505,-53.3
legacy_fut,088691,"Gold, COMEX (GLD proxy)",commercial,2009-11-17,99935,381481,-281546,,533119,-52.8
legacy_fut,088691,"Gold, COMEX (GLD proxy)",commercial,2009-11-24,100243,406347,-306104,-24558,521253,-58.7
legacy_fut,088691,"Gold, COMEX (GLD proxy)",commercial,2009-12-01,96699,404930,-308231,-2127,521433,-59.1
legacy_fut,088691,"Gold, COMEX (GLD proxy)",commercial,2009-12-08,87110,386296,-299186,9045,505652,-59.2
legacy_fut,088691,"Gold, COMEX (GLD proxy)",commercial,2009-12-15,87400,391191,-303791,-4605,504368,-60.2
legacy_fut,088691,"Gold, COMEX (GLD proxy)",commercial,2009-12-22,92637,378302,-285665,18126,499233,-57.2
legacy_fut,088691,"Gold, COMEX (GLD proxy)",commercial,2009-12-29,94841,373783,-278942,6723,491712,-56.7
legacy_fut,088691,"Gold, COMEX (GLD proxy)",commercial,2010-01-05,98195,376746,-278551,391,507643,-54.9
legacy_fut,088691,"Gold, COMEX (GLD proxy)",commercial,2010-01-12,100451,382939,-282488,-3937,523266,-54.0
legacy_fut,088691,"Gold, COMEX (GLD proxy)",commercial,2010-01-19,109197,382844,-273647,8841,528924,-51.7
legacy_fut,088691,"Gold, COMEX (GLD proxy)",commercial,2010-01-26,111492,360110,-248618,25029,507565,-49.0
legacy_fut,088691,"Gold, COMEX (GLD proxy)",commercial,2010-02-02,103361,347940,-244579,4039,480860,-50.9
legacy_fut,088691,"Gold, COMEX (GLD proxy)",commercial,2010-02-09,110759,324186,-213427,31152,466905,-45.7
legacy_fut,088691,"Gold, COMEX (GLD proxy)",commercial,2010-02-16,105334,325212,-219878,-6451,466509,-47.1
legacy_fut,088691,"Gold, COMEX (GLD proxy)",commercial,2010-02-23,97536,335580,-238044,-18166,466572,-51.0
legacy_fut,088691,"Gold, COMEX (GLD proxy)",commercial,2010-03-02,101700,353237,-251537,-13493,482786,-52.1
legacy_fut,088691,"Gold, COMEX (GLD proxy)",commercial,2010-03-09,112952,364739,-251787,-250,493909,-51.0
legacy_fut,088691,"Gold, COMEX (GLD proxy)",commercial,2010-03-16,109825,352120,-242295,9492,496481,-48.8
legacy_fut,088691,"Gold, COMEX (GLD proxy)",commercial,2010-03-23,124504,348327,-223823,18472,495143,-45.2
legacy_fut,088691,"Gold, COMEX (GLD proxy)",commercial,2010-03-30,135472,343163,-207691,16132,466678,-44.5
legacy_fut,088691,"Gold, COMEX (GLD proxy)",commercial,2010-04-06,126670,371576,-244906,-37215,497388,-49.2
legacy_fut,088691,"Gold, COMEX (GLD proxy)",commercial,2010-04-13,135469,398953,-263484,-18578,528856,-49.8
legacy_fut,088691,"Gold, COMEX (GLD proxy)",commercial,2010-04-20,139961,397357,-257396,6088,521338,-49.4
legacy_fut,088691,"Gold, COMEX (GLD proxy)",commercial,2010-04-27,145584,411106,-265522,-8126,538591,-49.3
legacy_fut,088691,"Gold, COMEX (GLD proxy)",commercial,2010-05-04,151675,423261,-271586,-6064,551616,-49.2
legacy_fut,088691,"Gold, COMEX (GLD proxy)",commercial,2010-05-11,168306,450950,-282644,-11058,583504,-48.4
legacy_fut,088691,"Gold, COMEX (GLD proxy)",commercial,2010-05-18,170172,449916,-279744,2900,579758,-48.3
legacy_fut,088691,"Gold, COMEX (GLD proxy)",commercial,2010-05-25,167088,435467,-268379,11365,591360,-45.4
legacy_fut,088691,"Gold, COMEX (GLD proxy)",commercial,2010-06-01,172487,440110,-267623,756,553950,-48.3
legacy_fut,088691,"Gold, COMEX (GLD proxy)",commercial,2010-06-08,175948,449525,-273577,-5954,564792,-48.4
legacy_fut,088691,"Gold, COMEX (GLD proxy)",commercial,2010-06-15,178313,457257,-278944,-5367,569204,-49.0
legacy_fut,088691,"Gold, COMEX (GLD proxy)",commercial,2010-06-22,186762,475678,-288916,-9972,602411,-48.0
legacy_fut,088691,"Gold, COMEX (GLD proxy)",commercial,2010-06-29,192020,481976,-289956,-1040,601138,-48.2
legacy_fut,088691,"Gold, COMEX (GLD proxy)",commercial,2010-07-06,203285,452427,-249142,40814,577732,-43.1
legacy_fut,088691,"Gold, COMEX (GLD proxy)",commercial,2010-07-13,198305,446653,-248348,794,568078,-43.7
legacy_fut,088691,"Gold, COMEX (GLD proxy)",commercial,2010-07-20,208787,424451,-215664,32684,559473,-38.5
legacy_fut,088691,"Gold, COMEX (GLD proxy)",commercial,2010-07-27,193521,421076,-227555,-11891,560066,-40.6
legacy_fut,088691,"Gold, COMEX (GLD proxy)",commercial,2010-08-03,179968,401997,-222029,5526,518643,-42.8
legacy_fut,088691,"Gold, COMEX (GLD proxy)",commercial,2010-08-10,174249,405229,-230980,-8951,523078,-44.2
legacy_fut,088691,"Gold, COMEX (GLD proxy)",commercial,2010-08-17,172331,421901,-249570,-18590,543674,-45.9
legacy_fut,088691,"Gold, COMEX (GLD proxy)",commercial,2010-08-24,172529,436829,-264300,-14730,556464,-47.5
legacy_fut,088691,"Gold, COMEX (GLD proxy)",commercial,2010-08-31,171275,455836,-284561,-20261,577352,-49.3
legacy_fut,088691,"Gold, COMEX (GLD proxy)",commercial,2010-09-07,171591,459271,-287680,-3119,585564,-49.1
legacy_fut,088691,"Gold, COMEX (GLD proxy)",commercial,2010-09-14,171449,464388,-292939,-5259,594058,-49.3
legacy_fut,088691,"Gold, COMEX (GLD proxy)",commercial,2010-09-21,173670,465978,-292308,631,597592,-48.9
legacy_fut,088691,"Gold, COMEX (GLD proxy)",commercial,2010-09-28,182276,485016,-302740,-10432,619408,-48.9
legacy_fut,088691,"Gold, COMEX (GLD proxy)",commercial,2010-10-05,179071,478569,-299498,3242,617204,-48.5
legacy_fut,088691,"Gold, COMEX (GLD proxy)",commercial,2010-10-12,177524,477546,-300022,-524,616382,-48.7
legacy_fut,088691,"Gold, COMEX (GLD proxy)",commercial,2010-10-19,177820,470902,-293082,6940,630626,-46.5
legacy_fut,088691,"Gold, COMEX (GLD proxy)",commercial,2010-10-26,174257,456692,-282435,10647,607582,-46.5
legacy_fut,088691,"Gold, COMEX (GLD proxy)",commercial,2010-11-02,184286,460898,-276612,5823,618381,-44.7
legacy_fut,088691,"Gold, COMEX (GLD proxy)",commercial,2010-11-09,181532,472485,-290953,-14341,650764,-44.7
legacy_fut,088691,"Gold, COMEX (GLD proxy)",commercial,2010-11-16,189737,454645,-264908,26045,637435,-41.6
legacy_fut,088691,"Gold, COMEX (GLD proxy)",commercial,2010-11-23,191319,455212,-263893,1015,622712,-42.4
legacy_fut,088691,"Gold, COMEX (GLD proxy)",commercial,2010-11-30,183793,454262,-270469,-6576,600158,-45.1
legacy_fut,088691,"Gold, COMEX (GLD proxy)",commercial,2010-12-07,181151,459824,-278673,-8204,603632,-46.2
legacy_fut,088691,"Gold, COMEX (GLD proxy)",commercial,2010-12-14,184736,452871,-268135,10538,594652,-45.1
legacy_fut,088691,"Gold, COMEX (GLD proxy)",commercial,2010-12-21,194090,445898,-251808,16327,582133,-43.3
legacy_fut,088691,"Gold, COMEX (GLD proxy)",commercial,2010-12-28,190440,450210,-259770,-7962,594490,-43.7
legacy_fut,088691,"Gold, COMEX (GLD proxy)",commercial,2011-01-04,193319,447901,-254582,5188,592613,-43.0
legacy_fut,088691,"Gold, COMEX (GLD proxy)",commercial,2011-01-11,201336,426400,-225064,29518,588179,-38.3
legacy_fut,088691,"Gold, COMEX (GLD proxy)",commercial,2011-01-18,201589,408060,-206471,18593,587832,-35.1
legacy_fut,088691,"Gold, COMEX (GLD proxy)",commercial,2011-01-25,181815,379298,-197483,8988,506047,-39.0
legacy_fut,088691,"Gold, COMEX (GLD proxy)",commercial,2011-02-01,159816,353013,-193197,4286,462907,-41.7
legacy_fut,088691,"Gold, COMEX (GLD proxy)",commercial,2011-02-08,154774,364685,-209911,-16714,469779,-44.7
legacy_fut,088691,"Gold, COMEX (GLD proxy)",commercial,2011-02-15,153168,371794,-218626,-8715,473345,-46.2
legacy_fut,088691,"Gold, COMEX (GLD proxy)",commercial,2011-02-22,157951,389757,-231806,-13180,502119,-46.2
legacy_fut,088691,"Gold, COMEX (GLD proxy)",commercial,2011-03-01,155830,406426,-250596,-18790,515784,-48.6
legacy_fut,088691,"Gold, COMEX (GLD proxy)",commercial,2011-03-08,152903,400367,-247464,3132,515214,-48.0
legacy_fut,088691,"Gold, COMEX (GLD proxy)",commercial,2011-03-15,168330,388484,-220154,27310,507760,-43.4
legacy_fut,088691,"Gold, COMEX (GLD proxy)",commercial,2011-03-22,162616,387415,-224799,-4645,509131,-44.2
legacy_fut,088691,"Gold, COMEX (GLD proxy)",commercial,2011-03-29,158429,399198,-240769,-15970,492087,-48.9
legacy_fut,088691,"Gold, COMEX (GLD proxy)",commercial,2011-04-05,157327,415992,-258665,-17896,508956,-50.8
legacy_fut,088691,"Gold, COMEX (GLD proxy)",commercial,2011-04-12,157498,411186,-253688,4977,514871,-49.3
legacy_fut,088691,"Gold, COMEX (GLD proxy)",commercial,2011-04-19,157793,424341,-266548,-12860,537946,-49.5
legacy_fut,088691,"Gold, COMEX (GLD proxy)",commercial,2011-04-26,167035,416029,-248994,17554,530132,-47.0
legacy_fut,088691,"Gold, COMEX (GLD proxy)",commercial,2011-05-03,161934,402036,-240102,8892,522323,-46.0
legacy_fut,088691,"Gold, COMEX (GLD proxy)",commercial,2011-05-10,178418,399999,-221581,18521,510151,-43.4
legacy_fut,088691,"Gold, COMEX (GLD proxy)",commercial,2011-05-17,189113,396062,-206949,14632,509164,-40.6
legacy_fut,088691,"Gold, COMEX (GLD proxy)",commercial,2011-05-24,185259,402496,-217237,-10288,531180,-40.9
legacy_fut,088691,"Gold, COMEX (GLD proxy)",commercial,2011-05-31,170783,411291,-240508,-23271,501400,-48.0
legacy_fut,088691,"Gold, COMEX (GLD proxy)",commercial,2011-06-07,168869,416553,-247684,-7176,502251,-49.3
legacy_fut,088691,"Gold, COMEX (GLD proxy)",commercial,2011-06-14,171824,409253,-237429,10255,497780,-47.7
legacy_fut,088691,"Gold, COMEX (GLD proxy)",commercial,2011-06-21,167811,419058,-251247,-13818,515016,-48.8
legacy_fut,088691,"Gold, COMEX (GLD proxy)",commercial,2011-06-28,177824,386579,-208755,42492,495761,-42.1
legacy_fut,088691,"Gold, COMEX (GLD proxy)",commercial,2011-07-05,177118,379120,-202002,6753,489782,-41.2
legacy_fut,088691,"Gold, COMEX (GLD proxy)",commercial,2011-07-12,167806,412055,-244249,-42247,520202,-47.0
legacy_fut,088691,"Gold, COMEX (GLD proxy)",commercial,2011-07-19,162395,426209,-263814,-19565,542342,-48.6
legacy_fut,088691,"Gold, COMEX (GLD proxy)",commercial,2011-07-26,158260,441233,-282973,-19159,536454,-52.7
legacy_fut,088691,"Gold, COMEX (GLD proxy)",commercial,2011-08-02,155014,442648,-287634,-4661,529403,-54.3
legacy_fut,088691,"Gold, COMEX (GLD proxy)",commercial,2011-08-09,163472,412678,-249206,38428,510223,-48.8
legacy_fut,088691,"Gold, COMEX (GLD proxy)",commercial,2011-08-16,160562,409409,-248847,359,514107,-48.4
legacy_fut,088691,"Gold, COMEX (GLD proxy)",commercial,2011-08-23,175150,405586,-230436,18411,528520,-43.6
legacy_fut,088691,"Gold, COMEX (GLD proxy)",commercial,2011-08-30,176476,393831,-217355,13081,509326,-42.7
legacy_fut,088691,"Gold, COMEX (GLD proxy)",commercial,2011-09-06,174101,401815,-227714,-10359,523294,-43.5
legacy_fut,088691,"Gold, COMEX (GLD proxy)",commercial,2011-09-13,183452,393920,-210468,17246,512068,-41.1
legacy_fut,088691,"Gold, COMEX (GLD proxy)",commercial,2011-09-20,187257,384885,-197628,12840,499356,-39.6
legacy_fut,088691,"Gold, COMEX (GLD proxy)",commercial,2011-09-27,192457,359140,-166683,30945,465414,-35.8
legacy_fut,088691,"Gold, COMEX (GLD proxy)",commercial,2011-10-04,180289,345040,-164751,1932,436920,-37.7
legacy_fut,088691,"Gold, COMEX (GLD proxy)",commercial,2011-10-11,179749,348227,-168478,-3727,438090,-38.5
legacy_fut,088691,"Gold, COMEX (GLD proxy)",commercial,2011-10-18,182341,341494,-159153,9325,437739,-36.4
legacy_fut,088691,"Gold, COMEX (GLD proxy)",commercial,2011-10-25,175677,343791,-168114,-8961,443723,-37.9
legacy_fut,088691,"Gold, COMEX (GLD proxy)",commercial,2011-11-01,170316,352716,-182400,-14286,442435,-41.2
legacy_fut,088691,"Gold, COMEX (GLD proxy)",commercial,2011-11-08,170248,367183,-196935,-14535,464982,-42.4
legacy_fut,088691,"Gold, COMEX (GLD proxy)",commercial,2011-11-15,170594,374757,-204163,-7228,470490,-43.4
legacy_fut,088691,"Gold, COMEX (GLD proxy)",commercial,2011-11-22,170098,362511,-192413,11750,457070,-42.1
legacy_fut,088691,"Gold, COMEX (GLD proxy)",commercial,2011-11-29,151929,345474,-193545,-1132,423176,-45.7
legacy_fut,088691,"Gold, COMEX (GLD proxy)",commercial,2011-12-06,142443,343943,-201500,-7955,422956,-47.6
legacy_fut,088691,"Gold, COMEX (GLD proxy)",commercial,2011-12-13,152357,338574,-186217,15283,427699,-43.5
legacy_fut,088691,"Gold, COMEX (GLD proxy)",commercial,2011-12-20,159783,324337,-164554,21663,423465,-38.9
legacy_fut,088691,"Gold, COMEX (GLD proxy)",commercial,2011-12-27,162522,326454,-163932,622,418945,-39.1
legacy_fut,088691,"Gold, COMEX (GLD proxy)",commercial,2012-01-03,164117,325960,-161843,2089,423275,-38.2
legacy_fut,088691,"Gold, COMEX (GLD proxy)",commercial,2012-01-10,160949,327523,-166574,-4731,417923,-39.9
legacy_fut,088691,"Gold, COMEX (GLD proxy)",commercial,2012-01-17,172691,345667,-172976,-6402,432838,-40.0
legacy_fut,088691,"Gold, COMEX (GLD proxy)",commercial,2012-01-24,164048,343816,-179768,-6792,427032,-42.1
legacy_fut,088691,"Gold, COMEX (GLD proxy)",commercial,2012-01-31,147555,357417,-209862,-30094,425133,-49.4
legacy_fut,088691,"Gold, COMEX (GLD proxy)",commercial,2012-02-07,143085,364157,-221072,-11210,436061,-50.7
legacy_fut,088691,"Gold, COMEX (GLD proxy)",commercial,2012-02-14,146818,356226,-209408,11664,431164,-48.6
legacy_fut,088691,"Gold, COMEX (GLD proxy)",commercial,2012-02-21,146004,375306,-229302,-19894,456676,-50.2
legacy_fut,088691,"Gold, COMEX (GLD proxy)",commercial,2012-02-28,145061,390412,-245351,-16049,479044,-51.2
legacy_fut,088691,"Gold, COMEX (GLD proxy)",commercial,2012-03-06,152969,353177,-200208,45143,443249,-45.2
legacy_fut,088691,"Gold, COMEX (GLD proxy)",commercial,2012-03-13,151435,343123,-191688,8520,442319,-43.3
legacy_fut,088691,"Gold, COMEX (GLD proxy)",commercial,2012-03-20,166859,332997,-166138,25550,431039,-38.5
legacy_fut,088691,"Gold, COMEX (GLD proxy)",commercial,2012-03-27,152335,337411,-185076,-18938,417304,-44.4
legacy_fut,088691,"Gold, COMEX (GLD proxy)",commercial,2012-04-03,155751,333215,-177464,7612,407761,-43.5
legacy_fut,088691,"Gold, COMEX (GLD proxy)",commercial,2012-04-10,148103,319152,-171049,6415,403989,-42.3
legacy_fut,088691,"Gold, COMEX (GLD proxy)",commercial,2012-04-17,145730,321821,-176091,-5042,398526,-44.2
legacy_fut,088691,"Gold, COMEX (GLD proxy)",commercial,2012-04-24,148994,316231,-167237,8854,395389,-42.3
legacy_fut,088691,"Gold, COMEX (GLD proxy)",commercial,2012-05-01,153584,331587,-178003,-10766,411972,-43.2
legacy_fut,088691,"Gold, COMEX (GLD proxy)",commercial,2012-05-08,161037,312492,-151455,26548,417798,-36.3
legacy_fut,088691,"Gold, COMEX (GLD proxy)",commercial,2012-05-15,170616,309533,-138917,12538,422091,-32.9
legacy_fut,088691,"Gold, COMEX (GLD proxy)",commercial,2012-05-22,172750,308348,-135598,3319,435706,-31.1
legacy_fut,088691,"Gold, COMEX (GLD proxy)",commercial,2012-05-29,170208,300917,-130709,4889,419991,-31.1
legacy_fut,088691,"Gold, COMEX (GLD proxy)",commercial,2012-06-05,154597,310719,-156122,-25413,423941,-36.8
legacy_fut,088691,"Gold, COMEX (GLD proxy)",commercial,2012-06-12,147076,305866,-158790,-2668,412244,-38.5
legacy_fut,088691,"Gold, COMEX (GLD proxy)",commercial,2012-06-19,150812,314503,-163691,-4901,418492,-39.1
legacy_fut,088691,"Gold, COMEX (GLD proxy)",commercial,2012-06-26,155729,299889,-144160,19531,413618,-34.9
legacy_fut,088691,"Gold, COMEX (GLD proxy)",commercial,2012-07-03,154926,321563,-166637,-22477,425068,-39.2
legacy_fut,088691,"Gold, COMEX (GLD proxy)",commercial,2012-07-10,163399,316165,-152766,13871,429854,-35.5
legacy_fut,088691,"Gold, COMEX (GLD proxy)",commercial,2012-07-17,162570,321389,-158819,-6053,431317,-36.8
legacy_fut,088691,"Gold, COMEX (GLD proxy)",commercial,2012-07-24,166448,302693,-136245,22574,420296,-32.4
legacy_fut,088691,"Gold, COMEX (GLD proxy)",commercial,2012-07-31,155355,311367,-156012,-19767,403403,-38.7
legacy_fut,088691,"Gold, COMEX (GLD proxy)",commercial,2012-08-07,149011,295429,-146418,9594,388254,-37.7
legacy_fut,088691,"Gold, COMEX (GLD proxy)",commercial,2012-08-14,147418,291358,-143940,2478,388187,-37.1
legacy_fut,088691,"Gold, COMEX (GLD proxy)",commercial,2012-08-21,137903,309125,-171222,-27282,398747,-42.9
legacy_fut,088691,"Gold, COMEX (GLD proxy)",commercial,2012-08-28,139050,342674,-203624,-32402,426559,-47.7
legacy_fut,088691,"Gold, COMEX (GLD proxy)",commercial,2012-09-04,139746,359132,-219386,-15762,444489,-49.4
legacy_fut,088691,"Gold, COMEX (GLD proxy)",commercial,2012-09-11,143148,380239,-237091,-17705,460531,-51.5
legacy_fut,088691,"Gold, COMEX (GLD proxy)",commercial,2012-09-18,148802,398435,-249633,-12542,478609,-52.2
legacy_fut,088691,"Gold, COMEX (GLD proxy)",commercial,2012-09-25,144506,406861,-262355,-12722,489516,-53.6
legacy_fut,088691,"Gold, COMEX (GLD proxy)",commercial,2012-10-02,136250,405520,-269270,-6915,480908,-56.0
legacy_fut,088691,"Gold, COMEX (GLD proxy)",commercial,2012-10-09,131714,398702,-266988,2282,484359,-55.1
legacy_fut,088691,"Gold, COMEX (GLD proxy)",commercial,2012-10-16,129500,376883,-247383,19605,462826,-53.5
legacy_fut,088691,"Gold, COMEX (GLD proxy)",commercial,2012-10-23,132859,365524,-232665,14718,455836,-51.0
legacy_fut,088691,"Gold, COMEX (GLD proxy)",commercial,2012-10-30,144346,367110,-222764,9901,454742,-49.0
legacy_fut,088691,"Gold, COMEX (GLD proxy)",commercial,2012-11-06,144788,352530,-207742,15022,447154,-46.5
legacy_fut,088691,"Gold, COMEX (GLD proxy)",commercial,2012-11-13,144488,369283,-224795,-17053,459761,-48.9
legacy_fut,088691,"Gold, COMEX (GLD proxy)",commercial,2012-11-20,145098,381162,-236064,-11269,474129,-49.8
legacy_fut,088691,"Gold, COMEX (GLD proxy)",commercial,2012-11-27,141117,399829,-258712,-22648,479373,-54.0
legacy_fut,088691,"Gold, COMEX (GLD proxy)",commercial,2012-12-04,135887,353483,-217596,41116,434416,-50.1
legacy_fut,088691,"Gold, COMEX (GLD proxy)",commercial,2012-12-11,135772,350652,-214880,2716,433586,-49.6
legacy_fut,088691,"Gold, COMEX (GLD proxy)",commercial,2012-12-18,137780,339914,-202134,12746,435742,-46.4
legacy_fut,088691,"Gold, COMEX (GLD proxy)",commercial,2012-12-24,139479,327143,-187664,,426300,-44.0
legacy_fut,088691,"Gold, COMEX (GLD proxy)",commercial,2012-12-31,143210,331869,-188659,-995,427991,-44.1
legacy_fut,088691,"Gold, COMEX (GLD proxy)",commercial,2013-01-08,152103,330575,-178472,,441304,-40.4
legacy_fut,088691,"Gold, COMEX (GLD proxy)",commercial,2013-01-15,156010,341123,-185113,-6641,447773,-41.3
legacy_fut,088691,"Gold, COMEX (GLD proxy)",commercial,2013-01-22,153048,348998,-195950,-10837,461369,-42.5
legacy_fut,088691,"Gold, COMEX (GLD proxy)",commercial,2013-01-29,159776,326873,-167097,28853,430718,-38.8
legacy_fut,088691,"Gold, COMEX (GLD proxy)",commercial,2013-02-05,145291,319898,-174607,-7510,423982,-41.2
legacy_fut,088691,"Gold, COMEX (GLD proxy)",commercial,2013-02-12,154573,315226,-160653,13954,435088,-36.9
legacy_fut,088691,"Gold, COMEX (GLD proxy)",commercial,2013-02-19,158900,290982,-132082,28571,447290,-29.5
legacy_fut,088691,"Gold, COMEX (GLD proxy)",commercial,2013-02-26,151145,288765,-137620,-5538,433858,-31.7
legacy_fut,088691,"Gold, COMEX (GLD proxy)",commercial,2013-03-05,150453,284251,-133798,3822,434586,-30.8
legacy_fut,088691,"Gold, COMEX (GLD proxy)",commercial,2013-03-12,149550,291671,-142121,-8323,445651,-31.9
legacy_fut,088691,"Gold, COMEX (GLD proxy)",commercial,2013-03-19,136677,299041,-162364,-20243,440712,-36.8
legacy_fut,088691,"Gold, COMEX (GLD proxy)",commercial,2013-03-26,139588,298061,-158473,3891,419727,-37.8
legacy_fut,088691,"Gold, COMEX (GLD proxy)",commercial,2013-04-02,137205,279727,-142522,15951,417176,-34.2
legacy_fut,088691,"Gold, COMEX (GLD proxy)",commercial,2013-04-09,135855,279657,-143802,-1280,416513,-34.5
legacy_fut,088691,"Gold, COMEX (GLD proxy)",commercial,2013-04-16,144522,286451,-141929,1873,413083,-34.4
legacy_fut,088691,"Gold, COMEX (GLD proxy)",commercial,2013-04-23,156131,260519,-104388,37541,415074,-25.1
legacy_fut,088691,"Gold, COMEX (GLD proxy)",commercial,2013-04-30,170211,265774,-95563,8825,421087,-22.7
legacy_fut,088691,"Gold, COMEX (GLD proxy)",commercial,2013-05-07,186671,274390,-87719,7844,437931,-20.0
legacy_fut,088691,"Gold, COMEX (GLD proxy)",commercial,2013-05-14,190502,274648,-84146,3573,443806,-19.0
legacy_fut,088691,"Gold, COMEX (GLD proxy)",commercial,2013-05-21,192147,276269,-84122,24,446087,-18.9
legacy_fut,088691,"Gold, COMEX (GLD proxy)",commercial,2013-05-28,171995,231216,-59221,24901,411001,-14.4
legacy_fut,088691,"Gold, COMEX (GLD proxy)",commercial,2013-06-04,147497,209149,-61652,-2431,373061,-16.5
legacy_fut,088691,"Gold, COMEX (GLD proxy)",commercial,2013-06-11,146470,204792,-58322,3330,373844,-15.6
legacy_fut,088691,"Gold, COMEX (GLD proxy)",commercial,2013-06-18,155303,199418,-44115,14207,377106,-11.7
legacy_fut,088691,"Gold, COMEX (GLD proxy)",commercial,2013-06-25,164958,200166,-35208,8907,390647,-9.0
legacy_fut,088691,"Gold, COMEX (GLD proxy)",commercial,2013-07-02,186385,209161,-22776,12432,410399,-5.5
legacy_fut,088691,"Gold, COMEX (GLD proxy)",commercial,2013-07-09,202617,221658,-19041,3735,431574,-4.4
legacy_fut,088691,"Gold, COMEX (GLD proxy)",commercial,2013-07-16,222746,247353,-24607,-5566,440283,-5.6
legacy_fut,088691,"Gold, COMEX (GLD proxy)",commercial,2013-07-23,210233,244929,-34696,-10089,434750,-8.0
legacy_fut,088691,"Gold, COMEX (GLD proxy)",commercial,2013-07-30,188832,214606,-25774,8922,397035,-6.5
legacy_fut,088691,"Gold, COMEX (GLD proxy)",commercial,2013-08-06,187636,241795,-54159,-28385,396062,-13.7
legacy_fut,088691,"Gold, COMEX (GLD proxy)",commercial,2013-08-13,184321,245195,-60874,-6715,390547,-15.6
legacy_fut,088691,"Gold, COMEX (GLD proxy)",commercial,2013-08-20,176610,244275,-67665,-6791,385410,-17.6
legacy_fut,088691,"Gold, COMEX (GLD proxy)",commercial,2013-08-27,175698,263336,-87638,-19973,384102,-22.8
legacy_fut,088691,"Gold, COMEX (GLD proxy)",commercial,2013-09-03,177861,270322,-92461,-4823,388584,-23.8
legacy_fut,088691,"Gold, COMEX (GLD proxy)",commercial,2013-09-10,184972,265196,-80224,12237,384164,-20.9
legacy_fut,088691,"Gold, COMEX (GLD proxy)",commercial,2013-09-17,188729,254066,-65337,14887,384592,-17.0
legacy_fut,088691,"Gold, COMEX (GLD proxy)",commercial,2013-09-24,183688,255215,-71527,-6190,378216,-18.9
legacy_fut,088691,"Gold, COMEX (GLD proxy)",commercial,2013-10-01,179659,257787,-78128,-6601,374151,-20.9
legacy_fut,088691,"Gold, COMEX (GLD proxy)",commercial,2013-10-08,176330,266746,-90416,-12288,370406,-24.4
legacy_fut,088691,"Gold, COMEX (GLD proxy)",commercial,2013-10-15,188890,253714,-64824,25592,381727,-17.0
legacy_fut,088691,"Gold, COMEX (GLD proxy)",commercial,2013-10-22,183393,265541,-82148,-17324,390369,-21.0
legacy_fut,088691,"Gold, COMEX (GLD proxy)",commercial,2013-10-29,174866,281653,-106787,-24639,387166,-27.6
legacy_fut,088691,"Gold, COMEX (GLD proxy)",commercial,2013-11-05,178714,272614,-93900,12887,386796,-24.3
legacy_fut,088691,"Gold, COMEX (GLD proxy)",commercial,2013-11-12,190317,256102,-65785,28115,403840,-16.3
legacy_fut,088691,"Gold, COMEX (GLD proxy)",commercial,2013-11-19,190106,241621,-51515,14270,397590,-13.0
legacy_fut,088691,"Gold, COMEX (GLD proxy)",commercial,2013-11-26,196011,224247,-28236,23279,394432,-7.2
legacy_fut,088691,"Gold, COMEX (GLD proxy)",commercial,2013-12-03,190092,212391,-22299,5937,386436,-5.8
legacy_fut,088691,"Gold, COMEX (GLD proxy)",commercial,2013-12-10,183319,212281,-28962,-6663,377313,-7.7
legacy_fut,088691,"Gold, COMEX (GLD proxy)",commercial,2013-12-17,191045,218144,-27099,1863,385432,-7.0
legacy_fut,088691,"Gold, COMEX (GLD proxy)",commercial,2013-12-24,188511,215029,-26518,581,384974,-6.9
legacy_fut,088691,"Gold, COMEX (GLD proxy)",commercial,2013-12-31,182101,215122,-33021,-6503,379550,-8.7
legacy_fut,088691,"Gold, COMEX (GLD proxy)",commercial,2014-01-07,179334,221218,-41884,-8863,383021,-10.9
legacy_fut,088691,"Gold, COMEX (GLD proxy)",commercial,2014-01-14,199650,244905,-45255,-3371,415426,-10.9
legacy_fut,088691,"Gold, COMEX (GLD proxy)",commercial,2014-01-21,200101,246192,-46091,-836,410959,-11.2
legacy_fut,088691,"Gold, COMEX (GLD proxy)",commercial,2014-01-28,176630,241609,-64979,-18888,382739,-17.0
legacy_fut,088691,"Gold, COMEX (GLD proxy)",commercial,2014-02-04,165354,231136,-65782,-803,368279,-17.9
legacy_fut,088691,"Gold, COMEX (GLD proxy)",commercial,2014-02-11,162156,234810,-72654,-6872,376973,-19.3
legacy_fut,088691,"Gold, COMEX (GLD proxy)",commercial,2014-02-18,159449,251200,-91751,-19097,390535,-23.5
legacy_fut,088691,"Gold, COMEX (GLD proxy)",commercial,2014-02-25,155969,272632,-116663,-24912,387503,-30.1
legacy_fut,088691,"Gold, COMEX (GLD proxy)",commercial,2014-03-04,157838,278987,-121149,-4486,393266,-30.8
legacy_fut,088691,"Gold, COMEX (GLD proxy)",commercial,2014-03-11,163920,289287,-125367,-4218,415340,-30.2
legacy_fut,088691,"Gold, COMEX (GLD proxy)",commercial,2014-03-18,164293,310227,-145934,-20567,420626,-34.7
legacy_fut,088691,"Gold, COMEX (GLD proxy)",commercial,2014-03-25,159979,287600,-127621,18313,398264,-32.0
legacy_fut,088691,"Gold, COMEX (GLD proxy)",commercial,2014-04-01,143575,257604,-114029,13592,363451,-31.4
legacy_fut,088691,"Gold, COMEX (GLD proxy)",commercial,2014-04-08,151954,253697,-101743,12286,365400,-27.8
legacy_fut,088691,"Gold, COMEX (GLD proxy)",commercial,2014-04-15,157917,245522,-87605,14138,369577,-23.7
legacy_fut,088691,"Gold, COMEX (GLD proxy)",commercial,2014-04-22,162799,253325,-90526,-2921,372593,-24.3
legacy_fut,088691,"Gold, COMEX (GLD proxy)",commercial,2014-04-29,162815,259986,-97171,-6645,378092,-25.7
legacy_fut,088691,"Gold, COMEX (GLD proxy)",commercial,2014-05-06,167794,278265,-110471,-13300,404700,-27.3
legacy_fut,088691,"Gold, COMEX (GLD proxy)",commercial,2014-05-13,164941,267262,-102321,8150,397029,-25.8
legacy_fut,088691,"Gold, COMEX (GLD proxy)",commercial,2014-05-20,164289,270299,-106010,-3689,399371,-26.5
legacy_fut,088691,"Gold, COMEX (GLD proxy)",commercial,2014-05-27,162078,240716,-78638,27372,397695,-19.8
legacy_fut,088691,"Gold, COMEX (GLD proxy)",commercial,2014-06-03,159545,222989,-63444,15194,382141,-16.6
legacy_fut,088691,"Gold, COMEX (GLD proxy)",commercial,2014-06-10,156553,219703,-63150,294,378689,-16.7
legacy_fut,088691,"Gold, COMEX (GLD proxy)",commercial,2014-06-17,157023,235348,-78325,-15175,379843,-20.6
legacy_fut,088691,"Gold, COMEX (GLD proxy)",commercial,2014-06-24,142864,274471,-131607,-53282,392388,-33.5
legacy_fut,088691,"Gold, COMEX (GLD proxy)",commercial,2014-07-01,135444,295899,-160455,-28848,401813,-39.9
legacy_fut,088691,"Gold, COMEX (GLD proxy)",commercial,2014-07-08,135998,302001,-166003,-5548,410992,-40.4
legacy_fut,088691,"Gold, COMEX (GLD proxy)",commercial,2014-07-15,138542,295448,-156906,9097,408368,-38.4
legacy_fut,088691,"Gold, COMEX (GLD proxy)",commercial,2014-07-22,134809,295000,-160191,-3285,405617,-39.5
legacy_fut,088691,"Gold, COMEX (GLD proxy)",commercial,2014-07-29,126297,275229,-148932,11259,374467,-39.8
legacy_fut,088691,"Gold, COMEX (GLD proxy)",commercial,2014-08-05,123492,255134,-131642,17290,360342,-36.5
legacy_fut,088691,"Gold, COMEX (GLD proxy)",commercial,2014-08-12,113862,274549,-160687,-29045,368114,-43.7
legacy_fut,088691,"Gold, COMEX (GLD proxy)",commercial,2014-08-19,122377,270039,-147662,13025,366401,-40.3
legacy_fut,088691,"Gold, COMEX (GLD proxy)",commercial,2014-08-26,127433,250981,-123548,24114,363608,-34.0
legacy_fut,088691,"Gold, COMEX (GLD proxy)",commercial,2014-09-02,134701,238408,-103707,19841,371515,-27.9
legacy_fut,088691,"Gold, COMEX (GLD proxy)",commercial,2014-09-09,141921,239876,-97955,5752,384341,-25.5
legacy_fut,088691,"Gold, COMEX (GLD proxy)",commercial,2014-09-16,145480,221723,-76243,21712,386080,-19.7
legacy_fut,088691,"Gold, COMEX (GLD proxy)",commercial,2014-09-23,148615,212934,-64319,11924,385788,-16.7
legacy_fut,088691,"Gold, COMEX (GLD proxy)",commercial,2014-09-30,145396,206125,-60729,3590,379874,-16.0
legacy_fut,088691,"Gold, COMEX (GLD proxy)",commercial,2014-10-07,143466,206873,-63407,-2678,380087,-16.7
legacy_fut,088691,"Gold, COMEX (GLD proxy)",commercial,2014-10-14,140637,219460,-78823,-15416,397855,-19.8
legacy_fut,088691,"Gold, COMEX (GLD proxy)",commercial,2014-10-21,139429,244327,-104898,-26075,411057,-25.5
legacy_fut,088691,"Gold, COMEX (GLD proxy)",commercial,2014-10-28,146345,245209,-98864,6034,414410,-23.9
legacy_fut,088691,"Gold, COMEX (GLD proxy)",commercial,2014-11-04,161667,216974,-55307,43557,417377,-13.3
legacy_fut,088691,"Gold, COMEX (GLD proxy)",commercial,2014-11-11,184326,234350,-50024,5283,443422,-11.3
legacy_fut,088691,"Gold, COMEX (GLD proxy)",commercial,2014-11-18,193668,264665,-70997,-20973,459657,-15.4
legacy_fut,088691,"Gold, COMEX (GLD proxy)",commercial,2014-11-25,156334,224819,-68485,2512,388145,-17.6
legacy_fut,088691,"Gold, COMEX (GLD proxy)",commercial,2014-12-02,135777,225185,-89408,-20923,368121,-24.3
legacy_fut,088691,"Gold, COMEX (GLD proxy)",commercial,2014-12-09,125091,241692,-116601,-27193,375323,-31.1
legacy_fut,088691,"Gold, COMEX (GLD proxy)",commercial,2014-12-16,132868,247959,-115091,1510,371743,-31.0
legacy_fut,088691,"Gold, COMEX (GLD proxy)",commercial,2014-12-23,134796,240021,-105225,9866,375212,-28.0
legacy_fut,088691,"Gold, COMEX (GLD proxy)",commercial,2014-12-30,125818,238952,-113134,-7909,373982,-30.3
legacy_fut,088691,"Gold, COMEX (GLD proxy)",commercial,2015-01-06,130427,253099,-122672,-9538,394021,-31.1
legacy_fut,088691,"Gold, COMEX (GLD proxy)",commercial,2015-01-13,129436,267112,-137676,-15004,402108,-34.2
legacy_fut,088691,"Gold, COMEX (GLD proxy)",commercial,2015-01-20,120946,298756,-177810,-40134,430128,-41.3
legacy_fut,088691,"Gold, COMEX (GLD proxy)",commercial,2015-01-27,117326,323486,-206160,-28350,438279,-47.0
legacy_fut,088691,"Gold, COMEX (GLD proxy)",commercial,2015-02-03,117174,320447,-203273,2887,419524,-48.5
legacy_fut,088691,"Gold, COMEX (GLD proxy)",commercial,2015-02-10,120702,291293,-170591,32682,393232,-43.4
legacy_fut,088691,"Gold, COMEX (GLD proxy)",commercial,2015-02-17,125433,269068,-143635,26956,389530,-36.9
legacy_fut,088691,"Gold, COMEX (GLD proxy)",commercial,2015-02-24,133432,269126,-135694,7941,399307,-34.0
legacy_fut,088691,"Gold, COMEX (GLD proxy)",commercial,2015-03-03,140080,263467,-123387,12307,405124,-30.5
legacy_fut,088691,"Gold, COMEX (GLD proxy)",commercial,2015-03-10,154578,243920,-89342,34045,410918,-21.7
legacy_fut,088691,"Gold, COMEX (GLD proxy)",commercial,2015-03-17,180464,236954,-56490,32852,429738,-13.1
legacy_fut,088691,"Gold, COMEX (GLD proxy)",commercial,2015-03-24,178058,230983,-52925,3565,433767,-12.2
legacy_fut,088691,"Gold, COMEX (GLD proxy)",commercial,2015-03-31,144197,225312,-81115,-28190,387585,-20.9
legacy_fut,088691,"Gold, COMEX (GLD proxy)",commercial,2015-04-07,133199,241488,-108289,-27174,390571,-27.7
legacy_fut,088691,"Gold, COMEX (GLD proxy)",commercial,2015-04-14,130960,234553,-103593,4696,395089,-26.2
legacy_fut,088691,"Gold, COMEX (GLD proxy)",commercial,2015-04-21,126107,231113,-105006,-1413,397379,-26.4
legacy_fut,088691,"Gold, COMEX (GLD proxy)",commercial,2015-04-28,125733,232605,-106872,-1866,403575,-26.5
legacy_fut,088691,"Gold, COMEX (GLD proxy)",commercial,2015-05-05,138096,212258,-74162,32710,399988,-18.5
legacy_fut,088691,"Gold, COMEX (GLD proxy)",commercial,2015-05-12,144829,222331,-77502,-3340,405612,-19.1
legacy_fut,088691,"Gold, COMEX (GLD proxy)",commercial,2015-05-19,140751,273085,-132334,-54832,428597,-30.9
legacy_fut,088691,"Gold, COMEX (GLD proxy)",commercial,2015-05-26,144540,254260,-109720,22614,411961,-26.6
legacy_fut,088691,"Gold, COMEX (GLD proxy)",commercial,2015-06-02,138423,246573,-108150,1570,398724,-27.1
legacy_fut,088691,"Gold, COMEX (GLD proxy)",commercial,2015-06-09,150277,228866,-78589,29561,406069,-19.4
legacy_fut,088691,"Gold, COMEX (GLD proxy)",commercial,2015-06-16,153712,230349,-76637,1952,415718,-18.4
legacy_fut,088691,"Gold, COMEX (GLD proxy)",commercial,2015-06-23,150444,251332,-100888,-24251,430978,-23.4
legacy_fut,088691,"Gold, COMEX (GLD proxy)",commercial,2015-06-30,163797,238566,-74769,26119,442301,-16.9
legacy_fut,088691,"Gold, COMEX (GLD proxy)",commercial,2015-07-07,172552,225141,-52589,22180,452145,-11.6
legacy_fut,088691,"Gold, COMEX (GLD proxy)",commercial,2015-07-14,183945,232414,-48469,4120,462664,-10.5
legacy_fut,088691,"Gold, COMEX (GLD proxy)",commercial,2015-07-21,189676,211260,-21584,26885,459760,-4.7
legacy_fut,088691,"Gold, COMEX (GLD proxy)",commercial,2015-07-28,176720,191986,-15266,6318,438282,-3.5
legacy_fut,088691,"Gold, COMEX (GLD proxy)",commercial,2015-08-04,170826,185646,-14820,446,434273,-3.4
legacy_fut,088691,"Gold, COMEX (GLD proxy)",commercial,2015-08-11,166020,190478,-24458,-9638,435489,-5.6
legacy_fut,088691,"Gold, COMEX (GLD proxy)",commercial,2015-08-18,166062,196010,-29948,-5490,432728,-6.9
legacy_fut,088691,"Gold, COMEX (GLD proxy)",commercial,2015-08-25,156659,219295,-62636,-32688,432154,-14.5
legacy_fut,088691,"Gold, COMEX (GLD proxy)",commercial,2015-09-01,146865,215953,-69088,-6452,410274,-16.8
legacy_fut,088691,"Gold, COMEX (GLD proxy)",commercial,2015-09-08,155620,211599,-55979,13109,421732,-13.3
legacy_fut,088691,"Gold, COMEX (GLD proxy)",commercial,2015-09-15,154988,187967,-32979,23000,413333,-8.0
legacy_fut,088691,"Gold, COMEX (GLD proxy)",commercial,2015-09-22,149092,206320,-57228,-24249,419304,-13.6
legacy_fut,088691,"Gold, COMEX (GLD proxy)",commercial,2015-09-29,149535,222678,-73143,-15915,415700,-17.6
legacy_fut,088691,"Gold, COMEX (GLD proxy)",commercial,2015-10-06,148424,236893,-88469,-15326,430228,-20.6
legacy_fut,088691,"Gold, COMEX (GLD proxy)",commercial,2015-10-13,144242,262736,-118494,-30025,435928,-27.2
legacy_fut,088691,"Gold, COMEX (GLD proxy)",commercial,2015-10-20,134966,298266,-163300,-44806,467792,-34.9
legacy_fut,088691,"Gold, COMEX (GLD proxy)",commercial,2015-10-27,138770,304618,-165848,-2548,466780,-35.5
legacy_fut,088691,"Gold, COMEX (GLD proxy)",commercial,2015-11-03,146369,271357,-124988,40860,443900,-28.2
legacy_fut,088691,"Gold, COMEX (GLD proxy)",commercial,2015-11-10,155946,227840,-71894,53094,436426,-16.5
legacy_fut,088691,"Gold, COMEX (GLD proxy)",commercial,2015-11-17,170494,198967,-28473,43421,435376,-6.5
legacy_fut,088691,"Gold, COMEX (GLD proxy)",commercial,2015-11-24,155709,167692,-11983,16490,397705,-3.0
legacy_fut,088691,"Gold, COMEX (GLD proxy)",commercial,2015-12-01,155554,158465,-2911,9072,390940,-0.7
legacy_fut,088691,"Gold, COMEX (GLD proxy)",commercial,2015-12-08,149617,163614,-13997,-11086,394128,-3.6
legacy_fut,088691,"Gold, COMEX (GLD proxy)",commercial,2015-12-15,151012,159278,-8266,5731,390944,-2.1
legacy_fut,088691,"Gold, COMEX (GLD proxy)",commercial,2015-12-22,151272,173523,-22251,-13985,405294,-5.5
legacy_fut,088691,"Gold, COMEX (GLD proxy)",commercial,2015-12-29,147179,162514,-15335,6916,401880,-3.8
legacy_fut,088691,"Gold, COMEX (GLD proxy)",commercial,2016-01-05,147674,166949,-19275,-3940,413688,-4.7
legacy_fut,088691,"Gold, COMEX (GLD proxy)",commercial,2016-01-12,142221,185806,-43585,-24310,397565,-11.0
legacy_fut,088691,"Gold, COMEX (GLD proxy)",commercial,2016-01-19,140723,180866,-40143,3442,408835,-9.8
legacy_fut,088691,"Gold, COMEX (GLD proxy)",commercial,2016-01-26,115343,175176,-59833,-19690,385350,-15.5
legacy_fut,088691,"Gold, COMEX (GLD proxy)",commercial,2016-02-02,116469,193824,-77355,-17522,379185,-20.4
legacy_fut,088691,"Gold, COMEX (GLD proxy)",commercial,2016-02-09,121357,226280,-104923,-27568,410833,-25.5
legacy_fut,088691,"Gold, COMEX (GLD proxy)",commercial,2016-02-16,127800,259784,-131984,-27061,428912,-30.8
legacy_fut,088691,"Gold, COMEX (GLD proxy)",commercial,2016-02-23,120854,284003,-163149,-31165,445290,-36.6
legacy_fut,088691,"Gold, COMEX (GLD proxy)",commercial,2016-03-01,115571,287002,-171431,-8282,450555,-38.0
legacy_fut,088691,"Gold, COMEX (GLD proxy)",commercial,2016-03-08,116493,311865,-195372,-23941,499110,-39.1
legacy_fut,088691,"Gold, COMEX (GLD proxy)",commercial,2016-03-15,118610,304141,-185531,9841,493086,-37.6
legacy_fut,088691,"Gold, COMEX (GLD proxy)",commercial,2016-03-22,127081,327075,-199994,-14463,510579,-39.2
legacy_fut,088691,"Gold, COMEX (GLD proxy)",commercial,2016-03-29,123227,331191,-207964,-7970,480461,-43.3
legacy_fut,088691,"Gold, COMEX (GLD proxy)",commercial,2016-04-05,118103,325348,-207245,719,474094,-43.7
legacy_fut,088691,"Gold, COMEX (GLD proxy)",commercial,2016-04-12,122181,353968,-231787,-24542,504523,-45.9
legacy_fut,088691,"Gold, COMEX (GLD proxy)",commercial,2016-04-19,117743,357864,-240121,-8334,503331,-47.7
legacy_fut,088691,"Gold, COMEX (GLD proxy)",commercial,2016-04-26,116445,356553,-240108,13,497884,-48.2
legacy_fut,088691,"Gold, COMEX (GLD proxy)",commercial,2016-05-03,116644,411545,-294901,-54793,565774,-52.1
legacy_fut,088691,"Gold, COMEX (GLD proxy)",commercial,2016-05-10,123211,408207,-284996,9905,579777,-49.2
legacy_fut,088691,"Gold, COMEX (GLD proxy)",commercial,2016-05-17,122477,412720,-290243,-5247,595077,-48.8
legacy_fut,088691,"Gold, COMEX (GLD proxy)",commercial,2016-05-24,146205,371418,-225213,65030,542958,-41.5
legacy_fut,088691,"Gold, COMEX (GLD proxy)",commercial,2016-05-31,133624,347662,-214038,11175,494321,-43.3
legacy_fut,088691,"Gold, COMEX (GLD proxy)",commercial,2016-06-07,112940,356632,-243692,-29654,496330,-49.1
legacy_fut,088691,"Gold, COMEX (GLD proxy)",commercial,2016-06-14,113281,411358,-298077,-54385,545357,-54.7
legacy_fut,088691,"Gold, COMEX (GLD proxy)",commercial,2016-06-21,119782,431919,-312137,-14060,571517,-54.6
legacy_fut,088691,"Gold, COMEX (GLD proxy)",commercial,2016-06-28,127169,453490,-326321,-14184,613792,-53.2
legacy_fut,088691,"Gold, COMEX (GLD proxy)",commercial,2016-07-05,123735,463942,-340207,-13886,652971,-52.1
legacy_fut,088691,"Gold, COMEX (GLD proxy)",commercial,2016-07-12,123258,448710,-325452,14755,633020,-51.4
legacy_fut,088691,"Gold, COMEX (GLD proxy)",commercial,2016-07-19,119433,434910,-315477,9975,617069,-51.1
legacy_fut,088691,"Gold, COMEX (GLD proxy)",commercial,2016-07-26,117420,426443,-309023,6454,576325,-53.6
legacy_fut,088691,"Gold, COMEX (GLD proxy)",commercial,2016-08-02,113911,437938,-324027,-15004,582211,-55.7
legacy_fut,088691,"Gold, COMEX (GLD proxy)",commercial,2016-08-09,116251,429192,-312941,11086,575399,-54.4
legacy_fut,088691,"Gold, COMEX (GLD proxy)",commercial,2016-08-16,116128,427121,-310993,1948,572496,-54.3
legacy_fut,088691,"Gold, COMEX (GLD proxy)",commercial,2016-08-23,108571,426046,-317475,-6482,572973,-55.4
legacy_fut,088691,"Gold, COMEX (GLD proxy)",commercial,2016-08-30,109854,411067,-301213,16262,558398,-53.9
legacy_fut,088691,"Gold, COMEX (GLD proxy)",commercial,2016-09-06,110470,440443,-329973,-28760,590656,-55.9
legacy_fut,088691,"Gold, COMEX (GLD proxy)",commercial,2016-09-13,116841,428212,-311371,18602,575002,-54.2
legacy_fut,088691,"Gold, COMEX (GLD proxy)",commercial,2016-09-20,120314,410929,-290615,20756,558791,-52.0
legacy_fut,088691,"Gold, COMEX (GLD proxy)",commercial,2016-09-27,123156,437750,-314594,-23979,583161,-53.9
legacy_fut,088691,"Gold, COMEX (GLD proxy)",commercial,2016-10-04,111864,383106,-271242,43352,544824,-49.8
legacy_fut,088691,"Gold, COMEX (GLD proxy)",commercial,2016-10-11,112362,333561,-221199,50043,500328,-44.2
legacy_fut,088691,"Gold, COMEX (GLD proxy)",commercial,2016-10-18,115441,318112,-202671,18528,497061,-40.8
legacy_fut,088691,"Gold, COMEX (GLD proxy)",commercial,2016-10-25,114700,332299,-217599,-14928,507617,-42.9
legacy_fut,088691,"Gold, COMEX (GLD proxy)",commercial,2016-11-01,115398,354649,-239251,-21652,521506,-45.9
legacy_fut,088691,"Gold, COMEX (GLD proxy)",commercial,2016-11-08,114915,360501,-245586,-6335,528203,-46.5
legacy_fut,088691,"Gold, COMEX (GLD proxy)",commercial,2016-11-15,115191,315157,-199966,45620,479237,-41.7
legacy_fut,088691,"Gold, COMEX (GLD proxy)",commercial,2016-11-22,97975,290147,-192172,7794,461062,-41.7
legacy_fut,088691,"Gold, COMEX (GLD proxy)",commercial,2016-11-29,92628,260451,-167823,24349,405661,-41.4
legacy_fut,088691,"Gold, COMEX (GLD proxy)",commercial,2016-12-06,86237,241181,-154944,12879,393524,-39.4
legacy_fut,088691,"Gold, COMEX (GLD proxy)",commercial,2016-12-13,86143,236029,-149886,5058,397034,-37.8
legacy_fut,088691,"Gold, COMEX (GLD proxy)",commercial,2016-12-20,87960,221982,-134022,15864,398661,-33.6
legacy_fut,088691,"Gold, COMEX (GLD proxy)",commercial,2016-12-27,89975,210942,-120967,13055,401513,-30.1
legacy_fut,088691,"Gold, COMEX (GLD proxy)",commercial,2017-01-03,97410,215022,-117612,3355,424673,-27.7
legacy_fut,088691,"Gold, COMEX (GLD proxy)",commercial,2017-01-10,96763,222579,-125816,-8204,444001,-28.3
legacy_fut,088691,"Gold, COMEX (GLD proxy)",commercial,2017-01-17,101399,224510,-123111,2705,467937,-26.3
legacy_fut,088691,"Gold, COMEX (GLD proxy)",commercial,2017-01-24,109000,235374,-126374,-3263,482374,-26.2
legacy_fut,088691,"Gold, COMEX (GLD proxy)",commercial,2017-01-31,101784,233587,-131803,-5429,398433,-33.1
legacy_fut,088691,"Gold, COMEX (GLD proxy)",commercial,2017-02-07,106024,240170,-134146,-2343,415543,-32.3
legacy_fut,088691,"Gold, COMEX (GLD proxy)",commercial,2017-02-14,105674,233462,-127788,6358,415128,-30.8
legacy_fut,088691,"Gold, COMEX (GLD proxy)",commercial,2017-02-21,103861,243425,-139564,-11776,427168,-32.7
legacy_fut,088691,"Gold, COMEX (GLD proxy)",commercial,2017-02-28,100180,280087,-179907,-40343,446081,-40.3
legacy_fut,088691,"Gold, COMEX (GLD proxy)",commercial,2017-03-07,99484,252132,-152648,27259,434401,-35.1
legacy_fut,088691,"Gold, COMEX (GLD proxy)",commercial,2017-03-14,102535,225822,-123287,29361,426170,-28.9
legacy_fut,088691,"Gold, COMEX (GLD proxy)",commercial,2017-03-21,101282,230279,-128997,-5710,446880,-28.9
legacy_fut,088691,"Gold, COMEX (GLD proxy)",commercial,2017-03-28,104760,256874,-152114,-23117,449418,-33.8
legacy_fut,088691,"Gold, COMEX (GLD proxy)",commercial,2017-04-04,96115,267131,-171016,-18902,427808,-40.0
legacy_fut,088691,"Gold, COMEX (GLD proxy)",commercial,2017-04-11,98119,285483,-187364,-16348,456131,-41.1
legacy_fut,088691,"Gold, COMEX (GLD proxy)",commercial,2017-04-18,97769,308833,-211064,-23700,472263,-44.7
legacy_fut,088691,"Gold, COMEX (GLD proxy)",commercial,2017-04-25,100335,314915,-214580,-3516,475985,-45.1
legacy_fut,088691,"Gold, COMEX (GLD proxy)",commercial,2017-05-02,99054,303040,-203986,10594,461905,-44.2
legacy_fut,088691,"Gold, COMEX (GLD proxy)",commercial,2017-05-09,104960,269382,-164422,39564,433033,-38.0
legacy_fut,088691,"Gold, COMEX (GLD proxy)",commercial,2017-05-16,113719,256578,-142859,21563,435021,-32.8
legacy_fut,088691,"Gold, COMEX (GLD proxy)",commercial,2017-05-23,112114,286405,-174291,-31432,462572,-37.7
legacy_fut,088691,"Gold, COMEX (GLD proxy)",commercial,2017-05-30,103751,286970,-183219,-8928,434246,-42.2
legacy_fut,088691,"Gold, COMEX (GLD proxy)",commercial,2017-06-06,108298,324652,-216354,-33135,494041,-43.8
legacy_fut,088691,"Gold, COMEX (GLD proxy)",commercial,2017-06-13,105193,308804,-203611,12743,471134,-43.2
legacy_fut,088691,"Gold, COMEX (GLD proxy)",commercial,2017-06-20,110287,275303,-165016,38595,445841,-37.0
legacy_fut,088691,"Gold, COMEX (GLD proxy)",commercial,2017-06-27,117497,267360,-149863,15153,453144,-33.1
legacy_fut,088691,"Gold, COMEX (GLD proxy)",commercial,2017-07-03,131190,238416,-107226,,457201,-23.5
legacy_fut,088691,"Gold, COMEX (GLD proxy)",commercial,2017-07-11,147818,221734,-73916,,475669,-15.5
legacy_fut,088691,"Gold, COMEX (GLD proxy)",commercial,2017-07-18,153064,226699,-73635,281,484204,-15.2
legacy_fut,088691,"Gold, COMEX (GLD proxy)",commercial,2017-07-25,148926,252269,-103343,-29708,463827,-22.3
legacy_fut,088691,"Gold, COMEX (GLD proxy)",commercial,2017-08-01,126891,270276,-143385,-40042,448709,-32.0
legacy_fut,088691,"Gold, COMEX (GLD proxy)",commercial,2017-08-08,125168,284679,-159511,-16126,448727,-35.5
legacy_fut,088691,"Gold, COMEX (GLD proxy)",commercial,2017-08-15,122138,318769,-196631,-37120,477921,-41.1
legacy_fut,088691,"Gold, COMEX (GLD proxy)",commercial,2017-08-22,125036,344954,-219918,-23287,500443,-43.9
legacy_fut,088691,"Gold, COMEX (GLD proxy)",commercial,2017-08-29,119030,367059,-248029,-28111,538875,-46.0
legacy_fut,088691,"Gold, COMEX (GLD proxy)",commercial,2017-09-05,125145,386952,-261807,-13778,566817,-46.2
legacy_fut,088691,"Gold, COMEX (GLD proxy)",commercial,2017-09-12,123298,395396,-272098,-10291,580606,-46.9
legacy_fut,088691,"Gold, COMEX (GLD proxy)",commercial,2017-09-19,129222,382263,-253041,19057,570096,-44.4
legacy_fut,088691,"Gold, COMEX (GLD proxy)",commercial,2017-09-26,134501,367972,-233471,19570,549637,-42.5
legacy_fut,088691,"Gold, COMEX (GLD proxy)",commercial,2017-10-03,126749,351172,-224423,9048,525127,-42.7
legacy_fut,088691,"Gold, COMEX (GLD proxy)",commercial,2017-10-10,124178,347175,-222997,1426,520005,-42.9
legacy_fut,088691,"Gold, COMEX (GLD proxy)",commercial,2017-10-17,126678,348302,-221624,1373,528800,-41.9
legacy_fut,088691,"Gold, COMEX (GLD proxy)",commercial,2017-10-24,125468,336121,-210653,10971,526674,-40.0
legacy_fut,088691,"Gold, COMEX (GLD proxy)",commercial,2017-10-31,128371,339019,-210648,5,531918,-39.6
legacy_fut,088691,"Gold, COMEX (GLD proxy)",commercial,2017-11-07,123149,338436,-215287,-4639,536843,-40.1
legacy_fut,088691,"Gold, COMEX (GLD proxy)",commercial,2017-11-14,122703,338494,-215791,-504,533054,-40.5
legacy_fut,088691,"Gold, COMEX (GLD proxy)",commercial,2017-11-21,124856,349912,-225056,-9265,531612,-42.3
legacy_fut,088691,"Gold, COMEX (GLD proxy)",commercial,2017-11-28,116831,363372,-246541,-21485,503810,-48.9
legacy_fut,088691,"Gold, COMEX (GLD proxy)",commercial,2017-12-05,132509,322399,-189890,56651,472795,-40.2
legacy_fut,088691,"Gold, COMEX (GLD proxy)",commercial,2017-12-12,155730,275193,-119463,70427,446618,-26.7
legacy_fut,088691,"Gold, COMEX (GLD proxy)",commercial,2017-12-19,156226,284443,-128217,-8754,453595,-28.3
legacy_fut,088691,"Gold, COMEX (GLD proxy)",commercial,2017-12-26,155469,304938,-149469,-21252,456470,-32.7
legacy_fut,088691,"Gold, COMEX (GLD proxy)",commercial,2018-01-02,155104,332704,-177600,-28131,500731,-35.5
legacy_fut,088691,"Gold, COMEX (GLD proxy)",commercial,2018-01-09,150099,370370,-220271,-42671,555455,-39.7
legacy_fut,088691,"Gold, COMEX (GLD proxy)",commercial,2018-01-16,158202,390709,-232507,-12236,582333,-39.9
legacy_fut,088691,"Gold, COMEX (GLD proxy)",commercial,2018-01-23,161458,396010,-234552,-2045,582421,-40.3
legacy_fut,088691,"Gold, COMEX (GLD proxy)",commercial,2018-01-30,154690,379766,-225076,9476,559332,-40.2
legacy_fut,088691,"Gold, COMEX (GLD proxy)",commercial,2018-02-06,158650,364101,-205451,19625,535321,-38.4
legacy_fut,088691,"Gold, COMEX (GLD proxy)",commercial,2018-02-13,150847,345383,-194536,10915,511745,-38.0
legacy_fut,088691,"Gold, COMEX (GLD proxy)",commercial,2018-02-20,154913,369791,-214878,-20342,528154,-40.7
legacy_fut,088691,"Gold, COMEX (GLD proxy)",commercial,2018-02-27,161527,361323,-199796,15082,532860,-37.5
legacy_fut,088691,"Gold, COMEX (GLD proxy)",commercial,2018-03-06,153421,358324,-204903,-5107,508100,-40.3
legacy_fut,088691,"Gold, COMEX (GLD proxy)",commercial,2018-03-13,161604,350414,-188810,16093,526762,-35.8
legacy_fut,088691,"Gold, COMEX (GLD proxy)",commercial,2018-03-20,173307,340577,-167270,21540,545499,-30.7
legacy_fut,088691,"Gold, COMEX (GLD proxy)",commercial,2018-03-27,157443,383803,-226360,-59090,529690,-42.7
legacy_fut,088691,"Gold, COMEX (GLD proxy)",commercial,2018-04-03,162608,351473,-188865,37495,493141,-38.3
legacy_fut,088691,"Gold, COMEX (GLD proxy)",commercial,2018-04-10,166796,342448,-175652,13213,499588,-35.2
legacy_fut,088691,"Gold, COMEX (GLD proxy)",commercial,2018-04-17,173535,358797,-185262,-9610,510229,-36.3
legacy_fut,088691,"Gold, COMEX (GLD proxy)",commercial,2018-04-24,175715,337515,-161800,23462,506410,-32.0
legacy_fut,088691,"Gold, COMEX (GLD proxy)",commercial,2018-05-01,179735,311607,-131872,29928,507756,-26.0
legacy_fut,088691,"Gold, COMEX (GLD proxy)",commercial,2018-05-08,181586,316570,-134984,-3112,491398,-27.5
legacy_fut,088691,"Gold, COMEX (GLD proxy)",commercial,2018-05-15,195925,314014,-118089,16895,519958,-22.7
legacy_fut,088691,"Gold, COMEX (GLD proxy)",commercial,2018-05-22,203101,318676,-115575,2514,502942,-23.0
legacy_fut,088691,"Gold, COMEX (GLD proxy)",commercial,2018-05-29,171361,308050,-136689,-21114,469382,-29.1
legacy_fut,088691,"Gold, COMEX (GLD proxy)",commercial,2018-06-05,164024,298371,-134347,2342,450641,-29.8
legacy_fut,088691,"Gold, COMEX (GLD proxy)",commercial,2018-06-12,159416,300003,-140587,-6240,448695,-31.3
legacy_fut,088691,"Gold, COMEX (GLD proxy)",commercial,2018-06-19,161475,275599,-114124,26463,468345,-24.4
legacy_fut,088691,"Gold, COMEX (GLD proxy)",commercial,2018-06-26,171601,266564,-94963,19161,468573,-20.3
legacy_fut,088691,"Gold, COMEX (GLD proxy)",commercial,2018-07-03,172917,266067,-93150,1813,494164,-18.9
legacy_fut,088691,"Gold, COMEX (GLD proxy)",commercial,2018-07-10,165561,265955,-100394,-7244,503593,-19.9
legacy_fut,088691,"Gold, COMEX (GLD proxy)",commercial,2018-07-17,181266,254901,-73635,26759,528278,-13.9
legacy_fut,088691,"Gold, COMEX (GLD proxy)",commercial,2018-07-24,162640,228308,-65668,7967,496620,-13.2
legacy_fut,088691,"Gold, COMEX (GLD proxy)",commercial,2018-07-31,145254,193172,-47918,17750,452655,-10.6
legacy_fut,088691,"Gold, COMEX (GLD proxy)",commercial,2018-08-07,154203,179812,-25609,22309,459474,-5.6
legacy_fut,088691,"Gold, COMEX (GLD proxy)",commercial,2018-08-14,164195,171545,-7350,18259,476739,-1.5
legacy_fut,088691,"Gold, COMEX (GLD proxy)",commercial,2018-08-21,166529,168214,-1685,5665,483730,-0.3
legacy_fut,088691,"Gold, COMEX (GLD proxy)",commercial,2018-08-28,165581,173843,-8262,-6577,479283,-1.7
legacy_fut,088691,"Gold, COMEX (GLD proxy)",commercial,2018-09-04,168732,162207,6525,14787,473118,1.4
legacy_fut,088691,"Gold, COMEX (GLD proxy)",commercial,2018-09-11,169192,169179,13,-6512,469450,0.0
legacy_fut,088691,"Gold, COMEX (GLD proxy)",commercial,2018-09-18,171293,169602,1691,1678,469436,0.4
legacy_fut,088691,"Gold, COMEX (GLD proxy)",commercial,2018-09-25,167904,160824,7080,5389,460279,1.5
legacy_fut,088691,"Gold, COMEX (GLD proxy)",commercial,2018-10-02,169371,160496,8875,1795,459776,1.9
legacy_fut,088691,"Gold, COMEX (GLD proxy)",commercial,2018-10-09,174309,148443,25866,16991,465253,5.6
legacy_fut,088691,"Gold, COMEX (GLD proxy)",commercial,2018-10-16,166143,198139,-31996,-57862,474418,-6.7
legacy_fut,088691,"Gold, COMEX (GLD proxy)",commercial,2018-10-23,163414,209934,-46520,-14524,477832,-9.7
legacy_fut,088691,"Gold, COMEX (GLD proxy)",commercial,2018-10-30,165857,197062,-31205,15315,474941,-6.6
legacy_fut,088691,"Gold, COMEX (GLD proxy)",commercial,2018-11-06,173897,212033,-38136,-6931,494911,-7.7
legacy_fut,088691,"Gold, COMEX (GLD proxy)",commercial,2018-11-13,201354,203177,-1823,36313,539520,-0.3
legacy_fut,088691,"Gold, COMEX (GLD proxy)",commercial,2018-11-20,201259,224399,-23140,-21317,525940,-4.4
legacy_fut,088691,"Gold, COMEX (GLD proxy)",commercial,2018-11-27,172358,188458,-16100,7040,442801,-3.6
legacy_fut,088691,"Gold, COMEX (GLD proxy)",commercial,2018-12-04,135067,193316,-58249,-42149,399919,-14.6
legacy_fut,088691,"Gold, COMEX (GLD proxy)",commercial,2018-12-11,134285,211653,-77368,-19119,402250,-19.2
legacy_fut,088691,"Gold, COMEX (GLD proxy)",commercial,2018-12-18,132148,224823,-92675,-15307,412485,-22.5
legacy_fut,088691,"Gold, COMEX (GLD proxy)",commercial,2018-12-24,130090,258309,-128219,,442727,-29.0
legacy_fut,088691,"Gold, COMEX (GLD proxy)",commercial,2018-12-31,130285,274899,-144614,-16395,451360,-32.0
legacy_fut,088691,"Gold, COMEX (GLD proxy)",commercial,2019-01-08,137605,258792,-121187,,455232,-26.6
legacy_fut,088691,"Gold, COMEX (GLD proxy)",commercial,2019-01-15,179059,287172,-108113,13074,501605,-21.6
legacy_fut,088691,"Gold, COMEX (GLD proxy)",commercial,2019-01-22,197278,289355,-92077,16036,513509,-17.9
legacy_fut,088691,"Gold, COMEX (GLD proxy)",commercial,2019-01-29,163922,282531,-118609,-26532,483390,-24.5
legacy_fut,088691,"Gold, COMEX (GLD proxy)",commercial,2019-02-05,157588,288830,-131242,-12633,479736,-27.4
legacy_fut,088691,"Gold, COMEX (GLD proxy)",commercial,2019-02-12,159676,285787,-126111,5131,476083,-26.5
legacy_fut,088691,"Gold, COMEX (GLD proxy)",commercial,2019-02-19,146161,312638,-166477,-40366,504639,-33.0
legacy_fut,088691,"Gold, COMEX (GLD proxy)",commercial,2019-02-26,146042,305887,-159845,6632,501268,-31.9
legacy_fut,088691,"Gold, COMEX (GLD proxy)",commercial,2019-03-05,155732,269729,-113997,45848,471311,-24.2
legacy_fut,088691,"Gold, COMEX (GLD proxy)",commercial,2019-03-12,192029,300503,-108474,5523,530030,-20.5
legacy_fut,088691,"Gold, COMEX (GLD proxy)",commercial,2019-03-19,186704,302363,-115659,-7185,514163,-22.5
legacy_fut,088691,"Gold, COMEX (GLD proxy)",commercial,2019-03-26,161201,312635,-151434,-35775,509575,-29.7
legacy_fut,088691,"Gold, COMEX (GLD proxy)",commercial,2019-04-02,139514,257744,-118230,33204,440170,-26.9
legacy_fut,088691,"Gold, COMEX (GLD proxy)",commercial,2019-04-09,132478,265287,-132809,-14579,447539,-29.7
legacy_fut,088691,"Gold, COMEX (GLD proxy)",commercial,2019-04-16,145702,224132,-78430,54379,440581,-17.8
legacy_fut,088691,"Gold, COMEX (GLD proxy)",commercial,2019-04-23,154403,211799,-57396,21034,440048,-13.0
legacy_fut,088691,"Gold, COMEX (GLD proxy)",commercial,2019-04-30,147288,235600,-88312,-30916,430011,-20.5
legacy_fut,088691,"Gold, COMEX (GLD proxy)",commercial,2019-05-07,142078,238437,-96359,-8047,450039,-21.4
legacy_fut,088691,"Gold, COMEX (GLD proxy)",commercial,2019-05-14,159444,296627,-137183,-40824,517995,-26.5
legacy_fut,088691,"Gold, COMEX (GLD proxy)",commercial,2019-05-21,167827,275765,-107938,29245,508643,-21.2
legacy_fut,088691,"Gold, COMEX (GLD proxy)",commercial,2019-05-28,191290,301244,-109954,-2016,505126,-21.8
legacy_fut,088691,"Gold, COMEX (GLD proxy)",commercial,2019-06-04,132517,305093,-172576,-62622,481495,-35.8
legacy_fut,088691,"Gold, COMEX (GLD proxy)",commercial,2019-06-11,137719,339746,-202027,-29451,496663,-40.7
legacy_fut,088691,"Gold, COMEX (GLD proxy)",commercial,2019-06-18,141993,365848,-223855,-21828,525636,-42.6
legacy_fut,088691,"Gold, COMEX (GLD proxy)",commercial,2019-06-25,160228,420378,-260150,-36295,577605,-45.0
legacy_fut,088691,"Gold, COMEX (GLD proxy)",commercial,2019-07-02,160282,447104,-286822,-26672,605949,-47.3
legacy_fut,088691,"Gold, COMEX (GLD proxy)",commercial,2019-07-09,163955,442371,-278416,8406,598977,-46.5
legacy_fut,088691,"Gold, COMEX (GLD proxy)",commercial,2019-07-16,175785,453193,-277408,1008,601900,-46.1
legacy_fut,088691,"Gold, COMEX (GLD proxy)",commercial,2019-07-23,175785,463624,-287839,-10431,616859,-46.7
legacy_fut,088691,"Gold, COMEX (GLD proxy)",commercial,2019-07-30,141164,429131,-287967,-128,563298,-51.1
legacy_fut,088691,"Gold, COMEX (GLD proxy)",commercial,2019-08-06,137010,461335,-324325,-36358,600317,-54.0
legacy_fut,088691,"Gold, COMEX (GLD proxy)",commercial,2019-08-13,136823,460550,-323727,598,593962,-54.5
legacy_fut,088691,"Gold, COMEX (GLD proxy)",commercial,2019-08-20,133408,469658,-336250,-12523,594807,-56.5
legacy_fut,088691,"Gold, COMEX (GLD proxy)",commercial,2019-08-27,148866,482672,-333806,2444,636183,-52.5
legacy_fut,088691,"Gold, COMEX (GLD proxy)",commercial,2019-09-03,147717,485458,-337741,-3935,634358,-53.2
legacy_fut,088691,"Gold, COMEX (GLD proxy)",commercial,2019-09-10,156061,461672,-305611,32130,614753,-49.7
legacy_fut,088691,"Gold, COMEX (GLD proxy)",commercial,2019-09-17,163008,481407,-318399,-12788,630990,-50.5
legacy_fut,088691,"Gold, COMEX (GLD proxy)",commercial,2019-09-24,163585,508730,-345145,-26746,658944,-52.4
legacy_fut,088691,"Gold, COMEX (GLD proxy)",commercial,2019-10-01,163050,466738,-303688,41457,604885,-50.2
legacy_fut,088691,"Gold, COMEX (GLD proxy)",commercial,2019-10-08,167755,478697,-310942,-7254,616957,-50.4
legacy_fut,088691,"Gold, COMEX (GLD proxy)",commercial,2019-10-15,167700,455975,-288275,22667,607387,-47.5
legacy_fut,088691,"Gold, COMEX (GLD proxy)",commercial,2019-10-22,171329,466686,-295357,-7082,625528,-47.2
legacy_fut,088691,"Gold, COMEX (GLD proxy)",commercial,2019-10-29,176997,478213,-301216,-5859,643442,-46.8
legacy_fut,088691,"Gold, COMEX (GLD proxy)",commercial,2019-11-05,181688,498826,-317138,-15922,690181,-45.9
legacy_fut,088691,"Gold, COMEX (GLD proxy)",commercial,2019-11-12,210067,511535,-301468,15670,708463,-42.6
legacy_fut,088691,"Gold, COMEX (GLD proxy)",commercial,2019-11-19,206626,525721,-319095,-17627,719211,-44.4
legacy_fut,088691,"Gold, COMEX (GLD proxy)",commercial,2019-11-26,191548,497015,-305467,13628,669268,-45.6
legacy_fut,088691,"Gold, COMEX (GLD proxy)",commercial,2019-12-03,203920,526707,-322787,-17320,701016,-46.0
legacy_fut,088691,"Gold, COMEX (GLD proxy)",commercial,2019-12-10,203374,505657,-302283,20504,690003,-43.8
legacy_fut,088691,"Gold, COMEX (GLD proxy)",commercial,2019-12-17,202432,521051,-318619,-16336,716987,-44.4
legacy_fut,088691,"Gold, COMEX (GLD proxy)",commercial,2019-12-24,203204,543600,-340396,-21777,748737,-45.5
legacy_fut,088691,"Gold, COMEX (GLD proxy)",commercial,2019-12-31,202925,569416,-366491,-26095,786166,-46.6
legacy_fut,088691,"Gold, COMEX (GLD proxy)",commercial,2020-01-07,202452,558533,-356081,10410,785857,-45.3
legacy_fut,088691,"Gold, COMEX (GLD proxy)",commercial,2020-01-14,221358,571177,-349819,6262,796883,-43.9
legacy_fut,088691,"Gold, COMEX (GLD proxy)",commercial,2020-01-21,212445,564348,-351903,-2084,793829,-44.3
legacy_fut,088691,"Gold, COMEX (GLD proxy)",commercial,2020-01-28,192300,553114,-360814,-8911,715539,-50.4
legacy_fut,088691,"Gold, COMEX (GLD proxy)",commercial,2020-02-04,176786,508473,-331687,29127,654572,-50.7
legacy_fut,088691,"Gold, COMEX (GLD proxy)",commercial,2020-02-11,181629,519420,-337791,-6104,658024,-51.3
legacy_fut,088691,"Gold, COMEX (GLD proxy)",commercial,2020-02-18,175519,561131,-385612,-47821,715317,-53.9
legacy_fut,088691,"Gold, COMEX (GLD proxy)",commercial,2020-02-25,176619,552240,-375621,9991,732917,-51.3
legacy_fut,088691,"Gold, COMEX (GLD proxy)",commercial,2020-03-03,178134,529145,-351011,24610,691985,-50.7
legacy_fut,088691,"Gold, COMEX (GLD proxy)",commercial,2020-03-10,182948,511252,-328304,22707,633470,-51.8
legacy_fut,088691,"Gold, COMEX (GLD proxy)",commercial,2020-03-17,154761,456470,-301709,26595,573925,-52.6
legacy_fut,088691,"Gold, COMEX (GLD proxy)",commercial,2020-03-24,135711,447534,-311823,-10114,547334,-57.0
legacy_fut,088691,"Gold, COMEX (GLD proxy)",commercial,2020-03-31,128083,412042,-283959,27864,495652,-57.3
legacy_fut,088691,"Gold, COMEX (GLD proxy)",commercial,2020-04-07,118885,394496,-275611,8348,480050,-57.4
legacy_fut,088691,"Gold, COMEX (GLD proxy)",commercial,2020-04-14,116839,397247,-280408,-4797,489965,-57.2
legacy_fut,088691,"Gold, COMEX (GLD proxy)",commercial,2020-04-21,116808,396881,-280073,335,493158,-56.8
legacy_fut,088691,"Gold, COMEX (GLD proxy)",commercial,2020-04-28,114902,408531,-293629,-13556,500816,-58.6
legacy_fut,088691,"Gold, COMEX (GLD proxy)",commercial,2020-05-05,120045,401681,-281636,11993,490343,-57.4
legacy_fut,088691,"Gold, COMEX (GLD proxy)",commercial,2020-05-12,126023,404556,-278533,3103,496739,-56.1
legacy_fut,088691,"Gold, COMEX (GLD proxy)",commercial,2020-05-19,133715,423889,-290174,-11641,528205,-54.9
legacy_fut,088691,"Gold, COMEX (GLD proxy)",commercial,2020-05-26,131977,406299,-274322,15852,519374,-52.8
legacy_fut,088691,"Gold, COMEX (GLD proxy)",commercial,2020-06-02,108654,365277,-256623,17699,475745,-53.9
legacy_fut,088691,"Gold, COMEX (GLD proxy)",commercial,2020-06-09,110115,353572,-243457,13166,475661,-51.2
legacy_fut,088691,"Gold, COMEX (GLD proxy)",commercial,2020-06-16,110922,368942,-258020,-14563,489563,-52.7
legacy_fut,088691,"Gold, COMEX (GLD proxy)",commercial,2020-06-23,114410,401702,-287292,-29272,532101,-54.0
legacy_fut,088691,"Gold, COMEX (GLD proxy)",commercial,2020-06-30,116697,418160,-301463,-14171,561628,-53.7
legacy_fut,088691,"Gold, COMEX (GLD proxy)",commercial,2020-07-07,118424,421016,-302592,-1129,572776,-52.8
legacy_fut,088691,"Gold, COMEX (GLD proxy)",commercial,2020-07-14,125909,427927,-302018,574,580175,-52.1
legacy_fut,088691,"Gold, COMEX (GLD proxy)",commercial,2020-07-21,129690,433549,-303859,-1841,603138,-50.4
legacy_fut,088691,"Gold, COMEX (GLD proxy)",commercial,2020-07-28,139803,418180,-278377,25482,598629,-46.5
legacy_fut,088691,"Gold, COMEX (GLD proxy)",commercial,2020-08-04,119109,395454,-276345,2032,561837,-49.2
legacy_fut,088691,"Gold, COMEX (GLD proxy)",commercial,2020-08-11,123125,391456,-268331,8014,553345,-48.5
legacy_fut,088691,"Gold, COMEX (GLD proxy)",commercial,2020-08-18,123511,391282,-267771,560,544010,-49.2
legacy_fut,088691,"Gold, COMEX (GLD proxy)",commercial,2020-08-25,128266,394711,-266445,1326,549282,-48.5
legacy_fut,088691,"Gold, COMEX (GLD proxy)",commercial,2020-09-01,121254,398660,-277406,-10961,547704,-50.6
legacy_fut,088691,"Gold, COMEX (GLD proxy)",commercial,2020-09-08,122050,403090,-281040,-3634,557457,-50.4
legacy_fut,088691,"Gold, COMEX (GLD proxy)",commercial,2020-09-15,126290,411476,-285186,-4146,578925,-49.3
legacy_fut,088691,"Gold, COMEX (GLD proxy)",commercial,2020-09-22,137900,404308,-266408,18778,575877,-46.3
legacy_fut,088691,"Gold, COMEX (GLD proxy)",commercial,2020-09-29,133657,419835,-286178,-19770,562396,-50.9
legacy_fut,088691,"Gold, COMEX (GLD proxy)",commercial,2020-10-06,124401,412869,-288468,-2290,555555,-51.9
legacy_fut,088691,"Gold, COMEX (GLD proxy)",commercial,2020-10-13,116429,401084,-284655,3813,553197,-51.5
legacy_fut,088691,"Gold, COMEX (GLD proxy)",commercial,2020-10-20,116918,411042,-294124,-9469,562993,-52.2
legacy_fut,088691,"Gold, COMEX (GLD proxy)",commercial,2020-10-27,114210,410672,-296462,-2338,560900,-52.9
legacy_fut,088691,"Gold, COMEX (GLD proxy)",commercial,2020-11-03,108679,398017,-289338,7124,544774,-53.1
legacy_fut,088691,"Gold, COMEX (GLD proxy)",commercial,2020-11-10,111142,394565,-283423,5915,547449,-51.8
legacy_fut,088691,"Gold, COMEX (GLD proxy)",commercial,2020-11-17,106681,401253,-294572,-11149,557533,-52.8
legacy_fut,088691,"Gold, COMEX (GLD proxy)",commercial,2020-11-24,108625,393454,-284829,9743,555253,-51.3
legacy_fut,088691,"Gold, COMEX (GLD proxy)",commercial,2020-12-01,110108,403371,-293263,-8434,538042,-54.5
legacy_fut,088691,"Gold, COMEX (GLD proxy)",commercial,2020-12-08,104016,404739,-300723,-7460,549520,-54.7
legacy_fut,088691,"Gold, COMEX (GLD proxy)",commercial,2020-12-15,101736,408078,-306342,-5619,550366,-55.7
legacy_fut,088691,"Gold, COMEX (GLD proxy)",commercial,2020-12-21,99303,414402,-315099,,560769,-56.2
legacy_fut,088691,"Gold, COMEX (GLD proxy)",commercial,2020-12-29,101283,408537,-307254,,556414,-55.2
legacy_fut,088691,"Gold, COMEX (GLD proxy)",commercial,2021-01-05,97405,418328,-320923,-13669,568888,-56.4
legacy_fut,088691,"Gold, COMEX (GLD proxy)",commercial,2021-01-12,105980,396281,-290301,30622,555538,-52.3
legacy_fut,088691,"Gold, COMEX (GLD proxy)",commercial,2021-01-19,99444,386911,-287467,2834,541330,-53.1
legacy_fut,088691,"Gold, COMEX (GLD proxy)",commercial,2021-01-26,94890,393838,-298948,-11481,534574,-55.9
legacy_fut,088691,"Gold, COMEX (GLD proxy)",commercial,2021-02-02,90132,388089,-297957,991,520011,-57.3
legacy_fut,088691,"Gold, COMEX (GLD proxy)",commercial,2021-02-09,87800,379995,-292195,5762,506741,-57.7
legacy_fut,088691,"Gold, COMEX (GLD proxy)",commercial,2021-02-16,91152,366230,-275078,17117,503016,-54.7
legacy_fut,088691,"Gold, COMEX (GLD proxy)",commercial,2021-02-23,92086,343815,-251729,23349,481125,-52.3
legacy_fut,088691,"Gold, COMEX (GLD proxy)",commercial,2021-03-02,94844,317047,-222203,29526,467008,-47.6
legacy_fut,088691,"Gold, COMEX (GLD proxy)",commercial,2021-03-09,104656,312536,-207880,14323,473871,-43.9
legacy_fut,088691,"Gold, COMEX (GLD proxy)",commercial,2021-03-16,115396,324871,-209475,-1595,476467,-44.0
legacy_fut,088691,"Gold, COMEX (GLD proxy)",commercial,2021-03-23,116781,318584,-201803,7672,485457,-41.6
legacy_fut,088691,"Gold, COMEX (GLD proxy)",commercial,2021-03-30,112072,305798,-193726,8077,467321,-41.5
legacy_fut,088691,"Gold, COMEX (GLD proxy)",commercial,2021-04-06,98196,312995,-214799,-21073,463353,-46.4
legacy_fut,088691,"Gold, COMEX (GLD proxy)",commercial,2021-04-13,100227,309015,-208788,6011,460733,-45.3
legacy_fut,088691,"Gold, COMEX (GLD proxy)",commercial,2021-04-20,100905,314098,-213193,-4405,471738,-45.2
legacy_fut,088691,"Gold, COMEX (GLD proxy)",commercial,2021-04-27,103732,310909,-207177,6016,473305,-43.8
legacy_fut,088691,"Gold, COMEX (GLD proxy)",commercial,2021-05-04,103961,305884,-201923,5254,470341,-42.9
legacy_fut,088691,"Gold, COMEX (GLD proxy)",commercial,2021-05-11,111751,338835,-227084,-25161,498693,-45.5
legacy_fut,088691,"Gold, COMEX (GLD proxy)",commercial,2021-05-18,121839,354740,-232901,-5817,520410,-44.8
legacy_fut,088691,"Gold, COMEX (GLD proxy)",commercial,2021-05-25,111024,361893,-250869,-17968,510164,-49.2
legacy_fut,088691,"Gold, COMEX (GLD proxy)",commercial,2021-06-01,102986,351161,-248175,2694,489198,-50.7
legacy_fut,088691,"Gold, COMEX (GLD proxy)",commercial,2021-06-08,103496,348302,-244806,3369,491858,-49.8
legacy_fut,088691,"Gold, COMEX (GLD proxy)",commercial,2021-06-15,106323,337549,-231226,13580,480127,-48.2
legacy_fut,088691,"Gold, COMEX (GLD proxy)",commercial,2021-06-22,105830,308212,-202382,28844,453940,-44.6
legacy_fut,088691,"Gold, COMEX (GLD proxy)",commercial,2021-06-29,107398,302518,-195120,7262,453360,-43.0
legacy_fut,088691,"Gold, COMEX (GLD proxy)",commercial,2021-07-06,107675,322401,-214726,-19606,465811,-46.1
legacy_fut,088691,"Gold, COMEX (GLD proxy)",commercial,2021-07-13,112439,333467,-221028,-6302,495798,-44.6
legacy_fut,088691,"Gold, COMEX (GLD proxy)",commercial,2021-07-20,123541,352089,-228548,-7520,490520,-46.6
legacy_fut,088691,"Gold, COMEX (GLD proxy)",commercial,2021-07-27,116498,345312,-228814,-266,500187,-45.7
legacy_fut,088691,"Gold, COMEX (GLD proxy)",commercial,2021-08-03,121349,352633,-231284,-2470,485663,-47.6
legacy_fut,088691,"Gold, COMEX (GLD proxy)",commercial,2021-08-10,124720,320361,-195641,35643,477232,-41.0
legacy_fut,088691,"Gold, COMEX (GLD proxy)",commercial,2021-08-17,123301,337301,-214000,-18359,485485,-44.1
legacy_fut,088691,"Gold, COMEX (GLD proxy)",commercial,2021-08-24,123101,357779,-234678,-20678,504735,-46.5
legacy_fut,088691,"Gold, COMEX (GLD proxy)",commercial,2021-08-31,119896,360408,-240512,-5834,507113,-47.4
legacy_fut,088691,"Gold, COMEX (GLD proxy)",commercial,2021-09-07,119906,355714,-235808,4704,506772,-46.5
legacy_fut,088691,"Gold, COMEX (GLD proxy)",commercial,2021-09-14,119152,353403,-234251,1557,506356,-46.3
legacy_fut,088691,"Gold, COMEX (GLD proxy)",commercial,2021-09-21,119307,331951,-212644,21607,492765,-43.2
legacy_fut,088691,"Gold, COMEX (GLD proxy)",commercial,2021-09-28,124073,314224,-190151,22493,490858,-38.7
legacy_fut,088691,"Gold, COMEX (GLD proxy)",commercial,2021-10-05,114229,317931,-203702,-13551,483789,-42.1
legacy_fut,088691,"Gold, COMEX (GLD proxy)",commercial,2021-10-12,110697,318311,-207614,-3912,484382,-42.9
legacy_fut,088691,"Gold, COMEX (GLD proxy)",commercial,2021-10-19,107128,326318,-219190,-11576,485974,-45.1
legacy_fut,088691,"Gold, COMEX (GLD proxy)",commercial,2021-10-26,103423,343077,-239654,-20464,509794,-47.0
legacy_fut,088691,"Gold, COMEX (GLD proxy)",commercial,2021-11-02,100692,340569,-239877,-223,507616,-47.3
legacy_fut,088691,"Gold, COMEX (GLD proxy)",commercial,2021-11-09,105197,380686,-275489,-35612,571025,-48.2
legacy_fut,088691,"Gold, COMEX (GLD proxy)",commercial,2021-11-16,125758,413297,-287539,-12050,612612,-46.9
legacy_fut,088691,"Gold, COMEX (GLD proxy)",commercial,2021-11-23,121027,388861,-267834,19705,559823,-47.8
legacy_fut,088691,"Gold, COMEX (GLD proxy)",commercial,2021-11-30,119562,378165,-258603,9231,531868,-48.6
legacy_fut,088691,"Gold, COMEX (GLD proxy)",commercial,2021-12-07,103942,349565,-245623,12980,499307,-49.2
legacy_fut,088691,"Gold, COMEX (GLD proxy)",commercial,2021-12-14,107421,338832,-231411,14212,503709,-45.9
legacy_fut,088691,"Gold, COMEX (GLD proxy)",commercial,2021-12-21,104997,341026,-236029,-4618,500846,-47.1
legacy_fut,088691,"Gold, COMEX (GLD proxy)",commercial,2021-12-28,103172,348836,-245664,-9635,508912,-48.3
legacy_fut,088691,"Gold, COMEX (GLD proxy)",commercial,2022-01-04,104258,341716,-237458,8206,502717,-47.2
legacy_fut,088691,"Gold, COMEX (GLD proxy)",commercial,2022-01-11,116292,341365,-225073,12385,546516,-41.2
legacy_fut,088691,"Gold, COMEX (GLD proxy)",commercial,2022-01-18,132764,353832,-221068,4005,539204,-41.0
legacy_fut,088691,"Gold, COMEX (GLD proxy)",commercial,2022-01-25,130208,379954,-249746,-28678,572078,-43.7
legacy_fut,088691,"Gold, COMEX (GLD proxy)",commercial,2022-02-01,127633,328975,-201342,48404,515331,-39.1
legacy_fut,088691,"Gold, COMEX (GLD proxy)",commercial,2022-02-08,126328,337762,-211434,-10092,512842,-41.2
legacy_fut,088691,"Gold, COMEX (GLD proxy)",commercial,2022-02-15,126837,365712,-238875,-27441,558645,-42.8
legacy_fut,088691,"Gold, COMEX (GLD proxy)",commercial,2022-02-22,129682,399404,-269722,-30847,611488,-44.1
legacy_fut,088691,"Gold, COMEX (GLD proxy)",commercial,2022-03-01,127231,413040,-285809,-16087,615600,-46.4
legacy_fut,088691,"Gold, COMEX (GLD proxy)",commercial,2022-03-08,139397,446343,-306946,-21137,638502,-48.1
legacy_fut,088691,"Gold, COMEX (GLD proxy)",commercial,2022-03-15,151045,448486,-297441,9505,617605,-48.2
legacy_fut,088691,"Gold, COMEX (GLD proxy)",commercial,2022-03-22,155039,436634,-281595,15846,605191,-46.5
legacy_fut,088691,"Gold, COMEX (GLD proxy)",commercial,2022-03-29,133050,418987,-285937,-4342,574521,-49.8
legacy_fut,088691,"Gold, COMEX (GLD proxy)",commercial,2022-04-05,124506,403264,-278758,7179,560666,-49.7
legacy_fut,088691,"Gold, COMEX (GLD proxy)",commercial,2022-04-12,125627,413720,-288093,-9335,577639,-49.9
legacy_fut,088691,"Gold, COMEX (GLD proxy)",commercial,2022-04-19,129157,404682,-275525,12568,575202,-47.9
legacy_fut,088691,"Gold, COMEX (GLD proxy)",commercial,2022-04-26,127546,376840,-249294,26231,557785,-44.7
legacy_fut,088691,"Gold, COMEX (GLD proxy)",commercial,2022-05-03,130795,362647,-231852,17442,560441,-41.4
legacy_fut,088691,"Gold, COMEX (GLD proxy)",commercial,2022-05-10,132251,360007,-227756,4096,571447,-39.9
legacy_fut,088691,"Gold, COMEX (GLD proxy)",commercial,2022-05-17,137687,344566,-206879,20877,555756,-37.2
legacy_fut,088691,"Gold, COMEX (GLD proxy)",commercial,2022-05-24,130364,342311,-211947,-5068,530098,-40.0
legacy_fut,088691,"Gold, COMEX (GLD proxy)",commercial,2022-05-31,135360,335416,-200056,11891,513722,-38.9
legacy_fut,088691,"Gold, COMEX (GLD proxy)",commercial,2022-06-07,116965,316851,-199886,170,494130,-40.5
legacy_fut,088691,"Gold, COMEX (GLD proxy)",commercial,2022-06-14,121926,300495,-178569,21317,497456,-35.9
legacy_fut,088691,"Gold, COMEX (GLD proxy)",commercial,2022-06-21,120045,306974,-186929,-8360,500276,-37.4
legacy_fut,088691,"Gold, COMEX (GLD proxy)",commercial,2022-06-28,117038,299045,-182007,4922,497005,-36.6
legacy_fut,088691,"Gold, COMEX (GLD proxy)",commercial,2022-07-05,118289,283874,-165585,16422,498210,-33.2
legacy_fut,088691,"Gold, COMEX (GLD proxy)",commercial,2022-07-12,131170,268958,-137788,27797,542493,-25.4
legacy_fut,088691,"Gold, COMEX (GLD proxy)",commercial,2022-07-19,152103,264365,-112262,25526,524786,-21.4
legacy_fut,088691,"Gold, COMEX (GLD proxy)",commercial,2022-07-26,142007,250429,-108422,3840,487515,-22.2
legacy_fut,088691,"Gold, COMEX (GLD proxy)",commercial,2022-08-02,127700,263265,-135565,-27143,459649,-29.5
legacy_fut,088691,"Gold, COMEX (GLD proxy)",commercial,2022-08-09,121980,276534,-154554,-18989,453540,-34.1
legacy_fut,088691,"Gold, COMEX (GLD proxy)",commercial,2022-08-16,122566,276275,-153709,845,453960,-33.9
legacy_fut,088691,"Gold, COMEX (GLD proxy)",commercial,2022-08-23,126193,264265,-138072,15637,457762,-30.2
legacy_fut,088691,"Gold, COMEX (GLD proxy)",commercial,2022-08-30,126535,256214,-129679,8393,459165,-28.2
legacy_fut,088691,"Gold, COMEX (GLD proxy)",commercial,2022-09-06,129683,243747,-114064,15615,465908,-24.5
legacy_fut,088691,"Gold, COMEX (GLD proxy)",commercial,2022-09-13,126950,237888,-110938,3126,463674,-23.9
legacy_fut,088691,"Gold, COMEX (GLD proxy)",commercial,2022-09-20,141862,217290,-75428,35510,469395,-16.1
legacy_fut,088691,"Gold, COMEX (GLD proxy)",commercial,2022-09-27,139361,201499,-62138,13290,457061,-13.6
legacy_fut,088691,"Gold, COMEX (GLD proxy)",commercial,2022-10-04,116451,212999,-96548,-34410,437065,-22.1
legacy_fut,088691,"Gold, COMEX (GLD proxy)",commercial,2022-10-11,112867,216595,-103728,-7180,431395,-24.0
legacy_fut,088691,"Gold, COMEX (GLD proxy)",commercial,2022-10-18,115073,205103,-90030,13698,434701,-20.7
legacy_fut,088691,"Gold, COMEX (GLD proxy)",commercial,2022-10-25,123085,203298,-80213,9817,456072,-17.6
legacy_fut,088691,"Gold, COMEX (GLD proxy)",commercial,2022-11-01,125689,200471,-74782,5431,467276,-16.0
legacy_fut,088691,"Gold, COMEX (GLD proxy)",commercial,2022-11-08,126187,217331,-91144,-16362,488471,-18.7
legacy_fut,088691,"Gold, COMEX (GLD proxy)",commercial,2022-11-15,135035,269343,-134308,-43164,495171,-27.1
legacy_fut,088691,"Gold, COMEX (GLD proxy)",commercial,2022-11-22,133754,263818,-130064,4244,449542,-28.9
legacy_fut,088691,"Gold, COMEX (GLD proxy)",commercial,2022-11-29,134184,253417,-119233,10831,433661,-27.5
legacy_fut,088691,"Gold, COMEX (GLD proxy)",commercial,2022-12-06,117578,247657,-130079,-10846,422100,-30.8
legacy_fut,088691,"Gold, COMEX (GLD proxy)",commercial,2022-12-13,119908,258437,-138529,-8450,437040,-31.7
legacy_fut,088691,"Gold, COMEX (GLD proxy)",commercial,2022-12-20,116465,258979,-142514,-3985,436653,-32.6
legacy_fut,088691,"Gold, COMEX (GLD proxy)",commercial,2022-12-27,116744,270520,-153776,-11262,440040,-34.9
legacy_fut,088691,"Gold, COMEX (GLD proxy)",commercial,2023-01-03,113520,273494,-159974,-6198,449393,-35.6
legacy_fut,088691,"Gold, COMEX (GLD proxy)",commercial,2023-01-10,111718,284196,-172478,-12504,481519,-35.8
legacy_fut,088691,"Gold, COMEX (GLD proxy)",commercial,2023-01-17,122814,298727,-175913,-3435,491818,-35.8
legacy_fut,088691,"Gold, COMEX (GLD proxy)",commercial,2023-01-24,127419,307973,-180554,-4641,499927,-36.1
legacy_fut,088691,"Gold, COMEX (GLD proxy)",commercial,2023-01-31,120147,300667,-180520,34,471642,-38.3
legacy_fut,088691,"Gold, COMEX (GLD proxy)",commercial,2023-02-07,118802,271768,-152966,27554,439755,-34.8
legacy_fut,088691,"Gold, COMEX (GLD proxy)",commercial,2023-02-14,120812,249884,-129072,23894,426116,-30.3
legacy_fut,088691,"Gold, COMEX (GLD proxy)",commercial,2023-02-21,119040,248395,-129355,-283,422648,-30.6
legacy_fut,088691,"Gold, COMEX (GLD proxy)",commercial,2023-02-28,123391,250878,-127487,1868,426890,-29.9
legacy_fut,088691,"Gold, COMEX (GLD proxy)",commercial,2023-03-07,125394,244314,-118920,8567,458474,-25.9
legacy_fut,088691,"Gold, COMEX (GLD proxy)",commercial,2023-03-14,122457,277897,-155440,-36520,459064,-33.9
legacy_fut,088691,"Gold, COMEX (GLD proxy)",commercial,2023-03-21,121678,305246,-183568,-28128,469874,-39.1
legacy_fut,088691,"Gold, COMEX (GLD proxy)",commercial,2023-03-28,131786,333294,-201508,-17940,478611,-42.1
legacy_fut,088691,"Gold, COMEX (GLD proxy)",commercial,2023-04-04,116869,335119,-218250,-16742,476592,-45.8
legacy_fut,088691,"Gold, COMEX (GLD proxy)",commercial,2023-04-11,119710,336258,-216548,1702,476567,-45.4
legacy_fut,088691,"Gold, COMEX (GLD proxy)",commercial,2023-04-18,123496,339921,-216425,123,482254,-44.9
legacy_fut,088691,"Gold, COMEX (GLD proxy)",commercial,2023-04-25,124518,336446,-211928,4497,473209,-44.8
legacy_fut,088691,"Gold, COMEX (GLD proxy)",commercial,2023-05-02,127451,345035,-217584,-5656,493804,-44.1
legacy_fut,088691,"Gold, COMEX (GLD proxy)",commercial,2023-05-09,130985,353500,-222515,-4931,518951,-42.9
legacy_fut,088691,"Gold, COMEX (GLD proxy)",commercial,2023-05-16,138322,349879,-211557,10958,521832,-40.5
legacy_fut,088691,"Gold, COMEX (GLD proxy)",commercial,2023-05-23,142984,330007,-187023,24534,479080,-39.0
legacy_fut,088691,"Gold, COMEX (GLD proxy)",commercial,2023-05-30,133329,323334,-190005,-2982,449515,-42.3
legacy_fut,088691,"Gold, COMEX (GLD proxy)",commercial,2023-06-06,116363,314550,-198187,-8182,436301,-45.4
legacy_fut,088691,"Gold, COMEX (GLD proxy)",commercial,2023-06-13,120461,306523,-186062,12125,432898,-43.0
legacy_fut,088691,"Gold, COMEX (GLD proxy)",commercial,2023-06-20,121419,307956,-186537,-475,438037,-42.6
legacy_fut,088691,"Gold, COMEX (GLD proxy)",commercial,2023-06-27,119054,294389,-175335,11202,431861,-40.6
legacy_fut,088691,"Gold, COMEX (GLD proxy)",commercial,2023-07-03,114905,299622,-184717,,448063,-41.2
legacy_fut,088691,"Gold, COMEX (GLD proxy)",commercial,2023-07-11,114790,302539,-187749,,483170,-38.9
legacy_fut,088691,"Gold, COMEX (GLD proxy)",commercial,2023-07-18,115498,329213,-213715,-25966,482104,-44.3
legacy_fut,088691,"Gold, COMEX (GLD proxy)",commercial,2023-07-25,125491,323701,-198210,15505,476176,-41.6
legacy_fut,088691,"Gold, COMEX (GLD proxy)",commercial,2023-08-01,117610,304455,-186845,11365,439383,-42.5
legacy_fut,088691,"Gold, COMEX (GLD proxy)",commercial,2023-08-08,113890,281444,-167554,19291,427759,-39.2
legacy_fut,088691,"Gold, COMEX (GLD proxy)",commercial,2023-08-15,116062,257992,-141930,25624,433611,-32.7
legacy_fut,088691,"Gold, COMEX (GLD proxy)",commercial,2023-08-22,117646,238682,-121036,20894,430239,-28.1
legacy_fut,088691,"Gold, COMEX (GLD proxy)",commercial,2023-08-29,118132,258726,-140594,-19558,442806,-31.8
legacy_fut,088691,"Gold, COMEX (GLD proxy)",commercial,2023-09-05,111456,269695,-158239,-17645,438672,-36.1
legacy_fut,088691,"Gold, COMEX (GLD proxy)",commercial,2023-09-12,113062,257872,-144810,13429,441221,-32.8
legacy_fut,088691,"Gold, COMEX (GLD proxy)",commercial,2023-09-19,110014,262946,-152932,-8122,438078,-34.9
legacy_fut,088691,"Gold, COMEX (GLD proxy)",commercial,2023-09-26,110844,245680,-134836,18096,435620,-31.0
legacy_fut,088691,"Gold, COMEX (GLD proxy)",commercial,2023-10-03,110666,222648,-111982,22854,431226,-26.0
legacy_fut,088691,"Gold, COMEX (GLD proxy)",commercial,2023-10-10,121341,211769,-90428,21554,436499,-20.7
legacy_fut,088691,"Gold, COMEX (GLD proxy)",commercial,2023-10-17,110062,238061,-127999,-37571,439581,-29.1
legacy_fut,088691,"Gold, COMEX (GLD proxy)",commercial,2023-10-24,106180,272053,-165873,-37874,463476,-35.8
legacy_fut,088691,"Gold, COMEX (GLD proxy)",commercial,2023-10-31,105971,288678,-182707,-16834,475808,-38.4
legacy_fut,088691,"Gold, COMEX (GLD proxy)",commercial,2023-11-07,110651,296742,-186091,-3384,484347,-38.4
legacy_fut,088691,"Gold, COMEX (GLD proxy)",commercial,2023-11-14,110728,287747,-177019,9072,486634,-36.4
legacy_fut,088691,"Gold, COMEX (GLD proxy)",commercial,2023-11-21,115937,306172,-190235,-13216,508429,-37.4
legacy_fut,088691,"Gold, COMEX (GLD proxy)",commercial,2023-11-28,115596,334188,-218592,-28357,505658,-43.2
legacy_fut,088691,"Gold, COMEX (GLD proxy)",commercial,2023-12-05,103193,330138,-226945,-8353,487469,-46.6
legacy_fut,088691,"Gold, COMEX (GLD proxy)",commercial,2023-12-12,105710,318518,-212808,14137,469939,-45.3
legacy_fut,088691,"Gold, COMEX (GLD proxy)",commercial,2023-12-19,105559,332617,-227058,-14250,481203,-47.2
legacy_fut,088691,"Gold, COMEX (GLD proxy)",commercial,2023-12-26,105951,338296,-232345,-5287,491343,-47.3
legacy_fut,088691,"Gold, COMEX (GLD proxy)",commercial,2024-01-02,108804,344282,-235478,-3133,500364,-47.1
legacy_fut,088691,"Gold, COMEX (GLD proxy)",commercial,2024-01-09,106489,324190,-217701,17777,489849,-44.4
legacy_fut,088691,"Gold, COMEX (GLD proxy)",commercial,2024-01-16,109287,316707,-207420,10281,489334,-42.4
legacy_fut,088691,"Gold, COMEX (GLD proxy)",commercial,2024-01-23,113094,305187,-192093,15327,465872,-41.2
legacy_fut,088691,"Gold, COMEX (GLD proxy)",commercial,2024-01-30,117525,288043,-170518,21575,430328,-39.6
legacy_fut,088691,"Gold, COMEX (GLD proxy)",commercial,2024-02-06,104344,284585,-180241,-9723,419121,-43.0
legacy_fut,088691,"Gold, COMEX (GLD proxy)",commercial,2024-02-13,109529,262509,-152980,27261,420812,-36.4
legacy_fut,088691,"Gold, COMEX (GLD proxy)",commercial,2024-02-20,106419,265830,-159411,-6431,407063,-39.2
legacy_fut,088691,"Gold, COMEX (GLD proxy)",commercial,2024-02-27,108432,266784,-158352,1059,411195,-38.5
legacy_fut,088691,"Gold, COMEX (GLD proxy)",commercial,2024-03-05,104023,310815,-206792,-48440,471616,-43.8
legacy_fut,088691,"Gold, COMEX (GLD proxy)",commercial,2024-03-12,129432,347705,-218273,-11481,516057,-42.3
legacy_fut,088691,"Gold, COMEX (GLD proxy)",commercial,2024-03-19,138102,355632,-217530,743,535047,-40.7
legacy_fut,088691,"Gold, COMEX (GLD proxy)",commercial,2024-03-26,141774,360114,-218340,-810,503642,-43.4
legacy_fut,088691,"Gold, COMEX (GLD proxy)",commercial,2024-04-02,127114,352828,-225714,-7374,500045,-45.1
legacy_fut,088691,"Gold, COMEX (GLD proxy)",commercial,2024-04-09,128094,352676,-224582,1132,505214,-44.5
legacy_fut,088691,"Gold, COMEX (GLD proxy)",commercial,2024-04-16,132684,355442,-222758,1824,517193,-43.1
legacy_fut,088691,"Gold, COMEX (GLD proxy)",commercial,2024-04-23,129083,355955,-226872,-4114,516249,-43.9
legacy_fut,088691,"Gold, COMEX (GLD proxy)",commercial,2024-04-30,126925,354423,-227498,-626,519791,-43.8
legacy_fut,088691,"Gold, COMEX (GLD proxy)",commercial,2024-05-07,124899,352165,-227266,232,529835,-42.9
legacy_fut,088691,"Gold, COMEX (GLD proxy)",commercial,2024-05-14,133583,365693,-232110,-4844,522952,-44.4
legacy_fut,088691,"Gold, COMEX (GLD proxy)",commercial,2024-05-21,118514,377177,-258663,-26553,530591,-48.7
legacy_fut,088691,"Gold, COMEX (GLD proxy)",commercial,2024-05-28,109181,370131,-260950,-2287,485430,-53.8
legacy_fut,088691,"Gold, COMEX (GLD proxy)",commercial,2024-06-04,83418,349349,-265931,-4981,447488,-59.4
legacy_fut,088691,"Gold, COMEX (GLD proxy)",commercial,2024-06-11,82174,342685,-260511,5420,436857,-59.6
legacy_fut,088691,"Gold, COMEX (GLD proxy)",commercial,2024-06-18,83440,351170,-267730,-7219,444345,-60.3
legacy_fut,088691,"Gold, COMEX (GLD proxy)",commercial,2024-06-25,86551,358039,-271488,-3758,452190,-60.0
legacy_fut,088691,"Gold, COMEX (GLD proxy)",commercial,2024-07-02,86905,351704,-264799,6689,454730,-58.2
legacy_fut,088691,"Gold, COMEX (GLD proxy)",commercial,2024-07-09,92907,373536,-280629,-15830,516324,-54.4
legacy_fut,088691,"Gold, COMEX (GLD proxy)",commercial,2024-07-16,110041,419345,-309304,-28675,579862,-53.3
legacy_fut,088691,"Gold, COMEX (GLD proxy)",commercial,2024-07-23,102237,403162,-300925,8379,572306,-52.6
legacy_fut,088691,"Gold, COMEX (GLD proxy)",commercial,2024-07-30,99015,371872,-272857,28068,510914,-53.4
legacy_fut,088691,"Gold, COMEX (GLD proxy)",commercial,2024-08-06,88442,357476,-269034,3823,480645,-56.0
legacy_fut,088691,"Gold, COMEX (GLD proxy)",commercial,2024-08-13,88313,380815,-292502,-23468,505872,-57.8
legacy_fut,088691,"Gold, COMEX (GLD proxy)",commercial,2024-08-20,86232,402738,-316506,-24004,532867,-59.4
legacy_fut,088691,"Gold, COMEX (GLD proxy)",commercial,2024-08-27,85102,407421,-322319,-5813,521759,-61.8
legacy_fut,088691,"Gold, COMEX (GLD proxy)",commercial,2024-09-03,80416,392303,-311887,10432,511136,-61.0
legacy_fut,088691,"Gold, COMEX (GLD proxy)",commercial,2024-09-10,78232,385131,-306899,4988,511501,-60.0
legacy_fut,088691,"Gold, COMEX (GLD proxy)",commercial,2024-09-17,74647,409774,-335127,-28228,537627,-62.3
legacy_fut,088691,"Gold, COMEX (GLD proxy)",commercial,2024-09-24,76713,416419,-339706,-4579,564640,-60.2
legacy_fut,088691,"Gold, COMEX (GLD proxy)",commercial,2024-10-01,67099,394623,-327524,12182,533107,-61.4
legacy_fut,088691,"Gold, COMEX (GLD proxy)",commercial,2024-10-08,68957,372933,-303976,23548,520316,-58.4
legacy_fut,088691,"Gold, COMEX (GLD proxy)",commercial,2024-10-15,70028,382686,-312658,-8682,541232,-57.8
legacy_fut,088691,"Gold, COMEX (GLD proxy)",commercial,2024-10-22,66245,390946,-324701,-12043,573760,-56.6
legacy_fut,088691,"Gold, COMEX (GLD proxy)",commercial,2024-10-29,68935,372606,-303671,21030,579468,-52.4
legacy_fut,088691,"Gold, COMEX (GLD proxy)",commercial,2024-11-05,73287,356346,-283059,20612,558034,-50.7
legacy_fut,088691,"Gold, COMEX (GLD proxy)",commercial,2024-11-12,75347,340929,-265582,17477,535981,-49.6
legacy_fut,088691,"Gold, COMEX (GLD proxy)",commercial,2024-11-19,73459,335781,-262322,3260,502952,-52.2
legacy_fut,088691,"Gold, COMEX (GLD proxy)",commercial,2024-11-26,72377,344897,-272520,-10198,472660,-57.7
legacy_fut,088691,"Gold, COMEX (GLD proxy)",commercial,2024-12-03,63251,349526,-286275,-13755,462040,-62.0
legacy_fut,088691,"Gold, COMEX (GLD proxy)",commercial,2024-12-10,66025,362896,-296871,-10596,483346,-61.4
legacy_fut,088691,"Gold, COMEX (GLD proxy)",commercial,2024-12-17,61012,346245,-285233,11638,466571,-61.1
legacy_fut,088691,"Gold, COMEX (GLD proxy)",commercial,2024-12-24,58136,331472,-273336,11897,454646,-60.1
legacy_fut,088691,"Gold, COMEX (GLD proxy)",commercial,2024-12-31,60399,331695,-271296,2040,458584,-59.2
legacy_fut,088691,"Gold, COMEX (GLD proxy)",commercial,2025-01-07,62674,341320,-278646,-7350,477043,-58.4
legacy_fut,088691,"Gold, COMEX (GLD proxy)",commercial,2025-01-14,92075,394527,-302452,-23806,526467,-57.4
legacy_fut,088691,"Gold, COMEX (GLD proxy)",commercial,2025-01-21,95116,421724,-326608,-24156,571387,-57.2
legacy_fut,088691,"Gold, COMEX (GLD proxy)",commercial,2025-01-28,110034,433756,-323722,2886,577505,-56.1
legacy_fut,088691,"Gold, COMEX (GLD proxy)",commercial,2025-02-04,74378,402553,-328175,-4453,542004,-60.5
legacy_fut,088691,"Gold, COMEX (GLD proxy)",commercial,2025-02-11,72622,382510,-309888,18287,528719,-58.6
legacy_fut,088691,"Gold, COMEX (GLD proxy)",commercial,2025-02-18,72393,368464,-296071,13817,522330,-56.7
legacy_fut,088691,"Gold, COMEX (GLD proxy)",commercial,2025-02-25,71796,359896,-288100,7971,512179,-56.2
legacy_fut,088691,"Gold, COMEX (GLD proxy)",commercial,2025-03-04,65713,336828,-271115,16985,489270,-55.4
legacy_fut,088691,"Gold, COMEX (GLD proxy)",commercial,2025-03-11,84545,349733,-265188,5927,511276,-51.9
legacy_fut,088691,"Gold, COMEX (GLD proxy)",commercial,2025-03-18,91549,376717,-285168,-19980,533566,-53.4
legacy_fut,088691,"Gold, COMEX (GLD proxy)",commercial,2025-03-25,86838,365436,-278598,6570,511482,-54.5
legacy_fut,088691,"Gold, COMEX (GLD proxy)",commercial,2025-04-01,68875,333936,-265061,13537,498746,-53.1
legacy_fut,088691,"Gold, COMEX (GLD proxy)",commercial,2025-04-08,69214,301397,-232183,32878,445468,-52.1
legacy_fut,088691,"Gold, COMEX (GLD proxy)",commercial,2025-04-15,70568,302480,-231912,271,456628,-50.8
legacy_fut,088691,"Gold, COMEX (GLD proxy)",commercial,2025-04-22,91128,293396,-202268,29644,465351,-43.5
legacy_fut,088691,"Gold, COMEX (GLD proxy)",commercial,2025-04-29,92787,283548,-190761,11507,451868,-42.2
legacy_fut,088691,"Gold, COMEX (GLD proxy)",commercial,2025-05-06,87244,279347,-192103,-1342,452414,-42.5
legacy_fut,088691,"Gold, COMEX (GLD proxy)",commercial,2025-05-13,88412,279619,-191207,896,440842,-43.4
legacy_fut,088691,"Gold, COMEX (GLD proxy)",commercial,2025-05-20,90256,287904,-197648,-6441,448000,-44.1
legacy_fut,088691,"Gold, COMEX (GLD proxy)",commercial,2025-05-27,87509,295096,-207587,-9939,437538,-47.4
legacy_fut,088691,"Gold, COMEX (GLD proxy)",commercial,2025-06-03,70905,291731,-220826,-13239,415941,-53.1
legacy_fut,088691,"Gold, COMEX (GLD proxy)",commercial,2025-06-10,68432,291150,-222718,-1892,417143,-53.4
legacy_fut,088691,"Gold, COMEX (GLD proxy)",commercial,2025-06-17,71684,309411,-237727,-15009,441214,-53.9
legacy_fut,088691,"Gold, COMEX (GLD proxy)",commercial,2025-06-24,73323,303883,-230560,7167,434958,-53.0
legacy_fut,088691,"Gold, COMEX (GLD proxy)",commercial,2025-07-01,68820,304889,-236069,-5509,437662,-53.9
legacy_fut,088691,"Gold, COMEX (GLD proxy)",commercial,2025-07-08,71875,310229,-238354,-2285,443144,-53.8
legacy_fut,088691,"Gold, COMEX (GLD proxy)",commercial,2025-07-15,75989,326677,-250688,-12334,448531,-55.9
legacy_fut,088691,"Gold, COMEX (GLD proxy)",commercial,2025-07-22,76726,359063,-282337,-31649,489423,-57.7
legacy_fut,088691,"Gold, COMEX (GLD proxy)",commercial,2025-07-29,79093,338172,-259079,23258,445259,-58.2
legacy_fut,088691,"Gold, COMEX (GLD proxy)",commercial,2025-08-05,74075,344221,-270146,-11067,449647,-60.1
legacy_fut,088691,"Gold, COMEX (GLD proxy)",commercial,2025-08-12,63427,326492,-263065,7081,446152,-59.0
legacy_fut,088691,"Gold, COMEX (GLD proxy)",commercial,2025-08-19,66670,316635,-249965,13100,438541,-57.0
legacy_fut,088691,"Gold, COMEX (GLD proxy)",commercial,2025-08-26,72908,323873,-250965,-1000,443760,-56.6
legacy_fut,088691,"Gold, COMEX (GLD proxy)",commercial,2025-09-02,73919,347817,-273898,-22933,492908,-55.6
legacy_fut,088691,"Gold, COMEX (GLD proxy)",commercial,2025-09-09,73850,347225,-273375,523,509625,-53.6
legacy_fut,088691,"Gold, COMEX (GLD proxy)",commercial,2025-09-16,77867,380238,-302371,-28996,516221,-58.6
legacy_fut,088691,"Gold, COMEX (GLD proxy)",commercial,2025-09-23,82971,381374,-298403,3968,528789,-56.4
legacy_fut,088691,"Gold, COMEX (GLD proxy)",commercial,2025-09-30,68872,357108,-288236,10167,493748,-58.4
legacy_fut,088691,"Gold, COMEX (GLD proxy)",commercial,2025-10-07,77599,341371,-263772,24464,485559,-54.3
legacy_fut,088691,"Gold, COMEX (GLD proxy)",commercial,2025-10-14,92027,328894,-236867,26905,485788,-48.8
legacy_fut,088691,"Gold, COMEX (GLD proxy)",commercial,2025-10-21,107847,317964,-210117,26750,472421,-44.5
legacy_fut,088691,"Gold, COMEX (GLD proxy)",commercial,2025-10-28,89653,326680,-237027,-26910,457122,-51.9
legacy_fut,088691,"Gold, COMEX (GLD proxy)",commercial,2025-11-04,88355,324897,-236542,485,450399,-52.5
legacy_fut,088691,"Gold, COMEX (GLD proxy)",commercial,2025-11-10,87076,331899,-244823,,459997,-53.2
legacy_fut,088691,"Gold, COMEX (GLD proxy)",commercial,2025-11-18,97001,342586,-245585,,471953,-52.0
legacy_fut,088691,"Gold, COMEX (GLD proxy)",commercial,2025-11-25,82657,324060,-241403,4182,432946,-55.8
legacy_fut,088691,"Gold, COMEX (GLD proxy)",commercial,2025-12-02,60147,315495,-255348,-13945,418490,-61.0
legacy_fut,088691,"Gold, COMEX (GLD proxy)",commercial,2025-12-09,63707,326286,-262579,-7231,432569,-60.7
legacy_fut,088691,"Gold, COMEX (GLD proxy)",commercial,2025-12-16,74655,349013,-274358,-11779,471093,-58.2
legacy_fut,088691,"Gold, COMEX (GLD proxy)",commercial,2025-12-23,75835,359361,-283526,-9168,492103,-57.6
legacy_fut,088691,"Gold, COMEX (GLD proxy)",commercial,2025-12-30,82254,357500,-275246,8280,481866,-57.1
legacy_fut,088691,"Gold, COMEX (GLD proxy)",commercial,2026-01-06,80218,352253,-272035,3211,488116,-55.7
legacy_fut,088691,"Gold, COMEX (GLD proxy)",commercial,2026-01-13,83382,380488,-297106,-25071,527455,-56.3
legacy_fut,088691,"Gold, COMEX (GLD proxy)",commercial,2026-01-20,85869,375558,-289689,7417,528004,-54.9
legacy_fut,088691,"Gold, COMEX (GLD proxy)",commercial,2026-01-27,96200,344485,-248285,41404,488463,-50.8
legacy_fut,088691,"Gold, COMEX (GLD proxy)",commercial,2026-02-03,87964,295742,-207778,40507,409694,-50.7
legacy_fut,088691,"Gold, COMEX (GLD proxy)",commercial,2026-02-10,88738,286476,-197738,10040,404391,-48.9
legacy_fut,088691,"Gold, COMEX (GLD proxy)",commercial,2026-02-17,88237,285019,-196782,956,407078,-48.3
legacy_fut,088691,"Gold, COMEX (GLD proxy)",commercial,2026-02-24,86198,287004,-200806,-4024,420182,-47.8
legacy_fut,088691,"Gold, COMEX (GLD proxy)",commercial,2026-03-03,84834,285417,-200583,223,409789,-48.9
legacy_fut,088691,"Gold, COMEX (GLD proxy)",commercial,2026-03-10,85280,288256,-202976,-2393,413956,-49.0
legacy_fut,088691,"Gold, COMEX (GLD proxy)",commercial,2026-03-17,86184,284832,-198648,4328,411388,-48.3
legacy_fut,088691,"Gold, COMEX (GLD proxy)",commercial,2026-03-24,76997,280825,-203828,-5180,403925,-50.5
legacy_fut,088691,"Gold, COMEX (GLD proxy)",commercial,2026-03-31,58697,260337,-201640,2188,361409,-55.8
legacy_fut,088691,"Gold, COMEX (GLD proxy)",commercial,2026-04-07,57729,251480,-193751,7889,354877,-54.6
legacy_fut,088691,"Gold, COMEX (GLD proxy)",commercial,2026-04-14,55757,256839,-201082,-7331,362274,-55.5
legacy_fut,088691,"Gold, COMEX (GLD proxy)",commercial,2026-04-21,56261,259201,-202940,-1858,365842,-55.5
legacy_fut,088691,"Gold, COMEX (GLD proxy)",commercial,2026-04-28,60553,255366,-194813,8127,369530,-52.7
legacy_fut,088691,"Gold, COMEX (GLD proxy)",commercial,2026-05-05,58230,257165,-198935,-4122,367932,-54.1
legacy_fut,088691,"Gold, COMEX (GLD proxy)",commercial,2026-05-12,57725,267983,-210258,-11323,376496,-55.8
legacy_fut,088691,"Gold, COMEX (GLD proxy)",commercial,2026-05-19,69520,261149,-191629,18629,379325,-50.5
legacy_fut,088691,"Gold, COMEX (GLD proxy)",commercial,2026-05-26,74641,260407,-185766,5863,353489,-52.6
legacy_fut,088691,"Gold, COMEX (GLD proxy)",commercial,2026-06-02,53851,260196,-206345,-20579,326052,-63.3
legacy_fut,088691,"Gold, COMEX (GLD proxy)",commercial,2026-06-09,58986,260022,-201036,5309,332709,-60.4
legacy_fut,088691,"Gold, COMEX (GLD proxy)",commercial,2026-06-16,58220,265783,-207563,-6527,339330,-61.2
legacy_fut,088691,"Gold, COMEX (GLD proxy)",commercial,2026-06-23,64579,269983,-205404,2159,352167,-58.3
legacy_fut,088691,"Gold, COMEX (GLD proxy)",commercial,2026-06-30,59118,280188,-221070,-15666,369541,-59.8
legacy_fut,088691,"Gold, COMEX (GLD proxy)",commercial,2026-07-07,59564,281846,-222282,-1212,371776,-59.8
legacy_fut,088691,"Gold, COMEX (GLD proxy)",commercial,2026-07-14,79639,294427,-214788,7494,383689,-56.0
legacy_fut,088691,"Gold, COMEX (GLD proxy)",commercial,2026-07-21,80457,293656,-213199,1589,383368,-55.6
legacy_fut,088691,"Gold, COMEX (GLD proxy)",commercial,2026-07-28,75460,287769,-212309,890,384603,-55.2
legacy_fut,088691,"Gold, COMEX (GLD proxy)",commercial,2026-08-04,71832,298323,-226491,-14182,371551,-61.0
legacy_fut,088691,"Gold, COMEX (GLD proxy)",commercial,2026-08-11,69385,322025,-252640,-26149,400309,-63.1
legacy_fut,088691,"Gold, COMEX (GLD proxy)",commercial,2026-08-18,69050,327468,-258418,-5778,406260,-63.6
legacy_fut,088691,"Gold, COMEX (GLD proxy)",commercial,2026-08-25,62453,342038,-279585,-21167,427957,-65.3
legacy_fut,088691,"Gold, COMEX (GLD proxy)",commercial,2026-09-01,61450,326168,-264718,14867,415196,-63.8
legacy_fut,088691,"Gold, COMEX (GLD proxy)",commercial,2026-09-08,54403,324677,-270274,-5556,411227,-65.7
legacy_fut,088691,"Gold, COMEX (GLD proxy)",commercial,2026-09-15,56417,318138,-261721,8553,409899,-63.9
legacy_fut,088691,"Gold, COMEX (GLD proxy)",noncommercial,2006-06-13,138766,39479,99287,,288981,34.4
legacy_fut,088691,"Gold, COMEX (GLD proxy)",noncommercial,2006-06-20,131864,41643,90221,-9066,288148,31.3
legacy_fut,088691,"Gold, COMEX (GLD proxy)",noncommercial,2006-06-27,128310,42686,85624,-4597,292789,29.2
legacy_fut,088691,"Gold, COMEX (GLD proxy)",noncommercial,2006-07-03,131186,39266,91920,,292500,31.4
legacy_fut,088691,"Gold, COMEX (GLD proxy)",noncommercial,2006-07-11,142194,40265,101929,,312684,32.6
legacy_fut,088691,"Gold, COMEX (GLD proxy)",noncommercial,2006-07-18,143202,35828,107374,5445,324276,33.1
legacy_fut,088691,"Gold, COMEX (GLD proxy)",noncommercial,2006-07-25,132268,30713,101555,-5819,315635,32.2
legacy_fut,088691,"Gold, COMEX (GLD proxy)",noncommercial,2006-08-01,132781,30020,102761,1206,304907,33.7
legacy_fut,088691,"Gold, COMEX (GLD proxy)",noncommercial,2006-08-08,138971,32873,106098,3337,309097,34.3
legacy_fut,088691,"Gold, COMEX (GLD proxy)",noncommercial,2006-08-15,132019,31475,100544,-5554,313327,32.1
legacy_fut,088691,"Gold, COMEX (GLD proxy)",noncommercial,2006-08-22,128897,32949,95948,-4596,306171,31.3
legacy_fut,088691,"Gold, COMEX (GLD proxy)",noncommercial,2006-08-29,124421,36705,87716,-8232,307583,28.5
legacy_fut,088691,"Gold, COMEX (GLD proxy)",noncommercial,2006-09-05,133991,35657,98334,10618,319998,30.7
legacy_fut,088691,"Gold, COMEX (GLD proxy)",noncommercial,2006-09-12,121455,37233,84222,-14112,310510,27.1
legacy_fut,088691,"Gold, COMEX (GLD proxy)",noncommercial,2006-09-19,116119,38251,77868,-6354,325852,23.9
legacy_fut,088691,"Gold, COMEX (GLD proxy)",noncommercial,2006-09-26,108117,36873,71244,-6624,322937,22.1
legacy_fut,088691,"Gold, COMEX (GLD proxy)",noncommercial,2006-10-03,107570,38136,69434,-1810,330065,21.0
legacy_fut,088691,"Gold, COMEX (GLD proxy)",noncommercial,2006-10-10,106211,43762,62449,-6985,334329,18.7
legacy_fut,088691,"Gold, COMEX (GLD proxy)",noncommercial,2006-10-17,107993,46734,61259,-1190,329875,18.6
legacy_fut,088691,"Gold, COMEX (GLD proxy)",noncommercial,2006-10-24,104099,48049,56050,-5209,331598,16.9
legacy_fut,088691,"Gold, COMEX (GLD proxy)",noncommercial,2006-10-31,107472,42756,64716,8666,323481,20.0
legacy_fut,088691,"Gold, COMEX (GLD proxy)",noncommercial,2006-11-07,121406,40240,81166,16450,335036,24.2
legacy_fut,088691,"Gold, COMEX (GLD proxy)",noncommercial,2006-11-14,126907,38073,88834,7668,356575,24.9
legacy_fut,088691,"Gold, COMEX (GLD proxy)",noncommercial,2006-11-21,123021,38728,84293,-4541,355430,23.7
legacy_fut,088691,"Gold, COMEX (GLD proxy)",noncommercial,2006-11-28,120078,40212,79866,-4427,349517,22.9
legacy_fut,088691,"Gold, COMEX (GLD proxy)",noncommercial,2006-12-05,122145,38506,83639,3773,330530,25.3
legacy_fut,088691,"Gold, COMEX (GLD proxy)",noncommercial,2006-12-12,120128,38299,81829,-1810,333101,24.6
legacy_fut,088691,"Gold, COMEX (GLD proxy)",noncommercial,2006-12-19,109682,39789,69893,-11936,337096,20.7
legacy_fut,088691,"Gold, COMEX (GLD proxy)",noncommercial,2006-12-26,110486,42394,68092,-1801,340473,20.0
legacy_fut,088691,"Gold, COMEX (GLD proxy)",noncommercial,2007-01-03,120639,42756,77883,,353494,22.0
legacy_fut,088691,"Gold, COMEX (GLD proxy)",noncommercial,2007-01-09,105157,52289,52868,,347491,15.2
legacy_fut,088691,"Gold, COMEX (GLD proxy)",noncommercial,2007-01-16,109386,46436,62950,10082,344685,18.3
legacy_fut,088691,"Gold, COMEX (GLD proxy)",noncommercial,2007-01-23,128463,43962,84501,21551,361114,23.4
legacy_fut,088691,"Gold, COMEX (GLD proxy)",noncommercial,2007-01-30,143964,43619,100345,15844,348035,28.8
legacy_fut,088691,"Gold, COMEX (GLD proxy)",noncommercial,2007-02-06,151891,43345,108546,8201,360936,30.1
legacy_fut,088691,"Gold, COMEX (GLD proxy)",noncommercial,2007-02-13,167479,42729,124750,16204,383169,32.6
legacy_fut,088691,"Gold, COMEX (GLD proxy)",noncommercial,2007-02-20,168838,38905,129933,5183,396115,32.8
legacy_fut,088691,"Gold, COMEX (GLD proxy)",noncommercial,2007-02-27,182456,40364,142092,12159,415155,34.2
legacy_fut,088691,"Gold, COMEX (GLD proxy)",noncommercial,2007-03-06,136421,34723,101698,-40394,382550,26.6
legacy_fut,088691,"Gold, COMEX (GLD proxy)",noncommercial,2007-03-13,129078,32736,96342,-5356,394090,24.4
legacy_fut,088691,"Gold, COMEX (GLD proxy)",noncommercial,2007-03-20,125201,31777,93424,-2918,359726,26.0
legacy_fut,088691,"Gold, COMEX (GLD proxy)",noncommercial,2007-03-27,126413,31290,95123,1699,359434,26.5
legacy_fut,088691,"Gold, COMEX (GLD proxy)",noncommercial,2007-04-03,131858,37913,93945,-1178,347817,27.0
legacy_fut,088691,"Gold, COMEX (GLD proxy)",noncommercial,2007-04-10,150573,37617,112956,19011,369536,30.6
legacy_fut,088691,"Gold, COMEX (GLD proxy)",noncommercial,2007-04-17,170601,35243,135358,22402,380800,35.5
legacy_fut,088691,"Gold, COMEX (GLD proxy)",noncommercial,2007-04-24,169703,35861,133842,-1516,403388,33.2
legacy_fut,088691,"Gold, COMEX (GLD proxy)",noncommercial,2007-05-01,163823,33378,130445,-3397,396276,32.9
legacy_fut,088691,"Gold, COMEX (GLD proxy)",noncommercial,2007-05-08,168350,32064,136286,5841,411273,33.1
legacy_fut,088691,"Gold, COMEX (GLD proxy)",noncommercial,2007-05-15,149772,35874,113898,-22388,408936,27.9
legacy_fut,088691,"Gold, COMEX (GLD proxy)",noncommercial,2007-05-22,141294,45479,95815,-18083,416813,23.0
legacy_fut,088691,"Gold, COMEX (GLD proxy)",noncommercial,2007-05-29,134404,39507,94897,-918,425688,22.3
legacy_fut,088691,"Gold, COMEX (GLD proxy)",noncommercial,2007-06-05,143052,35435,107617,12720,385046,27.9
legacy_fut,088691,"Gold, COMEX (GLD proxy)",noncommercial,2007-06-12,125076,49180,75896,-31721,412150,18.4
legacy_fut,088691,"Gold, COMEX (GLD proxy)",noncommercial,2007-06-19,126207,44602,81605,5709,410324,19.9
legacy_fut,088691,"Gold, COMEX (GLD proxy)",noncommercial,2007-06-26,119068,55991,63077,-18528,407640,15.5
legacy_fut,088691,"Gold, COMEX (GLD proxy)",noncommercial,2007-07-03,109652,43990,65662,2585,375642,17.5
legacy_fut,088691,"Gold, COMEX (GLD proxy)",noncommercial,2007-07-10,113510,41290,72220,6558,387916,18.6
legacy_fut,088691,"Gold, COMEX (GLD proxy)",noncommercial,2007-07-17,114788,35069,79719,7499,385595,20.7
legacy_fut,088691,"Gold, COMEX (GLD proxy)",noncommercial,2007-07-24,154251,31321,122930,43211,401603,30.6
legacy_fut,088691,"Gold, COMEX (GLD proxy)",noncommercial,2007-07-31,113706,32817,80889,-42041,351185,23.0
legacy_fut,088691,"Gold, COMEX (GLD proxy)",noncommercial,2007-08-07,123391,34020,89371,8482,352908,25.3
legacy_fut,088691,"Gold, COMEX (GLD proxy)",noncommercial,2007-08-14,118978,24767,94211,4840,347973,27.1
legacy_fut,088691,"Gold, COMEX (GLD proxy)",noncommercial,2007-08-21,102578,33648,68930,-25281,330204,20.9
legacy_fut,088691,"Gold, COMEX (GLD proxy)",noncommercial,2007-08-28,103844,26633,77211,8281,325767,23.7
legacy_fut,088691,"Gold, COMEX (GLD proxy)",noncommercial,2007-09-04,126346,29366,96980,19769,339439,28.6
legacy_fut,088691,"Gold, COMEX (GLD proxy)",noncommercial,2007-09-11,155317,28648,126669,29689,373686,33.9
legacy_fut,088691,"Gold, COMEX (GLD proxy)",noncommercial,2007-09-18,168140,26490,141650,14981,392748,36.1
legacy_fut,088691,"Gold, COMEX (GLD proxy)",noncommercial,2007-09-25,201188,27143,174045,32395,440945,39.5
legacy_fut,088691,"Gold, COMEX (GLD proxy)",noncommercial,2007-10-02,210766,34871,175895,1850,439865,40.0
legacy_fut,088691,"Gold, COMEX (GLD proxy)",noncommercial,2007-10-09,221749,31053,190696,14801,458936,41.6
legacy_fut,088691,"Gold, COMEX (GLD proxy)",noncommercial,2007-10-16,238432,36573,201859,11163,483872,41.7
legacy_fut,088691,"Gold, COMEX (GLD proxy)",noncommercial,2007-10-23,226875,40571,186304,-15555,489471,38.1
legacy_fut,088691,"Gold, COMEX (GLD proxy)",noncommercial,2007-10-30,232622,34016,198606,12302,516163,38.5
legacy_fut,088691,"Gold, COMEX (GLD proxy)",noncommercial,2007-11-06,241475,39350,202125,3519,556856,36.3
legacy_fut,088691,"Gold, COMEX (GLD proxy)",noncommercial,2007-11-13,228360,37575,190785,-11340,552546,34.5
legacy_fut,088691,"Gold, COMEX (GLD proxy)",noncommercial,2007-11-20,213234,40844,172390,-18395,512430,33.6
legacy_fut,088691,"Gold, COMEX (GLD proxy)",noncommercial,2007-11-27,206498,31417,175081,2691,520782,33.6
legacy_fut,088691,"Gold, COMEX (GLD proxy)",noncommercial,2007-12-04,190888,23364,167524,-7557,486709,34.4
legacy_fut,088691,"Gold, COMEX (GLD proxy)",noncommercial,2007-12-11,196529,24755,171774,4250,486198,35.3
legacy_fut,088691,"Gold, COMEX (GLD proxy)",noncommercial,2007-12-18,197789,27516,170273,-1501,495001,34.4
legacy_fut,088691,"Gold, COMEX (GLD proxy)",noncommercial,2007-12-24,210521,26146,184375,,517020,35.7
legacy_fut,088691,"Gold, COMEX (GLD proxy)",noncommercial,2007-12-31,227112,27674,199438,15063,541854,36.8
legacy_fut,088691,"Gold, COMEX (GLD proxy)",noncommercial,2008-01-08,238089,32685,205404,,558309,36.8
legacy_fut,088691,"Gold, COMEX (GLD proxy)",noncommercial,2008-01-15,247106,35059,212047,6643,593953,35.7
legacy_fut,088691,"Gold, COMEX (GLD proxy)",noncommercial,2008-01-22,241183,36108,205075,-6972,560173,36.6
legacy_fut,088691,"Gold, COMEX (GLD proxy)",noncommercial,2008-01-29,237252,31472,205780,705,522142,39.4
legacy_fut,088691,"Gold, COMEX (GLD proxy)",noncommercial,2008-02-05,234852,31110,203742,-2038,495139,41.1
legacy_fut,088691,"Gold, COMEX (GLD proxy)",noncommercial,2008-02-12,240806,34210,206596,2854,475749,43.4
legacy_fut,088691,"Gold, COMEX (GLD proxy)",noncommercial,2008-02-19,251717,39458,212259,5663,489789,43.3
legacy_fut,088691,"Gold, COMEX (GLD proxy)",noncommercial,2008-02-26,250270,40907,209363,-2896,495102,42.3
legacy_fut,088691,"Gold, COMEX (GLD proxy)",noncommercial,2008-03-04,240597,44817,195780,-13583,486992,40.2
legacy_fut,088691,"Gold, COMEX (GLD proxy)",noncommercial,2008-03-11,239048,42705,196343,563,482035,40.7
legacy_fut,088691,"Gold, COMEX (GLD proxy)",noncommercial,2008-03-18,232427,40418,192009,-4334,489055,39.3
legacy_fut,088691,"Gold, COMEX (GLD proxy)",noncommercial,2008-03-25,214651,38909,175742,-16267,452193,38.9
legacy_fut,088691,"Gold, COMEX (GLD proxy)",noncommercial,2008-04-01,190958,29680,161278,-14464,399393,40.4
legacy_fut,088691,"Gold, COMEX (GLD proxy)",noncommercial,2008-04-08,196823,31430,165393,4115,407212,40.6
legacy_fut,088691,"Gold, COMEX (GLD proxy)",noncommercial,2008-04-15,202910,30933,171977,6584,422699,40.7
legacy_fut,088691,"Gold, COMEX (GLD proxy)",noncommercial,2008-04-22,201865,34242,167623,-4354,424218,39.5
legacy_fut,088691,"Gold, COMEX (GLD proxy)",noncommercial,2008-04-29,194844,34196,160648,-6975,429670,37.4
legacy_fut,088691,"Gold, COMEX (GLD proxy)",noncommercial,2008-05-06,192719,36752,155967,-4681,433741,36.0
legacy_fut,088691,"Gold, COMEX (GLD proxy)",noncommercial,2008-05-13,197809,44871,152938,-3029,439636,34.8
legacy_fut,088691,"Gold, COMEX (GLD proxy)",noncommercial,2008-05-20,216324,34205,182119,29181,453084,40.2
legacy_fut,088691,"Gold, COMEX (GLD proxy)",noncommercial,2008-05-27,220954,29442,191512,9393,430961,44.4
legacy_fut,088691,"Gold, COMEX (GLD proxy)",noncommercial,2008-06-03,200544,30333,170211,-21301,398441,42.7
legacy_fut,088691,"Gold, COMEX (GLD proxy)",noncommercial,2008-06-10,189175,37927,151248,-18963,396392,38.2
legacy_fut,088691,"Gold, COMEX (GLD proxy)",noncommercial,2008-06-17,180637,29447,151190,-58,390471,38.7
legacy_fut,088691,"Gold, COMEX (GLD proxy)",noncommercial,2008-06-24,190218,36680,153538,2348,401226,38.3
legacy_fut,088691,"Gold, COMEX (GLD proxy)",noncommercial,2008-07-01,223539,35860,187679,34141,434024,43.2
legacy_fut,088691,"Gold, COMEX (GLD proxy)",noncommercial,2008-07-08,225045,35443,189602,1923,443202,42.8
legacy_fut,088691,"Gold, COMEX (GLD proxy)",noncommercial,2008-07-15,240934,38151,202783,13181,483920,41.9
legacy_fut,088691,"Gold, COMEX (GLD proxy)",noncommercial,2008-07-22,231170,36517,194653,-8130,475606,40.9
legacy_fut,088691,"Gold, COMEX (GLD proxy)",noncommercial,2008-07-29,212285,29966,182319,-12334,446013,40.9
legacy_fut,088691,"Gold, COMEX (GLD proxy)",noncommercial,2008-08-05,192528,28800,163728,-18591,408430,40.1
legacy_fut,088691,"Gold, COMEX (GLD proxy)",noncommercial,2008-08-12,159313,28653,130660,-33068,365611,35.7
legacy_fut,088691,"Gold, COMEX (GLD proxy)",noncommercial,2008-08-19,144104,31738,112366,-18294,372968,30.1
legacy_fut,088691,"Gold, COMEX (GLD proxy)",noncommercial,2008-08-26,147240,41961,105279,-7087,380766,27.6
legacy_fut,088691,"Gold, COMEX (GLD proxy)",noncommercial,2008-09-02,139251,46060,93191,-12088,382329,24.4
legacy_fut,088691,"Gold, COMEX (GLD proxy)",noncommercial,2008-09-09,133946,51291,82655,-10536,392592,21.1
legacy_fut,088691,"Gold, COMEX (GLD proxy)",noncommercial,2008-09-16,147720,57429,90291,7636,393814,22.9
legacy_fut,088691,"Gold, COMEX (GLD proxy)",noncommercial,2008-09-23,156812,35796,121016,30725,368254,32.9
legacy_fut,088691,"Gold, COMEX (GLD proxy)",noncommercial,2008-09-30,141026,23240,117786,-3230,336598,35.0
legacy_fut,088691,"Gold, COMEX (GLD proxy)",noncommercial,2008-10-07,137672,26059,111613,-6173,329480,33.9
legacy_fut,088691,"Gold, COMEX (GLD proxy)",noncommercial,2008-10-14,131093,24268,106825,-4788,323496,33.0
legacy_fut,088691,"Gold, COMEX (GLD proxy)",noncommercial,2008-10-21,125951,26749,99202,-7623,319472,31.1
legacy_fut,088691,"Gold, COMEX (GLD proxy)",noncommercial,2008-10-28,117638,39323,78315,-20887,313709,25.0
legacy_fut,088691,"Gold, COMEX (GLD proxy)",noncommercial,2008-11-04,118166,49971,68195,-10120,303908,22.4
legacy_fut,088691,"Gold, COMEX (GLD proxy)",noncommercial,2008-11-11,116351,52392,63959,-4236,293831,21.8
legacy_fut,088691,"Gold, COMEX (GLD proxy)",noncommercial,2008-11-18,111063,46234,64829,870,289700,22.4
legacy_fut,088691,"Gold, COMEX (GLD proxy)",noncommercial,2008-11-25,115014,33142,81872,17043,276567,29.6
legacy_fut,088691,"Gold, COMEX (GLD proxy)",noncommercial,2008-12-02,111592,27223,84369,2497,264796,31.9
legacy_fut,088691,"Gold, COMEX (GLD proxy)",noncommercial,2008-12-09,111284,28129,83155,-1214,261001,31.9
legacy_fut,088691,"Gold, COMEX (GLD proxy)",noncommercial,2008-12-16,132674,24425,108249,25094,282915,38.3
legacy_fut,088691,"Gold, COMEX (GLD proxy)",noncommercial,2008-12-22,141246,21458,119788,,291022,41.2
legacy_fut,088691,"Gold, COMEX (GLD proxy)",noncommercial,2008-12-30,146292,20331,125961,,300448,41.9
legacy_fut,088691,"Gold, COMEX (GLD proxy)",noncommercial,2009-01-06,152569,18965,133604,7643,320391,41.7
legacy_fut,088691,"Gold, COMEX (GLD proxy)",noncommercial,2009-01-13,146167,18549,127618,-5986,318185,40.1
legacy_fut,088691,"Gold, COMEX (GLD proxy)",noncommercial,2009-01-20,146910,22973,123937,-3681,331507,37.4
legacy_fut,088691,"Gold, COMEX (GLD proxy)",noncommercial,2009-01-27,165652,24538,141114,17177,354191,39.8
legacy_fut,088691,"Gold, COMEX (GLD proxy)",noncommercial,2009-02-03,181020,25714,155306,14192,346288,44.8
legacy_fut,088691,"Gold, COMEX (GLD proxy)",noncommercial,2009-02-10,188898,25276,163622,8316,350858,46.6
legacy_fut,088691,"Gold, COMEX (GLD proxy)",noncommercial,2009-02-17,195966,30045,165921,2299,361619,45.9
legacy_fut,088691,"Gold, COMEX (GLD proxy)",noncommercial,2009-02-24,199830,37965,161865,-4056,372697,43.4
legacy_fut,088691,"Gold, COMEX (GLD proxy)",noncommercial,2009-03-03,189580,30287,159293,-2572,365271,43.6
legacy_fut,088691,"Gold, COMEX (GLD proxy)",noncommercial,2009-03-10,178160,33372,144788,-14505,371321,39.0
legacy_fut,088691,"Gold, COMEX (GLD proxy)",noncommercial,2009-03-17,175190,24795,150395,5607,376237,40.0
legacy_fut,088691,"Gold, COMEX (GLD proxy)",noncommercial,2009-03-24,178635,26708,151927,1532,387177,39.2
legacy_fut,088691,"Gold, COMEX (GLD proxy)",noncommercial,2009-03-31,182986,28127,154859,2932,368618,42.0
legacy_fut,088691,"Gold, COMEX (GLD proxy)",noncommercial,2009-04-07,165377,37565,127812,-27047,344929,37.1
legacy_fut,088691,"Gold, COMEX (GLD proxy)",noncommercial,2009-04-14,165866,35971,129895,2083,336930,38.6
legacy_fut,088691,"Gold, COMEX (GLD proxy)",noncommercial,2009-04-21,164328,35961,128367,-1528,339226,37.8
legacy_fut,088691,"Gold, COMEX (GLD proxy)",noncommercial,2009-04-28,166821,37721,129100,733,343037,37.6
legacy_fut,088691,"Gold, COMEX (GLD proxy)",noncommercial,2009-05-05,171493,41502,129991,891,341461,38.1
legacy_fut,088691,"Gold, COMEX (GLD proxy)",noncommercial,2009-05-12,184509,45632,138877,8886,359517,38.6
legacy_fut,088691,"Gold, COMEX (GLD proxy)",noncommercial,2009-05-19,185932,36348,149584,10707,367931,40.7
legacy_fut,088691,"Gold, COMEX (GLD proxy)",noncommercial,2009-05-26,209733,32425,177308,27724,396965,44.7
legacy_fut,088691,"Gold, COMEX (GLD proxy)",noncommercial,2009-06-02,215968,28628,187340,10032,391057,47.9
legacy_fut,088691,"Gold, COMEX (GLD proxy)",noncommercial,2009-06-09,215785,26111,189674,2334,387181,49.0
legacy_fut,088691,"Gold, COMEX (GLD proxy)",noncommercial,2009-06-16,202687,27144,175543,-14131,371997,47.2
legacy_fut,088691,"Gold, COMEX (GLD proxy)",noncommercial,2009-06-23,195654,29360,166294,-9249,370347,44.9
legacy_fut,088691,"Gold, COMEX (GLD proxy)",noncommercial,2009-06-30,194005,29819,164186,-2108,379199,43.3
legacy_fut,088691,"Gold, COMEX (GLD proxy)",noncommercial,2009-07-07,190386,26242,164144,-42,372985,44.0
legacy_fut,088691,"Gold, COMEX (GLD proxy)",noncommercial,2009-07-14,185704,26900,158804,-5340,370509,42.9
legacy_fut,088691,"Gold, COMEX (GLD proxy)",noncommercial,2009-07-21,201269,27967,173302,14498,390939,44.3
legacy_fut,088691,"Gold, COMEX (GLD proxy)",noncommercial,2009-07-28,199452,26681,172771,-531,386340,44.7
legacy_fut,088691,"Gold, COMEX (GLD proxy)",noncommercial,2009-08-04,217009,23495,193514,20743,392834,49.3
legacy_fut,088691,"Gold, COMEX (GLD proxy)",noncommercial,2009-08-11,211989,21903,190086,-3428,385002,49.4
legacy_fut,088691,"Gold, COMEX (GLD proxy)",noncommercial,2009-08-18,203467,25937,177530,-12556,373810,47.5
legacy_fut,088691,"Gold, COMEX (GLD proxy)",noncommercial,2009-08-25,205472,22490,182982,5452,379629,48.2
legacy_fut,088691,"Gold, COMEX (GLD proxy)",noncommercial,2009-09-01,206799,22298,184501,1519,384703,48.0
legacy_fut,088691,"Gold, COMEX (GLD proxy)",noncommercial,2009-09-08,251708,27032,224676,40175,451713,49.7
legacy_fut,088691,"Gold, COMEX (GLD proxy)",noncommercial,2009-09-15,263329,27682,235647,10971,467892,50.4
legacy_fut,088691,"Gold, COMEX (GLD proxy)",noncommercial,2009-09-22,265925,29176,236749,1102,467145,50.7
legacy_fut,088691,"Gold, COMEX (GLD proxy)",noncommercial,2009-09-29,252994,21608,231386,-5363,454585,50.9
legacy_fut,088691,"Gold, COMEX (GLD proxy)",noncommercial,2009-10-06,269879,30211,239668,8282,484307,49.5
legacy_fut,088691,"Gold, COMEX (GLD proxy)",noncommercial,2009-10-13,288214,34259,253955,14287,504187,50.4
legacy_fut,088691,"Gold, COMEX (GLD proxy)",noncommercial,2009-10-20,286864,36757,250107,-3848,509678,49.1
legacy_fut,088691,"Gold, COMEX (GLD proxy)",noncommercial,2009-10-27,272946,31169,241777,-8330,497479,48.6
legacy_fut,088691,"Gold, COMEX (GLD proxy)",noncommercial,2009-11-03,279524,38205,241319,-458,493991,48.9
legacy_fut,088691,"Gold, COMEX (GLD proxy)",noncommercial,2009-11-09,280398,42338,238060,,530505,44.9
legacy_fut,088691,"Gold, COMEX (GLD proxy)",noncommercial,2009-11-17,284390,48693,235697,,533119,44.2
legacy_fut,088691,"Gold, COMEX (GLD proxy)",noncommercial,2009-11-24,294780,32449,262331,26634,521253,50.3
legacy_fut,088691,"Gold, COMEX (GLD proxy)",noncommercial,2009-12-01,297316,38252,259064,-3267,521433,49.7
legacy_fut,088691,"Gold, COMEX (GLD proxy)",noncommercial,2009-12-08,290956,36527,254429,-4635,505652,50.3
legacy_fut,088691,"Gold, COMEX (GLD proxy)",noncommercial,2009-12-15,288482,32374,256108,1679,504368,50.8
legacy_fut,088691,"Gold, COMEX (GLD proxy)",noncommercial,2009-12-22,273487,35411,238076,-18032,499233,47.7
legacy_fut,088691,"Gold, COMEX (GLD proxy)",noncommercial,2009-12-29,263631,33141,230490,-7586,491712,46.9
legacy_fut,088691,"Gold, COMEX (GLD proxy)",noncommercial,2010-01-05,263008,35241,227767,-2723,507643,44.9
legacy_fut,088691,"Gold, COMEX (GLD proxy)",noncommercial,2010-01-12,271260,41918,229342,1575,523266,43.8
legacy_fut,088691,"Gold, COMEX (GLD proxy)",noncommercial,2010-01-19,261276,39807,221469,-7873,528924,41.9
legacy_fut,088691,"Gold, COMEX (GLD proxy)",noncommercial,2010-01-26,246223,34299,211924,-9545,507565,41.8
legacy_fut,088691,"Gold, COMEX (GLD proxy)",noncommercial,2010-02-02,246048,35879,210169,-1755,480860,43.7
legacy_fut,088691,"Gold, COMEX (GLD proxy)",noncommercial,2010-02-09,222775,41256,181519,-28650,466905,38.9
legacy_fut,088691,"Gold, COMEX (GLD proxy)",noncommercial,2010-02-16,224715,35857,188858,7339,466509,40.5
legacy_fut,088691,"Gold, COMEX (GLD proxy)",noncommercial,2010-02-23,233106,32484,200622,11764,466572,43.0
legacy_fut,088691,"Gold, COMEX (GLD proxy)",noncommercial,2010-03-02,239765,32393,207372,6750,482786,43.0
legacy_fut,088691,"Gold, COMEX (GLD proxy)",noncommercial,2010-03-09,240868,32674,208194,822,493909,42.2
legacy_fut,088691,"Gold, COMEX (GLD proxy)",noncommercial,2010-03-16,239065,38719,200346,-7848,496481,40.4
legacy_fut,088691,"Gold, COMEX (GLD proxy)",noncommercial,2010-03-23,221472,37600,183872,-16474,495143,37.1
legacy_fut,088691,"Gold, COMEX (GLD proxy)",noncommercial,2010-03-30,209874,36108,173766,-10106,466678,37.2
legacy_fut,088691,"Gold, COMEX (GLD proxy)",noncommercial,2010-04-06,242302,38856,203446,29680,497388,40.9
legacy_fut,088691,"Gold, COMEX (GLD proxy)",noncommercial,2010-04-13,262599,41857,220742,17296,528856,41.7
legacy_fut,088691,"Gold, COMEX (GLD proxy)",noncommercial,2010-04-20,251244,40593,210651,-10091,521338,40.4
legacy_fut,088691,"Gold, COMEX (GLD proxy)",noncommercial,2010-04-27,263472,37804,225668,15017,538591,41.9
legacy_fut,088691,"Gold, COMEX (GLD proxy)",noncommercial,2010-05-04,271511,40964,230547,4879,551616,41.8
legacy_fut,088691,"Gold, COMEX (GLD proxy)",noncommercial,2010-05-11,282375,46550,235825,5278,583504,40.4
legacy_fut,088691,"Gold, COMEX (GLD proxy)",noncommercial,2010-05-18,281985,50315,231670,-4155,579758,40.0
legacy_fut,088691,"Gold, COMEX (GLD proxy)",noncommercial,2010-05-25,271184,43493,227691,-3979,591360,38.5
legacy_fut,088691,"Gold, COMEX (GLD proxy)",noncommercial,2010-06-01,266569,42023,224546,-3145,553950,40.5
legacy_fut,088691,"Gold, COMEX (GLD proxy)",noncommercial,2010-06-08,270729,43331,227398,2852,564792,40.3
legacy_fut,088691,"Gold, COMEX (GLD proxy)",noncommercial,2010-06-15,273657,43406,230251,2853,569204,40.5
legacy_fut,088691,"Gold, COMEX (GLD proxy)",noncommercial,2010-06-22,283920,45286,238634,8383,602411,39.6
legacy_fut,088691,"Gold, COMEX (GLD proxy)",noncommercial,2010-06-29,279992,35267,244725,6091,601138,40.7
legacy_fut,088691,"Gold, COMEX (GLD proxy)",noncommercial,2010-07-06,251273,42231,209042,-35683,577732,36.2
legacy_fut,088691,"Gold, COMEX (GLD proxy)",noncommercial,2010-07-13,243867,38946,204921,-4121,568078,36.1
legacy_fut,088691,"Gold, COMEX (GLD proxy)",noncommercial,2010-07-20,227963,49656,178307,-26614,559473,31.9
legacy_fut,088691,"Gold, COMEX (GLD proxy)",noncommercial,2010-07-27,228251,39350,188901,10594,560066,33.7
legacy_fut,088691,"Gold, COMEX (GLD proxy)",noncommercial,2010-08-03,222704,37189,185515,-3386,518643,35.8
legacy_fut,088691,"Gold, COMEX (GLD proxy)",noncommercial,2010-08-10,224485,33798,190687,5172,523078,36.5
legacy_fut,088691,"Gold, COMEX (GLD proxy)",noncommercial,2010-08-17,240954,36726,204228,13541,543674,37.6
legacy_fut,088691,"Gold, COMEX (GLD proxy)",noncommercial,2010-08-24,256244,35053,221191,16963,556464,39.7
legacy_fut,088691,"Gold, COMEX (GLD proxy)",noncommercial,2010-08-31,272509,34432,238077,16886,577352,41.2
legacy_fut,088691,"Gold, COMEX (GLD proxy)",noncommercial,2010-09-07,275367,35670,239697,1620,585564,40.9
legacy_fut,088691,"Gold, COMEX (GLD proxy)",noncommercial,2010-09-14,286237,41976,244261,4564,594058,41.1
legacy_fut,088691,"Gold, COMEX (GLD proxy)",noncommercial,2010-09-21,286568,42555,244013,-248,597592,40.8
legacy_fut,088691,"Gold, COMEX (GLD proxy)",noncommercial,2010-09-28,297272,39623,257649,13636,619408,41.6
legacy_fut,088691,"Gold, COMEX (GLD proxy)",noncommercial,2010-10-05,300571,40951,259620,1971,617204,42.1
legacy_fut,088691,"Gold, COMEX (GLD proxy)",noncommercial,2010-10-12,304564,48690,255874,-3746,616382,41.5
legacy_fut,088691,"Gold, COMEX (GLD proxy)",noncommercial,2010-10-19,299275,49523,249752,-6122,630626,39.6
legacy_fut,088691,"Gold, COMEX (GLD proxy)",noncommercial,2010-10-26,283153,44067,239086,-10666,607582,39.4
legacy_fut,088691,"Gold, COMEX (GLD proxy)",noncommercial,2010-11-02,282707,52479,230228,-8858,618381,37.2
legacy_fut,088691,"Gold, COMEX (GLD proxy)",noncommercial,2010-11-09,298005,51826,246179,15951,650764,37.8
legacy_fut,088691,"Gold, COMEX (GLD proxy)",noncommercial,2010-11-16,267157,48678,218479,-27700,637435,34.3
legacy_fut,088691,"Gold, COMEX (GLD proxy)",noncommercial,2010-11-23,261969,40640,221329,2850,622712,35.5
legacy_fut,088691,"Gold, COMEX (GLD proxy)",noncommercial,2010-11-30,265824,38217,227607,6278,600158,37.9
legacy_fut,088691,"Gold, COMEX (GLD proxy)",noncommercial,2010-12-07,269504,36753,232751,5144,603632,38.6
legacy_fut,088691,"Gold, COMEX (GLD proxy)",noncommercial,2010-12-14,259917,39722,220195,-12556,594652,37.0
legacy_fut,088691,"Gold, COMEX (GLD proxy)",noncommercial,2010-12-21,251722,45298,206424,-13771,582133,35.5
legacy_fut,088691,"Gold, COMEX (GLD proxy)",noncommercial,2010-12-28,258145,42357,215788,9364,594490,36.3
legacy_fut,088691,"Gold, COMEX (GLD proxy)",noncommercial,2011-01-04,250305,47987,202318,-13470,592613,34.1
legacy_fut,088691,"Gold, COMEX (GLD proxy)",noncommercial,2011-01-11,234333,56961,177372,-24946,588179,30.2
legacy_fut,088691,"Gold, COMEX (GLD proxy)",noncommercial,2011-01-18,237404,72411,164993,-12379,587832,28.1
legacy_fut,088691,"Gold, COMEX (GLD proxy)",noncommercial,2011-01-25,232725,72136,160589,-4404,506047,31.7
legacy_fut,088691,"Gold, COMEX (GLD proxy)",noncommercial,2011-02-01,212265,61071,151194,-9395,462907,32.7
legacy_fut,088691,"Gold, COMEX (GLD proxy)",noncommercial,2011-02-08,226799,59706,167093,15899,469779,35.6
legacy_fut,088691,"Gold, COMEX (GLD proxy)",noncommercial,2011-02-15,230943,58099,172844,5751,473345,36.5
legacy_fut,088691,"Gold, COMEX (GLD proxy)",noncommercial,2011-02-22,246967,66543,180424,7580,502119,35.9
legacy_fut,088691,"Gold, COMEX (GLD proxy)",noncommercial,2011-03-01,257754,60501,197253,16829,515784,38.2
legacy_fut,088691,"Gold, COMEX (GLD proxy)",noncommercial,2011-03-08,253434,62494,190940,-6313,515214,37.1
legacy_fut,088691,"Gold, COMEX (GLD proxy)",noncommercial,2011-03-15,240661,66090,174571,-16369,507760,34.4
legacy_fut,088691,"Gold, COMEX (GLD proxy)",noncommercial,2011-03-22,231512,56675,174837,266,509131,34.3
legacy_fut,088691,"Gold, COMEX (GLD proxy)",noncommercial,2011-03-29,242343,49222,193121,18284,492087,39.2
legacy_fut,088691,"Gold, COMEX (GLD proxy)",noncommercial,2011-04-05,259792,55086,204706,11585,508956,40.2
legacy_fut,088691,"Gold, COMEX (GLD proxy)",noncommercial,2011-04-12,261335,59590,201745,-2961,514871,39.2
legacy_fut,088691,"Gold, COMEX (GLD proxy)",noncommercial,2011-04-19,274208,59282,214926,13181,537946,40.0
legacy_fut,088691,"Gold, COMEX (GLD proxy)",noncommercial,2011-04-26,260607,59341,201266,-13660,530132,38.0
legacy_fut,088691,"Gold, COMEX (GLD proxy)",noncommercial,2011-05-03,259440,66784,192656,-8610,522323,36.9
legacy_fut,088691,"Gold, COMEX (GLD proxy)",noncommercial,2011-05-10,240975,64636,176339,-16317,510151,34.6
legacy_fut,088691,"Gold, COMEX (GLD proxy)",noncommercial,2011-05-17,227421,62818,164603,-11736,509164,32.3
legacy_fut,088691,"Gold, COMEX (GLD proxy)",noncommercial,2011-05-24,240461,68067,172394,7791,531180,32.5
legacy_fut,088691,"Gold, COMEX (GLD proxy)",noncommercial,2011-05-31,247185,55411,191774,19380,501400,38.2
legacy_fut,088691,"Gold, COMEX (GLD proxy)",noncommercial,2011-06-07,251837,53129,198708,6934,502251,39.6
legacy_fut,088691,"Gold, COMEX (GLD proxy)",noncommercial,2011-06-14,247713,56018,191695,-7013,497780,38.5
legacy_fut,088691,"Gold, COMEX (GLD proxy)",noncommercial,2011-06-21,262254,59027,203227,11532,515016,39.5
legacy_fut,088691,"Gold, COMEX (GLD proxy)",noncommercial,2011-06-28,225982,60080,165902,-37325,495761,33.5
legacy_fut,088691,"Gold, COMEX (GLD proxy)",noncommercial,2011-07-05,219889,62114,157775,-8127,489782,32.2
legacy_fut,088691,"Gold, COMEX (GLD proxy)",noncommercial,2011-07-12,262515,64918,197597,39822,520202,38.0
legacy_fut,088691,"Gold, COMEX (GLD proxy)",noncommercial,2011-07-19,277492,58195,219297,21700,542342,40.4
legacy_fut,088691,"Gold, COMEX (GLD proxy)",noncommercial,2011-07-26,278473,42856,235617,16320,536454,43.9
legacy_fut,088691,"Gold, COMEX (GLD proxy)",noncommercial,2011-08-02,291974,44799,247175,11558,529403,46.7
legacy_fut,088691,"Gold, COMEX (GLD proxy)",noncommercial,2011-08-09,259388,55815,203573,-43602,510223,39.9
legacy_fut,088691,"Gold, COMEX (GLD proxy)",noncommercial,2011-08-16,263954,63868,200086,-3487,514107,38.9
legacy_fut,088691,"Gold, COMEX (GLD proxy)",noncommercial,2011-08-23,258641,70960,187681,-12405,528520,35.5
legacy_fut,088691,"Gold, COMEX (GLD proxy)",noncommercial,2011-08-30,237230,60283,176947,-10734,509326,34.7
legacy_fut,088691,"Gold, COMEX (GLD proxy)",noncommercial,2011-09-06,248457,64086,184371,7424,523294,35.2
legacy_fut,088691,"Gold, COMEX (GLD proxy)",noncommercial,2011-09-13,235395,66548,168847,-15524,512068,33.0
legacy_fut,088691,"Gold, COMEX (GLD proxy)",noncommercial,2011-09-20,212809,62280,150529,-18318,499356,30.1
legacy_fut,088691,"Gold, COMEX (GLD proxy)",noncommercial,2011-09-27,181723,53922,127801,-22728,465414,27.5
legacy_fut,088691,"Gold, COMEX (GLD proxy)",noncommercial,2011-10-04,180635,47479,133156,5355,436920,30.5
legacy_fut,088691,"Gold, COMEX (GLD proxy)",noncommercial,2011-10-11,179125,44623,134502,1346,438090,30.7
legacy_fut,088691,"Gold, COMEX (GLD proxy)",noncommercial,2011-10-18,175224,48246,126978,-7524,437739,29.0
legacy_fut,088691,"Gold, COMEX (GLD proxy)",noncommercial,2011-10-25,182146,52425,129721,2743,443723,29.2
legacy_fut,088691,"Gold, COMEX (GLD proxy)",noncommercial,2011-11-01,183149,43204,139945,10224,442435,31.6
legacy_fut,088691,"Gold, COMEX (GLD proxy)",noncommercial,2011-11-08,200186,44479,155707,15762,464982,33.5
legacy_fut,088691,"Gold, COMEX (GLD proxy)",noncommercial,2011-11-15,205417,46203,159214,3507,470490,33.8
legacy_fut,088691,"Gold, COMEX (GLD proxy)",noncommercial,2011-11-22,194066,33096,160970,1756,457070,35.2
legacy_fut,088691,"Gold, COMEX (GLD proxy)",noncommercial,2011-11-29,186031,31238,154793,-6177,423176,36.6
legacy_fut,088691,"Gold, COMEX (GLD proxy)",noncommercial,2011-12-06,192752,33041,159711,4918,422956,37.8
legacy_fut,088691,"Gold, COMEX (GLD proxy)",noncommercial,2011-12-13,184468,33965,150503,-9208,427699,35.2
legacy_fut,088691,"Gold, COMEX (GLD proxy)",noncommercial,2011-12-20,172973,39037,133936,-16567,423465,31.6
legacy_fut,088691,"Gold, COMEX (GLD proxy)",noncommercial,2011-12-27,167413,36625,130788,-3148,418945,31.2
legacy_fut,088691,"Gold, COMEX (GLD proxy)",noncommercial,2012-01-03,169339,38368,130971,183,423275,30.9
legacy_fut,088691,"Gold, COMEX (GLD proxy)",noncommercial,2012-01-10,166262,33502,132760,1789,417923,31.8
legacy_fut,088691,"Gold, COMEX (GLD proxy)",noncommercial,2012-01-17,167373,31344,136029,3269,432838,31.4
legacy_fut,088691,"Gold, COMEX (GLD proxy)",noncommercial,2012-01-24,173479,31256,142223,6194,427032,33.3
legacy_fut,088691,"Gold, COMEX (GLD proxy)",noncommercial,2012-01-31,197478,26119,171359,29136,425133,40.3
legacy_fut,088691,"Gold, COMEX (GLD proxy)",noncommercial,2012-02-07,207620,30113,177507,6148,436061,40.7
legacy_fut,088691,"Gold, COMEX (GLD proxy)",noncommercial,2012-02-14,200332,32912,167420,-10087,431164,38.8
legacy_fut,088691,"Gold, COMEX (GLD proxy)",noncommercial,2012-02-21,214343,33382,180961,13541,456676,39.6
legacy_fut,088691,"Gold, COMEX (GLD proxy)",noncommercial,2012-02-28,231050,37830,193220,12259,479044,40.3
legacy_fut,088691,"Gold, COMEX (GLD proxy)",noncommercial,2012-03-06,198112,34847,163265,-29955,443249,36.8
legacy_fut,088691,"Gold, COMEX (GLD proxy)",noncommercial,2012-03-13,190477,39571,150906,-12359,442319,34.1
legacy_fut,088691,"Gold, COMEX (GLD proxy)",noncommercial,2012-03-20,175009,43546,131463,-19443,431039,30.5
legacy_fut,088691,"Gold, COMEX (GLD proxy)",noncommercial,2012-03-27,182369,34548,147821,16358,417304,35.4
legacy_fut,088691,"Gold, COMEX (GLD proxy)",noncommercial,2012-04-03,175592,33827,141765,-6056,407761,34.8
legacy_fut,088691,"Gold, COMEX (GLD proxy)",noncommercial,2012-04-10,170996,34343,136653,-5112,403989,33.8
legacy_fut,088691,"Gold, COMEX (GLD proxy)",noncommercial,2012-04-17,168700,26695,142005,5352,398526,35.6
legacy_fut,088691,"Gold, COMEX (GLD proxy)",noncommercial,2012-04-24,165003,30009,134994,-7011,395389,34.1
legacy_fut,088691,"Gold, COMEX (GLD proxy)",noncommercial,2012-05-01,169568,29175,140393,5399,411972,34.1
legacy_fut,088691,"Gold, COMEX (GLD proxy)",noncommercial,2012-05-08,166130,42827,123303,-17090,417798,29.5
legacy_fut,088691,"Gold, COMEX (GLD proxy)",noncommercial,2012-05-15,164051,49909,114142,-9161,422091,27.0
legacy_fut,088691,"Gold, COMEX (GLD proxy)",noncommercial,2012-05-22,169551,54400,115151,1009,435706,26.4
legacy_fut,088691,"Gold, COMEX (GLD proxy)",noncommercial,2012-05-29,167439,56727,110712,-4439,419991,26.4
legacy_fut,088691,"Gold, COMEX (GLD proxy)",noncommercial,2012-06-05,183962,55098,128864,18152,423941,30.4
legacy_fut,088691,"Gold, COMEX (GLD proxy)",noncommercial,2012-06-12,181259,48944,132315,3451,412244,32.1
legacy_fut,088691,"Gold, COMEX (GLD proxy)",noncommercial,2012-06-19,184393,47989,136404,4089,418492,32.6
legacy_fut,088691,"Gold, COMEX (GLD proxy)",noncommercial,2012-06-26,174589,51970,122619,-13785,413618,29.6
legacy_fut,088691,"Gold, COMEX (GLD proxy)",noncommercial,2012-07-03,187263,50048,137215,14596,425068,32.3
legacy_fut,088691,"Gold, COMEX (GLD proxy)",noncommercial,2012-07-10,182156,55921,126235,-10980,429854,29.4
legacy_fut,088691,"Gold, COMEX (GLD proxy)",noncommercial,2012-07-17,180474,51515,128959,2724,431317,29.9
legacy_fut,088691,"Gold, COMEX (GLD proxy)",noncommercial,2012-07-24,166085,53108,112977,-15982,420296,26.9
legacy_fut,088691,"Gold, COMEX (GLD proxy)",noncommercial,2012-07-31,171331,45267,126064,13087,403403,31.3
legacy_fut,088691,"Gold, COMEX (GLD proxy)",noncommercial,2012-08-07,163082,47582,115500,-10564,388254,29.7
legacy_fut,088691,"Gold, COMEX (GLD proxy)",noncommercial,2012-08-14,161435,47131,114304,-1196,388187,29.4
legacy_fut,088691,"Gold, COMEX (GLD proxy)",noncommercial,2012-08-21,170780,40096,130684,16380,398747,32.8
legacy_fut,088691,"Gold, COMEX (GLD proxy)",noncommercial,2012-08-28,194680,36189,158491,27807,426559,37.2
legacy_fut,088691,"Gold, COMEX (GLD proxy)",noncommercial,2012-09-04,204945,34481,170464,11973,444489,38.4
legacy_fut,088691,"Gold, COMEX (GLD proxy)",noncommercial,2012-09-11,214403,32387,182016,11552,460531,39.5
legacy_fut,088691,"Gold, COMEX (GLD proxy)",noncommercial,2012-09-18,224988,33873,191115,9099,478609,39.9
legacy_fut,088691,"Gold, COMEX (GLD proxy)",noncommercial,2012-09-25,233994,30098,203896,12781,489516,41.7
legacy_fut,088691,"Gold, COMEX (GLD proxy)",noncommercial,2012-10-02,239434,31108,208326,4430,480908,43.3
legacy_fut,088691,"Gold, COMEX (GLD proxy)",noncommercial,2012-10-09,247401,35452,211949,3623,484359,43.8
legacy_fut,088691,"Gold, COMEX (GLD proxy)",noncommercial,2012-10-16,232988,38968,194020,-17929,462826,41.9
legacy_fut,088691,"Gold, COMEX (GLD proxy)",noncommercial,2012-10-23,222095,40052,182043,-11977,455836,39.9
legacy_fut,088691,"Gold, COMEX (GLD proxy)",noncommercial,2012-10-30,207532,37310,170222,-11821,454742,37.4
legacy_fut,088691,"Gold, COMEX (GLD proxy)",noncommercial,2012-11-06,196504,36331,160173,-10049,447154,35.8
legacy_fut,088691,"Gold, COMEX (GLD proxy)",noncommercial,2012-11-13,207847,36253,171594,11421,459761,37.3
legacy_fut,088691,"Gold, COMEX (GLD proxy)",noncommercial,2012-11-20,217433,36618,180815,9221,474129,38.1
legacy_fut,088691,"Gold, COMEX (GLD proxy)",noncommercial,2012-11-27,228431,28024,200407,19592,479373,41.8
legacy_fut,088691,"Gold, COMEX (GLD proxy)",noncommercial,2012-12-04,202177,36441,165736,-34671,434416,38.2
legacy_fut,088691,"Gold, COMEX (GLD proxy)",noncommercial,2012-12-11,201955,38256,163699,-2037,433586,37.8
legacy_fut,088691,"Gold, COMEX (GLD proxy)",noncommercial,2012-12-18,202641,44860,157781,-5918,435742,36.2
legacy_fut,088691,"Gold, COMEX (GLD proxy)",noncommercial,2012-12-24,200436,50340,150096,,426300,35.2
legacy_fut,088691,"Gold, COMEX (GLD proxy)",noncommercial,2012-12-31,198660,50141,148519,-1577,427991,34.7
legacy_fut,088691,"Gold, COMEX (GLD proxy)",noncommercial,2013-01-08,193869,51061,142808,,441304,32.4
legacy_fut,088691,"Gold, COMEX (GLD proxy)",noncommercial,2013-01-15,192955,47839,145116,2308,447773,32.4
legacy_fut,088691,"Gold, COMEX (GLD proxy)",noncommercial,2013-01-22,195795,43898,151897,6781,461369,32.9
legacy_fut,088691,"Gold, COMEX (GLD proxy)",noncommercial,2013-01-29,181103,54155,126948,-24949,430718,29.5
legacy_fut,088691,"Gold, COMEX (GLD proxy)",noncommercial,2013-02-05,192806,55341,137465,10517,423982,32.4
legacy_fut,088691,"Gold, COMEX (GLD proxy)",noncommercial,2013-02-12,193941,67106,126835,-10630,435088,29.2
legacy_fut,088691,"Gold, COMEX (GLD proxy)",noncommercial,2013-02-19,195870,92219,103651,-23184,447290,23.2
legacy_fut,088691,"Gold, COMEX (GLD proxy)",noncommercial,2013-02-26,201956,85357,116599,12948,433858,26.9
legacy_fut,088691,"Gold, COMEX (GLD proxy)",noncommercial,2013-03-05,195248,87661,107587,-9012,434586,24.8
legacy_fut,088691,"Gold, COMEX (GLD proxy)",noncommercial,2013-03-12,201617,87110,114507,6920,445651,25.7
legacy_fut,088691,"Gold, COMEX (GLD proxy)",noncommercial,2013-03-19,208895,73285,135610,21103,440712,30.8
legacy_fut,088691,"Gold, COMEX (GLD proxy)",noncommercial,2013-03-26,200389,67943,132446,-3164,419727,31.6
legacy_fut,088691,"Gold, COMEX (GLD proxy)",noncommercial,2013-04-02,202634,82428,120206,-12240,417176,28.8
legacy_fut,088691,"Gold, COMEX (GLD proxy)",noncommercial,2013-04-09,203812,84453,119359,-847,416513,28.7
legacy_fut,088691,"Gold, COMEX (GLD proxy)",noncommercial,2013-04-16,204677,75795,128882,9523,413083,31.2
legacy_fut,088691,"Gold, COMEX (GLD proxy)",noncommercial,2013-04-23,197188,92933,104255,-24627,415074,25.1
legacy_fut,088691,"Gold, COMEX (GLD proxy)",noncommercial,2013-04-30,193310,96258,97052,-7203,421087,23.0
legacy_fut,088691,"Gold, COMEX (GLD proxy)",noncommercial,2013-05-07,189343,99920,89423,-7629,437931,20.4
legacy_fut,088691,"Gold, COMEX (GLD proxy)",noncommercial,2013-05-14,186921,103195,83726,-5697,443806,18.9
legacy_fut,088691,"Gold, COMEX (GLD proxy)",noncommercial,2013-05-21,189401,109142,80259,-3467,446087,18.0
legacy_fut,088691,"Gold, COMEX (GLD proxy)",noncommercial,2013-05-28,172565,115686,56879,-23380,411001,13.8
legacy_fut,088691,"Gold, COMEX (GLD proxy)",noncommercial,2013-06-04,170971,109771,61200,4321,373061,16.4
legacy_fut,088691,"Gold, COMEX (GLD proxy)",noncommercial,2013-06-11,174015,115010,59005,-2195,373844,15.8
legacy_fut,088691,"Gold, COMEX (GLD proxy)",noncommercial,2013-06-18,166771,123079,43692,-15313,377106,11.6
legacy_fut,088691,"Gold, COMEX (GLD proxy)",noncommercial,2013-06-25,164901,130749,34152,-9540,390647,8.7
legacy_fut,088691,"Gold, COMEX (GLD proxy)",noncommercial,2013-07-02,158712,137961,20751,-13401,410399,5.1
legacy_fut,088691,"Gold, COMEX (GLD proxy)",noncommercial,2013-07-09,160214,143657,16557,-4194,431574,3.8
legacy_fut,088691,"Gold, COMEX (GLD proxy)",noncommercial,2013-07-16,156571,133109,23462,6905,440283,5.3
legacy_fut,088691,"Gold, COMEX (GLD proxy)",noncommercial,2013-07-23,161197,127006,34191,10729,434750,7.9
legacy_fut,088691,"Gold, COMEX (GLD proxy)",noncommercial,2013-07-30,154519,126153,28366,-5825,397035,7.1
legacy_fut,088691,"Gold, COMEX (GLD proxy)",noncommercial,2013-08-06,153812,102177,51635,23269,396062,13.0
legacy_fut,088691,"Gold, COMEX (GLD proxy)",noncommercial,2013-08-13,148524,94598,53926,2291,390547,13.8
legacy_fut,088691,"Gold, COMEX (GLD proxy)",noncommercial,2013-08-20,151348,90952,60396,6470,385410,15.7
legacy_fut,088691,"Gold, COMEX (GLD proxy)",noncommercial,2013-08-27,150074,71785,78289,17893,384102,20.4
legacy_fut,088691,"Gold, COMEX (GLD proxy)",noncommercial,2013-09-03,151951,73760,78191,-98,388584,20.1
legacy_fut,088691,"Gold, COMEX (GLD proxy)",noncommercial,2013-09-10,141506,72782,68724,-9467,384164,17.9
legacy_fut,088691,"Gold, COMEX (GLD proxy)",noncommercial,2013-09-17,138956,80160,58796,-9928,384592,15.3
legacy_fut,088691,"Gold, COMEX (GLD proxy)",noncommercial,2013-09-24,140468,73329,67139,8343,378216,17.8
legacy_fut,088691,"Gold, COMEX (GLD proxy)",noncommercial,2013-10-01,141541,68494,73047,5908,374151,19.5
legacy_fut,088691,"Gold, COMEX (GLD proxy)",noncommercial,2013-10-08,140207,57890,82317,9270,370406,22.2
legacy_fut,088691,"Gold, COMEX (GLD proxy)",noncommercial,2013-10-15,139663,77730,61933,-20384,381727,16.2
legacy_fut,088691,"Gold, COMEX (GLD proxy)",noncommercial,2013-10-22,147835,71170,76665,14732,390369,19.6
legacy_fut,088691,"Gold, COMEX (GLD proxy)",noncommercial,2013-10-29,153409,53173,100236,23571,387166,25.9
legacy_fut,088691,"Gold, COMEX (GLD proxy)",noncommercial,2013-11-05,149031,57895,91136,-9100,386796,23.6
legacy_fut,088691,"Gold, COMEX (GLD proxy)",noncommercial,2013-11-12,144062,82710,61352,-29784,403840,15.2
legacy_fut,088691,"Gold, COMEX (GLD proxy)",noncommercial,2013-11-19,140853,92733,48120,-13232,397590,12.1
legacy_fut,088691,"Gold, COMEX (GLD proxy)",noncommercial,2013-11-26,133414,106859,26555,-21565,394432,6.7
legacy_fut,088691,"Gold, COMEX (GLD proxy)",noncommercial,2013-12-03,134546,111855,22691,-3864,386436,5.9
legacy_fut,088691,"Gold, COMEX (GLD proxy)",noncommercial,2013-12-10,133866,107486,26380,3689,377313,7.0
legacy_fut,088691,"Gold, COMEX (GLD proxy)",noncommercial,2013-12-17,133068,107164,25904,-476,385432,6.7
legacy_fut,088691,"Gold, COMEX (GLD proxy)",noncommercial,2013-12-24,135390,108051,27339,1435,384974,7.1
legacy_fut,088691,"Gold, COMEX (GLD proxy)",noncommercial,2013-12-31,137182,104959,32223,4884,379550,8.5
legacy_fut,088691,"Gold, COMEX (GLD proxy)",noncommercial,2014-01-07,139244,100357,38887,6664,383021,10.2
legacy_fut,088691,"Gold, COMEX (GLD proxy)",noncommercial,2014-01-14,145857,101844,44013,5126,415426,10.6
legacy_fut,088691,"Gold, COMEX (GLD proxy)",noncommercial,2014-01-21,146018,99435,46583,2570,410959,11.3
legacy_fut,088691,"Gold, COMEX (GLD proxy)",noncommercial,2014-01-28,150158,83817,66341,19758,382739,17.3
legacy_fut,088691,"Gold, COMEX (GLD proxy)",noncommercial,2014-02-04,147754,82815,64939,-1402,368279,17.6
legacy_fut,088691,"Gold, COMEX (GLD proxy)",noncommercial,2014-02-11,156786,85585,71201,6262,376973,18.9
legacy_fut,088691,"Gold, COMEX (GLD proxy)",noncommercial,2014-02-18,164478,79847,84631,13430,390535,21.7
legacy_fut,088691,"Gold, COMEX (GLD proxy)",noncommercial,2014-02-25,169870,60406,109464,24833,387503,28.2
legacy_fut,088691,"Gold, COMEX (GLD proxy)",noncommercial,2014-03-04,171404,56238,115166,5702,393266,29.3
legacy_fut,088691,"Gold, COMEX (GLD proxy)",noncommercial,2014-03-11,170482,51592,118890,3724,415340,28.6
legacy_fut,088691,"Gold, COMEX (GLD proxy)",noncommercial,2014-03-18,183324,46510,136814,17924,420626,32.5
legacy_fut,088691,"Gold, COMEX (GLD proxy)",noncommercial,2014-03-25,169083,51766,117317,-19497,398264,29.5
legacy_fut,088691,"Gold, COMEX (GLD proxy)",noncommercial,2014-04-01,158152,58007,100145,-17172,363451,27.6
legacy_fut,088691,"Gold, COMEX (GLD proxy)",noncommercial,2014-04-08,149693,61094,88599,-11546,365400,24.2
legacy_fut,088691,"Gold, COMEX (GLD proxy)",noncommercial,2014-04-15,147432,68140,79292,-9307,369577,21.5
legacy_fut,088691,"Gold, COMEX (GLD proxy)",noncommercial,2014-04-22,146880,65047,81833,2541,372593,22.0
legacy_fut,088691,"Gold, COMEX (GLD proxy)",noncommercial,2014-04-29,147769,62542,85227,3394,378092,22.5
legacy_fut,088691,"Gold, COMEX (GLD proxy)",noncommercial,2014-05-06,160982,63026,97956,12729,404700,24.2
legacy_fut,088691,"Gold, COMEX (GLD proxy)",noncommercial,2014-05-13,157176,65542,91634,-6322,397029,23.1
legacy_fut,088691,"Gold, COMEX (GLD proxy)",noncommercial,2014-05-20,157398,60907,96491,4857,399371,24.2
legacy_fut,088691,"Gold, COMEX (GLD proxy)",noncommercial,2014-05-27,155615,82224,73391,-23100,397695,18.5
legacy_fut,088691,"Gold, COMEX (GLD proxy)",noncommercial,2014-06-03,157332,98181,59151,-14240,382141,15.5
legacy_fut,088691,"Gold, COMEX (GLD proxy)",noncommercial,2014-06-10,159567,98440,61127,1976,378689,16.1
legacy_fut,088691,"Gold, COMEX (GLD proxy)",noncommercial,2014-06-17,162052,83757,78295,17168,379843,20.6
legacy_fut,088691,"Gold, COMEX (GLD proxy)",noncommercial,2014-06-24,183433,62574,120859,42564,392388,30.8
legacy_fut,088691,"Gold, COMEX (GLD proxy)",noncommercial,2014-07-01,201287,55262,146025,25166,401813,36.3
legacy_fut,088691,"Gold, COMEX (GLD proxy)",noncommercial,2014-07-08,203464,53443,150021,3996,410992,36.5
legacy_fut,088691,"Gold, COMEX (GLD proxy)",noncommercial,2014-07-15,199950,57492,142458,-7563,408368,34.9
legacy_fut,088691,"Gold, COMEX (GLD proxy)",noncommercial,2014-07-22,197835,51689,146146,3688,405617,36.0
legacy_fut,088691,"Gold, COMEX (GLD proxy)",noncommercial,2014-07-29,188980,49827,139153,-6993,374467,37.2
legacy_fut,088691,"Gold, COMEX (GLD proxy)",noncommercial,2014-08-05,176386,54923,121463,-17690,360342,33.7
legacy_fut,088691,"Gold, COMEX (GLD proxy)",noncommercial,2014-08-12,191325,43644,147681,26218,368114,40.1
legacy_fut,088691,"Gold, COMEX (GLD proxy)",noncommercial,2014-08-19,183846,45870,137976,-9705,366401,37.7
legacy_fut,088691,"Gold, COMEX (GLD proxy)",noncommercial,2014-08-26,172022,58853,113169,-24807,363608,31.1
legacy_fut,088691,"Gold, COMEX (GLD proxy)",noncommercial,2014-09-02,172522,75643,96879,-16290,371515,26.1
legacy_fut,088691,"Gold, COMEX (GLD proxy)",noncommercial,2014-09-09,177555,82414,95141,-1738,384341,24.8
legacy_fut,088691,"Gold, COMEX (GLD proxy)",noncommercial,2014-09-16,170749,98562,72187,-22954,386080,18.7
legacy_fut,088691,"Gold, COMEX (GLD proxy)",noncommercial,2014-09-23,170382,106498,63884,-8303,385788,16.6
legacy_fut,088691,"Gold, COMEX (GLD proxy)",noncommercial,2014-09-30,171075,106205,64870,986,379874,17.1
legacy_fut,088691,"Gold, COMEX (GLD proxy)",noncommercial,2014-10-07,174075,107628,66447,1577,380087,17.5
legacy_fut,088691,"Gold, COMEX (GLD proxy)",noncommercial,2014-10-14,193580,108165,85415,18968,397855,21.5
legacy_fut,088691,"Gold, COMEX (GLD proxy)",noncommercial,2014-10-21,207129,99145,107984,22569,411057,26.3
legacy_fut,088691,"Gold, COMEX (GLD proxy)",noncommercial,2014-10-28,195885,95146,100739,-7245,414410,24.3
legacy_fut,088691,"Gold, COMEX (GLD proxy)",noncommercial,2014-11-04,176899,113674,63225,-37514,417377,15.1
legacy_fut,088691,"Gold, COMEX (GLD proxy)",noncommercial,2014-11-11,177268,121225,56043,-7182,443422,12.6
legacy_fut,088691,"Gold, COMEX (GLD proxy)",noncommercial,2014-11-18,187955,106533,81422,25379,459657,17.7
legacy_fut,088691,"Gold, COMEX (GLD proxy)",noncommercial,2014-11-25,167394,91187,76207,-5215,388145,19.6
legacy_fut,088691,"Gold, COMEX (GLD proxy)",noncommercial,2014-12-02,170635,81305,89330,13123,368121,24.3
legacy_fut,088691,"Gold, COMEX (GLD proxy)",noncommercial,2014-12-09,186861,71999,114862,25532,375323,30.6
legacy_fut,088691,"Gold, COMEX (GLD proxy)",noncommercial,2014-12-16,182147,63739,118408,3546,371743,31.9
legacy_fut,088691,"Gold, COMEX (GLD proxy)",noncommercial,2014-12-23,180980,70070,110910,-7498,375212,29.6
legacy_fut,088691,"Gold, COMEX (GLD proxy)",noncommercial,2014-12-30,182897,67060,115837,4927,373982,31.0
legacy_fut,088691,"Gold, COMEX (GLD proxy)",noncommercial,2015-01-06,187705,65527,122178,6341,394021,31.0
legacy_fut,088691,"Gold, COMEX (GLD proxy)",noncommercial,2015-01-13,192959,62733,130226,8048,402108,32.4
legacy_fut,088691,"Gold, COMEX (GLD proxy)",noncommercial,2015-01-20,223257,60802,162455,32229,430128,37.8
legacy_fut,088691,"Gold, COMEX (GLD proxy)",noncommercial,2015-01-27,238407,49482,188925,26470,438279,43.1
legacy_fut,088691,"Gold, COMEX (GLD proxy)",noncommercial,2015-02-03,229006,43991,185015,-3910,419524,44.1
legacy_fut,088691,"Gold, COMEX (GLD proxy)",noncommercial,2015-02-10,199036,43762,155274,-29741,393232,39.5
legacy_fut,088691,"Gold, COMEX (GLD proxy)",noncommercial,2015-02-17,188121,56387,131734,-23540,389530,33.8
legacy_fut,088691,"Gold, COMEX (GLD proxy)",noncommercial,2015-02-24,184416,58245,126171,-5563,399307,31.6
legacy_fut,088691,"Gold, COMEX (GLD proxy)",noncommercial,2015-03-03,180561,64741,115820,-10351,405124,28.6
legacy_fut,088691,"Gold, COMEX (GLD proxy)",noncommercial,2015-03-10,171821,89929,81892,-33928,410918,19.9
legacy_fut,088691,"Gold, COMEX (GLD proxy)",noncommercial,2015-03-17,162268,109175,53093,-28799,429738,12.4
legacy_fut,088691,"Gold, COMEX (GLD proxy)",noncommercial,2015-03-24,168234,113953,54281,1188,433767,12.5
legacy_fut,088691,"Gold, COMEX (GLD proxy)",noncommercial,2015-03-31,172818,92799,80019,25738,387585,20.6
legacy_fut,088691,"Gold, COMEX (GLD proxy)",noncommercial,2015-04-07,183130,82373,100757,20738,390571,25.8
legacy_fut,088691,"Gold, COMEX (GLD proxy)",noncommercial,2015-04-14,184741,86344,98397,-2360,395089,24.9
legacy_fut,088691,"Gold, COMEX (GLD proxy)",noncommercial,2015-04-21,184567,83322,101245,2848,397379,25.5
legacy_fut,088691,"Gold, COMEX (GLD proxy)",noncommercial,2015-04-28,189929,88672,101257,12,403575,25.1
legacy_fut,088691,"Gold, COMEX (GLD proxy)",noncommercial,2015-05-05,173105,100665,72440,-28817,399988,18.1
legacy_fut,088691,"Gold, COMEX (GLD proxy)",noncommercial,2015-05-12,179257,101817,77440,5000,405612,19.1
legacy_fut,088691,"Gold, COMEX (GLD proxy)",noncommercial,2015-05-19,202190,79569,122621,45181,428597,28.6
legacy_fut,088691,"Gold, COMEX (GLD proxy)",noncommercial,2015-05-26,191951,87257,104694,-17927,411961,25.4
legacy_fut,088691,"Gold, COMEX (GLD proxy)",noncommercial,2015-06-02,194299,89889,104410,-284,398724,26.2
legacy_fut,088691,"Gold, COMEX (GLD proxy)",noncommercial,2015-06-09,186813,111723,75090,-29320,406069,18.5
legacy_fut,088691,"Gold, COMEX (GLD proxy)",noncommercial,2015-06-16,191053,115330,75723,633,415718,18.2
legacy_fut,088691,"Gold, COMEX (GLD proxy)",noncommercial,2015-06-23,202944,107830,95114,19391,430978,22.1
legacy_fut,088691,"Gold, COMEX (GLD proxy)",noncommercial,2015-06-30,194476,127321,67155,-27959,442301,15.2
legacy_fut,088691,"Gold, COMEX (GLD proxy)",noncommercial,2015-07-07,193776,143328,50448,-16707,452145,11.2
legacy_fut,088691,"Gold, COMEX (GLD proxy)",noncommercial,2015-07-14,191014,143190,47824,-2624,462664,10.3
legacy_fut,088691,"Gold, COMEX (GLD proxy)",noncommercial,2015-07-21,187720,159441,28279,-19545,459760,6.2
legacy_fut,088691,"Gold, COMEX (GLD proxy)",noncommercial,2015-07-28,182977,158512,24465,-3814,438282,5.6
legacy_fut,088691,"Gold, COMEX (GLD proxy)",noncommercial,2015-08-04,184792,154892,29900,5435,434273,6.9
legacy_fut,088691,"Gold, COMEX (GLD proxy)",noncommercial,2015-08-11,187778,155336,32442,2542,435489,7.4
legacy_fut,088691,"Gold, COMEX (GLD proxy)",noncommercial,2015-08-18,185712,144053,41659,9217,432728,9.6
legacy_fut,088691,"Gold, COMEX (GLD proxy)",noncommercial,2015-08-25,189893,119160,70733,29074,432154,16.4
legacy_fut,088691,"Gold, COMEX (GLD proxy)",noncommercial,2015-09-01,182753,110068,72685,1952,410274,17.7
legacy_fut,088691,"Gold, COMEX (GLD proxy)",noncommercial,2015-09-08,183615,124322,59293,-13392,421732,14.1
legacy_fut,088691,"Gold, COMEX (GLD proxy)",noncommercial,2015-09-15,174225,134678,39547,-19746,413333,9.6
legacy_fut,088691,"Gold, COMEX (GLD proxy)",noncommercial,2015-09-22,182080,120955,61125,21578,419304,14.6
legacy_fut,088691,"Gold, COMEX (GLD proxy)",noncommercial,2015-09-29,182792,106147,76645,15520,415700,18.4
legacy_fut,088691,"Gold, COMEX (GLD proxy)",noncommercial,2015-10-06,191000,104181,86819,10174,430228,20.2
legacy_fut,088691,"Gold, COMEX (GLD proxy)",noncommercial,2015-10-13,203299,86140,117159,30340,435928,26.9
legacy_fut,088691,"Gold, COMEX (GLD proxy)",noncommercial,2015-10-20,233227,81926,151301,34142,467792,32.3
legacy_fut,088691,"Gold, COMEX (GLD proxy)",noncommercial,2015-10-27,225985,68551,157434,6133,466780,33.7
legacy_fut,088691,"Gold, COMEX (GLD proxy)",noncommercial,2015-11-03,194784,78442,116342,-41092,443900,26.2
legacy_fut,088691,"Gold, COMEX (GLD proxy)",noncommercial,2015-11-10,174561,106172,68389,-47953,436426,15.7
legacy_fut,088691,"Gold, COMEX (GLD proxy)",noncommercial,2015-11-17,173395,138996,34399,-33990,435376,7.9
legacy_fut,088691,"Gold, COMEX (GLD proxy)",noncommercial,2015-11-24,159440,143138,16302,-18097,397705,4.1
legacy_fut,088691,"Gold, COMEX (GLD proxy)",noncommercial,2015-12-01,158792,149042,9750,-6552,390940,2.5
legacy_fut,088691,"Gold, COMEX (GLD proxy)",noncommercial,2015-12-08,162764,143141,19623,9873,394128,5.0
legacy_fut,088691,"Gold, COMEX (GLD proxy)",noncommercial,2015-12-15,155934,142278,13656,-5967,390944,3.5
legacy_fut,088691,"Gold, COMEX (GLD proxy)",noncommercial,2015-12-22,154276,127849,26427,12771,405294,6.5
legacy_fut,088691,"Gold, COMEX (GLD proxy)",noncommercial,2015-12-29,150229,131127,19102,-7325,401880,4.8
legacy_fut,088691,"Gold, COMEX (GLD proxy)",noncommercial,2016-01-05,153532,126972,26560,7458,413688,6.4
legacy_fut,088691,"Gold, COMEX (GLD proxy)",noncommercial,2016-01-12,158655,113937,44718,18158,397565,11.2
legacy_fut,088691,"Gold, COMEX (GLD proxy)",noncommercial,2016-01-19,158320,114626,43694,-1024,408835,10.7
legacy_fut,088691,"Gold, COMEX (GLD proxy)",noncommercial,2016-01-26,170471,111431,59040,15346,385350,15.3
legacy_fut,088691,"Gold, COMEX (GLD proxy)",noncommercial,2016-02-02,176968,104146,72822,13782,379185,19.2
legacy_fut,088691,"Gold, COMEX (GLD proxy)",noncommercial,2016-02-09,201754,103326,98428,25606,410833,24.0
legacy_fut,088691,"Gold, COMEX (GLD proxy)",noncommercial,2016-02-16,209101,91741,117360,18932,428912,27.4
legacy_fut,088691,"Gold, COMEX (GLD proxy)",noncommercial,2016-02-23,227381,82403,144978,27618,445290,32.6
legacy_fut,088691,"Gold, COMEX (GLD proxy)",noncommercial,2016-03-01,223186,70773,152413,7435,450555,33.8
legacy_fut,088691,"Gold, COMEX (GLD proxy)",noncommercial,2016-03-08,252895,78085,174810,22397,499110,35.0
legacy_fut,088691,"Gold, COMEX (GLD proxy)",noncommercial,2016-03-15,247659,78147,169512,-5298,493086,34.4
legacy_fut,088691,"Gold, COMEX (GLD proxy)",noncommercial,2016-03-22,258646,79815,178831,9319,510579,35.0
legacy_fut,088691,"Gold, COMEX (GLD proxy)",noncommercial,2016-03-29,262082,72276,189806,10975,480461,39.5
legacy_fut,088691,"Gold, COMEX (GLD proxy)",noncommercial,2016-04-05,263781,73381,190400,594,474094,40.2
legacy_fut,088691,"Gold, COMEX (GLD proxy)",noncommercial,2016-04-12,286341,72534,213807,23407,504523,42.4
legacy_fut,088691,"Gold, COMEX (GLD proxy)",noncommercial,2016-04-19,291143,74306,216837,3030,503331,43.1
legacy_fut,088691,"Gold, COMEX (GLD proxy)",noncommercial,2016-04-26,288173,67316,220857,4020,497884,44.4
legacy_fut,088691,"Gold, COMEX (GLD proxy)",noncommercial,2016-05-03,338476,66828,271648,50791,565774,48.0
legacy_fut,088691,"Gold, COMEX (GLD proxy)",noncommercial,2016-05-10,337251,72353,264898,-6750,579777,45.7
legacy_fut,088691,"Gold, COMEX (GLD proxy)",noncommercial,2016-05-17,340748,74460,266288,1390,595077,44.7
legacy_fut,088691,"Gold, COMEX (GLD proxy)",noncommercial,2016-05-24,291266,84634,206632,-59656,542958,38.1
legacy_fut,088691,"Gold, COMEX (GLD proxy)",noncommercial,2016-05-31,274589,77454,197135,-9497,494321,39.9
legacy_fut,088691,"Gold, COMEX (GLD proxy)",noncommercial,2016-06-07,295688,67069,228619,31484,496330,46.1
legacy_fut,088691,"Gold, COMEX (GLD proxy)",noncommercial,2016-06-14,347557,67695,279862,51243,545357,51.3
legacy_fut,088691,"Gold, COMEX (GLD proxy)",noncommercial,2016-06-21,358825,66096,292729,12867,571517,51.2
legacy_fut,088691,"Gold, COMEX (GLD proxy)",noncommercial,2016-06-28,373128,71208,301920,9191,613792,49.2
legacy_fut,088691,"Gold, COMEX (GLD proxy)",noncommercial,2016-07-05,389590,73627,315963,14043,652971,48.4
legacy_fut,088691,"Gold, COMEX (GLD proxy)",noncommercial,2016-07-12,378081,80618,297463,-18500,633020,47.0
legacy_fut,088691,"Gold, COMEX (GLD proxy)",noncommercial,2016-07-19,366871,80960,285911,-11552,617069,46.3
legacy_fut,088691,"Gold, COMEX (GLD proxy)",noncommercial,2016-07-26,347426,68471,278955,-6956,576325,48.4
legacy_fut,088691,"Gold, COMEX (GLD proxy)",noncommercial,2016-08-02,365801,71618,294183,15228,582211,50.5
legacy_fut,088691,"Gold, COMEX (GLD proxy)",noncommercial,2016-08-09,356471,70024,286447,-7736,575399,49.8
legacy_fut,088691,"Gold, COMEX (GLD proxy)",noncommercial,2016-08-16,351535,67684,283851,-2596,572496,49.6
legacy_fut,088691,"Gold, COMEX (GLD proxy)",noncommercial,2016-08-23,359785,65176,294609,10758,572973,51.4
legacy_fut,088691,"Gold, COMEX (GLD proxy)",noncommercial,2016-08-30,340586,64245,276341,-18268,558398,49.5
legacy_fut,088691,"Gold, COMEX (GLD proxy)",noncommercial,2016-09-06,370375,62515,307860,31519,590656,52.1
legacy_fut,088691,"Gold, COMEX (GLD proxy)",noncommercial,2016-09-13,351776,66363,285413,-22447,575002,49.6
legacy_fut,088691,"Gold, COMEX (GLD proxy)",noncommercial,2016-09-20,326326,70147,256179,-29234,558791,45.8
legacy_fut,088691,"Gold, COMEX (GLD proxy)",noncommercial,2016-09-27,358972,67068,291904,35725,583161,50.1
legacy_fut,088691,"Gold, COMEX (GLD proxy)",noncommercial,2016-10-04,324136,78628,245508,-46396,544824,45.1
legacy_fut,088691,"Gold, COMEX (GLD proxy)",noncommercial,2016-10-11,283386,88167,195219,-50289,500328,39.0
legacy_fut,088691,"Gold, COMEX (GLD proxy)",noncommercial,2016-10-18,274345,94727,179618,-15601,497061,36.1
legacy_fut,088691,"Gold, COMEX (GLD proxy)",noncommercial,2016-10-25,285376,88396,196980,17362,507617,38.8
legacy_fut,088691,"Gold, COMEX (GLD proxy)",noncommercial,2016-11-01,288308,73177,215131,18151,521506,41.3
legacy_fut,088691,"Gold, COMEX (GLD proxy)",noncommercial,2016-11-08,289860,72622,217238,2107,528203,41.1
legacy_fut,088691,"Gold, COMEX (GLD proxy)",noncommercial,2016-11-15,245750,68090,177660,-39578,479237,37.1
legacy_fut,088691,"Gold, COMEX (GLD proxy)",noncommercial,2016-11-22,241646,74561,167085,-10575,461062,36.2
legacy_fut,088691,"Gold, COMEX (GLD proxy)",noncommercial,2016-11-29,229731,78161,151570,-15515,405661,37.4
legacy_fut,088691,"Gold, COMEX (GLD proxy)",noncommercial,2016-12-06,227675,91295,136380,-15190,393524,34.7
legacy_fut,088691,"Gold, COMEX (GLD proxy)",noncommercial,2016-12-13,229755,100444,129311,-7069,397034,32.6
legacy_fut,088691,"Gold, COMEX (GLD proxy)",noncommercial,2016-12-20,219067,104233,114834,-14477,398661,28.8
legacy_fut,088691,"Gold, COMEX (GLD proxy)",noncommercial,2016-12-27,206538,108195,98343,-16491,401513,24.5
legacy_fut,088691,"Gold, COMEX (GLD proxy)",noncommercial,2017-01-03,208855,112305,96550,-1793,424673,22.7
legacy_fut,088691,"Gold, COMEX (GLD proxy)",noncommercial,2017-01-10,214000,104518,109482,12932,444001,24.7
legacy_fut,088691,"Gold, COMEX (GLD proxy)",noncommercial,2017-01-17,218144,111103,107041,-2441,467937,22.9
legacy_fut,088691,"Gold, COMEX (GLD proxy)",noncommercial,2017-01-24,209854,100447,109407,2366,482374,22.7
legacy_fut,088691,"Gold, COMEX (GLD proxy)",noncommercial,2017-01-31,212414,93259,119155,9748,398433,29.9
legacy_fut,088691,"Gold, COMEX (GLD proxy)",noncommercial,2017-02-07,216408,99259,117149,-2006,415543,28.2
legacy_fut,088691,"Gold, COMEX (GLD proxy)",noncommercial,2017-02-14,212259,102507,109752,-7397,415128,26.4
legacy_fut,088691,"Gold, COMEX (GLD proxy)",noncommercial,2017-02-21,219673,95910,123763,14011,427168,29.0
legacy_fut,088691,"Gold, COMEX (GLD proxy)",noncommercial,2017-02-28,247494,83696,163798,40035,446081,36.7
legacy_fut,088691,"Gold, COMEX (GLD proxy)",noncommercial,2017-03-07,229969,96284,133685,-30113,434401,30.8
legacy_fut,088691,"Gold, COMEX (GLD proxy)",noncommercial,2017-03-14,210315,104277,106038,-27647,426170,24.9
legacy_fut,088691,"Gold, COMEX (GLD proxy)",noncommercial,2017-03-21,219719,103467,116252,10214,446880,26.0
legacy_fut,088691,"Gold, COMEX (GLD proxy)",noncommercial,2017-03-28,227839,90019,137820,21568,449418,30.7
legacy_fut,088691,"Gold, COMEX (GLD proxy)",noncommercial,2017-04-04,239061,83625,155436,17616,427808,36.3
legacy_fut,088691,"Gold, COMEX (GLD proxy)",noncommercial,2017-04-11,253004,80338,172666,17230,456131,37.9
legacy_fut,088691,"Gold, COMEX (GLD proxy)",noncommercial,2017-04-18,279311,83543,195768,23102,472263,41.5
legacy_fut,088691,"Gold, COMEX (GLD proxy)",noncommercial,2017-04-25,287468,86791,200677,4909,475985,42.2
legacy_fut,088691,"Gold, COMEX (GLD proxy)",noncommercial,2017-05-02,276032,86398,189634,-11043,461905,41.1
legacy_fut,088691,"Gold, COMEX (GLD proxy)",noncommercial,2017-05-09,236115,86109,150006,-39628,433033,34.6
legacy_fut,088691,"Gold, COMEX (GLD proxy)",noncommercial,2017-05-16,221532,94808,126724,-23282,435021,29.1
legacy_fut,088691,"Gold, COMEX (GLD proxy)",noncommercial,2017-05-23,241752,81985,159767,33043,462572,34.5
legacy_fut,088691,"Gold, COMEX (GLD proxy)",noncommercial,2017-05-30,250542,83452,167090,7323,434246,38.5
legacy_fut,088691,"Gold, COMEX (GLD proxy)",noncommercial,2017-06-06,312240,107775,204465,37375,494041,41.4
legacy_fut,088691,"Gold, COMEX (GLD proxy)",noncommercial,2017-06-13,297178,106904,190274,-14191,471134,40.4
legacy_fut,088691,"Gold, COMEX (GLD proxy)",noncommercial,2017-06-20,252620,101945,150675,-39599,445841,33.8
legacy_fut,088691,"Gold, COMEX (GLD proxy)",noncommercial,2017-06-27,236586,104914,131672,-19003,453144,29.1
legacy_fut,088691,"Gold, COMEX (GLD proxy)",noncommercial,2017-07-03,221681,127882,93799,,457201,20.5
legacy_fut,088691,"Gold, COMEX (GLD proxy)",noncommercial,2017-07-11,217637,157377,60260,,475669,12.7
legacy_fut,088691,"Gold, COMEX (GLD proxy)",noncommercial,2017-07-18,217232,157094,60138,-122,484204,12.4
legacy_fut,088691,"Gold, COMEX (GLD proxy)",noncommercial,2017-07-25,220299,129468,90831,30693,463827,19.6
legacy_fut,088691,"Gold, COMEX (GLD proxy)",noncommercial,2017-08-01,239766,110094,129672,38841,448709,28.9
legacy_fut,088691,"Gold, COMEX (GLD proxy)",noncommercial,2017-08-08,246377,97540,148837,19165,448727,33.2
legacy_fut,088691,"Gold, COMEX (GLD proxy)",noncommercial,2017-08-15,277730,89996,187734,38897,477921,39.3
legacy_fut,088691,"Gold, COMEX (GLD proxy)",noncommercial,2017-08-22,295711,87273,208438,20704,500443,41.7
legacy_fut,088691,"Gold, COMEX (GLD proxy)",noncommercial,2017-08-29,318883,87836,231047,22609,538875,42.9
legacy_fut,088691,"Gold, COMEX (GLD proxy)",noncommercial,2017-09-05,336073,90775,245298,14251,566817,43.3
legacy_fut,088691,"Gold, COMEX (GLD proxy)",noncommercial,2017-09-12,351492,96732,254760,9462,580606,43.9
legacy_fut,088691,"Gold, COMEX (GLD proxy)",noncommercial,2017-09-19,330646,94557,236089,-18671,570096,41.4
legacy_fut,088691,"Gold, COMEX (GLD proxy)",noncommercial,2017-09-26,303255,90661,212594,-23495,549637,38.7
legacy_fut,088691,"Gold, COMEX (GLD proxy)",noncommercial,2017-10-03,287296,83441,203855,-8739,525127,38.8
legacy_fut,088691,"Gold, COMEX (GLD proxy)",noncommercial,2017-10-10,279227,79115,200112,-3743,520005,38.5
legacy_fut,088691,"Gold, COMEX (GLD proxy)",noncommercial,2017-10-17,284617,83893,200724,612,528800,38.0
legacy_fut,088691,"Gold, COMEX (GLD proxy)",noncommercial,2017-10-24,275521,84136,191385,-9339,526674,36.3
legacy_fut,088691,"Gold, COMEX (GLD proxy)",noncommercial,2017-10-31,268710,75615,193095,1710,531918,36.3
legacy_fut,088691,"Gold, COMEX (GLD proxy)",noncommercial,2017-11-07,272571,76781,195790,2695,536843,36.5
legacy_fut,088691,"Gold, COMEX (GLD proxy)",noncommercial,2017-11-14,271496,76412,195084,-706,533054,36.6
legacy_fut,088691,"Gold, COMEX (GLD proxy)",noncommercial,2017-11-21,272934,71107,201827,6743,531612,38.0
legacy_fut,088691,"Gold, COMEX (GLD proxy)",noncommercial,2017-11-28,287384,62967,224417,22590,503810,44.5
legacy_fut,088691,"Gold, COMEX (GLD proxy)",noncommercial,2017-12-05,251234,77905,173329,-51088,472795,36.7
legacy_fut,088691,"Gold, COMEX (GLD proxy)",noncommercial,2017-12-12,201912,94844,107068,-66261,446618,24.0
legacy_fut,088691,"Gold, COMEX (GLD proxy)",noncommercial,2017-12-19,197473,83678,113795,6727,453595,25.1
legacy_fut,088691,"Gold, COMEX (GLD proxy)",noncommercial,2017-12-26,202590,66642,135948,22153,456470,29.8
legacy_fut,088691,"Gold, COMEX (GLD proxy)",noncommercial,2018-01-02,241428,78160,163268,27320,500731,32.6
legacy_fut,088691,"Gold, COMEX (GLD proxy)",noncommercial,2018-01-09,289161,85873,203288,40020,555455,36.6
legacy_fut,088691,"Gold, COMEX (GLD proxy)",noncommercial,2018-01-16,301863,90152,211711,8423,582333,36.4
legacy_fut,088691,"Gold, COMEX (GLD proxy)",noncommercial,2018-01-23,305812,91128,214684,2973,582421,36.9
legacy_fut,088691,"Gold, COMEX (GLD proxy)",noncommercial,2018-01-30,298327,91065,207262,-7422,559332,37.1
legacy_fut,088691,"Gold, COMEX (GLD proxy)",noncommercial,2018-02-06,273828,82951,190877,-16385,535321,35.7
legacy_fut,088691,"Gold, COMEX (GLD proxy)",noncommercial,2018-02-13,251860,76254,175606,-15271,511745,34.3
legacy_fut,088691,"Gold, COMEX (GLD proxy)",noncommercial,2018-02-20,257205,66283,190922,15316,528154,36.1
legacy_fut,088691,"Gold, COMEX (GLD proxy)",noncommercial,2018-02-27,251981,73263,178718,-12204,532860,33.5
legacy_fut,088691,"Gold, COMEX (GLD proxy)",noncommercial,2018-03-06,245587,61764,183823,5105,508100,36.2
legacy_fut,088691,"Gold, COMEX (GLD proxy)",noncommercial,2018-03-13,234431,66483,167948,-15875,526762,31.9
legacy_fut,088691,"Gold, COMEX (GLD proxy)",noncommercial,2018-03-20,223882,75151,148731,-19217,545499,27.3
legacy_fut,088691,"Gold, COMEX (GLD proxy)",noncommercial,2018-03-27,259032,55678,203354,54623,529690,38.4
legacy_fut,088691,"Gold, COMEX (GLD proxy)",noncommercial,2018-04-03,234677,68088,166589,-36765,493141,33.8
legacy_fut,088691,"Gold, COMEX (GLD proxy)",noncommercial,2018-04-10,234457,79085,155372,-11217,499588,31.1
legacy_fut,088691,"Gold, COMEX (GLD proxy)",noncommercial,2018-04-17,237288,74219,163069,7697,510229,32.0
legacy_fut,088691,"Gold, COMEX (GLD proxy)",noncommercial,2018-04-24,225804,89158,136646,-26423,506410,27.0
legacy_fut,088691,"Gold, COMEX (GLD proxy)",noncommercial,2018-05-01,209577,102798,106779,-29867,507756,21.0
legacy_fut,088691,"Gold, COMEX (GLD proxy)",noncommercial,2018-05-08,198548,91108,107440,661,491398,21.9
legacy_fut,088691,"Gold, COMEX (GLD proxy)",noncommercial,2018-05-15,201468,109025,92443,-14997,519958,17.8
legacy_fut,088691,"Gold, COMEX (GLD proxy)",noncommercial,2018-05-22,189677,98720,90957,-1486,502942,18.1
legacy_fut,088691,"Gold, COMEX (GLD proxy)",noncommercial,2018-05-29,193652,78522,115130,24173,469382,24.5
legacy_fut,088691,"Gold, COMEX (GLD proxy)",noncommercial,2018-06-05,185321,73905,111416,-3714,450641,24.7
legacy_fut,088691,"Gold, COMEX (GLD proxy)",noncommercial,2018-06-12,192752,72512,120240,8824,448695,26.8
legacy_fut,088691,"Gold, COMEX (GLD proxy)",noncommercial,2018-06-19,202915,106403,96512,-23728,468345,20.6
legacy_fut,088691,"Gold, COMEX (GLD proxy)",noncommercial,2018-06-26,195118,118446,76672,-19840,468573,16.4
legacy_fut,088691,"Gold, COMEX (GLD proxy)",noncommercial,2018-07-03,210483,132156,78327,1655,494164,15.9
legacy_fut,088691,"Gold, COMEX (GLD proxy)",noncommercial,2018-07-10,214310,132876,81434,3107,503593,16.2
legacy_fut,088691,"Gold, COMEX (GLD proxy)",noncommercial,2018-07-17,218427,160586,57841,-23593,528278,10.9
legacy_fut,088691,"Gold, COMEX (GLD proxy)",noncommercial,2018-07-24,220620,172023,48597,-9244,496620,9.8
legacy_fut,088691,"Gold, COMEX (GLD proxy)",noncommercial,2018-07-31,209255,173918,35337,-13260,452655,7.8
legacy_fut,088691,"Gold, COMEX (GLD proxy)",noncommercial,2018-08-07,208292,195604,12688,-22649,459474,2.8
legacy_fut,088691,"Gold, COMEX (GLD proxy)",noncommercial,2018-08-14,211779,215467,-3688,-16376,476739,-0.8
legacy_fut,088691,"Gold, COMEX (GLD proxy)",noncommercial,2018-08-21,213500,222210,-8710,-5022,483730,-1.8
legacy_fut,088691,"Gold, COMEX (GLD proxy)",noncommercial,2018-08-28,207370,210433,-3063,5647,479283,-0.6
legacy_fut,088691,"Gold, COMEX (GLD proxy)",noncommercial,2018-09-04,199762,213259,-13497,-10434,473118,-2.9
legacy_fut,088691,"Gold, COMEX (GLD proxy)",noncommercial,2018-09-11,198367,205957,-7590,5907,469450,-1.6
legacy_fut,088691,"Gold, COMEX (GLD proxy)",noncommercial,2018-09-18,197797,208641,-10844,-3254,469436,-2.3
legacy_fut,088691,"Gold, COMEX (GLD proxy)",noncommercial,2018-09-25,192940,210588,-17648,-6804,460279,-3.8
legacy_fut,088691,"Gold, COMEX (GLD proxy)",noncommercial,2018-10-02,192490,214312,-21822,-4174,459776,-4.7
legacy_fut,088691,"Gold, COMEX (GLD proxy)",noncommercial,2018-10-09,179746,217921,-38175,-16353,465253,-8.2
legacy_fut,088691,"Gold, COMEX (GLD proxy)",noncommercial,2018-10-16,189200,171533,17667,55842,474418,3.7
legacy_fut,088691,"Gold, COMEX (GLD proxy)",noncommercial,2018-10-23,192578,163190,29388,11721,477832,6.2
legacy_fut,088691,"Gold, COMEX (GLD proxy)",noncommercial,2018-10-30,168754,155560,13194,-16194,474941,2.8
legacy_fut,088691,"Gold, COMEX (GLD proxy)",noncommercial,2018-11-06,169141,150115,19026,5832,494911,3.8
legacy_fut,088691,"Gold, COMEX (GLD proxy)",noncommercial,2018-11-13,168416,177663,-9247,-28273,539520,-1.7
legacy_fut,088691,"Gold, COMEX (GLD proxy)",noncommercial,2018-11-20,165506,156610,8896,18143,525940,1.7
legacy_fut,088691,"Gold, COMEX (GLD proxy)",noncommercial,2018-11-27,156779,154908,1871,-7025,442801,0.4
legacy_fut,088691,"Gold, COMEX (GLD proxy)",noncommercial,2018-12-04,173019,124018,49001,47130,399919,12.3
legacy_fut,088691,"Gold, COMEX (GLD proxy)",noncommercial,2018-12-11,169600,109101,60499,11498,402250,15.0
legacy_fut,088691,"Gold, COMEX (GLD proxy)",noncommercial,2018-12-18,182168,106208,75960,15461,412485,18.4
legacy_fut,088691,"Gold, COMEX (GLD proxy)",noncommercial,2018-12-24,208622,97637,110985,,442727,25.1
legacy_fut,088691,"Gold, COMEX (GLD proxy)",noncommercial,2018-12-31,210141,86369,123772,12787,451360,27.4
legacy_fut,088691,"Gold, COMEX (GLD proxy)",noncommercial,2019-01-08,199560,100344,99216,,455232,21.8
legacy_fut,088691,"Gold, COMEX (GLD proxy)",noncommercial,2019-01-15,201796,113883,87913,-11303,501605,17.5
legacy_fut,088691,"Gold, COMEX (GLD proxy)",noncommercial,2019-01-22,186510,112006,74504,-13409,513509,14.5
legacy_fut,088691,"Gold, COMEX (GLD proxy)",noncommercial,2019-01-29,212318,112725,99593,25089,483390,20.6
legacy_fut,088691,"Gold, COMEX (GLD proxy)",noncommercial,2019-02-05,218200,109105,109095,9502,479736,22.7
legacy_fut,088691,"Gold, COMEX (GLD proxy)",noncommercial,2019-02-12,214170,109296,104874,-4221,476083,22.0
legacy_fut,088691,"Gold, COMEX (GLD proxy)",noncommercial,2019-02-19,254086,108439,145647,40773,504639,28.9
legacy_fut,088691,"Gold, COMEX (GLD proxy)",noncommercial,2019-02-26,236835,101139,135696,-9951,501268,27.1
legacy_fut,088691,"Gold, COMEX (GLD proxy)",noncommercial,2019-03-05,202628,114610,88018,-47678,471311,18.7
legacy_fut,088691,"Gold, COMEX (GLD proxy)",noncommercial,2019-03-12,205250,126431,78819,-9199,530030,14.9
legacy_fut,088691,"Gold, COMEX (GLD proxy)",noncommercial,2019-03-19,204325,115929,88396,9577,514163,17.2
legacy_fut,088691,"Gold, COMEX (GLD proxy)",noncommercial,2019-03-26,214897,94959,119938,31542,509575,23.5
legacy_fut,088691,"Gold, COMEX (GLD proxy)",noncommercial,2019-04-02,193784,99228,94556,-25382,440170,21.5
legacy_fut,088691,"Gold, COMEX (GLD proxy)",noncommercial,2019-04-09,199507,94143,105364,10808,447539,23.5
legacy_fut,088691,"Gold, COMEX (GLD proxy)",noncommercial,2019-04-16,183213,126940,56273,-49091,440581,12.8
legacy_fut,088691,"Gold, COMEX (GLD proxy)",noncommercial,2019-04-23,176691,139296,37395,-18878,440048,8.5
legacy_fut,088691,"Gold, COMEX (GLD proxy)",noncommercial,2019-04-30,177275,111056,66219,28824,430011,15.4
legacy_fut,088691,"Gold, COMEX (GLD proxy)",noncommercial,2019-05-07,185801,110390,75411,9192,450039,16.8
legacy_fut,088691,"Gold, COMEX (GLD proxy)",noncommercial,2019-05-14,226361,101825,124536,49125,517995,24.0
legacy_fut,088691,"Gold, COMEX (GLD proxy)",noncommercial,2019-05-21,203628,114823,88805,-35731,508643,17.5
legacy_fut,088691,"Gold, COMEX (GLD proxy)",noncommercial,2019-05-28,194463,107775,86688,-2117,505126,17.2
legacy_fut,088691,"Gold, COMEX (GLD proxy)",noncommercial,2019-06-04,240477,84362,156115,69427,481495,32.4
legacy_fut,088691,"Gold, COMEX (GLD proxy)",noncommercial,2019-06-11,250114,65876,184238,28123,496663,37.1
legacy_fut,088691,"Gold, COMEX (GLD proxy)",noncommercial,2019-06-18,274633,70310,204323,20085,525636,38.9
legacy_fut,088691,"Gold, COMEX (GLD proxy)",noncommercial,2019-06-25,298108,61554,236554,32231,577605,41.0
legacy_fut,088691,"Gold, COMEX (GLD proxy)",noncommercial,2019-07-02,312702,53756,258946,22392,605949,42.7
legacy_fut,088691,"Gold, COMEX (GLD proxy)",noncommercial,2019-07-09,306105,61342,244763,-14183,598977,40.9
legacy_fut,088691,"Gold, COMEX (GLD proxy)",noncommercial,2019-07-16,309535,64034,245501,738,601900,40.8
legacy_fut,088691,"Gold, COMEX (GLD proxy)",noncommercial,2019-07-23,311881,60631,251250,5749,616859,40.7
legacy_fut,088691,"Gold, COMEX (GLD proxy)",noncommercial,2019-07-30,312214,57826,254388,3138,563298,45.2
legacy_fut,088691,"Gold, COMEX (GLD proxy)",noncommercial,2019-08-06,350558,58013,292545,38157,600317,48.7
legacy_fut,088691,"Gold, COMEX (GLD proxy)",noncommercial,2019-08-13,346223,56133,290090,-2455,593962,48.8
legacy_fut,088691,"Gold, COMEX (GLD proxy)",noncommercial,2019-08-20,352294,52301,299993,9903,594807,50.4
legacy_fut,088691,"Gold, COMEX (GLD proxy)",noncommercial,2019-08-27,362609,65771,296838,-3155,636183,46.7
legacy_fut,088691,"Gold, COMEX (GLD proxy)",noncommercial,2019-09-03,365385,64838,300547,3709,634358,47.4
legacy_fut,088691,"Gold, COMEX (GLD proxy)",noncommercial,2019-09-10,334114,64389,269725,-30822,614753,43.9
legacy_fut,088691,"Gold, COMEX (GLD proxy)",noncommercial,2019-09-17,341511,58912,282599,12874,630990,44.8
legacy_fut,088691,"Gold, COMEX (GLD proxy)",noncommercial,2019-09-24,370393,57949,312444,29845,658944,47.4
legacy_fut,088691,"Gold, COMEX (GLD proxy)",noncommercial,2019-10-01,322800,53807,268993,-43451,604885,44.5
legacy_fut,088691,"Gold, COMEX (GLD proxy)",noncommercial,2019-10-08,334383,58820,275563,6570,616957,44.7
legacy_fut,088691,"Gold, COMEX (GLD proxy)",noncommercial,2019-10-15,319370,66343,253027,-22536,607387,41.7
legacy_fut,088691,"Gold, COMEX (GLD proxy)",noncommercial,2019-10-22,322917,63785,259132,6105,625528,41.4
legacy_fut,088691,"Gold, COMEX (GLD proxy)",noncommercial,2019-10-29,335423,58908,276515,17383,643442,43.0
legacy_fut,088691,"Gold, COMEX (GLD proxy)",noncommercial,2019-11-05,344591,64763,279828,3313,690181,40.5
legacy_fut,088691,"Gold, COMEX (GLD proxy)",noncommercial,2019-11-12,323189,56123,267066,-12762,708463,37.7
legacy_fut,088691,"Gold, COMEX (GLD proxy)",noncommercial,2019-11-19,337296,51437,285859,18793,719211,39.7
legacy_fut,088691,"Gold, COMEX (GLD proxy)",noncommercial,2019-11-26,325286,53652,271634,-14225,669268,40.6
legacy_fut,088691,"Gold, COMEX (GLD proxy)",noncommercial,2019-12-03,346525,55820,290705,19071,701016,41.5
legacy_fut,088691,"Gold, COMEX (GLD proxy)",noncommercial,2019-12-10,329169,58249,270920,-19785,690003,39.3
legacy_fut,088691,"Gold, COMEX (GLD proxy)",noncommercial,2019-12-17,344493,58218,286275,15355,716987,39.9
legacy_fut,088691,"Gold, COMEX (GLD proxy)",noncommercial,2019-12-24,364310,58658,305652,19377,748737,40.8
legacy_fut,088691,"Gold, COMEX (GLD proxy)",noncommercial,2019-12-31,381620,53695,327925,22273,786166,41.7
legacy_fut,088691,"Gold, COMEX (GLD proxy)",noncommercial,2020-01-07,383480,61189,322291,-5634,785857,41.0
legacy_fut,088691,"Gold, COMEX (GLD proxy)",noncommercial,2020-01-14,376809,57574,319235,-3056,796883,40.1
legacy_fut,088691,"Gold, COMEX (GLD proxy)",noncommercial,2020-01-21,374793,57098,317695,-1540,793829,40.0
legacy_fut,088691,"Gold, COMEX (GLD proxy)",noncommercial,2020-01-28,376401,46309,330092,12397,715539,46.1
legacy_fut,088691,"Gold, COMEX (GLD proxy)",noncommercial,2020-02-04,355909,56103,299806,-30286,654572,45.8
legacy_fut,088691,"Gold, COMEX (GLD proxy)",noncommercial,2020-02-11,356535,48561,307974,8168,658024,46.8
legacy_fut,088691,"Gold, COMEX (GLD proxy)",noncommercial,2020-02-18,408349,54700,353649,45675,715317,49.4
legacy_fut,088691,"Gold, COMEX (GLD proxy)",noncommercial,2020-02-25,389339,53474,335865,-17784,732917,45.8
legacy_fut,088691,"Gold, COMEX (GLD proxy)",noncommercial,2020-03-03,366173,46440,319733,-16132,691985,46.2
legacy_fut,088691,"Gold, COMEX (GLD proxy)",noncommercial,2020-03-10,336290,36759,299531,-20202,633470,47.3
legacy_fut,088691,"Gold, COMEX (GLD proxy)",noncommercial,2020-03-17,317405,35489,281916,-17615,573925,49.1
legacy_fut,088691,"Gold, COMEX (GLD proxy)",noncommercial,2020-03-24,317928,29562,288366,6450,547334,52.7
legacy_fut,088691,"Gold, COMEX (GLD proxy)",noncommercial,2020-03-31,287529,28680,258849,-29517,495652,52.2
legacy_fut,088691,"Gold, COMEX (GLD proxy)",noncommercial,2020-04-07,279880,30938,248942,-9907,480050,51.9
legacy_fut,088691,"Gold, COMEX (GLD proxy)",noncommercial,2020-04-14,286617,34116,252501,3559,489965,51.5
legacy_fut,088691,"Gold, COMEX (GLD proxy)",noncommercial,2020-04-21,282263,32692,249571,-2930,493158,50.6
legacy_fut,088691,"Gold, COMEX (GLD proxy)",noncommercial,2020-04-28,287382,24653,262729,13158,500816,52.5
legacy_fut,088691,"Gold, COMEX (GLD proxy)",noncommercial,2020-05-05,275571,25567,250004,-12725,490343,51.0
legacy_fut,088691,"Gold, COMEX (GLD proxy)",noncommercial,2020-05-12,277771,34943,242828,-7176,496739,48.9
legacy_fut,088691,"Gold, COMEX (GLD proxy)",noncommercial,2020-05-19,295394,43606,251788,8960,528205,47.7
legacy_fut,088691,"Gold, COMEX (GLD proxy)",noncommercial,2020-05-26,288148,50234,237914,-13874,519374,45.8
legacy_fut,088691,"Gold, COMEX (GLD proxy)",noncommercial,2020-06-02,272196,53162,219034,-18880,475745,46.0
legacy_fut,088691,"Gold, COMEX (GLD proxy)",noncommercial,2020-06-09,263972,55359,208613,-10421,475661,43.9
legacy_fut,088691,"Gold, COMEX (GLD proxy)",noncommercial,2020-06-16,277395,53047,224348,15735,489563,45.8
legacy_fut,088691,"Gold, COMEX (GLD proxy)",noncommercial,2020-06-23,308459,56502,251957,27609,532101,47.4
legacy_fut,088691,"Gold, COMEX (GLD proxy)",noncommercial,2020-06-30,328942,62272,266670,14713,561628,47.5
legacy_fut,088691,"Gold, COMEX (GLD proxy)",noncommercial,2020-07-07,337030,69672,267358,688,572776,46.7
legacy_fut,088691,"Gold, COMEX (GLD proxy)",noncommercial,2020-07-14,330205,67777,262428,-4930,580175,45.2
legacy_fut,088691,"Gold, COMEX (GLD proxy)",noncommercial,2020-07-21,334237,67801,266436,4008,603138,44.2
legacy_fut,088691,"Gold, COMEX (GLD proxy)",noncommercial,2020-07-28,312588,75787,236801,-29635,598629,39.6
legacy_fut,088691,"Gold, COMEX (GLD proxy)",noncommercial,2020-08-04,321847,83101,238746,1945,561837,42.5
legacy_fut,088691,"Gold, COMEX (GLD proxy)",noncommercial,2020-08-11,306867,82814,224053,-14693,553345,40.5
legacy_fut,088691,"Gold, COMEX (GLD proxy)",noncommercial,2020-08-18,302369,78851,223518,-535,544010,41.1
legacy_fut,088691,"Gold, COMEX (GLD proxy)",noncommercial,2020-08-25,301559,80521,221038,-2480,549282,40.2
legacy_fut,088691,"Gold, COMEX (GLD proxy)",noncommercial,2020-09-01,306118,75322,230796,9758,547704,42.1
legacy_fut,088691,"Gold, COMEX (GLD proxy)",noncommercial,2020-09-08,313173,76700,236473,5677,557457,42.4
legacy_fut,088691,"Gold, COMEX (GLD proxy)",noncommercial,2020-09-15,324512,83535,240977,4504,578925,41.6
legacy_fut,088691,"Gold, COMEX (GLD proxy)",noncommercial,2020-09-22,309015,89955,219060,-21917,575877,38.0
legacy_fut,088691,"Gold, COMEX (GLD proxy)",noncommercial,2020-09-29,316106,72447,243659,24599,562396,43.3
legacy_fut,088691,"Gold, COMEX (GLD proxy)",noncommercial,2020-10-06,320922,72335,248587,4928,555555,44.7
legacy_fut,088691,"Gold, COMEX (GLD proxy)",noncommercial,2020-10-13,326986,86315,240671,-7916,553197,43.5
legacy_fut,088691,"Gold, COMEX (GLD proxy)",noncommercial,2020-10-20,340206,90602,249604,8933,562993,44.3
legacy_fut,088691,"Gold, COMEX (GLD proxy)",noncommercial,2020-10-27,326063,77429,248634,-970,560900,44.3
legacy_fut,088691,"Gold, COMEX (GLD proxy)",noncommercial,2020-11-03,321798,78889,242909,-5725,544774,44.6
legacy_fut,088691,"Gold, COMEX (GLD proxy)",noncommercial,2020-11-10,318516,78780,239736,-3173,547449,43.8
legacy_fut,088691,"Gold, COMEX (GLD proxy)",noncommercial,2020-11-17,329698,78428,251270,11534,557533,45.1
legacy_fut,088691,"Gold, COMEX (GLD proxy)",noncommercial,2020-11-24,320324,76422,243902,-7368,555253,43.9
legacy_fut,088691,"Gold, COMEX (GLD proxy)",noncommercial,2020-12-01,324344,64030,260314,16412,538042,48.4
legacy_fut,088691,"Gold, COMEX (GLD proxy)",noncommercial,2020-12-08,338271,69051,269220,8906,549520,49.0
legacy_fut,088691,"Gold, COMEX (GLD proxy)",noncommercial,2020-12-15,340610,69026,271584,2364,550366,49.3
legacy_fut,088691,"Gold, COMEX (GLD proxy)",noncommercial,2020-12-21,349870,71674,278196,,560769,49.6
legacy_fut,088691,"Gold, COMEX (GLD proxy)",noncommercial,2020-12-29,341812,72940,268872,,556414,48.3
legacy_fut,088691,"Gold, COMEX (GLD proxy)",noncommercial,2021-01-05,349946,70628,279318,10446,568888,49.1
legacy_fut,088691,"Gold, COMEX (GLD proxy)",noncommercial,2021-01-12,313217,66990,246227,-33091,555538,44.3
legacy_fut,088691,"Gold, COMEX (GLD proxy)",noncommercial,2021-01-19,307507,60869,246638,411,541330,45.6
legacy_fut,088691,"Gold, COMEX (GLD proxy)",noncommercial,2021-01-26,313532,55986,257546,10908,534574,48.2
legacy_fut,088691,"Gold, COMEX (GLD proxy)",noncommercial,2021-02-02,314352,57226,257126,-420,520011,49.4
legacy_fut,088691,"Gold, COMEX (GLD proxy)",noncommercial,2021-02-09,309326,57919,251407,-5719,506741,49.6
legacy_fut,088691,"Gold, COMEX (GLD proxy)",noncommercial,2021-02-16,303583,68614,234969,-16438,503016,46.7
legacy_fut,088691,"Gold, COMEX (GLD proxy)",noncommercial,2021-02-23,284081,68348,215733,-19236,481125,44.8
legacy_fut,088691,"Gold, COMEX (GLD proxy)",noncommercial,2021-03-02,265533,75895,189638,-26095,467008,40.6
legacy_fut,088691,"Gold, COMEX (GLD proxy)",noncommercial,2021-03-09,254839,79676,175163,-14475,473871,37.0
legacy_fut,088691,"Gold, COMEX (GLD proxy)",noncommercial,2021-03-16,256237,76041,180196,5033,476467,37.8
legacy_fut,088691,"Gold, COMEX (GLD proxy)",noncommercial,2021-03-23,262774,88707,174067,-6129,485457,35.9
legacy_fut,088691,"Gold, COMEX (GLD proxy)",noncommercial,2021-03-30,263453,95925,167528,-6539,467321,35.8
legacy_fut,088691,"Gold, COMEX (GLD proxy)",noncommercial,2021-04-06,275703,86194,189509,21981,463353,40.9
legacy_fut,088691,"Gold, COMEX (GLD proxy)",noncommercial,2021-04-13,269513,88639,180874,-8635,460733,39.3
legacy_fut,088691,"Gold, COMEX (GLD proxy)",noncommercial,2021-04-20,275985,94487,181498,624,471738,38.5
legacy_fut,088691,"Gold, COMEX (GLD proxy)",noncommercial,2021-04-27,270717,100098,170619,-10879,473305,36.0
legacy_fut,088691,"Gold, COMEX (GLD proxy)",noncommercial,2021-05-04,270194,99453,170741,122,470341,36.3
legacy_fut,088691,"Gold, COMEX (GLD proxy)",noncommercial,2021-05-11,282161,89906,192255,21514,498693,38.6
legacy_fut,088691,"Gold, COMEX (GLD proxy)",noncommercial,2021-05-18,290267,91378,198889,6634,520410,38.2
legacy_fut,088691,"Gold, COMEX (GLD proxy)",noncommercial,2021-05-25,288266,73624,214642,15753,510164,42.1
legacy_fut,088691,"Gold, COMEX (GLD proxy)",noncommercial,2021-06-01,288826,75125,213701,-941,489198,43.7
legacy_fut,088691,"Gold, COMEX (GLD proxy)",noncommercial,2021-06-08,288781,79394,209387,-4314,491858,42.6
legacy_fut,088691,"Gold, COMEX (GLD proxy)",noncommercial,2021-06-15,273947,81911,192036,-17351,480127,40.0
legacy_fut,088691,"Gold, COMEX (GLD proxy)",noncommercial,2021-06-22,253153,86939,166214,-25822,453940,36.6
legacy_fut,088691,"Gold, COMEX (GLD proxy)",noncommercial,2021-06-29,254206,91980,162226,-3988,453360,35.8
legacy_fut,088691,"Gold, COMEX (GLD proxy)",noncommercial,2021-07-06,270545,87724,182821,20595,465811,39.2
legacy_fut,088691,"Gold, COMEX (GLD proxy)",noncommercial,2021-07-13,275543,84707,190836,8015,495798,38.5
legacy_fut,088691,"Gold, COMEX (GLD proxy)",noncommercial,2021-07-20,277312,81340,195972,5136,490520,40.0
legacy_fut,088691,"Gold, COMEX (GLD proxy)",noncommercial,2021-07-27,273688,74300,199388,3416,500187,39.9
legacy_fut,088691,"Gold, COMEX (GLD proxy)",noncommercial,2021-08-03,273143,76808,196335,-3053,485663,40.4
legacy_fut,088691,"Gold, COMEX (GLD proxy)",noncommercial,2021-08-10,277260,108854,168406,-27929,477232,35.3
legacy_fut,088691,"Gold, COMEX (GLD proxy)",noncommercial,2021-08-17,284437,92895,191542,23136,485485,39.5
legacy_fut,088691,"Gold, COMEX (GLD proxy)",noncommercial,2021-08-24,299084,88431,210653,19111,504735,41.7
legacy_fut,088691,"Gold, COMEX (GLD proxy)",noncommercial,2021-08-31,311004,94454,216550,5897,507113,42.7
legacy_fut,088691,"Gold, COMEX (GLD proxy)",noncommercial,2021-09-07,306017,99978,206039,-10511,506772,40.7
legacy_fut,088691,"Gold, COMEX (GLD proxy)",noncommercial,2021-09-14,306988,99228,207760,1721,506356,41.0
legacy_fut,088691,"Gold, COMEX (GLD proxy)",noncommercial,2021-09-21,296670,109023,187647,-20113,492765,38.1
legacy_fut,088691,"Gold, COMEX (GLD proxy)",noncommercial,2021-09-28,293814,125415,168399,-19248,490858,34.3
legacy_fut,088691,"Gold, COMEX (GLD proxy)",noncommercial,2021-10-05,295939,113357,182582,14183,483789,37.7
legacy_fut,088691,"Gold, COMEX (GLD proxy)",noncommercial,2021-10-12,298503,112964,185539,2957,484382,38.3
legacy_fut,088691,"Gold, COMEX (GLD proxy)",noncommercial,2021-10-19,299882,106533,193349,7810,485974,39.8
legacy_fut,088691,"Gold, COMEX (GLD proxy)",noncommercial,2021-10-26,313646,99086,214560,21211,509794,42.1
legacy_fut,088691,"Gold, COMEX (GLD proxy)",noncommercial,2021-11-02,311091,95962,215129,569,507616,42.4
legacy_fut,088691,"Gold, COMEX (GLD proxy)",noncommercial,2021-11-09,341111,90930,250181,35052,571025,43.8
legacy_fut,088691,"Gold, COMEX (GLD proxy)",noncommercial,2021-11-16,360529,100749,259780,9599,612612,42.4
legacy_fut,088691,"Gold, COMEX (GLD proxy)",noncommercial,2021-11-23,326409,91998,234411,-25369,559823,41.9
legacy_fut,088691,"Gold, COMEX (GLD proxy)",noncommercial,2021-11-30,310253,84393,225860,-8551,531868,42.5
legacy_fut,088691,"Gold, COMEX (GLD proxy)",noncommercial,2021-12-07,300518,83333,217185,-8675,499307,43.5
legacy_fut,088691,"Gold, COMEX (GLD proxy)",noncommercial,2021-12-14,298142,95741,202401,-14784,503709,40.2
legacy_fut,088691,"Gold, COMEX (GLD proxy)",noncommercial,2021-12-21,296628,90817,205811,3410,500846,41.1
legacy_fut,088691,"Gold, COMEX (GLD proxy)",noncommercial,2021-12-28,303879,90723,213156,7345,508912,41.9
legacy_fut,088691,"Gold, COMEX (GLD proxy)",noncommercial,2022-01-04,296583,85228,211355,-1801,502717,42.0
legacy_fut,088691,"Gold, COMEX (GLD proxy)",noncommercial,2022-01-11,290102,90365,199737,-11618,546516,36.5
legacy_fut,088691,"Gold, COMEX (GLD proxy)",noncommercial,2022-01-18,290528,96321,194207,-5530,539204,36.0
legacy_fut,088691,"Gold, COMEX (GLD proxy)",noncommercial,2022-01-25,313415,93264,220151,25944,572078,38.5
legacy_fut,088691,"Gold, COMEX (GLD proxy)",noncommercial,2022-02-01,275994,103852,172142,-48009,515331,33.4
legacy_fut,088691,"Gold, COMEX (GLD proxy)",noncommercial,2022-02-08,279559,92853,186706,14564,512842,36.4
legacy_fut,088691,"Gold, COMEX (GLD proxy)",noncommercial,2022-02-15,313269,99656,213613,26907,558645,38.2
legacy_fut,088691,"Gold, COMEX (GLD proxy)",noncommercial,2022-02-22,350096,106948,243148,29535,611488,39.8
legacy_fut,088691,"Gold, COMEX (GLD proxy)",noncommercial,2022-03-01,354177,96555,257622,14474,615600,41.8
legacy_fut,088691,"Gold, COMEX (GLD proxy)",noncommercial,2022-03-08,364618,90230,274388,16766,638502,43.0
legacy_fut,088691,"Gold, COMEX (GLD proxy)",noncommercial,2022-03-15,346731,84943,261788,-12600,617605,42.4
legacy_fut,088691,"Gold, COMEX (GLD proxy)",noncommercial,2022-03-22,328660,80628,248032,-13756,605191,41.0
legacy_fut,088691,"Gold, COMEX (GLD proxy)",noncommercial,2022-03-29,327632,70036,257596,9564,574521,44.8
legacy_fut,088691,"Gold, COMEX (GLD proxy)",noncommercial,2022-04-05,324570,79029,245541,-12055,560666,43.8
legacy_fut,088691,"Gold, COMEX (GLD proxy)",noncommercial,2022-04-12,338164,83877,254287,8746,577639,44.0
legacy_fut,088691,"Gold, COMEX (GLD proxy)",noncommercial,2022-04-19,330745,90988,239757,-14530,575202,41.7
legacy_fut,088691,"Gold, COMEX (GLD proxy)",noncommercial,2022-04-26,310511,92487,218024,-21733,557785,39.1
legacy_fut,088691,"Gold, COMEX (GLD proxy)",noncommercial,2022-05-03,293439,94271,199168,-18856,560441,35.5
legacy_fut,088691,"Gold, COMEX (GLD proxy)",noncommercial,2022-05-10,288947,95632,193315,-5853,571447,33.8
legacy_fut,088691,"Gold, COMEX (GLD proxy)",noncommercial,2022-05-17,283011,107651,175360,-17955,555756,31.6
legacy_fut,088691,"Gold, COMEX (GLD proxy)",noncommercial,2022-05-24,282202,98389,183813,8453,530098,34.7
legacy_fut,088691,"Gold, COMEX (GLD proxy)",noncommercial,2022-05-31,269459,96870,172589,-11224,513722,33.6
legacy_fut,088691,"Gold, COMEX (GLD proxy)",noncommercial,2022-06-07,270356,95088,175268,2679,494130,35.5
legacy_fut,088691,"Gold, COMEX (GLD proxy)",noncommercial,2022-06-14,266596,111998,154598,-20670,497456,31.1
legacy_fut,088691,"Gold, COMEX (GLD proxy)",noncommercial,2022-06-21,268119,104832,163287,8689,500276,32.6
legacy_fut,088691,"Gold, COMEX (GLD proxy)",noncommercial,2022-06-28,268712,111019,157693,-5594,497005,31.7
legacy_fut,088691,"Gold, COMEX (GLD proxy)",noncommercial,2022-07-05,267806,122146,145660,-12033,498210,29.2
legacy_fut,088691,"Gold, COMEX (GLD proxy)",noncommercial,2022-07-12,251126,133005,118121,-27539,542493,21.8
legacy_fut,088691,"Gold, COMEX (GLD proxy)",noncommercial,2022-07-19,241004,146049,94955,-23166,524786,18.1
legacy_fut,088691,"Gold, COMEX (GLD proxy)",noncommercial,2022-07-26,241661,148971,92690,-2265,487515,19.0
legacy_fut,088691,"Gold, COMEX (GLD proxy)",noncommercial,2022-08-02,242128,117802,124326,31636,459649,27.0
legacy_fut,088691,"Gold, COMEX (GLD proxy)",noncommercial,2022-08-09,242906,100055,142851,18525,453540,31.5
legacy_fut,088691,"Gold, COMEX (GLD proxy)",noncommercial,2022-08-16,238196,97032,141164,-1687,453960,31.1
legacy_fut,088691,"Gold, COMEX (GLD proxy)",noncommercial,2022-08-23,237427,111580,125847,-15317,457762,27.5
legacy_fut,088691,"Gold, COMEX (GLD proxy)",noncommercial,2022-08-30,235314,117580,117734,-8113,459165,25.6
legacy_fut,088691,"Gold, COMEX (GLD proxy)",noncommercial,2022-09-06,231527,127670,103857,-13877,465908,22.3
legacy_fut,088691,"Gold, COMEX (GLD proxy)",noncommercial,2022-09-13,225932,128588,97344,-6513,463674,21.0
legacy_fut,088691,"Gold, COMEX (GLD proxy)",noncommercial,2022-09-20,214557,148835,65722,-31622,469395,14.0
legacy_fut,088691,"Gold, COMEX (GLD proxy)",noncommercial,2022-09-27,207154,155073,52081,-13641,457061,11.4
legacy_fut,088691,"Gold, COMEX (GLD proxy)",noncommercial,2022-10-04,215964,127579,88385,36304,437065,20.2
legacy_fut,088691,"Gold, COMEX (GLD proxy)",noncommercial,2022-10-11,212561,118141,94420,6035,431395,21.9
legacy_fut,088691,"Gold, COMEX (GLD proxy)",noncommercial,2022-10-18,210890,133934,76956,-17464,434701,17.7
legacy_fut,088691,"Gold, COMEX (GLD proxy)",noncommercial,2022-10-25,212853,144821,68032,-8924,456072,14.9
legacy_fut,088691,"Gold, COMEX (GLD proxy)",noncommercial,2022-11-01,216341,151718,64623,-3409,467276,13.8
legacy_fut,088691,"Gold, COMEX (GLD proxy)",noncommercial,2022-11-08,223135,140797,82338,17715,488471,16.9
legacy_fut,088691,"Gold, COMEX (GLD proxy)",noncommercial,2022-11-15,227282,101013,126269,43931,495171,25.5
legacy_fut,088691,"Gold, COMEX (GLD proxy)",noncommercial,2022-11-22,214284,98171,116113,-10156,449542,25.8
legacy_fut,088691,"Gold, COMEX (GLD proxy)",noncommercial,2022-11-29,209161,99158,110003,-6110,433661,25.4
legacy_fut,088691,"Gold, COMEX (GLD proxy)",noncommercial,2022-12-06,211472,96347,115125,5122,422100,27.3
legacy_fut,088691,"Gold, COMEX (GLD proxy)",noncommercial,2022-12-13,224409,98760,125649,10524,437040,28.8
legacy_fut,088691,"Gold, COMEX (GLD proxy)",noncommercial,2022-12-20,226136,97288,128848,3199,436653,29.5
legacy_fut,088691,"Gold, COMEX (GLD proxy)",noncommercial,2022-12-27,229525,92645,136880,8032,440040,31.1
legacy_fut,088691,"Gold, COMEX (GLD proxy)",noncommercial,2023-01-03,230801,89135,141666,4786,449393,31.5
legacy_fut,088691,"Gold, COMEX (GLD proxy)",noncommercial,2023-01-10,243566,93031,150535,8869,481519,31.3
legacy_fut,088691,"Gold, COMEX (GLD proxy)",noncommercial,2023-01-17,246874,93634,153240,2705,491818,31.2
legacy_fut,088691,"Gold, COMEX (GLD proxy)",noncommercial,2023-01-24,253311,95638,157673,4433,499927,31.5
legacy_fut,088691,"Gold, COMEX (GLD proxy)",noncommercial,2023-01-31,256417,96136,160281,2608,471642,34.0
legacy_fut,088691,"Gold, COMEX (GLD proxy)",noncommercial,2023-02-07,223298,94483,128815,-31466,439755,29.3
legacy_fut,088691,"Gold, COMEX (GLD proxy)",noncommercial,2023-02-14,210374,104845,105529,-23286,426116,24.8
legacy_fut,088691,"Gold, COMEX (GLD proxy)",noncommercial,2023-02-21,210185,103084,107101,1572,422648,25.3
legacy_fut,088691,"Gold, COMEX (GLD proxy)",noncommercial,2023-02-28,208419,99826,108593,1492,426890,25.4
legacy_fut,088691,"Gold, COMEX (GLD proxy)",noncommercial,2023-03-07,215574,117100,98474,-10119,458474,21.5
legacy_fut,088691,"Gold, COMEX (GLD proxy)",noncommercial,2023-03-14,230823,90492,140331,41857,459064,30.6
legacy_fut,088691,"Gold, COMEX (GLD proxy)",noncommercial,2023-03-21,237891,79286,158605,18274,469874,33.8
legacy_fut,088691,"Gold, COMEX (GLD proxy)",noncommercial,2023-03-28,245135,63505,181630,23025,478611,37.9
legacy_fut,088691,"Gold, COMEX (GLD proxy)",noncommercial,2023-04-04,266164,70948,195216,13586,476592,41.0
legacy_fut,088691,"Gold, COMEX (GLD proxy)",noncommercial,2023-04-11,260165,67420,192745,-2471,476567,40.4
legacy_fut,088691,"Gold, COMEX (GLD proxy)",noncommercial,2023-04-18,260061,70168,189893,-2852,482254,39.4
legacy_fut,088691,"Gold, COMEX (GLD proxy)",noncommercial,2023-04-25,253186,67922,185264,-4629,473209,39.2
legacy_fut,088691,"Gold, COMEX (GLD proxy)",noncommercial,2023-05-02,262413,66846,195567,10303,493804,39.6
legacy_fut,088691,"Gold, COMEX (GLD proxy)",noncommercial,2023-05-09,266472,70658,195814,247,518951,37.7
legacy_fut,088691,"Gold, COMEX (GLD proxy)",noncommercial,2023-05-16,255250,75436,179814,-16000,521832,34.5
legacy_fut,088691,"Gold, COMEX (GLD proxy)",noncommercial,2023-05-23,236149,75417,160732,-19082,479080,33.6
legacy_fut,088691,"Gold, COMEX (GLD proxy)",noncommercial,2023-05-30,237306,67990,169316,8584,449515,37.7
legacy_fut,088691,"Gold, COMEX (GLD proxy)",noncommercial,2023-06-06,237467,61826,175641,6325,436301,40.3
legacy_fut,088691,"Gold, COMEX (GLD proxy)",noncommercial,2023-06-13,227317,67108,160209,-15432,432898,37.0
legacy_fut,088691,"Gold, COMEX (GLD proxy)",noncommercial,2023-06-20,229308,66333,162975,2766,438037,37.2
legacy_fut,088691,"Gold, COMEX (GLD proxy)",noncommercial,2023-06-27,220881,68971,151910,-11065,431861,35.2
legacy_fut,088691,"Gold, COMEX (GLD proxy)",noncommercial,2023-07-03,235081,71984,163097,,448063,36.4
legacy_fut,088691,"Gold, COMEX (GLD proxy)",noncommercial,2023-07-11,240546,74792,165754,,483170,34.3
legacy_fut,088691,"Gold, COMEX (GLD proxy)",noncommercial,2023-07-18,263740,70392,193348,27594,482104,40.1
legacy_fut,088691,"Gold, COMEX (GLD proxy)",noncommercial,2023-07-25,248229,74590,173639,-19709,476176,36.5
legacy_fut,088691,"Gold, COMEX (GLD proxy)",noncommercial,2023-08-01,238985,74061,164924,-8715,439383,37.5
legacy_fut,088691,"Gold, COMEX (GLD proxy)",noncommercial,2023-08-08,228846,85861,142985,-21939,427759,33.4
legacy_fut,088691,"Gold, COMEX (GLD proxy)",noncommercial,2023-08-15,233078,111942,121136,-21849,433611,27.9
legacy_fut,088691,"Gold, COMEX (GLD proxy)",noncommercial,2023-08-22,226340,124394,101946,-19190,430239,23.7
legacy_fut,088691,"Gold, COMEX (GLD proxy)",noncommercial,2023-08-29,236054,112782,123272,21326,442806,27.8
legacy_fut,088691,"Gold, COMEX (GLD proxy)",noncommercial,2023-09-05,235802,97796,138006,14734,438672,31.5
legacy_fut,088691,"Gold, COMEX (GLD proxy)",noncommercial,2023-09-12,235704,111840,123864,-14142,441221,28.1
legacy_fut,088691,"Gold, COMEX (GLD proxy)",noncommercial,2023-09-19,237716,102553,135163,11299,438078,30.9
legacy_fut,088691,"Gold, COMEX (GLD proxy)",noncommercial,2023-09-26,235560,119745,115815,-19348,435620,26.6
legacy_fut,088691,"Gold, COMEX (GLD proxy)",noncommercial,2023-10-03,228406,137180,91226,-24589,431226,21.2
legacy_fut,088691,"Gold, COMEX (GLD proxy)",noncommercial,2023-10-10,220332,148899,71433,-19793,436499,16.4
legacy_fut,088691,"Gold, COMEX (GLD proxy)",noncommercial,2023-10-17,231412,118674,112738,41305,439581,25.6
legacy_fut,088691,"Gold, COMEX (GLD proxy)",noncommercial,2023-10-24,251469,102084,149385,36647,463476,32.2
legacy_fut,088691,"Gold, COMEX (GLD proxy)",noncommercial,2023-10-31,261053,97628,163425,14040,475808,34.3
legacy_fut,088691,"Gold, COMEX (GLD proxy)",noncommercial,2023-11-07,261653,95437,166216,2791,484347,34.3
legacy_fut,088691,"Gold, COMEX (GLD proxy)",noncommercial,2023-11-14,254352,98976,155376,-10840,486634,31.9
legacy_fut,088691,"Gold, COMEX (GLD proxy)",noncommercial,2023-11-21,269701,97996,171705,16329,508429,33.8
legacy_fut,088691,"Gold, COMEX (GLD proxy)",noncommercial,2023-11-28,289845,89761,200084,28379,505658,39.6
legacy_fut,088691,"Gold, COMEX (GLD proxy)",noncommercial,2023-12-05,288840,85296,203544,3460,487469,41.8
legacy_fut,088691,"Gold, COMEX (GLD proxy)",noncommercial,2023-12-12,273536,85303,188233,-15311,469939,40.1
legacy_fut,088691,"Gold, COMEX (GLD proxy)",noncommercial,2023-12-19,280972,79633,201339,13106,481203,41.8
legacy_fut,088691,"Gold, COMEX (GLD proxy)",noncommercial,2023-12-26,289843,82125,207718,6379,491343,42.3
legacy_fut,088691,"Gold, COMEX (GLD proxy)",noncommercial,2024-01-02,290706,83057,207649,-69,500364,41.5
legacy_fut,088691,"Gold, COMEX (GLD proxy)",noncommercial,2024-01-09,271665,83051,188614,-19035,489849,38.5
legacy_fut,088691,"Gold, COMEX (GLD proxy)",noncommercial,2024-01-16,262360,82467,179893,-8721,489334,36.8
legacy_fut,088691,"Gold, COMEX (GLD proxy)",noncommercial,2024-01-23,241100,71626,169474,-10419,465872,36.4
legacy_fut,088691,"Gold, COMEX (GLD proxy)",noncommercial,2024-01-30,219222,71431,147791,-21683,430328,34.3
legacy_fut,088691,"Gold, COMEX (GLD proxy)",noncommercial,2024-02-06,228623,66885,161738,13947,419121,38.6
legacy_fut,088691,"Gold, COMEX (GLD proxy)",noncommercial,2024-02-13,217505,86337,131168,-30570,420812,31.2
legacy_fut,088691,"Gold, COMEX (GLD proxy)",noncommercial,2024-02-20,211034,70772,140262,9094,407063,34.5
legacy_fut,088691,"Gold, COMEX (GLD proxy)",noncommercial,2024-02-27,214948,73312,141636,1374,411195,34.4
legacy_fut,088691,"Gold, COMEX (GLD proxy)",noncommercial,2024-03-05,264148,72855,191293,49657,471616,40.6
legacy_fut,088691,"Gold, COMEX (GLD proxy)",noncommercial,2024-03-12,283062,81460,201602,10309,516057,39.1
legacy_fut,088691,"Gold, COMEX (GLD proxy)",noncommercial,2024-03-19,278732,77130,201602,0,535047,37.7
legacy_fut,088691,"Gold, COMEX (GLD proxy)",noncommercial,2024-03-26,265647,66353,199294,-2308,503642,39.6
legacy_fut,088691,"Gold, COMEX (GLD proxy)",noncommercial,2024-04-02,281399,74149,207250,7956,500045,41.4
legacy_fut,088691,"Gold, COMEX (GLD proxy)",noncommercial,2024-04-09,279799,77380,202419,-4831,505214,40.1
legacy_fut,088691,"Gold, COMEX (GLD proxy)",noncommercial,2024-04-16,278777,76854,201923,-496,517193,39.0
legacy_fut,088691,"Gold, COMEX (GLD proxy)",noncommercial,2024-04-23,279535,76644,202891,968,516249,39.3
legacy_fut,088691,"Gold, COMEX (GLD proxy)",noncommercial,2024-04-30,278850,74640,204210,1319,519791,39.3
legacy_fut,088691,"Gold, COMEX (GLD proxy)",noncommercial,2024-05-07,272144,72577,199567,-4643,529835,37.7
legacy_fut,088691,"Gold, COMEX (GLD proxy)",noncommercial,2024-05-14,277642,73146,204496,4929,522952,39.1
legacy_fut,088691,"Gold, COMEX (GLD proxy)",noncommercial,2024-05-21,300729,70923,229806,25310,530591,43.3
legacy_fut,088691,"Gold, COMEX (GLD proxy)",noncommercial,2024-05-28,286737,50152,236585,6779,485430,48.7
legacy_fut,088691,"Gold, COMEX (GLD proxy)",noncommercial,2024-06-04,284566,47264,237302,717,447488,53.0
legacy_fut,088691,"Gold, COMEX (GLD proxy)",noncommercial,2024-06-11,276769,42843,233926,-3376,436857,53.5
legacy_fut,088691,"Gold, COMEX (GLD proxy)",noncommercial,2024-06-18,287147,44063,243084,9158,444345,54.7
legacy_fut,088691,"Gold, COMEX (GLD proxy)",noncommercial,2024-06-25,284885,38656,246229,3145,452190,54.5
legacy_fut,088691,"Gold, COMEX (GLD proxy)",noncommercial,2024-07-02,280117,38574,241543,-4686,454730,53.1
legacy_fut,088691,"Gold, COMEX (GLD proxy)",noncommercial,2024-07-09,303043,48268,254775,13232,516324,49.3
legacy_fut,088691,"Gold, COMEX (GLD proxy)",noncommercial,2024-07-16,349827,64803,285024,30249,579862,49.2
legacy_fut,088691,"Gold, COMEX (GLD proxy)",noncommercial,2024-07-23,341600,68526,273074,-11950,572306,47.7
legacy_fut,088691,"Gold, COMEX (GLD proxy)",noncommercial,2024-07-30,313364,66763,246601,-26473,510914,48.3
legacy_fut,088691,"Gold, COMEX (GLD proxy)",noncommercial,2024-08-06,298119,59370,238749,-7852,480645,49.7
legacy_fut,088691,"Gold, COMEX (GLD proxy)",noncommercial,2024-08-13,328769,61505,267264,28515,505872,52.8
legacy_fut,088691,"Gold, COMEX (GLD proxy)",noncommercial,2024-08-20,355551,64298,291253,23989,532867,54.7
legacy_fut,088691,"Gold, COMEX (GLD proxy)",noncommercial,2024-08-27,343330,48885,294445,3192,521759,56.4
legacy_fut,088691,"Gold, COMEX (GLD proxy)",noncommercial,2024-09-03,339157,51599,287558,-6887,511136,56.3
legacy_fut,088691,"Gold, COMEX (GLD proxy)",noncommercial,2024-09-10,340006,57505,282501,-5057,511501,55.2
legacy_fut,088691,"Gold, COMEX (GLD proxy)",noncommercial,2024-09-17,369734,59668,310066,27565,537627,57.7
legacy_fut,088691,"Gold, COMEX (GLD proxy)",noncommercial,2024-09-24,387572,72182,315390,5324,564640,55.9
legacy_fut,088691,"Gold, COMEX (GLD proxy)",noncommercial,2024-10-01,370051,70120,299931,-15459,533107,56.3
legacy_fut,088691,"Gold, COMEX (GLD proxy)",noncommercial,2024-10-08,348891,70711,278180,-21751,520316,53.5
legacy_fut,088691,"Gold, COMEX (GLD proxy)",noncommercial,2024-10-15,357494,71060,286434,8254,541232,52.9
legacy_fut,088691,"Gold, COMEX (GLD proxy)",noncommercial,2024-10-22,371813,75609,296204,9770,573760,51.6
legacy_fut,088691,"Gold, COMEX (GLD proxy)",noncommercial,2024-10-29,366636,87983,278653,-17551,579468,48.1
legacy_fut,088691,"Gold, COMEX (GLD proxy)",noncommercial,2024-11-05,336816,81487,255329,-23324,558034,45.8
legacy_fut,088691,"Gold, COMEX (GLD proxy)",noncommercial,2024-11-12,316225,79774,236451,-18878,535981,44.1
legacy_fut,088691,"Gold, COMEX (GLD proxy)",noncommercial,2024-11-19,309354,74987,234367,-2084,502952,46.6
legacy_fut,088691,"Gold, COMEX (GLD proxy)",noncommercial,2024-11-26,303401,53063,250338,15971,472660,53.0
legacy_fut,088691,"Gold, COMEX (GLD proxy)",noncommercial,2024-12-03,307611,47875,259736,9398,462040,56.2
legacy_fut,088691,"Gold, COMEX (GLD proxy)",noncommercial,2024-12-10,324332,48746,275586,15850,483346,57.0
legacy_fut,088691,"Gold, COMEX (GLD proxy)",noncommercial,2024-12-17,302978,40937,262041,-13545,466571,56.2
legacy_fut,088691,"Gold, COMEX (GLD proxy)",noncommercial,2024-12-24,289416,41787,247629,-14412,454646,54.5
legacy_fut,088691,"Gold, COMEX (GLD proxy)",noncommercial,2024-12-31,282907,35628,247279,-350,458584,53.9
legacy_fut,088691,"Gold, COMEX (GLD proxy)",noncommercial,2025-01-07,291721,36810,254911,7632,477043,53.4
legacy_fut,088691,"Gold, COMEX (GLD proxy)",noncommercial,2025-01-14,312568,33205,279363,24452,526467,53.1
legacy_fut,088691,"Gold, COMEX (GLD proxy)",noncommercial,2025-01-21,337289,36505,300784,21421,571387,52.6
legacy_fut,088691,"Gold, COMEX (GLD proxy)",noncommercial,2025-01-28,338371,38962,299409,-1375,577505,51.8
legacy_fut,088691,"Gold, COMEX (GLD proxy)",noncommercial,2025-02-04,356500,53992,302508,3099,542004,55.8
legacy_fut,088691,"Gold, COMEX (GLD proxy)",noncommercial,2025-02-11,343766,59262,284504,-18004,528719,53.8
legacy_fut,088691,"Gold, COMEX (GLD proxy)",noncommercial,2025-02-18,334043,65369,268674,-15830,522330,51.4
legacy_fut,088691,"Gold, COMEX (GLD proxy)",noncommercial,2025-02-25,316948,55323,261625,-7049,512179,51.1
legacy_fut,088691,"Gold, COMEX (GLD proxy)",noncommercial,2025-03-04,303132,59871,243261,-18364,489270,49.7
legacy_fut,088691,"Gold, COMEX (GLD proxy)",noncommercial,2025-03-11,296172,60072,236100,-7161,511276,46.2
legacy_fut,088691,"Gold, COMEX (GLD proxy)",noncommercial,2025-03-18,321654,63722,257932,21832,533566,48.3
legacy_fut,088691,"Gold, COMEX (GLD proxy)",noncommercial,2025-03-25,316572,66776,249796,-8136,511482,48.8
legacy_fut,088691,"Gold, COMEX (GLD proxy)",noncommercial,2025-04-01,327936,89502,238434,-11362,498746,47.8
legacy_fut,088691,"Gold, COMEX (GLD proxy)",noncommercial,2025-04-08,269833,69118,200715,-37719,445468,45.1
legacy_fut,088691,"Gold, COMEX (GLD proxy)",noncommercial,2025-04-15,271707,69497,202210,1495,456628,44.3
legacy_fut,088691,"Gold, COMEX (GLD proxy)",noncommercial,2025-04-22,258896,83518,175378,-26832,465351,37.7
legacy_fut,088691,"Gold, COMEX (GLD proxy)",noncommercial,2025-04-29,240377,77059,163318,-12060,451868,36.1
legacy_fut,088691,"Gold, COMEX (GLD proxy)",noncommercial,2025-05-06,237445,74948,162497,-821,452414,35.9
legacy_fut,088691,"Gold, COMEX (GLD proxy)",noncommercial,2025-05-13,238191,76982,161209,-1288,440842,36.6
legacy_fut,088691,"Gold, COMEX (GLD proxy)",noncommercial,2025-05-20,238062,74081,163981,2772,448000,36.6
legacy_fut,088691,"Gold, COMEX (GLD proxy)",noncommercial,2025-05-27,234087,59903,174184,10203,437538,39.8
legacy_fut,088691,"Gold, COMEX (GLD proxy)",noncommercial,2025-06-03,246982,59077,187905,13721,415941,45.2
legacy_fut,088691,"Gold, COMEX (GLD proxy)",noncommercial,2025-06-10,245995,58514,187481,-424,417143,44.9
legacy_fut,088691,"Gold, COMEX (GLD proxy)",noncommercial,2025-06-17,260586,59938,200648,13167,441214,45.5
legacy_fut,088691,"Gold, COMEX (GLD proxy)",noncommercial,2025-06-24,256077,61073,195004,-5644,434958,44.8
legacy_fut,088691,"Gold, COMEX (GLD proxy)",noncommercial,2025-07-01,258631,56651,201980,6976,437662,46.1
legacy_fut,088691,"Gold, COMEX (GLD proxy)",noncommercial,2025-07-08,261685,58717,202968,988,443144,45.8
legacy_fut,088691,"Gold, COMEX (GLD proxy)",noncommercial,2025-07-15,270227,57112,213115,10147,448531,47.5
legacy_fut,088691,"Gold, COMEX (GLD proxy)",noncommercial,2025-07-22,311949,58911,253038,39923,489423,51.7
legacy_fut,088691,"Gold, COMEX (GLD proxy)",noncommercial,2025-07-29,281241,57645,223596,-29442,445259,50.2
legacy_fut,088691,"Gold, COMEX (GLD proxy)",noncommercial,2025-08-05,292194,55144,237050,13454,449647,52.7
legacy_fut,088691,"Gold, COMEX (GLD proxy)",noncommercial,2025-08-12,288115,58630,229485,-7565,446152,51.4
legacy_fut,088691,"Gold, COMEX (GLD proxy)",noncommercial,2025-08-19,275277,62687,212590,-16895,438541,48.5
legacy_fut,088691,"Gold, COMEX (GLD proxy)",noncommercial,2025-08-26,275767,61456,214311,1721,443760,48.3
legacy_fut,088691,"Gold, COMEX (GLD proxy)",noncommercial,2025-09-02,315796,66266,249530,35219,492908,50.6
legacy_fut,088691,"Gold, COMEX (GLD proxy)",noncommercial,2025-09-09,324875,63135,261740,12210,509625,51.4
legacy_fut,088691,"Gold, COMEX (GLD proxy)",noncommercial,2025-09-16,326778,60368,266410,4670,516221,51.6
legacy_fut,088691,"Gold, COMEX (GLD proxy)",noncommercial,2025-09-23,332808,66059,266749,339,528789,50.4
legacy_fut,088691,"Gold, COMEX (GLD proxy)",noncommercial,2025-09-30,318804,65896,252908,-13841,493748,51.2
legacy_fut,088691,"Gold, COMEX (GLD proxy)",noncommercial,2025-10-07,300798,68842,231956,-20952,485559,47.8
legacy_fut,088691,"Gold, COMEX (GLD proxy)",noncommercial,2025-10-14,278405,74489,203916,-28040,485788,42.0
legacy_fut,088691,"Gold, COMEX (GLD proxy)",noncommercial,2025-10-21,253851,77242,176609,-27307,472421,37.4
legacy_fut,088691,"Gold, COMEX (GLD proxy)",noncommercial,2025-10-28,266308,61644,204664,28055,457122,44.8
legacy_fut,088691,"Gold, COMEX (GLD proxy)",noncommercial,2025-11-04,256572,54265,202307,-2357,450399,44.9
legacy_fut,088691,"Gold, COMEX (GLD proxy)",noncommercial,2025-11-10,265916,58847,207069,,459997,45.0
legacy_fut,088691,"Gold, COMEX (GLD proxy)",noncommercial,2025-11-18,269556,59217,210339,,471953,44.6
legacy_fut,088691,"Gold, COMEX (GLD proxy)",noncommercial,2025-11-25,253266,48678,204588,-5751,432946,47.3
legacy_fut,088691,"Gold, COMEX (GLD proxy)",noncommercial,2025-12-02,261331,43771,217560,12972,418490,52.0
legacy_fut,088691,"Gold, COMEX (GLD proxy)",noncommercial,2025-12-09,268485,44599,223886,6326,432569,51.8
legacy_fut,088691,"Gold, COMEX (GLD proxy)",noncommercial,2025-12-16,280920,46942,233978,10092,471093,49.7
legacy_fut,088691,"Gold, COMEX (GLD proxy)",noncommercial,2025-12-23,290161,49461,240700,6722,492103,48.9
legacy_fut,088691,"Gold, COMEX (GLD proxy)",noncommercial,2025-12-30,275592,44419,231173,-9527,481866,48.0
legacy_fut,088691,"Gold, COMEX (GLD proxy)",noncommercial,2026-01-06,274435,46803,227632,-3541,488116,46.6
legacy_fut,088691,"Gold, COMEX (GLD proxy)",noncommercial,2026-01-13,296183,44945,251238,23606,527455,47.6
legacy_fut,088691,"Gold, COMEX (GLD proxy)",noncommercial,2026-01-20,295772,51002,244770,-6468,528004,46.4
legacy_fut,088691,"Gold, COMEX (GLD proxy)",noncommercial,2026-01-27,252100,46704,205396,-39374,488463,42.0
legacy_fut,088691,"Gold, COMEX (GLD proxy)",noncommercial,2026-02-03,214508,48904,165604,-39792,409694,40.4
legacy_fut,088691,"Gold, COMEX (GLD proxy)",noncommercial,2026-02-10,212808,52796,160012,-5592,404391,39.6
legacy_fut,088691,"Gold, COMEX (GLD proxy)",noncommercial,2026-02-17,213432,53517,159915,-97,407078,39.3
legacy_fut,088691,"Gold, COMEX (GLD proxy)",noncommercial,2026-02-24,211649,52472,159177,-738,420182,37.9
legacy_fut,088691,"Gold, COMEX (GLD proxy)",noncommercial,2026-03-03,213752,53607,160145,968,409789,39.1
legacy_fut,088691,"Gold, COMEX (GLD proxy)",noncommercial,2026-03-10,215445,52313,163132,2987,413956,39.4
legacy_fut,088691,"Gold, COMEX (GLD proxy)",noncommercial,2026-03-17,215961,56092,159869,-3263,411388,38.9
legacy_fut,088691,"Gold, COMEX (GLD proxy)",noncommercial,2026-03-24,220861,52534,168327,8458,403925,41.7
legacy_fut,088691,"Gold, COMEX (GLD proxy)",noncommercial,2026-03-31,207602,44400,163202,-5125,361409,45.2
legacy_fut,088691,"Gold, COMEX (GLD proxy)",noncommercial,2026-04-07,205368,49063,156305,-6897,354877,44.0
legacy_fut,088691,"Gold, COMEX (GLD proxy)",noncommercial,2026-04-14,210009,47483,162526,6221,362274,44.9
legacy_fut,088691,"Gold, COMEX (GLD proxy)",noncommercial,2026-04-21,212893,48887,164006,1480,365842,44.8
legacy_fut,088691,"Gold, COMEX (GLD proxy)",noncommercial,2026-04-28,211818,52247,159571,-4435,369530,43.2
legacy_fut,088691,"Gold, COMEX (GLD proxy)",noncommercial,2026-05-05,211814,48511,163303,3732,367932,44.4
legacy_fut,088691,"Gold, COMEX (GLD proxy)",noncommercial,2026-05-12,219793,48171,171622,8319,376496,45.6
legacy_fut,088691,"Gold, COMEX (GLD proxy)",noncommercial,2026-05-19,211018,51185,159833,-11789,379325,42.1
legacy_fut,088691,"Gold, COMEX (GLD proxy)",noncommercial,2026-05-26,200704,46444,154260,-5573,353489,43.6
legacy_fut,088691,"Gold, COMEX (GLD proxy)",noncommercial,2026-06-02,206096,30076,176020,21760,326052,54.0
legacy_fut,088691,"Gold, COMEX (GLD proxy)",noncommercial,2026-06-09,207984,34147,173837,-2183,332709,52.2
legacy_fut,088691,"Gold, COMEX (GLD proxy)",noncommercial,2026-06-16,211127,30907,180220,6383,339330,53.1
legacy_fut,088691,"Gold, COMEX (GLD proxy)",noncommercial,2026-06-23,217028,35689,181339,1119,352167,51.5
legacy_fut,088691,"Gold, COMEX (GLD proxy)",noncommercial,2026-06-30,229619,35600,194019,12680,369541,52.5
legacy_fut,088691,"Gold, COMEX (GLD proxy)",noncommercial,2026-07-07,233713,39467,194246,227,371776,52.2
legacy_fut,088691,"Gold, COMEX (GLD proxy)",noncommercial,2026-07-14,227310,40628,186682,-7564,383689,48.7
legacy_fut,088691,"Gold, COMEX (GLD proxy)",noncommercial,2026-07-21,224785,40875,183910,-2772,383368,48.0
legacy_fut,088691,"Gold, COMEX (GLD proxy)",noncommercial,2026-07-28,219622,37552,182070,-1840,384603,47.3
legacy_fut,088691,"Gold, COMEX (GLD proxy)",noncommercial,2026-08-04,227013,29379,197634,15564,371551,53.2
legacy_fut,088691,"Gold, COMEX (GLD proxy)",noncommercial,2026-08-11,250936,32996,217940,20306,400309,54.4
legacy_fut,088691,"Gold, COMEX (GLD proxy)",noncommercial,2026-08-18,256902,34713,222189,4249,406260,54.7
legacy_fut,088691,"Gold, COMEX (GLD proxy)",noncommercial,2026-08-25,277159,33825,243334,21145,427957,56.9
legacy_fut,088691,"Gold, COMEX (GLD proxy)",noncommercial,2026-09-01,260485,32361,228124,-15210,415196,54.9
legacy_fut,088691,"Gold, COMEX (GLD proxy)",noncommercial,2026-09-08,261007,29047,231960,3836,411227,56.4
legacy_fut,088691,"Gold, COMEX (GLD proxy)",noncommercial,2026-09-15,258059,27721,230338,-1622,409899,56.2
legacy_fut,088691,"Gold, COMEX (GLD proxy)",nonreportable,2006-06-13,46632,11518,35114,,288981,12.2
legacy_fut,088691,"Gold, COMEX (GLD proxy)",nonreportable,2006-06-20,44571,12521,32050,-3064,288148,11.1
legacy_fut,088691,"Gold, COMEX (GLD proxy)",nonreportable,2006-06-27,47827,17210,30617,-1433,292789,10.5
legacy_fut,088691,"Gold, COMEX (GLD proxy)",nonreportable,2006-07-03,44854,14607,30247,,292500,10.3
legacy_fut,088691,"Gold, COMEX (GLD proxy)",nonreportable,2006-07-11,44878,14760,30118,,312684,9.6
legacy_fut,088691,"Gold, COMEX (GLD proxy)",nonreportable,2006-07-18,49757,17040,32717,2599,324276,10.1
legacy_fut,088691,"Gold, COMEX (GLD proxy)",nonreportable,2006-07-25,47839,9905,37934,5217,315635,12.0
legacy_fut,088691,"Gold, COMEX (GLD proxy)",nonreportable,2006-08-01,49636,13964,35672,-2262,304907,11.7
legacy_fut,088691,"Gold, COMEX (GLD proxy)",nonreportable,2006-08-08,47215,11388,35827,155,309097,11.6
legacy_fut,088691,"Gold, COMEX (GLD proxy)",nonreportable,2006-08-15,54613,20028,34585,-1242,313327,11.0
legacy_fut,088691,"Gold, COMEX (GLD proxy)",nonreportable,2006-08-22,46567,14442,32125,-2460,306171,10.5
legacy_fut,088691,"Gold, COMEX (GLD proxy)",nonreportable,2006-08-29,45199,15670,29529,-2596,307583,9.6
legacy_fut,088691,"Gold, COMEX (GLD proxy)",nonreportable,2006-09-05,51855,18924,32931,3402,319998,10.3
legacy_fut,088691,"Gold, COMEX (GLD proxy)",nonreportable,2006-09-12,44613,18140,26473,-6458,310510,8.5
legacy_fut,088691,"Gold, COMEX (GLD proxy)",nonreportable,2006-09-19,43421,19364,24057,-2416,325852,7.4
legacy_fut,088691,"Gold, COMEX (GLD proxy)",nonreportable,2006-09-26,45719,21598,24121,64,322937,7.5
legacy_fut,088691,"Gold, COMEX (GLD proxy)",nonreportable,2006-10-03,47406,24846,22560,-1561,330065,6.8
legacy_fut,088691,"Gold, COMEX (GLD proxy)",nonreportable,2006-10-10,40503,20350,20153,-2407,334329,6.0
legacy_fut,088691,"Gold, COMEX (GLD proxy)",nonreportable,2006-10-17,38990,17111,21879,1726,329875,6.6
legacy_fut,088691,"Gold, COMEX (GLD proxy)",nonreportable,2006-10-24,40864,16405,24459,2580,331598,7.4
legacy_fut,088691,"Gold, COMEX (GLD proxy)",nonreportable,2006-10-31,46122,18942,27180,2721,323481,8.4
legacy_fut,088691,"Gold, COMEX (GLD proxy)",nonreportable,2006-11-07,49509,16219,33290,6110,335036,9.9
legacy_fut,088691,"Gold, COMEX (GLD proxy)",nonreportable,2006-11-14,51034,16347,34687,1397,356575,9.7
legacy_fut,088691,"Gold, COMEX (GLD proxy)",nonreportable,2006-11-21,51718,17035,34683,-4,355430,9.8
legacy_fut,088691,"Gold, COMEX (GLD proxy)",nonreportable,2006-11-28,55708,17850,37858,3175,349517,10.8
legacy_fut,088691,"Gold, COMEX (GLD proxy)",nonreportable,2006-12-05,53634,17105,36529,-1329,330530,11.1
legacy_fut,088691,"Gold, COMEX (GLD proxy)",nonreportable,2006-12-12,48888,14435,34453,-2076,333101,10.3
legacy_fut,088691,"Gold, COMEX (GLD proxy)",nonreportable,2006-12-19,46897,15058,31839,-2614,337096,9.4
legacy_fut,088691,"Gold, COMEX (GLD proxy)",nonreportable,2006-12-26,47850,12874,34976,3137,340473,10.3
legacy_fut,088691,"Gold, COMEX (GLD proxy)",nonreportable,2007-01-03,51926,17362,34564,,353494,9.8
legacy_fut,088691,"Gold, COMEX (GLD proxy)",nonreportable,2007-01-09,48166,19360,28806,,347491,8.3
legacy_fut,088691,"Gold, COMEX (GLD proxy)",nonreportable,2007-01-16,45998,16839,29159,353,344685,8.5
legacy_fut,088691,"Gold, COMEX (GLD proxy)",nonreportable,2007-01-23,51941,17865,34076,4917,361114,9.4
legacy_fut,088691,"Gold, COMEX (GLD proxy)",nonreportable,2007-01-30,47890,12624,35266,1190,348035,10.1
legacy_fut,088691,"Gold, COMEX (GLD proxy)",nonreportable,2007-02-06,50194,12076,38118,2852,360936,10.6
legacy_fut,088691,"Gold, COMEX (GLD proxy)",nonreportable,2007-02-13,53591,12877,40714,2596,383169,10.6
legacy_fut,088691,"Gold, COMEX (GLD proxy)",nonreportable,2007-02-20,54149,15932,38217,-2497,396115,9.6
legacy_fut,088691,"Gold, COMEX (GLD proxy)",nonreportable,2007-02-27,52633,10975,41658,3441,415155,10.0
legacy_fut,088691,"Gold, COMEX (GLD proxy)",nonreportable,2007-03-06,54172,18559,35613,-6045,382550,9.3
legacy_fut,088691,"Gold, COMEX (GLD proxy)",nonreportable,2007-03-13,52419,17845,34574,-1039,394090,8.8
legacy_fut,088691,"Gold, COMEX (GLD proxy)",nonreportable,2007-03-20,52764,16294,36470,1896,359726,10.1
legacy_fut,088691,"Gold, COMEX (GLD proxy)",nonreportable,2007-03-27,59521,16120,43401,6931,359434,12.1
legacy_fut,088691,"Gold, COMEX (GLD proxy)",nonreportable,2007-04-03,49543,13990,35553,-7848,347817,10.2
legacy_fut,088691,"Gold, COMEX (GLD proxy)",nonreportable,2007-04-10,55047,14799,40248,4695,369536,10.9
legacy_fut,088691,"Gold, COMEX (GLD proxy)",nonreportable,2007-04-17,54973,15733,39240,-1008,380800,10.3
legacy_fut,088691,"Gold, COMEX (GLD proxy)",nonreportable,2007-04-24,57558,19627,37931,-1309,403388,9.4
legacy_fut,088691,"Gold, COMEX (GLD proxy)",nonreportable,2007-05-01,53769,18061,35708,-2223,396276,9.0
legacy_fut,088691,"Gold, COMEX (GLD proxy)",nonreportable,2007-05-08,55538,19360,36178,470,411273,8.8
legacy_fut,088691,"Gold, COMEX (GLD proxy)",nonreportable,2007-05-15,54108,20713,33395,-2783,408936,8.2
legacy_fut,088691,"Gold, COMEX (GLD proxy)",nonreportable,2007-05-22,54506,26105,28401,-4994,416813,6.8
legacy_fut,088691,"Gold, COMEX (GLD proxy)",nonreportable,2007-05-29,57428,33630,23798,-4603,425688,5.6
legacy_fut,088691,"Gold, COMEX (GLD proxy)",nonreportable,2007-06-05,44105,15326,28779,4981,385046,7.5
legacy_fut,088691,"Gold, COMEX (GLD proxy)",nonreportable,2007-06-12,42095,19986,22109,-6670,412150,5.4
legacy_fut,088691,"Gold, COMEX (GLD proxy)",nonreportable,2007-06-19,44071,16456,27615,5506,410324,6.7
legacy_fut,088691,"Gold, COMEX (GLD proxy)",nonreportable,2007-06-26,41791,21284,20507,-7108,407640,5.0
legacy_fut,088691,"Gold, COMEX (GLD proxy)",nonreportable,2007-07-03,43396,17826,25570,5063,375642,6.8
legacy_fut,088691,"Gold, COMEX (GLD proxy)",nonreportable,2007-07-10,49379,18414,30965,5395,387916,8.0
legacy_fut,088691,"Gold, COMEX (GLD proxy)",nonreportable,2007-07-17,52294,19505,32789,1824,385595,8.5
legacy_fut,088691,"Gold, COMEX (GLD proxy)",nonreportable,2007-07-24,53104,14432,38672,5883,401603,9.6
legacy_fut,088691,"Gold, COMEX (GLD proxy)",nonreportable,2007-07-31,46176,14421,31755,-6917,351185,9.0
legacy_fut,088691,"Gold, COMEX (GLD proxy)",nonreportable,2007-08-07,45857,13982,31875,120,352908,9.0
legacy_fut,088691,"Gold, COMEX (GLD proxy)",nonreportable,2007-08-14,45748,14065,31683,-192,347973,9.1
legacy_fut,088691,"Gold, COMEX (GLD proxy)",nonreportable,2007-08-21,40587,17523,23064,-8619,330204,7.0
legacy_fut,088691,"Gold, COMEX (GLD proxy)",nonreportable,2007-08-28,39303,17650,21653,-1411,325767,6.6
legacy_fut,088691,"Gold, COMEX (GLD proxy)",nonreportable,2007-09-04,46198,18824,27374,5721,339439,8.1
legacy_fut,088691,"Gold, COMEX (GLD proxy)",nonreportable,2007-09-11,50807,16554,34253,6879,373686,9.2
legacy_fut,088691,"Gold, COMEX (GLD proxy)",nonreportable,2007-09-18,52939,19325,33614,-639,392748,8.6
legacy_fut,088691,"Gold, COMEX (GLD proxy)",nonreportable,2007-09-25,57574,23607,33967,353,440945,7.7
legacy_fut,088691,"Gold, COMEX (GLD proxy)",nonreportable,2007-10-02,54461,18325,36136,2169,439865,8.2
legacy_fut,088691,"Gold, COMEX (GLD proxy)",nonreportable,2007-10-09,52328,16003,36325,189,458936,7.9
legacy_fut,088691,"Gold, COMEX (GLD proxy)",nonreportable,2007-10-16,57012,19775,37237,912,483872,7.7
legacy_fut,088691,"Gold, COMEX (GLD proxy)",nonreportable,2007-10-23,55600,19135,36465,-772,489471,7.4
legacy_fut,088691,"Gold, COMEX (GLD proxy)",nonreportable,2007-10-30,54977,18450,36527,62,516163,7.1
legacy_fut,088691,"Gold, COMEX (GLD proxy)",nonreportable,2007-11-06,61897,24013,37884,1357,556856,6.8
legacy_fut,088691,"Gold, COMEX (GLD proxy)",nonreportable,2007-11-13,59553,23921,35632,-2252,552546,6.4
legacy_fut,088691,"Gold, COMEX (GLD proxy)",nonreportable,2007-11-20,54805,17570,37235,1603,512430,7.3
legacy_fut,088691,"Gold, COMEX (GLD proxy)",nonreportable,2007-11-27,59387,29144,30243,-6992,520782,5.8
legacy_fut,088691,"Gold, COMEX (GLD proxy)",nonreportable,2007-12-04,53223,15849,37374,7131,486709,7.7
legacy_fut,088691,"Gold, COMEX (GLD proxy)",nonreportable,2007-12-11,52530,13561,38969,1595,486198,8.0
legacy_fut,088691,"Gold, COMEX (GLD proxy)",nonreportable,2007-12-18,54945,15611,39334,365,495001,7.9
legacy_fut,088691,"Gold, COMEX (GLD proxy)",nonreportable,2007-12-24,51239,14083,37156,,517020,7.2
legacy_fut,088691,"Gold, COMEX (GLD proxy)",nonreportable,2007-12-31,55074,16100,38974,1818,541854,7.2
legacy_fut,088691,"Gold, COMEX (GLD proxy)",nonreportable,2008-01-08,59822,18536,41286,,558309,7.4
legacy_fut,088691,"Gold, COMEX (GLD proxy)",nonreportable,2008-01-15,59933,20866,39067,-2219,593953,6.6
legacy_fut,088691,"Gold, COMEX (GLD proxy)",nonreportable,2008-01-22,67591,29639,37952,-1115,560173,6.8
legacy_fut,088691,"Gold, COMEX (GLD proxy)",nonreportable,2008-01-29,64338,25117,39221,1269,522142,7.5
legacy_fut,088691,"Gold, COMEX (GLD proxy)",nonreportable,2008-02-05,55523,17684,37839,-1382,495139,7.6
legacy_fut,088691,"Gold, COMEX (GLD proxy)",nonreportable,2008-02-12,54643,17639,37004,-835,475749,7.8
legacy_fut,088691,"Gold, COMEX (GLD proxy)",nonreportable,2008-02-19,58217,17736,40481,3477,489789,8.3
legacy_fut,088691,"Gold, COMEX (GLD proxy)",nonreportable,2008-02-26,64898,21986,42912,2431,495102,8.7
legacy_fut,088691,"Gold, COMEX (GLD proxy)",nonreportable,2008-03-04,65422,21093,44329,1417,486992,9.1
legacy_fut,088691,"Gold, COMEX (GLD proxy)",nonreportable,2008-03-11,63016,16101,46915,2586,482035,9.7
legacy_fut,088691,"Gold, COMEX (GLD proxy)",nonreportable,2008-03-18,63958,16839,47119,204,489055,9.6
legacy_fut,088691,"Gold, COMEX (GLD proxy)",nonreportable,2008-03-25,59461,29078,30383,-16736,452193,6.7
legacy_fut,088691,"Gold, COMEX (GLD proxy)",nonreportable,2008-04-01,47890,16100,31790,1407,399393,8.0
legacy_fut,088691,"Gold, COMEX (GLD proxy)",nonreportable,2008-04-08,45654,16475,29179,-2611,407212,7.2
legacy_fut,088691,"Gold, COMEX (GLD proxy)",nonreportable,2008-04-15,48933,15798,33135,3956,422699,7.8
legacy_fut,088691,"Gold, COMEX (GLD proxy)",nonreportable,2008-04-22,45502,13526,31976,-1159,424218,7.5
legacy_fut,088691,"Gold, COMEX (GLD proxy)",nonreportable,2008-04-29,51072,26238,24834,-7142,429670,5.8
legacy_fut,088691,"Gold, COMEX (GLD proxy)",nonreportable,2008-05-06,47097,20336,26761,1927,433741,6.2
legacy_fut,088691,"Gold, COMEX (GLD proxy)",nonreportable,2008-05-13,46190,21531,24659,-2102,439636,5.6
legacy_fut,088691,"Gold, COMEX (GLD proxy)",nonreportable,2008-05-20,51815,18753,33062,8403,453084,7.3
legacy_fut,088691,"Gold, COMEX (GLD proxy)",nonreportable,2008-05-27,51587,24814,26773,-6289,430961,6.2
legacy_fut,088691,"Gold, COMEX (GLD proxy)",nonreportable,2008-06-03,45366,13406,31960,5187,398441,8.0
legacy_fut,088691,"Gold, COMEX (GLD proxy)",nonreportable,2008-06-10,46473,14640,31833,-127,396392,8.0
legacy_fut,088691,"Gold, COMEX (GLD proxy)",nonreportable,2008-06-17,46157,13907,32250,417,390471,8.3
legacy_fut,088691,"Gold, COMEX (GLD proxy)",nonreportable,2008-06-24,50801,17583,33218,968,401226,8.3
legacy_fut,088691,"Gold, COMEX (GLD proxy)",nonreportable,2008-07-01,55757,16409,39348,6130,434024,9.1
legacy_fut,088691,"Gold, COMEX (GLD proxy)",nonreportable,2008-07-08,57583,18525,39058,-290,443202,8.8
legacy_fut,088691,"Gold, COMEX (GLD proxy)",nonreportable,2008-07-15,63841,20047,43794,4736,483920,9.0
legacy_fut,088691,"Gold, COMEX (GLD proxy)",nonreportable,2008-07-22,59178,16770,42408,-1386,475606,8.9
legacy_fut,088691,"Gold, COMEX (GLD proxy)",nonreportable,2008-07-29,49580,12228,37352,-5056,446013,8.4
legacy_fut,088691,"Gold, COMEX (GLD proxy)",nonreportable,2008-08-05,53248,18059,35189,-2163,408430,8.6
legacy_fut,088691,"Gold, COMEX (GLD proxy)",nonreportable,2008-08-12,47069,21916,25153,-10036,365611,6.9
legacy_fut,088691,"Gold, COMEX (GLD proxy)",nonreportable,2008-08-19,44058,26270,17788,-7365,372968,4.8
legacy_fut,088691,"Gold, COMEX (GLD proxy)",nonreportable,2008-08-26,40732,24092,16640,-1148,380766,4.4
legacy_fut,088691,"Gold, COMEX (GLD proxy)",nonreportable,2008-09-02,41036,26196,14840,-1800,382329,3.9
legacy_fut,088691,"Gold, COMEX (GLD proxy)",nonreportable,2008-09-09,40349,29020,11329,-3511,392592,2.9
legacy_fut,088691,"Gold, COMEX (GLD proxy)",nonreportable,2008-09-16,39786,27055,12731,1402,393814,3.2
legacy_fut,088691,"Gold, COMEX (GLD proxy)",nonreportable,2008-09-23,42457,22197,20260,7529,368254,5.5
legacy_fut,088691,"Gold, COMEX (GLD proxy)",nonreportable,2008-09-30,43815,20763,23052,2792,336598,6.8
legacy_fut,088691,"Gold, COMEX (GLD proxy)",nonreportable,2008-10-07,42528,22834,19694,-3358,329480,6.0
legacy_fut,088691,"Gold, COMEX (GLD proxy)",nonreportable,2008-10-14,44314,25396,18918,-776,323496,5.8
legacy_fut,088691,"Gold, COMEX (GLD proxy)",nonreportable,2008-10-21,37180,27589,9591,-9327,319472,3.0
legacy_fut,088691,"Gold, COMEX (GLD proxy)",nonreportable,2008-10-28,31418,24657,6761,-2830,313709,2.2
legacy_fut,088691,"Gold, COMEX (GLD proxy)",nonreportable,2008-11-04,32149,23938,8211,1450,303908,2.7
legacy_fut,088691,"Gold, COMEX (GLD proxy)",nonreportable,2008-11-11,30624,25087,5537,-2674,293831,1.9
legacy_fut,088691,"Gold, COMEX (GLD proxy)",nonreportable,2008-11-18,36590,30303,6287,750,289700,2.2
legacy_fut,088691,"Gold, COMEX (GLD proxy)",nonreportable,2008-11-25,35499,24136,11363,5076,276567,4.1
legacy_fut,088691,"Gold, COMEX (GLD proxy)",nonreportable,2008-12-02,33549,23630,9919,-1444,264796,3.7
legacy_fut,088691,"Gold, COMEX (GLD proxy)",nonreportable,2008-12-09,33463,21746,11717,1798,261001,4.5
legacy_fut,088691,"Gold, COMEX (GLD proxy)",nonreportable,2008-12-16,37077,22215,14862,3145,282915,5.3
legacy_fut,088691,"Gold, COMEX (GLD proxy)",nonreportable,2008-12-22,32998,19989,13009,,291022,4.5
legacy_fut,088691,"Gold, COMEX (GLD proxy)",nonreportable,2008-12-30,37501,20689,16812,,300448,5.6
legacy_fut,088691,"Gold, COMEX (GLD proxy)",nonreportable,2009-01-06,39915,24037,15878,-934,320391,5.0
legacy_fut,088691,"Gold, COMEX (GLD proxy)",nonreportable,2009-01-13,38667,24722,13945,-1933,318185,4.4
legacy_fut,088691,"Gold, COMEX (GLD proxy)",nonreportable,2009-01-20,40855,25861,14994,1049,331507,4.5
legacy_fut,088691,"Gold, COMEX (GLD proxy)",nonreportable,2009-01-27,46583,29321,17262,2268,354191,4.9
legacy_fut,088691,"Gold, COMEX (GLD proxy)",nonreportable,2009-02-03,45954,23671,22283,5021,346288,6.4
legacy_fut,088691,"Gold, COMEX (GLD proxy)",nonreportable,2009-02-10,45052,19962,25090,2807,350858,7.2
legacy_fut,088691,"Gold, COMEX (GLD proxy)",nonreportable,2009-02-17,51491,21052,30439,5349,361619,8.4
legacy_fut,088691,"Gold, COMEX (GLD proxy)",nonreportable,2009-02-24,53336,24265,29071,-1368,372697,7.8
legacy_fut,088691,"Gold, COMEX (GLD proxy)",nonreportable,2009-03-03,51656,22548,29108,37,365271,8.0
legacy_fut,088691,"Gold, COMEX (GLD proxy)",nonreportable,2009-03-10,52275,24212,28063,-1045,371321,7.6
legacy_fut,088691,"Gold, COMEX (GLD proxy)",nonreportable,2009-03-17,47972,22683,25289,-2774,376237,6.7
legacy_fut,088691,"Gold, COMEX (GLD proxy)",nonreportable,2009-03-24,48141,18779,29362,4073,387177,7.6
legacy_fut,088691,"Gold, COMEX (GLD proxy)",nonreportable,2009-03-31,49359,22292,27067,-2295,368618,7.3
legacy_fut,088691,"Gold, COMEX (GLD proxy)",nonreportable,2009-04-07,48804,23393,25411,-1656,344929,7.4
legacy_fut,088691,"Gold, COMEX (GLD proxy)",nonreportable,2009-04-14,48433,24819,23614,-1797,336930,7.0
legacy_fut,088691,"Gold, COMEX (GLD proxy)",nonreportable,2009-04-21,46309,25068,21241,-2373,339226,6.3
legacy_fut,088691,"Gold, COMEX (GLD proxy)",nonreportable,2009-04-28,50046,25727,24319,3078,343037,7.1
legacy_fut,088691,"Gold, COMEX (GLD proxy)",nonreportable,2009-05-05,55169,24715,30454,6135,341461,8.9
legacy_fut,088691,"Gold, COMEX (GLD proxy)",nonreportable,2009-05-12,54019,21716,32303,1849,359517,9.0
legacy_fut,088691,"Gold, COMEX (GLD proxy)",nonreportable,2009-05-19,54731,21250,33481,1178,367931,9.1
legacy_fut,088691,"Gold, COMEX (GLD proxy)",nonreportable,2009-05-26,61250,30422,30828,-2653,396965,7.8
legacy_fut,088691,"Gold, COMEX (GLD proxy)",nonreportable,2009-06-02,55823,16642,39181,8353,391057,10.0
legacy_fut,088691,"Gold, COMEX (GLD proxy)",nonreportable,2009-06-09,54183,18810,35373,-3808,387181,9.1
legacy_fut,088691,"Gold, COMEX (GLD proxy)",nonreportable,2009-06-16,50516,18691,31825,-3548,371997,8.6
legacy_fut,088691,"Gold, COMEX (GLD proxy)",nonreportable,2009-06-23,50811,22675,28136,-3689,370347,7.6
legacy_fut,088691,"Gold, COMEX (GLD proxy)",nonreportable,2009-06-30,54558,20926,33632,5496,379199,8.9
legacy_fut,088691,"Gold, COMEX (GLD proxy)",nonreportable,2009-07-07,48208,21045,27163,-6469,372985,7.3
legacy_fut,088691,"Gold, COMEX (GLD proxy)",nonreportable,2009-07-14,45973,22490,23483,-3680,370509,6.3
legacy_fut,088691,"Gold, COMEX (GLD proxy)",nonreportable,2009-07-21,52014,21090,30924,7441,390939,7.9
legacy_fut,088691,"Gold, COMEX (GLD proxy)",nonreportable,2009-07-28,48376,18626,29750,-1174,386340,7.7
legacy_fut,088691,"Gold, COMEX (GLD proxy)",nonreportable,2009-08-04,52096,17417,34679,4929,392834,8.8
legacy_fut,088691,"Gold, COMEX (GLD proxy)",nonreportable,2009-08-11,51174,18355,32819,-1860,385002,8.5
legacy_fut,088691,"Gold, COMEX (GLD proxy)",nonreportable,2009-08-18,47242,20227,27015,-5804,373810,7.2
legacy_fut,088691,"Gold, COMEX (GLD proxy)",nonreportable,2009-08-25,48588,20228,28360,1345,379629,7.5
legacy_fut,088691,"Gold, COMEX (GLD proxy)",nonreportable,2009-09-01,51664,19457,32207,3847,384703,8.4
legacy_fut,088691,"Gold, COMEX (GLD proxy)",nonreportable,2009-09-08,66781,20660,46121,13914,451713,10.2
legacy_fut,088691,"Gold, COMEX (GLD proxy)",nonreportable,2009-09-15,74649,25635,49014,2893,467892,10.5
legacy_fut,088691,"Gold, COMEX (GLD proxy)",nonreportable,2009-09-22,73869,23008,50861,1847,467145,10.9
legacy_fut,088691,"Gold, COMEX (GLD proxy)",nonreportable,2009-09-29,67104,23256,43848,-7013,454585,9.6
legacy_fut,088691,"Gold, COMEX (GLD proxy)",nonreportable,2009-10-06,81814,39618,42196,-1652,484307,8.7
legacy_fut,088691,"Gold, COMEX (GLD proxy)",nonreportable,2009-10-13,75640,33669,41971,-225,504187,8.3
legacy_fut,088691,"Gold, COMEX (GLD proxy)",nonreportable,2009-10-20,75241,27855,47386,5415,509678,9.3
legacy_fut,088691,"Gold, COMEX (GLD proxy)",nonreportable,2009-10-27,75846,34144,41702,-5684,497479,8.4
legacy_fut,088691,"Gold, COMEX (GLD proxy)",nonreportable,2009-11-03,56298,13765,42533,831,493991,8.6
legacy_fut,088691,"Gold, COMEX (GLD proxy)",nonreportable,2009-11-09,78480,33756,44724,,530505,8.4
legacy_fut,088691,"Gold, COMEX (GLD proxy)",nonreportable,2009-11-17,80435,34586,45849,,533119,8.6
legacy_fut,088691,"Gold, COMEX (GLD proxy)",nonreportable,2009-11-24,75000,31227,43773,-2076,521253,8.4
legacy_fut,088691,"Gold, COMEX (GLD proxy)",nonreportable,2009-12-01,78662,29495,49167,5394,521433,9.4
legacy_fut,088691,"Gold, COMEX (GLD proxy)",nonreportable,2009-12-08,74095,29338,44757,-4410,505652,8.9
legacy_fut,088691,"Gold, COMEX (GLD proxy)",nonreportable,2009-12-15,75074,27391,47683,2926,504368,9.5
legacy_fut,088691,"Gold, COMEX (GLD proxy)",nonreportable,2009-12-22,73702,26113,47589,-94,499233,9.5
legacy_fut,088691,"Gold, COMEX (GLD proxy)",nonreportable,2009-12-29,72568,24116,48452,863,491712,9.9
legacy_fut,088691,"Gold, COMEX (GLD proxy)",nonreportable,2010-01-05,78482,27698,50784,2332,507643,10.0
legacy_fut,088691,"Gold, COMEX (GLD proxy)",nonreportable,2010-01-12,75600,22454,53146,2362,523266,10.2
legacy_fut,088691,"Gold, COMEX (GLD proxy)",nonreportable,2010-01-19,75558,23380,52178,-968,528924,9.9
legacy_fut,088691,"Gold, COMEX (GLD proxy)",nonreportable,2010-01-26,73699,37005,36694,-15484,507565,7.2
legacy_fut,088691,"Gold, COMEX (GLD proxy)",nonreportable,2010-02-02,62600,28190,34410,-2284,480860,7.2
legacy_fut,088691,"Gold, COMEX (GLD proxy)",nonreportable,2010-02-09,62539,30631,31908,-2502,466905,6.8
legacy_fut,088691,"Gold, COMEX (GLD proxy)",nonreportable,2010-02-16,67501,36481,31020,-888,466509,6.6
legacy_fut,088691,"Gold, COMEX (GLD proxy)",nonreportable,2010-02-23,68422,31000,37422,6402,466572,8.0
legacy_fut,088691,"Gold, COMEX (GLD proxy)",nonreportable,2010-03-02,68469,24304,44165,6743,482786,9.1
legacy_fut,088691,"Gold, COMEX (GLD proxy)",nonreportable,2010-03-09,67566,23973,43593,-572,493909,8.8
legacy_fut,088691,"Gold, COMEX (GLD proxy)",nonreportable,2010-03-16,66895,24946,41949,-1644,496481,8.4
legacy_fut,088691,"Gold, COMEX (GLD proxy)",nonreportable,2010-03-23,65416,25465,39951,-1998,495143,8.1
legacy_fut,088691,"Gold, COMEX (GLD proxy)",nonreportable,2010-03-30,53690,19765,33925,-6026,466678,7.3
legacy_fut,088691,"Gold, COMEX (GLD proxy)",nonreportable,2010-04-06,58532,17072,41460,7535,497388,8.3
legacy_fut,088691,"Gold, COMEX (GLD proxy)",nonreportable,2010-04-13,61319,18577,42742,1282,528856,8.1
legacy_fut,088691,"Gold, COMEX (GLD proxy)",nonreportable,2010-04-20,65374,18629,46745,4003,521338,9.0
legacy_fut,088691,"Gold, COMEX (GLD proxy)",nonreportable,2010-04-27,66791,26937,39854,-6891,538591,7.4
legacy_fut,088691,"Gold, COMEX (GLD proxy)",nonreportable,2010-05-04,64320,23281,41039,1185,551616,7.4
legacy_fut,088691,"Gold, COMEX (GLD proxy)",nonreportable,2010-05-11,74201,27382,46819,5780,583504,8.0
legacy_fut,088691,"Gold, COMEX (GLD proxy)",nonreportable,2010-05-18,70993,22919,48074,1255,579758,8.3
legacy_fut,088691,"Gold, COMEX (GLD proxy)",nonreportable,2010-05-25,66316,25628,40688,-7386,591360,6.9
legacy_fut,088691,"Gold, COMEX (GLD proxy)",nonreportable,2010-06-01,63977,20900,43077,2389,553950,7.8
legacy_fut,088691,"Gold, COMEX (GLD proxy)",nonreportable,2010-06-08,67873,21694,46179,3102,564792,8.2
legacy_fut,088691,"Gold, COMEX (GLD proxy)",nonreportable,2010-06-15,66396,17703,48693,2514,569204,8.6
legacy_fut,088691,"Gold, COMEX (GLD proxy)",nonreportable,2010-06-22,73840,23558,50282,1589,602411,8.3
legacy_fut,088691,"Gold, COMEX (GLD proxy)",nonreportable,2010-06-29,66979,21748,45231,-5051,601138,7.5
legacy_fut,088691,"Gold, COMEX (GLD proxy)",nonreportable,2010-07-06,64139,24039,40100,-5131,577732,6.9
legacy_fut,088691,"Gold, COMEX (GLD proxy)",nonreportable,2010-07-13,64458,21031,43427,3327,568078,7.6
legacy_fut,088691,"Gold, COMEX (GLD proxy)",nonreportable,2010-07-20,59246,21889,37357,-6070,559473,6.7
legacy_fut,088691,"Gold, COMEX (GLD proxy)",nonreportable,2010-07-27,64255,25601,38654,1297,560066,6.9
legacy_fut,088691,"Gold, COMEX (GLD proxy)",nonreportable,2010-08-03,56429,19915,36514,-2140,518643,7.0
legacy_fut,088691,"Gold, COMEX (GLD proxy)",nonreportable,2010-08-10,59469,19176,40293,3779,523078,7.7
legacy_fut,088691,"Gold, COMEX (GLD proxy)",nonreportable,2010-08-17,63595,18253,45342,5049,543674,8.3
legacy_fut,088691,"Gold, COMEX (GLD proxy)",nonreportable,2010-08-24,62415,19306,43109,-2233,556464,7.7
legacy_fut,088691,"Gold, COMEX (GLD proxy)",nonreportable,2010-08-31,66450,19966,46484,3375,577352,8.1
legacy_fut,088691,"Gold, COMEX (GLD proxy)",nonreportable,2010-09-07,70220,22237,47983,1499,585564,8.2
legacy_fut,088691,"Gold, COMEX (GLD proxy)",nonreportable,2010-09-14,70252,21574,48678,695,594058,8.2
legacy_fut,088691,"Gold, COMEX (GLD proxy)",nonreportable,2010-09-21,70663,22368,48295,-383,597592,8.1
legacy_fut,088691,"Gold, COMEX (GLD proxy)",nonreportable,2010-09-28,73213,28122,45091,-3204,619408,7.3
legacy_fut,088691,"Gold, COMEX (GLD proxy)",nonreportable,2010-10-05,67580,27702,39878,-5213,617204,6.5
legacy_fut,088691,"Gold, COMEX (GLD proxy)",nonreportable,2010-10-12,67248,23100,44148,4270,616382,7.2
legacy_fut,088691,"Gold, COMEX (GLD proxy)",nonreportable,2010-10-19,68794,25464,43330,-818,630626,6.9
legacy_fut,088691,"Gold, COMEX (GLD proxy)",nonreportable,2010-10-26,70280,26931,43349,19,607582,7.1
legacy_fut,088691,"Gold, COMEX (GLD proxy)",nonreportable,2010-11-02,68861,22477,46384,3035,618381,7.5
legacy_fut,088691,"Gold, COMEX (GLD proxy)",nonreportable,2010-11-09,71227,26453,44774,-1610,650764,6.9
legacy_fut,088691,"Gold, COMEX (GLD proxy)",nonreportable,2010-11-16,74949,28520,46429,1655,637435,7.3
legacy_fut,088691,"Gold, COMEX (GLD proxy)",nonreportable,2010-11-23,78344,35780,42564,-3865,622712,6.8
legacy_fut,088691,"Gold, COMEX (GLD proxy)",nonreportable,2010-11-30,69888,27026,42862,298,600158,7.1
legacy_fut,088691,"Gold, COMEX (GLD proxy)",nonreportable,2010-12-07,73838,27916,45922,3060,603632,7.6
legacy_fut,088691,"Gold, COMEX (GLD proxy)",nonreportable,2010-12-14,72429,24489,47940,2018,594652,8.1
legacy_fut,088691,"Gold, COMEX (GLD proxy)",nonreportable,2010-12-21,68796,23412,45384,-2556,582133,7.8
legacy_fut,088691,"Gold, COMEX (GLD proxy)",nonreportable,2010-12-28,72712,28730,43982,-1402,594490,7.4
legacy_fut,088691,"Gold, COMEX (GLD proxy)",nonreportable,2011-01-04,79992,27728,52264,8282,592613,8.8
legacy_fut,088691,"Gold, COMEX (GLD proxy)",nonreportable,2011-01-11,69993,22301,47692,-4572,588179,8.1
legacy_fut,088691,"Gold, COMEX (GLD proxy)",nonreportable,2011-01-18,67532,26054,41478,-6214,587832,7.1
legacy_fut,088691,"Gold, COMEX (GLD proxy)",nonreportable,2011-01-25,65960,29066,36894,-4584,506047,7.3
legacy_fut,088691,"Gold, COMEX (GLD proxy)",nonreportable,2011-02-01,65579,23576,42003,5109,462907,9.1
legacy_fut,088691,"Gold, COMEX (GLD proxy)",nonreportable,2011-02-08,66290,23472,42818,815,469779,9.1
legacy_fut,088691,"Gold, COMEX (GLD proxy)",nonreportable,2011-02-15,67706,21924,45782,2964,473345,9.7
legacy_fut,088691,"Gold, COMEX (GLD proxy)",nonreportable,2011-02-22,73441,22059,51382,5600,502119,10.2
legacy_fut,088691,"Gold, COMEX (GLD proxy)",nonreportable,2011-03-01,74208,20865,53343,1961,515784,10.3
legacy_fut,088691,"Gold, COMEX (GLD proxy)",nonreportable,2011-03-08,76671,20147,56524,3181,515214,11.0
legacy_fut,088691,"Gold, COMEX (GLD proxy)",nonreportable,2011-03-15,67298,21715,45583,-10941,507760,9.0
legacy_fut,088691,"Gold, COMEX (GLD proxy)",nonreportable,2011-03-22,71403,21441,49962,4379,509131,9.8
legacy_fut,088691,"Gold, COMEX (GLD proxy)",nonreportable,2011-03-29,68509,20861,47648,-2314,492087,9.7
legacy_fut,088691,"Gold, COMEX (GLD proxy)",nonreportable,2011-04-05,75706,21747,53959,6311,508956,10.6
legacy_fut,088691,"Gold, COMEX (GLD proxy)",nonreportable,2011-04-12,71591,19648,51943,-2016,514871,10.1
legacy_fut,088691,"Gold, COMEX (GLD proxy)",nonreportable,2011-04-19,75505,23883,51622,-321,537946,9.6
legacy_fut,088691,"Gold, COMEX (GLD proxy)",nonreportable,2011-04-26,74128,26400,47728,-3894,530132,9.0
legacy_fut,088691,"Gold, COMEX (GLD proxy)",nonreportable,2011-05-03,73312,25866,47446,-282,522323,9.1
legacy_fut,088691,"Gold, COMEX (GLD proxy)",nonreportable,2011-05-10,69014,23772,45242,-2204,510151,8.9
legacy_fut,088691,"Gold, COMEX (GLD proxy)",nonreportable,2011-05-17,64827,22481,42346,-2896,509164,8.3
legacy_fut,088691,"Gold, COMEX (GLD proxy)",nonreportable,2011-05-24,67295,22452,44843,2497,531180,8.4
legacy_fut,088691,"Gold, COMEX (GLD proxy)",nonreportable,2011-05-31,67515,18781,48734,3891,501400,9.7
legacy_fut,088691,"Gold, COMEX (GLD proxy)",nonreportable,2011-06-07,67336,18360,48976,242,502251,9.8
legacy_fut,088691,"Gold, COMEX (GLD proxy)",nonreportable,2011-06-14,63973,18239,45734,-3242,497780,9.2
legacy_fut,088691,"Gold, COMEX (GLD proxy)",nonreportable,2011-06-21,68020,20000,48020,2286,515016,9.3
legacy_fut,088691,"Gold, COMEX (GLD proxy)",nonreportable,2011-06-28,67244,24391,42853,-5167,495761,8.6
legacy_fut,088691,"Gold, COMEX (GLD proxy)",nonreportable,2011-07-05,65082,20855,44227,1374,489782,9.0
legacy_fut,088691,"Gold, COMEX (GLD proxy)",nonreportable,2011-07-12,69869,23217,46652,2425,520202,9.0
legacy_fut,088691,"Gold, COMEX (GLD proxy)",nonreportable,2011-07-19,67724,23207,44517,-2135,542342,8.2
legacy_fut,088691,"Gold, COMEX (GLD proxy)",nonreportable,2011-07-26,75457,28101,47356,2839,536454,8.8
legacy_fut,088691,"Gold, COMEX (GLD proxy)",nonreportable,2011-08-02,66701,26242,40459,-6897,529403,7.6
legacy_fut,088691,"Gold, COMEX (GLD proxy)",nonreportable,2011-08-09,72938,27305,45633,5174,510223,8.9
legacy_fut,088691,"Gold, COMEX (GLD proxy)",nonreportable,2011-08-16,70510,21749,48761,3128,514107,9.5
legacy_fut,088691,"Gold, COMEX (GLD proxy)",nonreportable,2011-08-23,69953,27198,42755,-6006,528520,8.1
legacy_fut,088691,"Gold, COMEX (GLD proxy)",nonreportable,2011-08-30,66111,25703,40408,-2347,509326,7.9
legacy_fut,088691,"Gold, COMEX (GLD proxy)",nonreportable,2011-09-06,69631,26288,43343,2935,523294,8.3
legacy_fut,088691,"Gold, COMEX (GLD proxy)",nonreportable,2011-09-13,64576,22955,41621,-1722,512068,8.1
legacy_fut,088691,"Gold, COMEX (GLD proxy)",nonreportable,2011-09-20,69140,22041,47099,5478,499356,9.4
legacy_fut,088691,"Gold, COMEX (GLD proxy)",nonreportable,2011-09-27,63231,24349,38882,-8217,465414,8.4
legacy_fut,088691,"Gold, COMEX (GLD proxy)",nonreportable,2011-10-04,53877,22282,31595,-7287,436920,7.2
legacy_fut,088691,"Gold, COMEX (GLD proxy)",nonreportable,2011-10-11,56839,22863,33976,2381,438090,7.8
legacy_fut,088691,"Gold, COMEX (GLD proxy)",nonreportable,2011-10-18,56916,24741,32175,-1801,437739,7.4
legacy_fut,088691,"Gold, COMEX (GLD proxy)",nonreportable,2011-10-25,62382,23989,38393,6218,443723,8.7
legacy_fut,088691,"Gold, COMEX (GLD proxy)",nonreportable,2011-11-01,63538,21083,42455,4062,442435,9.6
legacy_fut,088691,"Gold, COMEX (GLD proxy)",nonreportable,2011-11-08,75990,34762,41228,-1227,464982,8.9
legacy_fut,088691,"Gold, COMEX (GLD proxy)",nonreportable,2011-11-15,68197,23248,44949,3721,470490,9.6
legacy_fut,088691,"Gold, COMEX (GLD proxy)",nonreportable,2011-11-22,67684,36241,31443,-13506,457070,6.9
legacy_fut,088691,"Gold, COMEX (GLD proxy)",nonreportable,2011-11-29,62263,23511,38752,7309,423176,9.2
legacy_fut,088691,"Gold, COMEX (GLD proxy)",nonreportable,2011-12-06,64003,22214,41789,3037,422956,9.9
legacy_fut,088691,"Gold, COMEX (GLD proxy)",nonreportable,2011-12-13,61248,25534,35714,-6075,427699,8.4
legacy_fut,088691,"Gold, COMEX (GLD proxy)",nonreportable,2011-12-20,56607,25989,30618,-5096,423465,7.2
legacy_fut,088691,"Gold, COMEX (GLD proxy)",nonreportable,2011-12-27,57327,24183,33144,2526,418945,7.9
legacy_fut,088691,"Gold, COMEX (GLD proxy)",nonreportable,2012-01-03,56462,25590,30872,-2272,423275,7.3
legacy_fut,088691,"Gold, COMEX (GLD proxy)",nonreportable,2012-01-10,57358,23544,33814,2942,417923,8.1
legacy_fut,088691,"Gold, COMEX (GLD proxy)",nonreportable,2012-01-17,58713,21766,36947,3133,432838,8.5
legacy_fut,088691,"Gold, COMEX (GLD proxy)",nonreportable,2012-01-24,59987,22442,37545,598,427032,8.8
legacy_fut,088691,"Gold, COMEX (GLD proxy)",nonreportable,2012-01-31,57493,18990,38503,958,425133,9.1
legacy_fut,088691,"Gold, COMEX (GLD proxy)",nonreportable,2012-02-07,61815,18250,43565,5062,436061,10.0
legacy_fut,088691,"Gold, COMEX (GLD proxy)",nonreportable,2012-02-14,59296,17308,41988,-1577,431164,9.7
legacy_fut,088691,"Gold, COMEX (GLD proxy)",nonreportable,2012-02-21,66423,18082,48341,6353,456676,10.6
legacy_fut,088691,"Gold, COMEX (GLD proxy)",nonreportable,2012-02-28,70372,18241,52131,3790,479044,10.9
legacy_fut,088691,"Gold, COMEX (GLD proxy)",nonreportable,2012-03-06,58409,21466,36943,-15188,443249,8.3
legacy_fut,088691,"Gold, COMEX (GLD proxy)",nonreportable,2012-03-13,61950,21168,40782,3839,442319,9.2
legacy_fut,088691,"Gold, COMEX (GLD proxy)",nonreportable,2012-03-20,57452,22777,34675,-6107,431039,8.0
legacy_fut,088691,"Gold, COMEX (GLD proxy)",nonreportable,2012-03-27,59941,22686,37255,2580,417304,8.9
legacy_fut,088691,"Gold, COMEX (GLD proxy)",nonreportable,2012-04-03,56017,20318,35699,-1556,407761,8.8
legacy_fut,088691,"Gold, COMEX (GLD proxy)",nonreportable,2012-04-10,57323,22927,34396,-1303,403989,8.5
legacy_fut,088691,"Gold, COMEX (GLD proxy)",nonreportable,2012-04-17,55336,21250,34086,-310,398526,8.6
legacy_fut,088691,"Gold, COMEX (GLD proxy)",nonreportable,2012-04-24,54653,22410,32243,-1843,395389,8.2
legacy_fut,088691,"Gold, COMEX (GLD proxy)",nonreportable,2012-05-01,57789,20179,37610,5367,411972,9.1
legacy_fut,088691,"Gold, COMEX (GLD proxy)",nonreportable,2012-05-08,54091,25939,28152,-9458,417798,6.7
legacy_fut,088691,"Gold, COMEX (GLD proxy)",nonreportable,2012-05-15,51995,27220,24775,-3377,422091,5.9
legacy_fut,088691,"Gold, COMEX (GLD proxy)",nonreportable,2012-05-22,52551,32104,20447,-4328,435706,4.7
legacy_fut,088691,"Gold, COMEX (GLD proxy)",nonreportable,2012-05-29,49856,29859,19997,-450,419991,4.8
legacy_fut,088691,"Gold, COMEX (GLD proxy)",nonreportable,2012-06-05,55238,27980,27258,7261,423941,6.4
legacy_fut,088691,"Gold, COMEX (GLD proxy)",nonreportable,2012-06-12,53770,27295,26475,-783,412244,6.4
legacy_fut,088691,"Gold, COMEX (GLD proxy)",nonreportable,2012-06-19,53380,26093,27287,812,418492,6.5
legacy_fut,088691,"Gold, COMEX (GLD proxy)",nonreportable,2012-06-26,52848,31307,21541,-5746,413618,5.2
legacy_fut,088691,"Gold, COMEX (GLD proxy)",nonreportable,2012-07-03,54162,24740,29422,7881,425068,6.9
legacy_fut,088691,"Gold, COMEX (GLD proxy)",nonreportable,2012-07-10,54067,27536,26531,-2891,429854,6.2
legacy_fut,088691,"Gold, COMEX (GLD proxy)",nonreportable,2012-07-17,55780,25920,29860,3329,431317,6.9
legacy_fut,088691,"Gold, COMEX (GLD proxy)",nonreportable,2012-07-24,53970,30702,23268,-6592,420296,5.5
legacy_fut,088691,"Gold, COMEX (GLD proxy)",nonreportable,2012-07-31,54420,24472,29948,6680,403403,7.4
legacy_fut,088691,"Gold, COMEX (GLD proxy)",nonreportable,2012-08-07,55131,24213,30918,970,388254,8.0
legacy_fut,088691,"Gold, COMEX (GLD proxy)",nonreportable,2012-08-14,54016,24380,29636,-1282,388187,7.6
legacy_fut,088691,"Gold, COMEX (GLD proxy)",nonreportable,2012-08-21,63811,23273,40538,10902,398747,10.2
legacy_fut,088691,"Gold, COMEX (GLD proxy)",nonreportable,2012-08-28,68312,23179,45133,4595,426559,10.6
legacy_fut,088691,"Gold, COMEX (GLD proxy)",nonreportable,2012-09-04,71585,22663,48922,3789,444489,11.0
legacy_fut,088691,"Gold, COMEX (GLD proxy)",nonreportable,2012-09-11,74913,19838,55075,6153,460531,12.0
legacy_fut,088691,"Gold, COMEX (GLD proxy)",nonreportable,2012-09-18,76888,18370,58518,3443,478609,12.2
legacy_fut,088691,"Gold, COMEX (GLD proxy)",nonreportable,2012-09-25,78375,19916,58459,-59,489516,11.9
legacy_fut,088691,"Gold, COMEX (GLD proxy)",nonreportable,2012-10-02,78497,17553,60944,2485,480908,12.7
legacy_fut,088691,"Gold, COMEX (GLD proxy)",nonreportable,2012-10-09,73057,18018,55039,-5905,484359,11.4
legacy_fut,088691,"Gold, COMEX (GLD proxy)",nonreportable,2012-10-16,72242,18879,53363,-1676,462826,11.5
legacy_fut,088691,"Gold, COMEX (GLD proxy)",nonreportable,2012-10-23,69881,19259,50622,-2741,455836,11.1
legacy_fut,088691,"Gold, COMEX (GLD proxy)",nonreportable,2012-10-30,73513,20971,52542,1920,454742,11.6
legacy_fut,088691,"Gold, COMEX (GLD proxy)",nonreportable,2012-11-06,69617,22048,47569,-4973,447154,10.6
legacy_fut,088691,"Gold, COMEX (GLD proxy)",nonreportable,2012-11-13,74102,20901,53201,5632,459761,11.6
legacy_fut,088691,"Gold, COMEX (GLD proxy)",nonreportable,2012-11-20,72677,17428,55249,2048,474129,11.7
legacy_fut,088691,"Gold, COMEX (GLD proxy)",nonreportable,2012-11-27,79775,21470,58305,3056,479373,12.2
legacy_fut,088691,"Gold, COMEX (GLD proxy)",nonreportable,2012-12-04,73578,21718,51860,-6445,434416,11.9
legacy_fut,088691,"Gold, COMEX (GLD proxy)",nonreportable,2012-12-11,71639,20458,51181,-679,433586,11.8
legacy_fut,088691,"Gold, COMEX (GLD proxy)",nonreportable,2012-12-18,68859,24506,44353,-6828,435742,10.2
legacy_fut,088691,"Gold, COMEX (GLD proxy)",nonreportable,2012-12-24,62201,24633,37568,,426300,8.8
legacy_fut,088691,"Gold, COMEX (GLD proxy)",nonreportable,2012-12-31,64468,24328,40140,2572,427991,9.4
legacy_fut,088691,"Gold, COMEX (GLD proxy)",nonreportable,2013-01-08,60773,25109,35664,,441304,8.1
legacy_fut,088691,"Gold, COMEX (GLD proxy)",nonreportable,2013-01-15,64262,24265,39997,4333,447773,8.9
legacy_fut,088691,"Gold, COMEX (GLD proxy)",nonreportable,2013-01-22,66350,22297,44053,4056,461369,9.5
legacy_fut,088691,"Gold, COMEX (GLD proxy)",nonreportable,2013-01-29,63804,23655,40149,-3904,430718,9.3
legacy_fut,088691,"Gold, COMEX (GLD proxy)",nonreportable,2013-02-05,61074,23932,37142,-3007,423982,8.8
legacy_fut,088691,"Gold, COMEX (GLD proxy)",nonreportable,2013-02-12,62053,28235,33818,-3324,435088,7.8
legacy_fut,088691,"Gold, COMEX (GLD proxy)",nonreportable,2013-02-19,61638,33207,28431,-5387,447290,6.4
legacy_fut,088691,"Gold, COMEX (GLD proxy)",nonreportable,2013-02-26,55490,34469,21021,-7410,433858,4.8
legacy_fut,088691,"Gold, COMEX (GLD proxy)",nonreportable,2013-03-05,57882,31671,26211,5190,434586,6.0
legacy_fut,088691,"Gold, COMEX (GLD proxy)",nonreportable,2013-03-12,58502,30888,27614,1403,445651,6.2
legacy_fut,088691,"Gold, COMEX (GLD proxy)",nonreportable,2013-03-19,58018,31264,26754,-860,440712,6.1
legacy_fut,088691,"Gold, COMEX (GLD proxy)",nonreportable,2013-03-26,55319,29292,26027,-727,419727,6.2
legacy_fut,088691,"Gold, COMEX (GLD proxy)",nonreportable,2013-04-02,52253,29937,22316,-3711,417176,5.3
legacy_fut,088691,"Gold, COMEX (GLD proxy)",nonreportable,2013-04-09,52973,28530,24443,2127,416513,5.9
legacy_fut,088691,"Gold, COMEX (GLD proxy)",nonreportable,2013-04-16,45817,32770,13047,-11396,413083,3.2
legacy_fut,088691,"Gold, COMEX (GLD proxy)",nonreportable,2013-04-23,39868,39735,133,-12914,415074,0.0
legacy_fut,088691,"Gold, COMEX (GLD proxy)",nonreportable,2013-04-30,37451,38940,-1489,-1622,421087,-0.4
legacy_fut,088691,"Gold, COMEX (GLD proxy)",nonreportable,2013-05-07,38066,39770,-1704,-215,437931,-0.4
legacy_fut,088691,"Gold, COMEX (GLD proxy)",nonreportable,2013-05-14,40670,40250,420,2124,443806,0.1
legacy_fut,088691,"Gold, COMEX (GLD proxy)",nonreportable,2013-05-21,42125,38262,3863,3443,446087,0.9
legacy_fut,088691,"Gold, COMEX (GLD proxy)",nonreportable,2013-05-28,44683,42341,2342,-1521,411001,0.6
legacy_fut,088691,"Gold, COMEX (GLD proxy)",nonreportable,2013-06-04,35930,35478,452,-1890,373061,0.1
legacy_fut,088691,"Gold, COMEX (GLD proxy)",nonreportable,2013-06-11,35793,36476,-683,-1135,373844,-0.2
legacy_fut,088691,"Gold, COMEX (GLD proxy)",nonreportable,2013-06-18,37225,36802,423,1106,377106,0.1
legacy_fut,088691,"Gold, COMEX (GLD proxy)",nonreportable,2013-06-25,38930,37874,1056,633,390647,0.3
legacy_fut,088691,"Gold, COMEX (GLD proxy)",nonreportable,2013-07-02,38169,36144,2025,969,410399,0.5
legacy_fut,088691,"Gold, COMEX (GLD proxy)",nonreportable,2013-07-09,37702,35218,2484,459,431574,0.6
legacy_fut,088691,"Gold, COMEX (GLD proxy)",nonreportable,2013-07-16,37895,36750,1145,-1339,440283,0.3
legacy_fut,088691,"Gold, COMEX (GLD proxy)",nonreportable,2013-07-23,38029,37524,505,-640,434750,0.1
legacy_fut,088691,"Gold, COMEX (GLD proxy)",nonreportable,2013-07-30,33843,36435,-2592,-3097,397035,-0.7
legacy_fut,088691,"Gold, COMEX (GLD proxy)",nonreportable,2013-08-06,36134,33610,2524,5116,396062,0.6
legacy_fut,088691,"Gold, COMEX (GLD proxy)",nonreportable,2013-08-13,38520,31572,6948,4424,390547,1.8
legacy_fut,088691,"Gold, COMEX (GLD proxy)",nonreportable,2013-08-20,37448,30179,7269,321,385410,1.9
legacy_fut,088691,"Gold, COMEX (GLD proxy)",nonreportable,2013-08-27,40300,30951,9349,2080,384102,2.4
legacy_fut,088691,"Gold, COMEX (GLD proxy)",nonreportable,2013-09-03,43096,28826,14270,4921,388584,3.7
legacy_fut,088691,"Gold, COMEX (GLD proxy)",nonreportable,2013-09-10,38503,27003,11500,-2770,384164,3.0
legacy_fut,088691,"Gold, COMEX (GLD proxy)",nonreportable,2013-09-17,38578,32037,6541,-4959,384592,1.7
legacy_fut,088691,"Gold, COMEX (GLD proxy)",nonreportable,2013-09-24,35599,31211,4388,-2153,378216,1.2
legacy_fut,088691,"Gold, COMEX (GLD proxy)",nonreportable,2013-10-01,36060,30979,5081,693,374151,1.4
legacy_fut,088691,"Gold, COMEX (GLD proxy)",nonreportable,2013-10-08,36677,28578,8099,3018,370406,2.2
legacy_fut,088691,"Gold, COMEX (GLD proxy)",nonreportable,2013-10-15,36017,33126,2891,-5208,381727,0.8
legacy_fut,088691,"Gold, COMEX (GLD proxy)",nonreportable,2013-10-22,36523,31040,5483,2592,390369,1.4
legacy_fut,088691,"Gold, COMEX (GLD proxy)",nonreportable,2013-10-29,36956,30405,6551,1068,387166,1.7
legacy_fut,088691,"Gold, COMEX (GLD proxy)",nonreportable,2013-11-05,35399,32635,2764,-3787,386796,0.7
legacy_fut,088691,"Gold, COMEX (GLD proxy)",nonreportable,2013-11-12,40195,35762,4433,1669,403840,1.1
legacy_fut,088691,"Gold, COMEX (GLD proxy)",nonreportable,2013-11-19,37798,34403,3395,-1038,397590,0.9
legacy_fut,088691,"Gold, COMEX (GLD proxy)",nonreportable,2013-11-26,37961,36280,1681,-1714,394432,0.4
legacy_fut,088691,"Gold, COMEX (GLD proxy)",nonreportable,2013-12-03,37707,38099,-392,-2073,386436,-0.1
legacy_fut,088691,"Gold, COMEX (GLD proxy)",nonreportable,2013-12-10,37501,34919,2582,2974,377313,0.7
legacy_fut,088691,"Gold, COMEX (GLD proxy)",nonreportable,2013-12-17,37156,35961,1195,-1387,385432,0.3
legacy_fut,088691,"Gold, COMEX (GLD proxy)",nonreportable,2013-12-24,36847,37668,-821,-2016,384974,-0.2
legacy_fut,088691,"Gold, COMEX (GLD proxy)",nonreportable,2013-12-31,37617,36819,798,1619,379550,0.2
legacy_fut,088691,"Gold, COMEX (GLD proxy)",nonreportable,2014-01-07,38246,35249,2997,2199,383021,0.8
legacy_fut,088691,"Gold, COMEX (GLD proxy)",nonreportable,2014-01-14,37217,35975,1242,-1755,415426,0.3
legacy_fut,088691,"Gold, COMEX (GLD proxy)",nonreportable,2014-01-21,36635,37127,-492,-1734,410959,-0.1
legacy_fut,088691,"Gold, COMEX (GLD proxy)",nonreportable,2014-01-28,33449,34811,-1362,-870,382739,-0.4
legacy_fut,088691,"Gold, COMEX (GLD proxy)",nonreportable,2014-02-04,31747,30904,843,2205,368279,0.2
legacy_fut,088691,"Gold, COMEX (GLD proxy)",nonreportable,2014-02-11,35367,33914,1453,610,376973,0.4
legacy_fut,088691,"Gold, COMEX (GLD proxy)",nonreportable,2014-02-18,38978,31858,7120,5667,390535,1.8
legacy_fut,088691,"Gold, COMEX (GLD proxy)",nonreportable,2014-02-25,39785,32586,7199,79,387503,1.9
legacy_fut,088691,"Gold, COMEX (GLD proxy)",nonreportable,2014-03-04,37171,31188,5983,-1216,393266,1.5
legacy_fut,088691,"Gold, COMEX (GLD proxy)",nonreportable,2014-03-11,40337,33860,6477,494,415340,1.6
legacy_fut,088691,"Gold, COMEX (GLD proxy)",nonreportable,2014-03-18,40310,31190,9120,2643,420626,2.2
legacy_fut,088691,"Gold, COMEX (GLD proxy)",nonreportable,2014-03-25,38841,28537,10304,1184,398264,2.6
legacy_fut,088691,"Gold, COMEX (GLD proxy)",nonreportable,2014-04-01,40228,26344,13884,3580,363451,3.8
legacy_fut,088691,"Gold, COMEX (GLD proxy)",nonreportable,2014-04-08,39572,26428,13144,-740,365400,3.6
legacy_fut,088691,"Gold, COMEX (GLD proxy)",nonreportable,2014-04-15,38330,30017,8313,-4831,369577,2.2
legacy_fut,088691,"Gold, COMEX (GLD proxy)",nonreportable,2014-04-22,38862,30169,8693,380,372593,2.3
legacy_fut,088691,"Gold, COMEX (GLD proxy)",nonreportable,2014-04-29,39273,27329,11944,3251,378092,3.2
legacy_fut,088691,"Gold, COMEX (GLD proxy)",nonreportable,2014-05-06,39976,27461,12515,571,404700,3.1
legacy_fut,088691,"Gold, COMEX (GLD proxy)",nonreportable,2014-05-13,41045,30358,10687,-1828,397029,2.7
legacy_fut,088691,"Gold, COMEX (GLD proxy)",nonreportable,2014-05-20,39492,29973,9519,-1168,399371,2.4
legacy_fut,088691,"Gold, COMEX (GLD proxy)",nonreportable,2014-05-27,44390,39143,5247,-4272,397695,1.3
legacy_fut,088691,"Gold, COMEX (GLD proxy)",nonreportable,2014-06-03,36858,32565,4293,-954,382141,1.1
legacy_fut,088691,"Gold, COMEX (GLD proxy)",nonreportable,2014-06-10,36421,34398,2023,-2270,378689,0.5
legacy_fut,088691,"Gold, COMEX (GLD proxy)",nonreportable,2014-06-17,34637,34607,30,-1993,379843,0.0
legacy_fut,088691,"Gold, COMEX (GLD proxy)",nonreportable,2014-06-24,41132,30384,10748,10718,392388,2.7
legacy_fut,088691,"Gold, COMEX (GLD proxy)",nonreportable,2014-07-01,43091,28661,14430,3682,401813,3.6
legacy_fut,088691,"Gold, COMEX (GLD proxy)",nonreportable,2014-07-08,44290,28308,15982,1552,410992,3.9
legacy_fut,088691,"Gold, COMEX (GLD proxy)",nonreportable,2014-07-15,41314,26866,14448,-1534,408368,3.5
legacy_fut,088691,"Gold, COMEX (GLD proxy)",nonreportable,2014-07-22,41487,27442,14045,-403,405617,3.5
legacy_fut,088691,"Gold, COMEX (GLD proxy)",nonreportable,2014-07-29,37571,27792,9779,-4266,374467,2.6
legacy_fut,088691,"Gold, COMEX (GLD proxy)",nonreportable,2014-08-05,37580,27401,10179,400,360342,2.8
legacy_fut,088691,"Gold, COMEX (GLD proxy)",nonreportable,2014-08-12,41209,28203,13006,2827,368114,3.5
legacy_fut,088691,"Gold, COMEX (GLD proxy)",nonreportable,2014-08-19,39778,30092,9686,-3320,366401,2.6
legacy_fut,088691,"Gold, COMEX (GLD proxy)",nonreportable,2014-08-26,40688,30309,10379,693,363608,2.9
legacy_fut,088691,"Gold, COMEX (GLD proxy)",nonreportable,2014-09-02,39661,32833,6828,-3551,371515,1.8
legacy_fut,088691,"Gold, COMEX (GLD proxy)",nonreportable,2014-09-09,38579,35765,2814,-4014,384341,0.7
legacy_fut,088691,"Gold, COMEX (GLD proxy)",nonreportable,2014-09-16,40531,36475,4056,1242,386080,1.1
legacy_fut,088691,"Gold, COMEX (GLD proxy)",nonreportable,2014-09-23,36253,35818,435,-3621,385788,0.1
legacy_fut,088691,"Gold, COMEX (GLD proxy)",nonreportable,2014-09-30,35600,39741,-4141,-4576,379874,-1.1
legacy_fut,088691,"Gold, COMEX (GLD proxy)",nonreportable,2014-10-07,35539,38579,-3040,1101,380087,-0.8
legacy_fut,088691,"Gold, COMEX (GLD proxy)",nonreportable,2014-10-14,33603,40195,-6592,-3552,397855,-1.7
legacy_fut,088691,"Gold, COMEX (GLD proxy)",nonreportable,2014-10-21,33731,36817,-3086,3506,411057,-0.8
legacy_fut,088691,"Gold, COMEX (GLD proxy)",nonreportable,2014-10-28,32399,34274,-1875,1211,414410,-0.5
legacy_fut,088691,"Gold, COMEX (GLD proxy)",nonreportable,2014-11-04,34216,42134,-7918,-6043,417377,-1.9
legacy_fut,088691,"Gold, COMEX (GLD proxy)",nonreportable,2014-11-11,35237,41256,-6019,1899,443422,-1.4
legacy_fut,088691,"Gold, COMEX (GLD proxy)",nonreportable,2014-11-18,33308,43733,-10425,-4406,459657,-2.3
legacy_fut,088691,"Gold, COMEX (GLD proxy)",nonreportable,2014-11-25,32856,40578,-7722,2703,388145,-2.0
legacy_fut,088691,"Gold, COMEX (GLD proxy)",nonreportable,2014-12-02,34138,34060,78,7800,368121,0.0
legacy_fut,088691,"Gold, COMEX (GLD proxy)",nonreportable,2014-12-09,38049,36310,1739,1661,375323,0.5
legacy_fut,088691,"Gold, COMEX (GLD proxy)",nonreportable,2014-12-16,32932,36249,-3317,-5056,371743,-0.9
legacy_fut,088691,"Gold, COMEX (GLD proxy)",nonreportable,2014-12-23,31228,36913,-5685,-2368,375212,-1.5
legacy_fut,088691,"Gold, COMEX (GLD proxy)",nonreportable,2014-12-30,34608,37311,-2703,2982,373982,-0.7
legacy_fut,088691,"Gold, COMEX (GLD proxy)",nonreportable,2015-01-06,34990,34496,494,3197,394021,0.1
legacy_fut,088691,"Gold, COMEX (GLD proxy)",nonreportable,2015-01-13,38984,31534,7450,6956,402108,1.9
legacy_fut,088691,"Gold, COMEX (GLD proxy)",nonreportable,2015-01-20,43445,28090,15355,7905,430128,3.6
legacy_fut,088691,"Gold, COMEX (GLD proxy)",nonreportable,2015-01-27,43731,26496,17235,1880,438279,3.9
legacy_fut,088691,"Gold, COMEX (GLD proxy)",nonreportable,2015-02-03,44670,26412,18258,1023,419524,4.4
legacy_fut,088691,"Gold, COMEX (GLD proxy)",nonreportable,2015-02-10,42098,26781,15317,-2941,393232,3.9
legacy_fut,088691,"Gold, COMEX (GLD proxy)",nonreportable,2015-02-17,41111,29210,11901,-3416,389530,3.1
legacy_fut,088691,"Gold, COMEX (GLD proxy)",nonreportable,2015-02-24,39742,30219,9523,-2378,399307,2.4
legacy_fut,088691,"Gold, COMEX (GLD proxy)",nonreportable,2015-03-03,40325,32758,7567,-1956,405124,1.9
legacy_fut,088691,"Gold, COMEX (GLD proxy)",nonreportable,2015-03-10,41262,33812,7450,-117,410918,1.8
legacy_fut,088691,"Gold, COMEX (GLD proxy)",nonreportable,2015-03-17,40446,37049,3397,-4053,429738,0.8
legacy_fut,088691,"Gold, COMEX (GLD proxy)",nonreportable,2015-03-24,35285,36641,-1356,-4753,433767,-0.3
legacy_fut,088691,"Gold, COMEX (GLD proxy)",nonreportable,2015-03-31,32998,31902,1096,2452,387585,0.3
legacy_fut,088691,"Gold, COMEX (GLD proxy)",nonreportable,2015-04-07,35083,27551,7532,6436,390571,1.9
legacy_fut,088691,"Gold, COMEX (GLD proxy)",nonreportable,2015-04-14,34431,29235,5196,-2336,395089,1.3
legacy_fut,088691,"Gold, COMEX (GLD proxy)",nonreportable,2015-04-21,35742,31981,3761,-1435,397379,0.9
legacy_fut,088691,"Gold, COMEX (GLD proxy)",nonreportable,2015-04-28,35523,29908,5615,1854,403575,1.4
legacy_fut,088691,"Gold, COMEX (GLD proxy)",nonreportable,2015-05-05,32713,30991,1722,-3893,399988,0.4
legacy_fut,088691,"Gold, COMEX (GLD proxy)",nonreportable,2015-05-12,32075,32013,62,-1660,405612,0.0
legacy_fut,088691,"Gold, COMEX (GLD proxy)",nonreportable,2015-05-19,38971,29258,9713,9651,428597,2.3
legacy_fut,088691,"Gold, COMEX (GLD proxy)",nonreportable,2015-05-26,37061,32035,5026,-4687,411961,1.2
legacy_fut,088691,"Gold, COMEX (GLD proxy)",nonreportable,2015-06-02,33204,29464,3740,-1286,398724,0.9
legacy_fut,088691,"Gold, COMEX (GLD proxy)",nonreportable,2015-06-09,35237,31738,3499,-241,406069,0.9
legacy_fut,088691,"Gold, COMEX (GLD proxy)",nonreportable,2015-06-16,33911,32997,914,-2585,415718,0.2
legacy_fut,088691,"Gold, COMEX (GLD proxy)",nonreportable,2015-06-23,36323,30549,5774,4860,430978,1.3
legacy_fut,088691,"Gold, COMEX (GLD proxy)",nonreportable,2015-06-30,37859,30245,7614,1840,442301,1.7
legacy_fut,088691,"Gold, COMEX (GLD proxy)",nonreportable,2015-07-07,37811,35670,2141,-5473,452145,0.5
legacy_fut,088691,"Gold, COMEX (GLD proxy)",nonreportable,2015-07-14,36195,35550,645,-1496,462664,0.1
legacy_fut,088691,"Gold, COMEX (GLD proxy)",nonreportable,2015-07-21,35421,42116,-6695,-7340,459760,-1.5
legacy_fut,088691,"Gold, COMEX (GLD proxy)",nonreportable,2015-07-28,34220,43419,-9199,-2504,438282,-2.1
legacy_fut,088691,"Gold, COMEX (GLD proxy)",nonreportable,2015-08-04,32365,47445,-15080,-5881,434273,-3.5
legacy_fut,088691,"Gold, COMEX (GLD proxy)",nonreportable,2015-08-11,35329,43313,-7984,7096,435489,-1.8
legacy_fut,088691,"Gold, COMEX (GLD proxy)",nonreportable,2015-08-18,32238,43949,-11711,-3727,432728,-2.7
legacy_fut,088691,"Gold, COMEX (GLD proxy)",nonreportable,2015-08-25,32586,40683,-8097,3614,432154,-1.9
legacy_fut,088691,"Gold, COMEX (GLD proxy)",nonreportable,2015-09-01,33066,36663,-3597,4500,410274,-0.9
legacy_fut,088691,"Gold, COMEX (GLD proxy)",nonreportable,2015-09-08,33614,36928,-3314,283,421732,-0.8
legacy_fut,088691,"Gold, COMEX (GLD proxy)",nonreportable,2015-09-15,32607,39175,-6568,-3254,413333,-1.6
legacy_fut,088691,"Gold, COMEX (GLD proxy)",nonreportable,2015-09-22,31981,35878,-3897,2671,419304,-0.9
legacy_fut,088691,"Gold, COMEX (GLD proxy)",nonreportable,2015-09-29,32860,36362,-3502,395,415700,-0.8
legacy_fut,088691,"Gold, COMEX (GLD proxy)",nonreportable,2015-10-06,33509,31859,1650,5152,430228,0.4
legacy_fut,088691,"Gold, COMEX (GLD proxy)",nonreportable,2015-10-13,35345,34010,1335,-315,435928,0.3
legacy_fut,088691,"Gold, COMEX (GLD proxy)",nonreportable,2015-10-20,42473,30474,11999,10664,467792,2.6
legacy_fut,088691,"Gold, COMEX (GLD proxy)",nonreportable,2015-10-27,39519,31105,8414,-3585,466780,1.8
legacy_fut,088691,"Gold, COMEX (GLD proxy)",nonreportable,2015-11-03,39350,30704,8646,232,443900,1.9
legacy_fut,088691,"Gold, COMEX (GLD proxy)",nonreportable,2015-11-10,40259,36754,3505,-5141,436426,0.8
legacy_fut,088691,"Gold, COMEX (GLD proxy)",nonreportable,2015-11-17,39079,45005,-5926,-9431,435376,-1.4
legacy_fut,088691,"Gold, COMEX (GLD proxy)",nonreportable,2015-11-24,39357,43676,-4319,1607,397705,-1.1
legacy_fut,088691,"Gold, COMEX (GLD proxy)",nonreportable,2015-12-01,35707,42546,-6839,-2520,390940,-1.7
legacy_fut,088691,"Gold, COMEX (GLD proxy)",nonreportable,2015-12-08,35722,41348,-5626,1213,394128,-1.4
legacy_fut,088691,"Gold, COMEX (GLD proxy)",nonreportable,2015-12-15,35284,40674,-5390,236,390944,-1.4
legacy_fut,088691,"Gold, COMEX (GLD proxy)",nonreportable,2015-12-22,35445,39621,-4176,1214,405294,-1.0
legacy_fut,088691,"Gold, COMEX (GLD proxy)",nonreportable,2015-12-29,36511,40278,-3767,409,401880,-0.9
legacy_fut,088691,"Gold, COMEX (GLD proxy)",nonreportable,2016-01-05,33921,41206,-7285,-3518,413688,-1.8
legacy_fut,088691,"Gold, COMEX (GLD proxy)",nonreportable,2016-01-12,37852,38985,-1133,6152,397565,-0.3
legacy_fut,088691,"Gold, COMEX (GLD proxy)",nonreportable,2016-01-19,33749,37300,-3551,-2418,408835,-0.9
legacy_fut,088691,"Gold, COMEX (GLD proxy)",nonreportable,2016-01-26,38543,37750,793,4344,385350,0.2
legacy_fut,088691,"Gold, COMEX (GLD proxy)",nonreportable,2016-02-02,39579,35046,4533,3740,379185,1.2
legacy_fut,088691,"Gold, COMEX (GLD proxy)",nonreportable,2016-02-09,41975,35480,6495,1962,410833,1.6
legacy_fut,088691,"Gold, COMEX (GLD proxy)",nonreportable,2016-02-16,45771,31147,14624,8129,428912,3.4
legacy_fut,088691,"Gold, COMEX (GLD proxy)",nonreportable,2016-02-23,49448,31277,18171,3547,445290,4.1
legacy_fut,088691,"Gold, COMEX (GLD proxy)",nonreportable,2016-03-01,51148,32130,19018,847,450555,4.2
legacy_fut,088691,"Gold, COMEX (GLD proxy)",nonreportable,2016-03-08,53520,32958,20562,1544,499110,4.1
legacy_fut,088691,"Gold, COMEX (GLD proxy)",nonreportable,2016-03-15,49810,33791,16019,-4543,493086,3.2
legacy_fut,088691,"Gold, COMEX (GLD proxy)",nonreportable,2016-03-22,51562,30399,21163,5144,510579,4.1
legacy_fut,088691,"Gold, COMEX (GLD proxy)",nonreportable,2016-03-29,49423,31265,18158,-3005,480461,3.8
legacy_fut,088691,"Gold, COMEX (GLD proxy)",nonreportable,2016-04-05,47560,30715,16845,-1313,474094,3.6
legacy_fut,088691,"Gold, COMEX (GLD proxy)",nonreportable,2016-04-12,49032,31052,17980,1135,504523,3.6
legacy_fut,088691,"Gold, COMEX (GLD proxy)",nonreportable,2016-04-19,50205,26921,23284,5304,503331,4.6
legacy_fut,088691,"Gold, COMEX (GLD proxy)",nonreportable,2016-04-26,47030,27779,19251,-4033,497884,3.9
legacy_fut,088691,"Gold, COMEX (GLD proxy)",nonreportable,2016-05-03,51223,27970,23253,4002,565774,4.1
legacy_fut,088691,"Gold, COMEX (GLD proxy)",nonreportable,2016-05-10,51710,31612,20098,-3155,579777,3.5
legacy_fut,088691,"Gold, COMEX (GLD proxy)",nonreportable,2016-05-17,52715,28760,23955,3857,595077,4.0
legacy_fut,088691,"Gold, COMEX (GLD proxy)",nonreportable,2016-05-24,52714,34133,18581,-5374,542958,3.4
legacy_fut,088691,"Gold, COMEX (GLD proxy)",nonreportable,2016-05-31,47347,30444,16903,-1678,494321,3.4
legacy_fut,088691,"Gold, COMEX (GLD proxy)",nonreportable,2016-06-07,46570,31497,15073,-1830,496330,3.0
legacy_fut,088691,"Gold, COMEX (GLD proxy)",nonreportable,2016-06-14,45594,27379,18215,3142,545357,3.3
legacy_fut,088691,"Gold, COMEX (GLD proxy)",nonreportable,2016-06-21,47511,28103,19408,1193,571517,3.4
legacy_fut,088691,"Gold, COMEX (GLD proxy)",nonreportable,2016-06-28,49131,24730,24401,4993,613792,4.0
legacy_fut,088691,"Gold, COMEX (GLD proxy)",nonreportable,2016-07-05,50789,26545,24244,-157,652971,3.7
legacy_fut,088691,"Gold, COMEX (GLD proxy)",nonreportable,2016-07-12,52553,24564,27989,3745,633020,4.4
legacy_fut,088691,"Gold, COMEX (GLD proxy)",nonreportable,2016-07-19,55614,26048,29566,1577,617069,4.8
legacy_fut,088691,"Gold, COMEX (GLD proxy)",nonreportable,2016-07-26,55829,25761,30068,502,576325,5.2
legacy_fut,088691,"Gold, COMEX (GLD proxy)",nonreportable,2016-08-02,54451,24607,29844,-224,582211,5.1
legacy_fut,088691,"Gold, COMEX (GLD proxy)",nonreportable,2016-08-09,52657,26163,26494,-3350,575399,4.6
legacy_fut,088691,"Gold, COMEX (GLD proxy)",nonreportable,2016-08-16,52525,25383,27142,648,572496,4.7
legacy_fut,088691,"Gold, COMEX (GLD proxy)",nonreportable,2016-08-23,51796,28930,22866,-4276,572973,4.0
legacy_fut,088691,"Gold, COMEX (GLD proxy)",nonreportable,2016-08-30,53666,28794,24872,2006,558398,4.5
legacy_fut,088691,"Gold, COMEX (GLD proxy)",nonreportable,2016-09-06,53939,31826,22113,-2759,590656,3.7
legacy_fut,088691,"Gold, COMEX (GLD proxy)",nonreportable,2016-09-13,53893,27935,25958,3845,575002,4.5
legacy_fut,088691,"Gold, COMEX (GLD proxy)",nonreportable,2016-09-20,61156,26720,34436,8478,558791,6.2
legacy_fut,088691,"Gold, COMEX (GLD proxy)",nonreportable,2016-09-27,53108,30418,22690,-11746,583161,3.9
legacy_fut,088691,"Gold, COMEX (GLD proxy)",nonreportable,2016-10-04,54958,29224,25734,3044,544824,4.7
legacy_fut,088691,"Gold, COMEX (GLD proxy)",nonreportable,2016-10-11,53697,27717,25980,246,500328,5.2
legacy_fut,088691,"Gold, COMEX (GLD proxy)",nonreportable,2016-10-18,51020,27967,23053,-2927,497061,4.6
legacy_fut,088691,"Gold, COMEX (GLD proxy)",nonreportable,2016-10-25,49625,29006,20619,-2434,507617,4.1
legacy_fut,088691,"Gold, COMEX (GLD proxy)",nonreportable,2016-11-01,51847,27727,24120,3501,521506,4.6
legacy_fut,088691,"Gold, COMEX (GLD proxy)",nonreportable,2016-11-08,51015,22667,28348,4228,528203,5.4
legacy_fut,088691,"Gold, COMEX (GLD proxy)",nonreportable,2016-11-15,49240,26934,22306,-6042,479237,4.7
legacy_fut,088691,"Gold, COMEX (GLD proxy)",nonreportable,2016-11-22,52695,27608,25087,2781,461062,5.4
legacy_fut,088691,"Gold, COMEX (GLD proxy)",nonreportable,2016-11-29,45567,29314,16253,-8834,405661,4.0
legacy_fut,088691,"Gold, COMEX (GLD proxy)",nonreportable,2016-12-06,45639,27075,18564,2311,393524,4.7
legacy_fut,088691,"Gold, COMEX (GLD proxy)",nonreportable,2016-12-13,46092,25517,20575,2011,397034,5.2
legacy_fut,088691,"Gold, COMEX (GLD proxy)",nonreportable,2016-12-20,47292,28104,19188,-1387,398661,4.8
legacy_fut,088691,"Gold, COMEX (GLD proxy)",nonreportable,2016-12-27,49164,26540,22624,3436,401513,5.6
legacy_fut,088691,"Gold, COMEX (GLD proxy)",nonreportable,2017-01-03,47387,26325,21062,-1562,424673,5.0
legacy_fut,088691,"Gold, COMEX (GLD proxy)",nonreportable,2017-01-10,44077,27743,16334,-4728,444001,3.7
legacy_fut,088691,"Gold, COMEX (GLD proxy)",nonreportable,2017-01-17,43995,27925,16070,-264,467937,3.4
legacy_fut,088691,"Gold, COMEX (GLD proxy)",nonreportable,2017-01-24,43722,26755,16967,897,482374,3.5
legacy_fut,088691,"Gold, COMEX (GLD proxy)",nonreportable,2017-01-31,39227,26579,12648,-4319,398433,3.2
legacy_fut,088691,"Gold, COMEX (GLD proxy)",nonreportable,2017-02-07,41364,24367,16997,4349,415543,4.1
legacy_fut,088691,"Gold, COMEX (GLD proxy)",nonreportable,2017-02-14,39763,21727,18036,1039,415128,4.3
legacy_fut,088691,"Gold, COMEX (GLD proxy)",nonreportable,2017-02-21,40344,24543,15801,-2235,427168,3.7
legacy_fut,088691,"Gold, COMEX (GLD proxy)",nonreportable,2017-02-28,43997,27888,16109,308,446081,3.6
legacy_fut,088691,"Gold, COMEX (GLD proxy)",nonreportable,2017-03-07,43791,24828,18963,2854,434401,4.4
legacy_fut,088691,"Gold, COMEX (GLD proxy)",nonreportable,2017-03-14,44232,26983,17249,-1714,426170,4.0
legacy_fut,088691,"Gold, COMEX (GLD proxy)",nonreportable,2017-03-21,43297,30552,12745,-4504,446880,2.9
legacy_fut,088691,"Gold, COMEX (GLD proxy)",nonreportable,2017-03-28,42014,27720,14294,1549,449418,3.2
legacy_fut,088691,"Gold, COMEX (GLD proxy)",nonreportable,2017-04-04,43589,28009,15580,1286,427808,3.6
legacy_fut,088691,"Gold, COMEX (GLD proxy)",nonreportable,2017-04-11,47518,32820,14698,-882,456131,3.2
legacy_fut,088691,"Gold, COMEX (GLD proxy)",nonreportable,2017-04-18,46822,31526,15296,598,472263,3.2
legacy_fut,088691,"Gold, COMEX (GLD proxy)",nonreportable,2017-04-25,44669,30766,13903,-1393,475985,2.9
legacy_fut,088691,"Gold, COMEX (GLD proxy)",nonreportable,2017-05-02,44782,30430,14352,449,461905,3.1
legacy_fut,088691,"Gold, COMEX (GLD proxy)",nonreportable,2017-05-09,45099,30683,14416,64,433033,3.3
legacy_fut,088691,"Gold, COMEX (GLD proxy)",nonreportable,2017-05-16,45111,28976,16135,1719,435021,3.7
legacy_fut,088691,"Gold, COMEX (GLD proxy)",nonreportable,2017-05-23,45278,30754,14524,-1611,462572,3.1
legacy_fut,088691,"Gold, COMEX (GLD proxy)",nonreportable,2017-05-30,44404,28275,16129,1605,434246,3.7
legacy_fut,088691,"Gold, COMEX (GLD proxy)",nonreportable,2017-06-06,44028,32139,11889,-4240,494041,2.4
legacy_fut,088691,"Gold, COMEX (GLD proxy)",nonreportable,2017-06-13,40186,26849,13337,1448,471134,2.8
legacy_fut,088691,"Gold, COMEX (GLD proxy)",nonreportable,2017-06-20,43201,28860,14341,1004,445841,3.2
legacy_fut,088691,"Gold, COMEX (GLD proxy)",nonreportable,2017-06-27,47403,29212,18191,3850,453144,4.0
legacy_fut,088691,"Gold, COMEX (GLD proxy)",nonreportable,2017-07-03,47362,33935,13427,,457201,2.9
legacy_fut,088691,"Gold, COMEX (GLD proxy)",nonreportable,2017-07-11,45455,31799,13656,,475669,2.9
legacy_fut,088691,"Gold, COMEX (GLD proxy)",nonreportable,2017-07-18,44194,30697,13497,-159,484204,2.8
legacy_fut,088691,"Gold, COMEX (GLD proxy)",nonreportable,2017-07-25,43387,30875,12512,-985,463827,2.7
legacy_fut,088691,"Gold, COMEX (GLD proxy)",nonreportable,2017-08-01,42055,28342,13713,1201,448709,3.1
legacy_fut,088691,"Gold, COMEX (GLD proxy)",nonreportable,2017-08-08,40774,30100,10674,-3039,448727,2.4
legacy_fut,088691,"Gold, COMEX (GLD proxy)",nonreportable,2017-08-15,40360,31463,8897,-1777,477921,1.9
legacy_fut,088691,"Gold, COMEX (GLD proxy)",nonreportable,2017-08-22,42070,30590,11480,2583,500443,2.3
legacy_fut,088691,"Gold, COMEX (GLD proxy)",nonreportable,2017-08-29,46981,29999,16982,5502,538875,3.2
legacy_fut,088691,"Gold, COMEX (GLD proxy)",nonreportable,2017-09-05,50741,34232,16509,-473,566817,2.9
legacy_fut,088691,"Gold, COMEX (GLD proxy)",nonreportable,2017-09-12,48644,31306,17338,829,580606,3.0
legacy_fut,088691,"Gold, COMEX (GLD proxy)",nonreportable,2017-09-19,46252,29300,16952,-386,570096,3.0
legacy_fut,088691,"Gold, COMEX (GLD proxy)",nonreportable,2017-09-26,48586,27709,20877,3925,549637,3.8
legacy_fut,088691,"Gold, COMEX (GLD proxy)",nonreportable,2017-10-03,46571,26003,20568,-309,525127,3.9
legacy_fut,088691,"Gold, COMEX (GLD proxy)",nonreportable,2017-10-10,48086,25201,22885,2317,520005,4.4
legacy_fut,088691,"Gold, COMEX (GLD proxy)",nonreportable,2017-10-17,47228,26328,20900,-1985,528800,4.0
legacy_fut,088691,"Gold, COMEX (GLD proxy)",nonreportable,2017-10-24,45115,25847,19268,-1632,526674,3.7
legacy_fut,088691,"Gold, COMEX (GLD proxy)",nonreportable,2017-10-31,45483,27930,17553,-1715,531918,3.3
legacy_fut,088691,"Gold, COMEX (GLD proxy)",nonreportable,2017-11-07,46485,26988,19497,1944,536843,3.6
legacy_fut,088691,"Gold, COMEX (GLD proxy)",nonreportable,2017-11-14,47250,26543,20707,1210,533054,3.9
legacy_fut,088691,"Gold, COMEX (GLD proxy)",nonreportable,2017-11-21,49727,26498,23229,2522,531612,4.4
legacy_fut,088691,"Gold, COMEX (GLD proxy)",nonreportable,2017-11-28,47240,25116,22124,-1105,503810,4.4
legacy_fut,088691,"Gold, COMEX (GLD proxy)",nonreportable,2017-12-05,44147,27586,16561,-5563,472795,3.5
legacy_fut,088691,"Gold, COMEX (GLD proxy)",nonreportable,2017-12-12,43569,31174,12395,-4166,446618,2.8
legacy_fut,088691,"Gold, COMEX (GLD proxy)",nonreportable,2017-12-19,43486,29064,14422,2027,453595,3.2
legacy_fut,088691,"Gold, COMEX (GLD proxy)",nonreportable,2017-12-26,40768,27247,13521,-901,456470,3.0
legacy_fut,088691,"Gold, COMEX (GLD proxy)",nonreportable,2018-01-02,44151,29819,14332,811,500731,2.9
legacy_fut,088691,"Gold, COMEX (GLD proxy)",nonreportable,2018-01-09,46925,29942,16983,2651,555455,3.1
legacy_fut,088691,"Gold, COMEX (GLD proxy)",nonreportable,2018-01-16,49098,28302,20796,3813,582333,3.6
legacy_fut,088691,"Gold, COMEX (GLD proxy)",nonreportable,2018-01-23,50628,30760,19868,-928,582421,3.4
legacy_fut,088691,"Gold, COMEX (GLD proxy)",nonreportable,2018-01-30,48667,30853,17814,-2054,559332,3.2
legacy_fut,088691,"Gold, COMEX (GLD proxy)",nonreportable,2018-02-06,42286,27712,14574,-3240,535321,2.7
legacy_fut,088691,"Gold, COMEX (GLD proxy)",nonreportable,2018-02-13,44796,25866,18930,4356,511745,3.7
legacy_fut,088691,"Gold, COMEX (GLD proxy)",nonreportable,2018-02-20,48400,24444,23956,5026,528154,4.5
legacy_fut,088691,"Gold, COMEX (GLD proxy)",nonreportable,2018-02-27,47335,26257,21078,-2878,532860,4.0
legacy_fut,088691,"Gold, COMEX (GLD proxy)",nonreportable,2018-03-06,46281,25201,21080,2,508100,4.1
legacy_fut,088691,"Gold, COMEX (GLD proxy)",nonreportable,2018-03-13,48014,27152,20862,-218,526762,4.0
legacy_fut,088691,"Gold, COMEX (GLD proxy)",nonreportable,2018-03-20,46306,27767,18539,-2323,545499,3.4
legacy_fut,088691,"Gold, COMEX (GLD proxy)",nonreportable,2018-03-27,49819,26813,23006,4467,529690,4.3
legacy_fut,088691,"Gold, COMEX (GLD proxy)",nonreportable,2018-04-03,43845,21569,22276,-730,493141,4.5
legacy_fut,088691,"Gold, COMEX (GLD proxy)",nonreportable,2018-04-10,45574,25294,20280,-1996,499588,4.1
legacy_fut,088691,"Gold, COMEX (GLD proxy)",nonreportable,2018-04-17,46906,24713,22193,1913,510229,4.3
legacy_fut,088691,"Gold, COMEX (GLD proxy)",nonreportable,2018-04-24,50537,25383,25154,2961,506410,5.0
legacy_fut,088691,"Gold, COMEX (GLD proxy)",nonreportable,2018-05-01,52288,27195,25093,-61,507756,4.9
legacy_fut,088691,"Gold, COMEX (GLD proxy)",nonreportable,2018-05-08,53651,26107,27544,2451,491398,5.6
legacy_fut,088691,"Gold, COMEX (GLD proxy)",nonreportable,2018-05-15,57246,31600,25646,-1898,519958,4.9
legacy_fut,088691,"Gold, COMEX (GLD proxy)",nonreportable,2018-05-22,54558,29940,24618,-1028,502942,4.9
legacy_fut,088691,"Gold, COMEX (GLD proxy)",nonreportable,2018-05-29,51427,29868,21559,-3059,469382,4.6
legacy_fut,088691,"Gold, COMEX (GLD proxy)",nonreportable,2018-06-05,50584,27653,22931,1372,450641,5.1
legacy_fut,088691,"Gold, COMEX (GLD proxy)",nonreportable,2018-06-12,48159,27812,20347,-2584,448695,4.5
legacy_fut,088691,"Gold, COMEX (GLD proxy)",nonreportable,2018-06-19,47073,29461,17612,-2735,468345,3.8
legacy_fut,088691,"Gold, COMEX (GLD proxy)",nonreportable,2018-06-26,50420,32129,18291,679,468573,3.9
legacy_fut,088691,"Gold, COMEX (GLD proxy)",nonreportable,2018-07-03,51099,36276,14823,-3468,494164,3.0
legacy_fut,088691,"Gold, COMEX (GLD proxy)",nonreportable,2018-07-10,53355,34395,18960,4137,503593,3.8
legacy_fut,088691,"Gold, COMEX (GLD proxy)",nonreportable,2018-07-17,51491,35697,15794,-3166,528278,3.0
legacy_fut,088691,"Gold, COMEX (GLD proxy)",nonreportable,2018-07-24,54742,37671,17071,1277,496620,3.4
legacy_fut,088691,"Gold, COMEX (GLD proxy)",nonreportable,2018-07-31,50018,37437,12581,-4490,452655,2.8
legacy_fut,088691,"Gold, COMEX (GLD proxy)",nonreportable,2018-08-07,48402,35481,12921,340,459474,2.8
legacy_fut,088691,"Gold, COMEX (GLD proxy)",nonreportable,2018-08-14,46373,35335,11038,-1883,476739,2.3
legacy_fut,088691,"Gold, COMEX (GLD proxy)",nonreportable,2018-08-21,44895,34500,10395,-643,483730,2.1
legacy_fut,088691,"Gold, COMEX (GLD proxy)",nonreportable,2018-08-28,45508,34183,11325,930,479283,2.4
legacy_fut,088691,"Gold, COMEX (GLD proxy)",nonreportable,2018-09-04,49169,42197,6972,-4353,473118,1.5
legacy_fut,088691,"Gold, COMEX (GLD proxy)",nonreportable,2018-09-11,47866,40289,7577,605,469450,1.6
legacy_fut,088691,"Gold, COMEX (GLD proxy)",nonreportable,2018-09-18,43868,34715,9153,1576,469436,1.9
legacy_fut,088691,"Gold, COMEX (GLD proxy)",nonreportable,2018-09-25,47538,36970,10568,1415,460279,2.3
legacy_fut,088691,"Gold, COMEX (GLD proxy)",nonreportable,2018-10-02,49286,36339,12947,2379,459776,2.8
legacy_fut,088691,"Gold, COMEX (GLD proxy)",nonreportable,2018-10-09,47441,35132,12309,-638,465253,2.6
legacy_fut,088691,"Gold, COMEX (GLD proxy)",nonreportable,2018-10-16,47797,33468,14329,2020,474418,3.0
legacy_fut,088691,"Gold, COMEX (GLD proxy)",nonreportable,2018-10-23,47890,30758,17132,2803,477832,3.6
legacy_fut,088691,"Gold, COMEX (GLD proxy)",nonreportable,2018-10-30,48870,30859,18011,879,474941,3.8
legacy_fut,088691,"Gold, COMEX (GLD proxy)",nonreportable,2018-11-06,48615,29505,19110,1099,494911,3.9
legacy_fut,088691,"Gold, COMEX (GLD proxy)",nonreportable,2018-11-13,46932,35862,11070,-8040,539520,2.1
legacy_fut,088691,"Gold, COMEX (GLD proxy)",nonreportable,2018-11-20,43791,29547,14244,3174,525940,2.7
legacy_fut,088691,"Gold, COMEX (GLD proxy)",nonreportable,2018-11-27,48120,33891,14229,-15,442801,3.2
legacy_fut,088691,"Gold, COMEX (GLD proxy)",nonreportable,2018-12-04,39504,30256,9248,-4981,399919,2.3
legacy_fut,088691,"Gold, COMEX (GLD proxy)",nonreportable,2018-12-11,45264,28395,16869,7621,402250,4.2
legacy_fut,088691,"Gold, COMEX (GLD proxy)",nonreportable,2018-12-18,44758,28043,16715,-154,412485,4.1
legacy_fut,088691,"Gold, COMEX (GLD proxy)",nonreportable,2018-12-24,43866,26632,17234,,442727,3.9
legacy_fut,088691,"Gold, COMEX (GLD proxy)",nonreportable,2018-12-31,46707,25865,20842,3608,451360,4.6
legacy_fut,088691,"Gold, COMEX (GLD proxy)",nonreportable,2019-01-08,48508,26537,21971,,455232,4.8
legacy_fut,088691,"Gold, COMEX (GLD proxy)",nonreportable,2019-01-15,49334,29134,20200,-1771,501605,4.0
legacy_fut,088691,"Gold, COMEX (GLD proxy)",nonreportable,2019-01-22,48740,31167,17573,-2627,513509,3.4
legacy_fut,088691,"Gold, COMEX (GLD proxy)",nonreportable,2019-01-29,49142,30126,19016,1443,483390,3.9
legacy_fut,088691,"Gold, COMEX (GLD proxy)",nonreportable,2019-02-05,50355,28208,22147,3131,479736,4.6
legacy_fut,088691,"Gold, COMEX (GLD proxy)",nonreportable,2019-02-12,48849,27612,21237,-910,476083,4.5
legacy_fut,088691,"Gold, COMEX (GLD proxy)",nonreportable,2019-02-19,50871,30041,20830,-407,504639,4.1
legacy_fut,088691,"Gold, COMEX (GLD proxy)",nonreportable,2019-02-26,52989,28840,24149,3319,501268,4.8
legacy_fut,088691,"Gold, COMEX (GLD proxy)",nonreportable,2019-03-05,53221,27242,25979,1830,471311,5.5
legacy_fut,088691,"Gold, COMEX (GLD proxy)",nonreportable,2019-03-12,57540,27885,29655,3676,530030,5.6
legacy_fut,088691,"Gold, COMEX (GLD proxy)",nonreportable,2019-03-19,54443,27180,27263,-2392,514163,5.3
legacy_fut,088691,"Gold, COMEX (GLD proxy)",nonreportable,2019-03-26,64270,32774,31496,4233,509575,6.2
legacy_fut,088691,"Gold, COMEX (GLD proxy)",nonreportable,2019-04-02,50046,26372,23674,-7822,440170,5.4
legacy_fut,088691,"Gold, COMEX (GLD proxy)",nonreportable,2019-04-09,54449,27004,27445,3771,447539,6.1
legacy_fut,088691,"Gold, COMEX (GLD proxy)",nonreportable,2019-04-16,53222,31065,22157,-5288,440581,5.0
legacy_fut,088691,"Gold, COMEX (GLD proxy)",nonreportable,2019-04-23,49655,29654,20001,-2156,440048,4.5
legacy_fut,088691,"Gold, COMEX (GLD proxy)",nonreportable,2019-04-30,49143,27050,22093,2092,430011,5.1
legacy_fut,088691,"Gold, COMEX (GLD proxy)",nonreportable,2019-05-07,49100,28152,20948,-1145,450039,4.7
legacy_fut,088691,"Gold, COMEX (GLD proxy)",nonreportable,2019-05-14,53431,40784,12647,-8301,517995,2.4
legacy_fut,088691,"Gold, COMEX (GLD proxy)",nonreportable,2019-05-21,53655,34522,19133,6486,508643,3.8
legacy_fut,088691,"Gold, COMEX (GLD proxy)",nonreportable,2019-05-28,57167,33901,23266,4133,505126,4.6
legacy_fut,088691,"Gold, COMEX (GLD proxy)",nonreportable,2019-06-04,51603,35142,16461,-6805,481495,3.4
legacy_fut,088691,"Gold, COMEX (GLD proxy)",nonreportable,2019-06-11,48995,31206,17789,1328,496663,3.6
legacy_fut,088691,"Gold, COMEX (GLD proxy)",nonreportable,2019-06-18,52355,32823,19532,1743,525636,3.7
legacy_fut,088691,"Gold, COMEX (GLD proxy)",nonreportable,2019-06-25,59428,35832,23596,4064,577605,4.1
legacy_fut,088691,"Gold, COMEX (GLD proxy)",nonreportable,2019-07-02,61332,33456,27876,4280,605949,4.6
legacy_fut,088691,"Gold, COMEX (GLD proxy)",nonreportable,2019-07-09,66388,32735,33653,5777,598977,5.6
legacy_fut,088691,"Gold, COMEX (GLD proxy)",nonreportable,2019-07-16,68146,36239,31907,-1746,601900,5.3
legacy_fut,088691,"Gold, COMEX (GLD proxy)",nonreportable,2019-07-23,72995,36406,36589,4682,616859,5.9
legacy_fut,088691,"Gold, COMEX (GLD proxy)",nonreportable,2019-07-30,64221,30642,33579,-3010,563298,6.0
legacy_fut,088691,"Gold, COMEX (GLD proxy)",nonreportable,2019-08-06,62844,31064,31780,-1799,600317,5.3
legacy_fut,088691,"Gold, COMEX (GLD proxy)",nonreportable,2019-08-13,63458,29821,33637,1857,593962,5.7
legacy_fut,088691,"Gold, COMEX (GLD proxy)",nonreportable,2019-08-20,63855,27598,36257,2620,594807,6.1
legacy_fut,088691,"Gold, COMEX (GLD proxy)",nonreportable,2019-08-27,70411,33443,36968,711,636183,5.8
legacy_fut,088691,"Gold, COMEX (GLD proxy)",nonreportable,2019-09-03,65648,28454,37194,226,634358,5.9
legacy_fut,088691,"Gold, COMEX (GLD proxy)",nonreportable,2019-09-10,63541,27655,35886,-1308,614753,5.8
legacy_fut,088691,"Gold, COMEX (GLD proxy)",nonreportable,2019-09-17,61089,25289,35800,-86,630990,5.7
legacy_fut,088691,"Gold, COMEX (GLD proxy)",nonreportable,2019-09-24,63477,30776,32701,-3099,658944,5.0
legacy_fut,088691,"Gold, COMEX (GLD proxy)",nonreportable,2019-10-01,60536,25841,34695,1994,604885,5.7
legacy_fut,088691,"Gold, COMEX (GLD proxy)",nonreportable,2019-10-08,61518,26139,35379,684,616957,5.7
legacy_fut,088691,"Gold, COMEX (GLD proxy)",nonreportable,2019-10-15,63063,27815,35248,-131,607387,5.8
legacy_fut,088691,"Gold, COMEX (GLD proxy)",nonreportable,2019-10-22,64093,27868,36225,977,625528,5.8
legacy_fut,088691,"Gold, COMEX (GLD proxy)",nonreportable,2019-10-29,65617,40916,24701,-11524,643442,3.8
legacy_fut,088691,"Gold, COMEX (GLD proxy)",nonreportable,2019-11-05,65378,28068,37310,12609,690181,5.4
legacy_fut,088691,"Gold, COMEX (GLD proxy)",nonreportable,2019-11-12,67721,33319,34402,-2908,708463,4.9
legacy_fut,088691,"Gold, COMEX (GLD proxy)",nonreportable,2019-11-19,65553,32317,33236,-1166,719211,4.6
legacy_fut,088691,"Gold, COMEX (GLD proxy)",nonreportable,2019-11-26,58912,25079,33833,597,669268,5.1
legacy_fut,088691,"Gold, COMEX (GLD proxy)",nonreportable,2019-12-03,56680,24598,32082,-1751,701016,4.6
legacy_fut,088691,"Gold, COMEX (GLD proxy)",nonreportable,2019-12-10,56051,24688,31363,-719,690003,4.5
legacy_fut,088691,"Gold, COMEX (GLD proxy)",nonreportable,2019-12-17,55897,23553,32344,981,716987,4.5
legacy_fut,088691,"Gold, COMEX (GLD proxy)",nonreportable,2019-12-24,59201,24457,34744,2400,748737,4.6
legacy_fut,088691,"Gold, COMEX (GLD proxy)",nonreportable,2019-12-31,61010,22444,38566,3822,786166,4.9
legacy_fut,088691,"Gold, COMEX (GLD proxy)",nonreportable,2020-01-07,60562,26772,33790,-4776,785857,4.3
legacy_fut,088691,"Gold, COMEX (GLD proxy)",nonreportable,2020-01-14,61597,31013,30584,-3206,796883,3.8
legacy_fut,088691,"Gold, COMEX (GLD proxy)",nonreportable,2020-01-21,65117,30909,34208,3624,793829,4.3
legacy_fut,088691,"Gold, COMEX (GLD proxy)",nonreportable,2020-01-28,60782,30060,30722,-3486,715539,4.3
legacy_fut,088691,"Gold, COMEX (GLD proxy)",nonreportable,2020-02-04,60665,28784,31881,1159,654572,4.9
legacy_fut,088691,"Gold, COMEX (GLD proxy)",nonreportable,2020-02-11,60597,30780,29817,-2064,658024,4.5
legacy_fut,088691,"Gold, COMEX (GLD proxy)",nonreportable,2020-02-18,64843,32880,31963,2146,715317,4.5
legacy_fut,088691,"Gold, COMEX (GLD proxy)",nonreportable,2020-02-25,76231,36475,39756,7793,732917,5.4
legacy_fut,088691,"Gold, COMEX (GLD proxy)",nonreportable,2020-03-03,62319,31041,31278,-8478,691985,4.5
legacy_fut,088691,"Gold, COMEX (GLD proxy)",nonreportable,2020-03-10,60168,31395,28773,-2505,633470,4.5
legacy_fut,088691,"Gold, COMEX (GLD proxy)",nonreportable,2020-03-17,51321,31528,19793,-8980,573925,3.4
legacy_fut,088691,"Gold, COMEX (GLD proxy)",nonreportable,2020-03-24,49816,26359,23457,3664,547334,4.3
legacy_fut,088691,"Gold, COMEX (GLD proxy)",nonreportable,2020-03-31,47696,22586,25110,1653,495652,5.1
legacy_fut,088691,"Gold, COMEX (GLD proxy)",nonreportable,2020-04-07,51464,24795,26669,1559,480050,5.6
legacy_fut,088691,"Gold, COMEX (GLD proxy)",nonreportable,2020-04-14,53171,25264,27907,1238,489965,5.7
legacy_fut,088691,"Gold, COMEX (GLD proxy)",nonreportable,2020-04-21,53158,22656,30502,2595,493158,6.2
legacy_fut,088691,"Gold, COMEX (GLD proxy)",nonreportable,2020-04-28,54084,23184,30900,398,500816,6.2
legacy_fut,088691,"Gold, COMEX (GLD proxy)",nonreportable,2020-05-05,54717,23085,31632,732,490343,6.5
legacy_fut,088691,"Gold, COMEX (GLD proxy)",nonreportable,2020-05-12,57787,22082,35705,4073,496739,7.2
legacy_fut,088691,"Gold, COMEX (GLD proxy)",nonreportable,2020-05-19,59851,21465,38386,2681,528205,7.3
legacy_fut,088691,"Gold, COMEX (GLD proxy)",nonreportable,2020-05-26,59298,22890,36408,-1978,519374,7.0
legacy_fut,088691,"Gold, COMEX (GLD proxy)",nonreportable,2020-06-02,57888,20299,37589,1181,475745,7.9
legacy_fut,088691,"Gold, COMEX (GLD proxy)",nonreportable,2020-06-09,54930,20086,34844,-2745,475661,7.3
legacy_fut,088691,"Gold, COMEX (GLD proxy)",nonreportable,2020-06-16,55159,21487,33672,-1172,489563,6.9
legacy_fut,088691,"Gold, COMEX (GLD proxy)",nonreportable,2020-06-23,61677,26342,35335,1663,532101,6.6
legacy_fut,088691,"Gold, COMEX (GLD proxy)",nonreportable,2020-06-30,62121,27328,34793,-542,561628,6.2
legacy_fut,088691,"Gold, COMEX (GLD proxy)",nonreportable,2020-07-07,63292,28058,35234,441,572776,6.2
legacy_fut,088691,"Gold, COMEX (GLD proxy)",nonreportable,2020-07-14,64465,24875,39590,4356,580175,6.8
legacy_fut,088691,"Gold, COMEX (GLD proxy)",nonreportable,2020-07-21,67224,29801,37423,-2167,603138,6.2
legacy_fut,088691,"Gold, COMEX (GLD proxy)",nonreportable,2020-07-28,65401,23825,41576,4153,598629,6.9
legacy_fut,088691,"Gold, COMEX (GLD proxy)",nonreportable,2020-08-04,67427,29828,37599,-3977,561837,6.7
legacy_fut,088691,"Gold, COMEX (GLD proxy)",nonreportable,2020-08-11,68072,23794,44278,6679,553345,8.0
legacy_fut,088691,"Gold, COMEX (GLD proxy)",nonreportable,2020-08-18,66953,22700,44253,-25,544010,8.1
legacy_fut,088691,"Gold, COMEX (GLD proxy)",nonreportable,2020-08-25,66385,20978,45407,1154,549282,8.3
legacy_fut,088691,"Gold, COMEX (GLD proxy)",nonreportable,2020-09-01,69351,22741,46610,1203,547704,8.5
legacy_fut,088691,"Gold, COMEX (GLD proxy)",nonreportable,2020-09-08,67285,22718,44567,-2043,557457,8.0
legacy_fut,088691,"Gold, COMEX (GLD proxy)",nonreportable,2020-09-15,68537,24328,44209,-358,578925,7.6
legacy_fut,088691,"Gold, COMEX (GLD proxy)",nonreportable,2020-09-22,69670,22322,47348,3139,575877,8.2
legacy_fut,088691,"Gold, COMEX (GLD proxy)",nonreportable,2020-09-29,64556,22037,42519,-4829,562396,7.6
legacy_fut,088691,"Gold, COMEX (GLD proxy)",nonreportable,2020-10-06,66522,26641,39881,-2638,555555,7.2
legacy_fut,088691,"Gold, COMEX (GLD proxy)",nonreportable,2020-10-13,67772,23788,43984,4103,553197,8.0
legacy_fut,088691,"Gold, COMEX (GLD proxy)",nonreportable,2020-10-20,65994,21474,44520,536,562993,7.9
legacy_fut,088691,"Gold, COMEX (GLD proxy)",nonreportable,2020-10-27,70778,22950,47828,3308,560900,8.5
legacy_fut,088691,"Gold, COMEX (GLD proxy)",nonreportable,2020-11-03,66826,20397,46429,-1399,544774,8.5
legacy_fut,088691,"Gold, COMEX (GLD proxy)",nonreportable,2020-11-10,64247,20560,43687,-2742,547449,8.0
legacy_fut,088691,"Gold, COMEX (GLD proxy)",nonreportable,2020-11-17,64301,20999,43302,-385,557533,7.8
legacy_fut,088691,"Gold, COMEX (GLD proxy)",nonreportable,2020-11-24,65390,24463,40927,-2375,555253,7.4
legacy_fut,088691,"Gold, COMEX (GLD proxy)",nonreportable,2020-12-01,55439,22490,32949,-7978,538042,6.1
legacy_fut,088691,"Gold, COMEX (GLD proxy)",nonreportable,2020-12-08,55752,24249,31503,-1446,549520,5.7
legacy_fut,088691,"Gold, COMEX (GLD proxy)",nonreportable,2020-12-15,57079,22321,34758,3255,550366,6.3
legacy_fut,088691,"Gold, COMEX (GLD proxy)",nonreportable,2020-12-21,58780,21877,36903,,560769,6.6
legacy_fut,088691,"Gold, COMEX (GLD proxy)",nonreportable,2020-12-29,58726,20344,38382,,556414,6.9
legacy_fut,088691,"Gold, COMEX (GLD proxy)",nonreportable,2021-01-05,61730,20125,41605,3223,568888,7.3
legacy_fut,088691,"Gold, COMEX (GLD proxy)",nonreportable,2021-01-12,62806,18732,44074,2469,555538,7.9
legacy_fut,088691,"Gold, COMEX (GLD proxy)",nonreportable,2021-01-19,60731,19902,40829,-3245,541330,7.5
legacy_fut,088691,"Gold, COMEX (GLD proxy)",nonreportable,2021-01-26,60968,19566,41402,573,534574,7.7
legacy_fut,088691,"Gold, COMEX (GLD proxy)",nonreportable,2021-02-02,59451,18620,40831,-571,520011,7.9
legacy_fut,088691,"Gold, COMEX (GLD proxy)",nonreportable,2021-02-09,58041,17253,40788,-43,506741,8.0
legacy_fut,088691,"Gold, COMEX (GLD proxy)",nonreportable,2021-02-16,59140,19031,40109,-679,503016,8.0
legacy_fut,088691,"Gold, COMEX (GLD proxy)",nonreportable,2021-02-23,55723,19727,35996,-4113,481125,7.5
legacy_fut,088691,"Gold, COMEX (GLD proxy)",nonreportable,2021-03-02,53410,20845,32565,-3431,467008,7.0
legacy_fut,088691,"Gold, COMEX (GLD proxy)",nonreportable,2021-03-09,54516,21799,32717,152,473871,6.9
legacy_fut,088691,"Gold, COMEX (GLD proxy)",nonreportable,2021-03-16,50576,21297,29279,-3438,476467,6.1
legacy_fut,088691,"Gold, COMEX (GLD proxy)",nonreportable,2021-03-23,50057,22321,27736,-1543,485457,5.7
legacy_fut,088691,"Gold, COMEX (GLD proxy)",nonreportable,2021-03-30,48980,22782,26198,-1538,467321,5.6
legacy_fut,088691,"Gold, COMEX (GLD proxy)",nonreportable,2021-04-06,46301,21011,25290,-908,463353,5.5
legacy_fut,088691,"Gold, COMEX (GLD proxy)",nonreportable,2021-04-13,48173,20259,27914,2624,460733,6.1
legacy_fut,088691,"Gold, COMEX (GLD proxy)",nonreportable,2021-04-20,50373,18678,31695,3781,471738,6.7
legacy_fut,088691,"Gold, COMEX (GLD proxy)",nonreportable,2021-04-27,54199,17641,36558,4863,473305,7.7
legacy_fut,088691,"Gold, COMEX (GLD proxy)",nonreportable,2021-05-04,51126,19944,31182,-5376,470341,6.6
legacy_fut,088691,"Gold, COMEX (GLD proxy)",nonreportable,2021-05-11,54400,19571,34829,3647,498693,7.0
legacy_fut,088691,"Gold, COMEX (GLD proxy)",nonreportable,2021-05-18,55146,21134,34012,-817,520410,6.5
legacy_fut,088691,"Gold, COMEX (GLD proxy)",nonreportable,2021-05-25,59511,23284,36227,2215,510164,7.1
legacy_fut,088691,"Gold, COMEX (GLD proxy)",nonreportable,2021-06-01,53306,18832,34474,-1753,489198,7.0
legacy_fut,088691,"Gold, COMEX (GLD proxy)",nonreportable,2021-06-08,53829,18410,35419,945,491858,7.2
legacy_fut,088691,"Gold, COMEX (GLD proxy)",nonreportable,2021-06-15,56320,17130,39190,3771,480127,8.2
legacy_fut,088691,"Gold, COMEX (GLD proxy)",nonreportable,2021-06-22,53152,16984,36168,-3022,453940,8.0
legacy_fut,088691,"Gold, COMEX (GLD proxy)",nonreportable,2021-06-29,51048,18154,32894,-3274,453360,7.3
legacy_fut,088691,"Gold, COMEX (GLD proxy)",nonreportable,2021-07-06,49928,18023,31905,-989,465811,6.8
legacy_fut,088691,"Gold, COMEX (GLD proxy)",nonreportable,2021-07-13,50079,19887,30192,-1713,495798,6.1
legacy_fut,088691,"Gold, COMEX (GLD proxy)",nonreportable,2021-07-20,49200,16624,32576,2384,490520,6.6
legacy_fut,088691,"Gold, COMEX (GLD proxy)",nonreportable,2021-07-27,48080,18654,29426,-3150,500187,5.9
legacy_fut,088691,"Gold, COMEX (GLD proxy)",nonreportable,2021-08-03,51591,16642,34949,5523,485663,7.2
legacy_fut,088691,"Gold, COMEX (GLD proxy)",nonreportable,2021-08-10,47485,20250,27235,-7714,477232,5.7
legacy_fut,088691,"Gold, COMEX (GLD proxy)",nonreportable,2021-08-17,44315,21857,22458,-4777,485485,4.6
legacy_fut,088691,"Gold, COMEX (GLD proxy)",nonreportable,2021-08-24,44517,20492,24025,1567,504735,4.8
legacy_fut,088691,"Gold, COMEX (GLD proxy)",nonreportable,2021-08-31,43514,19552,23962,-63,507113,4.7
legacy_fut,088691,"Gold, COMEX (GLD proxy)",nonreportable,2021-09-07,49214,19445,29769,5807,506772,5.9
legacy_fut,088691,"Gold, COMEX (GLD proxy)",nonreportable,2021-09-14,47097,20606,26491,-3278,506356,5.2
legacy_fut,088691,"Gold, COMEX (GLD proxy)",nonreportable,2021-09-21,45636,20639,24997,-1494,492765,5.1
legacy_fut,088691,"Gold, COMEX (GLD proxy)",nonreportable,2021-09-28,44821,23069,21752,-3245,490858,4.4
legacy_fut,088691,"Gold, COMEX (GLD proxy)",nonreportable,2021-10-05,44017,22897,21120,-632,483789,4.4
legacy_fut,088691,"Gold, COMEX (GLD proxy)",nonreportable,2021-10-12,43819,21744,22075,955,484382,4.6
legacy_fut,088691,"Gold, COMEX (GLD proxy)",nonreportable,2021-10-19,46194,20353,25841,3766,485974,5.3
legacy_fut,088691,"Gold, COMEX (GLD proxy)",nonreportable,2021-10-26,47707,22613,25094,-747,509794,4.9
legacy_fut,088691,"Gold, COMEX (GLD proxy)",nonreportable,2021-11-02,45936,21188,24748,-346,507616,4.9
legacy_fut,088691,"Gold, COMEX (GLD proxy)",nonreportable,2021-11-09,50094,24786,25308,560,571025,4.4
legacy_fut,088691,"Gold, COMEX (GLD proxy)",nonreportable,2021-11-16,52054,24295,27759,2451,612612,4.5
legacy_fut,088691,"Gold, COMEX (GLD proxy)",nonreportable,2021-11-23,55380,21957,33423,5664,559823,6.0
legacy_fut,088691,"Gold, COMEX (GLD proxy)",nonreportable,2021-11-30,51657,18914,32743,-680,531868,6.2
legacy_fut,088691,"Gold, COMEX (GLD proxy)",nonreportable,2021-12-07,47358,18920,28438,-4305,499307,5.7
legacy_fut,088691,"Gold, COMEX (GLD proxy)",nonreportable,2021-12-14,48697,19687,29010,572,503709,5.8
legacy_fut,088691,"Gold, COMEX (GLD proxy)",nonreportable,2021-12-21,49251,19033,30218,1208,500846,6.0
legacy_fut,088691,"Gold, COMEX (GLD proxy)",nonreportable,2021-12-28,51121,18613,32508,2290,508912,6.4
legacy_fut,088691,"Gold, COMEX (GLD proxy)",nonreportable,2022-01-04,45400,19297,26103,-6405,502717,5.2
legacy_fut,088691,"Gold, COMEX (GLD proxy)",nonreportable,2022-01-11,48323,22987,25336,-767,546516,4.6
legacy_fut,088691,"Gold, COMEX (GLD proxy)",nonreportable,2022-01-18,46978,20117,26861,1525,539204,5.0
legacy_fut,088691,"Gold, COMEX (GLD proxy)",nonreportable,2022-01-25,50669,21074,29595,2734,572078,5.2
legacy_fut,088691,"Gold, COMEX (GLD proxy)",nonreportable,2022-02-01,46819,17619,29200,-395,515331,5.7
legacy_fut,088691,"Gold, COMEX (GLD proxy)",nonreportable,2022-02-08,44869,20141,24728,-4472,512842,4.8
legacy_fut,088691,"Gold, COMEX (GLD proxy)",nonreportable,2022-02-15,46689,21427,25262,534,558645,4.5
legacy_fut,088691,"Gold, COMEX (GLD proxy)",nonreportable,2022-02-22,49090,22516,26574,1312,611488,4.3
legacy_fut,088691,"Gold, COMEX (GLD proxy)",nonreportable,2022-03-01,50266,22079,28187,1613,615600,4.6
legacy_fut,088691,"Gold, COMEX (GLD proxy)",nonreportable,2022-03-08,55964,23406,32558,4371,638502,5.1
legacy_fut,088691,"Gold, COMEX (GLD proxy)",nonreportable,2022-03-15,54330,18677,35653,3095,617605,5.8
legacy_fut,088691,"Gold, COMEX (GLD proxy)",nonreportable,2022-03-22,53441,19878,33563,-2090,605191,5.5
legacy_fut,088691,"Gold, COMEX (GLD proxy)",nonreportable,2022-03-29,49022,20681,28341,-5222,574521,4.9
legacy_fut,088691,"Gold, COMEX (GLD proxy)",nonreportable,2022-04-05,51778,18561,33217,4876,560666,5.9
legacy_fut,088691,"Gold, COMEX (GLD proxy)",nonreportable,2022-04-12,55264,21458,33806,589,577639,5.9
legacy_fut,088691,"Gold, COMEX (GLD proxy)",nonreportable,2022-04-19,55032,19264,35768,1962,575202,6.2
legacy_fut,088691,"Gold, COMEX (GLD proxy)",nonreportable,2022-04-26,50938,19668,31270,-4498,557785,5.6
legacy_fut,088691,"Gold, COMEX (GLD proxy)",nonreportable,2022-05-03,51270,18586,32684,1414,560441,5.8
legacy_fut,088691,"Gold, COMEX (GLD proxy)",nonreportable,2022-05-10,52098,17657,34441,1757,571447,6.0
legacy_fut,088691,"Gold, COMEX (GLD proxy)",nonreportable,2022-05-17,50588,19069,31519,-2922,555756,5.7
legacy_fut,088691,"Gold, COMEX (GLD proxy)",nonreportable,2022-05-24,47411,19277,28134,-3385,530098,5.3
legacy_fut,088691,"Gold, COMEX (GLD proxy)",nonreportable,2022-05-31,46639,19172,27467,-667,513722,5.3
legacy_fut,088691,"Gold, COMEX (GLD proxy)",nonreportable,2022-06-07,44090,19472,24618,-2849,494130,5.0
legacy_fut,088691,"Gold, COMEX (GLD proxy)",nonreportable,2022-06-14,45726,21755,23971,-647,497456,4.8
legacy_fut,088691,"Gold, COMEX (GLD proxy)",nonreportable,2022-06-21,44380,20738,23642,-329,500276,4.7
legacy_fut,088691,"Gold, COMEX (GLD proxy)",nonreportable,2022-06-28,44823,20509,24314,672,497005,4.9
legacy_fut,088691,"Gold, COMEX (GLD proxy)",nonreportable,2022-07-05,43933,24008,19925,-4389,498210,4.0
legacy_fut,088691,"Gold, COMEX (GLD proxy)",nonreportable,2022-07-12,52583,32916,19667,-258,542493,3.6
legacy_fut,088691,"Gold, COMEX (GLD proxy)",nonreportable,2022-07-19,43294,25987,17307,-2360,524786,3.3
legacy_fut,088691,"Gold, COMEX (GLD proxy)",nonreportable,2022-07-26,42821,27089,15732,-1575,487515,3.2
legacy_fut,088691,"Gold, COMEX (GLD proxy)",nonreportable,2022-08-02,37481,26242,11239,-4493,459649,2.4
legacy_fut,088691,"Gold, COMEX (GLD proxy)",nonreportable,2022-08-09,37927,26224,11703,464,453540,2.6
legacy_fut,088691,"Gold, COMEX (GLD proxy)",nonreportable,2022-08-16,37826,25281,12545,842,453960,2.8
legacy_fut,088691,"Gold, COMEX (GLD proxy)",nonreportable,2022-08-23,38292,26067,12225,-320,457762,2.7
legacy_fut,088691,"Gold, COMEX (GLD proxy)",nonreportable,2022-08-30,38918,26973,11945,-280,459165,2.6
legacy_fut,088691,"Gold, COMEX (GLD proxy)",nonreportable,2022-09-06,38798,28591,10207,-1738,465908,2.2
legacy_fut,088691,"Gold, COMEX (GLD proxy)",nonreportable,2022-09-13,40556,26962,13594,3387,463674,2.9
legacy_fut,088691,"Gold, COMEX (GLD proxy)",nonreportable,2022-09-20,40500,30794,9706,-3888,469395,2.1
legacy_fut,088691,"Gold, COMEX (GLD proxy)",nonreportable,2022-09-27,40325,30268,10057,351,457061,2.2
legacy_fut,088691,"Gold, COMEX (GLD proxy)",nonreportable,2022-10-04,36704,28541,8163,-1894,437065,1.9
legacy_fut,088691,"Gold, COMEX (GLD proxy)",nonreportable,2022-10-11,36988,27680,9308,1145,431395,2.2
legacy_fut,088691,"Gold, COMEX (GLD proxy)",nonreportable,2022-10-18,39286,26212,13074,3766,434701,3.0
legacy_fut,088691,"Gold, COMEX (GLD proxy)",nonreportable,2022-10-25,39637,27456,12181,-893,456072,2.7
legacy_fut,088691,"Gold, COMEX (GLD proxy)",nonreportable,2022-11-01,38559,28400,10159,-2022,467276,2.2
legacy_fut,088691,"Gold, COMEX (GLD proxy)",nonreportable,2022-11-08,38045,29239,8806,-1353,488471,1.8
legacy_fut,088691,"Gold, COMEX (GLD proxy)",nonreportable,2022-11-15,36973,28934,8039,-767,495171,1.6
legacy_fut,088691,"Gold, COMEX (GLD proxy)",nonreportable,2022-11-22,40296,26345,13951,5912,449542,3.1
legacy_fut,088691,"Gold, COMEX (GLD proxy)",nonreportable,2022-11-29,33946,24716,9230,-4721,433661,2.1
legacy_fut,088691,"Gold, COMEX (GLD proxy)",nonreportable,2022-12-06,37785,22831,14954,5724,422100,3.5
legacy_fut,088691,"Gold, COMEX (GLD proxy)",nonreportable,2022-12-13,37309,24429,12880,-2074,437040,2.9
legacy_fut,088691,"Gold, COMEX (GLD proxy)",nonreportable,2022-12-20,38696,25030,13666,786,436653,3.1
legacy_fut,088691,"Gold, COMEX (GLD proxy)",nonreportable,2022-12-27,39424,22528,16896,3230,440040,3.8
legacy_fut,088691,"Gold, COMEX (GLD proxy)",nonreportable,2023-01-03,42337,24029,18308,1412,449393,4.1
legacy_fut,088691,"Gold, COMEX (GLD proxy)",nonreportable,2023-01-10,46373,24430,21943,3635,481519,4.6
legacy_fut,088691,"Gold, COMEX (GLD proxy)",nonreportable,2023-01-17,48128,25455,22673,730,491818,4.6
legacy_fut,088691,"Gold, COMEX (GLD proxy)",nonreportable,2023-01-24,47880,24999,22881,208,499927,4.6
legacy_fut,088691,"Gold, COMEX (GLD proxy)",nonreportable,2023-01-31,43984,23745,20239,-2642,471642,4.3
legacy_fut,088691,"Gold, COMEX (GLD proxy)",nonreportable,2023-02-07,48076,23925,24151,3912,439755,5.5
legacy_fut,088691,"Gold, COMEX (GLD proxy)",nonreportable,2023-02-14,45444,21901,23543,-608,426116,5.5
legacy_fut,088691,"Gold, COMEX (GLD proxy)",nonreportable,2023-02-21,43956,21702,22254,-1289,422648,5.3
legacy_fut,088691,"Gold, COMEX (GLD proxy)",nonreportable,2023-02-28,41958,23064,18894,-3360,426890,4.4
legacy_fut,088691,"Gold, COMEX (GLD proxy)",nonreportable,2023-03-07,43640,23194,20446,1552,458474,4.5
legacy_fut,088691,"Gold, COMEX (GLD proxy)",nonreportable,2023-03-14,41795,26686,15109,-5337,459064,3.3
legacy_fut,088691,"Gold, COMEX (GLD proxy)",nonreportable,2023-03-21,47624,22661,24963,9854,469874,5.3
legacy_fut,088691,"Gold, COMEX (GLD proxy)",nonreportable,2023-03-28,47388,27510,19878,-5085,478611,4.2
legacy_fut,088691,"Gold, COMEX (GLD proxy)",nonreportable,2023-04-04,48740,25706,23034,3156,476592,4.8
legacy_fut,088691,"Gold, COMEX (GLD proxy)",nonreportable,2023-04-11,49102,25299,23803,769,476567,5.0
legacy_fut,088691,"Gold, COMEX (GLD proxy)",nonreportable,2023-04-18,50647,24115,26532,2729,482254,5.5
legacy_fut,088691,"Gold, COMEX (GLD proxy)",nonreportable,2023-04-25,51048,24384,26664,132,473209,5.6
legacy_fut,088691,"Gold, COMEX (GLD proxy)",nonreportable,2023-05-02,47502,25485,22017,-4647,493804,4.5
legacy_fut,088691,"Gold, COMEX (GLD proxy)",nonreportable,2023-05-09,52012,25311,26701,4684,518951,5.1
legacy_fut,088691,"Gold, COMEX (GLD proxy)",nonreportable,2023-05-16,54852,23109,31743,5042,521832,6.1
legacy_fut,088691,"Gold, COMEX (GLD proxy)",nonreportable,2023-05-23,49327,23036,26291,-5452,479080,5.5
legacy_fut,088691,"Gold, COMEX (GLD proxy)",nonreportable,2023-05-30,43611,22922,20689,-5602,449515,4.6
legacy_fut,088691,"Gold, COMEX (GLD proxy)",nonreportable,2023-06-06,47595,25049,22546,1857,436301,5.2
legacy_fut,088691,"Gold, COMEX (GLD proxy)",nonreportable,2023-06-13,48953,23100,25853,3307,432898,6.0
legacy_fut,088691,"Gold, COMEX (GLD proxy)",nonreportable,2023-06-20,47402,23840,23562,-2291,438037,5.4
legacy_fut,088691,"Gold, COMEX (GLD proxy)",nonreportable,2023-06-27,48042,24617,23425,-137,431861,5.4
legacy_fut,088691,"Gold, COMEX (GLD proxy)",nonreportable,2023-07-03,45490,23870,21620,,448063,4.8
legacy_fut,088691,"Gold, COMEX (GLD proxy)",nonreportable,2023-07-11,46618,24623,21995,,483170,4.6
legacy_fut,088691,"Gold, COMEX (GLD proxy)",nonreportable,2023-07-18,45784,25417,20367,-1628,482104,4.2
legacy_fut,088691,"Gold, COMEX (GLD proxy)",nonreportable,2023-07-25,47300,22729,24571,4204,476176,5.2
legacy_fut,088691,"Gold, COMEX (GLD proxy)",nonreportable,2023-08-01,43254,21333,21921,-2650,439383,5.0
legacy_fut,088691,"Gold, COMEX (GLD proxy)",nonreportable,2023-08-08,44996,20427,24569,2648,427759,5.7
legacy_fut,088691,"Gold, COMEX (GLD proxy)",nonreportable,2023-08-15,44337,23543,20794,-3775,433611,4.8
legacy_fut,088691,"Gold, COMEX (GLD proxy)",nonreportable,2023-08-22,45312,26222,19090,-1704,430239,4.4
legacy_fut,088691,"Gold, COMEX (GLD proxy)",nonreportable,2023-08-29,43767,26445,17322,-1768,442806,3.9
legacy_fut,088691,"Gold, COMEX (GLD proxy)",nonreportable,2023-09-05,45966,25733,20233,2911,438672,4.6
legacy_fut,088691,"Gold, COMEX (GLD proxy)",nonreportable,2023-09-12,46740,25794,20946,713,441221,4.7
legacy_fut,088691,"Gold, COMEX (GLD proxy)",nonreportable,2023-09-19,43921,26152,17769,-3177,438078,4.1
legacy_fut,088691,"Gold, COMEX (GLD proxy)",nonreportable,2023-09-26,45213,26192,19021,1252,435620,4.4
legacy_fut,088691,"Gold, COMEX (GLD proxy)",nonreportable,2023-10-03,45256,24500,20756,1735,431226,4.8
legacy_fut,088691,"Gold, COMEX (GLD proxy)",nonreportable,2023-10-10,44470,25475,18995,-1761,436499,4.4
legacy_fut,088691,"Gold, COMEX (GLD proxy)",nonreportable,2023-10-17,40863,25602,15261,-3734,439581,3.5
legacy_fut,088691,"Gold, COMEX (GLD proxy)",nonreportable,2023-10-24,42129,25641,16488,1227,463476,3.6
legacy_fut,088691,"Gold, COMEX (GLD proxy)",nonreportable,2023-10-31,44792,25510,19282,2794,475808,4.1
legacy_fut,088691,"Gold, COMEX (GLD proxy)",nonreportable,2023-11-07,45484,25609,19875,593,484347,4.1
legacy_fut,088691,"Gold, COMEX (GLD proxy)",nonreportable,2023-11-14,45409,23766,21643,1768,486634,4.4
legacy_fut,088691,"Gold, COMEX (GLD proxy)",nonreportable,2023-11-21,43959,25429,18530,-3113,508429,3.6
legacy_fut,088691,"Gold, COMEX (GLD proxy)",nonreportable,2023-11-28,45650,27142,18508,-22,505658,3.7
legacy_fut,088691,"Gold, COMEX (GLD proxy)",nonreportable,2023-12-05,47483,24082,23401,4893,487469,4.8
legacy_fut,088691,"Gold, COMEX (GLD proxy)",nonreportable,2023-12-12,46457,21882,24575,1174,469939,5.2
legacy_fut,088691,"Gold, COMEX (GLD proxy)",nonreportable,2023-12-19,48019,22300,25719,1144,481203,5.3
legacy_fut,088691,"Gold, COMEX (GLD proxy)",nonreportable,2023-12-26,48036,23409,24627,-1092,491343,5.0
legacy_fut,088691,"Gold, COMEX (GLD proxy)",nonreportable,2024-01-02,49200,21371,27829,3202,500364,5.6
legacy_fut,088691,"Gold, COMEX (GLD proxy)",nonreportable,2024-01-09,50574,21487,29087,1258,489849,5.9
legacy_fut,088691,"Gold, COMEX (GLD proxy)",nonreportable,2024-01-16,49640,22113,27527,-1560,489334,5.6
legacy_fut,088691,"Gold, COMEX (GLD proxy)",nonreportable,2024-01-23,45644,23025,22619,-4908,465872,4.9
legacy_fut,088691,"Gold, COMEX (GLD proxy)",nonreportable,2024-01-30,45364,22637,22727,108,430328,5.3
legacy_fut,088691,"Gold, COMEX (GLD proxy)",nonreportable,2024-02-06,41863,23360,18503,-4224,419121,4.4
legacy_fut,088691,"Gold, COMEX (GLD proxy)",nonreportable,2024-02-13,44228,22416,21812,3309,420812,5.2
legacy_fut,088691,"Gold, COMEX (GLD proxy)",nonreportable,2024-02-20,41846,22697,19149,-2663,407063,4.7
legacy_fut,088691,"Gold, COMEX (GLD proxy)",nonreportable,2024-02-27,38943,22227,16716,-2433,411195,4.1
legacy_fut,088691,"Gold, COMEX (GLD proxy)",nonreportable,2024-03-05,44782,29283,15499,-1217,471616,3.3
legacy_fut,088691,"Gold, COMEX (GLD proxy)",nonreportable,2024-03-12,47992,31321,16671,1172,516057,3.2
legacy_fut,088691,"Gold, COMEX (GLD proxy)",nonreportable,2024-03-19,49131,33203,15928,-743,535047,3.0
legacy_fut,088691,"Gold, COMEX (GLD proxy)",nonreportable,2024-03-26,48004,28958,19046,3118,503642,3.8
legacy_fut,088691,"Gold, COMEX (GLD proxy)",nonreportable,2024-04-02,48931,30467,18464,-582,500045,3.7
legacy_fut,088691,"Gold, COMEX (GLD proxy)",nonreportable,2024-04-09,51559,29396,22163,3699,505214,4.4
legacy_fut,088691,"Gold, COMEX (GLD proxy)",nonreportable,2024-04-16,50245,29410,20835,-1328,517193,4.0
legacy_fut,088691,"Gold, COMEX (GLD proxy)",nonreportable,2024-04-23,48914,24933,23981,3146,516249,4.6
legacy_fut,088691,"Gold, COMEX (GLD proxy)",nonreportable,2024-04-30,50274,26986,23288,-693,519791,4.5
legacy_fut,088691,"Gold, COMEX (GLD proxy)",nonreportable,2024-05-07,54701,27002,27699,4411,529835,5.2
legacy_fut,088691,"Gold, COMEX (GLD proxy)",nonreportable,2024-05-14,52633,25019,27614,-85,522952,5.3
legacy_fut,088691,"Gold, COMEX (GLD proxy)",nonreportable,2024-05-21,55264,26407,28857,1243,530591,5.4
legacy_fut,088691,"Gold, COMEX (GLD proxy)",nonreportable,2024-05-28,51528,27163,24365,-4492,485430,5.0
legacy_fut,088691,"Gold, COMEX (GLD proxy)",nonreportable,2024-06-04,49807,21178,28629,4264,447488,6.4
legacy_fut,088691,"Gold, COMEX (GLD proxy)",nonreportable,2024-06-11,50311,23726,26585,-2044,436857,6.1
legacy_fut,088691,"Gold, COMEX (GLD proxy)",nonreportable,2024-06-18,47659,23013,24646,-1939,444345,5.5
legacy_fut,088691,"Gold, COMEX (GLD proxy)",nonreportable,2024-06-25,48436,23177,25259,613,452190,5.6
legacy_fut,088691,"Gold, COMEX (GLD proxy)",nonreportable,2024-07-02,47694,24438,23256,-2003,454730,5.1
legacy_fut,088691,"Gold, COMEX (GLD proxy)",nonreportable,2024-07-09,50623,24769,25854,2598,516324,5.0
legacy_fut,088691,"Gold, COMEX (GLD proxy)",nonreportable,2024-07-16,53814,29534,24280,-1574,579862,4.2
legacy_fut,088691,"Gold, COMEX (GLD proxy)",nonreportable,2024-07-23,53705,25854,27851,3571,572306,4.9
legacy_fut,088691,"Gold, COMEX (GLD proxy)",nonreportable,2024-07-30,49931,23675,26256,-1595,510914,5.1
legacy_fut,088691,"Gold, COMEX (GLD proxy)",nonreportable,2024-08-06,51205,20920,30285,4029,480645,6.3
legacy_fut,088691,"Gold, COMEX (GLD proxy)",nonreportable,2024-08-13,50388,25150,25238,-5047,505872,5.0
legacy_fut,088691,"Gold, COMEX (GLD proxy)",nonreportable,2024-08-20,52918,27665,25253,15,532867,4.7
legacy_fut,088691,"Gold, COMEX (GLD proxy)",nonreportable,2024-08-27,54689,26815,27874,2621,521759,5.3
legacy_fut,088691,"Gold, COMEX (GLD proxy)",nonreportable,2024-09-03,51198,26869,24329,-3545,511136,4.8
legacy_fut,088691,"Gold, COMEX (GLD proxy)",nonreportable,2024-09-10,50937,26539,24398,69,511501,4.8
legacy_fut,088691,"Gold, COMEX (GLD proxy)",nonreportable,2024-09-17,52976,27915,25061,663,537627,4.7
legacy_fut,088691,"Gold, COMEX (GLD proxy)",nonreportable,2024-09-24,53444,29128,24316,-745,564640,4.3
legacy_fut,088691,"Gold, COMEX (GLD proxy)",nonreportable,2024-10-01,53191,25598,27593,3277,533107,5.2
legacy_fut,088691,"Gold, COMEX (GLD proxy)",nonreportable,2024-10-08,51440,25644,25796,-1797,520316,5.0
legacy_fut,088691,"Gold, COMEX (GLD proxy)",nonreportable,2024-10-15,50490,24266,26224,428,541232,4.8
legacy_fut,088691,"Gold, COMEX (GLD proxy)",nonreportable,2024-10-22,54214,25717,28497,2273,573760,5.0
legacy_fut,088691,"Gold, COMEX (GLD proxy)",nonreportable,2024-10-29,53432,28414,25018,-3479,579468,4.3
legacy_fut,088691,"Gold, COMEX (GLD proxy)",nonreportable,2024-11-05,52637,24907,27730,2712,558034,5.0
legacy_fut,088691,"Gold, COMEX (GLD proxy)",nonreportable,2024-11-12,56838,27707,29131,1401,535981,5.4
legacy_fut,088691,"Gold, COMEX (GLD proxy)",nonreportable,2024-11-19,52421,24466,27955,-1176,502952,5.6
legacy_fut,088691,"Gold, COMEX (GLD proxy)",nonreportable,2024-11-26,46574,24392,22182,-5773,472660,4.7
legacy_fut,088691,"Gold, COMEX (GLD proxy)",nonreportable,2024-12-03,48337,21798,26539,4357,462040,5.7
legacy_fut,088691,"Gold, COMEX (GLD proxy)",nonreportable,2024-12-10,46448,25163,21285,-5254,483346,4.4
legacy_fut,088691,"Gold, COMEX (GLD proxy)",nonreportable,2024-12-17,48388,25196,23192,1907,466571,5.0
legacy_fut,088691,"Gold, COMEX (GLD proxy)",nonreportable,2024-12-24,47813,22106,25707,2515,454646,5.7
legacy_fut,088691,"Gold, COMEX (GLD proxy)",nonreportable,2024-12-31,47357,23340,24017,-1690,458584,5.2
legacy_fut,088691,"Gold, COMEX (GLD proxy)",nonreportable,2025-01-07,47574,23839,23735,-282,477043,5.0
legacy_fut,088691,"Gold, COMEX (GLD proxy)",nonreportable,2025-01-14,48250,25161,23089,-646,526467,4.4
legacy_fut,088691,"Gold, COMEX (GLD proxy)",nonreportable,2025-01-21,50638,24814,25824,2735,571387,4.5
legacy_fut,088691,"Gold, COMEX (GLD proxy)",nonreportable,2025-01-28,49224,24911,24313,-1511,577505,4.2
legacy_fut,088691,"Gold, COMEX (GLD proxy)",nonreportable,2025-02-04,49522,23855,25667,1354,542004,4.7
legacy_fut,088691,"Gold, COMEX (GLD proxy)",nonreportable,2025-02-11,49509,24125,25384,-283,528719,4.8
legacy_fut,088691,"Gold, COMEX (GLD proxy)",nonreportable,2025-02-18,50882,23485,27397,2013,522330,5.2
legacy_fut,088691,"Gold, COMEX (GLD proxy)",nonreportable,2025-02-25,48803,22328,26475,-922,512179,5.2
legacy_fut,088691,"Gold, COMEX (GLD proxy)",nonreportable,2025-03-04,49602,21748,27854,1379,489270,5.7
legacy_fut,088691,"Gold, COMEX (GLD proxy)",nonreportable,2025-03-11,53747,24659,29088,1234,511276,5.7
legacy_fut,088691,"Gold, COMEX (GLD proxy)",nonreportable,2025-03-18,52841,25605,27236,-1852,533566,5.1
legacy_fut,088691,"Gold, COMEX (GLD proxy)",nonreportable,2025-03-25,52852,24050,28802,1566,511482,5.6
legacy_fut,088691,"Gold, COMEX (GLD proxy)",nonreportable,2025-04-01,50688,24061,26627,-2175,498746,5.3
legacy_fut,088691,"Gold, COMEX (GLD proxy)",nonreportable,2025-04-08,50486,19018,31468,4841,445468,7.1
legacy_fut,088691,"Gold, COMEX (GLD proxy)",nonreportable,2025-04-15,51349,21647,29702,-1766,456628,6.5
legacy_fut,088691,"Gold, COMEX (GLD proxy)",nonreportable,2025-04-22,50904,24014,26890,-2812,465351,5.8
legacy_fut,088691,"Gold, COMEX (GLD proxy)",nonreportable,2025-04-29,50675,23232,27443,553,451868,6.1
legacy_fut,088691,"Gold, COMEX (GLD proxy)",nonreportable,2025-05-06,52632,23026,29606,2163,452414,6.5
legacy_fut,088691,"Gold, COMEX (GLD proxy)",nonreportable,2025-05-13,51570,21572,29998,392,440842,6.8
legacy_fut,088691,"Gold, COMEX (GLD proxy)",nonreportable,2025-05-20,54053,20386,33667,3669,448000,7.5
legacy_fut,088691,"Gold, COMEX (GLD proxy)",nonreportable,2025-05-27,56541,23138,33403,-264,437538,7.6
legacy_fut,088691,"Gold, COMEX (GLD proxy)",nonreportable,2025-06-03,51996,19075,32921,-482,415941,7.9
legacy_fut,088691,"Gold, COMEX (GLD proxy)",nonreportable,2025-06-10,54008,18771,35237,2316,417143,8.4
legacy_fut,088691,"Gold, COMEX (GLD proxy)",nonreportable,2025-06-17,55840,18761,37079,1842,441214,8.4
legacy_fut,088691,"Gold, COMEX (GLD proxy)",nonreportable,2025-06-24,55009,19453,35556,-1523,434958,8.2
legacy_fut,088691,"Gold, COMEX (GLD proxy)",nonreportable,2025-07-01,53324,19235,34089,-1467,437662,7.8
legacy_fut,088691,"Gold, COMEX (GLD proxy)",nonreportable,2025-07-08,56291,20905,35386,1297,443144,8.0
legacy_fut,088691,"Gold, COMEX (GLD proxy)",nonreportable,2025-07-15,56976,19403,37573,2187,448531,8.4
legacy_fut,088691,"Gold, COMEX (GLD proxy)",nonreportable,2025-07-22,54052,24753,29299,-8274,489423,6.0
legacy_fut,088691,"Gold, COMEX (GLD proxy)",nonreportable,2025-07-29,53216,17733,35483,6184,445259,8.0
legacy_fut,088691,"Gold, COMEX (GLD proxy)",nonreportable,2025-08-05,52597,19501,33096,-2387,449647,7.4
legacy_fut,088691,"Gold, COMEX (GLD proxy)",nonreportable,2025-08-12,53656,20076,33580,484,446152,7.5
legacy_fut,088691,"Gold, COMEX (GLD proxy)",nonreportable,2025-08-19,56098,18723,37375,3795,438541,8.5
legacy_fut,088691,"Gold, COMEX (GLD proxy)",nonreportable,2025-08-26,56712,20058,36654,-721,443760,8.3
legacy_fut,088691,"Gold, COMEX (GLD proxy)",nonreportable,2025-09-02,56635,32267,24368,-12286,492908,4.9
legacy_fut,088691,"Gold, COMEX (GLD proxy)",nonreportable,2025-09-09,58990,47355,11635,-12733,509625,2.3
legacy_fut,088691,"Gold, COMEX (GLD proxy)",nonreportable,2025-09-16,60872,24911,35961,24326,516221,7.0
legacy_fut,088691,"Gold, COMEX (GLD proxy)",nonreportable,2025-09-23,57683,26029,31654,-4307,528789,6.0
legacy_fut,088691,"Gold, COMEX (GLD proxy)",nonreportable,2025-09-30,57524,22196,35328,3674,493748,7.2
legacy_fut,088691,"Gold, COMEX (GLD proxy)",nonreportable,2025-10-07,56574,24758,31816,-3512,485559,6.6
legacy_fut,088691,"Gold, COMEX (GLD proxy)",nonreportable,2025-10-14,59259,26308,32951,1135,485788,6.8
legacy_fut,088691,"Gold, COMEX (GLD proxy)",nonreportable,2025-10-21,55921,22413,33508,557,472421,7.1
legacy_fut,088691,"Gold, COMEX (GLD proxy)",nonreportable,2025-10-28,52742,20379,32363,-1145,457122,7.1
legacy_fut,088691,"Gold, COMEX (GLD proxy)",nonreportable,2025-11-04,53661,19426,34235,1872,450399,7.6
legacy_fut,088691,"Gold, COMEX (GLD proxy)",nonreportable,2025-11-10,56742,18988,37754,,459997,8.2
legacy_fut,088691,"Gold, COMEX (GLD proxy)",nonreportable,2025-11-18,54239,18993,35246,,471953,7.5
legacy_fut,088691,"Gold, COMEX (GLD proxy)",nonreportable,2025-11-25,53773,16958,36815,1569,432946,8.5
legacy_fut,088691,"Gold, COMEX (GLD proxy)",nonreportable,2025-12-02,55812,18024,37788,973,418490,9.0
legacy_fut,088691,"Gold, COMEX (GLD proxy)",nonreportable,2025-12-09,55485,16792,38693,905,432569,8.9
legacy_fut,088691,"Gold, COMEX (GLD proxy)",nonreportable,2025-12-16,58795,18415,40380,1687,471093,8.6
legacy_fut,088691,"Gold, COMEX (GLD proxy)",nonreportable,2025-12-23,62268,19442,42826,2446,492103,8.7
legacy_fut,088691,"Gold, COMEX (GLD proxy)",nonreportable,2025-12-30,60217,16144,44073,1247,481866,9.1
legacy_fut,088691,"Gold, COMEX (GLD proxy)",nonreportable,2026-01-06,60118,15715,44403,330,488116,9.1
legacy_fut,088691,"Gold, COMEX (GLD proxy)",nonreportable,2026-01-13,66220,20352,45868,1465,527455,8.7
legacy_fut,088691,"Gold, COMEX (GLD proxy)",nonreportable,2026-01-20,62136,17217,44919,-949,528004,8.5
legacy_fut,088691,"Gold, COMEX (GLD proxy)",nonreportable,2026-01-27,62677,19788,42889,-2030,488463,8.8
legacy_fut,088691,"Gold, COMEX (GLD proxy)",nonreportable,2026-02-03,56610,14436,42174,-715,409694,10.3
legacy_fut,088691,"Gold, COMEX (GLD proxy)",nonreportable,2026-02-10,52916,15190,37726,-4448,404391,9.3
legacy_fut,088691,"Gold, COMEX (GLD proxy)",nonreportable,2026-02-17,51821,14954,36867,-859,407078,9.1
legacy_fut,088691,"Gold, COMEX (GLD proxy)",nonreportable,2026-02-24,67772,26143,41629,4762,420182,9.9
legacy_fut,088691,"Gold, COMEX (GLD proxy)",nonreportable,2026-03-03,55126,14688,40438,-1191,409789,9.9
legacy_fut,088691,"Gold, COMEX (GLD proxy)",nonreportable,2026-03-10,53424,13580,39844,-594,413956,9.6
legacy_fut,088691,"Gold, COMEX (GLD proxy)",nonreportable,2026-03-17,52913,14134,38779,-1065,411388,9.4
legacy_fut,088691,"Gold, COMEX (GLD proxy)",nonreportable,2026-03-24,49273,13772,35501,-3278,403925,8.8
legacy_fut,088691,"Gold, COMEX (GLD proxy)",nonreportable,2026-03-31,50617,12179,38438,2937,361409,10.6
legacy_fut,088691,"Gold, COMEX (GLD proxy)",nonreportable,2026-04-07,49117,11671,37446,-992,354877,10.6
legacy_fut,088691,"Gold, COMEX (GLD proxy)",nonreportable,2026-04-14,51568,13012,38556,1110,362274,10.6
legacy_fut,088691,"Gold, COMEX (GLD proxy)",nonreportable,2026-04-21,52223,13289,38934,378,365842,10.6
legacy_fut,088691,"Gold, COMEX (GLD proxy)",nonreportable,2026-04-28,49280,14038,35242,-3692,369530,9.5
legacy_fut,088691,"Gold, COMEX (GLD proxy)",nonreportable,2026-05-05,49252,13620,35632,390,367932,9.7
legacy_fut,088691,"Gold, COMEX (GLD proxy)",nonreportable,2026-05-12,49951,11315,38636,3004,376496,10.3
legacy_fut,088691,"Gold, COMEX (GLD proxy)",nonreportable,2026-05-19,47082,15286,31796,-6840,379325,8.4
legacy_fut,088691,"Gold, COMEX (GLD proxy)",nonreportable,2026-05-26,47149,15643,31506,-290,353489,8.9
legacy_fut,088691,"Gold, COMEX (GLD proxy)",nonreportable,2026-06-02,43656,13331,30325,-1181,326052,9.3
legacy_fut,088691,"Gold, COMEX (GLD proxy)",nonreportable,2026-06-09,42891,15692,27199,-3126,332709,8.2
legacy_fut,088691,"Gold, COMEX (GLD proxy)",nonreportable,2026-06-16,43966,16623,27343,144,339330,8.1
legacy_fut,088691,"Gold, COMEX (GLD proxy)",nonreportable,2026-06-23,39265,15200,24065,-3278,352167,6.8
legacy_fut,088691,"Gold, COMEX (GLD proxy)",nonreportable,2026-06-30,49035,21984,27051,2986,369541,7.3
legacy_fut,088691,"Gold, COMEX (GLD proxy)",nonreportable,2026-07-07,45636,17600,28036,985,371776,7.5
legacy_fut,088691,"Gold, COMEX (GLD proxy)",nonreportable,2026-07-14,44419,16313,28106,70,383689,7.3
legacy_fut,088691,"Gold, COMEX (GLD proxy)",nonreportable,2026-07-21,46143,16854,29289,1183,383368,7.6
legacy_fut,088691,"Gold, COMEX (GLD proxy)",nonreportable,2026-07-28,61384,31145,30239,950,384603,7.9
legacy_fut,088691,"Gold, COMEX (GLD proxy)",nonreportable,2026-08-04,44531,15674,28857,-1382,371551,7.8
legacy_fut,088691,"Gold, COMEX (GLD proxy)",nonreportable,2026-08-11,51051,16351,34700,5843,400309,8.7
legacy_fut,088691,"Gold, COMEX (GLD proxy)",nonreportable,2026-08-18,51347,15118,36229,1529,406260,8.9
legacy_fut,088691,"Gold, COMEX (GLD proxy)",nonreportable,2026-08-25,54725,18474,36251,22,427957,8.5
legacy_fut,088691,"Gold, COMEX (GLD proxy)",nonreportable,2026-09-01,52030,15436,36594,343,415196,8.8
legacy_fut,088691,"Gold, COMEX (GLD proxy)",nonreportable,2026-09-08,52554,14240,38314,1720,411227,9.3
legacy_fut,088691,"Gold, COMEX (GLD proxy)",nonreportable,2026-09-15,47460,16077,31383,-6931,409899,7.7
