period,period_type,item,value_usd_k,value_usd_k_year_ago,yoy_pct
2026-08,D10,exp:TOTAL (tradedata),21286000,,45.30
2026-08,D10,imp:TOTAL (tradedata),19488000,,23.10
2026-08,D20,exp:TOTAL (tradedata),55207000,,56
2026-08,D20,imp:TOTAL (tradedata),41231000,,19
2026-08,FULL,exp:TOTAL (tradedata),98255000,,68.70
2026-08,FULL,imp:TOTAL (tradedata),63507000,,22.50
2026-09,D10,exp:TOTAL (tradedata),34973000,,82.60
2026-09,D10,imp:TOTAL (tradedata),24606000,,20.70
2020-09,D10,exp:TOTAL,14918733,,
2020-09,D10,exp:가전제품,248594,,
2020-09,D10,exp:대만,473209,,
2020-09,D10,exp:말레이시아,234797,,
2020-09,D10,exp:무선통신기기,693382,,
2020-09,D10,exp:미국,1961896,,
2020-09,D10,exp:반도체,3296578,,
2020-09,D10,exp:베트남,1621461,,
2020-09,D10,exp:석유제품,650457,,
2020-09,D10,exp:선박,327532,,
2020-09,D10,exp:승용차,886057,,
2020-09,D10,exp:싱가포르,209101,,
2020-09,D10,exp:유럽연합,1425068,,
2020-09,D10,exp:인도,366326,,
2020-09,D10,exp:일본,673008,,
2020-09,D10,exp:자동차부품,628851,,
2020-09,D10,exp:정밀기기,415056,,
2020-09,D10,exp:중국,4198360,,
2020-09,D10,exp:철강제품,1040348,,
2020-09,D10,exp:컴퓨터주변기기,379490,,
2020-09,D10,exp:홍콩,885555,,
2020-09,D10,imp:TOTAL,13052867,,
2020-09,D10,imp:가스,331113,,
2020-09,D10,imp:기계류,747138,,
2020-09,D10,imp:대만,616701,,
2020-09,D10,imp:러시아 연방,242784,,
2020-09,D10,imp:말레이시아,239504,,
2020-09,D10,imp:무선통신기기,339938,,
2020-09,D10,imp:미국,1464907,,
2020-09,D10,imp:반도체,1739979,,
2020-09,D10,imp:반도체제조용장비,200001,,
2020-09,D10,imp:베트남,658384,,
2020-09,D10,imp:사우디아라비아,494275,,
2020-09,D10,imp:석유제품,227291,,
2020-09,D10,imp:석탄,267852,,
2020-09,D10,imp:승용차,289455,,
2020-09,D10,imp:원유,1423577,,
2020-09,D10,imp:유럽연합,1615256,,
2020-09,D10,imp:일본,1269891,,
2020-09,D10,imp:정밀기기,459211,,
2020-09,D10,imp:중국,3013060,,
2020-09,D10,imp:호주,630972,,
2020-09,D20,exp:TOTAL,29359555,,
2020-09,D20,exp:가전제품,469183,,
2020-09,D20,exp:대만,871136,,
2020-09,D20,exp:말레이시아,462577,,
2020-09,D20,exp:무선통신기기,1373463,,
2020-09,D20,exp:미국,4065470,,
2020-09,D20,exp:반도체,6188315,,
2020-09,D20,exp:베트남,3054659,,
2020-09,D20,exp:석유제품,1255882,,
2020-09,D20,exp:선박,1107522,,
2020-09,D20,exp:승용차,2170229,,
2020-09,D20,exp:싱가포르,455992,,
2020-09,D20,exp:유럽연합,2974335,,
2020-09,D20,exp:인도,973042,,
2020-09,D20,exp:일본,1249365,,
2020-09,D20,exp:자동차부품,1126856,,
2020-09,D20,exp:정밀기기,748387,,
2020-09,D20,exp:중국,8022741,,
2020-09,D20,exp:철강제품,2073081,,
2020-09,D20,exp:컴퓨터주변기기,723670,,
2020-09,D20,exp:홍콩,1753586,,
2020-09,D20,imp:TOTAL,25181144,,
2020-09,D20,imp:가스,701006,,
2020-09,D20,imp:기계류,1382751,,
2020-09,D20,imp:대만,1095207,,
2020-09,D20,imp:러시아 연방,400561,,
2020-09,D20,imp:말레이시아,501443,,
2020-09,D20,imp:무선통신기기,601193,,
2020-09,D20,imp:미국,3167893,,
2020-09,D20,imp:반도체,3163626,,
2020-09,D20,imp:반도체제조용장비,433099,,
2020-09,D20,imp:베트남,1277650,,
2020-09,D20,imp:사우디아라비아,830360,,
2020-09,D20,imp:석유제품,592537,,
2020-09,D20,imp:석탄,514051,,
2020-09,D20,imp:승용차,717849,,
2020-09,D20,imp:원유,2478595,,
2020-09,D20,imp:유럽연합,3028499,,
2020-09,D20,imp:일본,2459214,,
2020-09,D20,imp:정밀기기,792395,,
2020-09,D20,imp:중국,5694387,,
2020-09,D20,imp:호주,1041866,,
2020-09,FULL,exp:TOTAL,47819948,,
2020-09,FULL,exp:가전제품,734566,,
2020-09,FULL,exp:대만,1524871,,
2020-09,FULL,exp:말레이시아,739204,,
2020-09,FULL,exp:무선통신기기,2201594,,
2020-09,FULL,exp:미국,6997554,,
2020-09,FULL,exp:반도체,9753555,,
2020-09,FULL,exp:베트남,4796012,,
2020-09,FULL,exp:석유제품,1985270,,
2020-09,FULL,exp:선박,1695185,,
2020-09,FULL,exp:승용차,3598873,,
2020-09,FULL,exp:싱가포르,759781,,
2020-09,FULL,exp:유럽연합,5044444,,
2020-09,FULL,exp:인도,1471347,,
2020-09,FULL,exp:일본,2156621,,
2020-09,FULL,exp:자동차부품,1888020,,
2020-09,FULL,exp:정밀기기,1182505,,
2020-09,FULL,exp:중국,12185274,,
2020-09,FULL,exp:철강제품,3593309,,
2020-09,FULL,exp:컴퓨터주변기기,1175076,,
2020-09,FULL,exp:홍콩,3005224,,
2020-09,FULL,imp:TOTAL,39400190,,
2020-09,FULL,imp:가스,1030864,,
2020-09,FULL,imp:기계류,2112686,,
2020-09,FULL,imp:대만,1610958,,
2020-09,FULL,imp:러시아 연방,749834,,
2020-09,FULL,imp:말레이시아,739780,,
2020-09,FULL,imp:무선통신기기,956150,,
2020-09,FULL,imp:미국,4654363,,
2020-09,FULL,imp:반도체,4612208,,
2020-09,FULL,imp:반도체제조용장비,1008470,,
2020-09,FULL,imp:베트남,1970095,,
2020-09,FULL,imp:사우디아라비아,1163346,,
2020-09,FULL,imp:석유제품,1110574,,
2020-09,FULL,imp:석탄,806629,,
2020-09,FULL,imp:승용차,1079115,,
2020-09,FULL,imp:원유,3585930,,
2020-09,FULL,imp:유럽연합,4954226,,
2020-09,FULL,imp:일본,3872130,,
2020-09,FULL,imp:정밀기기,1266035,,
2020-09,FULL,imp:중국,9166601,,
2020-09,FULL,imp:호주,1705440,,
2020-10,D10,exp:TOTAL,9277053,,
2020-10,D10,exp:가전제품,129280,,
2020-10,D10,exp:대만,342630,,
2020-10,D10,exp:말레이시아,158697,,
2020-10,D10,exp:무선통신기기,664580,,
2020-10,D10,exp:미국,1175204,,
2020-10,D10,exp:반도체,2298206,,
2020-10,D10,exp:베트남,1186003,,
2020-10,D10,exp:석유제품,409470,,
2020-10,D10,exp:선박,42954,,
2020-10,D10,exp:승용차,592113,,
2020-10,D10,exp:싱가포르,116985,,
2020-10,D10,exp:유럽연합,877115,,
2020-10,D10,exp:인도,224572,,
2020-10,D10,exp:일본,437045,,
2020-10,D10,exp:자동차부품,339340,,
2020-10,D10,exp:정밀기기,222405,,
2020-10,D10,exp:중국,2795942,,
2020-10,D10,exp:철강제품,647812,,
2020-10,D10,exp:컴퓨터주변기기,180714,,
2020-10,D10,exp:홍콩,416738,,
2020-10,D10,imp:TOTAL,11112621,,
2020-10,D10,imp:가스,453811,,
2020-10,D10,imp:기계류,662114,,
2020-10,D10,imp:대만,532065,,
2020-10,D10,imp:러시아 연방,191956,,
2020-10,D10,imp:말레이시아,222265,,
2020-10,D10,imp:무선통신기기,268171,,
2020-10,D10,imp:미국,1393851,,
2020-10,D10,imp:반도체,1467276,,
2020-10,D10,imp:반도체제조용장비,255556,,
2020-10,D10,imp:베트남,518279,,
2020-10,D10,imp:사우디아라비아,435948,,
2020-10,D10,imp:석유제품,165275,,
2020-10,D10,imp:석탄,138773,,
2020-10,D10,imp:승용차,218170,,
2020-10,D10,imp:원유,1435174,,
2020-10,D10,imp:유럽연합,1372684,,
2020-10,D10,imp:일본,1138152,,
2020-10,D10,imp:정밀기기,370305,,
2020-10,D10,imp:중국,2516893,,
2020-10,D10,imp:호주,370135,,
2020-10,D20,exp:TOTAL,25107953,,
2020-10,D20,exp:가전제품,373694,,
2020-10,D20,exp:대만,840115,,
2020-10,D20,exp:말레이시아,368160,,
2020-10,D20,exp:무선통신기기,1487133,,
2020-10,D20,exp:미국,3527403,,
2020-10,D20,exp:반도체,5161602,,
2020-10,D20,exp:베트남,2683385,,
2020-10,D20,exp:석유제품,1086008,,
2020-10,D20,exp:선박,727523,,
2020-10,D20,exp:승용차,1817602,,
2020-10,D20,exp:싱가포르,328622,,
2020-10,D20,exp:유럽연합,2552563,,
2020-10,D20,exp:인도,654462,,
2020-10,D20,exp:일본,1085517,,
2020-10,D20,exp:자동차부품,976080,,
2020-10,D20,exp:정밀기기,589943,,
2020-10,D20,exp:중국,6946882,,
2020-10,D20,exp:철강제품,1914525,,
2020-10,D20,exp:컴퓨터주변기기,480212,,
2020-10,D20,exp:홍콩,1171540,,
2020-10,D20,imp:TOTAL,24778282,,
2020-10,D20,imp:가스,881571,,
2020-10,D20,imp:기계류,1456396,,
2020-10,D20,imp:대만,1087091,,
2020-10,D20,imp:러시아 연방,496434,,
2020-10,D20,imp:말레이시아,493197,,
2020-10,D20,imp:무선통신기기,586092,,
2020-10,D20,imp:미국,3054662,,
2020-10,D20,imp:반도체,3158061,,
2020-10,D20,imp:반도체제조용장비,673282,,
2020-10,D20,imp:베트남,1155245,,
2020-10,D20,imp:사우디아라비아,862483,,
2020-10,D20,imp:석유제품,367991,,
2020-10,D20,imp:석탄,376235,,
2020-10,D20,imp:승용차,597246,,
2020-10,D20,imp:원유,2410335,,
2020-10,D20,imp:유럽연합,3229275,,
2020-10,D20,imp:일본,2593868,,
2020-10,D20,imp:정밀기기,858974,,
2020-10,D20,imp:중국,5761774,,
2020-10,D20,imp:호주,1008583,,
2020-10,FULL,exp:TOTAL,44818534,,
2020-10,FULL,exp:가전제품,629757,,
2020-10,FULL,exp:대만,1551769,,
2020-10,FULL,exp:말레이시아,653090,,
2020-10,FULL,exp:무선통신기기,2454082,,
2020-10,FULL,exp:미국,6562209,,
2020-10,FULL,exp:반도체,8887797,,
2020-10,FULL,exp:베트남,4508943,,
2020-10,FULL,exp:석유제품,1693213,,
2020-10,FULL,exp:선박,1418611,,
2020-10,FULL,exp:승용차,3850403,,
2020-10,FULL,exp:싱가포르,586414,,
2020-10,FULL,exp:유럽연합,4659319,,
2020-10,FULL,exp:인도,1079873,,
2020-10,FULL,exp:일본,1924047,,
2020-10,FULL,exp:자동차부품,1744560,,
2020-10,FULL,exp:정밀기기,1020844,,
2020-10,FULL,exp:중국,11527356,,
2020-10,FULL,exp:철강제품,3413558,,
2020-10,FULL,exp:컴퓨터주변기기,896232,,
2020-10,FULL,exp:홍콩,2731821,,
2020-10,FULL,imp:TOTAL,39093795,,
2020-10,FULL,imp:가스,1318430,,
2020-10,FULL,imp:기계류,2132705,,
2020-10,FULL,imp:대만,1713655,,
2020-10,FULL,imp:러시아 연방,835235,,
2020-10,FULL,imp:말레이시아,702518,,
2020-10,FULL,imp:무선통신기기,1238048,,
2020-10,FULL,imp:미국,4363458,,
2020-10,FULL,imp:반도체,4886882,,
2020-10,FULL,imp:반도체제조용장비,1053313,,
2020-10,FULL,imp:베트남,1777304,,
2020-10,FULL,imp:사우디아라비아,1399663,,
2020-10,FULL,imp:석유제품,646776,,
2020-10,FULL,imp:석탄,707353,,
2020-10,FULL,imp:승용차,1113604,,
2020-10,FULL,imp:원유,3545772,,
2020-10,FULL,imp:유럽연합,5041208,,
2020-10,FULL,imp:일본,3992664,,
2020-10,FULL,imp:정밀기기,1276392,,
2020-10,FULL,imp:중국,9622284,,
2020-10,FULL,imp:호주,1728019,,
2020-11,D10,exp:TOTAL,14113417,,
2020-11,D10,exp:가전제품,192795,,
2020-11,D10,exp:대만,490091,,
2020-11,D10,exp:말레이시아,173287,,
2020-11,D10,exp:무선통신기기,896640,,
2020-11,D10,exp:미국,2072851,,
2020-11,D10,exp:반도체,2600470,,
2020-11,D10,exp:베트남,1415813,,
2020-11,D10,exp:석유제품,672025,,
2020-11,D10,exp:선박,590920,,
2020-11,D10,exp:승용차,1042019,,
2020-11,D10,exp:싱가포르,339855,,
2020-11,D10,exp:유럽연합,1490580,,
2020-11,D10,exp:인도,312141,,
2020-11,D10,exp:일본,628976,,
2020-11,D10,exp:자동차부품,540387,,
2020-11,D10,exp:정밀기기,338838,,
2020-11,D10,exp:중국,3868550,,
2020-11,D10,exp:철강제품,1021728,,
2020-11,D10,exp:컴퓨터주변기기,231634,,
2020-11,D10,exp:홍콩,657673,,
2020-11,D10,imp:TOTAL,13356000,,
2020-11,D10,imp:가스,443815,,
2020-11,D10,imp:기계류,736808,,
2020-11,D10,imp:대만,602321,,
2020-11,D10,imp:러시아 연방,301607,,
2020-11,D10,imp:말레이시아,232913,,
2020-11,D10,imp:무선통신기기,396710,,
2020-11,D10,imp:미국,1436825,,
2020-11,D10,imp:반도체,1674683,,
2020-11,D10,imp:반도체제조용장비,382617,,
2020-11,D10,imp:베트남,487194,,
2020-11,D10,imp:사우디아라비아,290519,,
2020-11,D10,imp:석유제품,320675,,
2020-11,D10,imp:석탄,297964,,
2020-11,D10,imp:승용차,322987,,
2020-11,D10,imp:원유,873026,,
2020-11,D10,imp:유럽연합,1669682,,
2020-11,D10,imp:일본,1398943,,
2020-11,D10,imp:정밀기기,453985,,
2020-11,D10,imp:중국,3535238,,
2020-11,D10,imp:호주,631693,,
2020-11,D20,exp:TOTAL,31252979,,
2020-11,D20,exp:가전제품,418545,,
2020-11,D20,exp:대만,1102617,,
2020-11,D20,exp:말레이시아,435515,,
2020-11,D20,exp:무선통신기기,1822165,,
2020-11,D20,exp:미국,4724169,,
2020-11,D20,exp:반도체,5648287,,
2020-11,D20,exp:베트남,3059861,,
2020-11,D20,exp:석유제품,1260845,,
2020-11,D20,exp:선박,887510,,
2020-11,D20,exp:승용차,2498275,,
2020-11,D20,exp:싱가포르,536298,,
2020-11,D20,exp:유럽연합,3250829,,
2020-11,D20,exp:인도,784503,,
2020-11,D20,exp:일본,1435006,,
2020-11,D20,exp:자동차부품,1284706,,
2020-11,D20,exp:정밀기기,766734,,
2020-11,D20,exp:중국,8323015,,
2020-11,D20,exp:철강제품,2423813,,
2020-11,D20,exp:컴퓨터주변기기,555862,,
2020-11,D20,exp:홍콩,1470182,,
2020-11,D20,imp:TOTAL,28041949,,
2020-11,D20,imp:가스,941085,,
2020-11,D20,imp:기계류,1479064,,
2020-11,D20,imp:대만,1167979,,
2020-11,D20,imp:러시아 연방,562912,,
2020-11,D20,imp:말레이시아,512185,,
2020-11,D20,imp:무선통신기기,972920,,
2020-11,D20,imp:미국,2864542,,
2020-11,D20,imp:반도체,3258154,,
2020-11,D20,imp:반도체제조용장비,946966,,
2020-11,D20,imp:베트남,1024399,,
2020-11,D20,imp:사우디아라비아,775116,,
2020-11,D20,imp:석유제품,603144,,
2020-11,D20,imp:석탄,539140,,
2020-11,D20,imp:승용차,833443,,
2020-11,D20,imp:원유,2124927,,
2020-11,D20,imp:유럽연합,3833483,,
2020-11,D20,imp:일본,2860643,,
2020-11,D20,imp:정밀기기,913666,,
2020-11,D20,imp:중국,7177264,,
2020-11,D20,imp:호주,1253877,,
2020-11,FULL,exp:TOTAL,45751883,,
2020-11,FULL,exp:가전제품,593563,,
2020-11,FULL,exp:대만,1593029,,
2020-11,FULL,exp:말레이시아,664589,,
2020-11,FULL,exp:무선통신기기,2597808,,
2020-11,FULL,exp:미국,6664272,,
2020-11,FULL,exp:반도체,8827529,,
2020-11,FULL,exp:베트남,4506085,,
2020-11,FULL,exp:석유제품,1800933,,
2020-11,FULL,exp:선박,978174,,
2020-11,FULL,exp:승용차,3801074,,
2020-11,FULL,exp:싱가포르,736473,,
2020-11,FULL,exp:유럽연합,4857148,,
2020-11,FULL,exp:인도,1133714,,
2020-11,FULL,exp:일본,2122870,,
2020-11,FULL,exp:자동차부품,1820469,,
2020-11,FULL,exp:정밀기기,1105166,,
2020-11,FULL,exp:중국,12029854,,
2020-11,FULL,exp:철강제품,3538236,,
2020-11,FULL,exp:컴퓨터주변기기,907357,,
2020-11,FULL,exp:홍콩,2635980,,
2020-11,FULL,imp:TOTAL,39944763,,
2020-11,FULL,imp:가스,1375382,,
2020-11,FULL,imp:기계류,2080305,,
2020-11,FULL,imp:대만,1650615,,
2020-11,FULL,imp:러시아 연방,808648,,
2020-11,FULL,imp:말레이시아,708691,,
2020-11,FULL,imp:무선통신기기,1444859,,
2020-11,FULL,imp:미국,4188104,,
2020-11,FULL,imp:반도체,4720651,,
2020-11,FULL,imp:반도체제조용장비,1362522,,
2020-11,FULL,imp:베트남,1458043,,
2020-11,FULL,imp:사우디아라비아,1117735,,
2020-11,FULL,imp:석유제품,791469,,
2020-11,FULL,imp:석탄,718560,,
2020-11,FULL,imp:승용차,1396304,,
2020-11,FULL,imp:원유,2904960,,
2020-11,FULL,imp:유럽연합,5659468,,
2020-11,FULL,imp:일본,4054282,,
2020-11,FULL,imp:정밀기기,1315624,,
2020-11,FULL,imp:중국,10286167,,
2020-11,FULL,imp:호주,1715033,,
2020-12,D10,exp:TOTAL,16190161,,
2020-12,D10,exp:가전제품,215216,,
2020-12,D10,exp:대만,559704,,
2020-12,D10,exp:말레이시아,245810,,
2020-12,D10,exp:무선통신기기,981189,,
2020-12,D10,exp:미국,2203190,,
2020-12,D10,exp:반도체,2877605,,
2020-12,D10,exp:베트남,1801382,,
2020-12,D10,exp:석유제품,648634,,
2020-12,D10,exp:선박,588933,,
2020-12,D10,exp:승용차,1054080,,
2020-12,D10,exp:싱가포르,195764,,
2020-12,D10,exp:유럽연합,1858739,,
2020-12,D10,exp:인도,400573,,
2020-12,D10,exp:일본,880471,,
2020-12,D10,exp:자동차부품,731131,,
2020-12,D10,exp:정밀기기,410910,,
2020-12,D10,exp:중국,4123309,,
2020-12,D10,exp:철강제품,1188223,,
2020-12,D10,exp:컴퓨터주변기기,257269,,
2020-12,D10,exp:홍콩,724468,,
2020-12,D10,imp:TOTAL,15453967,,
2020-12,D10,imp:가스,625341,,
2020-12,D10,imp:기계류,747654,,
2020-12,D10,imp:대만,603858,,
2020-12,D10,imp:러시아 연방,239646,,
2020-12,D10,imp:말레이시아,275243,,
2020-12,D10,imp:무선통신기기,420829,,
2020-12,D10,imp:미국,1776779,,
2020-12,D10,imp:반도체,1744106,,
2020-12,D10,imp:반도체제조용장비,444351,,
2020-12,D10,imp:베트남,476053,,
2020-12,D10,imp:사우디아라비아,550437,,
2020-12,D10,imp:석유제품,279827,,
2020-12,D10,imp:석탄,278417,,
2020-12,D10,imp:승용차,569410,,
2020-12,D10,imp:원유,1498193,,
2020-12,D10,imp:유럽연합,1885968,,
2020-12,D10,imp:일본,1643676,,
2020-12,D10,imp:정밀기기,485931,,
2020-12,D10,imp:중국,3804843,,
2020-12,D10,imp:호주,723522,,
2020-12,D20,exp:TOTAL,30745327,,
2020-12,D20,exp:가전제품,393856,,
2020-12,D20,exp:대만,1027826,,
2020-12,D20,exp:말레이시아,438232,,
2020-12,D20,exp:무선통신기기,1847128,,
2020-12,D20,exp:미국,4244400,,
2020-12,D20,exp:반도체,5784582,,
2020-12,D20,exp:베트남,3305907,,
2020-12,D20,exp:석유제품,1207927,,
2020-12,D20,exp:선박,1266606,,
2020-12,D20,exp:승용차,2111741,,
2020-12,D20,exp:싱가포르,511596,,
2020-12,D20,exp:유럽연합,3396321,,
2020-12,D20,exp:인도,775007,,
2020-12,D20,exp:일본,1575617,,
2020-12,D20,exp:자동차부품,1272713,,
2020-12,D20,exp:정밀기기,737679,,
2020-12,D20,exp:중국,8007402,,
2020-12,D20,exp:철강제품,2255489,,
2020-12,D20,exp:컴퓨터주변기기,506919,,
2020-12,D20,exp:홍콩,1530349,,
2020-12,D20,imp:TOTAL,27842065,,
2020-12,D20,imp:가스,1211996,,
2020-12,D20,imp:기계류,1390091,,
2020-12,D20,imp:대만,1092393,,
2020-12,D20,imp:러시아 연방,581904,,
2020-12,D20,imp:말레이시아,574258,,
2020-12,D20,imp:무선통신기기,819010,,
2020-12,D20,imp:미국,2991234,,
2020-12,D20,imp:반도체,3007949,,
2020-12,D20,imp:반도체제조용장비,1055232,,
2020-12,D20,imp:베트남,976599,,
2020-12,D20,imp:사우디아라비아,1089934,,
2020-12,D20,imp:석유제품,646209,,
2020-12,D20,imp:석탄,402889,,
2020-12,D20,imp:승용차,852692,,
2020-12,D20,imp:원유,2540879,,
2020-12,D20,imp:유럽연합,3559883,,
2020-12,D20,imp:일본,2924382,,
2020-12,D20,imp:정밀기기,882571,,
2020-12,D20,imp:중국,6827296,,
2020-12,D20,imp:호주,1250953,,
2020-12,FULL,exp:TOTAL,51332449,,
2020-12,FULL,exp:가전제품,601557,,
2020-12,FULL,exp:대만,1774431,,
2020-12,FULL,exp:말레이시아,812077,,
2020-12,FULL,exp:무선통신기기,2728538,,
2020-12,FULL,exp:미국,7157647,,
2020-12,FULL,exp:반도체,9705310,,
2020-12,FULL,exp:베트남,5242213,,
2020-12,FULL,exp:석유제품,2192977,,
2020-12,FULL,exp:선박,2725530,,
2020-12,FULL,exp:승용차,3419613,,
2020-12,FULL,exp:싱가포르,908473,,
2020-12,FULL,exp:유럽연합,5458728,,
2020-12,FULL,exp:인도,1258791,,
2020-12,FULL,exp:일본,2332173,,
2020-12,FULL,exp:자동차부품,2070125,,
2020-12,FULL,exp:정밀기기,1174976,,
2020-12,FULL,exp:중국,12710301,,
2020-12,FULL,exp:철강제품,3821773,,
2020-12,FULL,exp:컴퓨터주변기기,1025333,,
2020-12,FULL,exp:홍콩,3102677,,
2020-12,FULL,imp:TOTAL,44638246,,
2020-12,FULL,imp:가스,1852894,,
2020-12,FULL,imp:기계류,2301323,,
2020-12,FULL,imp:대만,1708030,,
2020-12,FULL,imp:러시아 연방,895156,,
2020-12,FULL,imp:말레이시아,941417,,
2020-12,FULL,imp:무선통신기기,1231693,,
2020-12,FULL,imp:미국,4910784,,
2020-12,FULL,imp:반도체,4754972,,
2020-12,FULL,imp:반도체제조용장비,2258413,,
2020-12,FULL,imp:베트남,1701861,,
2020-12,FULL,imp:사우디아라비아,1631449,,
2020-12,FULL,imp:석유제품,978920,,
2020-12,FULL,imp:석탄,800713,,
2020-12,FULL,imp:승용차,1546775,,
2020-12,FULL,imp:원유,3807695,,
2020-12,FULL,imp:유럽연합,5989452,,
2020-12,FULL,imp:일본,4710209,,
2020-12,FULL,imp:정밀기기,1379005,,
2020-12,FULL,imp:중국,10881895,,
2020-12,FULL,imp:호주,1891325,,
2021-01,D10,exp:TOTAL,11209293,,
2021-01,D10,exp:가전제품,125584,,
2021-01,D10,exp:대만,377243,,
2021-01,D10,exp:말레이시아,136482,,
2021-01,D10,exp:무선통신기기,798305,,
2021-01,D10,exp:미국,1442266,,
2021-01,D10,exp:반도체,2356315,,
2021-01,D10,exp:베트남,1248065,,
2021-01,D10,exp:석유제품,410786,,
2021-01,D10,exp:선박,830432,,
2021-01,D10,exp:승용차,665606,,
2021-01,D10,exp:싱가포르,168596,,
2021-01,D10,exp:유럽연합,1128073,,
2021-01,D10,exp:인도,261051,,
2021-01,D10,exp:일본,553707,,
2021-01,D10,exp:자동차부품,390473,,
2021-01,D10,exp:정밀기기,262910,,
2021-01,D10,exp:중국,3123936,,
2021-01,D10,exp:철강제품,775039,,
2021-01,D10,exp:컴퓨터주변기기,176985,,
2021-01,D10,exp:홍콩,486386,,
2021-01,D10,imp:TOTAL,12032957,,
2021-01,D10,imp:가스,496026,,
2021-01,D10,imp:기계류,577744,,
2021-01,D10,imp:대만,582400,,
2021-01,D10,imp:러시아 연방,331390,,
2021-01,D10,imp:말레이시아,188467,,
2021-01,D10,imp:무선통신기기,520485,,
2021-01,D10,imp:미국,1322643,,
2021-01,D10,imp:반도체,1474891,,
2021-01,D10,imp:반도체제조용장비,831142,,
2021-01,D10,imp:베트남,597285,,
2021-01,D10,imp:사우디아라비아,215822,,
2021-01,D10,imp:석유제품,290525,,
2021-01,D10,imp:석탄,129796,,
2021-01,D10,imp:승용차,201650,,
2021-01,D10,imp:원유,1230602,,
2021-01,D10,imp:유럽연합,1261703,,
2021-01,D10,imp:일본,827906,,
2021-01,D10,imp:정밀기기,329873,,
2021-01,D10,imp:중국,2958895,,
2021-01,D10,imp:호주,442939,,
2021-01,D20,exp:TOTAL,28224491,,
2021-01,D20,exp:가전제품,369729,,
2021-01,D20,exp:대만,993500,,
2021-01,D20,exp:말레이시아,377869,,
2021-01,D20,exp:무선통신기기,1649636,,
2021-01,D20,exp:미국,3938615,,
2021-01,D20,exp:반도체,5182780,,
2021-01,D20,exp:베트남,2987645,,
2021-01,D20,exp:석유제품,1211792,,
2021-01,D20,exp:선박,1202698,,
2021-01,D20,exp:승용차,1898391,,
2021-01,D20,exp:싱가포르,377743,,
2021-01,D20,exp:유럽연합,2884889,,
2021-01,D20,exp:인도,778276,,
2021-01,D20,exp:일본,1366538,,
2021-01,D20,exp:자동차부품,1091263,,
2021-01,D20,exp:정밀기기,673672,,
2021-01,D20,exp:중국,7511989,,
2021-01,D20,exp:철강제품,2171294,,
2021-01,D20,exp:컴퓨터주변기기,486041,,
2021-01,D20,exp:홍콩,1150437,,
2021-01,D20,imp:TOTAL,28974366,,
2021-01,D20,imp:가스,1250074,,
2021-01,D20,imp:기계류,1428148,,
2021-01,D20,imp:대만,1261455,,
2021-01,D20,imp:러시아 연방,612206,,
2021-01,D20,imp:말레이시아,477515,,
2021-01,D20,imp:무선통신기기,964874,,
2021-01,D20,imp:미국,3260069,,
2021-01,D20,imp:반도체,3262479,,
2021-01,D20,imp:반도체제조용장비,1848770,,
2021-01,D20,imp:베트남,1302775,,
2021-01,D20,imp:사우디아라비아,687043,,
2021-01,D20,imp:석유제품,829700,,
2021-01,D20,imp:석탄,406133,,
2021-01,D20,imp:승용차,434770,,
2021-01,D20,imp:원유,2410270,,
2021-01,D20,imp:유럽연합,3010815,,
2021-01,D20,imp:일본,2462113,,
2021-01,D20,imp:정밀기기,838805,,
2021-01,D20,imp:중국,7203898,,
2021-01,D20,imp:호주,1248105,,
2021-01,FULL,exp:TOTAL,48006974,,
2021-01,FULL,exp:가전제품,591156,,
2021-01,FULL,exp:대만,1597108,,
2021-01,FULL,exp:말레이시아,640337,,
2021-01,FULL,exp:무선통신기기,2384452,,
2021-01,FULL,exp:미국,8412355,,
2021-01,FULL,exp:반도체,8908101,,
2021-01,FULL,exp:베트남,4642318,,
2021-01,FULL,exp:석유제품,1910154,,
2021-01,FULL,exp:선박,3460434,,
2021-01,FULL,exp:승용차,3815566,,
2021-01,FULL,exp:싱가포르,630652,,
2021-01,FULL,exp:유럽연합,4783880,,
2021-01,FULL,exp:인도,1271503,,
2021-01,FULL,exp:일본,2237046,,
2021-01,FULL,exp:자동차부품,1738840,,
2021-01,FULL,exp:정밀기기,1063384,,
2021-01,FULL,exp:중국,11787037,,
2021-01,FULL,exp:철강제품,3635859,,
2021-01,FULL,exp:컴퓨터주변기기,898908,,
2021-01,FULL,exp:홍콩,2441565,,
2021-01,FULL,imp:TOTAL,44456822,,
2021-01,FULL,imp:가스,2222080,,
2021-01,FULL,imp:기계류,2204040,,
2021-01,FULL,imp:대만,1782007,,
2021-01,FULL,imp:러시아 연방,1001030,,
2021-01,FULL,imp:말레이시아,715623,,
2021-01,FULL,imp:무선통신기기,1423995,,
2021-01,FULL,imp:미국,5018162,,
2021-01,FULL,imp:반도체,4700349,,
2021-01,FULL,imp:반도체제조용장비,2784430,,
2021-01,FULL,imp:베트남,2035501,,
2021-01,FULL,imp:사우디아라비아,1302924,,
2021-01,FULL,imp:석유제품,1290539,,
2021-01,FULL,imp:석탄,660321,,
2021-01,FULL,imp:승용차,791941,,
2021-01,FULL,imp:원유,4012043,,
2021-01,FULL,imp:유럽연합,4830632,,
2021-01,FULL,imp:일본,3947395,,
2021-01,FULL,imp:정밀기기,1256735,,
2021-01,FULL,imp:중국,10763268,,
2021-01,FULL,imp:호주,1827010,,
2021-02,D10,exp:TOTAL,17967017,,
2021-02,D10,exp:가전제품,254635,,
2021-02,D10,exp:대만,614646,,
2021-02,D10,exp:말레이시아,250237,,
2021-02,D10,exp:무선통신기기,846432,,
2021-02,D10,exp:미국,2658008,,
2021-02,D10,exp:반도체,3073222,,
2021-02,D10,exp:베트남,1804374,,
2021-02,D10,exp:석유제품,1023734,,
2021-02,D10,exp:선박,702866,,
2021-02,D10,exp:승용차,1243780,,
2021-02,D10,exp:싱가포르,301736,,
2021-02,D10,exp:유럽연합,2207003,,
2021-02,D10,exp:인도,545689,,
2021-02,D10,exp:일본,948126,,
2021-02,D10,exp:자동차부품,791837,,
2021-02,D10,exp:정밀기기,427601,,
2021-02,D10,exp:중국,4183238,,
2021-02,D10,exp:철강제품,1332212,,
2021-02,D10,exp:컴퓨터주변기기,292985,,
2021-02,D10,exp:홍콩,828556,,
2021-02,D10,imp:TOTAL,20562693,,
2021-02,D10,imp:가스,1881356,,
2021-02,D10,imp:기계류,920900,,
2021-02,D10,imp:대만,834363,,
2021-02,D10,imp:러시아 연방,328546,,
2021-02,D10,imp:말레이시아,374924,,
2021-02,D10,imp:무선통신기기,467170,,
2021-02,D10,imp:미국,2910266,,
2021-02,D10,imp:반도체,1999367,,
2021-02,D10,imp:반도체제조용장비,1015179,,
2021-02,D10,imp:베트남,783603,,
2021-02,D10,imp:사우디아라비아,664671,,
2021-02,D10,imp:석유제품,690187,,
2021-02,D10,imp:석탄,299783,,
2021-02,D10,imp:승용차,387234,,
2021-02,D10,imp:원유,2064506,,
2021-02,D10,imp:유럽연합,2069626,,
2021-02,D10,imp:일본,1883911,,
2021-02,D10,imp:정밀기기,523827,,
2021-02,D10,imp:중국,4423651,,
2021-02,D10,imp:호주,1019488,,
2021-02,D20,exp:TOTAL,30342975,,
2021-02,D20,exp:가전제품,401549,,
2021-02,D20,exp:대만,1153130,,
2021-02,D20,exp:말레이시아,490375,,
2021-02,D20,exp:무선통신기기,1380929,,
2021-02,D20,exp:미국,4348391,,
2021-02,D20,exp:반도체,5747254,,
2021-02,D20,exp:베트남,2899706,,
2021-02,D20,exp:석유제품,1641150,,
2021-02,D20,exp:선박,1012462,,
2021-02,D20,exp:승용차,1934345,,
2021-02,D20,exp:싱가포르,515950,,
2021-02,D20,exp:유럽연합,3549368,,
2021-02,D20,exp:인도,924149,,
2021-02,D20,exp:일본,1563853,,
2021-02,D20,exp:자동차부품,1231535,,
2021-02,D20,exp:정밀기기,723318,,
2021-02,D20,exp:중국,7651149,,
2021-02,D20,exp:철강제품,2329915,,
2021-02,D20,exp:컴퓨터주변기기,591852,,
2021-02,D20,exp:홍콩,1345517,,
2021-02,D20,imp:TOTAL,31885439,,
2021-02,D20,imp:가스,2512505,,
2021-02,D20,imp:기계류,1414773,,
2021-02,D20,imp:대만,1274126,,
2021-02,D20,imp:러시아 연방,542620,,
2021-02,D20,imp:말레이시아,586569,,
2021-02,D20,imp:무선통신기기,716381,,
2021-02,D20,imp:미국,4446179,,
2021-02,D20,imp:반도체,3167901,,
2021-02,D20,imp:반도체제조용장비,1628602,,
2021-02,D20,imp:베트남,1260911,,
2021-02,D20,imp:사우디아라비아,1096844,,
2021-02,D20,imp:석유제품,1056109,,
2021-02,D20,imp:석탄,517092,,
2021-02,D20,imp:승용차,645685,,
2021-02,D20,imp:원유,3156153,,
2021-02,D20,imp:유럽연합,3124886,,
2021-02,D20,imp:일본,3123017,,
2021-02,D20,imp:정밀기기,860083,,
2021-02,D20,imp:중국,7070319,,
2021-02,D20,imp:호주,1519374,,
2021-02,FULL,exp:TOTAL,44706907,,
2021-02,FULL,exp:가전제품,563550,,
2021-02,FULL,exp:대만,1677060,,
2021-02,FULL,exp:말레이시아,719892,,
2021-02,FULL,exp:무선통신기기,1845075,,
2021-02,FULL,exp:미국,6396235,,
2021-02,FULL,exp:반도체,8556779,,
2021-02,FULL,exp:베트남,3907994,,
2021-02,FULL,exp:석유제품,2428358,,
2021-02,FULL,exp:선박,1450678,,
2021-02,FULL,exp:승용차,3373564,,
2021-02,FULL,exp:싱가포르,698979,,
2021-02,FULL,exp:유럽연합,5043302,,
2021-02,FULL,exp:인도,1286165,,
2021-02,FULL,exp:일본,2191909,,
2021-02,FULL,exp:자동차부품,1738988,,
2021-02,FULL,exp:정밀기기,1016984,,
2021-02,FULL,exp:중국,11208799,,
2021-02,FULL,exp:철강제품,3539787,,
2021-02,FULL,exp:컴퓨터주변기기,967756,,
2021-02,FULL,exp:홍콩,2516269,,
2021-02,FULL,imp:TOTAL,42404636,,
2021-02,FULL,imp:가스,3155357,,
2021-02,FULL,imp:기계류,1871688,,
2021-02,FULL,imp:대만,1768674,,
2021-02,FULL,imp:러시아 연방,879841,,
2021-02,FULL,imp:말레이시아,784989,,
2021-02,FULL,imp:무선통신기기,934268,,
2021-02,FULL,imp:미국,5761028,,
2021-02,FULL,imp:반도체,4223354,,
2021-02,FULL,imp:반도체제조용장비,2160778,,
2021-02,FULL,imp:베트남,1692219,,
2021-02,FULL,imp:사우디아라비아,1590237,,
2021-02,FULL,imp:석유제품,1425870,,
2021-02,FULL,imp:석탄,717539,,
2021-02,FULL,imp:승용차,854315,,
2021-02,FULL,imp:원유,4278207,,
2021-02,FULL,imp:유럽연합,4291635,,
2021-02,FULL,imp:일본,4116807,,
2021-02,FULL,imp:정밀기기,1140484,,
2021-02,FULL,imp:중국,9021941,,
2021-02,FULL,imp:호주,2217456,,
2021-03,D10,exp:TOTAL,16303946,,
2021-03,D10,exp:가전제품,231574,,
2021-03,D10,exp:대만,603633,,
2021-03,D10,exp:말레이시아,225993,,
2021-03,D10,exp:무선통신기기,658774,,
2021-03,D10,exp:미국,2514304,,
2021-03,D10,exp:반도체,2993422,,
2021-03,D10,exp:베트남,1371535,,
2021-03,D10,exp:석유제품,863493,,
2021-03,D10,exp:선박,527614,,
2021-03,D10,exp:승용차,1007727,,
2021-03,D10,exp:싱가포르,270520,,
2021-03,D10,exp:유럽연합,1671988,,
2021-03,D10,exp:인도,416023,,
2021-03,D10,exp:일본,775498,,
2021-03,D10,exp:자동차부품,687766,,
2021-03,D10,exp:정밀기기,366949,,
2021-03,D10,exp:중국,4322246,,
2021-03,D10,exp:철강제품,1214781,,
2021-03,D10,exp:컴퓨터주변기기,305361,,
2021-03,D10,exp:홍콩,1019715,,
2021-03,D10,imp:TOTAL,17460463,,
2021-03,D10,imp:가스,950429,,
2021-03,D10,imp:기계류,832607,,
2021-03,D10,imp:대만,656972,,
2021-03,D10,imp:러시아 연방,383645,,
2021-03,D10,imp:말레이시아,302096,,
2021-03,D10,imp:무선통신기기,384711,,
2021-03,D10,imp:미국,2232226,,
2021-03,D10,imp:반도체,1769178,,
2021-03,D10,imp:반도체제조용장비,1054742,,
2021-03,D10,imp:베트남,622072,,
2021-03,D10,imp:사우디아라비아,401204,,
2021-03,D10,imp:석유제품,557684,,
2021-03,D10,imp:석탄,383129,,
2021-03,D10,imp:승용차,396411,,
2021-03,D10,imp:원유,1750086,,
2021-03,D10,imp:유럽연합,2244658,,
2021-03,D10,imp:일본,1730213,,
2021-03,D10,imp:정밀기기,521383,,
2021-03,D10,imp:중국,3541040,,
2021-03,D10,imp:호주,1004578,,
2021-03,D20,exp:TOTAL,33843994,,
2021-03,D20,exp:가전제품,437957,,
2021-03,D20,exp:대만,1176881,,
2021-03,D20,exp:말레이시아,444596,,
2021-03,D20,exp:무선통신기기,1321320,,
2021-03,D20,exp:미국,5021162,,
2021-03,D20,exp:반도체,5977145,,
2021-03,D20,exp:베트남,2844254,,
2021-03,D20,exp:석유제품,1710051,,
2021-03,D20,exp:선박,1516982,,
2021-03,D20,exp:승용차,2487603,,
2021-03,D20,exp:싱가포르,749604,,
2021-03,D20,exp:유럽연합,3994803,,
2021-03,D20,exp:인도,916027,,
2021-03,D20,exp:일본,1526286,,
2021-03,D20,exp:자동차부품,1379885,,
2021-03,D20,exp:정밀기기,769600,,
2021-03,D20,exp:중국,8708102,,
2021-03,D20,exp:철강제품,2597277,,
2021-03,D20,exp:컴퓨터주변기기,629972,,
2021-03,D20,exp:홍콩,1776353,,
2021-03,D20,imp:TOTAL,33090219,,
2021-03,D20,imp:가스,1662595,,
2021-03,D20,imp:기계류,1632834,,
2021-03,D20,imp:대만,1283114,,
2021-03,D20,imp:러시아 연방,761866,,
2021-03,D20,imp:말레이시아,608848,,
2021-03,D20,imp:무선통신기기,676717,,
2021-03,D20,imp:미국,4095418,,
2021-03,D20,imp:반도체,3155641,,
2021-03,D20,imp:반도체제조용장비,1750544,,
2021-03,D20,imp:베트남,1291170,,
2021-03,D20,imp:사우디아라비아,1097835,,
2021-03,D20,imp:석유제품,1143821,,
2021-03,D20,imp:석탄,690454,,
2021-03,D20,imp:승용차,856294,,
2021-03,D20,imp:원유,3366495,,
2021-03,D20,imp:유럽연합,4050743,,
2021-03,D20,imp:일본,3233234,,
2021-03,D20,imp:정밀기기,947124,,
2021-03,D20,imp:중국,6937169,,
2021-03,D20,imp:호주,1780851,,
2021-03,FULL,exp:TOTAL,53690914,,
2021-03,FULL,exp:가전제품,706532,,
2021-03,FULL,exp:대만,1901696,,
2021-03,FULL,exp:말레이시아,729309,,
2021-03,FULL,exp:무선통신기기,1912330,,
2021-03,FULL,exp:미국,7970756,,
2021-03,FULL,exp:반도체,9711666,,
2021-03,FULL,exp:베트남,4207079,,
2021-03,FULL,exp:석유제품,2783163,,
2021-03,FULL,exp:선박,2312452,,
2021-03,FULL,exp:승용차,4201058,,
2021-03,FULL,exp:싱가포르,1111517,,
2021-03,FULL,exp:유럽연합,6329354,,
2021-03,FULL,exp:인도,1335901,,
2021-03,FULL,exp:일본,2415077,,
2021-03,FULL,exp:자동차부품,2095282,,
2021-03,FULL,exp:정밀기기,1162624,,
2021-03,FULL,exp:중국,13408119,,
2021-03,FULL,exp:철강제품,4153911,,
2021-03,FULL,exp:컴퓨터주변기기,1193894,,
2021-03,FULL,exp:홍콩,3402418,,
2021-03,FULL,imp:TOTAL,49742555,,
2021-03,FULL,imp:가스,2166189,,
2021-03,FULL,imp:기계류,2456660,,
2021-03,FULL,imp:대만,1970970,,
2021-03,FULL,imp:러시아 연방,1125761,,
2021-03,FULL,imp:말레이시아,837988,,
2021-03,FULL,imp:무선통신기기,1068765,,
2021-03,FULL,imp:미국,6221033,,
2021-03,FULL,imp:반도체,4853188,,
2021-03,FULL,imp:반도체제조용장비,2818176,,
2021-03,FULL,imp:베트남,2107989,,
2021-03,FULL,imp:사우디아라비아,1493344,,
2021-03,FULL,imp:석유제품,1611333,,
2021-03,FULL,imp:석탄,1036460,,
2021-03,FULL,imp:승용차,1252744,,
2021-03,FULL,imp:원유,4532165,,
2021-03,FULL,imp:유럽연합,6066799,,
2021-03,FULL,imp:일본,4834352,,
2021-03,FULL,imp:정밀기기,1447290,,
2021-03,FULL,imp:중국,10884575,,
2021-03,FULL,imp:호주,2693118,,
2021-04,D10,exp:TOTAL,14896402,,
2021-04,D10,exp:가전제품,213984,,
2021-04,D10,exp:대만,510390,,
2021-04,D10,exp:말레이시아,221655,,
2021-04,D10,exp:무선통신기기,739550,,
2021-04,D10,exp:미국,2215485,,
2021-04,D10,exp:반도체,2574540,,
2021-04,D10,exp:베트남,1378383,,
2021-04,D10,exp:석유제품,736992,,
2021-04,D10,exp:선박,324956,,
2021-04,D10,exp:승용차,1061151,,
2021-04,D10,exp:싱가포르,231478,,
2021-04,D10,exp:유럽연합,1340765,,
2021-04,D10,exp:인도,431858,,
2021-04,D10,exp:일본,851642,,
2021-04,D10,exp:자동차부품,625282,,
2021-04,D10,exp:정밀기기,333221,,
2021-04,D10,exp:중국,4058786,,
2021-04,D10,exp:철강제품,1167799,,
2021-04,D10,exp:컴퓨터주변기기,249528,,
2021-04,D10,exp:홍콩,578618,,
2021-04,D10,imp:TOTAL,16710235,,
2021-04,D10,imp:가스,455092,,
2021-04,D10,imp:기계류,789416,,
2021-04,D10,imp:대만,578878,,
2021-04,D10,imp:러시아 연방,384207,,
2021-04,D10,imp:말레이시아,302068,,
2021-04,D10,imp:무선통신기기,480411,,
2021-04,D10,imp:미국,2447548,,
2021-04,D10,imp:반도체,1500236,,
2021-04,D10,imp:반도체제조용장비,764200,,
2021-04,D10,imp:베트남,694752,,
2021-04,D10,imp:사우디아라비아,740015,,
2021-04,D10,imp:석유제품,573827,,
2021-04,D10,imp:석탄,273836,,
2021-04,D10,imp:승용차,411082,,
2021-04,D10,imp:원유,2141560,,
2021-04,D10,imp:유럽연합,1659887,,
2021-04,D10,imp:일본,1551646,,
2021-04,D10,imp:정밀기기,428682,,
2021-04,D10,imp:중국,3568767,,
2021-04,D10,imp:호주,762989,,
2021-04,D20,exp:TOTAL,31026874,,
2021-04,D20,exp:가전제품,451929,,
2021-04,D20,exp:대만,1045960,,
2021-04,D20,exp:말레이시아,486898,,
2021-04,D20,exp:무선통신기기,1381318,,
2021-04,D20,exp:미국,4472329,,
2021-04,D20,exp:반도체,5485499,,
2021-04,D20,exp:베트남,2595250,,
2021-04,D20,exp:석유제품,1777454,,
2021-04,D20,exp:선박,996645,,
2021-04,D20,exp:승용차,2227183,,
2021-04,D20,exp:싱가포르,539154,,
2021-04,D20,exp:유럽연합,3224449,,
2021-04,D20,exp:인도,863048,,
2021-04,D20,exp:일본,1635427,,
2021-04,D20,exp:자동차부품,1196512,,
2021-04,D20,exp:정밀기기,666973,,
2021-04,D20,exp:중국,8459298,,
2021-04,D20,exp:철강제품,2484108,,
2021-04,D20,exp:컴퓨터주변기기,564693,,
2021-04,D20,exp:홍콩,1404567,,
2021-04,D20,imp:TOTAL,33059082,,
2021-04,D20,imp:가스,1012090,,
2021-04,D20,imp:기계류,1542200,,
2021-04,D20,imp:대만,1152638,,
2021-04,D20,imp:러시아 연방,984326,,
2021-04,D20,imp:말레이시아,538496,,
2021-04,D20,imp:무선통신기기,788616,,
2021-04,D20,imp:미국,4432304,,
2021-04,D20,imp:반도체,3098766,,
2021-04,D20,imp:반도체제조용장비,1524120,,
2021-04,D20,imp:베트남,1384246,,
2021-04,D20,imp:사우디아라비아,1224482,,
2021-04,D20,imp:석유제품,1326463,,
2021-04,D20,imp:석탄,563509,,
2021-04,D20,imp:승용차,861356,,
2021-04,D20,imp:원유,3764189,,
2021-04,D20,imp:유럽연합,3494190,,
2021-04,D20,imp:일본,3182315,,
2021-04,D20,imp:정밀기기,880292,,
2021-04,D20,imp:중국,7465400,,
2021-04,D20,imp:호주,1421617,,
2021-04,FULL,exp:TOTAL,51225991,,
2021-04,FULL,exp:가전제품,730147,,
2021-04,FULL,exp:대만,1770535,,
2021-04,FULL,exp:말레이시아,799769,,
2021-04,FULL,exp:무선통신기기,2062663,,
2021-04,FULL,exp:미국,7557229,,
2021-04,FULL,exp:반도체,9516174,,
2021-04,FULL,exp:베트남,4334987,,
2021-04,FULL,exp:석유제품,2974647,,
2021-04,FULL,exp:선박,1158623,,
2021-04,FULL,exp:승용차,3975318,,
2021-04,FULL,exp:싱가포르,884063,,
2021-04,FULL,exp:유럽연합,5161638,,
2021-04,FULL,exp:인도,1351273,,
2021-04,FULL,exp:일본,2489525,,
2021-04,FULL,exp:자동차부품,1953874,,
2021-04,FULL,exp:정밀기기,1077834,,
2021-04,FULL,exp:중국,13401058,,
2021-04,FULL,exp:철강제품,4184319,,
2021-04,FULL,exp:컴퓨터주변기기,1050254,,
2021-04,FULL,exp:홍콩,2985366,,
2021-04,FULL,imp:TOTAL,50891152,,
2021-04,FULL,imp:가스,1463779,,
2021-04,FULL,imp:기계류,2359603,,
2021-04,FULL,imp:대만,1852259,,
2021-04,FULL,imp:러시아 연방,1560840,,
2021-04,FULL,imp:말레이시아,776237,,
2021-04,FULL,imp:무선통신기기,1179179,,
2021-04,FULL,imp:미국,6440357,,
2021-04,FULL,imp:반도체,4816417,,
2021-04,FULL,imp:반도체제조용장비,2808810,,
2021-04,FULL,imp:베트남,2138288,,
2021-04,FULL,imp:사우디아라비아,1686216,,
2021-04,FULL,imp:석유제품,1870367,,
2021-04,FULL,imp:석탄,860017,,
2021-04,FULL,imp:승용차,1286294,,
2021-04,FULL,imp:원유,5412029,,
2021-04,FULL,imp:유럽연합,5661417,,
2021-04,FULL,imp:일본,4845079,,
2021-04,FULL,imp:정밀기기,1320919,,
2021-04,FULL,imp:중국,11517639,,
2021-04,FULL,imp:호주,2406133,,
2021-05,D10,exp:TOTAL,12471926,,
2021-05,D10,exp:가전제품,213330,,
2021-05,D10,exp:대만,471401,,
2021-05,D10,exp:말레이시아,191881,,
2021-05,D10,exp:무선통신기기,633290,,
2021-05,D10,exp:미국,1848473,,
2021-05,D10,exp:반도체,2525855,,
2021-05,D10,exp:베트남,1109158,,
2021-05,D10,exp:석유제품,660132,,
2021-05,D10,exp:선박,411252,,
2021-05,D10,exp:승용차,753012,,
2021-05,D10,exp:싱가포르,255433,,
2021-05,D10,exp:유럽연합,1141544,,
2021-05,D10,exp:인도,234137,,
2021-05,D10,exp:일본,608150,,
2021-05,D10,exp:자동차부품,444524,,
2021-05,D10,exp:정밀기기,256746,,
2021-05,D10,exp:중국,3426560,,
2021-05,D10,exp:철강제품,976568,,
2021-05,D10,exp:컴퓨터주변기기,200658,,
2021-05,D10,exp:홍콩,502301,,
2021-05,D10,imp:TOTAL,14683166,,
2021-05,D10,imp:가스,539615,,
2021-05,D10,imp:기계류,640463,,
2021-05,D10,imp:대만,612558,,
2021-05,D10,imp:러시아 연방,363070,,
2021-05,D10,imp:말레이시아,258704,,
2021-05,D10,imp:무선통신기기,280456,,
2021-05,D10,imp:미국,2153333,,
2021-05,D10,imp:반도체,1509297,,
2021-05,D10,imp:반도체제조용장비,606482,,
2021-05,D10,imp:베트남,577857,,
2021-05,D10,imp:사우디아라비아,672424,,
2021-05,D10,imp:석유제품,663517,,
2021-05,D10,imp:석탄,204385,,
2021-05,D10,imp:승용차,537067,,
2021-05,D10,imp:원유,1992317,,
2021-05,D10,imp:유럽연합,1501126,,
2021-05,D10,imp:일본,1019371,,
2021-05,D10,imp:정밀기기,380451,,
2021-05,D10,imp:중국,3095783,,
2021-05,D10,imp:호주,656972,,
2021-05,D20,exp:TOTAL,31111855,,
2021-05,D20,exp:가전제품,488115,,
2021-05,D20,exp:대만,1111635,,
2021-05,D20,exp:말레이시아,499197,,
2021-05,D20,exp:무선통신기기,1321484,,
2021-05,D20,exp:미국,4650472,,
2021-05,D20,exp:반도체,5822198,,
2021-05,D20,exp:베트남,2600351,,
2021-05,D20,exp:석유제품,1824014,,
2021-05,D20,exp:선박,926168,,
2021-05,D20,exp:승용차,1893730,,
2021-05,D20,exp:싱가포르,973399,,
2021-05,D20,exp:유럽연합,3013981,,
2021-05,D20,exp:인도,661531,,
2021-05,D20,exp:일본,1448348,,
2021-05,D20,exp:자동차부품,1162251,,
2021-05,D20,exp:정밀기기,638021,,
2021-05,D20,exp:중국,8295411,,
2021-05,D20,exp:철강제품,2572691,,
2021-05,D20,exp:컴퓨터주변기기,665362,,
2021-05,D20,exp:홍콩,1398599,,
2021-05,D20,imp:TOTAL,31536604,,
2021-05,D20,imp:가스,1293507,,
2021-05,D20,imp:기계류,1541711,,
2021-05,D20,imp:대만,1259789,,
2021-05,D20,imp:러시아 연방,799458,,
2021-05,D20,imp:말레이시아,607362,,
2021-05,D20,imp:무선통신기기,617670,,
2021-05,D20,imp:미국,4368415,,
2021-05,D20,imp:반도체,3190817,,
2021-05,D20,imp:반도체제조용장비,1361203,,
2021-05,D20,imp:베트남,1246443,,
2021-05,D20,imp:사우디아라비아,1368539,,
2021-05,D20,imp:석유제품,1195197,,
2021-05,D20,imp:석탄,467921,,
2021-05,D20,imp:승용차,1064180,,
2021-05,D20,imp:원유,3861696,,
2021-05,D20,imp:유럽연합,3719321,,
2021-05,D20,imp:일본,2398893,,
2021-05,D20,imp:정밀기기,821574,,
2021-05,D20,imp:중국,6901208,,
2021-05,D20,imp:호주,1341161,,
2021-05,FULL,exp:TOTAL,50725161,,
2021-05,FULL,exp:가전제품,746839,,
2021-05,FULL,exp:대만,1950812,,
2021-05,FULL,exp:말레이시아,935343,,
2021-05,FULL,exp:무선통신기기,1917326,,
2021-05,FULL,exp:미국,7448016,,
2021-05,FULL,exp:반도체,10260720,,
2021-05,FULL,exp:베트남,4167819,,
2021-05,FULL,exp:석유제품,3127999,,
2021-05,FULL,exp:선박,1314529,,
2021-05,FULL,exp:승용차,3322196,,
2021-05,FULL,exp:싱가포르,1381625,,
2021-05,FULL,exp:유럽연합,4904488,,
2021-05,FULL,exp:인도,993776,,
2021-05,FULL,exp:일본,2361627,,
2021-05,FULL,exp:자동차부품,1755162,,
2021-05,FULL,exp:정밀기기,1026777,,
2021-05,FULL,exp:중국,13246809,,
2021-05,FULL,exp:철강제품,4231339,,
2021-05,FULL,exp:컴퓨터주변기기,1220535,,
2021-05,FULL,exp:홍콩,3093420,,
2021-05,FULL,imp:TOTAL,47910522,,
2021-05,FULL,imp:가스,1779588,,
2021-05,FULL,imp:기계류,2342287,,
2021-05,FULL,imp:대만,1908779,,
2021-05,FULL,imp:러시아 연방,1294682,,
2021-05,FULL,imp:말레이시아,923161,,
2021-05,FULL,imp:무선통신기기,1001652,,
2021-05,FULL,imp:미국,6436130,,
2021-05,FULL,imp:반도체,4834270,,
2021-05,FULL,imp:반도체제조용장비,2157416,,
2021-05,FULL,imp:베트남,1845275,,
2021-05,FULL,imp:사우디아라비아,1821417,,
2021-05,FULL,imp:석유제품,1751573,,
2021-05,FULL,imp:석탄,843014,,
2021-05,FULL,imp:승용차,1498909,,
2021-05,FULL,imp:원유,5382448,,
2021-05,FULL,imp:유럽연합,5564547,,
2021-05,FULL,imp:일본,3967898,,
2021-05,FULL,imp:정밀기기,1252757,,
2021-05,FULL,imp:중국,10874644,,
2021-05,FULL,imp:호주,2075597,,
2021-07,D10,exp:TOTAL,15067806,,
2021-07,D10,exp:가전제품,269626,,
2021-07,D10,exp:대만,521053,,
2021-07,D10,exp:말레이시아,203310,,
2021-07,D10,exp:무선통신기기,639536,,
2021-07,D10,exp:미국,2563470,,
2021-07,D10,exp:반도체,2619000,,
2021-07,D10,exp:베트남,1442639,,
2021-07,D10,exp:석유제품,1099649,,
2021-07,D10,exp:선박,267774,,
2021-07,D10,exp:승용차,1092703,,
2021-07,D10,exp:싱가포르,480841,,
2021-07,D10,exp:유럽연합,1450119,,
2021-07,D10,exp:인도,311487,,
2021-07,D10,exp:일본,797536,,
2021-07,D10,exp:자동차부품,595577,,
2021-07,D10,exp:정밀기기,322449,,
2021-07,D10,exp:중국,3803451,,
2021-07,D10,exp:철강제품,1209648,,
2021-07,D10,exp:컴퓨터주변기기,241785,,
2021-07,D10,exp:홍콩,424603,,
2021-07,D10,imp:TOTAL,18678338,,
2021-07,D10,imp:가스,952863,,
2021-07,D10,imp:기계류,754751,,
2021-07,D10,imp:대만,688758,,
2021-07,D10,imp:러시아 연방,403195,,
2021-07,D10,imp:말레이시아,290205,,
2021-07,D10,imp:무선통신기기,343744,,
2021-07,D10,imp:미국,2269818,,
2021-07,D10,imp:반도체,1832549,,
2021-07,D10,imp:반도체제조용장비,957184,,
2021-07,D10,imp:베트남,562089,,
2021-07,D10,imp:사우디아라비아,553458,,
2021-07,D10,imp:석유제품,885795,,
2021-07,D10,imp:석탄,473436,,
2021-07,D10,imp:승용차,418565,,
2021-07,D10,imp:원유,2236148,,
2021-07,D10,imp:유럽연합,2349776,,
2021-07,D10,imp:일본,1546970,,
2021-07,D10,imp:정밀기기,447271,,
2021-07,D10,imp:중국,3805588,,
2021-07,D10,imp:호주,1177520,,
2021-07,D20,exp:TOTAL,32522073,,
2021-07,D20,exp:가전제품,498422,,
2021-07,D20,exp:대만,1115783,,
2021-07,D20,exp:말레이시아,473378,,
2021-07,D20,exp:무선통신기기,1305580,,
2021-07,D20,exp:미국,5162375,,
2021-07,D20,exp:반도체,5884166,,
2021-07,D20,exp:베트남,2988179,,
2021-07,D20,exp:석유제품,2248605,,
2021-07,D20,exp:선박,1098560,,
2021-07,D20,exp:승용차,2338078,,
2021-07,D20,exp:싱가포르,1120892,,
2021-07,D20,exp:유럽연합,3266686,,
2021-07,D20,exp:인도,696838,,
2021-07,D20,exp:일본,1570991,,
2021-07,D20,exp:자동차부품,1153996,,
2021-07,D20,exp:정밀기기,651759,,
2021-07,D20,exp:중국,8286978,,
2021-07,D20,exp:철강제품,2741510,,
2021-07,D20,exp:컴퓨터주변기기,586447,,
2021-07,D20,exp:홍콩,1020219,,
2021-07,D20,imp:TOTAL,36158143,,
2021-07,D20,imp:가스,1742238,,
2021-07,D20,imp:기계류,1562174,,
2021-07,D20,imp:대만,1341611,,
2021-07,D20,imp:러시아 연방,808036,,
2021-07,D20,imp:말레이시아,599991,,
2021-07,D20,imp:무선통신기기,680374,,
2021-07,D20,imp:미국,4243685,,
2021-07,D20,imp:반도체,3658980,,
2021-07,D20,imp:반도체제조용장비,1512316,,
2021-07,D20,imp:베트남,1245728,,
2021-07,D20,imp:사우디아라비아,962301,,
2021-07,D20,imp:석유제품,1592263,,
2021-07,D20,imp:석탄,898453,,
2021-07,D20,imp:승용차,785025,,
2021-07,D20,imp:원유,3937452,,
2021-07,D20,imp:유럽연합,4191225,,
2021-07,D20,imp:일본,3025383,,
2021-07,D20,imp:정밀기기,895734,,
2021-07,D20,imp:중국,7786672,,
2021-07,D20,imp:호주,2335168,,
2021-07,FULL,exp:TOTAL,55461518,,
2021-07,FULL,exp:가전제품,788392,,
2021-07,FULL,exp:대만,2022050,,
2021-07,FULL,exp:말레이시아,745959,,
2021-07,FULL,exp:무선통신기기,2009290,,
2021-07,FULL,exp:미국,8724016,,
2021-07,FULL,exp:반도체,11203191,,
2021-07,FULL,exp:베트남,4934034,,
2021-07,FULL,exp:석유제품,3670499,,
2021-07,FULL,exp:선박,1908411,,
2021-07,FULL,exp:승용차,3888586,,
2021-07,FULL,exp:싱가포르,1582735,,
2021-07,FULL,exp:유럽연합,5327622,,
2021-07,FULL,exp:인도,1229935,,
2021-07,FULL,exp:일본,2565014,,
2021-07,FULL,exp:자동차부품,1927077,,
2021-07,FULL,exp:정밀기기,1073653,,
2021-07,FULL,exp:중국,13586374,,
2021-07,FULL,exp:철강제품,4620559,,
2021-07,FULL,exp:컴퓨터주변기기,1415236,,
2021-07,FULL,exp:홍콩,2872361,,
2021-07,FULL,imp:TOTAL,53676256,,
2021-07,FULL,imp:가스,2506971,,
2021-07,FULL,imp:기계류,2348334,,
2021-07,FULL,imp:대만,2049202,,
2021-07,FULL,imp:러시아 연방,1183477,,
2021-07,FULL,imp:말레이시아,890220,,
2021-07,FULL,imp:무선통신기기,1055939,,
2021-07,FULL,imp:미국,6339477,,
2021-07,FULL,imp:반도체,5508097,,
2021-07,FULL,imp:반도체제조용장비,2331113,,
2021-07,FULL,imp:베트남,1989461,,
2021-07,FULL,imp:사우디아라비아,1839191,,
2021-07,FULL,imp:석유제품,2416550,,
2021-07,FULL,imp:석탄,1430642,,
2021-07,FULL,imp:승용차,1159429,,
2021-07,FULL,imp:원유,5783571,,
2021-07,FULL,imp:유럽연합,6288822,,
2021-07,FULL,imp:일본,4536865,,
2021-07,FULL,imp:정밀기기,1348520,,
2021-07,FULL,imp:중국,11524030,,
2021-07,FULL,imp:호주,3184507,,
2021-08,D10,exp:TOTAL,12734452,,
2021-08,D10,exp:가전제품,136581,,
2021-08,D10,exp:대만,627547,,
2021-08,D10,exp:말레이시아,200164,,
2021-08,D10,exp:무선통신기기,685101,,
2021-08,D10,exp:미국,1652512,,
2021-08,D10,exp:반도체,3151710,,
2021-08,D10,exp:베트남,1325626,,
2021-08,D10,exp:석유제품,812227,,
2021-08,D10,exp:선박,38861,,
2021-08,D10,exp:승용차,144604,,
2021-08,D10,exp:싱가포르,268335,,
2021-08,D10,exp:유럽연합,983147,,
2021-08,D10,exp:인도,329256,,
2021-08,D10,exp:일본,579560,,
2021-08,D10,exp:자동차부품,311841,,
2021-08,D10,exp:정밀기기,287014,,
2021-08,D10,exp:중국,4023053,,
2021-08,D10,exp:철강제품,984594,,
2021-08,D10,exp:컴퓨터주변기기,293283,,
2021-08,D10,exp:홍콩,592088,,
2021-08,D10,imp:TOTAL,17419016,,
2021-08,D10,imp:가스,956081,,
2021-08,D10,imp:기계류,704908,,
2021-08,D10,imp:대만,602341,,
2021-08,D10,imp:러시아 연방,577296,,
2021-08,D10,imp:말레이시아,246042,,
2021-08,D10,imp:무선통신기기,299533,,
2021-08,D10,imp:미국,2252772,,
2021-08,D10,imp:반도체,1789034,,
2021-08,D10,imp:반도체제조용장비,528404,,
2021-08,D10,imp:베트남,570345,,
2021-08,D10,imp:사우디아라비아,771061,,
2021-08,D10,imp:석유제품,833139,,
2021-08,D10,imp:석탄,385603,,
2021-08,D10,imp:승용차,351498,,
2021-08,D10,imp:원유,2198803,,
2021-08,D10,imp:유럽연합,1880985,,
2021-08,D10,imp:일본,1618065,,
2021-08,D10,imp:정밀기기,442936,,
2021-08,D10,imp:중국,3714107,,
2021-08,D10,imp:호주,955110,,
2021-08,D20,exp:TOTAL,32173134,,
2021-08,D20,exp:가전제품,413760,,
2021-08,D20,exp:대만,1312311,,
2021-08,D20,exp:말레이시아,416064,,
2021-08,D20,exp:무선통신기기,1423565,,
2021-08,D20,exp:미국,4709862,,
2021-08,D20,exp:반도체,6779227,,
2021-08,D20,exp:베트남,2995384,,
2021-08,D20,exp:석유제품,2022249,,
2021-08,D20,exp:선박,584756,,
2021-08,D20,exp:승용차,1446639,,
2021-08,D20,exp:싱가포르,646758,,
2021-08,D20,exp:유럽연합,2778529,,
2021-08,D20,exp:인도,879873,,
2021-08,D20,exp:일본,1562476,,
2021-08,D20,exp:자동차부품,949478,,
2021-08,D20,exp:정밀기기,683943,,
2021-08,D20,exp:중국,9138127,,
2021-08,D20,exp:철강제품,2745588,,
2021-08,D20,exp:컴퓨터주변기기,757790,,
2021-08,D20,exp:홍콩,1405630,,
2021-08,D20,imp:TOTAL,35752140,,
2021-08,D20,imp:가스,1723210,,
2021-08,D20,imp:기계류,1455863,,
2021-08,D20,imp:대만,1328470,,
2021-08,D20,imp:러시아 연방,1111280,,
2021-08,D20,imp:말레이시아,523013,,
2021-08,D20,imp:무선통신기기,699606,,
2021-08,D20,imp:미국,4464915,,
2021-08,D20,imp:반도체,3636880,,
2021-08,D20,imp:반도체제조용장비,1010110,,
2021-08,D20,imp:베트남,1315835,,
2021-08,D20,imp:사우디아라비아,1689041,,
2021-08,D20,imp:석유제품,1735570,,
2021-08,D20,imp:석탄,877678,,
2021-08,D20,imp:승용차,768573,,
2021-08,D20,imp:원유,4700370,,
2021-08,D20,imp:유럽연합,3684691,,
2021-08,D20,imp:일본,2967782,,
2021-08,D20,imp:정밀기기,896681,,
2021-08,D20,imp:중국,7681939,,
2021-08,D20,imp:호주,2085818,,
2021-08,FULL,exp:TOTAL,53165104,,
2021-08,FULL,exp:가전제품,671436,,
2021-08,FULL,exp:대만,2138340,,
2021-08,FULL,exp:말레이시아,714211,,
2021-08,FULL,exp:무선통신기기,2207421,,
2021-08,FULL,exp:미국,7704224,,
2021-08,FULL,exp:반도체,11898826,,
2021-08,FULL,exp:베트남,4850338,,
2021-08,FULL,exp:석유제품,3122421,,
2021-08,FULL,exp:선박,1600931,,
2021-08,FULL,exp:승용차,2863877,,
2021-08,FULL,exp:싱가포르,1116604,,
2021-08,FULL,exp:유럽연합,5035500,,
2021-08,FULL,exp:인도,1285755,,
2021-08,FULL,exp:일본,2522980,,
2021-08,FULL,exp:자동차부품,1518929,,
2021-08,FULL,exp:정밀기기,1119960,,
2021-08,FULL,exp:중국,13881328,,
2021-08,FULL,exp:철강제품,4454150,,
2021-08,FULL,exp:컴퓨터주변기기,1581329,,
2021-08,FULL,exp:홍콩,3415829,,
2021-08,FULL,imp:TOTAL,51581093,,
2021-08,FULL,imp:가스,2316528,,
2021-08,FULL,imp:기계류,2165277,,
2021-08,FULL,imp:대만,2026278,,
2021-08,FULL,imp:러시아 연방,1537346,,
2021-08,FULL,imp:말레이시아,710923,,
2021-08,FULL,imp:무선통신기기,1138608,,
2021-08,FULL,imp:미국,6210232,,
2021-08,FULL,imp:반도체,5444477,,
2021-08,FULL,imp:반도체제조용장비,1583126,,
2021-08,FULL,imp:베트남,2123504,,
2021-08,FULL,imp:사우디아라비아,2200441,,
2021-08,FULL,imp:석유제품,2209604,,
2021-08,FULL,imp:석탄,1274030,,
2021-08,FULL,imp:승용차,990256,,
2021-08,FULL,imp:원유,6078925,,
2021-08,FULL,imp:유럽연합,5210517,,
2021-08,FULL,imp:일본,4454302,,
2021-08,FULL,imp:정밀기기,1339454,,
2021-08,FULL,imp:중국,11731429,,
2021-08,FULL,imp:호주,2761561,,
2021-09,D10,exp:TOTAL,19481599,14918733,30.58
2021-09,D10,exp:가전제품,275196,248594,10.70
2021-09,D10,exp:대만,688715,473209,45.54
2021-09,D10,exp:말레이시아,222713,234797,-5.15
2021-09,D10,exp:무선통신기기,807625,693382,16.48
2021-09,D10,exp:미국,2833039,1961896,44.40
2021-09,D10,exp:반도체,3226675,3296578,-2.12
2021-09,D10,exp:베트남,1683255,1621461,3.81
2021-09,D10,exp:석유제품,1508224,650457,131.87
2021-09,D10,exp:선박,402027,327532,22.74
2021-09,D10,exp:승용차,1299853,886057,46.70
2021-09,D10,exp:싱가포르,577161,209101,176.02
2021-09,D10,exp:유럽연합,2198758,1425068,54.29
2021-09,D10,exp:인도,531294,366326,45.03
2021-09,D10,exp:일본,1005605,673008,49.42
2021-09,D10,exp:자동차부품,723777,628851,15.10
2021-09,D10,exp:정밀기기,485685,415056,17.02
2021-09,D10,exp:중국,5226105,4198360,24.48
2021-09,D10,exp:철강제품,1643375,1040348,57.96
2021-09,D10,exp:컴퓨터주변기기,394277,379490,3.90
2021-09,D10,exp:홍콩,690402,885555,-22.04
2021-09,D10,imp:TOTAL,20964720,13052867,60.61
2021-09,D10,imp:가스,1121080,331113,238.58
2021-09,D10,imp:기계류,782456,747138,4.73
2021-09,D10,imp:대만,837364,616701,35.78
2021-09,D10,imp:러시아 연방,824317,242784,239.53
2021-09,D10,imp:말레이시아,343708,239504,43.51
2021-09,D10,imp:무선통신기기,325825,339938,-4.15
2021-09,D10,imp:미국,2545025,1464907,73.73
2021-09,D10,imp:반도체,2211115,1739979,27.08
2021-09,D10,imp:반도체제조용장비,491455,200001,145.73
2021-09,D10,imp:베트남,640166,658384,-2.77
2021-09,D10,imp:사우디아라비아,879951,494275,78.03
2021-09,D10,imp:석유제품,1146183,227291,404.28
2021-09,D10,imp:석탄,676131,267852,152.43
2021-09,D10,imp:승용차,325749,289455,12.54
2021-09,D10,imp:원유,2840732,1423577,99.55
2021-09,D10,imp:유럽연합,2051669,1615256,27.02
2021-09,D10,imp:일본,1816147,1269891,43.02
2021-09,D10,imp:정밀기기,466670,459211,1.62
2021-09,D10,imp:중국,4269098,3013060,41.69
2021-09,D10,imp:호주,1242763,630972,96.96
2021-09,D20,exp:TOTAL,36114119,29359555,23.01
2021-09,D20,exp:가전제품,478374,469183,1.96
2021-09,D20,exp:대만,1339433,871136,53.76
2021-09,D20,exp:말레이시아,468738,462577,1.33
2021-09,D20,exp:무선통신기기,1642039,1373463,19.55
2021-09,D20,exp:미국,5069928,4065470,24.71
2021-09,D20,exp:반도체,6664492,6188315,7.69
2021-09,D20,exp:베트남,3304135,3054659,8.17
2021-09,D20,exp:석유제품,2507533,1255882,99.66
2021-09,D20,exp:선박,508107,1107522,-54.12
2021-09,D20,exp:승용차,2373097,2170229,9.35
2021-09,D20,exp:싱가포르,978833,455992,114.66
2021-09,D20,exp:유럽연합,3781137,2974335,27.13
2021-09,D20,exp:인도,1039099,973042,6.79
2021-09,D20,exp:일본,1672398,1249365,33.86
2021-09,D20,exp:자동차부품,1273779,1126856,13.04
2021-09,D20,exp:정밀기기,829258,748387,10.81
2021-09,D20,exp:중국,9609787,8022741,19.78
2021-09,D20,exp:철강제품,3082515,2073081,48.69
2021-09,D20,exp:컴퓨터주변기기,838393,723670,15.85
2021-09,D20,exp:홍콩,1524581,1753586,-13.06
2021-09,D20,imp:TOTAL,34946901,25181144,38.78
2021-09,D20,imp:가스,1883264,701006,168.65
2021-09,D20,imp:기계류,1372353,1382751,-0.75
2021-09,D20,imp:대만,1320943,1095207,20.61
2021-09,D20,imp:러시아 연방,1202724,400561,200.26
2021-09,D20,imp:말레이시아,556433,501443,10.97
2021-09,D20,imp:무선통신기기,591661,601193,-1.59
2021-09,D20,imp:미국,4036737,3167893,27.43
2021-09,D20,imp:반도체,3663161,3163626,15.79
2021-09,D20,imp:반도체제조용장비,869973,433099,100.87
2021-09,D20,imp:베트남,1202881,1277650,-5.85
2021-09,D20,imp:사우디아라비아,1457404,830360,75.51
2021-09,D20,imp:석유제품,2023259,592537,241.46
2021-09,D20,imp:석탄,1149243,514051,123.57
2021-09,D20,imp:승용차,579738,717849,-19.24
2021-09,D20,imp:원유,4594610,2478595,85.37
2021-09,D20,imp:유럽연합,3370972,3028499,11.31
2021-09,D20,imp:일본,3121649,2459214,26.94
2021-09,D20,imp:정밀기기,792124,792395,-0.03
2021-09,D20,imp:중국,7121818,5694387,25.07
2021-09,D20,imp:호주,2376050,1041866,128.06
2021-09,FULL,exp:TOTAL,55913862,47819948,16.93
2021-09,FULL,exp:가전제품,683852,734566,-6.90
2021-09,FULL,exp:대만,2206938,1524871,44.73
2021-09,FULL,exp:말레이시아,842732,739204,14.01
2021-09,FULL,exp:무선통신기기,2405181,2201594,9.25
2021-09,FULL,exp:미국,7983934,6997554,14.10
2021-09,FULL,exp:반도체,12375886,9753555,26.89
2021-09,FULL,exp:베트남,5101701,4796012,6.37
2021-09,FULL,exp:석유제품,3627056,1985270,82.70
2021-09,FULL,exp:선박,977972,1695185,-42.31
2021-09,FULL,exp:승용차,3395841,3598873,-5.64
2021-09,FULL,exp:싱가포르,1332202,759781,75.34
2021-09,FULL,exp:유럽연합,5459807,5044444,8.23
2021-09,FULL,exp:인도,1493611,1471347,1.51
2021-09,FULL,exp:일본,2541018,2156621,17.82
2021-09,FULL,exp:자동차부품,1779617,1888020,-5.74
2021-09,FULL,exp:정밀기기,1238141,1182505,4.70
2021-09,FULL,exp:중국,14291980,12185274,17.29
2021-09,FULL,exp:철강제품,4754873,3593309,32.33
2021-09,FULL,exp:컴퓨터주변기기,1797734,1175076,52.99
2021-09,FULL,exp:홍콩,3852088,3005224,28.18
2021-09,FULL,imp:TOTAL,51636341,39400190,31.06
2021-09,FULL,imp:가스,2547083,1030864,147.08
2021-09,FULL,imp:기계류,2197241,2112686,4.00
2021-09,FULL,imp:대만,1939973,1610958,20.42
2021-09,FULL,imp:러시아 연방,1602907,749834,113.77
2021-09,FULL,imp:말레이시아,924906,739780,25.02
2021-09,FULL,imp:무선통신기기,1039988,956150,8.77
2021-09,FULL,imp:미국,5959730,4654363,28.05
2021-09,FULL,imp:반도체,5607583,4612208,21.58
2021-09,FULL,imp:반도체제조용장비,1501416,1008470,48.88
2021-09,FULL,imp:베트남,1976767,1970095,0.34
2021-09,FULL,imp:사우디아라비아,2085924,1163346,79.30
2021-09,FULL,imp:석유제품,2406225,1110574,116.66
2021-09,FULL,imp:석탄,1616249,806629,100.37
2021-09,FULL,imp:승용차,846360,1079115,-21.57
2021-09,FULL,imp:원유,5764059,3585930,60.74
2021-09,FULL,imp:유럽연합,5310873,4954226,7.20
2021-09,FULL,imp:일본,4649135,3872130,20.07
2021-09,FULL,imp:정밀기기,1264113,1266035,-0.15
2021-09,FULL,imp:중국,11409467,9166601,24.47
2021-09,FULL,imp:호주,3287105,1705440,92.74
2021-10,D10,exp:TOTAL,14781281,9277053,59.33
2021-10,D10,exp:가전제품,203224,129280,57.20
2021-10,D10,exp:대만,662076,342630,93.23
2021-10,D10,exp:말레이시아,318166,158697,100.49
2021-10,D10,exp:무선통신기기,753526,664580,13.38
2021-10,D10,exp:미국,2077835,1175204,76.81
2021-10,D10,exp:반도체,2803547,2298206,21.99
2021-10,D10,exp:베트남,1450197,1186003,22.28
2021-10,D10,exp:석유제품,1323028,409470,223.11
2021-10,D10,exp:선박,287949,42954,570.37
2021-10,D10,exp:승용차,896794,592113,51.46
2021-10,D10,exp:싱가포르,408583,116985,249.26
2021-10,D10,exp:유럽연합,1279395,877115,45.86
2021-10,D10,exp:인도,375083,224572,67.02
2021-10,D10,exp:일본,833546,437045,90.72
2021-10,D10,exp:자동차부품,444218,339340,30.91
2021-10,D10,exp:정밀기기,323184,222405,45.31
2021-10,D10,exp:중국,3899036,2795942,39.45
2021-10,D10,exp:철강제품,1256123,647812,93.90
2021-10,D10,exp:컴퓨터주변기기,251934,180714,39.41
2021-10,D10,exp:홍콩,320536,416738,-23.08
2021-10,D10,imp:TOTAL,17614819,11112621,58.51
2021-10,D10,imp:가스,1217114,453811,168.20
2021-10,D10,imp:기계류,631741,662114,-4.59
2021-10,D10,imp:대만,663398,532065,24.68
2021-10,D10,imp:러시아 연방,523089,191956,172.50
2021-10,D10,imp:말레이시아,255481,222265,14.94
2021-10,D10,imp:무선통신기기,560592,268171,109.04
2021-10,D10,imp:미국,2098905,1393851,50.58
2021-10,D10,imp:반도체,1706558,1467276,16.31
2021-10,D10,imp:반도체제조용장비,463426,255556,81.34
2021-10,D10,imp:베트남,617251,518279,19.10
2021-10,D10,imp:사우디아라비아,715040,435948,64.02
2021-10,D10,imp:석유제품,893334,165275,440.51
2021-10,D10,imp:석탄,440640,138773,217.53
2021-10,D10,imp:승용차,251064,218170,15.08
2021-10,D10,imp:원유,2446979,1435174,70.50
2021-10,D10,imp:유럽연합,1678944,1372684,22.31
2021-10,D10,imp:일본,1526503,1138152,34.12
2021-10,D10,imp:정밀기기,450878,370305,21.76
2021-10,D10,imp:중국,3315046,2516893,31.71
2021-10,D10,imp:호주,1046106,370135,182.63
2021-10,D20,exp:TOTAL,34296898,25107953,36.60
2021-10,D20,exp:가전제품,468444,373694,25.35
2021-10,D20,exp:대만,1364322,840115,62.40
2021-10,D20,exp:말레이시아,668917,368160,81.69
2021-10,D20,exp:무선통신기기,1525835,1487133,2.60
2021-10,D20,exp:미국,4838911,3527403,37.18
2021-10,D20,exp:반도체,6393621,5161602,23.87
2021-10,D20,exp:베트남,3084816,2683385,14.96
2021-10,D20,exp:석유제품,2616675,1086008,140.94
2021-10,D20,exp:선박,1409225,727523,93.70
2021-10,D20,exp:승용차,2007633,1817602,10.46
2021-10,D20,exp:싱가포르,819848,328622,149.48
2021-10,D20,exp:유럽연합,3381551,2552563,32.48
2021-10,D20,exp:인도,856876,654462,30.93
2021-10,D20,exp:일본,1660633,1085517,52.98
2021-10,D20,exp:자동차부품,1052915,976080,7.87
2021-10,D20,exp:정밀기기,746403,589943,26.52
2021-10,D20,exp:중국,9108605,6946882,31.12
2021-10,D20,exp:철강제품,2900758,1914525,51.51
2021-10,D20,exp:컴퓨터주변기기,611389,480212,27.32
2021-10,D20,exp:홍콩,972612,1171540,-16.98
2021-10,D20,imp:TOTAL,36670916,24778282,48.00
2021-10,D20,imp:가스,2258890,881571,156.23
2021-10,D20,imp:기계류,1470355,1456396,0.96
2021-10,D20,imp:대만,1390815,1087091,27.94
2021-10,D20,imp:러시아 연방,1089987,496434,119.56
2021-10,D20,imp:말레이시아,532964,493197,8.06
2021-10,D20,imp:무선통신기기,1295619,586092,121.06
2021-10,D20,imp:미국,4392624,3054662,43.80
2021-10,D20,imp:반도체,3799213,3158061,20.30
2021-10,D20,imp:반도체제조용장비,919944,673282,36.64
2021-10,D20,imp:베트남,1288211,1155245,11.51
2021-10,D20,imp:사우디아라비아,1726716,862483,100.20
2021-10,D20,imp:석유제품,1589160,367991,331.85
2021-10,D20,imp:석탄,899241,376235,139.01
2021-10,D20,imp:승용차,544949,597246,-8.76
2021-10,D20,imp:원유,4782346,2410335,98.41
2021-10,D20,imp:유럽연합,3723628,3229275,15.31
2021-10,D20,imp:일본,3162567,2593868,21.92
2021-10,D20,imp:정밀기기,935051,858974,8.86
2021-10,D20,imp:중국,7918952,5761774,37.44
2021-10,D20,imp:호주,1853607,1008583,83.78
2021-10,FULL,exp:TOTAL,55660373,44818534,24.19
2021-10,FULL,exp:가전제품,727345,629757,15.50
2021-10,FULL,exp:대만,2226232,1551769,43.46
2021-10,FULL,exp:말레이시아,1025860,653090,57.08
2021-10,FULL,exp:무선통신기기,2248571,2454082,-8.37
2021-10,FULL,exp:미국,8066783,6562209,22.93
2021-10,FULL,exp:반도체,11387012,8887797,28.12
2021-10,FULL,exp:베트남,4904971,4508943,8.78
2021-10,FULL,exp:석유제품,4143569,1693213,144.72
2021-10,FULL,exp:선박,1485588,1418611,4.72
2021-10,FULL,exp:승용차,3655070,3850403,-5.07
2021-10,FULL,exp:싱가포르,1353718,586414,130.85
2021-10,FULL,exp:유럽연합,5088835,4659319,9.22
2021-10,FULL,exp:인도,1401205,1079873,29.76
2021-10,FULL,exp:일본,2614684,1924047,35.90
2021-10,FULL,exp:자동차부품,1726050,1744560,-1.06
2021-10,FULL,exp:정밀기기,1188546,1020844,16.43
2021-10,FULL,exp:중국,14415867,11527356,25.06
2021-10,FULL,exp:철강제품,4612785,3413558,35.13
2021-10,FULL,exp:컴퓨터주변기기,1385185,896232,54.56
2021-10,FULL,exp:홍콩,2739663,2731821,0.29
2021-10,FULL,imp:TOTAL,53847824,39093795,37.74
2021-10,FULL,imp:가스,3121933,1318430,136.79
2021-10,FULL,imp:기계류,2214348,2132705,3.83
2021-10,FULL,imp:대만,1987232,1713655,15.96
2021-10,FULL,imp:러시아 연방,1524646,835235,82.54
2021-10,FULL,imp:말레이시아,999565,702518,42.28
2021-10,FULL,imp:무선통신기기,1880429,1238048,51.89
2021-10,FULL,imp:미국,5995841,4363458,37.41
2021-10,FULL,imp:반도체,5577044,4886882,14.12
2021-10,FULL,imp:반도체제조용장비,1503977,1053313,42.79
2021-10,FULL,imp:베트남,1975876,1777304,11.17
2021-10,FULL,imp:사우디아라비아,2434351,1399663,73.92
2021-10,FULL,imp:석유제품,2377310,646776,267.56
2021-10,FULL,imp:석탄,1337670,707353,89.11
2021-10,FULL,imp:승용차,882684,1113604,-20.74
2021-10,FULL,imp:원유,6486477,3545772,82.94
2021-10,FULL,imp:유럽연합,5372044,5041208,6.56
2021-10,FULL,imp:일본,4696430,3992664,17.63
2021-10,FULL,imp:정밀기기,1370763,1276392,7.39
2021-10,FULL,imp:중국,11984639,9622284,24.55
2021-10,FULL,imp:호주,2878302,1728019,66.57
2021-11,D10,exp:TOTAL,18219156,14113417,29.09
2021-11,D10,exp:가전제품,261800,192795,35.79
2021-11,D10,exp:대만,831656,490091,69.69
2021-11,D10,exp:말레이시아,344197,173287,98.63
2021-11,D10,exp:무선통신기기,806806,896640,-10.02
2021-11,D10,exp:미국,2510378,2072851,21.11
2021-11,D10,exp:반도체,3776683,2600470,45.23
2021-11,D10,exp:베트남,1646226,1415813,16.27
2021-11,D10,exp:석유제품,1206221,672025,79.49
2021-11,D10,exp:선박,232072,590920,-60.73
2021-11,D10,exp:승용차,1106809,1042019,6.22
2021-11,D10,exp:싱가포르,464783,339855,36.76
2021-11,D10,exp:유럽연합,1740980,1490580,16.80
2021-11,D10,exp:인도,404935,312141,29.73
2021-11,D10,exp:일본,824798,628976,31.13
2021-11,D10,exp:자동차부품,578255,540387,7.01
2021-11,D10,exp:정밀기기,426606,338838,25.90
2021-11,D10,exp:중국,5208219,3868550,34.63
2021-11,D10,exp:철강제품,1424842,1021728,39.45
2021-11,D10,exp:컴퓨터주변기기,386882,231634,67.02
2021-11,D10,exp:홍콩,783712,657673,19.16
2021-11,D10,imp:TOTAL,21181966,13356000,58.60
2021-11,D10,imp:가스,1482136,443815,233.95
2021-11,D10,imp:기계류,846330,736808,14.86
2021-11,D10,imp:대만,847243,602321,40.66
2021-11,D10,imp:러시아 연방,677484,301607,124.62
2021-11,D10,imp:말레이시아,225220,232913,-3.30
2021-11,D10,imp:무선통신기기,513875,396710,29.53
2021-11,D10,imp:미국,2907906,1436825,102.38
2021-11,D10,imp:반도체,2297002,1674683,37.16
2021-11,D10,imp:반도체제조용장비,772007,382617,101.77
2021-11,D10,imp:베트남,763734,487194,56.76
2021-11,D10,imp:사우디아라비아,958565,290519,229.95
2021-11,D10,imp:석유제품,796518,320675,148.39
2021-11,D10,imp:석탄,589488,297964,97.84
2021-11,D10,imp:승용차,244872,322987,-24.19
2021-11,D10,imp:원유,2258235,873026,158.67
2021-11,D10,imp:유럽연합,1775531,1669682,6.34
2021-11,D10,imp:일본,1775102,1398943,26.89
2021-11,D10,imp:정밀기기,503734,453985,10.96
2021-11,D10,imp:중국,4949736,3535238,40.01
2021-11,D10,imp:호주,1508018,631693,138.73
2021-11,D20,exp:TOTAL,39801144,31252979,27.35
2021-11,D20,exp:가전제품,505503,418545,20.78
2021-11,D20,exp:대만,1554200,1102617,40.96
2021-11,D20,exp:말레이시아,677396,435515,55.54
2021-11,D20,exp:무선통신기기,1720707,1822165,-5.57
2021-11,D20,exp:미국,5143018,4724169,8.87
2021-11,D20,exp:반도체,7480706,5648287,32.44
2021-11,D20,exp:베트남,3582173,3059861,17.07
2021-11,D20,exp:석유제품,2647477,1260845,109.98
2021-11,D20,exp:선박,3127359,887510,252.37
2021-11,D20,exp:승용차,2450609,2498275,-1.91
2021-11,D20,exp:싱가포르,948863,536298,76.93
2021-11,D20,exp:유럽연합,3385562,3250829,4.14
2021-11,D20,exp:인도,976913,784503,24.53
2021-11,D20,exp:일본,1793213,1435006,24.96
2021-11,D20,exp:자동차부품,1199654,1284706,-6.62
2021-11,D20,exp:정밀기기,831894,766734,8.50
2021-11,D20,exp:중국,10315711,8323015,23.94
2021-11,D20,exp:철강제품,3033013,2423813,25.13
2021-11,D20,exp:컴퓨터주변기기,840989,555862,51.29
2021-11,D20,exp:홍콩,1494624,1470182,1.66
2021-11,D20,imp:TOTAL,39771324,28041949,41.83
2021-11,D20,imp:가스,2496296,941085,165.26
2021-11,D20,imp:기계류,1590760,1479064,7.55
2021-11,D20,imp:대만,1490243,1167979,27.59
2021-11,D20,imp:러시아 연방,1643913,562912,192.04
2021-11,D20,imp:말레이시아,528252,512185,3.14
2021-11,D20,imp:무선통신기기,983631,972920,1.10
2021-11,D20,imp:미국,4923858,2864542,71.89
2021-11,D20,imp:반도체,4268313,3258154,31.00
2021-11,D20,imp:반도체제조용장비,1522054,946966,60.73
2021-11,D20,imp:베트남,1472251,1024399,43.72
2021-11,D20,imp:사우디아라비아,1854335,775116,139.23
2021-11,D20,imp:석유제품,1714492,603144,184.26
2021-11,D20,imp:석탄,1285923,539140,138.51
2021-11,D20,imp:승용차,624879,833443,-25.02
2021-11,D20,imp:원유,4634250,2124927,118.09
2021-11,D20,imp:유럽연합,3420407,3833483,-10.78
2021-11,D20,imp:일본,3374022,2860643,17.95
2021-11,D20,imp:정밀기기,955033,913666,4.53
2021-11,D20,imp:중국,9286258,7177264,29.38
2021-11,D20,imp:호주,2438505,1253877,94.48
2021-11,FULL,exp:TOTAL,60330542,45751883,31.86
2021-11,FULL,exp:가전제품,745999,593563,25.68
2021-11,FULL,exp:대만,2398739,1593029,50.58
2021-11,FULL,exp:말레이시아,954468,664589,43.62
2021-11,FULL,exp:무선통신기기,2429169,2597808,-6.49
2021-11,FULL,exp:미국,8133640,6664272,22.05
2021-11,FULL,exp:반도체,12251805,8827529,38.79
2021-11,FULL,exp:베트남,5478297,4506085,21.58
2021-11,FULL,exp:석유제품,4033437,1800933,123.96
2021-11,FULL,exp:선박,3477774,978174,255.54
2021-11,FULL,exp:승용차,3926337,3801074,3.30
2021-11,FULL,exp:싱가포르,1463579,736473,98.73
2021-11,FULL,exp:유럽연합,5299695,4857148,9.11
2021-11,FULL,exp:인도,1473320,1133714,29.96
2021-11,FULL,exp:일본,2813250,2122870,32.52
2021-11,FULL,exp:자동차부품,1770837,1820469,-2.73
2021-11,FULL,exp:정밀기기,1233398,1105166,11.60
2021-11,FULL,exp:중국,15272549,12029854,26.96
2021-11,FULL,exp:철강제품,4728572,3538236,33.64
2021-11,FULL,exp:컴퓨터주변기기,1680779,907357,85.24
2021-11,FULL,exp:홍콩,3232583,2635980,22.63
2021-11,FULL,imp:TOTAL,57357549,39944763,43.59
2021-11,FULL,imp:가스,3648223,1375382,165.25
2021-11,FULL,imp:기계류,2308256,2080305,10.96
2021-11,FULL,imp:대만,2193905,1650615,32.91
2021-11,FULL,imp:러시아 연방,2312061,808648,185.92
2021-11,FULL,imp:말레이시아,845604,708691,19.32
2021-11,FULL,imp:무선통신기기,1413052,1444859,-2.20
2021-11,FULL,imp:미국,6640496,4188104,58.56
2021-11,FULL,imp:반도체,6261349,4720651,32.64
2021-11,FULL,imp:반도체제조용장비,1976647,1362522,45.07
2021-11,FULL,imp:베트남,2117855,1458043,45.25
2021-11,FULL,imp:사우디아라비아,2565113,1117735,129.49
2021-11,FULL,imp:석유제품,2311028,791469,191.99
2021-11,FULL,imp:석탄,1965103,718560,173.48
2021-11,FULL,imp:승용차,983984,1396304,-29.53
2021-11,FULL,imp:원유,6618662,2904960,127.84
2021-11,FULL,imp:유럽연합,5060102,5659468,-10.59
2021-11,FULL,imp:일본,4863816,4054282,19.97
2021-11,FULL,imp:정밀기기,1391106,1315624,5.74
2021-11,FULL,imp:중국,13663761,10286167,32.84
2021-11,FULL,imp:호주,3478892,1715033,102.85
2021-12,D10,exp:TOTAL,19462154,16190161,20.21
2021-12,D10,exp:가전제품,254172,215216,18.10
2021-12,D10,exp:대만,656805,559704,17.35
2021-12,D10,exp:말레이시아,476554,245810,93.87
2021-12,D10,exp:무선통신기기,885480,981189,-9.75
2021-12,D10,exp:미국,2604658,2203190,18.22
2021-12,D10,exp:반도체,3638412,2877605,26.44
2021-12,D10,exp:베트남,1953918,1801382,8.47
2021-12,D10,exp:석유제품,1237783,648634,90.83
2021-12,D10,exp:선박,466928,588933,-20.72
2021-12,D10,exp:승용차,988398,1054080,-6.23
2021-12,D10,exp:싱가포르,426922,195764,118.08
2021-12,D10,exp:유럽연합,2095787,1858739,12.75
2021-12,D10,exp:인도,450273,400573,12.41
2021-12,D10,exp:일본,1067919,880471,21.29
2021-12,D10,exp:자동차부품,715364,731131,-2.16
2021-12,D10,exp:정밀기기,442283,410910,7.64
2021-12,D10,exp:중국,5151331,4123309,24.93
2021-12,D10,exp:철강제품,1599332,1188223,34.60
2021-12,D10,exp:컴퓨터주변기기,397990,257269,54.70
2021-12,D10,exp:홍콩,700555,724468,-3.30
2021-12,D10,imp:TOTAL,21957021,15453967,42.08
2021-12,D10,imp:가스,1651035,625341,164.02
2021-12,D10,imp:기계류,885322,747654,18.41
2021-12,D10,imp:대만,804036,603858,33.15
2021-12,D10,imp:러시아 연방,789205,239646,229.32
2021-12,D10,imp:말레이시아,433400,275243,57.46
2021-12,D10,imp:무선통신기기,406736,420829,-3.35
2021-12,D10,imp:미국,2119450,1776779,19.29
2021-12,D10,imp:반도체,2399253,1744106,37.56
2021-12,D10,imp:반도체제조용장비,603973,444351,35.92
2021-12,D10,imp:베트남,726581,476053,52.63
2021-12,D10,imp:사우디아라비아,1531863,550437,178.30
2021-12,D10,imp:석유제품,912423,279827,226.07
2021-12,D10,imp:석탄,727461,278417,161.28
2021-12,D10,imp:승용차,479173,569410,-15.85
2021-12,D10,imp:원유,2664388,1498193,77.84
2021-12,D10,imp:유럽연합,2160918,1885968,14.58
2021-12,D10,imp:일본,1914246,1643676,16.46
2021-12,D10,imp:정밀기기,519804,485931,6.97
2021-12,D10,imp:중국,4932776,3804843,29.64
2021-12,D10,imp:호주,1300208,723522,79.71
2021-12,D20,exp:TOTAL,36887008,30745327,19.98
2021-12,D20,exp:가전제품,467046,393856,18.58
2021-12,D20,exp:대만,1328645,1027826,29.27
2021-12,D20,exp:말레이시아,750532,438232,71.26
2021-12,D20,exp:무선통신기기,1610635,1847128,-12.80
2021-12,D20,exp:미국,5056142,4244400,19.13
2021-12,D20,exp:반도체,7371529,5784582,27.43
2021-12,D20,exp:베트남,3664167,3305907,10.84
2021-12,D20,exp:석유제품,2294546,1207927,89.96
2021-12,D20,exp:선박,761347,1266606,-39.89
2021-12,D20,exp:승용차,2024498,2111741,-4.13
2021-12,D20,exp:싱가포르,877585,511596,71.54
2021-12,D20,exp:유럽연합,4005956,3396321,17.95
2021-12,D20,exp:인도,852838,775007,10.04
2021-12,D20,exp:일본,1853634,1575617,17.64
2021-12,D20,exp:자동차부품,1254424,1272713,-1.44
2021-12,D20,exp:정밀기기,812255,737679,10.11
2021-12,D20,exp:중국,9809660,8007402,22.51
2021-12,D20,exp:철강제품,3138526,2255489,39.15
2021-12,D20,exp:컴퓨터주변기기,881446,506919,73.88
2021-12,D20,exp:홍콩,1469246,1530349,-3.99
2021-12,D20,imp:TOTAL,39318331,27842065,41.22
2021-12,D20,imp:가스,2276177,1211996,87.80
2021-12,D20,imp:기계류,1579851,1390091,13.65
2021-12,D20,imp:대만,1454480,1092393,33.15
2021-12,D20,imp:러시아 연방,1330349,581904,128.62
2021-12,D20,imp:말레이시아,735799,574258,28.13
2021-12,D20,imp:무선통신기기,891501,819010,8.85
2021-12,D20,imp:미국,3896125,2991234,30.25
2021-12,D20,imp:반도체,4432620,3007949,47.36
2021-12,D20,imp:반도체제조용장비,1231284,1055232,16.68
2021-12,D20,imp:베트남,1392481,976599,42.58
2021-12,D20,imp:사우디아라비아,2426416,1089934,122.62
2021-12,D20,imp:석유제품,1713410,646209,165.15
2021-12,D20,imp:석탄,1175548,402889,191.78
2021-12,D20,imp:승용차,818158,852692,-4.05
2021-12,D20,imp:원유,4783796,2540879,88.27
2021-12,D20,imp:유럽연합,3921249,3559883,10.15
2021-12,D20,imp:일본,3356716,2924382,14.78
2021-12,D20,imp:정밀기기,963823,882571,9.21
2021-12,D20,imp:중국,9103589,6827296,33.34
2021-12,D20,imp:호주,2325421,1250953,85.89
2021-12,FULL,exp:TOTAL,60734117,51332449,18.32
2021-12,FULL,exp:가전제품,735376,601557,22.25
2021-12,FULL,exp:대만,2333288,1774431,31.49
2021-12,FULL,exp:말레이시아,1226627,812077,51.05
2021-12,FULL,exp:무선통신기기,2303341,2728538,-15.58
2021-12,FULL,exp:미국,8787542,7157647,22.77
2021-12,FULL,exp:반도체,13014460,9705310,34.10
2021-12,FULL,exp:베트남,5617023,5242213,7.15
2021-12,FULL,exp:석유제품,3923110,2192977,78.89
2021-12,FULL,exp:선박,1339967,2725530,-50.84
2021-12,FULL,exp:승용차,4053649,3419613,18.54
2021-12,FULL,exp:싱가포르,1411021,908473,55.32
2021-12,FULL,exp:유럽연합,5972454,5458728,9.41
2021-12,FULL,exp:인도,1314390,1258791,4.42
2021-12,FULL,exp:일본,2712571,2332173,16.31
2021-12,FULL,exp:자동차부품,2038539,2070125,-1.53
2021-12,FULL,exp:정밀기기,1242750,1174976,5.77
2021-12,FULL,exp:중국,15342563,12710301,20.71
2021-12,FULL,exp:철강제품,5138997,3821773,34.47
2021-12,FULL,exp:컴퓨터주변기기,1543449,1025333,50.53
2021-12,FULL,exp:홍콩,3444273,3102677,11.01
2021-12,FULL,imp:TOTAL,61159671,44638246,37.01
2021-12,FULL,imp:가스,4080614,1852894,120.23
2021-12,FULL,imp:기계류,2489898,2301323,8.19
2021-12,FULL,imp:대만,2187757,1708030,28.09
2021-12,FULL,imp:러시아 연방,2023922,895156,126.10
2021-12,FULL,imp:말레이시아,1144029,941417,21.52
2021-12,FULL,imp:무선통신기기,1343113,1231693,9.05
2021-12,FULL,imp:미국,5701577,4910784,16.10
2021-12,FULL,imp:반도체,6583456,4754972,38.45
2021-12,FULL,imp:반도체제조용장비,2473322,2258413,9.52
2021-12,FULL,imp:베트남,2179674,1701861,28.08
2021-12,FULL,imp:사우디아라비아,3326878,1631449,103.92
2021-12,FULL,imp:석유제품,2630133,978920,168.68
2021-12,FULL,imp:석탄,1966719,800713,145.62
2021-12,FULL,imp:승용차,1099085,1546775,-28.94
2021-12,FULL,imp:원유,7088835,3807695,86.17
2021-12,FULL,imp:유럽연합,6699505,5989452,11.86
2021-12,FULL,imp:일본,5130742,4710209,8.93
2021-12,FULL,imp:정밀기기,1485226,1379005,7.70
2021-12,FULL,imp:중국,13829109,10881895,27.08
2021-12,FULL,imp:호주,3831862,1891325,102.60
2022-01,D10,exp:TOTAL,13982440,11209293,24.74
2022-01,D10,exp:가전제품,318329,125584,153.48
2022-01,D10,exp:대만,551872,377243,46.29
2022-01,D10,exp:말레이시아,245733,136482,80.05
2022-01,D10,exp:무선통신기기,390920,798305,-51.03
2022-01,D10,exp:미국,1945855,1442266,34.92
2022-01,D10,exp:반도체,2903640,2356315,23.23
2022-01,D10,exp:베트남,1463100,1248065,17.23
2022-01,D10,exp:석유제품,1010409,410786,145.97
2022-01,D10,exp:선박,320332,830432,-61.43
2022-01,D10,exp:승용차,839781,665606,26.17
2022-01,D10,exp:싱가포르,347807,168596,106.30
2022-01,D10,exp:유럽연합,1170158,1128073,3.73
2022-01,D10,exp:인도,375069,261051,43.68
2022-01,D10,exp:일본,652656,553707,17.87
2022-01,D10,exp:자동차부품,503068,390473,28.84
2022-01,D10,exp:정밀기기,339711,262910,29.21
2022-01,D10,exp:중국,3841357,3123936,22.97
2022-01,D10,exp:철강제품,1149117,775039,48.27
2022-01,D10,exp:컴퓨터주변기기,209528,176985,18.39
2022-01,D10,exp:홍콩,372813,486386,-23.35
2022-01,D10,imp:TOTAL,18969500,12032957,57.65
2022-01,D10,imp:가스,2385488,496026,380.92
2022-01,D10,imp:기계류,621764,577744,7.62
2022-01,D10,imp:대만,682035,582400,17.11
2022-01,D10,imp:러시아 연방,663673,331390,100.27
2022-01,D10,imp:말레이시아,547041,188467,190.26
2022-01,D10,imp:무선통신기기,299400,520485,-42.48
2022-01,D10,imp:미국,2236332,1322643,69.08
2022-01,D10,imp:반도체,1898232,1474891,28.70
2022-01,D10,imp:반도체제조용장비,529445,831142,-36.30
2022-01,D10,imp:베트남,794176,597285,32.96
2022-01,D10,imp:사우디아라비아,1034083,215822,379.14
2022-01,D10,imp:석유제품,736134,290525,153.38
2022-01,D10,imp:석탄,637789,129796,391.38
2022-01,D10,imp:승용차,203760,201650,1.05
2022-01,D10,imp:원유,2311248,1230602,87.81
2022-01,D10,imp:유럽연합,1494546,1261703,18.45
2022-01,D10,imp:일본,1115703,827906,34.76
2022-01,D10,imp:정밀기기,399941,329873,21.24
2022-01,D10,imp:중국,4134269,2958895,39.72
2022-01,D10,imp:호주,1295977,442939,192.59
2022-01,D20,exp:TOTAL,34553673,28224491,22.42
2022-01,D20,exp:가전제품,754397,369729,104.04
2022-01,D20,exp:대만,1165363,993500,17.30
2022-01,D20,exp:말레이시아,580189,377869,53.54
2022-01,D20,exp:무선통신기기,983621,1649636,-40.37
2022-01,D20,exp:미국,5055710,3938615,28.36
2022-01,D20,exp:반도체,6712707,5182780,29.52
2022-01,D20,exp:베트남,3269610,2987645,9.44
2022-01,D20,exp:석유제품,2359567,1211792,94.72
2022-01,D20,exp:선박,469446,1202698,-60.97
2022-01,D20,exp:승용차,2327894,1898391,22.62
2022-01,D20,exp:싱가포르,783838,377743,107.51
2022-01,D20,exp:유럽연합,3345427,2884889,15.96
2022-01,D20,exp:인도,914246,778276,17.47
2022-01,D20,exp:일본,1627798,1366538,19.12
2022-01,D20,exp:자동차부품,1233100,1091263,13.00
2022-01,D20,exp:정밀기기,755546,673672,12.15
2022-01,D20,exp:중국,8951176,7511989,19.16
2022-01,D20,exp:철강제품,3021347,2171294,39.15
2022-01,D20,exp:컴퓨터주변기기,743590,486041,52.99
2022-01,D20,exp:홍콩,1256132,1150437,9.19
2022-01,D20,imp:TOTAL,40223011,28974366,38.82
2022-01,D20,imp:가스,4018513,1250074,221.46
2022-01,D20,imp:기계류,1418613,1428148,-0.67
2022-01,D20,imp:대만,1511809,1261455,19.85
2022-01,D20,imp:러시아 연방,1254168,612206,104.86
2022-01,D20,imp:말레이시아,980910,477515,105.42
2022-01,D20,imp:무선통신기기,577679,964874,-40.13
2022-01,D20,imp:미국,4775915,3260069,46.50
2022-01,D20,imp:반도체,4152129,3262479,27.27
2022-01,D20,imp:반도체제조용장비,1217215,1848770,-34.16
2022-01,D20,imp:베트남,1615019,1302775,23.97
2022-01,D20,imp:사우디아라비아,2000666,687043,191.20
2022-01,D20,imp:석유제품,1558225,829700,87.81
2022-01,D20,imp:석탄,1248261,406133,207.35
2022-01,D20,imp:승용차,594710,434770,36.79
2022-01,D20,imp:원유,4904310,2410270,103.48
2022-01,D20,imp:유럽연합,3471892,3010815,15.31
2022-01,D20,imp:일본,2851869,2462113,15.83
2022-01,D20,imp:정밀기기,871180,838805,3.86
2022-01,D20,imp:중국,9125971,7203898,26.68
2022-01,D20,imp:호주,2479616,1248105,98.67
2022-01,FULL,exp:TOTAL,55455376,48006974,15.52
2022-01,FULL,exp:가전제품,1176873,591156,99.08
2022-01,FULL,exp:대만,1888769,1597108,18.26
2022-01,FULL,exp:말레이시아,852348,640337,33.11
2022-01,FULL,exp:무선통신기기,1663907,2384452,-30.22
2022-01,FULL,exp:미국,8569920,8412355,1.87
2022-01,FULL,exp:반도체,11015776,8908101,23.66
2022-01,FULL,exp:베트남,5305471,4642318,14.28
2022-01,FULL,exp:석유제품,3724347,1910154,94.98
2022-01,FULL,exp:선박,724661,3460434,-79.06
2022-01,FULL,exp:승용차,3924053,3815566,2.84
2022-01,FULL,exp:싱가포르,1375445,630652,118.10
2022-01,FULL,exp:유럽연합,5415309,4783880,13.20
2022-01,FULL,exp:인도,1465043,1271503,15.22
2022-01,FULL,exp:일본,2617191,2237046,16.99
2022-01,FULL,exp:자동차부품,1974136,1738840,13.53
2022-01,FULL,exp:정밀기기,1153749,1063384,8.50
2022-01,FULL,exp:중국,13369829,11787037,13.43
2022-01,FULL,exp:철강제품,5059390,3635859,39.15
2022-01,FULL,exp:컴퓨터주변기기,1527729,898908,69.95
2022-01,FULL,exp:홍콩,2497240,2441565,2.28
2022-01,FULL,imp:TOTAL,60606721,44456822,36.33
2022-01,FULL,imp:가스,6393872,2222080,187.74
2022-01,FULL,imp:기계류,2084558,2204040,-5.42
2022-01,FULL,imp:대만,2120717,1782007,19.01
2022-01,FULL,imp:러시아 연방,2016619,1001030,101.45
2022-01,FULL,imp:말레이시아,1563302,715623,118.45
2022-01,FULL,imp:무선통신기기,867974,1423995,-39.05
2022-01,FULL,imp:미국,7105625,5018162,41.60
2022-01,FULL,imp:반도체,5922089,4700349,25.99
2022-01,FULL,imp:반도체제조용장비,1791376,2784430,-35.66
2022-01,FULL,imp:베트남,2311736,2035501,13.57
2022-01,FULL,imp:사우디아라비아,3291498,1302924,152.62
2022-01,FULL,imp:석유제품,2226541,1290539,72.53
2022-01,FULL,imp:석탄,2090214,660321,216.55
2022-01,FULL,imp:승용차,783823,791941,-1.03
2022-01,FULL,imp:원유,7791770,4012043,94.21
2022-01,FULL,imp:유럽연합,5023341,4830632,3.99
2022-01,FULL,imp:일본,4457192,3947395,12.91
2022-01,FULL,imp:정밀기기,1285891,1256735,2.32
2022-01,FULL,imp:중국,13178864,10763268,22.44
2022-01,FULL,imp:호주,3955418,1827010,116.50
2022-02,D10,exp:TOTAL,15747782,17967017,-12.35
2022-02,D10,exp:가전제품,332477,254635,30.57
2022-02,D10,exp:대만,677379,614646,10.21
2022-02,D10,exp:말레이시아,297835,250237,19.02
2022-02,D10,exp:무선통신기기,472113,846432,-44.22
2022-02,D10,exp:미국,2196258,2658008,-17.37
2022-02,D10,exp:반도체,3298815,3073222,7.34
2022-02,D10,exp:베트남,1566081,1804374,-13.21
2022-02,D10,exp:석유제품,1358897,1023734,32.74
2022-02,D10,exp:선박,457935,702866,-34.85
2022-02,D10,exp:승용차,652796,1243780,-47.52
2022-02,D10,exp:싱가포르,379977,301736,25.93
2022-02,D10,exp:유럽연합,1468424,2207003,-33.47
2022-02,D10,exp:인도,407518,545689,-25.32
2022-02,D10,exp:일본,782487,948126,-17.47
2022-02,D10,exp:자동차부품,512231,791837,-35.31
2022-02,D10,exp:정밀기기,347243,427601,-18.79
2022-02,D10,exp:중국,4069820,4183238,-2.71
2022-02,D10,exp:철강제품,1262209,1332212,-5.25
2022-02,D10,exp:컴퓨터주변기기,377410,292985,28.82
2022-02,D10,exp:홍콩,584667,828556,-29.44
2022-02,D10,imp:TOTAL,19315322,20562693,-6.07
2022-02,D10,imp:가스,1239305,1881356,-34.13
2022-02,D10,imp:기계류,818727,920900,-11.09
2022-02,D10,imp:대만,616821,834363,-26.07
2022-02,D10,imp:러시아 연방,607376,328546,84.87
2022-02,D10,imp:말레이시아,444852,374924,18.65
2022-02,D10,imp:무선통신기기,216717,467170,-53.61
2022-02,D10,imp:미국,1950498,2910266,-32.98
2022-02,D10,imp:반도체,2021632,1999367,1.11
2022-02,D10,imp:반도체제조용장비,712280,1015179,-29.84
2022-02,D10,imp:베트남,725382,783603,-7.43
2022-02,D10,imp:사우디아라비아,1010234,664671,51.99
2022-02,D10,imp:석유제품,749851,690187,8.64
2022-02,D10,imp:석탄,544143,299783,81.51
2022-02,D10,imp:승용차,487056,387234,25.78
2022-02,D10,imp:원유,2381823,2064506,15.37
2022-02,D10,imp:유럽연합,1823468,2069626,-11.89
2022-02,D10,imp:일본,1859746,1883911,-1.28
2022-02,D10,imp:정밀기기,483616,523827,-7.68
2022-02,D10,imp:중국,4105900,4423651,-7.18
2022-02,D10,imp:호주,1138322,1019488,11.66
2022-02,D20,exp:TOTAL,34336310,30342975,13.16
2022-02,D20,exp:가전제품,693226,401549,72.64
2022-02,D20,exp:대만,1429896,1153130,24.00
2022-02,D20,exp:말레이시아,557014,490375,13.59
2022-02,D20,exp:무선통신기기,1136511,1380929,-17.70
2022-02,D20,exp:미국,4648530,4348391,6.90
2022-02,D20,exp:반도체,6775940,5747254,17.90
2022-02,D20,exp:베트남,3554893,2899706,22.59
2022-02,D20,exp:석유제품,2678587,1641150,63.21
2022-02,D20,exp:선박,1071617,1012462,5.84
2022-02,D20,exp:승용차,2144345,1934345,10.86
2022-02,D20,exp:싱가포르,762118,515950,47.71
2022-02,D20,exp:유럽연합,3652345,3549368,2.90
2022-02,D20,exp:인도,909219,924149,-1.62
2022-02,D20,exp:일본,1645914,1563853,5.25
2022-02,D20,exp:자동차부품,1098310,1231535,-10.82
2022-02,D20,exp:정밀기기,749930,723318,3.68
2022-02,D20,exp:중국,8624815,7651149,12.73
2022-02,D20,exp:철강제품,2707761,2329915,16.22
2022-02,D20,exp:컴퓨터주변기기,924084,591852,56.13
2022-02,D20,exp:홍콩,1308277,1345517,-2.77
2022-02,D20,imp:TOTAL,36169099,31885439,13.43
2022-02,D20,imp:가스,2172411,2512505,-13.54
2022-02,D20,imp:기계류,1414950,1414773,0.01
2022-02,D20,imp:대만,1264782,1274126,-0.73
2022-02,D20,imp:러시아 연방,1215365,542620,123.98
2022-02,D20,imp:말레이시아,952657,586569,62.41
2022-02,D20,imp:무선통신기기,553195,716381,-22.78
2022-02,D20,imp:미국,4283506,4446179,-3.66
2022-02,D20,imp:반도체,3956832,3167901,24.90
2022-02,D20,imp:반도체제조용장비,1378519,1628602,-15.36
2022-02,D20,imp:베트남,1388757,1260911,10.14
2022-02,D20,imp:사우디아라비아,1802047,1096844,64.29
2022-02,D20,imp:석유제품,1598257,1056109,51.33
2022-02,D20,imp:석탄,1199509,517092,131.97
2022-02,D20,imp:승용차,726040,645685,12.44
2022-02,D20,imp:원유,4998312,3156153,58.37
2022-02,D20,imp:유럽연합,3413752,3124886,9.24
2022-02,D20,imp:일본,3251012,3123017,4.10
2022-02,D20,imp:정밀기기,864075,860083,0.46
2022-02,D20,imp:중국,7080837,7070319,0.15
2022-02,D20,imp:호주,2130926,1519374,40.25
2022-02,FULL,exp:TOTAL,54155835,44706907,21.14
2022-02,FULL,exp:가전제품,1040601,563550,84.65
2022-02,FULL,exp:대만,2243277,1677060,33.76
2022-02,FULL,exp:말레이시아,905119,719892,25.73
2022-02,FULL,exp:무선통신기기,1664385,1845075,-9.79
2022-02,FULL,exp:미국,7740905,6396235,21.02
2022-02,FULL,exp:반도체,10545025,8556779,23.24
2022-02,FULL,exp:베트남,5236007,3907994,33.98
2022-02,FULL,exp:석유제품,4209060,2428358,73.33
2022-02,FULL,exp:선박,1704024,1450678,17.46
2022-02,FULL,exp:승용차,3631862,3373564,7.66
2022-02,FULL,exp:싱가포르,1426093,698979,104.03
2022-02,FULL,exp:유럽연합,5480970,5043302,8.68
2022-02,FULL,exp:인도,1351392,1286165,5.07
2022-02,FULL,exp:일본,2480974,2191909,13.19
2022-02,FULL,exp:자동차부품,1726005,1738988,-0.75
2022-02,FULL,exp:정밀기기,1145870,1016984,12.67
2022-02,FULL,exp:중국,13042436,11208799,16.36
2022-02,FULL,exp:철강제품,4664288,3539787,31.77
2022-02,FULL,exp:컴퓨터주변기기,1628901,967756,68.32
2022-02,FULL,exp:홍콩,2413335,2516269,-4.09
2022-02,FULL,imp:TOTAL,53482054,42404636,26.12
2022-02,FULL,imp:가스,3567512,3155357,13.06
2022-02,FULL,imp:기계류,2089815,1871688,11.65
2022-02,FULL,imp:대만,1982899,1768674,12.11
2022-02,FULL,imp:러시아 연방,1708454,879841,94.18
2022-02,FULL,imp:말레이시아,1208933,784989,54.01
2022-02,FULL,imp:무선통신기기,906809,934268,-2.94
2022-02,FULL,imp:미국,5965125,5761028,3.54
2022-02,FULL,imp:반도체,5607340,4223354,32.77
2022-02,FULL,imp:반도체제조용장비,1837467,2160778,-14.96
2022-02,FULL,imp:베트남,2073064,1692219,22.51
2022-02,FULL,imp:사우디아라비아,2713941,1590237,70.66
2022-02,FULL,imp:석유제품,2415597,1425870,69.41
2022-02,FULL,imp:석탄,1969899,717539,174.54
2022-02,FULL,imp:승용차,1117074,854315,30.76
2022-02,FULL,imp:원유,7259431,4278207,69.68
2022-02,FULL,imp:유럽연합,5165116,4291635,20.35
2022-02,FULL,imp:일본,4713195,4116807,14.49
2022-02,FULL,imp:정밀기기,1235975,1140484,8.37
2022-02,FULL,imp:중국,10410116,9021941,15.39
2022-02,FULL,imp:호주,3319970,2217456,49.72
2022-03,D10,exp:TOTAL,18838928,16303946,15.55
2022-03,D10,exp:가전제품,375851,231574,62.30
2022-03,D10,exp:대만,908941,603633,50.58
2022-03,D10,exp:말레이시아,264437,225993,17.01
2022-03,D10,exp:무선통신기기,586415,658774,-10.98
2022-03,D10,exp:미국,2662602,2514304,5.90
2022-03,D10,exp:반도체,3846212,2993422,28.49
2022-03,D10,exp:베트남,1830341,1371535,33.45
2022-03,D10,exp:석유제품,1847642,863493,113.97
2022-03,D10,exp:선박,252389,527614,-52.16
2022-03,D10,exp:승용차,725828,1007727,-27.97
2022-03,D10,exp:싱가포르,651268,270520,140.75
2022-03,D10,exp:유럽연합,1831585,1671988,9.55
2022-03,D10,exp:인도,433263,416023,4.14
2022-03,D10,exp:일본,818122,775498,5.50
2022-03,D10,exp:자동차부품,711200,687766,3.41
2022-03,D10,exp:정밀기기,409512,366949,11.60
2022-03,D10,exp:중국,4911391,4322246,13.63
2022-03,D10,exp:철강제품,1549276,1214781,27.54
2022-03,D10,exp:컴퓨터주변기기,466478,305361,52.76
2022-03,D10,exp:홍콩,654071,1019715,-35.86
2022-03,D10,imp:TOTAL,20230519,17460463,15.86
2022-03,D10,imp:가스,1765902,950429,85.80
2022-03,D10,imp:기계류,750126,832607,-9.91
2022-03,D10,imp:대만,777229,656972,18.30
2022-03,D10,imp:러시아 연방,446888,383645,16.48
2022-03,D10,imp:말레이시아,434934,302096,43.97
2022-03,D10,imp:무선통신기기,260018,384711,-32.41
2022-03,D10,imp:미국,2237780,2232226,0.25
2022-03,D10,imp:반도체,2101653,1769178,18.79
2022-03,D10,imp:반도체제조용장비,545063,1054742,-48.32
2022-03,D10,imp:베트남,645736,622072,3.80
2022-03,D10,imp:사우디아라비아,835997,401204,108.37
2022-03,D10,imp:석유제품,815974,557684,46.31
2022-03,D10,imp:석탄,602704,383129,57.31
2022-03,D10,imp:승용차,372508,396411,-6.03
2022-03,D10,imp:원유,2594613,1750086,48.26
2022-03,D10,imp:유럽연합,1918868,2244658,-14.51
2022-03,D10,imp:일본,1726415,1730213,-0.22
2022-03,D10,imp:정밀기기,472141,521383,-9.44
2022-03,D10,imp:중국,4188521,3541040,18.29
2022-03,D10,imp:호주,1290138,1004578,28.43
2022-03,D20,exp:TOTAL,37467375,33843994,10.71
2022-03,D20,exp:가전제품,711120,437957,62.37
2022-03,D20,exp:대만,1659084,1176881,40.97
2022-03,D20,exp:말레이시아,513509,444596,15.50
2022-03,D20,exp:무선통신기기,1427183,1321320,8.01
2022-03,D20,exp:미국,5360984,5021162,6.77
2022-03,D20,exp:반도체,7819558,5977145,30.82
2022-03,D20,exp:베트남,3731773,2844254,31.20
2022-03,D20,exp:석유제품,3283270,1710051,92.00
2022-03,D20,exp:선박,695294,1516982,-54.17
2022-03,D20,exp:승용차,2036335,2487603,-18.14
2022-03,D20,exp:싱가포르,1192539,749604,59.09
2022-03,D20,exp:유럽연합,3852088,3994803,-3.57
2022-03,D20,exp:인도,931615,916027,1.70
2022-03,D20,exp:일본,1567060,1526286,2.67
2022-03,D20,exp:자동차부품,1252943,1379885,-9.20
2022-03,D20,exp:정밀기기,795453,769600,3.36
2022-03,D20,exp:중국,9698813,8708102,11.38
2022-03,D20,exp:철강제품,3000057,2597277,15.51
2022-03,D20,exp:컴퓨터주변기기,1029633,629972,63.44
2022-03,D20,exp:홍콩,1358804,1776353,-23.51
2022-03,D20,imp:TOTAL,39514113,33090219,19.41
2022-03,D20,imp:가스,3528500,1662595,112.23
2022-03,D20,imp:기계류,1477230,1632834,-9.53
2022-03,D20,imp:대만,1469159,1283114,14.50
2022-03,D20,imp:러시아 연방,1038995,761866,36.38
2022-03,D20,imp:말레이시아,715074,608848,17.45
2022-03,D20,imp:무선통신기기,682165,676717,0.81
2022-03,D20,imp:미국,4665278,4095418,13.91
2022-03,D20,imp:반도체,3912229,3155641,23.98
2022-03,D20,imp:반도체제조용장비,1191963,1750544,-31.91
2022-03,D20,imp:베트남,1493230,1291170,15.65
2022-03,D20,imp:사우디아라비아,2157534,1097835,96.53
2022-03,D20,imp:석유제품,1746005,1143821,52.65
2022-03,D20,imp:석탄,1161385,690454,68.21
2022-03,D20,imp:승용차,588739,856294,-31.25
2022-03,D20,imp:원유,5455370,3366495,62.05
2022-03,D20,imp:유럽연합,3537757,4050743,-12.66
2022-03,D20,imp:일본,3344615,3233234,3.44
2022-03,D20,imp:정밀기기,889571,947124,-6.08
2022-03,D20,imp:중국,7681132,6937169,10.72
2022-03,D20,imp:호주,2563183,1780851,43.93
2022-03,FULL,exp:TOTAL,63786835,53690914,18.80
2022-03,FULL,exp:가전제품,1176426,706532,66.51
2022-03,FULL,exp:대만,2621276,1901696,37.84
2022-03,FULL,exp:말레이시아,982354,729309,34.70
2022-03,FULL,exp:무선통신기기,2241883,1912330,17.23
2022-03,FULL,exp:미국,9638757,7970756,20.93
2022-03,FULL,exp:반도체,13297573,9711666,36.92
2022-03,FULL,exp:베트남,6136686,4207079,45.87
2022-03,FULL,exp:석유제품,5552821,2783163,99.51
2022-03,FULL,exp:선박,1454394,2312452,-37.11
2022-03,FULL,exp:승용차,3782908,4201058,-9.95
2022-03,FULL,exp:싱가포르,2118976,1111517,90.64
2022-03,FULL,exp:유럽연합,6215615,6329354,-1.80
2022-03,FULL,exp:인도,1508013,1335901,12.88
2022-03,FULL,exp:일본,2775632,2415077,14.93
2022-03,FULL,exp:자동차부품,2111612,2095282,0.78
2022-03,FULL,exp:정밀기기,1312612,1162624,12.90
2022-03,FULL,exp:중국,15642332,13408119,16.66
2022-03,FULL,exp:철강제품,5075646,4153911,22.19
2022-03,FULL,exp:컴퓨터주변기기,1875292,1193894,57.07
2022-03,FULL,exp:홍콩,2845963,3402418,-16.35
2022-03,FULL,imp:TOTAL,63811102,49742555,28.28
2022-03,FULL,imp:가스,5696569,2166189,162.98
2022-03,FULL,imp:기계류,2489480,2456660,1.34
2022-03,FULL,imp:대만,2419488,1970970,22.76
2022-03,FULL,imp:러시아 연방,1656503,1125761,47.15
2022-03,FULL,imp:말레이시아,1325683,837988,58.20
2022-03,FULL,imp:무선통신기기,1269132,1068765,18.75
2022-03,FULL,imp:미국,6996572,6221033,12.47
2022-03,FULL,imp:반도체,6237991,4853188,28.53
2022-03,FULL,imp:반도체제조용장비,1976529,2818176,-29.86
2022-03,FULL,imp:베트남,2632676,2107989,24.89
2022-03,FULL,imp:사우디아라비아,3468901,1493344,132.29
2022-03,FULL,imp:석유제품,2428360,1611333,50.71
2022-03,FULL,imp:석탄,2138297,1036460,106.31
2022-03,FULL,imp:승용차,1121059,1252744,-10.51
2022-03,FULL,imp:원유,8466710,4532165,86.81
2022-03,FULL,imp:유럽연합,5860515,6066799,-3.40
2022-03,FULL,imp:일본,5335420,4834352,10.36
2022-03,FULL,imp:정밀기기,1447328,1447290,0.00
2022-03,FULL,imp:중국,12626984,10884575,16.01
2022-03,FULL,imp:호주,4394022,2693118,63.16
2022-04,D10,exp:TOTAL,15355040,14896402,3.08
2022-04,D10,exp:가전제품,298860,213984,39.66
2022-04,D10,exp:대만,532743,510390,4.38
2022-04,D10,exp:말레이시아,239144,221655,7.89
2022-04,D10,exp:무선통신기기,663130,739550,-10.33
2022-04,D10,exp:미국,2304884,2215485,4.04
2022-04,D10,exp:반도체,2940567,2574540,14.22
2022-04,D10,exp:베트남,1589165,1378383,15.29
2022-04,D10,exp:석유제품,1495364,736992,102.90
2022-04,D10,exp:선박,260795,324956,-19.74
2022-04,D10,exp:승용차,921303,1061151,-13.18
2022-04,D10,exp:싱가포르,475394,231478,105.37
2022-04,D10,exp:유럽연합,1372761,1340765,2.39
2022-04,D10,exp:인도,388622,431858,-10.01
2022-04,D10,exp:일본,752589,851642,-11.63
2022-04,D10,exp:자동차부품,472646,625282,-24.41
2022-04,D10,exp:정밀기기,308573,333221,-7.40
2022-04,D10,exp:중국,3915233,4058786,-3.54
2022-04,D10,exp:철강제품,1221736,1167799,4.62
2022-04,D10,exp:컴퓨터주변기기,304931,249528,22.20
2022-04,D10,exp:홍콩,346943,578618,-40.04
2022-04,D10,imp:TOTAL,18812614,16710235,12.58
2022-04,D10,imp:가스,1091576,455092,139.86
2022-04,D10,imp:기계류,698824,789416,-11.48
2022-04,D10,imp:대만,657186,578878,13.53
2022-04,D10,imp:러시아 연방,458439,384207,19.32
2022-04,D10,imp:말레이시아,375868,302068,24.43
2022-04,D10,imp:무선통신기기,222947,480411,-53.59
2022-04,D10,imp:미국,2167986,2447548,-11.42
2022-04,D10,imp:반도체,1624556,1500236,8.29
2022-04,D10,imp:반도체제조용장비,746233,764200,-2.35
2022-04,D10,imp:베트남,675622,694752,-2.75
2022-04,D10,imp:사우디아라비아,1188528,740015,60.61
2022-04,D10,imp:석유제품,985669,573827,71.77
2022-04,D10,imp:석탄,555266,273836,102.77
2022-04,D10,imp:승용차,407248,411082,-0.93
2022-04,D10,imp:원유,3051194,2141560,42.48
2022-04,D10,imp:유럽연합,1964419,1659887,18.35
2022-04,D10,imp:일본,1477036,1551646,-4.81
2022-04,D10,imp:정밀기기,436263,428682,1.77
2022-04,D10,imp:중국,3442557,3568767,-3.54
2022-04,D10,imp:호주,716728,762989,-6.06
2022-04,D20,exp:TOTAL,36368152,31026874,17.22
2022-04,D20,exp:가전제품,715695,451929,58.36
2022-04,D20,exp:대만,1360754,1045960,30.10
2022-04,D20,exp:말레이시아,528027,486898,8.45
2022-04,D20,exp:무선통신기기,1233298,1381318,-10.72
2022-04,D20,exp:미국,5810764,4472329,29.93
2022-04,D20,exp:반도체,6741747,5485499,22.90
2022-04,D20,exp:베트남,3565052,2595250,37.37
2022-04,D20,exp:석유제품,3354034,1777454,88.70
2022-04,D20,exp:선박,661110,996645,-33.67
2022-04,D20,exp:승용차,2203448,2227183,-1.07
2022-04,D20,exp:싱가포르,1079075,539154,100.14
2022-04,D20,exp:유럽연합,3623843,3224449,12.39
2022-04,D20,exp:인도,1008076,863048,16.80
2022-04,D20,exp:일본,1785258,1635427,9.16
2022-04,D20,exp:자동차부품,1241963,1196512,3.80
2022-04,D20,exp:정밀기기,706232,666973,5.89
2022-04,D20,exp:중국,8604312,8459298,1.71
2022-04,D20,exp:철강제품,3128435,2484108,25.94
2022-04,D20,exp:컴퓨터주변기기,754573,564693,33.63
2022-04,D20,exp:홍콩,951374,1404567,-32.27
2022-04,D20,imp:TOTAL,41370183,33059082,25.14
2022-04,D20,imp:가스,1904258,1012090,88.15
2022-04,D20,imp:기계류,1539463,1542200,-0.18
2022-04,D20,imp:대만,1650706,1152638,43.21
2022-04,D20,imp:러시아 연방,1196575,984326,21.56
2022-04,D20,imp:말레이시아,769046,538496,42.81
2022-04,D20,imp:무선통신기기,541640,788616,-31.32
2022-04,D20,imp:미국,4423966,4432304,-0.19
2022-04,D20,imp:반도체,3976569,3098766,28.33
2022-04,D20,imp:반도체제조용장비,1280242,1524120,-16.00
2022-04,D20,imp:베트남,1514144,1384246,9.38
2022-04,D20,imp:사우디아라비아,2456530,1224482,100.62
2022-04,D20,imp:석유제품,1944059,1326463,46.56
2022-04,D20,imp:석탄,1409127,563509,150.06
2022-04,D20,imp:승용차,788282,861356,-8.48
2022-04,D20,imp:원유,6802367,3764189,80.71
2022-04,D20,imp:유럽연합,4002463,3494190,14.55
2022-04,D20,imp:일본,3314701,3182315,4.16
2022-04,D20,imp:정밀기기,971141,880292,10.32
2022-04,D20,imp:중국,8125180,7465400,8.84
2022-04,D20,imp:호주,1810744,1421617,27.37
2022-04,FULL,exp:TOTAL,57842816,51225991,12.92
2022-04,FULL,exp:가전제품,1062869,730147,45.57
2022-04,FULL,exp:대만,2309273,1770535,30.43
2022-04,FULL,exp:말레이시아,1012967,799769,26.66
2022-04,FULL,exp:무선통신기기,1832280,2062663,-11.17
2022-04,FULL,exp:미국,9605726,7557229,27.11
2022-04,FULL,exp:반도체,11000265,9516174,15.60
2022-04,FULL,exp:베트남,5405345,4334987,24.69
2022-04,FULL,exp:석유제품,5201649,2974647,74.87
2022-04,FULL,exp:선박,951101,1158623,-17.91
2022-04,FULL,exp:승용차,4191342,3975318,5.43
2022-04,FULL,exp:싱가포르,1857721,884063,110.13
2022-04,FULL,exp:유럽연합,5542786,5161638,7.38
2022-04,FULL,exp:인도,1540595,1351273,14.01
2022-04,FULL,exp:일본,2624894,2489525,5.44
2022-04,FULL,exp:자동차부품,1888966,1953874,-3.32
2022-04,FULL,exp:정밀기기,1077163,1077834,-0.06
2022-04,FULL,exp:중국,12949234,13401058,-3.37
2022-04,FULL,exp:철강제품,5065473,4184319,21.06
2022-04,FULL,exp:컴퓨터주변기기,1804001,1050254,71.77
2022-04,FULL,exp:홍콩,2299944,2985366,-22.96
2022-04,FULL,imp:TOTAL,60213185,50891152,18.32
2022-04,FULL,imp:가스,3030539,1463779,107.04
2022-04,FULL,imp:기계류,2224411,2359603,-5.73
2022-04,FULL,imp:대만,2398831,1852259,29.51
2022-04,FULL,imp:러시아 연방,1682872,1560840,7.82
2022-04,FULL,imp:말레이시아,1168138,776237,50.49
2022-04,FULL,imp:무선통신기기,989194,1179179,-16.11
2022-04,FULL,imp:미국,6606658,6440357,2.58
2022-04,FULL,imp:반도체,5813153,4816417,20.69
2022-04,FULL,imp:반도체제조용장비,1913970,2808810,-31.86
2022-04,FULL,imp:베트남,2338354,2138288,9.36
2022-04,FULL,imp:사우디아라비아,3530835,1686216,109.39
2022-04,FULL,imp:석유제품,2547145,1870367,36.18
2022-04,FULL,imp:석탄,2132908,860017,148.01
2022-04,FULL,imp:승용차,1094495,1286294,-14.91
2022-04,FULL,imp:원유,9594652,5412029,77.28
2022-04,FULL,imp:유럽연합,5515213,5661417,-2.58
2022-04,FULL,imp:일본,4879908,4845079,0.72
2022-04,FULL,imp:정밀기기,1375374,1320919,4.12
2022-04,FULL,imp:중국,12332268,11517639,7.07
2022-04,FULL,imp:호주,2936619,2406133,22.05
2022-05,D10,exp:TOTAL,16107911,12471926,29.15
2022-05,D10,exp:가전제품,311456,213330,46.00
2022-05,D10,exp:대만,972715,471401,106.35
2022-05,D10,exp:말레이시아,210150,191881,9.52
2022-05,D10,exp:무선통신기기,460916,633290,-27.22
2022-05,D10,exp:미국,2343725,1848473,26.79
2022-05,D10,exp:반도체,2798281,2525855,10.79
2022-05,D10,exp:베트남,1442745,1109158,30.08
2022-05,D10,exp:석유제품,2435632,660132,268.96
2022-05,D10,exp:선박,395873,411252,-3.74
2022-05,D10,exp:승용차,596003,753012,-20.85
2022-05,D10,exp:싱가포르,580027,255433,127.08
2022-05,D10,exp:유럽연합,1446721,1141544,26.73
2022-05,D10,exp:인도,428272,234137,82.92
2022-05,D10,exp:일본,827029,608150,35.99
2022-05,D10,exp:자동차부품,505821,444524,13.79
2022-05,D10,exp:정밀기기,295649,256746,15.15
2022-05,D10,exp:중국,3758374,3426560,9.68
2022-05,D10,exp:철강제품,1233404,976568,26.30
2022-05,D10,exp:컴퓨터주변기기,337123,200658,68.01
2022-05,D10,exp:홍콩,324229,502301,-35.45
2022-05,D10,imp:TOTAL,19773678,14683166,34.67
2022-05,D10,imp:가스,814443,539615,50.93
2022-05,D10,imp:기계류,744299,640463,16.21
2022-05,D10,imp:대만,814231,612558,32.92
2022-05,D10,imp:러시아 연방,416387,363070,14.69
2022-05,D10,imp:말레이시아,297263,258704,14.90
2022-05,D10,imp:무선통신기기,265515,280456,-5.33
2022-05,D10,imp:미국,2132153,2153333,-0.98
2022-05,D10,imp:반도체,1906818,1509297,26.34
2022-05,D10,imp:반도체제조용장비,671016,606482,10.64
2022-05,D10,imp:베트남,683292,577857,18.25
2022-05,D10,imp:사우디아라비아,1370104,672424,103.76
2022-05,D10,imp:석유제품,974960,663517,46.94
2022-05,D10,imp:석탄,654043,204385,220.01
2022-05,D10,imp:승용차,559345,537067,4.15
2022-05,D10,imp:원유,3085429,1992317,54.87
2022-05,D10,imp:유럽연합,1829540,1501126,21.88
2022-05,D10,imp:일본,1094065,1019371,7.33
2022-05,D10,imp:정밀기기,444987,380451,16.96
2022-05,D10,imp:중국,4490422,3095783,45.05
2022-05,D10,imp:호주,880751,656972,34.06
2022-05,D20,exp:TOTAL,38645593,31111855,24.22
2022-05,D20,exp:가전제품,700474,488115,43.51
2022-05,D20,exp:대만,1914072,1111635,72.19
2022-05,D20,exp:말레이시아,472852,499197,-5.28
2022-05,D20,exp:무선통신기기,1039777,1321484,-21.32
2022-05,D20,exp:미국,5926634,4650472,27.44
2022-05,D20,exp:반도체,6607586,5822198,13.49
2022-05,D20,exp:베트남,3309543,2600351,27.27
2022-05,D20,exp:석유제품,4541567,1824014,148.99
2022-05,D20,exp:선박,1189502,926168,28.43
2022-05,D20,exp:승용차,2223613,1893730,17.42
2022-05,D20,exp:싱가포르,1125088,973399,15.58
2022-05,D20,exp:유럽연합,3765513,3013981,24.93
2022-05,D20,exp:인도,1060656,661531,60.33
2022-05,D20,exp:일본,1867783,1448348,28.96
2022-05,D20,exp:자동차부품,1258155,1162251,8.25
2022-05,D20,exp:정밀기기,707851,638021,10.94
2022-05,D20,exp:중국,8870589,8295411,6.93
2022-05,D20,exp:철강제품,3216328,2572691,25.02
2022-05,D20,exp:컴퓨터주변기기,976701,665362,46.79
2022-05,D20,exp:홍콩,954041,1398599,-31.79
2022-05,D20,imp:TOTAL,43360838,31536604,37.49
2022-05,D20,imp:가스,2023092,1293507,56.40
2022-05,D20,imp:기계류,1589045,1541711,3.07
2022-05,D20,imp:대만,1656373,1259789,31.48
2022-05,D20,imp:러시아 연방,772967,799458,-3.31
2022-05,D20,imp:말레이시아,667961,607362,9.98
2022-05,D20,imp:무선통신기기,592014,617670,-4.15
2022-05,D20,imp:미국,5285284,4368415,20.99
2022-05,D20,imp:반도체,4221062,3190817,32.29
2022-05,D20,imp:반도체제조용장비,1470323,1361203,8.02
2022-05,D20,imp:베트남,1360061,1246443,9.12
2022-05,D20,imp:사우디아라비아,2838079,1368539,107.38
2022-05,D20,imp:석유제품,1675289,1195197,40.17
2022-05,D20,imp:석탄,1971107,467921,321.25
2022-05,D20,imp:승용차,920748,1064180,-13.48
2022-05,D20,imp:원유,7149207,3861696,85.13
2022-05,D20,imp:유럽연합,3847185,3719321,3.44
2022-05,D20,imp:일본,2733616,2398893,13.95
2022-05,D20,imp:정밀기기,900819,821574,9.65
2022-05,D20,imp:중국,9481428,6901208,37.39
2022-05,D20,imp:호주,2576359,1341161,92.10
2022-05,FULL,exp:TOTAL,61591326,50725161,21.42
2022-05,FULL,exp:가전제품,1065338,746839,42.65
2022-05,FULL,exp:대만,2949302,1950812,51.18
2022-05,FULL,exp:말레이시아,897014,935343,-4.10
2022-05,FULL,exp:무선통신기기,1492113,1917326,-22.18
2022-05,FULL,exp:미국,9620649,7448016,29.17
2022-05,FULL,exp:반도체,11716680,10260720,14.19
2022-05,FULL,exp:베트남,4951819,4167819,18.81
2022-05,FULL,exp:석유제품,6560055,3127999,109.72
2022-05,FULL,exp:선박,1924034,1314529,46.37
2022-05,FULL,exp:승용차,3908749,3322196,17.66
2022-05,FULL,exp:싱가포르,1652991,1381625,19.64
2022-05,FULL,exp:유럽연합,6041565,4904488,23.18
2022-05,FULL,exp:인도,1700823,993776,71.15
2022-05,FULL,exp:일본,2830500,2361627,19.85
2022-05,FULL,exp:자동차부품,1894156,1755162,7.92
2022-05,FULL,exp:정밀기기,1082068,1026777,5.38
2022-05,FULL,exp:중국,13419779,13246809,1.31
2022-05,FULL,exp:철강제품,5144964,4231339,21.59
2022-05,FULL,exp:컴퓨터주변기기,1800048,1220535,47.48
2022-05,FULL,exp:홍콩,2637335,3093420,-14.74
2022-05,FULL,imp:TOTAL,63168380,47910522,31.85
2022-05,FULL,imp:가스,3062921,1779588,72.11
2022-05,FULL,imp:기계류,2438016,2342287,4.09
2022-05,FULL,imp:대만,2427229,1908779,27.16
2022-05,FULL,imp:러시아 연방,1068994,1294682,-17.43
2022-05,FULL,imp:말레이시아,997825,923161,8.09
2022-05,FULL,imp:무선통신기기,1011107,1001652,0.94
2022-05,FULL,imp:미국,7196286,6436130,11.81
2022-05,FULL,imp:반도체,6172927,4834270,27.69
2022-05,FULL,imp:반도체제조용장비,2235554,2157416,3.62
2022-05,FULL,imp:베트남,2175085,1845275,17.87
2022-05,FULL,imp:사우디아라비아,3730847,1821417,104.83
2022-05,FULL,imp:석유제품,2304710,1751573,31.58
2022-05,FULL,imp:석탄,2794455,843014,231.48
2022-05,FULL,imp:승용차,1310828,1498909,-12.55
2022-05,FULL,imp:원유,8945185,5382448,66.19
2022-05,FULL,imp:유럽연합,6058720,5564547,8.88
2022-05,FULL,imp:일본,4259692,3967898,7.35
2022-05,FULL,imp:정밀기기,1384857,1252757,10.54
2022-05,FULL,imp:중국,14515941,10874644,33.48
2022-05,FULL,imp:호주,3832748,2075597,84.66
2022-06,D10,exp:TOTAL,15083505,,
2022-06,D10,exp:가전제품,214921,,
2022-06,D10,exp:대만,700293,,
2022-06,D10,exp:말레이시아,334761,,
2022-06,D10,exp:무선통신기기,495399,,
2022-06,D10,exp:미국,2406351,,
2022-06,D10,exp:반도체,3165137,,
2022-06,D10,exp:베트남,1385185,,
2022-06,D10,exp:석유제품,1920452,,
2022-06,D10,exp:선박,388233,,
2022-06,D10,exp:승용차,623559,,
2022-06,D10,exp:싱가포르,573044,,
2022-06,D10,exp:유럽연합,1277410,,
2022-06,D10,exp:인도,299771,,
2022-06,D10,exp:일본,729056,,
2022-06,D10,exp:자동차부품,494981,,
2022-06,D10,exp:정밀기기,271072,,
2022-06,D10,exp:중국,3658390,,
2022-06,D10,exp:철강제품,1213786,,
2022-06,D10,exp:컴퓨터주변기기,286224,,
2022-06,D10,exp:홍콩,371185,,
2022-06,D10,imp:TOTAL,21029172,,
2022-06,D10,imp:가스,816417,,
2022-06,D10,imp:기계류,724512,,
2022-06,D10,imp:대만,900880,,
2022-06,D10,imp:러시아 연방,328099,,
2022-06,D10,imp:말레이시아,382428,,
2022-06,D10,imp:무선통신기기,247831,,
2022-06,D10,imp:미국,2526792,,
2022-06,D10,imp:반도체,2453140,,
2022-06,D10,imp:반도체제조용장비,524053,,
2022-06,D10,imp:베트남,601735,,
2022-06,D10,imp:사우디아라비아,1242330,,
2022-06,D10,imp:석유제품,936463,,
2022-06,D10,imp:석탄,1173711,,
2022-06,D10,imp:승용차,346306,,
2022-06,D10,imp:원유,3736005,,
2022-06,D10,imp:유럽연합,1478301,,
2022-06,D10,imp:일본,1587046,,
2022-06,D10,imp:정밀기기,428148,,
2022-06,D10,imp:중국,4287987,,
2022-06,D10,imp:호주,1156895,,
2022-06,D20,exp:TOTAL,31251473,,
2022-06,D20,exp:가전제품,462233,,
2022-06,D20,exp:대만,1384791,,
2022-06,D20,exp:말레이시아,618386,,
2022-06,D20,exp:무선통신기기,984612,,
2022-06,D20,exp:미국,4879472,,
2022-06,D20,exp:반도체,6356781,,
2022-06,D20,exp:베트남,2805800,,
2022-06,D20,exp:석유제품,3673718,,
2022-06,D20,exp:선박,704234,,
2022-06,D20,exp:승용차,1600389,,
2022-06,D20,exp:싱가포르,1010341,,
2022-06,D20,exp:유럽연합,2848129,,
2022-06,D20,exp:인도,711072,,
2022-06,D20,exp:일본,1523850,,
2022-06,D20,exp:자동차부품,1032905,,
2022-06,D20,exp:정밀기기,572428,,
2022-06,D20,exp:중국,7633489,,
2022-06,D20,exp:철강제품,2574703,,
2022-06,D20,exp:컴퓨터주변기기,559901,,
2022-06,D20,exp:홍콩,872779,,
2022-06,D20,imp:TOTAL,38855644,,
2022-06,D20,imp:가스,1549899,,
2022-06,D20,imp:기계류,1519034,,
2022-06,D20,imp:대만,1631206,,
2022-06,D20,imp:러시아 연방,510979,,
2022-06,D20,imp:말레이시아,600499,,
2022-06,D20,imp:무선통신기기,510468,,
2022-06,D20,imp:미국,4614321,,
2022-06,D20,imp:반도체,4471493,,
2022-06,D20,imp:반도체제조용장비,1179879,,
2022-06,D20,imp:베트남,1213888,,
2022-06,D20,imp:사우디아라비아,2085955,,
2022-06,D20,imp:석유제품,1531959,,
2022-06,D20,imp:석탄,1661734,,
2022-06,D20,imp:승용차,651659,,
2022-06,D20,imp:원유,6023117,,
2022-06,D20,imp:유럽연합,3452286,,
2022-06,D20,imp:일본,2957375,,
2022-06,D20,imp:정밀기기,874396,,
2022-06,D20,imp:중국,8938594,,
2022-06,D20,imp:호주,1883765,,
2022-06,FULL,exp:TOTAL,57679934,,
2022-06,FULL,exp:가전제품,783308,,
2022-06,FULL,exp:대만,2415618,,
2022-06,FULL,exp:말레이시아,1007057,,
2022-06,FULL,exp:무선통신기기,1658342,,
2022-06,FULL,exp:미국,9768741,,
2022-06,FULL,exp:반도체,12584790,,
2022-06,FULL,exp:베트남,4846173,,
2022-06,FULL,exp:석유제품,5613644,,
2022-06,FULL,exp:선박,1210207,,
2022-06,FULL,exp:승용차,3726499,,
2022-06,FULL,exp:싱가포르,1532102,,
2022-06,FULL,exp:유럽연합,5235366,,
2022-06,FULL,exp:인도,1428532,,
2022-06,FULL,exp:일본,2651096,,
2022-06,FULL,exp:자동차부품,1837424,,
2022-06,FULL,exp:정밀기기,995090,,
2022-06,FULL,exp:중국,12960973,,
2022-06,FULL,exp:철강제품,4794575,,
2022-06,FULL,exp:컴퓨터주변기기,1694572,,
2022-06,FULL,exp:홍콩,2819014,,
2022-06,FULL,imp:TOTAL,60149906,,
2022-06,FULL,imp:가스,2328645,,
2022-06,FULL,imp:기계류,2420704,,
2022-06,FULL,imp:대만,2538659,,
2022-06,FULL,imp:러시아 연방,802197,,
2022-06,FULL,imp:말레이시아,966204,,
2022-06,FULL,imp:무선통신기기,923958,,
2022-06,FULL,imp:미국,6769779,,
2022-06,FULL,imp:반도체,6802954,,
2022-06,FULL,imp:반도체제조용장비,2183413,,
2022-06,FULL,imp:베트남,1983011,,
2022-06,FULL,imp:사우디아라비아,3199895,,
2022-06,FULL,imp:석유제품,2325734,,
2022-06,FULL,imp:석탄,2862703,,
2022-06,FULL,imp:승용차,1053632,,
2022-06,FULL,imp:원유,8553251,,
2022-06,FULL,imp:유럽연합,5630970,,
2022-06,FULL,imp:일본,4530262,,
2022-06,FULL,imp:정밀기기,1355952,,
2022-06,FULL,imp:중국,14158524,,
2022-06,FULL,imp:호주,3736348,,
2022-08,D10,exp:TOTAL,15608383,12734452,22.57
2022-08,D10,exp:가전제품,255219,136581,86.86
2022-08,D10,exp:대만,660384,627547,5.23
2022-08,D10,exp:말레이시아,339680,200164,69.70
2022-08,D10,exp:무선통신기기,563974,685101,-17.68
2022-08,D10,exp:미국,1937176,1652512,17.23
2022-08,D10,exp:반도체,2990284,3151710,-5.12
2022-08,D10,exp:베트남,1462475,1325626,10.32
2022-08,D10,exp:석유제품,2213856,812227,172.57
2022-08,D10,exp:선박,76083,38861,95.78
2022-08,D10,exp:승용차,420925,144604,191.09
2022-08,D10,exp:싱가포르,710855,268335,164.91
2022-08,D10,exp:유럽연합,1629259,983147,65.72
2022-08,D10,exp:인도,479243,329256,45.55
2022-08,D10,exp:일본,675571,579560,16.57
2022-08,D10,exp:자동차부품,399339,311841,28.06
2022-08,D10,exp:정밀기기,314139,287014,9.45
2022-08,D10,exp:중국,3885710,4023053,-3.41
2022-08,D10,exp:철강제품,1245951,984594,26.54
2022-08,D10,exp:컴퓨터주변기기,238223,293283,-18.77
2022-08,D10,exp:홍콩,329189,592088,-44.40
2022-08,D10,imp:TOTAL,23348972,17419016,34.04
2022-08,D10,imp:가스,1876164,956081,96.23
2022-08,D10,imp:기계류,815223,704908,15.65
2022-08,D10,imp:대만,1005212,602341,66.88
2022-08,D10,imp:러시아 연방,367557,577296,-36.33
2022-08,D10,imp:말레이시아,348580,246042,41.67
2022-08,D10,imp:무선통신기기,364178,299533,21.58
2022-08,D10,imp:미국,2641601,2252772,17.26
2022-08,D10,imp:반도체,2586786,1789034,44.59
2022-08,D10,imp:반도체제조용장비,654352,528404,23.84
2022-08,D10,imp:베트남,891484,570345,56.31
2022-08,D10,imp:사우디아라비아,1531703,771061,98.65
2022-08,D10,imp:석유제품,864214,833139,3.73
2022-08,D10,imp:석탄,1012514,385603,162.58
2022-08,D10,imp:승용차,603530,351498,71.70
2022-08,D10,imp:원유,3293369,2198803,49.78
2022-08,D10,imp:유럽연합,1773692,1880985,-5.70
2022-08,D10,imp:일본,1783708,1618065,10.24
2022-08,D10,imp:정밀기기,530212,442936,19.70
2022-08,D10,imp:중국,4799880,3714107,29.23
2022-08,D10,imp:호주,1233028,955110,29.10
2022-08,D20,exp:TOTAL,33355057,32173134,3.67
2022-08,D20,exp:가전제품,452180,413760,9.29
2022-08,D20,exp:대만,1304075,1312311,-0.63
2022-08,D20,exp:말레이시아,725512,416064,74.38
2022-08,D20,exp:무선통신기기,1073360,1423565,-24.60
2022-08,D20,exp:미국,4738914,4709862,0.62
2022-08,D20,exp:반도체,6271259,6779227,-7.49
2022-08,D20,exp:베트남,3066342,2995384,2.37
2022-08,D20,exp:석유제품,4252366,2022249,110.28
2022-08,D20,exp:선박,668009,584756,14.24
2022-08,D20,exp:승용차,1763247,1446639,21.89
2022-08,D20,exp:싱가포르,1374261,646758,112.48
2022-08,D20,exp:유럽연합,3342416,2778529,20.29
2022-08,D20,exp:인도,1007135,879873,14.46
2022-08,D20,exp:일본,1451158,1562476,-7.12
2022-08,D20,exp:자동차부품,1028350,949478,8.31
2022-08,D20,exp:정밀기기,674654,683943,-1.36
2022-08,D20,exp:중국,8089111,9138127,-11.48
2022-08,D20,exp:철강제품,2725596,2745588,-0.73
2022-08,D20,exp:컴퓨터주변기기,510464,757790,-32.64
2022-08,D20,exp:홍콩,772920,1405630,-45.01
2022-08,D20,imp:TOTAL,43578684,35752140,21.89
2022-08,D20,imp:가스,3090911,1723210,79.37
2022-08,D20,imp:기계류,1535389,1455863,5.46
2022-08,D20,imp:대만,1734260,1328470,30.55
2022-08,D20,imp:러시아 연방,676702,1111280,-39.11
2022-08,D20,imp:말레이시아,776774,523013,48.52
2022-08,D20,imp:무선통신기기,804737,699606,15.03
2022-08,D20,imp:미국,5299121,4464915,18.68
2022-08,D20,imp:반도체,4515188,3636880,24.15
2022-08,D20,imp:반도체제조용장비,1130335,1010110,11.90
2022-08,D20,imp:베트남,1783479,1315835,35.54
2022-08,D20,imp:사우디아라비아,3351879,1689041,98.45
2022-08,D20,imp:석유제품,1695607,1735570,-2.30
2022-08,D20,imp:석탄,2136318,877678,143.41
2022-08,D20,imp:승용차,1109138,768573,44.31
2022-08,D20,imp:원유,7232049,4700370,53.86
2022-08,D20,imp:유럽연합,3611959,3684691,-1.97
2022-08,D20,imp:일본,2916094,2967782,-1.74
2022-08,D20,imp:정밀기기,942053,896681,5.06
2022-08,D20,imp:중국,8776601,7681939,14.25
2022-08,D20,imp:호주,2345032,2085818,12.43
2022-08,FULL,exp:TOTAL,56605950,53165104,6.47
2022-08,FULL,exp:가전제품,750592,671436,11.79
2022-08,FULL,exp:대만,2219440,2138340,3.79
2022-08,FULL,exp:말레이시아,1213956,714211,69.97
2022-08,FULL,exp:무선통신기기,1601817,2207421,-27.43
2022-08,FULL,exp:미국,8751247,7704224,13.59
2022-08,FULL,exp:반도체,11067131,11898826,-6.99
2022-08,FULL,exp:베트남,4733042,4850338,-2.42
2022-08,FULL,exp:석유제품,6671348,3122421,113.66
2022-08,FULL,exp:선박,1134136,1600931,-29.16
2022-08,FULL,exp:승용차,3954946,2863877,38.10
2022-08,FULL,exp:싱가포르,2213095,1116604,98.20
2022-08,FULL,exp:유럽연합,5398354,5035500,7.21
2022-08,FULL,exp:인도,1630462,1285755,26.81
2022-08,FULL,exp:일본,2546588,2522980,0.94
2022-08,FULL,exp:자동차부품,1747597,1518929,15.05
2022-08,FULL,exp:정밀기기,1103321,1119960,-1.49
2022-08,FULL,exp:중국,13116160,13881328,-5.51
2022-08,FULL,exp:철강제품,4577755,4454150,2.78
2022-08,FULL,exp:컴퓨터주변기기,1257613,1581329,-20.47
2022-08,FULL,exp:홍콩,1949320,3415829,-42.93
2022-08,FULL,imp:TOTAL,66027733,51581093,28.01
2022-08,FULL,imp:가스,5000413,2316528,115.86
2022-08,FULL,imp:기계류,2506799,2165277,15.77
2022-08,FULL,imp:대만,2660237,2026278,31.29
2022-08,FULL,imp:러시아 연방,923885,1537346,-39.90
2022-08,FULL,imp:말레이시아,1255579,710923,76.61
2022-08,FULL,imp:무선통신기기,1297859,1138608,13.99
2022-08,FULL,imp:미국,7779216,6210232,25.26
2022-08,FULL,imp:반도체,6826134,5444477,25.38
2022-08,FULL,imp:반도체제조용장비,1796918,1583126,13.50
2022-08,FULL,imp:베트남,2774920,2123504,30.68
2022-08,FULL,imp:사우디아라비아,4649287,2200441,111.29
2022-08,FULL,imp:석유제품,2276840,2209604,3.04
2022-08,FULL,imp:석탄,2959394,1274030,132.29
2022-08,FULL,imp:승용차,1531793,990256,54.69
2022-08,FULL,imp:원유,10538860,6078925,73.37
2022-08,FULL,imp:유럽연합,5862100,5210517,12.51
2022-08,FULL,imp:일본,4462975,4454302,0.19
2022-08,FULL,imp:정밀기기,1469753,1339454,9.73
2022-08,FULL,imp:중국,13501248,11731429,15.09
2022-08,FULL,imp:호주,4006709,2761561,45.09
2022-09,D10,exp:TOTAL,16130192,19481599,-17.20
2022-09,D10,exp:가전제품,175381,275196,-36.27
2022-09,D10,exp:대만,515973,688715,-25.08
2022-09,D10,exp:말레이시아,262010,222713,17.64
2022-09,D10,exp:무선통신기기,615336,807625,-23.81
2022-09,D10,exp:미국,2496544,2833039,-11.88
2022-09,D10,exp:반도체,3481612,3226675,7.90
2022-09,D10,exp:베트남,1490245,1683255,-11.47
2022-09,D10,exp:석유제품,1616585,1508224,7.18
2022-09,D10,exp:선박,142659,402027,-64.52
2022-09,D10,exp:승용차,1062287,1299853,-18.28
2022-09,D10,exp:싱가포르,527692,577161,-8.57
2022-09,D10,exp:유럽연합,1675223,2198758,-23.81
2022-09,D10,exp:인도,455987,531294,-14.17
2022-09,D10,exp:일본,807699,1005605,-19.68
2022-09,D10,exp:자동차부품,608979,723777,-15.86
2022-09,D10,exp:정밀기기,352036,485685,-27.52
2022-09,D10,exp:중국,4122316,5226105,-21.12
2022-09,D10,exp:철강제품,1026160,1643375,-37.56
2022-09,D10,exp:컴퓨터주변기기,311354,394277,-21.03
2022-09,D10,exp:홍콩,487763,690402,-29.35
2022-09,D10,imp:TOTAL,18599862,20964720,-11.28
2022-09,D10,imp:가스,2141373,1121080,91.01
2022-09,D10,imp:기계류,599236,782456,-23.42
2022-09,D10,imp:대만,746222,837364,-10.88
2022-09,D10,imp:러시아 연방,323121,824317,-60.80
2022-09,D10,imp:말레이시아,442494,343708,28.74
2022-09,D10,imp:무선통신기기,239644,325825,-26.45
2022-09,D10,imp:미국,1851984,2545025,-27.23
2022-09,D10,imp:반도체,1812529,2211115,-18.03
2022-09,D10,imp:반도체제조용장비,345881,491455,-29.62
2022-09,D10,imp:베트남,646955,640166,1.06
2022-09,D10,imp:사우디아라비아,1296952,879951,47.39
2022-09,D10,imp:석유제품,765059,1146183,-33.25
2022-09,D10,imp:석탄,638225,676131,-5.61
2022-09,D10,imp:승용차,344795,325749,5.85
2022-09,D10,imp:원유,3272923,2840732,15.21
2022-09,D10,imp:유럽연합,1469044,2051669,-28.40
2022-09,D10,imp:일본,1379577,1816147,-24.04
2022-09,D10,imp:정밀기기,423661,466670,-9.22
2022-09,D10,imp:중국,3237267,4269098,-24.17
2022-09,D10,imp:호주,1071082,1242763,-13.81
2022-09,D20,exp:TOTAL,32755635,36114119,-9.30
2022-09,D20,exp:가전제품,389021,478374,-18.68
2022-09,D20,exp:대만,1172285,1339433,-12.48
2022-09,D20,exp:말레이시아,600568,468738,28.12
2022-09,D20,exp:무선통신기기,1216095,1642039,-25.94
2022-09,D20,exp:미국,5001990,5069928,-1.34
2022-09,D20,exp:반도체,6898313,6664492,3.51
2022-09,D20,exp:베트남,2872437,3304135,-13.07
2022-09,D20,exp:석유제품,3329216,2507533,32.77
2022-09,D20,exp:선박,667477,508107,31.37
2022-09,D20,exp:승용차,2189756,2373097,-7.73
2022-09,D20,exp:싱가포르,1376631,978833,40.64
2022-09,D20,exp:유럽연합,3181949,3781137,-15.85
2022-09,D20,exp:인도,911963,1039099,-12.24
2022-09,D20,exp:일본,1516141,1672398,-9.34
2022-09,D20,exp:자동차부품,1116733,1273779,-12.33
2022-09,D20,exp:정밀기기,704912,829258,-14.99
2022-09,D20,exp:중국,8246152,9609787,-14.19
2022-09,D20,exp:철강제품,2100043,3082515,-31.87
2022-09,D20,exp:컴퓨터주변기기,624220,838393,-25.55
2022-09,D20,exp:홍콩,1090731,1524581,-28.46
2022-09,D20,imp:TOTAL,37015079,34946901,5.92
2022-09,D20,imp:가스,3863405,1883264,105.14
2022-09,D20,imp:기계류,1293280,1372353,-5.76
2022-09,D20,imp:대만,1544467,1320943,16.92
2022-09,D20,imp:러시아 연방,527587,1202724,-56.13
2022-09,D20,imp:말레이시아,793043,556433,42.52
2022-09,D20,imp:무선통신기기,516406,591661,-12.72
2022-09,D20,imp:미국,4358636,4036737,7.97
2022-09,D20,imp:반도체,4069897,3663161,11.10
2022-09,D20,imp:반도체제조용장비,771961,869973,-11.27
2022-09,D20,imp:베트남,1440739,1202881,19.77
2022-09,D20,imp:사우디아라비아,1915195,1457404,31.41
2022-09,D20,imp:석유제품,1277389,2023259,-36.86
2022-09,D20,imp:석탄,1296246,1149243,12.79
2022-09,D20,imp:승용차,675297,579738,16.48
2022-09,D20,imp:원유,5325613,4594610,15.91
2022-09,D20,imp:유럽연합,3090510,3370972,-8.32
2022-09,D20,imp:일본,2877467,3121649,-7.82
2022-09,D20,imp:정밀기기,868805,792124,9.68
2022-09,D20,imp:중국,7341438,7121818,3.08
2022-09,D20,imp:호주,2419950,2376050,1.85
2022-09,FULL,exp:TOTAL,57176300,55913862,2.26
2022-09,FULL,exp:가전제품,640647,683852,-6.32
2022-09,FULL,exp:대만,1985916,2206938,-10.01
2022-09,FULL,exp:말레이시아,919007,842732,9.05
2022-09,FULL,exp:무선통신기기,1918478,2405181,-20.24
2022-09,FULL,exp:미국,9248928,7983934,15.84
2022-09,FULL,exp:반도체,11772503,12375886,-4.88
2022-09,FULL,exp:베트남,4761384,5101701,-6.67
2022-09,FULL,exp:석유제품,5292847,3627056,45.93
2022-09,FULL,exp:선박,1158512,977972,18.46
2022-09,FULL,exp:승용차,4574495,3395841,34.71
2022-09,FULL,exp:싱가포르,1939090,1332202,45.56
2022-09,FULL,exp:유럽연합,5409112,5459807,-0.93
2022-09,FULL,exp:인도,1615030,1493611,8.13
2022-09,FULL,exp:일본,2581743,2541018,1.60
2022-09,FULL,exp:자동차부품,1955883,1779617,9.90
2022-09,FULL,exp:정밀기기,1233422,1238141,-0.38
2022-09,FULL,exp:중국,13342692,14291980,-6.64
2022-09,FULL,exp:철강제품,3964009,4754873,-16.63
2022-09,FULL,exp:컴퓨터주변기기,1507736,1797734,-16.13
2022-09,FULL,exp:홍콩,2873739,3852088,-25.40
2022-09,FULL,imp:TOTAL,61012837,51636341,18.16
2022-09,FULL,imp:가스,6652106,2547083,161.17
2022-09,FULL,imp:기계류,2108238,2197241,-4.05
2022-09,FULL,imp:대만,2652550,1939973,36.73
2022-09,FULL,imp:러시아 연방,946436,1602907,-40.96
2022-09,FULL,imp:말레이시아,1764247,924906,90.75
2022-09,FULL,imp:무선통신기기,914211,1039988,-12.09
2022-09,FULL,imp:미국,6657837,5959730,11.71
2022-09,FULL,imp:반도체,6687695,5607583,19.26
2022-09,FULL,imp:반도체제조용장비,1496799,1501416,-0.31
2022-09,FULL,imp:베트남,2281161,1976767,15.40
2022-09,FULL,imp:사우디아라비아,3486158,2085924,67.13
2022-09,FULL,imp:석유제품,1862758,2406225,-22.59
2022-09,FULL,imp:석탄,2147597,1616249,32.88
2022-09,FULL,imp:승용차,1051436,846360,24.23
2022-09,FULL,imp:원유,8962679,5764059,55.49
2022-09,FULL,imp:유럽연합,5282763,5310873,-0.53
2022-09,FULL,imp:일본,4435942,4649135,-4.59
2022-09,FULL,imp:정밀기기,1373453,1264113,8.65
2022-09,FULL,imp:중국,12677996,11409467,11.12
2022-09,FULL,imp:호주,3765504,3287105,14.55
2022-10,D10,exp:TOTAL,11784731,14781281,-20.27
2022-10,D10,exp:가전제품,142319,203224,-29.97
2022-10,D10,exp:대만,409367,662076,-38.17
2022-10,D10,exp:말레이시아,176326,318166,-44.58
2022-10,D10,exp:무선통신기기,595140,753526,-21.02
2022-10,D10,exp:미국,1635638,2077835,-21.28
2022-10,D10,exp:반도체,2226543,2803547,-20.58
2022-10,D10,exp:베트남,1276827,1450197,-11.95
2022-10,D10,exp:석유제품,1049593,1323028,-20.67
2022-10,D10,exp:선박,508150,287949,76.47
2022-10,D10,exp:승용차,944714,896794,5.34
2022-10,D10,exp:싱가포르,319096,408583,-21.90
2022-10,D10,exp:유럽연합,1420342,1279395,11.02
2022-10,D10,exp:인도,353073,375083,-5.87
2022-10,D10,exp:일본,527455,833546,-36.72
2022-10,D10,exp:자동차부품,380814,444218,-14.27
2022-10,D10,exp:정밀기기,289542,323184,-10.41
2022-10,D10,exp:중국,2986149,3899036,-23.41
2022-10,D10,exp:철강제품,795605,1256123,-36.66
2022-10,D10,exp:컴퓨터주변기기,159490,251934,-36.69
2022-10,D10,exp:홍콩,222887,320536,-30.46
2022-10,D10,imp:TOTAL,15615812,17614819,-11.35
2022-10,D10,imp:가스,1013543,1217114,-16.73
2022-10,D10,imp:기계류,573880,631741,-9.16
2022-10,D10,imp:대만,635518,663398,-4.20
2022-10,D10,imp:러시아 연방,226372,523089,-56.72
2022-10,D10,imp:말레이시아,316355,255481,23.83
2022-10,D10,imp:무선통신기기,779630,560592,39.07
2022-10,D10,imp:미국,1733751,2098905,-17.40
2022-10,D10,imp:반도체,1707207,1706558,0.04
2022-10,D10,imp:반도체제조용장비,555188,463426,19.80
2022-10,D10,imp:베트남,551250,617251,-10.69
2022-10,D10,imp:사우디아라비아,1036494,715040,44.96
2022-10,D10,imp:석유제품,765080,893334,-14.36
2022-10,D10,imp:석탄,486985,440640,10.52
2022-10,D10,imp:승용차,344295,251064,37.13
2022-10,D10,imp:원유,2632271,2446979,7.57
2022-10,D10,imp:유럽연합,1515519,1678944,-9.73
2022-10,D10,imp:일본,1281072,1526503,-16.08
2022-10,D10,imp:정밀기기,357810,450878,-20.64
2022-10,D10,imp:중국,3446397,3315046,3.96
2022-10,D10,imp:호주,681181,1046106,-34.88
2022-10,D20,exp:TOTAL,32352884,34296898,-5.67
2022-10,D20,exp:가전제품,386425,468444,-17.51
2022-10,D20,exp:대만,999186,1364322,-26.76
2022-10,D20,exp:말레이시아,467117,668917,-30.17
2022-10,D20,exp:무선통신기기,1287675,1525835,-15.61
2022-10,D20,exp:미국,5138731,4838911,6.20
2022-10,D20,exp:반도체,5572560,6393621,-12.84
2022-10,D20,exp:베트남,3141677,3084816,1.84
2022-10,D20,exp:석유제품,3121861,2616675,19.31
2022-10,D20,exp:선박,990900,1409225,-29.68
2022-10,D20,exp:승용차,2647824,2007633,31.89
2022-10,D20,exp:싱가포르,912653,819848,11.32
2022-10,D20,exp:유럽연합,3501481,3381551,3.55
2022-10,D20,exp:인도,899409,856876,4.96
2022-10,D20,exp:일본,1394034,1660633,-16.05
2022-10,D20,exp:자동차부품,1155271,1052915,9.72
2022-10,D20,exp:정밀기기,710984,746403,-4.75
2022-10,D20,exp:중국,7621649,9108605,-16.32
2022-10,D20,exp:철강제품,2388769,2900758,-17.65
2022-10,D20,exp:컴퓨터주변기기,426782,611389,-30.19
2022-10,D20,exp:홍콩,1036298,972612,6.55
2022-10,D20,imp:TOTAL,37346779,36670916,1.84
2022-10,D20,imp:가스,2792424,2258890,23.62
2022-10,D20,imp:기계류,1536671,1470355,4.51
2022-10,D20,imp:대만,1461371,1390815,5.07
2022-10,D20,imp:러시아 연방,498363,1089987,-54.28
2022-10,D20,imp:말레이시아,775991,532964,45.60
2022-10,D20,imp:무선통신기기,1348540,1295619,4.08
2022-10,D20,imp:미국,4672603,4392624,6.37
2022-10,D20,imp:반도체,4327958,3799213,13.92
2022-10,D20,imp:반도체제조용장비,1041289,919944,13.19
2022-10,D20,imp:베트남,1380705,1288211,7.18
2022-10,D20,imp:사우디아라비아,1703038,1726716,-1.37
2022-10,D20,imp:석유제품,1295136,1589160,-18.50
2022-10,D20,imp:석탄,1032679,899241,14.84
2022-10,D20,imp:승용차,733455,544949,34.59
2022-10,D20,imp:원유,4767068,4782346,-0.32
2022-10,D20,imp:유럽연합,3677616,3723628,-1.24
2022-10,D20,imp:일본,2973026,3162567,-5.99
2022-10,D20,imp:정밀기기,911892,935051,-2.48
2022-10,D20,imp:중국,8785235,7918952,10.94
2022-10,D20,imp:호주,1669261,1853607,-9.95
2022-10,FULL,exp:TOTAL,52428092,55660373,-5.81
2022-10,FULL,exp:가전제품,565207,727345,-22.29
2022-10,FULL,exp:대만,1794126,2226232,-19.41
2022-10,FULL,exp:말레이시아,717097,1025860,-30.10
2022-10,FULL,exp:무선통신기기,1971231,2248571,-12.33
2022-10,FULL,exp:미국,8591668,8066783,6.51
2022-10,FULL,exp:반도체,9515297,11387012,-16.44
2022-10,FULL,exp:베트남,4959096,4904971,1.10
2022-10,FULL,exp:석유제품,4500682,4143569,8.62
2022-10,FULL,exp:선박,1343085,1485588,-9.59
2022-10,FULL,exp:승용차,4716609,3655070,29.04
2022-10,FULL,exp:싱가포르,1323398,1353718,-2.24
2022-10,FULL,exp:유럽연합,5616301,5088835,10.37
2022-10,FULL,exp:인도,1403230,1401205,0.14
2022-10,FULL,exp:일본,2272321,2614684,-13.09
2022-10,FULL,exp:자동차부품,1793371,1726050,3.90
2022-10,FULL,exp:정밀기기,1128689,1188546,-5.04
2022-10,FULL,exp:중국,12155841,14415867,-15.68
2022-10,FULL,exp:철강제품,4014704,4612785,-12.97
2022-10,FULL,exp:컴퓨터주변기기,1008583,1385185,-27.19
2022-10,FULL,exp:홍콩,2006520,2739663,-26.76
2022-10,FULL,imp:TOTAL,59167185,53847824,9.88
2022-10,FULL,imp:가스,5593133,3121933,79.16
2022-10,FULL,imp:기계류,2238267,2214348,1.08
2022-10,FULL,imp:대만,2239636,1987232,12.70
2022-10,FULL,imp:러시아 연방,981854,1524646,-35.60
2022-10,FULL,imp:말레이시아,1320383,999565,32.10
2022-10,FULL,imp:무선통신기기,1935496,1880429,2.93
2022-10,FULL,imp:미국,6692906,5995841,11.63
2022-10,FULL,imp:반도체,6712539,5577044,20.36
2022-10,FULL,imp:반도체제조용장비,1567977,1503977,4.26
2022-10,FULL,imp:베트남,2111583,1975876,6.87
2022-10,FULL,imp:사우디아라비아,3217906,2434351,32.19
2022-10,FULL,imp:석유제품,1864935,2377310,-21.55
2022-10,FULL,imp:석탄,1875524,1337670,40.21
2022-10,FULL,imp:승용차,1231743,882684,39.55
2022-10,FULL,imp:원유,8045414,6486477,24.03
2022-10,FULL,imp:유럽연합,5559671,5372044,3.49
2022-10,FULL,imp:일본,4300343,4696430,-8.43
2022-10,FULL,imp:정밀기기,1350907,1370763,-1.45
2022-10,FULL,imp:중국,13411941,11984639,11.91
2022-10,FULL,imp:호주,3233994,2878302,12.36
2022-11,D10,exp:TOTAL,17673191,18219156,-3.00
2022-11,D10,exp:가전제품,197671,261800,-24.50
2022-11,D10,exp:대만,571549,831656,-31.28
2022-11,D10,exp:말레이시아,269311,344197,-21.76
2022-11,D10,exp:무선통신기기,700334,806806,-13.20
2022-11,D10,exp:미국,3023885,2510378,20.46
2022-11,D10,exp:반도체,2760437,3776683,-26.91
2022-11,D10,exp:베트남,1665135,1646226,1.15
2022-11,D10,exp:석유제품,1964244,1206221,62.84
2022-11,D10,exp:선박,384302,232072,65.60
2022-11,D10,exp:승용차,1456382,1106809,31.58
2022-11,D10,exp:싱가포르,372402,464783,-19.88
2022-11,D10,exp:유럽연합,1858436,1740980,6.75
2022-11,D10,exp:인도,460239,404935,13.66
2022-11,D10,exp:일본,748420,824798,-9.26
2022-11,D10,exp:자동차부품,673774,578255,16.52
2022-11,D10,exp:정밀기기,355502,426606,-16.67
2022-11,D10,exp:중국,3895999,5208219,-25.20
2022-11,D10,exp:철강제품,1272157,1424842,-10.72
2022-11,D10,exp:컴퓨터주변기기,282976,386882,-26.86
2022-11,D10,exp:홍콩,580608,783712,-25.92
2022-11,D10,imp:TOTAL,19743606,21181966,-6.79
2022-11,D10,imp:가스,1253273,1482136,-15.44
2022-11,D10,imp:기계류,784907,846330,-7.26
2022-11,D10,imp:대만,731106,847243,-13.71
2022-11,D10,imp:러시아 연방,427908,677484,-36.84
2022-11,D10,imp:말레이시아,388757,225220,72.61
2022-11,D10,imp:무선통신기기,260883,513875,-49.23
2022-11,D10,imp:미국,2264338,2907906,-22.13
2022-11,D10,imp:반도체,2101889,2297002,-8.49
2022-11,D10,imp:반도체제조용장비,671897,772007,-12.97
2022-11,D10,imp:베트남,705710,763734,-7.60
2022-11,D10,imp:사우디아라비아,1005985,958565,4.95
2022-11,D10,imp:석유제품,705803,796518,-11.39
2022-11,D10,imp:석탄,678835,589488,15.16
2022-11,D10,imp:승용차,645250,244872,163.51
2022-11,D10,imp:원유,2555302,2258235,13.15
2022-11,D10,imp:유럽연합,1992673,1775531,12.23
2022-11,D10,imp:일본,1599628,1775102,-9.89
2022-11,D10,imp:정밀기기,495915,503734,-1.55
2022-11,D10,imp:중국,4469888,4949736,-9.69
2022-11,D10,imp:호주,773326,1508018,-48.72
2022-11,D20,exp:TOTAL,33073391,39801144,-16.90
2022-11,D20,exp:가전제품,342231,505503,-32.30
2022-11,D20,exp:대만,1187447,1554200,-23.60
2022-11,D20,exp:말레이시아,586007,677396,-13.49
2022-11,D20,exp:무선통신기기,1365563,1720707,-20.64
2022-11,D20,exp:미국,5693714,5143018,10.71
2022-11,D20,exp:반도체,5284029,7480706,-29.36
2022-11,D20,exp:베트남,3067422,3582173,-14.37
2022-11,D20,exp:석유제품,3041060,2647477,14.87
2022-11,D20,exp:선박,895494,3127359,-71.37
2022-11,D20,exp:승용차,3131728,2450609,27.79
2022-11,D20,exp:싱가포르,764981,948863,-19.38
2022-11,D20,exp:유럽연합,3310594,3385562,-2.21
2022-11,D20,exp:인도,804338,976913,-17.67
2022-11,D20,exp:일본,1468837,1793213,-18.09
2022-11,D20,exp:자동차부품,1184300,1199654,-1.28
2022-11,D20,exp:정밀기기,647964,831894,-22.11
2022-11,D20,exp:중국,7402890,10315711,-28.24
2022-11,D20,exp:철강제품,2467521,3033013,-18.64
2022-11,D20,exp:컴퓨터주변기기,485965,840989,-42.22
2022-11,D20,exp:홍콩,960841,1494624,-35.71
2022-11,D20,imp:TOTAL,37527036,39771324,-5.64
2022-11,D20,imp:가스,2970269,2496296,18.99
2022-11,D20,imp:기계류,1637260,1590760,2.92
2022-11,D20,imp:대만,1272628,1490243,-14.60
2022-11,D20,imp:러시아 연방,753082,1643913,-54.19
2022-11,D20,imp:말레이시아,778315,528252,47.34
2022-11,D20,imp:무선통신기기,487202,983631,-50.47
2022-11,D20,imp:미국,4653294,4923858,-5.49
2022-11,D20,imp:반도체,3739431,4268313,-12.39
2022-11,D20,imp:반도체제조용장비,1205092,1522054,-20.82
2022-11,D20,imp:베트남,1296359,1472251,-11.95
2022-11,D20,imp:사우디아라비아,2056338,1854335,10.89
2022-11,D20,imp:석유제품,1281619,1714492,-25.25
2022-11,D20,imp:석탄,1313313,1285923,2.13
2022-11,D20,imp:승용차,1195862,624879,91.37
2022-11,D20,imp:원유,5518787,4634250,19.09
2022-11,D20,imp:유럽연합,3747243,3420407,9.56
2022-11,D20,imp:일본,2858646,3374022,-15.27
2022-11,D20,imp:정밀기기,890353,955033,-6.77
2022-11,D20,imp:중국,8158813,9286258,-12.14
2022-11,D20,imp:호주,2088220,2438505,-14.36
2022-11,FULL,exp:TOTAL,51771855,60330542,-14.19
2022-11,FULL,exp:가전제품,497155,745999,-33.36
2022-11,FULL,exp:대만,1936579,2398739,-19.27
2022-11,FULL,exp:말레이시아,827644,954468,-13.29
2022-11,FULL,exp:무선통신기기,1940223,2429169,-20.13
2022-11,FULL,exp:미국,8775694,8133640,7.89
2022-11,FULL,exp:반도체,8743404,12251805,-28.64
2022-11,FULL,exp:베트남,4648870,5478297,-15.14
2022-11,FULL,exp:석유제품,4854931,4033437,20.37
2022-11,FULL,exp:선박,1059596,3477774,-69.53
2022-11,FULL,exp:승용차,5160253,3926337,31.43
2022-11,FULL,exp:싱가포르,1306892,1463579,-10.71
2022-11,FULL,exp:유럽연합,5274216,5299695,-0.48
2022-11,FULL,exp:인도,1379462,1473320,-6.37
2022-11,FULL,exp:일본,2301716,2813250,-18.18
2022-11,FULL,exp:자동차부품,1788629,1770837,1.00
2022-11,FULL,exp:정밀기기,999407,1233398,-18.97
2022-11,FULL,exp:중국,11377960,15272549,-25.50
2022-11,FULL,exp:철강제품,4189712,4728572,-11.40
2022-11,FULL,exp:컴퓨터주변기기,951549,1680779,-43.39
2022-11,FULL,exp:홍콩,1811354,3232583,-43.97
2022-11,FULL,imp:TOTAL,58847655,57357549,2.60
2022-11,FULL,imp:가스,5249205,3648223,43.88
2022-11,FULL,imp:기계류,2495937,2308256,8.13
2022-11,FULL,imp:대만,1982602,2193905,-9.63
2022-11,FULL,imp:러시아 연방,1112094,2312061,-51.90
2022-11,FULL,imp:말레이시아,1196759,845604,41.53
2022-11,FULL,imp:무선통신기기,755474,1413052,-46.54
2022-11,FULL,imp:미국,6529866,6640496,-1.67
2022-11,FULL,imp:반도체,7036909,6261349,12.39
2022-11,FULL,imp:반도체제조용장비,1831720,1976647,-7.33
2022-11,FULL,imp:베트남,1947539,2117855,-8.04
2022-11,FULL,imp:사우디아라비아,3233247,2565113,26.05
2022-11,FULL,imp:석유제품,2027795,2311028,-12.26
2022-11,FULL,imp:석탄,2143012,1965103,9.05
2022-11,FULL,imp:승용차,1613579,983984,63.98
2022-11,FULL,imp:원유,8064708,6618662,21.85
2022-11,FULL,imp:유럽연합,5925524,5060102,17.10
2022-11,FULL,imp:일본,4313252,4863816,-11.32
2022-11,FULL,imp:정밀기기,1345171,1391106,-3.30
2022-11,FULL,imp:중국,12129046,13663761,-11.23
2022-11,FULL,imp:호주,3860935,3478892,10.98
2022-12,D10,exp:TOTAL,15292360,19462154,-21.43
2022-12,D10,exp:가전제품,143440,254172,-43.57
2022-12,D10,exp:대만,484792,656805,-26.19
2022-12,D10,exp:말레이시아,214829,476554,-54.92
2022-12,D10,exp:무선통신기기,472928,885480,-46.59
2022-12,D10,exp:미국,2521328,2604658,-3.20
2022-12,D10,exp:반도체,2633211,3638412,-27.63
2022-12,D10,exp:베트남,1488260,1953918,-23.83
2022-12,D10,exp:석유제품,1439234,1237783,16.28
2022-12,D10,exp:선박,491887,466928,5.35
2022-12,D10,exp:승용차,1398933,988398,41.54
2022-12,D10,exp:싱가포르,409934,426922,-3.98
2022-12,D10,exp:유럽연합,1999536,2095787,-4.59
2022-12,D10,exp:인도,368297,450273,-18.21
2022-12,D10,exp:일본,819800,1067919,-23.23
2022-12,D10,exp:자동차부품,548660,715364,-23.30
2022-12,D10,exp:정밀기기,319847,442283,-27.68
2022-12,D10,exp:중국,3386874,5151331,-34.25
2022-12,D10,exp:철강제품,989605,1599332,-38.12
2022-12,D10,exp:컴퓨터주변기기,219805,397990,-44.77
2022-12,D10,exp:홍콩,370847,700555,-47.06
2022-12,D10,imp:TOTAL,20297462,21957021,-7.56
2022-12,D10,imp:가스,2170225,1651035,31.45
2022-12,D10,imp:기계류,718458,885322,-18.85
2022-12,D10,imp:대만,726872,804036,-9.60
2022-12,D10,imp:러시아 연방,324698,789205,-58.86
2022-12,D10,imp:말레이시아,321480,433400,-25.82
2022-12,D10,imp:무선통신기기,263118,406736,-35.31
2022-12,D10,imp:미국,2606905,2119450,23.00
2022-12,D10,imp:반도체,2023702,2399253,-15.65
2022-12,D10,imp:반도체제조용장비,760439,603973,25.91
2022-12,D10,imp:베트남,623200,726581,-14.23
2022-12,D10,imp:사우디아라비아,748219,1531863,-51.16
2022-12,D10,imp:석유제품,809551,912423,-11.27
2022-12,D10,imp:석탄,675633,727461,-7.12
2022-12,D10,imp:승용차,384414,479173,-19.78
2022-12,D10,imp:원유,3321303,2664388,24.66
2022-12,D10,imp:유럽연합,2174277,2160918,0.62
2022-12,D10,imp:일본,1417303,1914246,-25.96
2022-12,D10,imp:정밀기기,510022,519804,-1.88
2022-12,D10,imp:중국,3892128,4932776,-21.10
2022-12,D10,imp:호주,950842,1300208,-26.87
2022-12,D20,exp:TOTAL,33526222,36887008,-9.11
2022-12,D20,exp:가전제품,357131,467046,-23.53
2022-12,D20,exp:대만,1032623,1328645,-22.28
2022-12,D20,exp:말레이시아,560068,750532,-25.38
2022-12,D20,exp:무선통신기기,905767,1610635,-43.76
2022-12,D20,exp:미국,5849903,5056142,15.70
2022-12,D20,exp:반도체,5585861,7371529,-24.22
2022-12,D20,exp:베트남,2907847,3664167,-20.64
2022-12,D20,exp:석유제품,2854999,2294546,24.43
2022-12,D20,exp:선박,983783,761347,29.22
2022-12,D20,exp:승용차,2932268,2024498,44.84
2022-12,D20,exp:싱가포르,872809,877585,-0.54
2022-12,D20,exp:유럽연합,4045824,4005956,1.00
2022-12,D20,exp:인도,1053562,852838,23.54
2022-12,D20,exp:일본,1609291,1853634,-13.18
2022-12,D20,exp:자동차부품,1210756,1254424,-3.48
2022-12,D20,exp:정밀기기,719023,812255,-11.48
2022-12,D20,exp:중국,7203629,9809660,-26.57
2022-12,D20,exp:철강제품,2569383,3138526,-18.13
2022-12,D20,exp:컴퓨터주변기기,498168,881446,-43.48
2022-12,D20,exp:홍콩,758747,1469246,-48.36
2022-12,D20,imp:TOTAL,39941875,39318331,1.59
2022-12,D20,imp:가스,4487397,2276177,97.15
2022-12,D20,imp:기계류,1589598,1579851,0.62
2022-12,D20,imp:대만,1358851,1454480,-6.57
2022-12,D20,imp:러시아 연방,586962,1330349,-55.88
2022-12,D20,imp:말레이시아,690945,735799,-6.10
2022-12,D20,imp:무선통신기기,491791,891501,-44.84
2022-12,D20,imp:미국,4562988,3896125,17.12
2022-12,D20,imp:반도체,3772367,4432620,-14.90
2022-12,D20,imp:반도체제조용장비,1599537,1231284,29.91
2022-12,D20,imp:베트남,1254424,1392481,-9.91
2022-12,D20,imp:사우디아라비아,1754330,2426416,-27.70
2022-12,D20,imp:석유제품,1328618,1713410,-22.46
2022-12,D20,imp:석탄,1303439,1175548,10.88
2022-12,D20,imp:승용차,813248,818158,-0.60
2022-12,D20,imp:원유,5519379,4783796,15.38
2022-12,D20,imp:유럽연합,4655406,3921249,18.72
2022-12,D20,imp:일본,2805647,3356716,-16.42
2022-12,D20,imp:정밀기기,987631,963823,2.47
2022-12,D20,imp:중국,8048765,9103589,-11.59
2022-12,D20,imp:호주,2586953,2325421,11.25
2022-12,FULL,exp:TOTAL,54848666,60734117,-9.69
2022-12,FULL,exp:가전제품,528852,735376,-28.08
2022-12,FULL,exp:대만,1803441,2333288,-22.71
2022-12,FULL,exp:말레이시아,803277,1226627,-34.51
2022-12,FULL,exp:무선통신기기,1338272,2303341,-41.90
2022-12,FULL,exp:미국,9349378,8787542,6.39
2022-12,FULL,exp:반도체,9401737,13014460,-27.76
2022-12,FULL,exp:베트남,4755951,5617023,-15.33
2022-12,FULL,exp:석유제품,4708403,3923110,20.02
2022-12,FULL,exp:선박,2448538,1339967,82.73
2022-12,FULL,exp:승용차,5201391,4053649,28.31
2022-12,FULL,exp:싱가포르,1536129,1411021,8.87
2022-12,FULL,exp:유럽연합,6287255,5972454,5.27
2022-12,FULL,exp:인도,1486070,1314390,13.06
2022-12,FULL,exp:일본,2428656,2712571,-10.47
2022-12,FULL,exp:자동차부품,1920387,2038539,-5.80
2022-12,FULL,exp:정밀기기,1094999,1242750,-11.89
2022-12,FULL,exp:중국,11197865,15342563,-27.01
2022-12,FULL,exp:철강제품,4084832,5138997,-20.51
2022-12,FULL,exp:컴퓨터주변기기,1117778,1543449,-27.58
2022-12,FULL,exp:홍콩,1814288,3444273,-47.32
2022-12,FULL,imp:TOTAL,59623062,61159671,-2.51
2022-12,FULL,imp:가스,6211213,4080614,52.21
2022-12,FULL,imp:기계류,2370188,2489898,-4.81
2022-12,FULL,imp:대만,2171610,2187757,-0.74
2022-12,FULL,imp:러시아 연방,1065124,2023922,-47.37
2022-12,FULL,imp:말레이시아,1261341,1144029,10.25
2022-12,FULL,imp:무선통신기기,701555,1343113,-47.77
2022-12,FULL,imp:미국,6794422,5701577,19.17
2022-12,FULL,imp:반도체,5846012,6583456,-11.20
2022-12,FULL,imp:반도체제조용장비,2723546,2473322,10.12
2022-12,FULL,imp:베트남,1867541,2179674,-14.32
2022-12,FULL,imp:사우디아라비아,3195896,3326878,-3.94
2022-12,FULL,imp:석유제품,1956375,2630133,-25.62
2022-12,FULL,imp:석탄,2213289,1966719,12.54
2022-12,FULL,imp:승용차,1208268,1099085,9.93
2022-12,FULL,imp:원유,8285381,7088835,16.88
2022-12,FULL,imp:유럽연합,6753540,6699505,0.81
2022-12,FULL,imp:일본,4479917,5130742,-12.68
2022-12,FULL,imp:정밀기기,1447895,1485226,-2.51
2022-12,FULL,imp:중국,11810034,13829109,-14.60
2022-12,FULL,imp:호주,3662003,3831862,-4.43
2023-01,D10,exp:TOTAL,13886115,13982440,-0.69
2023-01,D10,exp:가전제품,158135,318329,-50.32
2023-01,D10,exp:대만,421432,551872,-23.64
2023-01,D10,exp:말레이시아,258003,245733,4.99
2023-01,D10,exp:무선통신기기,560338,390920,43.34
2023-01,D10,exp:미국,2291580,1945855,17.77
2023-01,D10,exp:반도체,2047010,2903640,-29.50
2023-01,D10,exp:베트남,1388408,1463100,-5.11
2023-01,D10,exp:석유제품,1308812,1010409,29.53
2023-01,D10,exp:선박,353774,320332,10.44
2023-01,D10,exp:승용차,1273254,839781,51.62
2023-01,D10,exp:싱가포르,265879,347807,-23.56
2023-01,D10,exp:유럽연합,1425921,1170158,21.86
2023-01,D10,exp:인도,408825,375069,9.00
2023-01,D10,exp:일본,691900,652656,6.01
2023-01,D10,exp:자동차부품,509294,503068,1.24
2023-01,D10,exp:정밀기기,299272,339711,-11.90
2023-01,D10,exp:중국,2942784,3841357,-23.39
2023-01,D10,exp:철강제품,1003783,1149117,-12.65
2023-01,D10,exp:컴퓨터주변기기,186809,209528,-10.84
2023-01,D10,exp:홍콩,305410,372813,-18.08
2023-01,D10,imp:TOTAL,20130610,18969500,6.12
2023-01,D10,imp:가스,2052898,2385488,-13.94
2023-01,D10,imp:기계류,796876,621764,28.16
2023-01,D10,imp:대만,820706,682035,20.33
2023-01,D10,imp:러시아 연방,295795,663673,-55.43
2023-01,D10,imp:말레이시아,479102,547041,-12.42
2023-01,D10,imp:무선통신기기,563171,299400,88.10
2023-01,D10,imp:미국,2304757,2236332,3.06
2023-01,D10,imp:반도체,2087022,1898232,9.95
2023-01,D10,imp:반도체제조용장비,569985,529445,7.66
2023-01,D10,imp:베트남,901729,794176,13.54
2023-01,D10,imp:사우디아라비아,839299,1034083,-18.84
2023-01,D10,imp:석유제품,757897,736134,2.96
2023-01,D10,imp:석탄,791246,637789,24.06
2023-01,D10,imp:승용차,338575,203760,66.16
2023-01,D10,imp:원유,2142667,2311248,-7.29
2023-01,D10,imp:유럽연합,1758981,1494546,17.69
2023-01,D10,imp:일본,1023998,1115703,-8.22
2023-01,D10,imp:정밀기기,434115,399941,8.54
2023-01,D10,imp:중국,4803571,4134269,16.19
2023-01,D10,imp:호주,1300703,1295977,0.36
2023-01,D20,exp:TOTAL,33668056,34553673,-2.56
2023-01,D20,exp:가전제품,395974,754397,-47.51
2023-01,D20,exp:대만,843797,1165363,-27.59
2023-01,D20,exp:말레이시아,628700,580189,8.36
2023-01,D20,exp:무선통신기기,1150042,983621,16.92
2023-01,D20,exp:미국,5975059,5055710,18.18
2023-01,D20,exp:반도체,4427339,6712707,-34.05
2023-01,D20,exp:베트남,2808587,3269610,-14.10
2023-01,D20,exp:석유제품,2882038,2359567,22.14
2023-01,D20,exp:선박,1015508,469446,116.32
2023-01,D20,exp:승용차,3389523,2327894,45.60
2023-01,D20,exp:싱가포르,917722,783838,17.08
2023-01,D20,exp:유럽연합,3903963,3345427,16.70
2023-01,D20,exp:인도,1049639,914246,14.81
2023-01,D20,exp:일본,1679095,1627798,3.15
2023-01,D20,exp:자동차부품,1308750,1233100,6.13
2023-01,D20,exp:정밀기기,679296,755546,-10.09
2023-01,D20,exp:중국,6798070,8951176,-24.05
2023-01,D20,exp:철강제품,2665599,3021347,-11.77
2023-01,D20,exp:컴퓨터주변기기,409780,743590,-44.89
2023-01,D20,exp:홍콩,678993,1256132,-45.95
2023-01,D20,imp:TOTAL,43949168,40223011,9.26
2023-01,D20,imp:가스,4564902,4018513,13.60
2023-01,D20,imp:기계류,1591538,1418613,12.19
2023-01,D20,imp:대만,1462728,1511809,-3.25
2023-01,D20,imp:러시아 연방,647681,1254168,-48.36
2023-01,D20,imp:말레이시아,1107208,980910,12.88
2023-01,D20,imp:무선통신기기,1086573,577679,88.09
2023-01,D20,imp:미국,5276596,4775915,10.48
2023-01,D20,imp:반도체,4051680,4152129,-2.42
2023-01,D20,imp:반도체제조용장비,1216188,1217215,-0.08
2023-01,D20,imp:베트남,1789072,1615019,10.78
2023-01,D20,imp:사우디아라비아,1959734,2000666,-2.05
2023-01,D20,imp:석유제품,1759543,1558225,12.92
2023-01,D20,imp:석탄,1741451,1248261,39.51
2023-01,D20,imp:승용차,965142,594710,62.29
2023-01,D20,imp:원유,5410842,4904310,10.33
2023-01,D20,imp:유럽연합,3976199,3471892,14.53
2023-01,D20,imp:일본,2633464,2851869,-7.66
2023-01,D20,imp:정밀기기,929359,871180,6.68
2023-01,D20,imp:중국,10018562,9125971,9.78
2023-01,D20,imp:호주,3029053,2479616,22.16
2023-01,FULL,exp:TOTAL,46339145,55455376,-16.44
2023-01,FULL,exp:가전제품,540195,1176873,-54.10
2023-01,FULL,exp:대만,1212507,1888769,-35.80
2023-01,FULL,exp:말레이시아,852154,852348,-0.02
2023-01,FULL,exp:무선통신기기,1479275,1663907,-11.10
2023-01,FULL,exp:미국,8058604,8569920,-5.97
2023-01,FULL,exp:반도체,6236188,11015776,-43.39
2023-01,FULL,exp:베트남,3768005,5305471,-28.98
2023-01,FULL,exp:석유제품,4253006,3724347,14.19
2023-01,FULL,exp:선박,1397147,724661,92.80
2023-01,FULL,exp:승용차,4796499,3924053,22.23
2023-01,FULL,exp:싱가포르,1309949,1375445,-4.76
2023-01,FULL,exp:유럽연합,5419457,5415309,0.08
2023-01,FULL,exp:인도,1452738,1465043,-0.84
2023-01,FULL,exp:일본,2295203,2617191,-12.30
2023-01,FULL,exp:자동차부품,1676651,1974136,-15.07
2023-01,FULL,exp:정밀기기,892949,1153749,-22.60
2023-01,FULL,exp:중국,9207639,13369829,-31.13
2023-01,FULL,exp:철강제품,3844257,5059390,-24.02
2023-01,FULL,exp:컴퓨터주변기기,605545,1527729,-60.36
2023-01,FULL,exp:홍콩,1113868,2497240,-55.40
2023-01,FULL,imp:TOTAL,59037259,60606721,-2.59
2023-01,FULL,imp:가스,6739003,6393872,5.40
2023-01,FULL,imp:기계류,2359990,2084558,13.21
2023-01,FULL,imp:대만,1750162,2120717,-17.47
2023-01,FULL,imp:러시아 연방,792251,2016619,-60.71
2023-01,FULL,imp:말레이시아,1368578,1563302,-12.46
2023-01,FULL,imp:무선통신기기,1306786,867974,50.56
2023-01,FULL,imp:미국,6995423,7105625,-1.55
2023-01,FULL,imp:반도체,5291797,5922089,-10.64
2023-01,FULL,imp:반도체제조용장비,1778313,1791376,-0.73
2023-01,FULL,imp:베트남,2401963,2311736,3.90
2023-01,FULL,imp:사우디아라비아,2768103,3291498,-15.90
2023-01,FULL,imp:석유제품,1965017,2226541,-11.75
2023-01,FULL,imp:석탄,2078458,2090214,-0.56
2023-01,FULL,imp:승용차,1300644,783823,65.94
2023-01,FULL,imp:원유,6971293,7791770,-10.53
2023-01,FULL,imp:유럽연합,5587935,5023341,11.24
2023-01,FULL,imp:일본,3953682,4457192,-11.30
2023-01,FULL,imp:정밀기기,1284870,1285891,-0.08
2023-01,FULL,imp:중국,13140061,13178864,-0.29
2023-01,FULL,imp:호주,4110352,3955418,3.92
2023-02,D10,exp:TOTAL,17572590,15747782,11.59
2023-02,D10,exp:가전제품,222948,332477,-32.94
2023-02,D10,exp:대만,522148,677379,-22.92
2023-02,D10,exp:말레이시아,238657,297835,-19.87
2023-02,D10,exp:무선통신기기,432332,472113,-8.43
2023-02,D10,exp:미국,3246377,2196258,47.81
2023-02,D10,exp:반도체,1957190,3298815,-40.67
2023-02,D10,exp:베트남,1581534,1566081,0.99
2023-02,D10,exp:석유제품,1737184,1358897,27.84
2023-02,D10,exp:선박,475796,457935,3.90
2023-02,D10,exp:승용차,1739292,652796,166.44
2023-02,D10,exp:싱가포르,553594,379977,45.69
2023-02,D10,exp:유럽연합,2240515,1468424,52.58
2023-02,D10,exp:인도,547064,407518,34.24
2023-02,D10,exp:일본,912925,782487,16.67
2023-02,D10,exp:자동차부품,725182,512231,41.57
2023-02,D10,exp:정밀기기,345676,347243,-0.45
2023-02,D10,exp:중국,3532838,4069820,-13.19
2023-02,D10,exp:철강제품,1367473,1262209,8.34
2023-02,D10,exp:컴퓨터주변기기,205089,377410,-45.66
2023-02,D10,exp:홍콩,334518,584667,-42.78
2023-02,D10,imp:TOTAL,22567423,19315322,16.84
2023-02,D10,imp:가스,2263116,1239305,82.61
2023-02,D10,imp:기계류,847030,818727,3.46
2023-02,D10,imp:대만,725708,616821,17.65
2023-02,D10,imp:러시아 연방,335914,607376,-44.69
2023-02,D10,imp:말레이시아,510869,444852,14.84
2023-02,D10,imp:무선통신기기,310275,216717,43.17
2023-02,D10,imp:미국,2563743,1950498,31.44
2023-02,D10,imp:반도체,2092813,2021632,3.52
2023-02,D10,imp:반도체제조용장비,576959,712280,-19.00
2023-02,D10,imp:베트남,757168,725382,4.38
2023-02,D10,imp:사우디아라비아,1315162,1010234,30.18
2023-02,D10,imp:석유제품,1041821,749851,38.94
2023-02,D10,imp:석탄,872310,544143,60.31
2023-02,D10,imp:승용차,471771,487056,-3.14
2023-02,D10,imp:원유,3462983,2381823,45.39
2023-02,D10,imp:유럽연합,2080399,1823468,14.09
2023-02,D10,imp:일본,1789521,1859746,-3.78
2023-02,D10,imp:정밀기기,438940,483616,-9.24
2023-02,D10,imp:중국,3684445,4105900,-10.26
2023-02,D10,imp:호주,1510066,1138322,32.66
2023-02,D20,exp:TOTAL,33332355,34336310,-2.92
2023-02,D20,exp:가전제품,429479,693226,-38.05
2023-02,D20,exp:대만,896061,1429896,-37.33
2023-02,D20,exp:말레이시아,454891,557014,-18.33
2023-02,D20,exp:무선통신기기,851246,1136511,-25.10
2023-02,D20,exp:미국,5995946,4648530,28.99
2023-02,D20,exp:반도체,3803005,6775940,-43.87
2023-02,D20,exp:베트남,2903918,3554893,-18.31
2023-02,D20,exp:석유제품,3073809,2678587,14.75
2023-02,D20,exp:선박,1307243,1071617,21.99
2023-02,D20,exp:승용차,3355625,2144345,56.49
2023-02,D20,exp:싱가포르,924636,762118,21.32
2023-02,D20,exp:유럽연합,4264916,3652345,16.77
2023-02,D20,exp:인도,1028626,909219,13.13
2023-02,D20,exp:일본,1592050,1645914,-3.27
2023-02,D20,exp:자동차부품,1344975,1098310,22.46
2023-02,D20,exp:정밀기기,630337,749930,-15.95
2023-02,D20,exp:중국,6669958,8624815,-22.67
2023-02,D20,exp:철강제품,2690650,2707761,-0.63
2023-02,D20,exp:컴퓨터주변기기,411062,924084,-55.52
2023-02,D20,exp:홍콩,617181,1308277,-52.82
2023-02,D20,imp:TOTAL,39533493,36169099,9.30
2023-02,D20,imp:가스,3887917,2172411,78.97
2023-02,D20,imp:기계류,1614719,1414950,14.12
2023-02,D20,imp:대만,1430075,1264782,13.07
2023-02,D20,imp:러시아 연방,644737,1215365,-46.95
2023-02,D20,imp:말레이시아,878675,952657,-7.77
2023-02,D20,imp:무선통신기기,614205,553195,11.03
2023-02,D20,imp:미국,4870762,4283506,13.71
2023-02,D20,imp:반도체,3720577,3956832,-5.97
2023-02,D20,imp:반도체제조용장비,1177070,1378519,-14.61
2023-02,D20,imp:베트남,1458468,1388757,5.02
2023-02,D20,imp:사우디아라비아,2033206,1802047,12.83
2023-02,D20,imp:석유제품,1683781,1598257,5.35
2023-02,D20,imp:석탄,1329139,1199509,10.81
2023-02,D20,imp:승용차,806898,726040,11.14
2023-02,D20,imp:원유,5393025,4998312,7.90
2023-02,D20,imp:유럽연합,3909545,3413752,14.52
2023-02,D20,imp:일본,3112725,3251012,-4.25
2023-02,D20,imp:정밀기기,828584,864075,-4.11
2023-02,D20,imp:중국,7452570,7080837,5.25
2023-02,D20,imp:호주,2285508,2130926,7.25
2023-02,FULL,exp:TOTAL,49994593,54155835,-7.68
2023-02,FULL,exp:가전제품,632437,1040601,-39.22
2023-02,FULL,exp:대만,1413003,2243277,-37.01
2023-02,FULL,exp:말레이시아,781237,905119,-13.69
2023-02,FULL,exp:무선통신기기,1144405,1664385,-31.24
2023-02,FULL,exp:미국,8991831,7740905,16.16
2023-02,FULL,exp:반도체,6167225,10545025,-41.52
2023-02,FULL,exp:베트남,4042170,5236007,-22.80
2023-02,FULL,exp:석유제품,4639290,4209060,10.22
2023-02,FULL,exp:선박,1482106,1704024,-13.02
2023-02,FULL,exp:승용차,5369418,3631862,47.84
2023-02,FULL,exp:싱가포르,1395943,1426093,-2.11
2023-02,FULL,exp:유럽연합,6182089,5480970,12.79
2023-02,FULL,exp:인도,1499353,1351392,10.95
2023-02,FULL,exp:일본,2345910,2480974,-5.44
2023-02,FULL,exp:자동차부품,1955291,1726005,13.28
2023-02,FULL,exp:정밀기기,934625,1145870,-18.44
2023-02,FULL,exp:중국,9885693,13042436,-24.20
2023-02,FULL,exp:철강제품,4228524,4664288,-9.34
2023-02,FULL,exp:컴퓨터주변기기,635158,1628901,-61.01
2023-02,FULL,exp:홍콩,1186205,2413335,-50.85
2023-02,FULL,imp:TOTAL,55370498,53482054,3.53
2023-02,FULL,imp:가스,6112215,3567512,71.33
2023-02,FULL,imp:기계류,2359705,2089815,12.91
2023-02,FULL,imp:대만,1898312,1982899,-4.27
2023-02,FULL,imp:러시아 연방,868371,1708454,-49.17
2023-02,FULL,imp:말레이시아,1404046,1208933,16.14
2023-02,FULL,imp:무선통신기기,815795,906809,-10.04
2023-02,FULL,imp:미국,6011957,5965125,0.79
2023-02,FULL,imp:반도체,5031649,5607340,-10.27
2023-02,FULL,imp:반도체제조용장비,1482921,1837467,-19.30
2023-02,FULL,imp:베트남,2051258,2073064,-1.05
2023-02,FULL,imp:사우디아라비아,2688095,2713941,-0.95
2023-02,FULL,imp:석유제품,2173340,2415597,-10.03
2023-02,FULL,imp:석탄,1876936,1969899,-4.72
2023-02,FULL,imp:승용차,1144141,1117074,2.42
2023-02,FULL,imp:원유,7252843,7259431,-0.09
2023-02,FULL,imp:유럽연합,5565674,5165116,7.76
2023-02,FULL,imp:일본,4227698,4713195,-10.30
2023-02,FULL,imp:정밀기기,1154096,1235975,-6.62
2023-02,FULL,imp:중국,11025734,10410116,5.91
2023-02,FULL,imp:호주,3485093,3319970,4.97
2023-03,D10,exp:TOTAL,15637051,18838928,-17.00
2023-03,D10,exp:가전제품,207223,375851,-44.87
2023-03,D10,exp:대만,424342,908941,-53.31
2023-03,D10,exp:말레이시아,189088,264437,-28.49
2023-03,D10,exp:무선통신기기,399369,586415,-31.90
2023-03,D10,exp:미국,2810754,2662602,5.56
2023-03,D10,exp:반도체,2259206,3846212,-41.26
2023-03,D10,exp:베트남,1526756,1830341,-16.59
2023-03,D10,exp:석유제품,1422304,1847642,-23.02
2023-03,D10,exp:선박,155911,252389,-38.23
2023-03,D10,exp:승용차,1694810,725828,133.50
2023-03,D10,exp:싱가포르,480406,651268,-26.24
2023-03,D10,exp:유럽연합,1709538,1831585,-6.66
2023-03,D10,exp:인도,455093,433263,5.04
2023-03,D10,exp:일본,754099,818122,-7.83
2023-03,D10,exp:자동차부품,626160,711200,-11.96
2023-03,D10,exp:정밀기기,310940,409512,-24.07
2023-03,D10,exp:중국,3176169,4911391,-35.33
2023-03,D10,exp:철강제품,1323991,1549276,-14.54
2023-03,D10,exp:컴퓨터주변기기,192261,466478,-58.78
2023-03,D10,exp:홍콩,361951,654071,-44.66
2023-03,D10,imp:TOTAL,20741117,20230519,2.52
2023-03,D10,imp:가스,1704666,1765902,-3.47
2023-03,D10,imp:기계류,838452,750126,11.77
2023-03,D10,imp:대만,991438,777229,27.56
2023-03,D10,imp:러시아 연방,332027,446888,-25.70
2023-03,D10,imp:말레이시아,430107,434934,-1.11
2023-03,D10,imp:무선통신기기,259180,260018,-0.32
2023-03,D10,imp:미국,2333787,2237780,4.29
2023-03,D10,imp:반도체,2134121,2101653,1.54
2023-03,D10,imp:반도체제조용장비,636067,545063,16.70
2023-03,D10,imp:베트남,808593,645736,25.22
2023-03,D10,imp:사우디아라비아,835342,835997,-0.08
2023-03,D10,imp:석유제품,709381,815974,-13.06
2023-03,D10,imp:석탄,816533,602704,35.48
2023-03,D10,imp:승용차,416399,372508,11.78
2023-03,D10,imp:원유,2481379,2594613,-4.36
2023-03,D10,imp:유럽연합,1750960,1918868,-8.75
2023-03,D10,imp:일본,1632532,1726415,-5.44
2023-03,D10,imp:정밀기기,452743,472141,-4.11
2023-03,D10,imp:중국,4611575,4188521,10.10
2023-03,D10,imp:호주,1178866,1290138,-8.62
2023-03,D20,exp:TOTAL,30696039,37467375,-18.07
2023-03,D20,exp:가전제품,386664,711120,-45.63
2023-03,D20,exp:대만,785931,1659084,-52.63
2023-03,D20,exp:말레이시아,401028,513509,-21.90
2023-03,D20,exp:무선통신기기,844768,1427183,-40.81
2023-03,D20,exp:미국,5591875,5360984,4.31
2023-03,D20,exp:반도체,4323297,7819558,-44.71
2023-03,D20,exp:베트남,2672370,3731773,-28.39
2023-03,D20,exp:석유제품,2856549,3283270,-13.00
2023-03,D20,exp:선박,270295,695294,-61.13
2023-03,D20,exp:승용차,3448594,2036335,69.35
2023-03,D20,exp:싱가포르,880286,1192539,-26.18
2023-03,D20,exp:유럽연합,3492025,3852088,-9.35
2023-03,D20,exp:인도,900995,931615,-3.29
2023-03,D20,exp:일본,1425879,1567060,-9.01
2023-03,D20,exp:자동차부품,1194742,1252943,-4.65
2023-03,D20,exp:정밀기기,588485,795453,-26.02
2023-03,D20,exp:중국,6177938,9698813,-36.30
2023-03,D20,exp:철강제품,2595414,3000057,-13.49
2023-03,D20,exp:컴퓨터주변기기,402919,1029633,-60.87
2023-03,D20,exp:홍콩,747576,1358804,-44.98
2023-03,D20,imp:TOTAL,37168722,39514113,-5.94
2023-03,D20,imp:가스,2677253,3528500,-24.12
2023-03,D20,imp:기계류,1603864,1477230,8.57
2023-03,D20,imp:대만,1675485,1469159,14.04
2023-03,D20,imp:러시아 연방,581782,1038995,-44.01
2023-03,D20,imp:말레이시아,869784,715074,21.64
2023-03,D20,imp:무선통신기기,491805,682165,-27.91
2023-03,D20,imp:미국,4014516,4665278,-13.95
2023-03,D20,imp:반도체,3723423,3912229,-4.83
2023-03,D20,imp:반도체제조용장비,1245070,1191963,4.46
2023-03,D20,imp:베트남,1494651,1493230,0.10
2023-03,D20,imp:사우디아라비아,1857777,2157534,-13.89
2023-03,D20,imp:석유제품,1143006,1746005,-34.54
2023-03,D20,imp:석탄,1386664,1161385,19.40
2023-03,D20,imp:승용차,732771,588739,24.46
2023-03,D20,imp:원유,4846967,5455370,-11.15
2023-03,D20,imp:유럽연합,3440221,3537757,-2.76
2023-03,D20,imp:일본,2879200,3344615,-13.92
2023-03,D20,imp:정밀기기,833547,889571,-6.30
2023-03,D20,imp:중국,8377532,7681132,9.07
2023-03,D20,imp:호주,1916407,2563183,-25.23
2023-03,FULL,exp:TOTAL,54882484,63786835,-13.96
2023-03,FULL,exp:가전제품,650394,1176426,-44.71
2023-03,FULL,exp:대만,1657083,2621276,-36.78
2023-03,FULL,exp:말레이시아,758261,982354,-22.81
2023-03,FULL,exp:무선통신기기,1337645,2241883,-40.33
2023-03,FULL,exp:미국,9775068,9638757,1.41
2023-03,FULL,exp:반도체,8796319,13297573,-33.85
2023-03,FULL,exp:베트남,4629034,6136686,-24.57
2023-03,FULL,exp:석유제품,4523433,5552821,-18.54
2023-03,FULL,exp:선박,985497,1454394,-32.24
2023-03,FULL,exp:승용차,6251042,3782908,65.24
2023-03,FULL,exp:싱가포르,1663557,2118976,-21.49
2023-03,FULL,exp:유럽연합,6121980,6215615,-1.51
2023-03,FULL,exp:인도,1575913,1508013,4.50
2023-03,FULL,exp:일본,2411770,2775632,-13.11
2023-03,FULL,exp:자동차부품,1991874,2111612,-5.67
2023-03,FULL,exp:정밀기기,1016612,1312612,-22.55
2023-03,FULL,exp:중국,10478065,15642332,-33.01
2023-03,FULL,exp:철강제품,4510763,5075646,-11.13
2023-03,FULL,exp:컴퓨터주변기기,815049,1875292,-56.54
2023-03,FULL,exp:홍콩,2204146,2845963,-22.55
2023-03,FULL,imp:TOTAL,59635920,63811102,-6.54
2023-03,FULL,imp:가스,4241028,5696569,-25.55
2023-03,FULL,imp:기계류,2614949,2489480,5.04
2023-03,FULL,imp:대만,2450546,2419488,1.28
2023-03,FULL,imp:러시아 연방,915577,1656503,-44.73
2023-03,FULL,imp:말레이시아,1373198,1325683,3.58
2023-03,FULL,imp:무선통신기기,716986,1269132,-43.51
2023-03,FULL,imp:미국,6675931,6996572,-4.58
2023-03,FULL,imp:반도체,5561414,6237991,-10.85
2023-03,FULL,imp:반도체제조용장비,2310336,1976529,16.89
2023-03,FULL,imp:베트남,2327728,2632676,-11.58
2023-03,FULL,imp:사우디아라비아,3016325,3468901,-13.05
2023-03,FULL,imp:석유제품,1968754,2428360,-18.93
2023-03,FULL,imp:석탄,2270657,2138297,6.19
2023-03,FULL,imp:승용차,1314308,1121059,17.24
2023-03,FULL,imp:원유,7888908,8466710,-6.82
2023-03,FULL,imp:유럽연합,5836334,5860515,-0.41
2023-03,FULL,imp:일본,4478961,5335420,-16.05
2023-03,FULL,imp:정밀기기,1365962,1447328,-5.62
2023-03,FULL,imp:중국,13189605,12626984,4.46
2023-03,FULL,imp:호주,2770419,4394022,-36.95
2023-04,D10,exp:TOTAL,13521988,15355040,-11.94
2023-04,D10,exp:가전제품,161414,298860,-45.99
2023-04,D10,exp:대만,355373,532743,-33.29
2023-04,D10,exp:말레이시아,205277,239144,-14.16
2023-04,D10,exp:무선통신기기,405876,663130,-38.79
2023-04,D10,exp:미국,2563092,2304884,11.20
2023-04,D10,exp:반도체,1769026,2940567,-39.84
2023-04,D10,exp:베트남,1069817,1589165,-32.68
2023-04,D10,exp:석유제품,1192991,1495364,-20.22
2023-04,D10,exp:선박,631396,260795,142.10
2023-04,D10,exp:승용차,1511785,921303,64.09
2023-04,D10,exp:싱가포르,467245,475394,-1.71
2023-04,D10,exp:유럽연합,1567323,1372761,14.17
2023-04,D10,exp:인도,390289,388622,0.43
2023-04,D10,exp:일본,648820,752589,-13.79
2023-04,D10,exp:자동차부품,503252,472646,6.48
2023-04,D10,exp:정밀기기,226753,308573,-26.52
2023-04,D10,exp:중국,2671436,3915233,-31.77
2023-04,D10,exp:철강제품,1031292,1221736,-15.59
2023-04,D10,exp:컴퓨터주변기기,141998,304931,-53.43
2023-04,D10,exp:홍콩,293392,346943,-15.44
2023-04,D10,imp:TOTAL,17413626,18812614,-7.44
2023-04,D10,imp:가스,1028153,1091576,-5.81
2023-04,D10,imp:기계류,771657,698824,10.42
2023-04,D10,imp:대만,660663,657186,0.53
2023-04,D10,imp:러시아 연방,286628,458439,-37.48
2023-04,D10,imp:말레이시아,363513,375868,-3.29
2023-04,D10,imp:무선통신기기,315093,222947,41.33
2023-04,D10,imp:미국,2010874,2167986,-7.25
2023-04,D10,imp:반도체,1702210,1624556,4.78
2023-04,D10,imp:반도체제조용장비,977039,746233,30.93
2023-04,D10,imp:베트남,609599,675622,-9.77
2023-04,D10,imp:사우디아라비아,787508,1188528,-33.74
2023-04,D10,imp:석유제품,717185,985669,-27.24
2023-04,D10,imp:석탄,502223,555266,-9.55
2023-04,D10,imp:승용차,462971,407248,13.68
2023-04,D10,imp:원유,2011039,3051194,-34.09
2023-04,D10,imp:유럽연합,2067401,1964419,5.24
2023-04,D10,imp:일본,1411320,1477036,-4.45
2023-04,D10,imp:정밀기기,463556,436263,6.26
2023-04,D10,imp:중국,3798253,3442557,10.33
2023-04,D10,imp:호주,874034,716728,21.95
2023-04,D20,exp:TOTAL,32252925,36368152,-11.32
2023-04,D20,exp:가전제품,416482,715695,-41.81
2023-04,D20,exp:대만,897992,1360754,-34.01
2023-04,D20,exp:말레이시아,410954,528027,-22.17
2023-04,D20,exp:무선통신기기,919598,1233298,-25.44
2023-04,D20,exp:미국,5887618,5810764,1.32
2023-04,D20,exp:반도체,4089065,6741747,-39.35
2023-04,D20,exp:베트남,2465091,3565052,-30.85
2023-04,D20,exp:석유제품,2452238,3354034,-26.89
2023-04,D20,exp:선박,1335039,661110,101.94
2023-04,D20,exp:승용차,3481387,2203448,58.00
2023-04,D20,exp:싱가포르,1064243,1079075,-1.37
2023-04,D20,exp:유럽연합,4118827,3623843,13.66
2023-04,D20,exp:인도,835544,1008076,-17.11
2023-04,D20,exp:일본,1429170,1785258,-19.95
2023-04,D20,exp:자동차부품,1238700,1241963,-0.26
2023-04,D20,exp:정밀기기,576752,706232,-18.33
2023-04,D20,exp:중국,6304802,8604312,-26.73
2023-04,D20,exp:철강제품,2711356,3128435,-13.33
2023-04,D20,exp:컴퓨터주변기기,359003,754573,-52.42
2023-04,D20,exp:홍콩,887054,951374,-6.76
2023-04,D20,imp:TOTAL,36261332,41370183,-12.35
2023-04,D20,imp:가스,1946857,1904258,2.24
2023-04,D20,imp:기계류,1675713,1539463,8.85
2023-04,D20,imp:대만,1303854,1650706,-21.01
2023-04,D20,imp:러시아 연방,569533,1196575,-52.40
2023-04,D20,imp:말레이시아,774266,769046,0.68
2023-04,D20,imp:무선통신기기,520801,541640,-3.85
2023-04,D20,imp:미국,3869281,4423966,-12.54
2023-04,D20,imp:반도체,3466023,3976569,-12.84
2023-04,D20,imp:반도체제조용장비,1886033,1280242,47.32
2023-04,D20,imp:베트남,1290553,1514144,-14.77
2023-04,D20,imp:사우디아라비아,1660802,2456530,-32.39
2023-04,D20,imp:석유제품,1134531,1944059,-41.64
2023-04,D20,imp:석탄,1123734,1409127,-20.25
2023-04,D20,imp:승용차,1044443,788282,32.50
2023-04,D20,imp:원유,4287858,6802367,-36.97
2023-04,D20,imp:유럽연합,4198254,4002463,4.89
2023-04,D20,imp:일본,2836077,3314701,-14.44
2023-04,D20,imp:정밀기기,894138,971141,-7.93
2023-04,D20,imp:중국,8296264,8125180,2.11
2023-04,D20,imp:호주,1768506,1810744,-2.33
2023-04,FULL,exp:TOTAL,49430879,57842816,-14.54
2023-04,FULL,exp:가전제품,615905,1062869,-42.05
2023-04,FULL,exp:대만,1490713,2309273,-35.45
2023-04,FULL,exp:말레이시아,649434,1012967,-35.89
2023-04,FULL,exp:무선통신기기,1359188,1832280,-25.82
2023-04,FULL,exp:미국,9181047,9605726,-4.42
2023-04,FULL,exp:반도체,6537687,11000265,-40.57
2023-04,FULL,exp:베트남,3798916,5405345,-29.72
2023-04,FULL,exp:석유제품,3703130,5201649,-28.81
2023-04,FULL,exp:선박,1546174,951101,62.57
2023-04,FULL,exp:승용차,5906031,4191342,40.91
2023-04,FULL,exp:싱가포르,1545394,1857721,-16.81
2023-04,FULL,exp:유럽연합,6080172,5542786,9.70
2023-04,FULL,exp:인도,1330360,1540595,-13.65
2023-04,FULL,exp:일본,2066011,2624894,-21.29
2023-04,FULL,exp:자동차부품,1856093,1888966,-1.74
2023-04,FULL,exp:정밀기기,861199,1077163,-20.05
2023-04,FULL,exp:중국,9522777,12949234,-26.46
2023-04,FULL,exp:철강제품,4247108,5065473,-16.16
2023-04,FULL,exp:컴퓨터주변기기,559462,1804001,-68.99
2023-04,FULL,exp:홍콩,1469549,2299944,-36.11
2023-04,FULL,imp:TOTAL,51940137,60213185,-13.74
2023-04,FULL,imp:가스,2554322,3030539,-15.71
2023-04,FULL,imp:기계류,2385433,2224411,7.24
2023-04,FULL,imp:대만,1895947,2398831,-20.96
2023-04,FULL,imp:러시아 연방,816895,1682872,-51.46
2023-04,FULL,imp:말레이시아,1027784,1168138,-12.02
2023-04,FULL,imp:무선통신기기,691056,989194,-30.14
2023-04,FULL,imp:미국,5510740,6606658,-16.59
2023-04,FULL,imp:반도체,4904108,5813153,-15.64
2023-04,FULL,imp:반도체제조용장비,2493214,1913970,30.26
2023-04,FULL,imp:베트남,1891768,2338354,-19.10
2023-04,FULL,imp:사우디아라비아,2870403,3530835,-18.70
2023-04,FULL,imp:석유제품,1538792,2547145,-39.59
2023-04,FULL,imp:석탄,1677775,2132908,-21.34
2023-04,FULL,imp:승용차,1412278,1094495,29.03
2023-04,FULL,imp:원유,6684280,9594652,-30.33
2023-04,FULL,imp:유럽연합,5784405,5515213,4.88
2023-04,FULL,imp:일본,4032396,4879908,-17.37
2023-04,FULL,imp:정밀기기,1265180,1375374,-8.01
2023-04,FULL,imp:중국,11794076,12332268,-4.36
2023-04,FULL,imp:호주,2512287,2936619,-14.45
2023-05,D10,exp:TOTAL,14433318,16107911,-10.40
2023-05,D10,exp:가전제품,201327,311456,-35.36
2023-05,D10,exp:대만,413443,972715,-57.50
2023-05,D10,exp:말레이시아,187848,210150,-10.61
2023-05,D10,exp:무선통신기기,466314,460916,1.17
2023-05,D10,exp:미국,2544372,2343725,8.56
2023-05,D10,exp:반도체,1974307,2798281,-29.45
2023-05,D10,exp:베트남,1309578,1442745,-9.23
2023-05,D10,exp:석유제품,1418268,2435632,-41.77
2023-05,D10,exp:선박,200479,395873,-49.36
2023-05,D10,exp:승용차,1342220,596003,125.20
2023-05,D10,exp:싱가포르,330330,580027,-43.05
2023-05,D10,exp:유럽연합,1606598,1446721,11.05
2023-05,D10,exp:인도,368865,428272,-13.87
2023-05,D10,exp:일본,769781,827029,-6.92
2023-05,D10,exp:자동차부품,545220,505821,7.79
2023-05,D10,exp:정밀기기,265564,295649,-10.18
2023-05,D10,exp:중국,3199610,3758374,-14.87
2023-05,D10,exp:철강제품,1169887,1233404,-5.15
2023-05,D10,exp:컴퓨터주변기기,296587,337123,-12.02
2023-05,D10,exp:홍콩,393065,324229,21.23
2023-05,D10,imp:TOTAL,18608265,19773678,-5.89
2023-05,D10,imp:가스,983449,814443,20.75
2023-05,D10,imp:기계류,1006378,744299,35.21
2023-05,D10,imp:대만,676321,814231,-16.94
2023-05,D10,imp:러시아 연방,288591,416387,-30.69
2023-05,D10,imp:말레이시아,465578,297263,56.62
2023-05,D10,imp:무선통신기기,206758,265515,-22.13
2023-05,D10,imp:미국,2047912,2132153,-3.95
2023-05,D10,imp:반도체,1792308,1906818,-6.01
2023-05,D10,imp:반도체제조용장비,666320,671016,-0.70
2023-05,D10,imp:베트남,632606,683292,-7.42
2023-05,D10,imp:사우디아라비아,744906,1370104,-45.63
2023-05,D10,imp:석유제품,592037,974960,-39.28
2023-05,D10,imp:석탄,646502,654043,-1.15
2023-05,D10,imp:승용차,601660,559345,7.57
2023-05,D10,imp:원유,2526024,3085429,-18.13
2023-05,D10,imp:유럽연합,2186577,1829540,19.52
2023-05,D10,imp:일본,1076172,1094065,-1.64
2023-05,D10,imp:정밀기기,413380,444987,-7.10
2023-05,D10,imp:중국,4265815,4490422,-5.00
2023-05,D10,imp:호주,950782,880751,7.95
2023-05,D20,exp:TOTAL,32272483,38645593,-16.49
2023-05,D20,exp:가전제품,442653,700474,-36.81
2023-05,D20,exp:대만,871534,1914072,-54.47
2023-05,D20,exp:말레이시아,386816,472852,-18.20
2023-05,D20,exp:무선통신기기,1031151,1039777,-0.83
2023-05,D20,exp:미국,5799641,5926634,-2.14
2023-05,D20,exp:반도체,4257659,6607586,-35.56
2023-05,D20,exp:베트남,2780910,3309543,-15.97
2023-05,D20,exp:석유제품,2941973,4541567,-35.22
2023-05,D20,exp:선박,461804,1189502,-61.18
2023-05,D20,exp:승용차,3431893,2223613,54.34
2023-05,D20,exp:싱가포르,769999,1125088,-31.56
2023-05,D20,exp:유럽연합,3713329,3765513,-1.39
2023-05,D20,exp:인도,862316,1060656,-18.70
2023-05,D20,exp:일본,1584461,1867783,-15.17
2023-05,D20,exp:자동차부품,1220186,1258155,-3.02
2023-05,D20,exp:정밀기기,560059,707851,-20.88
2023-05,D20,exp:중국,6742411,8870589,-23.99
2023-05,D20,exp:철강제품,2961393,3216328,-7.93
2023-05,D20,exp:컴퓨터주변기기,514521,976701,-47.32
2023-05,D20,exp:홍콩,909245,954041,-4.70
2023-05,D20,imp:TOTAL,36645354,43360838,-15.49
2023-05,D20,imp:가스,1727436,2023092,-14.61
2023-05,D20,imp:기계류,1867021,1589045,17.49
2023-05,D20,imp:대만,1463817,1656373,-11.63
2023-05,D20,imp:러시아 연방,552431,772967,-28.53
2023-05,D20,imp:말레이시아,897812,667961,34.41
2023-05,D20,imp:무선통신기기,452703,592014,-23.53
2023-05,D20,imp:미국,4347123,5285284,-17.75
2023-05,D20,imp:반도체,3572428,4221062,-15.37
2023-05,D20,imp:반도체제조용장비,1171171,1470323,-20.35
2023-05,D20,imp:베트남,1244960,1360061,-8.46
2023-05,D20,imp:사우디아라비아,1830368,2838079,-35.51
2023-05,D20,imp:석유제품,1267367,1675289,-24.35
2023-05,D20,imp:석탄,1164028,1971107,-40.95
2023-05,D20,imp:승용차,933805,920748,1.42
2023-05,D20,imp:원유,5580677,7149207,-21.94
2023-05,D20,imp:유럽연합,4060079,3847185,5.53
2023-05,D20,imp:일본,2317608,2733616,-15.22
2023-05,D20,imp:정밀기기,810047,900819,-10.08
2023-05,D20,imp:중국,7991330,9481428,-15.72
2023-05,D20,imp:호주,1715200,2576359,-33.43
2023-05,FULL,exp:TOTAL,52054195,61591326,-15.48
2023-05,FULL,exp:가전제품,656478,1065338,-38.38
2023-05,FULL,exp:대만,1597982,2949302,-45.82
2023-05,FULL,exp:말레이시아,651712,897014,-27.35
2023-05,FULL,exp:무선통신기기,1497770,1492113,0.38
2023-05,FULL,exp:미국,9459648,9620649,-1.67
2023-05,FULL,exp:반도체,7550349,11716680,-35.56
2023-05,FULL,exp:베트남,4268866,4951819,-13.79
2023-05,FULL,exp:석유제품,4285583,6560055,-34.67
2023-05,FULL,exp:선박,937981,1924034,-51.25
2023-05,FULL,exp:승용차,5974136,3908749,52.84
2023-05,FULL,exp:싱가포르,1167728,1652991,-29.36
2023-05,FULL,exp:유럽연합,5850160,6041565,-3.17
2023-05,FULL,exp:인도,1347610,1700823,-20.77
2023-05,FULL,exp:일본,2565089,2830500,-9.38
2023-05,FULL,exp:자동차부품,1876797,1894156,-0.92
2023-05,FULL,exp:정밀기기,881624,1082068,-18.52
2023-05,FULL,exp:중국,10579849,13419779,-21.16
2023-05,FULL,exp:철강제품,4700526,5144964,-8.64
2023-05,FULL,exp:컴퓨터주변기기,786864,1800048,-56.29
2023-05,FULL,exp:홍콩,1866608,2637335,-29.22
2023-05,FULL,imp:TOTAL,54251194,63168380,-14.12
2023-05,FULL,imp:가스,2435725,3062921,-20.48
2023-05,FULL,imp:기계류,2816360,2438016,15.52
2023-05,FULL,imp:대만,2123176,2427229,-12.53
2023-05,FULL,imp:러시아 연방,806344,1068994,-24.57
2023-05,FULL,imp:말레이시아,1388024,997825,39.10
2023-05,FULL,imp:무선통신기기,669144,1011107,-33.82
2023-05,FULL,imp:미국,6017116,7196286,-16.39
2023-05,FULL,imp:반도체,5271292,6172927,-14.61
2023-05,FULL,imp:반도체제조용장비,2081684,2235554,-6.88
2023-05,FULL,imp:베트남,1922486,2175085,-11.61
2023-05,FULL,imp:사우디아라비아,2445653,3730847,-34.45
2023-05,FULL,imp:석유제품,1714785,2304710,-25.60
2023-05,FULL,imp:석탄,1812415,2794455,-35.14
2023-05,FULL,imp:승용차,1332951,1310828,1.69
2023-05,FULL,imp:원유,7419061,8945185,-17.06
2023-05,FULL,imp:유럽연합,6269092,6058720,3.47
2023-05,FULL,imp:일본,3722640,4259692,-12.61
2023-05,FULL,imp:정밀기기,1282431,1384857,-7.40
2023-05,FULL,imp:중국,12379598,14515941,-14.72
2023-05,FULL,imp:호주,2438869,3832748,-36.37
2023-06,D10,exp:TOTAL,15298064,15083505,1.42
2023-06,D10,exp:가전제품,169089,214921,-21.33
2023-06,D10,exp:대만,339178,700293,-51.57
2023-06,D10,exp:말레이시아,245025,334761,-26.81
2023-06,D10,exp:무선통신기기,523711,495399,5.71
2023-06,D10,exp:미국,2569224,2406351,6.77
2023-06,D10,exp:반도체,2178188,3165137,-31.18
2023-06,D10,exp:베트남,1382750,1385185,-0.18
2023-06,D10,exp:석유제품,1250739,1920452,-34.87
2023-06,D10,exp:선박,1064070,388233,174.08
2023-06,D10,exp:승용차,1478929,623559,137.18
2023-06,D10,exp:싱가포르,319123,573044,-44.31
2023-06,D10,exp:유럽연합,1623412,1277410,27.09
2023-06,D10,exp:인도,379794,299771,26.69
2023-06,D10,exp:일본,788445,729056,8.15
2023-06,D10,exp:자동차부품,578387,494981,16.85
2023-06,D10,exp:정밀기기,264535,271072,-2.41
2023-06,D10,exp:중국,3250606,3658390,-11.15
2023-06,D10,exp:철강제품,1113922,1213786,-8.23
2023-06,D10,exp:컴퓨터주변기기,222252,286224,-22.35
2023-06,D10,exp:홍콩,391890,371185,5.58
2023-06,D10,imp:TOTAL,16644352,21029172,-20.85
2023-06,D10,imp:가스,756890,816417,-7.29
2023-06,D10,imp:기계류,775674,724512,7.06
2023-06,D10,imp:대만,679060,900880,-24.62
2023-06,D10,imp:러시아 연방,231086,328099,-29.57
2023-06,D10,imp:말레이시아,525074,382428,37.30
2023-06,D10,imp:무선통신기기,228629,247831,-7.75
2023-06,D10,imp:미국,1616073,2526792,-36.04
2023-06,D10,imp:반도체,1729384,2453140,-29.50
2023-06,D10,imp:반도체제조용장비,634292,524053,21.04
2023-06,D10,imp:베트남,648632,601735,7.79
2023-06,D10,imp:사우디아라비아,673314,1242330,-45.80
2023-06,D10,imp:석유제품,605071,936463,-35.39
2023-06,D10,imp:석탄,605695,1173711,-48.39
2023-06,D10,imp:승용차,365528,346306,5.55
2023-06,D10,imp:원유,1862110,3736005,-50.16
2023-06,D10,imp:유럽연합,1674695,1478301,13.29
2023-06,D10,imp:일본,1489010,1587046,-6.18
2023-06,D10,imp:정밀기기,418827,428148,-2.18
2023-06,D10,imp:중국,3858582,4287987,-10.01
2023-06,D10,imp:호주,973751,1156895,-15.83
2023-06,D20,exp:TOTAL,32936268,31251473,5.39
2023-06,D20,exp:가전제품,468620,462233,1.38
2023-06,D20,exp:대만,842751,1384791,-39.14
2023-06,D20,exp:말레이시아,500666,618386,-19.04
2023-06,D20,exp:무선통신기기,977568,984612,-0.72
2023-06,D20,exp:미국,5778445,4879472,18.42
2023-06,D20,exp:반도체,4861976,6356781,-23.52
2023-06,D20,exp:베트남,2701904,2805800,-3.70
2023-06,D20,exp:석유제품,2381625,3673718,-35.17
2023-06,D20,exp:선박,1800388,704234,155.65
2023-06,D20,exp:승용차,3363760,1600389,110.18
2023-06,D20,exp:싱가포르,843140,1010341,-16.55
2023-06,D20,exp:유럽연합,3591890,2848129,26.11
2023-06,D20,exp:인도,823074,711072,15.75
2023-06,D20,exp:일본,1570689,1523850,3.07
2023-06,D20,exp:자동차부품,1186913,1032905,14.91
2023-06,D20,exp:정밀기기,555330,572428,-2.99
2023-06,D20,exp:중국,6663573,7633489,-12.71
2023-06,D20,exp:철강제품,2579252,2574703,0.18
2023-06,D20,exp:컴퓨터주변기기,478353,559901,-14.56
2023-06,D20,exp:홍콩,1100322,872779,26.07
2023-06,D20,imp:TOTAL,34450474,38855644,-11.34
2023-06,D20,imp:가스,1407192,1549899,-9.21
2023-06,D20,imp:기계류,1597588,1519034,5.17
2023-06,D20,imp:대만,1262386,1631206,-22.61
2023-06,D20,imp:러시아 연방,509472,510979,-0.29
2023-06,D20,imp:말레이시아,994666,600499,65.64
2023-06,D20,imp:무선통신기기,467324,510468,-8.45
2023-06,D20,imp:미국,3820114,4614321,-17.21
2023-06,D20,imp:반도체,3648794,4471493,-18.40
2023-06,D20,imp:반도체제조용장비,1450986,1179879,22.98
2023-06,D20,imp:베트남,1309571,1213888,7.88
2023-06,D20,imp:사우디아라비아,1185506,2085955,-43.17
2023-06,D20,imp:석유제품,1138226,1531959,-25.70
2023-06,D20,imp:석탄,1091183,1661734,-34.33
2023-06,D20,imp:승용차,1068486,651659,63.96
2023-06,D20,imp:원유,3967733,6023117,-34.12
2023-06,D20,imp:유럽연합,4139139,3452286,19.90
2023-06,D20,imp:일본,2898438,2957375,-1.99
2023-06,D20,imp:정밀기기,872953,874396,-0.17
2023-06,D20,imp:중국,7787009,8938594,-12.88
2023-06,D20,imp:호주,1667708,1883765,-11.47
2023-06,FULL,exp:TOTAL,54297754,57679934,-5.86
2023-06,FULL,exp:가전제품,717105,783308,-8.45
2023-06,FULL,exp:대만,1839431,2415618,-23.85
2023-06,FULL,exp:말레이시아,759755,1007057,-24.56
2023-06,FULL,exp:무선통신기기,1381129,1658342,-16.72
2023-06,FULL,exp:미국,9599198,9768741,-1.74
2023-06,FULL,exp:반도체,9057613,12584790,-28.03
2023-06,FULL,exp:베트남,4314222,4846173,-10.98
2023-06,FULL,exp:석유제품,3380451,5613644,-39.78
2023-06,FULL,exp:선박,2431547,1210207,100.92
2023-06,FULL,exp:승용차,5988307,3726499,60.70
2023-06,FULL,exp:싱가포르,1221124,1532102,-20.30
2023-06,FULL,exp:유럽연합,6182294,5235366,18.09
2023-06,FULL,exp:인도,1427372,1428532,-0.08
2023-06,FULL,exp:일본,2555961,2651096,-3.59
2023-06,FULL,exp:자동차부품,1916500,1837424,4.30
2023-06,FULL,exp:정밀기기,911013,995090,-8.45
2023-06,FULL,exp:중국,10501952,12960973,-18.97
2023-06,FULL,exp:철강제품,4632836,4794575,-3.37
2023-06,FULL,exp:컴퓨터주변기기,825165,1694572,-51.31
2023-06,FULL,exp:홍콩,2359143,2819014,-16.31
2023-06,FULL,imp:TOTAL,53055480,60149906,-11.79
2023-06,FULL,imp:가스,2309555,2328645,-0.82
2023-06,FULL,imp:기계류,2415944,2420704,-0.20
2023-06,FULL,imp:대만,1936737,2538659,-23.71
2023-06,FULL,imp:러시아 연방,749080,802197,-6.62
2023-06,FULL,imp:말레이시아,1407501,966204,45.67
2023-06,FULL,imp:무선통신기기,719809,923958,-22.10
2023-06,FULL,imp:미국,5531066,6769779,-18.30
2023-06,FULL,imp:반도체,5502839,6802954,-19.11
2023-06,FULL,imp:반도체제조용장비,2175499,2183413,-0.36
2023-06,FULL,imp:베트남,2036281,1983011,2.69
2023-06,FULL,imp:사우디아라비아,2243517,3199895,-29.89
2023-06,FULL,imp:석유제품,1868982,2325734,-19.64
2023-06,FULL,imp:석탄,1562152,2862703,-45.43
2023-06,FULL,imp:승용차,1843918,1053632,75.01
2023-06,FULL,imp:원유,6114089,8553251,-28.52
2023-06,FULL,imp:유럽연합,6558467,5630970,16.47
2023-06,FULL,imp:일본,4332565,4530262,-4.36
2023-06,FULL,imp:정밀기기,1316503,1355952,-2.91
2023-06,FULL,imp:중국,11799602,14158524,-16.66
2023-06,FULL,imp:호주,2487239,3736348,-33.43
2023-07,D10,exp:TOTAL,13258526,,
2023-07,D10,exp:가전제품,171420,,
2023-07,D10,exp:대만,325182,,
2023-07,D10,exp:말레이시아,156993,,
2023-07,D10,exp:무선통신기기,444313,,
2023-07,D10,exp:미국,2549176,,
2023-07,D10,exp:반도체,1827212,,
2023-07,D10,exp:베트남,1130877,,
2023-07,D10,exp:석유제품,1020014,,
2023-07,D10,exp:선박,605949,,
2023-07,D10,exp:승용차,1448399,,
2023-07,D10,exp:싱가포르,490334,,
2023-07,D10,exp:유럽연합,1497983,,
2023-07,D10,exp:인도,409504,,
2023-07,D10,exp:일본,570616,,
2023-07,D10,exp:자동차부품,523564,,
2023-07,D10,exp:정밀기기,240046,,
2023-07,D10,exp:중국,2746381,,
2023-07,D10,exp:철강제품,1008140,,
2023-07,D10,exp:컴퓨터주변기기,291553,,
2023-07,D10,exp:홍콩,244176,,
2023-07,D10,imp:TOTAL,15544524,,
2023-07,D10,imp:가스,704114,,
2023-07,D10,imp:기계류,734606,,
2023-07,D10,imp:대만,725487,,
2023-07,D10,imp:러시아 연방,244316,,
2023-07,D10,imp:말레이시아,366158,,
2023-07,D10,imp:무선통신기기,348064,,
2023-07,D10,imp:미국,1976219,,
2023-07,D10,imp:반도체,1843375,,
2023-07,D10,imp:반도체제조용장비,543980,,
2023-07,D10,imp:베트남,668666,,
2023-07,D10,imp:사우디아라비아,606541,,
2023-07,D10,imp:석유제품,583799,,
2023-07,D10,imp:석탄,438337,,
2023-07,D10,imp:승용차,219089,,
2023-07,D10,imp:원유,1930596,,
2023-07,D10,imp:유럽연합,1419558,,
2023-07,D10,imp:일본,1267165,,
2023-07,D10,imp:정밀기기,419376,,
2023-07,D10,imp:중국,3589106,,
2023-07,D10,imp:호주,620761,,
2023-07,D20,exp:TOTAL,31275665,,
2023-07,D20,exp:가전제품,452156,,
2023-07,D20,exp:대만,775725,,
2023-07,D20,exp:말레이시아,406945,,
2023-07,D20,exp:무선통신기기,987246,,
2023-07,D20,exp:미국,5764056,,
2023-07,D20,exp:반도체,4303084,,
2023-07,D20,exp:베트남,2709042,,
2023-07,D20,exp:석유제품,2387796,,
2023-07,D20,exp:선박,1036848,,
2023-07,D20,exp:승용차,3430773,,
2023-07,D20,exp:싱가포르,846681,,
2023-07,D20,exp:유럽연합,3591805,,
2023-07,D20,exp:인도,929525,,
2023-07,D20,exp:일본,1497718,,
2023-07,D20,exp:자동차부품,1258253,,
2023-07,D20,exp:정밀기기,583609,,
2023-07,D20,exp:중국,6357624,,
2023-07,D20,exp:철강제품,2426893,,
2023-07,D20,exp:컴퓨터주변기기,601739,,
2023-07,D20,exp:홍콩,786635,,
2023-07,D20,imp:TOTAL,32588816,,
2023-07,D20,imp:가스,1318194,,
2023-07,D20,imp:기계류,1462222,,
2023-07,D20,imp:대만,1425389,,
2023-07,D20,imp:러시아 연방,585040,,
2023-07,D20,imp:말레이시아,853485,,
2023-07,D20,imp:무선통신기기,628249,,
2023-07,D20,imp:미국,3792203,,
2023-07,D20,imp:반도체,3656628,,
2023-07,D20,imp:반도체제조용장비,1106202,,
2023-07,D20,imp:베트남,1455900,,
2023-07,D20,imp:사우디아라비아,1322130,,
2023-07,D20,imp:석유제품,1144829,,
2023-07,D20,imp:석탄,1155851,,
2023-07,D20,imp:승용차,452043,,
2023-07,D20,imp:원유,3790347,,
2023-07,D20,imp:유럽연합,3222691,,
2023-07,D20,imp:일본,2540174,,
2023-07,D20,imp:정밀기기,859219,,
2023-07,D20,imp:중국,7561542,,
2023-07,D20,imp:호주,1511456,,
2023-07,FULL,exp:TOTAL,50457776,,
2023-07,FULL,exp:가전제품,753441,,
2023-07,FULL,exp:대만,1416002,,
2023-07,FULL,exp:말레이시아,663330,,
2023-07,FULL,exp:무선통신기기,1656773,,
2023-07,FULL,exp:미국,9309186,,
2023-07,FULL,exp:반도체,7603652,,
2023-07,FULL,exp:베트남,4416951,,
2023-07,FULL,exp:석유제품,3908575,,
2023-07,FULL,exp:선박,1601409,,
2023-07,FULL,exp:승용차,5678889,,
2023-07,FULL,exp:싱가포르,1477334,,
2023-07,FULL,exp:유럽연합,5631597,,
2023-07,FULL,exp:인도,1430716,,
2023-07,FULL,exp:일본,2363451,,
2023-07,FULL,exp:자동차부품,1974101,,
2023-07,FULL,exp:정밀기기,903234,,
2023-07,FULL,exp:중국,9928339,,
2023-07,FULL,exp:철강제품,4099313,,
2023-07,FULL,exp:컴퓨터주변기기,821915,,
2023-07,FULL,exp:홍콩,1734290,,
2023-07,FULL,imp:TOTAL,48738114,,
2023-07,FULL,imp:가스,1933307,,
2023-07,FULL,imp:기계류,2200315,,
2023-07,FULL,imp:대만,2065090,,
2023-07,FULL,imp:러시아 연방,851819,,
2023-07,FULL,imp:말레이시아,1150304,,
2023-07,FULL,imp:무선통신기기,1029053,,
2023-07,FULL,imp:미국,5319602,,
2023-07,FULL,imp:반도체,5285135,,
2023-07,FULL,imp:반도체제조용장비,1749392,,
2023-07,FULL,imp:베트남,2276217,,
2023-07,FULL,imp:사우디아라비아,2539245,,
2023-07,FULL,imp:석유제품,1527265,,
2023-07,FULL,imp:석탄,1613363,,
2023-07,FULL,imp:승용차,752631,,
2023-07,FULL,imp:원유,6225705,,
2023-07,FULL,imp:유럽연합,5053421,,
2023-07,FULL,imp:일본,3876242,,
2023-07,FULL,imp:정밀기기,1260918,,
2023-07,FULL,imp:중국,11172938,,
2023-07,FULL,imp:호주,2057423,,
2023-09,D10,exp:TOTAL,14906293,16130192,-7.59
2023-09,D10,exp:가전제품,200920,175381,14.56
2023-09,D10,exp:대만,491542,515973,-4.73
2023-09,D10,exp:말레이시아,228801,262010,-12.67
2023-09,D10,exp:무선통신기기,650003,615336,5.63
2023-09,D10,exp:미국,2588035,2496544,3.66
2023-09,D10,exp:반도체,2500647,3481612,-28.18
2023-09,D10,exp:베트남,1474938,1490245,-1.03
2023-09,D10,exp:석유제품,1436560,1616585,-11.14
2023-09,D10,exp:선박,219946,142659,54.18
2023-09,D10,exp:승용차,1403510,1062287,32.12
2023-09,D10,exp:싱가포르,461458,527692,-12.55
2023-09,D10,exp:유럽연합,1426710,1675223,-14.83
2023-09,D10,exp:인도,438177,455987,-3.91
2023-09,D10,exp:일본,739357,807699,-8.46
2023-09,D10,exp:자동차부품,516292,608979,-15.22
2023-09,D10,exp:정밀기기,293633,352036,-16.59
2023-09,D10,exp:중국,3392766,4122316,-17.70
2023-09,D10,exp:철강제품,1063808,1026160,3.67
2023-09,D10,exp:컴퓨터주변기기,166586,311354,-46.50
2023-09,D10,exp:홍콩,503017,487763,3.13
2023-09,D10,imp:TOTAL,16489765,18599862,-11.34
2023-09,D10,imp:가스,934086,2141373,-56.38
2023-09,D10,imp:기계류,644706,599236,7.59
2023-09,D10,imp:대만,550653,746222,-26.21
2023-09,D10,imp:러시아 연방,211188,323121,-34.64
2023-09,D10,imp:말레이시아,379635,442494,-14.21
2023-09,D10,imp:무선통신기기,189053,239644,-21.11
2023-09,D10,imp:미국,1582553,1851984,-14.55
2023-09,D10,imp:반도체,1567496,1812529,-13.52
2023-09,D10,imp:반도체제조용장비,405097,345881,17.12
2023-09,D10,imp:베트남,675371,646955,4.39
2023-09,D10,imp:사우디아라비아,1094974,1296952,-15.57
2023-09,D10,imp:석유제품,1060433,765059,38.61
2023-09,D10,imp:석탄,349632,638225,-45.22
2023-09,D10,imp:승용차,319489,344795,-7.34
2023-09,D10,imp:원유,2941030,3272923,-10.14
2023-09,D10,imp:유럽연합,1702462,1469044,15.89
2023-09,D10,imp:일본,1263146,1379577,-8.44
2023-09,D10,imp:정밀기기,416293,423661,-1.74
2023-09,D10,imp:중국,3298954,3237267,1.91
2023-09,D10,imp:호주,503712,1071082,-52.97
2023-09,D20,exp:TOTAL,35968700,32755635,9.81
2023-09,D20,exp:가전제품,528487,389021,35.85
2023-09,D20,exp:대만,1106908,1172285,-5.58
2023-09,D20,exp:말레이시아,495838,600568,-17.44
2023-09,D20,exp:무선통신기기,1262291,1216095,3.80
2023-09,D20,exp:미국,6562308,5001990,31.19
2023-09,D20,exp:반도체,5928978,6898313,-14.05
2023-09,D20,exp:베트남,3286805,2872437,14.43
2023-09,D20,exp:석유제품,2997891,3329216,-9.95
2023-09,D20,exp:선박,1152242,667477,72.63
2023-09,D20,exp:승용차,3262194,2189756,48.98
2023-09,D20,exp:싱가포르,923903,1376631,-32.89
2023-09,D20,exp:유럽연합,4181370,3181949,31.41
2023-09,D20,exp:인도,1130370,911963,23.95
2023-09,D20,exp:일본,1708215,1516141,12.67
2023-09,D20,exp:자동차부품,1301054,1116733,16.51
2023-09,D20,exp:정밀기기,684846,704912,-2.85
2023-09,D20,exp:중국,7503704,8246152,-9.00
2023-09,D20,exp:철강제품,2628876,2100043,25.18
2023-09,D20,exp:컴퓨터주변기기,435260,624220,-30.27
2023-09,D20,exp:홍콩,1346249,1090731,23.43
2023-09,D20,imp:TOTAL,36435998,37015079,-1.56
2023-09,D20,imp:가스,1587384,3863405,-58.91
2023-09,D20,imp:기계류,1573858,1293280,21.70
2023-09,D20,imp:대만,1403817,1544467,-9.11
2023-09,D20,imp:러시아 연방,505710,527587,-4.15
2023-09,D20,imp:말레이시아,882822,793043,11.32
2023-09,D20,imp:무선통신기기,458683,516406,-11.18
2023-09,D20,imp:미국,3795193,4358636,-12.93
2023-09,D20,imp:반도체,3788253,4069897,-6.92
2023-09,D20,imp:반도체제조용장비,928002,771961,20.21
2023-09,D20,imp:베트남,1616321,1440739,12.19
2023-09,D20,imp:사우디아라비아,2048543,1915195,6.96
2023-09,D20,imp:석유제품,1660220,1277389,29.97
2023-09,D20,imp:석탄,914546,1296246,-29.45
2023-09,D20,imp:승용차,775382,675297,14.82
2023-09,D20,imp:원유,5484553,5325613,2.98
2023-09,D20,imp:유럽연합,4002577,3090510,29.51
2023-09,D20,imp:일본,2719319,2877467,-5.50
2023-09,D20,imp:정밀기기,959620,868805,10.45
2023-09,D20,imp:중국,8008502,7341438,9.09
2023-09,D20,imp:호주,1471676,2419950,-39.19
2023-09,FULL,exp:TOTAL,54650691,57176300,-4.42
2023-09,FULL,exp:가전제품,754352,640647,17.75
2023-09,FULL,exp:대만,2145494,1985916,8.04
2023-09,FULL,exp:말레이시아,783620,919007,-14.73
2023-09,FULL,exp:무선통신기기,1878436,1918478,-2.09
2023-09,FULL,exp:미국,10078334,9248928,8.97
2023-09,FULL,exp:반도체,10058864,11772503,-14.56
2023-09,FULL,exp:베트남,4919327,4761384,3.32
2023-09,FULL,exp:석유제품,4948551,5292847,-6.50
2023-09,FULL,exp:선박,1276528,1158512,10.19
2023-09,FULL,exp:승용차,4986770,4574495,9.01
2023-09,FULL,exp:싱가포르,1604598,1939090,-17.25
2023-09,FULL,exp:유럽연합,5735391,5409112,6.03
2023-09,FULL,exp:인도,1638480,1615030,1.45
2023-09,FULL,exp:일본,2512162,2581743,-2.70
2023-09,FULL,exp:자동차부품,1880018,1955883,-3.88
2023-09,FULL,exp:정밀기기,1021259,1233422,-17.20
2023-09,FULL,exp:중국,10997619,13342692,-17.58
2023-09,FULL,exp:철강제품,3997324,3964009,0.84
2023-09,FULL,exp:컴퓨터주변기기,741108,1507736,-50.85
2023-09,FULL,exp:홍콩,2440824,2873739,-15.06
2023-09,FULL,imp:TOTAL,50972525,61012837,-16.46
2023-09,FULL,imp:가스,2452050,6652106,-63.14
2023-09,FULL,imp:기계류,2199997,2108238,4.35
2023-09,FULL,imp:대만,1961989,2652550,-26.03
2023-09,FULL,imp:러시아 연방,627670,946436,-33.68
2023-09,FULL,imp:말레이시아,1130890,1764247,-35.90
2023-09,FULL,imp:무선통신기기,657848,914211,-28.04
2023-09,FULL,imp:미국,5122090,6657837,-23.07
2023-09,FULL,imp:반도체,5258263,6687695,-21.37
2023-09,FULL,imp:반도체제조용장비,1466154,1496799,-2.05
2023-09,FULL,imp:베트남,2255614,2281161,-1.12
2023-09,FULL,imp:사우디아라비아,2996731,3486158,-14.04
2023-09,FULL,imp:석유제품,2227779,1862758,19.60
2023-09,FULL,imp:석탄,1352087,2147597,-37.04
2023-09,FULL,imp:승용차,1003219,1051436,-4.59
2023-09,FULL,imp:원유,7510106,8962679,-16.21
2023-09,FULL,imp:유럽연합,5580309,5282763,5.63
2023-09,FULL,imp:일본,3804958,4435942,-14.22
2023-09,FULL,imp:정밀기기,1314303,1373453,-4.31
2023-09,FULL,imp:중국,11143265,12677996,-12.11
2023-09,FULL,imp:호주,2274175,3765504,-39.61
2023-10,D10,exp:TOTAL,11495533,11784731,-2.45
2023-10,D10,exp:가전제품,153392,142319,7.78
2023-10,D10,exp:대만,327020,409367,-20.12
2023-10,D10,exp:말레이시아,229769,176326,30.31
2023-10,D10,exp:무선통신기기,570755,595140,-4.10
2023-10,D10,exp:미국,1870226,1635638,14.34
2023-10,D10,exp:반도체,2106581,2226543,-5.39
2023-10,D10,exp:베트남,1256175,1276827,-1.62
2023-10,D10,exp:석유제품,1480258,1049593,41.03
2023-10,D10,exp:선박,247196,508150,-51.35
2023-10,D10,exp:승용차,1078963,944714,14.21
2023-10,D10,exp:싱가포르,327998,319096,2.79
2023-10,D10,exp:유럽연합,1032785,1420342,-27.29
2023-10,D10,exp:인도,291212,353073,-17.52
2023-10,D10,exp:일본,575496,527455,9.11
2023-10,D10,exp:자동차부품,323670,380814,-15.01
2023-10,D10,exp:정밀기기,217387,289542,-24.92
2023-10,D10,exp:중국,2846671,2986149,-4.67
2023-10,D10,exp:철강제품,735482,795605,-7.56
2023-10,D10,exp:컴퓨터주변기기,182058,159490,14.15
2023-10,D10,exp:홍콩,307455,222887,37.94
2023-10,D10,imp:TOTAL,16927393,15615812,8.40
2023-10,D10,imp:가스,792848,1013543,-21.77
2023-10,D10,imp:기계류,676063,573880,17.81
2023-10,D10,imp:대만,758072,635518,19.28
2023-10,D10,imp:러시아 연방,198523,226372,-12.30
2023-10,D10,imp:말레이시아,483089,316355,52.70
2023-10,D10,imp:무선통신기기,766436,779630,-1.69
2023-10,D10,imp:미국,2090040,1733751,20.55
2023-10,D10,imp:반도체,2070790,1707207,21.30
2023-10,D10,imp:반도체제조용장비,388382,555188,-30.04
2023-10,D10,imp:베트남,669446,551250,21.44
2023-10,D10,imp:사우디아라비아,652561,1036494,-37.04
2023-10,D10,imp:석유제품,747284,765080,-2.33
2023-10,D10,imp:석탄,364549,486985,-25.14
2023-10,D10,imp:승용차,272658,344295,-20.81
2023-10,D10,imp:원유,2815361,2632271,6.96
2023-10,D10,imp:유럽연합,1468818,1515519,-3.08
2023-10,D10,imp:일본,1295235,1281072,1.11
2023-10,D10,imp:정밀기기,474074,357810,32.49
2023-10,D10,imp:중국,3959065,3446397,14.88
2023-10,D10,imp:호주,797305,681181,17.05
2023-10,D20,exp:TOTAL,33739771,32352884,4.29
2023-10,D20,exp:가전제품,447645,386425,15.84
2023-10,D20,exp:대만,1009927,999186,1.07
2023-10,D20,exp:말레이시아,618110,467117,32.32
2023-10,D20,exp:무선통신기기,1366428,1287675,6.12
2023-10,D20,exp:미국,5772416,5138731,12.33
2023-10,D20,exp:반도체,5215242,5572560,-6.41
2023-10,D20,exp:베트남,3158780,3141677,0.54
2023-10,D20,exp:석유제품,3503786,3121861,12.23
2023-10,D20,exp:선박,1617219,990900,63.21
2023-10,D20,exp:승용차,3298181,2647824,24.56
2023-10,D20,exp:싱가포르,1243663,912653,36.27
2023-10,D20,exp:유럽연합,3467773,3501481,-0.96
2023-10,D20,exp:인도,949965,899409,5.62
2023-10,D20,exp:일본,1656777,1394034,18.85
2023-10,D20,exp:자동차부품,1045964,1155271,-9.46
2023-10,D20,exp:정밀기기,622777,710984,-12.41
2023-10,D20,exp:중국,7152622,7621649,-6.15
2023-10,D20,exp:철강제품,2372323,2388769,-0.69
2023-10,D20,exp:컴퓨터주변기기,440823,426782,3.29
2023-10,D20,exp:홍콩,1042540,1036298,0.60
2023-10,D20,imp:TOTAL,37565671,37346779,0.59
2023-10,D20,imp:가스,1905841,2792424,-31.75
2023-10,D20,imp:기계류,1504015,1536671,-2.13
2023-10,D20,imp:대만,1635315,1461371,11.90
2023-10,D20,imp:러시아 연방,465233,498363,-6.65
2023-10,D20,imp:말레이시아,948195,775991,22.19
2023-10,D20,imp:무선통신기기,1258172,1348540,-6.70
2023-10,D20,imp:미국,4248645,4672603,-9.07
2023-10,D20,imp:반도체,4187171,4327958,-3.25
2023-10,D20,imp:반도체제조용장비,861948,1041289,-17.22
2023-10,D20,imp:베트남,1584184,1380705,14.74
2023-10,D20,imp:사우디아라비아,1997620,1703038,17.30
2023-10,D20,imp:석유제품,1759743,1295136,35.87
2023-10,D20,imp:석탄,969157,1032679,-6.15
2023-10,D20,imp:승용차,691134,733455,-5.77
2023-10,D20,imp:원유,6217853,4767068,30.43
2023-10,D20,imp:유럽연합,3562667,3677616,-3.13
2023-10,D20,imp:일본,2723214,2973026,-8.40
2023-10,D20,imp:정밀기기,993403,911892,8.94
2023-10,D20,imp:중국,8391033,8785235,-4.49
2023-10,D20,imp:호주,1967099,1669261,17.84
2023-10,FULL,exp:TOTAL,54989950,52428092,4.89
2023-10,FULL,exp:가전제품,696316,565207,23.20
2023-10,FULL,exp:대만,1702460,1794126,-5.11
2023-10,FULL,exp:말레이시아,999501,717097,39.38
2023-10,FULL,exp:무선통신기기,2148541,1971231,8.99
2023-10,FULL,exp:미국,10059689,8591668,17.09
2023-10,FULL,exp:반도체,9061404,9515297,-4.77
2023-10,FULL,exp:베트남,4832318,4959096,-2.56
2023-10,FULL,exp:석유제품,5212322,4500682,15.81
2023-10,FULL,exp:선박,2751456,1343085,104.86
2023-10,FULL,exp:승용차,5705540,4716609,20.97
2023-10,FULL,exp:싱가포르,2238050,1323398,69.11
2023-10,FULL,exp:유럽연합,5013518,5616301,-10.73
2023-10,FULL,exp:인도,1531651,1403230,9.15
2023-10,FULL,exp:일본,2492283,2272321,9.68
2023-10,FULL,exp:자동차부품,1701366,1793371,-5.13
2023-10,FULL,exp:정밀기기,985390,1128689,-12.70
2023-10,FULL,exp:중국,10993481,12155841,-9.56
2023-10,FULL,exp:철강제품,3809956,4014704,-5.10
2023-10,FULL,exp:컴퓨터주변기기,722284,1008583,-28.39
2023-10,FULL,exp:홍콩,2430688,2006520,21.14
2023-10,FULL,imp:TOTAL,53440582,59167185,-9.68
2023-10,FULL,imp:가스,2537434,5593133,-54.63
2023-10,FULL,imp:기계류,2279919,2238267,1.86
2023-10,FULL,imp:대만,2168182,2239636,-3.19
2023-10,FULL,imp:러시아 연방,596107,981854,-39.29
2023-10,FULL,imp:말레이시아,1286527,1320383,-2.56
2023-10,FULL,imp:무선통신기기,1731713,1935496,-10.53
2023-10,FULL,imp:미국,6212986,6692906,-7.17
2023-10,FULL,imp:반도체,5755128,6712539,-14.26
2023-10,FULL,imp:반도체제조용장비,1280067,1567977,-18.36
2023-10,FULL,imp:베트남,2266382,2111583,7.33
2023-10,FULL,imp:사우디아라비아,2569486,3217906,-20.15
2023-10,FULL,imp:석유제품,2255595,1864935,20.95
2023-10,FULL,imp:석탄,1386958,1875524,-26.05
2023-10,FULL,imp:승용차,1084888,1231743,-11.92
2023-10,FULL,imp:원유,8055748,8045414,0.13
2023-10,FULL,imp:유럽연합,5291515,5559671,-4.82
2023-10,FULL,imp:일본,3932137,4300343,-8.56
2023-10,FULL,imp:정밀기기,1443237,1350907,6.83
2023-10,FULL,imp:중국,12549078,13411941,-6.43
2023-10,FULL,imp:호주,2601078,3233994,-19.57
2023-11,D10,exp:TOTAL,18129507,17673191,2.58
2023-11,D10,exp:가전제품,230047,197671,16.38
2023-11,D10,exp:대만,558653,571549,-2.26
2023-11,D10,exp:말레이시아,265453,269311,-1.43
2023-11,D10,exp:무선통신기기,728765,700334,4.06
2023-11,D10,exp:미국,3713912,3023885,22.82
2023-11,D10,exp:반도체,2795594,2760437,1.27
2023-11,D10,exp:베트남,1786730,1665135,7.30
2023-11,D10,exp:석유제품,1715690,1964244,-12.65
2023-11,D10,exp:선박,126280,384302,-67.14
2023-11,D10,exp:승용차,1997799,1456382,37.18
2023-11,D10,exp:싱가포르,586749,372402,57.56
2023-11,D10,exp:유럽연합,1768049,1858436,-4.86
2023-11,D10,exp:인도,475130,460239,3.24
2023-11,D10,exp:일본,923599,748420,23.41
2023-11,D10,exp:자동차부품,629858,673774,-6.52
2023-11,D10,exp:정밀기기,406379,355502,14.31
2023-11,D10,exp:중국,3881336,3895999,-0.38
2023-11,D10,exp:철강제품,1198697,1272157,-5.77
2023-11,D10,exp:컴퓨터주변기기,233160,282976,-17.60
2023-11,D10,exp:홍콩,540398,580608,-6.93
2023-11,D10,imp:TOTAL,19956728,19743606,1.08
2023-11,D10,imp:가스,1172458,1253273,-6.45
2023-11,D10,imp:기계류,865878,784907,10.32
2023-11,D10,imp:대만,853200,731106,16.70
2023-11,D10,imp:러시아 연방,242983,427908,-43.22
2023-11,D10,imp:말레이시아,502044,388757,29.14
2023-11,D10,imp:무선통신기기,475023,260883,82.08
2023-11,D10,imp:미국,2522892,2264338,11.42
2023-11,D10,imp:반도체,2025368,2101889,-3.64
2023-11,D10,imp:반도체제조용장비,417863,671897,-37.81
2023-11,D10,imp:베트남,658715,705710,-6.66
2023-11,D10,imp:사우디아라비아,1391325,1005985,38.30
2023-11,D10,imp:석유제품,965695,705803,36.82
2023-11,D10,imp:석탄,485214,678835,-28.52
2023-11,D10,imp:승용차,422716,645250,-34.49
2023-11,D10,imp:원유,3565083,2555302,39.52
2023-11,D10,imp:유럽연합,2015490,1992673,1.15
2023-11,D10,imp:일본,1411486,1599628,-11.76
2023-11,D10,imp:정밀기기,496378,495915,0.09
2023-11,D10,imp:중국,4339003,4469888,-2.93
2023-11,D10,imp:호주,1096317,773326,41.77
2023-11,D20,exp:TOTAL,33647826,33073391,1.74
2023-11,D20,exp:가전제품,428872,342231,25.32
2023-11,D20,exp:대만,1002477,1187447,-15.58
2023-11,D20,exp:말레이시아,596374,586007,1.77
2023-11,D20,exp:무선통신기기,1366981,1365563,0.10
2023-11,D20,exp:미국,6583607,5693714,15.63
2023-11,D20,exp:반도체,5410257,5284029,2.39
2023-11,D20,exp:베트남,3103800,3067422,1.19
2023-11,D20,exp:석유제품,2959778,3041060,-2.67
2023-11,D20,exp:선박,635189,895494,-29.07
2023-11,D20,exp:승용차,3761958,3131728,20.12
2023-11,D20,exp:싱가포르,977116,764981,27.73
2023-11,D20,exp:유럽연합,3174623,3310594,-4.11
2023-11,D20,exp:인도,929810,804338,15.60
2023-11,D20,exp:일본,1604157,1468837,9.21
2023-11,D20,exp:자동차부품,1140622,1184300,-3.69
2023-11,D20,exp:정밀기기,684662,647964,5.66
2023-11,D20,exp:중국,7213046,7402890,-2.56
2023-11,D20,exp:철강제품,2234803,2467521,-9.43
2023-11,D20,exp:컴퓨터주변기기,425130,485965,-12.52
2023-11,D20,exp:홍콩,1232172,960841,28.24
2023-11,D20,imp:TOTAL,35177065,37527036,-6.26
2023-11,D20,imp:가스,2040133,2970269,-31.31
2023-11,D20,imp:기계류,1513752,1637260,-7.54
2023-11,D20,imp:대만,1522894,1272628,19.67
2023-11,D20,imp:러시아 연방,411638,753082,-45.34
2023-11,D20,imp:말레이시아,880834,778315,13.17
2023-11,D20,imp:무선통신기기,855830,487202,75.66
2023-11,D20,imp:미국,4418510,4653294,-5.05
2023-11,D20,imp:반도체,3854491,3739431,3.08
2023-11,D20,imp:반도체제조용장비,722975,1205092,-40.01
2023-11,D20,imp:베트남,1338037,1296359,3.22
2023-11,D20,imp:사우디아라비아,2174983,2056338,5.77
2023-11,D20,imp:석유제품,1550893,1281619,21.01
2023-11,D20,imp:석탄,743668,1313313,-43.37
2023-11,D20,imp:승용차,765216,1195862,-36.01
2023-11,D20,imp:원유,5834138,5518787,5.71
2023-11,D20,imp:유럽연합,3394630,3747243,-9.41
2023-11,D20,imp:일본,2500563,2858646,-12.53
2023-11,D20,imp:정밀기기,931635,890353,4.64
2023-11,D20,imp:중국,7951856,8158813,-2.54
2023-11,D20,imp:호주,1807102,2088220,-13.46
2023-11,FULL,exp:TOTAL,55561090,51771855,7.32
2023-11,FULL,exp:가전제품,716326,497155,44.09
2023-11,FULL,exp:대만,1691821,1936579,-12.64
2023-11,FULL,exp:말레이시아,940532,827644,13.64
2023-11,FULL,exp:무선통신기기,1970203,1940223,1.55
2023-11,FULL,exp:미국,10943600,8775694,24.70
2023-11,FULL,exp:반도체,9688869,8743404,10.81
2023-11,FULL,exp:베트남,4913358,4648870,5.69
2023-11,FULL,exp:석유제품,4529005,4854931,-6.71
2023-11,FULL,exp:선박,1380822,1059596,30.32
2023-11,FULL,exp:승용차,6341506,5160253,22.89
2023-11,FULL,exp:싱가포르,1684766,1306892,28.91
2023-11,FULL,exp:유럽연합,5395912,5274216,2.31
2023-11,FULL,exp:인도,1523664,1379462,10.45
2023-11,FULL,exp:일본,2542677,2301716,10.47
2023-11,FULL,exp:자동차부품,1841477,1788629,2.95
2023-11,FULL,exp:정밀기기,1061265,999407,6.19
2023-11,FULL,exp:중국,11342928,11377960,-0.31
2023-11,FULL,exp:철강제품,3845882,4189712,-8.21
2023-11,FULL,exp:컴퓨터주변기기,713520,951549,-25.01
2023-11,FULL,exp:홍콩,2753504,1811354,52.01
2023-11,FULL,imp:TOTAL,51997805,58847655,-11.64
2023-11,FULL,imp:가스,2877048,5249205,-45.19
2023-11,FULL,imp:기계류,2297179,2495937,-7.96
2023-11,FULL,imp:대만,2068737,1982602,4.34
2023-11,FULL,imp:러시아 연방,613765,1112094,-44.81
2023-11,FULL,imp:말레이시아,1247293,1196759,4.22
2023-11,FULL,imp:무선통신기기,1136889,755474,50.49
2023-11,FULL,imp:미국,6204912,6529866,-4.98
2023-11,FULL,imp:반도체,5359098,7036909,-23.84
2023-11,FULL,imp:반도체제조용장비,1317574,1831720,-28.07
2023-11,FULL,imp:베트남,1994822,1947539,2.43
2023-11,FULL,imp:사우디아라비아,2951579,3233247,-8.71
2023-11,FULL,imp:석유제품,2239150,2027795,10.42
2023-11,FULL,imp:석탄,1284974,2143012,-40.04
2023-11,FULL,imp:승용차,1189825,1613579,-26.26
2023-11,FULL,imp:원유,7850830,8064708,-2.65
2023-11,FULL,imp:유럽연합,5324895,5925524,-10.14
2023-11,FULL,imp:일본,3717928,4313252,-13.80
2023-11,FULL,imp:정밀기기,1391673,1345171,3.46
2023-11,FULL,imp:중국,12087237,12129046,-0.34
2023-11,FULL,imp:호주,2494499,3860935,-35.39
2023-12,D10,exp:TOTAL,15633586,15292360,2.23
2023-12,D10,exp:가전제품,171480,143440,19.55
2023-12,D10,exp:대만,549723,484792,13.39
2023-12,D10,exp:말레이시아,273893,214829,27.49
2023-12,D10,exp:무선통신기기,557667,472928,17.92
2023-12,D10,exp:미국,3099354,2521328,22.93
2023-12,D10,exp:반도체,2527469,2633211,-4.02
2023-12,D10,exp:베트남,1472465,1488260,-1.06
2023-12,D10,exp:석유제품,1350959,1439234,-6.13
2023-12,D10,exp:선박,1105233,491887,124.69
2023-12,D10,exp:승용차,1583328,1398933,13.18
2023-12,D10,exp:싱가포르,366905,409934,-10.50
2023-12,D10,exp:유럽연합,1410325,1999536,-29.47
2023-12,D10,exp:인도,397789,368297,8.01
2023-12,D10,exp:일본,784351,819800,-4.32
2023-12,D10,exp:자동차부품,463633,548660,-15.50
2023-12,D10,exp:정밀기기,308368,319847,-3.59
2023-12,D10,exp:중국,3154759,3386874,-6.85
2023-12,D10,exp:철강제품,986926,989605,-0.27
2023-12,D10,exp:컴퓨터주변기기,195464,219805,-11.07
2023-12,D10,exp:홍콩,549194,370847,48.09
2023-12,D10,imp:TOTAL,17136552,20297462,-15.57
2023-12,D10,imp:가스,1455442,2170225,-32.94
2023-12,D10,imp:기계류,726649,718458,1.14
2023-12,D10,imp:대만,628963,726872,-13.47
2023-12,D10,imp:러시아 연방,281934,324698,-13.17
2023-12,D10,imp:말레이시아,297051,321480,-7.60
2023-12,D10,imp:무선통신기기,217756,263118,-17.24
2023-12,D10,imp:미국,1907807,2606905,-26.82
2023-12,D10,imp:반도체,1725336,2023702,-14.74
2023-12,D10,imp:반도체제조용장비,473975,760439,-37.67
2023-12,D10,imp:베트남,654266,623200,4.98
2023-12,D10,imp:사우디아라비아,853392,748219,14.06
2023-12,D10,imp:석유제품,752998,809551,-6.99
2023-12,D10,imp:석탄,491177,675633,-27.30
2023-12,D10,imp:승용차,398439,384414,3.65
2023-12,D10,imp:원유,2676340,3321303,-19.42
2023-12,D10,imp:유럽연합,1796139,2174277,-17.39
2023-12,D10,imp:일본,1160903,1417303,-18.09
2023-12,D10,imp:정밀기기,439417,510022,-13.84
2023-12,D10,imp:중국,3490421,3892128,-10.32
2023-12,D10,imp:호주,1319102,950842,38.73
2023-12,D20,exp:TOTAL,37729966,33526222,12.54
2023-12,D20,exp:가전제품,469200,357131,31.38
2023-12,D20,exp:대만,1186506,1032623,14.90
2023-12,D20,exp:말레이시아,625448,560068,11.67
2023-12,D20,exp:무선통신기기,1009384,905767,11.44
2023-12,D20,exp:미국,7560915,5849903,29.25
2023-12,D20,exp:반도체,6656218,5585861,19.16
2023-12,D20,exp:베트남,3272617,2907847,12.54
2023-12,D20,exp:석유제품,3088796,2854999,8.19
2023-12,D20,exp:선박,2466779,983783,150.74
2023-12,D20,exp:승용차,3739452,2932268,27.53
2023-12,D20,exp:싱가포르,720704,872809,-17.43
2023-12,D20,exp:유럽연합,3366499,4045824,-16.79
2023-12,D20,exp:인도,1098013,1053562,4.22
2023-12,D20,exp:일본,1858460,1609291,15.48
2023-12,D20,exp:자동차부품,1142842,1210756,-5.61
2023-12,D20,exp:정밀기기,706849,719023,-1.69
2023-12,D20,exp:중국,7168287,7203629,-0.49
2023-12,D20,exp:철강제품,2498976,2569383,-2.74
2023-12,D20,exp:컴퓨터주변기기,451133,498168,-9.44
2023-12,D20,exp:홍콩,1767060,758747,132.89
2023-12,D20,imp:TOTAL,36221007,39941875,-9.32
2023-12,D20,imp:가스,2592577,4487397,-42.23
2023-12,D20,imp:기계류,1606901,1589598,1.09
2023-12,D20,imp:대만,1317794,1358851,-3.02
2023-12,D20,imp:러시아 연방,513340,586962,-12.54
2023-12,D20,imp:말레이시아,763863,690945,10.55
2023-12,D20,imp:무선통신기기,497478,491791,1.16
2023-12,D20,imp:미국,4352305,4562988,-4.62
2023-12,D20,imp:반도체,3796880,3772367,0.65
2023-12,D20,imp:반도체제조용장비,1213563,1599537,-24.13
2023-12,D20,imp:베트남,1434894,1254424,14.39
2023-12,D20,imp:사우디아라비아,1708314,1754330,-2.62
2023-12,D20,imp:석유제품,1337247,1328618,0.65
2023-12,D20,imp:석탄,970910,1303439,-25.51
2023-12,D20,imp:승용차,821035,813248,0.96
2023-12,D20,imp:원유,5206109,5519379,-5.68
2023-12,D20,imp:유럽연합,4187899,4655406,-10.04
2023-12,D20,imp:일본,2601736,2805647,-7.27
2023-12,D20,imp:정밀기기,1012388,987631,2.51
2023-12,D20,imp:중국,7693918,8048765,-4.41
2023-12,D20,imp:호주,2156482,2586953,-16.64
2023-12,FULL,exp:TOTAL,57573193,54848666,4.97
2023-12,FULL,exp:가전제품,636298,528852,20.32
2023-12,FULL,exp:대만,2167143,1803441,20.17
2023-12,FULL,exp:말레이시아,923568,803277,14.98
2023-12,FULL,exp:무선통신기기,1325633,1338272,-0.94
2023-12,FULL,exp:미국,11280989,9349378,20.66
2023-12,FULL,exp:반도체,11192340,9401737,19.05
2023-12,FULL,exp:베트남,4629922,4755951,-2.65
2023-12,FULL,exp:석유제품,4514938,4708403,-4.11
2023-12,FULL,exp:선박,3523654,2448538,43.91
2023-12,FULL,exp:승용차,6196407,5201391,19.13
2023-12,FULL,exp:싱가포르,1954859,1536129,27.26
2023-12,FULL,exp:유럽연합,5034248,6287255,-19.93
2023-12,FULL,exp:인도,1588847,1486070,6.92
2023-12,FULL,exp:일본,2486618,2428656,2.39
2023-12,FULL,exp:자동차부품,1712154,1920387,-10.84
2023-12,FULL,exp:정밀기기,1001780,1094999,-8.51
2023-12,FULL,exp:중국,10864298,11197865,-2.98
2023-12,FULL,exp:철강제품,3861379,4084832,-5.47
2023-12,FULL,exp:컴퓨터주변기기,791998,1117778,-29.15
2023-12,FULL,exp:홍콩,3341216,1814288,84.16
2023-12,FULL,imp:TOTAL,53122854,59623062,-10.90
2023-12,FULL,imp:가스,4297638,6211213,-30.81
2023-12,FULL,imp:기계류,2355383,2370188,-0.62
2023-12,FULL,imp:대만,1936033,2171610,-10.85
2023-12,FULL,imp:러시아 연방,681573,1065124,-36.01
2023-12,FULL,imp:말레이시아,1344332,1261341,6.58
2023-12,FULL,imp:무선통신기기,662759,701555,-5.53
2023-12,FULL,imp:미국,6279486,6794422,-7.58
2023-12,FULL,imp:반도체,5395017,5846012,-7.71
2023-12,FULL,imp:반도체제조용장비,2058261,2723546,-24.43
2023-12,FULL,imp:베트남,2105050,1867541,12.72
2023-12,FULL,imp:사우디아라비아,2980977,3195896,-6.72
2023-12,FULL,imp:석유제품,1865635,1956375,-4.64
2023-12,FULL,imp:석탄,1538451,2213289,-30.49
2023-12,FULL,imp:승용차,1170264,1208268,-3.15
2023-12,FULL,imp:원유,7874702,8285381,-4.96
2023-12,FULL,imp:유럽연합,6001592,6753540,-11.13
2023-12,FULL,imp:일본,3920619,4479917,-12.48
2023-12,FULL,imp:정밀기기,1411214,1447895,-2.53
2023-12,FULL,imp:중국,10887275,11810034,-7.81
2023-12,FULL,imp:호주,3074843,3662003,-16.03
2024-01,D10,exp:TOTAL,15422243,13886115,11.06
2024-01,D10,exp:가전제품,161935,158135,2.40
2024-01,D10,exp:대만,501553,421432,19.01
2024-01,D10,exp:말레이시아,189342,258003,-26.61
2024-01,D10,exp:무선통신기기,437098,560338,-21.99
2024-01,D10,exp:미국,2633459,2291580,14.92
2024-01,D10,exp:반도체,2571669,2047010,25.63
2024-01,D10,exp:베트남,1326182,1388408,-4.48
2024-01,D10,exp:석유제품,1604041,1308812,22.56
2024-01,D10,exp:선박,993895,353774,180.94
2024-01,D10,exp:승용차,1297173,1273254,1.88
2024-01,D10,exp:싱가포르,584680,265879,119.90
2024-01,D10,exp:유럽연합,1661664,1425921,16.53
2024-01,D10,exp:인도,443709,408825,8.53
2024-01,D10,exp:일본,819636,691900,18.46
2024-01,D10,exp:자동차부품,508896,509294,-0.08
2024-01,D10,exp:정밀기기,292047,299272,-2.41
2024-01,D10,exp:중국,3244538,2942784,10.25
2024-01,D10,exp:철강제품,1063288,1003783,5.93
2024-01,D10,exp:컴퓨터주변기기,217458,186809,16.41
2024-01,D10,exp:홍콩,449655,305410,47.23
2024-01,D10,imp:TOTAL,18491464,20130610,-8.14
2024-01,D10,imp:가스,1117642,2052898,-45.56
2024-01,D10,imp:기계류,771467,796876,-3.19
2024-01,D10,imp:대만,772036,820706,-5.93
2024-01,D10,imp:러시아 연방,183525,295795,-37.96
2024-01,D10,imp:말레이시아,533847,479102,11.43
2024-01,D10,imp:무선통신기기,394939,563171,-29.87
2024-01,D10,imp:미국,1864468,2304757,-19.10
2024-01,D10,imp:반도체,2017858,2087022,-3.31
2024-01,D10,imp:반도체제조용장비,581449,569985,2.01
2024-01,D10,imp:베트남,1007015,901729,11.68
2024-01,D10,imp:사우디아라비아,805782,839299,-3.99
2024-01,D10,imp:석유제품,854327,757897,12.72
2024-01,D10,imp:석탄,597372,791246,-24.50
2024-01,D10,imp:승용차,201694,338575,-40.43
2024-01,D10,imp:원유,2571305,2142667,20.00
2024-01,D10,imp:유럽연합,1555986,1758981,-11.54
2024-01,D10,imp:일본,982313,1023998,-4.07
2024-01,D10,imp:정밀기기,467834,434115,7.77
2024-01,D10,imp:중국,4330064,4803571,-9.86
2024-01,D10,imp:호주,1013723,1300703,-22.06
2024-01,D20,exp:TOTAL,33319854,33668056,-1.03
2024-01,D20,exp:가전제품,427317,395974,7.92
2024-01,D20,exp:대만,1031407,843797,22.23
2024-01,D20,exp:말레이시아,504864,628700,-19.70
2024-01,D20,exp:무선통신기기,871535,1150042,-24.22
2024-01,D20,exp:미국,6186136,5975059,3.53
2024-01,D20,exp:반도체,5297202,4427339,19.65
2024-01,D20,exp:베트남,2692755,2808587,-4.12
2024-01,D20,exp:석유제품,2904876,2882038,0.79
2024-01,D20,exp:선박,1919785,1015508,89.05
2024-01,D20,exp:승용차,3472991,3389523,2.46
2024-01,D20,exp:싱가포르,952340,917722,3.77
2024-01,D20,exp:유럽연합,3538389,3903963,-9.36
2024-01,D20,exp:인도,995476,1049639,-5.16
2024-01,D20,exp:일본,1605360,1679095,-4.39
2024-01,D20,exp:자동차부품,1099700,1308750,-15.97
2024-01,D20,exp:정밀기기,598458,679296,-11.90
2024-01,D20,exp:중국,6819362,6798070,0.31
2024-01,D20,exp:철강제품,2467132,2665599,-7.45
2024-01,D20,exp:컴퓨터주변기기,509244,409780,24.27
2024-01,D20,exp:홍콩,1006262,678993,48.20
2024-01,D20,imp:TOTAL,35992875,43949168,-18.10
2024-01,D20,imp:가스,2351021,4564902,-48.50
2024-01,D20,imp:기계류,1425458,1591538,-10.44
2024-01,D20,imp:대만,1471679,1462728,0.61
2024-01,D20,imp:러시아 연방,340778,647681,-47.38
2024-01,D20,imp:말레이시아,817004,1107208,-26.21
2024-01,D20,imp:무선통신기기,673672,1086573,-38.00
2024-01,D20,imp:미국,4070232,5276596,-22.86
2024-01,D20,imp:반도체,3757090,4051680,-7.27
2024-01,D20,imp:반도체제조용장비,1042279,1216188,-14.30
2024-01,D20,imp:베트남,1784954,1789072,-0.23
2024-01,D20,imp:사우디아라비아,1620569,1959734,-17.31
2024-01,D20,imp:석유제품,1669215,1759543,-5.13
2024-01,D20,imp:석탄,1166879,1741451,-32.99
2024-01,D20,imp:승용차,554161,965142,-42.58
2024-01,D20,imp:원유,5478438,5410842,1.25
2024-01,D20,imp:유럽연합,3037211,3976199,-23.62
2024-01,D20,imp:일본,2210841,2633464,-16.05
2024-01,D20,imp:정밀기기,858495,929359,-7.63
2024-01,D20,imp:중국,8071052,10018562,-19.44
2024-01,D20,imp:호주,2106267,3029053,-30.46
2024-01,FULL,exp:TOTAL,54709823,46339145,18.06
2024-01,FULL,exp:가전제품,734908,540195,36.04
2024-01,FULL,exp:대만,1773976,1212507,46.31
2024-01,FULL,exp:말레이시아,774737,852154,-9.08
2024-01,FULL,exp:무선통신기기,1262803,1479275,-14.63
2024-01,FULL,exp:미국,10252308,8058604,27.22
2024-01,FULL,exp:반도체,9529970,6236188,52.82
2024-01,FULL,exp:베트남,4189458,3768005,11.19
2024-01,FULL,exp:석유제품,4835458,4253006,13.70
2024-01,FULL,exp:선박,2457555,1397147,75.90
2024-01,FULL,exp:승용차,5985821,4796499,24.80
2024-01,FULL,exp:싱가포르,1757142,1309949,34.14
2024-01,FULL,exp:유럽연합,5699835,5419457,5.17
2024-01,FULL,exp:인도,1538078,1452738,5.87
2024-01,FULL,exp:일본,2542909,2295203,10.79
2024-01,FULL,exp:자동차부품,1830200,1676651,9.16
2024-01,FULL,exp:정밀기기,961706,892949,7.70
2024-01,FULL,exp:중국,10695827,9207639,16.16
2024-01,FULL,exp:철강제품,4038358,3844257,5.05
2024-01,FULL,exp:컴퓨터주변기기,804623,605545,32.88
2024-01,FULL,exp:홍콩,2678154,1113868,140.44
2024-01,FULL,imp:TOTAL,54474611,59037259,-7.73
2024-01,FULL,imp:가스,3870909,6739003,-42.56
2024-01,FULL,imp:기계류,2251892,2359990,-4.58
2024-01,FULL,imp:대만,2196893,1750162,25.53
2024-01,FULL,imp:러시아 연방,531098,792251,-32.96
2024-01,FULL,imp:말레이시아,1367470,1368578,-0.08
2024-01,FULL,imp:무선통신기기,968411,1306786,-25.89
2024-01,FULL,imp:미국,6138062,6995423,-12.26
2024-01,FULL,imp:반도체,5665385,5291797,7.06
2024-01,FULL,imp:반도체제조용장비,1779403,1778313,0.06
2024-01,FULL,imp:베트남,2653858,2401963,10.49
2024-01,FULL,imp:사우디아라비아,2662075,2768103,-3.83
2024-01,FULL,imp:석유제품,2456330,1965017,25.00
2024-01,FULL,imp:석탄,1911863,2078458,-8.02
2024-01,FULL,imp:승용차,720453,1300644,-44.61
2024-01,FULL,imp:원유,7433740,6971293,6.63
2024-01,FULL,imp:유럽연합,4552811,5587935,-18.52
2024-01,FULL,imp:일본,3755031,3953682,-5.02
2024-01,FULL,imp:정밀기기,1324956,1284870,3.12
2024-01,FULL,imp:중국,12396980,13140061,-5.66
2024-01,FULL,imp:호주,3308750,4110352,-19.50
2024-02,D10,exp:TOTAL,14757600,17572590,-16.02
2024-02,D10,exp:가전제품,224325,222948,0.62
2024-02,D10,exp:대만,436794,522148,-16.35
2024-02,D10,exp:말레이시아,403552,238657,69.09
2024-02,D10,exp:무선통신기기,374575,432332,-13.36
2024-02,D10,exp:미국,2850079,3246377,-12.21
2024-02,D10,exp:반도체,2782701,1957190,42.18
2024-02,D10,exp:베트남,1275600,1581534,-19.34
2024-02,D10,exp:석유제품,1398748,1737184,-19.48
2024-02,D10,exp:선박,58628,475796,-87.68
2024-02,D10,exp:승용차,1108032,1739292,-36.29
2024-02,D10,exp:싱가포르,322205,553594,-41.80
2024-02,D10,exp:유럽연합,1437109,2240515,-35.86
2024-02,D10,exp:인도,456239,547064,-16.60
2024-02,D10,exp:일본,751257,912925,-17.71
2024-02,D10,exp:자동차부품,628455,725182,-13.34
2024-02,D10,exp:정밀기기,260804,345676,-24.55
2024-02,D10,exp:중국,2824889,3532838,-20.04
2024-02,D10,exp:철강제품,1041104,1367473,-23.87
2024-02,D10,exp:컴퓨터주변기기,203335,205089,-0.86
2024-02,D10,exp:홍콩,629048,334518,88.05
2024-02,D10,imp:TOTAL,17054119,22567423,-24.43
2024-02,D10,imp:가스,953168,2263116,-57.88
2024-02,D10,imp:기계류,748499,847030,-11.63
2024-02,D10,imp:대만,804412,725708,10.85
2024-02,D10,imp:러시아 연방,203094,335914,-39.54
2024-02,D10,imp:말레이시아,284673,510869,-44.28
2024-02,D10,imp:무선통신기기,204599,310275,-34.06
2024-02,D10,imp:미국,1743786,2563743,-31.98
2024-02,D10,imp:반도체,1807401,2092813,-13.64
2024-02,D10,imp:반도체제조용장비,766114,576959,32.78
2024-02,D10,imp:베트남,732132,757168,-3.31
2024-02,D10,imp:사우디아라비아,923518,1315162,-29.78
2024-02,D10,imp:석유제품,631575,1041821,-39.38
2024-02,D10,imp:석탄,487189,872310,-44.15
2024-02,D10,imp:승용차,216967,471771,-54.01
2024-02,D10,imp:원유,2987608,3462983,-13.73
2024-02,D10,imp:유럽연합,1598520,2080399,-23.16
2024-02,D10,imp:일본,1246871,1789521,-30.32
2024-02,D10,imp:정밀기기,402726,438940,-8.25
2024-02,D10,imp:중국,3566847,3684445,-3.19
2024-02,D10,imp:호주,890793,1510066,-41.01
2024-02,D20,exp:TOTAL,30436349,33332355,-8.69
2024-02,D20,exp:가전제품,456453,429479,6.28
2024-02,D20,exp:대만,883697,896061,-1.38
2024-02,D20,exp:말레이시아,676161,454891,48.64
2024-02,D20,exp:무선통신기기,772717,851246,-9.23
2024-02,D20,exp:미국,5691285,5995946,-5.08
2024-02,D20,exp:반도체,5286142,3803005,39.00
2024-02,D20,exp:베트남,2543449,2903918,-12.41
2024-02,D20,exp:석유제품,2902843,3073809,-5.56
2024-02,D20,exp:선박,848631,1307243,-35.08
2024-02,D20,exp:승용차,2570010,3355625,-23.41
2024-02,D20,exp:싱가포르,701695,924636,-24.11
2024-02,D20,exp:유럽연합,3252740,4264916,-23.73
2024-02,D20,exp:인도,862702,1028626,-16.13
2024-02,D20,exp:일본,1529541,1592050,-3.93
2024-02,D20,exp:자동차부품,1122644,1344975,-16.53
2024-02,D20,exp:정밀기기,513025,630337,-18.61
2024-02,D20,exp:중국,5831596,6669958,-12.57
2024-02,D20,exp:철강제품,2233463,2690650,-16.99
2024-02,D20,exp:컴퓨터주변기기,404455,411062,-1.61
2024-02,D20,exp:홍콩,1225422,617181,98.55
2024-02,D20,imp:TOTAL,32040356,39533493,-18.95
2024-02,D20,imp:가스,1737785,3887917,-55.30
2024-02,D20,imp:기계류,1436474,1614719,-11.04
2024-02,D20,imp:대만,1474852,1430075,3.13
2024-02,D20,imp:러시아 연방,382150,644737,-40.73
2024-02,D20,imp:말레이시아,701495,878675,-20.16
2024-02,D20,imp:무선통신기기,357637,614205,-41.77
2024-02,D20,imp:미국,3775135,4870762,-22.49
2024-02,D20,imp:반도체,3701995,3720577,-0.50
2024-02,D20,imp:반도체제조용장비,1222016,1177070,3.82
2024-02,D20,imp:베트남,1517366,1458468,4.04
2024-02,D20,imp:사우디아라비아,1382518,2033206,-32.00
2024-02,D20,imp:석유제품,1228453,1683781,-27.04
2024-02,D20,imp:석탄,863325,1329139,-35.05
2024-02,D20,imp:승용차,606477,806898,-24.84
2024-02,D20,imp:원유,4746656,5393025,-11.99
2024-02,D20,imp:유럽연합,3194301,3909545,-18.29
2024-02,D20,imp:일본,2533815,3112725,-18.60
2024-02,D20,imp:정밀기기,822960,828584,-0.68
2024-02,D20,imp:중국,6657788,7452570,-10.66
2024-02,D20,imp:호주,1355066,2285508,-40.71
2024-02,FULL,exp:TOTAL,52076390,49994593,4.16
2024-02,FULL,exp:가전제품,716519,632437,13.29
2024-02,FULL,exp:대만,1531945,1413003,8.42
2024-02,FULL,exp:말레이시아,938591,781237,20.14
2024-02,FULL,exp:무선통신기기,1252575,1144405,9.45
2024-02,FULL,exp:미국,9809053,8991831,9.09
2024-02,FULL,exp:반도체,10051003,6167225,62.97
2024-02,FULL,exp:베트남,4207880,4042170,4.10
2024-02,FULL,exp:석유제품,4472387,4639290,-3.60
2024-02,FULL,exp:선박,1645263,1482106,11.01
2024-02,FULL,exp:승용차,4926226,5369418,-8.25
2024-02,FULL,exp:싱가포르,1116630,1395943,-20.01
2024-02,FULL,exp:유럽연합,5663444,6182089,-8.39
2024-02,FULL,exp:인도,1474545,1499353,-1.65
2024-02,FULL,exp:일본,2374211,2345910,1.21
2024-02,FULL,exp:자동차부품,1880966,1955291,-3.80
2024-02,FULL,exp:정밀기기,865522,934625,-7.39
2024-02,FULL,exp:중국,9644037,9885693,-2.44
2024-02,FULL,exp:철강제품,3855480,4228524,-8.82
2024-02,FULL,exp:컴퓨터주변기기,749509,635158,18.00
2024-02,FULL,exp:홍콩,2983274,1186205,151.50
2024-02,FULL,imp:TOTAL,48221860,55370498,-12.91
2024-02,FULL,imp:가스,3130106,6112215,-48.79
2024-02,FULL,imp:기계류,2105253,2359705,-10.78
2024-02,FULL,imp:대만,2191751,1898312,15.46
2024-02,FULL,imp:러시아 연방,603016,868371,-30.56
2024-02,FULL,imp:말레이시아,1116085,1404046,-20.51
2024-02,FULL,imp:무선통신기기,568930,815795,-30.26
2024-02,FULL,imp:미국,5612523,6011957,-6.64
2024-02,FULL,imp:반도체,5505160,5031649,9.41
2024-02,FULL,imp:반도체제조용장비,1674143,1482921,12.89
2024-02,FULL,imp:베트남,2127367,2051258,3.71
2024-02,FULL,imp:사우디아라비아,2367819,2688095,-11.91
2024-02,FULL,imp:석유제품,1848834,2173340,-14.93
2024-02,FULL,imp:석탄,1515628,1876936,-19.25
2024-02,FULL,imp:승용차,919242,1144141,-19.66
2024-02,FULL,imp:원유,7383957,7252843,1.81
2024-02,FULL,imp:유럽연합,4777785,5565674,-14.16
2024-02,FULL,imp:일본,3722298,4227698,-11.95
2024-02,FULL,imp:정밀기기,1199398,1154096,3.93
2024-02,FULL,imp:중국,9429123,11025734,-14.48
2024-02,FULL,imp:호주,2338063,3485093,-32.91
2024-03,D10,exp:TOTAL,13481826,15637051,-13.78
2024-03,D10,exp:가전제품,179889,207223,-13.19
2024-03,D10,exp:대만,439054,424342,3.47
2024-03,D10,exp:말레이시아,169292,189088,-10.47
2024-03,D10,exp:무선통신기기,387940,399369,-2.86
2024-03,D10,exp:미국,2351337,2810754,-16.34
2024-03,D10,exp:반도체,2750362,2259206,21.74
2024-03,D10,exp:베트남,1261161,1526756,-17.40
2024-03,D10,exp:석유제품,1010248,1422304,-28.97
2024-03,D10,exp:선박,787437,155911,405.06
2024-03,D10,exp:승용차,1135906,1694810,-32.98
2024-03,D10,exp:싱가포르,526945,480406,9.69
2024-03,D10,exp:유럽연합,1461179,1709538,-14.53
2024-03,D10,exp:인도,355782,455093,-21.82
2024-03,D10,exp:일본,521288,754099,-30.87
2024-03,D10,exp:자동차부품,472652,626160,-24.52
2024-03,D10,exp:정밀기기,233812,310940,-24.80
2024-03,D10,exp:중국,2891951,3176169,-8.95
2024-03,D10,exp:철강제품,915141,1323991,-30.88
2024-03,D10,exp:컴퓨터주변기기,204456,192261,6.34
2024-03,D10,exp:홍콩,582526,361951,60.94
2024-03,D10,imp:TOTAL,14828173,20741117,-28.51
2024-03,D10,imp:가스,710121,1704666,-58.34
2024-03,D10,imp:기계류,694662,838452,-17.15
2024-03,D10,imp:대만,647928,991438,-34.65
2024-03,D10,imp:러시아 연방,135372,332027,-59.23
2024-03,D10,imp:말레이시아,312762,430107,-27.28
2024-03,D10,imp:무선통신기기,186239,259180,-28.14
2024-03,D10,imp:미국,1726117,2333787,-26.04
2024-03,D10,imp:반도체,1768938,2134121,-17.11
2024-03,D10,imp:반도체제조용장비,474536,636067,-25.40
2024-03,D10,imp:베트남,656962,808593,-18.75
2024-03,D10,imp:사우디아라비아,834256,835342,-0.13
2024-03,D10,imp:석유제품,700363,709381,-1.27
2024-03,D10,imp:석탄,438102,816533,-46.35
2024-03,D10,imp:승용차,261159,416399,-37.28
2024-03,D10,imp:원유,2212444,2481379,-10.84
2024-03,D10,imp:유럽연합,1358655,1750960,-22.41
2024-03,D10,imp:일본,1178824,1632532,-27.79
2024-03,D10,imp:정밀기기,390612,452743,-13.72
2024-03,D10,imp:중국,3108439,4611575,-32.59
2024-03,D10,imp:호주,608099,1178866,-48.42
2024-03,D20,exp:TOTAL,34008930,30696039,10.79
2024-03,D20,exp:가전제품,461653,386664,19.39
2024-03,D20,exp:대만,1061857,785931,35.11
2024-03,D20,exp:말레이시아,468020,401028,16.71
2024-03,D20,exp:무선통신기기,845137,844768,0.04
2024-03,D20,exp:미국,6524736,5591875,16.68
2024-03,D20,exp:반도체,6335694,4323297,46.55
2024-03,D20,exp:베트남,3113950,2672370,16.52
2024-03,D20,exp:석유제품,2842956,2856549,-0.48
2024-03,D20,exp:선박,1237534,270295,357.85
2024-03,D20,exp:승용차,3181426,3448594,-7.75
2024-03,D20,exp:싱가포르,1139825,880286,29.48
2024-03,D20,exp:유럽연합,3657889,3492025,4.75
2024-03,D20,exp:인도,1012803,900995,12.41
2024-03,D20,exp:일본,1334747,1425879,-6.39
2024-03,D20,exp:자동차부품,1257285,1194742,5.23
2024-03,D20,exp:정밀기기,586117,588485,-0.40
2024-03,D20,exp:중국,6644518,6177938,7.55
2024-03,D20,exp:철강제품,2556703,2595414,-1.49
2024-03,D20,exp:컴퓨터주변기기,535580,402919,32.92
2024-03,D20,exp:홍콩,1457161,747576,94.92
2024-03,D20,imp:TOTAL,34890400,37168722,-6.13
2024-03,D20,imp:가스,1666896,2677253,-37.74
2024-03,D20,imp:기계류,1695606,1603864,5.72
2024-03,D20,imp:대만,1418563,1675485,-15.33
2024-03,D20,imp:러시아 연방,401438,581782,-31.00
2024-03,D20,imp:말레이시아,665877,869784,-23.44
2024-03,D20,imp:무선통신기기,488033,491805,-0.77
2024-03,D20,imp:미국,4082571,4014516,1.70
2024-03,D20,imp:반도체,4050407,3723423,8.78
2024-03,D20,imp:반도체제조용장비,1147236,1245070,-7.86
2024-03,D20,imp:베트남,1549200,1494651,3.65
2024-03,D20,imp:사우디아라비아,1652419,1857777,-11.05
2024-03,D20,imp:석유제품,1532699,1143006,34.09
2024-03,D20,imp:석탄,889295,1386664,-35.87
2024-03,D20,imp:승용차,628630,732771,-14.21
2024-03,D20,imp:원유,4581055,4846967,-5.49
2024-03,D20,imp:유럽연합,3565798,3440221,3.65
2024-03,D20,imp:일본,2712412,2879200,-5.79
2024-03,D20,imp:정밀기기,903225,833547,8.36
2024-03,D20,imp:중국,7631434,8377532,-8.91
2024-03,D20,imp:호주,1481688,1916407,-22.68
2024-03,FULL,exp:TOTAL,56518309,54882484,2.98
2024-03,FULL,exp:가전제품,737465,650394,13.39
2024-03,FULL,exp:대만,1988528,1657083,20.00
2024-03,FULL,exp:말레이시아,805262,758261,6.20
2024-03,FULL,exp:무선통신기기,1302894,1337645,-2.60
2024-03,FULL,exp:미국,10880793,9775068,11.31
2024-03,FULL,exp:반도체,11828220,8796319,34.47
2024-03,FULL,exp:베트남,4830494,4629034,4.35
2024-03,FULL,exp:석유제품,4684902,4523433,3.57
2024-03,FULL,exp:선박,2010119,985497,103.97
2024-03,FULL,exp:승용차,5895260,6251042,-5.69
2024-03,FULL,exp:싱가포르,1950908,1663557,17.27
2024-03,FULL,exp:유럽연합,5705361,6121980,-6.81
2024-03,FULL,exp:인도,1512489,1575913,-4.02
2024-03,FULL,exp:일본,2127249,2411770,-11.80
2024-03,FULL,exp:자동차부품,1843098,1991874,-7.47
2024-03,FULL,exp:정밀기기,913231,1016612,-10.17
2024-03,FULL,exp:중국,10520355,10478065,0.40
2024-03,FULL,exp:철강제품,4088495,4510763,-9.36
2024-03,FULL,exp:컴퓨터주변기기,1023607,815049,25.59
2024-03,FULL,exp:홍콩,3698705,2204146,67.81
2024-03,FULL,imp:TOTAL,52112905,59635920,-12.61
2024-03,FULL,imp:가스,2638694,4241028,-37.78
2024-03,FULL,imp:기계류,2450052,2614949,-6.31
2024-03,FULL,imp:대만,2129274,2450546,-13.11
2024-03,FULL,imp:러시아 연방,557421,915577,-39.12
2024-03,FULL,imp:말레이시아,1061066,1373198,-22.73
2024-03,FULL,imp:무선통신기기,702683,716986,-1.99
2024-03,FULL,imp:미국,5975811,6675931,-10.49
2024-03,FULL,imp:반도체,5913020,5561414,6.32
2024-03,FULL,imp:반도체제조용장비,1760691,2310336,-23.79
2024-03,FULL,imp:베트남,2314000,2327728,-0.59
2024-03,FULL,imp:사우디아라비아,2608414,3016325,-13.52
2024-03,FULL,imp:석유제품,2259952,1968754,14.79
2024-03,FULL,imp:석탄,1352164,2270657,-40.45
2024-03,FULL,imp:승용차,1027522,1314308,-21.82
2024-03,FULL,imp:원유,6922310,7888908,-12.25
2024-03,FULL,imp:유럽연합,5557457,5836334,-4.78
2024-03,FULL,imp:일본,4080885,4478961,-8.89
2024-03,FULL,imp:정밀기기,1391834,1365962,1.89
2024-03,FULL,imp:중국,11409748,13189605,-13.49
2024-03,FULL,imp:호주,2401773,2770419,-13.31
2024-04,D10,exp:TOTAL,16351815,13521988,20.93
2024-04,D10,exp:가전제품,276639,161414,71.38
2024-04,D10,exp:대만,592113,355373,66.62
2024-04,D10,exp:말레이시아,225468,205277,9.84
2024-04,D10,exp:무선통신기기,448641,405876,10.54
2024-04,D10,exp:미국,3495634,2563092,36.38
2024-04,D10,exp:반도체,2572297,1769026,45.41
2024-04,D10,exp:베트남,1490496,1069817,39.32
2024-04,D10,exp:석유제품,1359830,1192991,13.98
2024-04,D10,exp:선박,81586,631396,-87.08
2024-04,D10,exp:승용차,1640356,1511785,8.50
2024-04,D10,exp:싱가포르,347456,467245,-25.64
2024-04,D10,exp:유럽연합,1690677,1567323,7.87
2024-04,D10,exp:인도,486980,390289,24.77
2024-04,D10,exp:일본,862904,648820,33.00
2024-04,D10,exp:자동차부품,640044,503252,27.18
2024-04,D10,exp:정밀기기,307619,226753,35.66
2024-04,D10,exp:중국,3231732,2671436,20.97
2024-04,D10,exp:철강제품,1247392,1031292,20.95
2024-04,D10,exp:컴퓨터주변기기,259251,141998,82.57
2024-04,D10,exp:홍콩,485607,293392,65.51
2024-04,D10,imp:TOTAL,18467781,17413626,6.05
2024-04,D10,imp:가스,898820,1028153,-12.58
2024-04,D10,imp:기계류,909867,771657,17.91
2024-04,D10,imp:대만,758573,660663,14.82
2024-04,D10,imp:러시아 연방,231246,286628,-19.32
2024-04,D10,imp:말레이시아,392045,363513,7.85
2024-04,D10,imp:무선통신기기,337550,315093,7.13
2024-04,D10,imp:미국,2231713,2010874,10.98
2024-04,D10,imp:반도체,2116642,1702210,24.35
2024-04,D10,imp:반도체제조용장비,642185,977039,-34.27
2024-04,D10,imp:베트남,770246,609599,26.35
2024-04,D10,imp:사우디아라비아,749096,787508,-4.88
2024-04,D10,imp:석유제품,763013,717185,6.39
2024-04,D10,imp:석탄,477597,502223,-4.90
2024-04,D10,imp:승용차,331955,462971,-28.30
2024-04,D10,imp:원유,2413029,2011039,19.99
2024-04,D10,imp:유럽연합,1884096,2067401,-8.87
2024-04,D10,imp:일본,1557536,1411320,10.36
2024-04,D10,imp:정밀기기,510161,463556,10.05
2024-04,D10,imp:중국,4335604,3798253,14.15
2024-04,D10,imp:호주,852997,874034,-2.41
2024-04,D20,exp:TOTAL,35745087,32252925,10.83
2024-04,D20,exp:가전제품,534008,416482,28.22
2024-04,D20,exp:대만,1234289,897992,37.45
2024-04,D20,exp:말레이시아,570566,410954,38.84
2024-04,D20,exp:무선통신기기,919798,919598,0.02
2024-04,D20,exp:미국,7212556,5887618,22.50
2024-04,D20,exp:반도체,5845510,4089065,42.95
2024-04,D20,exp:베트남,3061735,2465091,24.20
2024-04,D20,exp:석유제품,2825625,2452238,15.23
2024-04,D20,exp:선박,1114562,1335039,-16.51
2024-04,D20,exp:승용차,3925128,3481387,12.75
2024-04,D20,exp:싱가포르,869570,1064243,-18.29
2024-04,D20,exp:유럽연합,3524581,4118827,-14.43
2024-04,D20,exp:인도,1014134,835544,21.37
2024-04,D20,exp:일본,1756600,1429170,22.91
2024-04,D20,exp:자동차부품,1226422,1238700,-0.99
2024-04,D20,exp:정밀기기,609527,576752,5.68
2024-04,D20,exp:중국,6857959,6304802,8.77
2024-04,D20,exp:철강제품,2644750,2711356,-2.46
2024-04,D20,exp:컴퓨터주변기기,574259,359003,59.96
2024-04,D20,exp:홍콩,1451021,887054,63.58
2024-04,D20,imp:TOTAL,38575924,36261332,6.38
2024-04,D20,imp:가스,2134260,1946857,9.63
2024-04,D20,imp:기계류,1737147,1675713,3.67
2024-04,D20,imp:대만,1562810,1303854,19.86
2024-04,D20,imp:러시아 연방,340021,569533,-40.30
2024-04,D20,imp:말레이시아,770553,774266,-0.48
2024-04,D20,imp:무선통신기기,563702,520801,8.24
2024-04,D20,imp:미국,4458345,3869281,15.22
2024-04,D20,imp:반도체,4097931,3466023,18.23
2024-04,D20,imp:반도체제조용장비,1154555,1886033,-38.78
2024-04,D20,imp:베트남,1552004,1290553,20.26
2024-04,D20,imp:사우디아라비아,2310412,1660802,39.11
2024-04,D20,imp:석유제품,1621422,1134531,42.92
2024-04,D20,imp:석탄,906151,1123734,-19.36
2024-04,D20,imp:승용차,914410,1044443,-12.45
2024-04,D20,imp:원유,6150161,4287858,43.43
2024-04,D20,imp:유럽연합,3668504,4198254,-12.62
2024-04,D20,imp:일본,2832079,2836077,-0.14
2024-04,D20,imp:정밀기기,926392,894138,3.61
2024-04,D20,imp:중국,8278483,8296264,-0.21
2024-04,D20,imp:호주,1932725,1768506,9.29
2024-04,FULL,exp:TOTAL,56148299,49430879,13.59
2024-04,FULL,exp:가전제품,807984,615905,31.19
2024-04,FULL,exp:대만,2086951,1490713,40.00
2024-04,FULL,exp:말레이시아,862003,649434,32.73
2024-04,FULL,exp:무선통신기기,1319708,1359188,-2.90
2024-04,FULL,exp:미국,11400587,9181047,24.18
2024-04,FULL,exp:반도체,10098828,6537687,54.47
2024-04,FULL,exp:베트남,4552004,3798916,19.82
2024-04,FULL,exp:석유제품,4367812,3703130,17.95
2024-04,FULL,exp:선박,1595345,1546174,3.18
2024-04,FULL,exp:승용차,6571649,5906031,11.27
2024-04,FULL,exp:싱가포르,1355784,1545394,-12.27
2024-04,FULL,exp:유럽연합,5649026,6080172,-7.09
2024-04,FULL,exp:인도,1568004,1330360,17.86
2024-04,FULL,exp:일본,2438708,2066011,18.04
2024-04,FULL,exp:자동차부품,1865845,1856093,0.53
2024-04,FULL,exp:정밀기기,942337,861199,9.42
2024-04,FULL,exp:중국,10475410,9522777,10.00
2024-04,FULL,exp:철강제품,4043924,4247108,-4.78
2024-04,FULL,exp:컴퓨터주변기기,896911,559462,60.32
2024-04,FULL,exp:홍콩,2933525,1469549,99.62
2024-04,FULL,imp:TOTAL,54821181,51940137,5.55
2024-04,FULL,imp:가스,3097352,2554322,21.26
2024-04,FULL,imp:기계류,2536606,2385433,6.34
2024-04,FULL,imp:대만,2298493,1895947,21.23
2024-04,FULL,imp:러시아 연방,528178,816895,-35.34
2024-04,FULL,imp:말레이시아,1028087,1027784,0.03
2024-04,FULL,imp:무선통신기기,787759,691056,13.99
2024-04,FULL,imp:미국,6012893,5510740,9.11
2024-04,FULL,imp:반도체,5894342,4904108,20.19
2024-04,FULL,imp:반도체제조용장비,1591705,2493214,-36.16
2024-04,FULL,imp:베트남,2249764,1891768,18.92
2024-04,FULL,imp:사우디아라비아,2800137,2870403,-2.45
2024-04,FULL,imp:석유제품,1901128,1538792,23.55
2024-04,FULL,imp:석탄,1520234,1677775,-9.39
2024-04,FULL,imp:승용차,1213167,1412278,-14.10
2024-04,FULL,imp:원유,7867501,6684280,17.70
2024-04,FULL,imp:유럽연합,5320219,5784405,-8.02
2024-04,FULL,imp:일본,4130443,4032396,2.43
2024-04,FULL,imp:정밀기기,1364233,1265180,7.83
2024-04,FULL,imp:중국,12425106,11794076,5.35
2024-04,FULL,imp:호주,2975065,2512287,18.42
2024-05,D10,exp:TOTAL,16844225,14433318,16.70
2024-05,D10,exp:가전제품,226564,201327,12.54
2024-05,D10,exp:대만,610797,413443,47.73
2024-05,D10,exp:말레이시아,215769,187848,14.86
2024-05,D10,exp:무선통신기기,514744,466314,10.39
2024-05,D10,exp:미국,2862982,2544372,12.52
2024-05,D10,exp:반도체,3000345,1974307,51.97
2024-05,D10,exp:베트남,1706106,1309578,30.28
2024-05,D10,exp:석유제품,1571089,1418268,10.78
2024-05,D10,exp:선박,686723,200479,242.54
2024-05,D10,exp:승용차,1461719,1342220,8.90
2024-05,D10,exp:싱가포르,470595,330330,42.46
2024-05,D10,exp:유럽연합,1846134,1606598,14.91
2024-05,D10,exp:인도,530475,368865,43.81
2024-05,D10,exp:일본,847630,769781,10.11
2024-05,D10,exp:자동차부품,531534,545220,-2.51
2024-05,D10,exp:정밀기기,325464,265564,22.56
2024-05,D10,exp:중국,3505364,3199610,9.56
2024-05,D10,exp:철강제품,1297926,1169887,10.94
2024-05,D10,exp:컴퓨터주변기기,362018,296587,22.06
2024-05,D10,exp:홍콩,617013,393065,56.97
2024-05,D10,imp:TOTAL,17334408,18608265,-6.85
2024-05,D10,imp:가스,880808,983449,-10.44
2024-05,D10,imp:기계류,799454,1006378,-20.56
2024-05,D10,imp:대만,944771,676321,39.69
2024-05,D10,imp:러시아 연방,143404,288591,-50.31
2024-05,D10,imp:말레이시아,452766,465578,-2.75
2024-05,D10,imp:무선통신기기,211231,206758,2.16
2024-05,D10,imp:미국,2247667,2047912,9.75
2024-05,D10,imp:반도체,1974316,1792308,10.15
2024-05,D10,imp:반도체제조용장비,497446,666320,-25.34
2024-05,D10,imp:베트남,626812,632606,-0.92
2024-05,D10,imp:사우디아라비아,985896,744906,32.35
2024-05,D10,imp:석유제품,844981,592037,42.72
2024-05,D10,imp:석탄,351299,646502,-45.66
2024-05,D10,imp:승용차,281200,601660,-53.26
2024-05,D10,imp:원유,2756576,2526024,9.13
2024-05,D10,imp:유럽연합,1725661,2186577,-21.08
2024-05,D10,imp:일본,1002047,1076172,-6.89
2024-05,D10,imp:정밀기기,413274,413380,-0.03
2024-05,D10,imp:중국,3853602,4265815,-9.66
2024-05,D10,imp:호주,728005,950782,-23.43
2024-05,D20,exp:TOTAL,32744481,32272483,1.46
2024-05,D20,exp:가전제품,441752,442653,-0.20
2024-05,D20,exp:대만,1293026,871534,48.36
2024-05,D20,exp:말레이시아,426483,386816,10.25
2024-05,D20,exp:무선통신기기,937923,1031151,-9.04
2024-05,D20,exp:미국,6154533,5799641,6.12
2024-05,D20,exp:반도체,6194388,4257659,45.49
2024-05,D20,exp:베트남,3068963,2780910,10.36
2024-05,D20,exp:석유제품,2924832,2941973,-0.58
2024-05,D20,exp:선박,1281921,461804,177.59
2024-05,D20,exp:승용차,3288392,3431893,-4.18
2024-05,D20,exp:싱가포르,1061475,769999,37.85
2024-05,D20,exp:유럽연합,3366970,3713329,-9.33
2024-05,D20,exp:인도,993578,862316,15.22
2024-05,D20,exp:일본,1488581,1584461,-6.05
2024-05,D20,exp:자동차부품,1008812,1220186,-17.32
2024-05,D20,exp:정밀기기,535755,560059,-4.34
2024-05,D20,exp:중국,6832030,6742411,1.33
2024-05,D20,exp:철강제품,2404996,2961393,-18.79
2024-05,D20,exp:컴퓨터주변기기,642059,514521,24.79
2024-05,D20,exp:홍콩,1118574,909245,23.02
2024-05,D20,imp:TOTAL,33036932,36645354,-9.85
2024-05,D20,imp:가스,1602223,1727436,-7.25
2024-05,D20,imp:기계류,1472748,1867021,-21.12
2024-05,D20,imp:대만,1785849,1463817,22.00
2024-05,D20,imp:러시아 연방,257001,552431,-53.48
2024-05,D20,imp:말레이시아,717132,897812,-20.12
2024-05,D20,imp:무선통신기기,410491,452703,-9.32
2024-05,D20,imp:미국,4401180,4347123,1.24
2024-05,D20,imp:반도체,3822360,3572428,7.00
2024-05,D20,imp:반도체제조용장비,1034952,1171171,-11.63
2024-05,D20,imp:베트남,1198447,1244960,-3.74
2024-05,D20,imp:사우디아라비아,1784839,1830368,-2.49
2024-05,D20,imp:석유제품,1459599,1267367,15.17
2024-05,D20,imp:석탄,656433,1164028,-43.61
2024-05,D20,imp:승용차,633658,933805,-32.14
2024-05,D20,imp:원유,5327551,5580677,-4.54
2024-05,D20,imp:유럽연합,3481796,4060079,-14.24
2024-05,D20,imp:일본,2098800,2317608,-9.44
2024-05,D20,imp:정밀기기,800257,810047,-1.21
2024-05,D20,imp:중국,7336424,7991330,-8.20
2024-05,D20,imp:호주,1397824,1715200,-18.50
2024-05,FULL,exp:TOTAL,58020557,52054195,11.46
2024-05,FULL,exp:가전제품,747199,656478,13.82
2024-05,FULL,exp:대만,2516984,1597982,57.51
2024-05,FULL,exp:말레이시아,834675,651712,28.07
2024-05,FULL,exp:무선통신기기,1557773,1497770,4.01
2024-05,FULL,exp:미국,10930529,9459648,15.55
2024-05,FULL,exp:반도체,11548564,7550349,52.95
2024-05,FULL,exp:베트남,5115764,4268866,19.84
2024-05,FULL,exp:석유제품,4555694,4285583,6.30
2024-05,FULL,exp:선박,2048236,937981,118.37
2024-05,FULL,exp:승용차,6292123,5974136,5.32
2024-05,FULL,exp:싱가포르,1776947,1167728,52.17
2024-05,FULL,exp:유럽연합,5815811,5850160,-0.59
2024-05,FULL,exp:인도,1678333,1347610,24.54
2024-05,FULL,exp:일본,2606050,2565089,1.60
2024-05,FULL,exp:자동차부품,1749614,1876797,-6.78
2024-05,FULL,exp:정밀기기,956457,881624,8.49
2024-05,FULL,exp:중국,11378217,10579849,7.55
2024-05,FULL,exp:철강제품,4187795,4700526,-10.91
2024-05,FULL,exp:컴퓨터주변기기,1183022,786864,50.35
2024-05,FULL,exp:홍콩,2706663,1866608,45.00
2024-05,FULL,imp:TOTAL,53132937,54251194,-2.06
2024-05,FULL,imp:가스,2594319,2435725,6.51
2024-05,FULL,imp:기계류,2379574,2816360,-15.51
2024-05,FULL,imp:대만,2792061,2123176,31.50
2024-05,FULL,imp:러시아 연방,619769,806344,-23.14
2024-05,FULL,imp:말레이시아,1016349,1388024,-26.78
2024-05,FULL,imp:무선통신기기,712015,669144,6.41
2024-05,FULL,imp:미국,6375264,6017116,5.95
2024-05,FULL,imp:반도체,5964209,5271292,13.15
2024-05,FULL,imp:반도체제조용장비,1503005,2081684,-27.80
2024-05,FULL,imp:베트남,2040070,1922486,6.12
2024-05,FULL,imp:사우디아라비아,3040380,2445653,24.32
2024-05,FULL,imp:석유제품,2157385,1714785,25.81
2024-05,FULL,imp:석탄,1177139,1812415,-35.05
2024-05,FULL,imp:승용차,1183589,1332951,-11.21
2024-05,FULL,imp:원유,7878531,7419061,6.19
2024-05,FULL,imp:유럽연합,5380384,6269092,-14.18
2024-05,FULL,imp:일본,3443526,3722640,-7.50
2024-05,FULL,imp:정밀기기,1297474,1282431,1.17
2024-05,FULL,imp:중국,12287459,12379598,-0.74
2024-05,FULL,imp:호주,2271405,2438869,-6.87
2024-06,D10,exp:TOTAL,14683823,15298064,-4.02
2024-06,D10,exp:가전제품,202936,169089,20.02
2024-06,D10,exp:대만,575472,339178,69.67
2024-06,D10,exp:말레이시아,198801,245025,-18.87
2024-06,D10,exp:무선통신기기,518259,523711,-1.04
2024-06,D10,exp:미국,2837556,2569224,10.44
2024-06,D10,exp:반도체,2974252,2178188,36.55
2024-06,D10,exp:베트남,1539462,1382750,11.33
2024-06,D10,exp:석유제품,1395778,1250739,11.60
2024-06,D10,exp:선박,725916,1064070,-31.78
2024-06,D10,exp:승용차,1199200,1478929,-18.91
2024-06,D10,exp:싱가포르,533800,319123,67.27
2024-06,D10,exp:유럽연합,1312062,1623412,-19.18
2024-06,D10,exp:인도,399766,379794,5.26
2024-06,D10,exp:일본,684013,788445,-13.25
2024-06,D10,exp:자동차부품,432335,578387,-25.25
2024-06,D10,exp:정밀기기,225111,264535,-14.90
2024-06,D10,exp:중국,2975162,3250606,-8.47
2024-06,D10,exp:철강제품,980464,1113922,-11.98
2024-06,D10,exp:컴퓨터주변기기,186584,222252,-16.05
2024-06,D10,exp:홍콩,386014,391890,-1.50
2024-06,D10,imp:TOTAL,15410057,16644352,-7.42
2024-06,D10,imp:가스,576897,756890,-23.78
2024-06,D10,imp:기계류,710347,775674,-8.42
2024-06,D10,imp:대만,800079,679060,17.82
2024-06,D10,imp:러시아 연방,149312,231086,-35.39
2024-06,D10,imp:말레이시아,417071,525074,-20.57
2024-06,D10,imp:무선통신기기,169859,228629,-25.71
2024-06,D10,imp:미국,1688918,1616073,4.51
2024-06,D10,imp:반도체,1913469,1729384,10.64
2024-06,D10,imp:반도체제조용장비,610965,634292,-3.68
2024-06,D10,imp:베트남,652941,648632,0.66
2024-06,D10,imp:사우디아라비아,786787,673314,16.85
2024-06,D10,imp:석유제품,631159,605071,4.31
2024-06,D10,imp:석탄,408488,605695,-32.56
2024-06,D10,imp:승용차,220747,365528,-39.61
2024-06,D10,imp:원유,2305882,1862110,23.83
2024-06,D10,imp:유럽연합,1700300,1674695,1.53
2024-06,D10,imp:일본,1148712,1489010,-22.85
2024-06,D10,imp:정밀기기,405913,418827,-3.08
2024-06,D10,imp:중국,3349053,3858582,-13.21
2024-06,D10,imp:호주,764632,973751,-21.48
2024-06,D20,exp:TOTAL,35696916,32936268,8.38
2024-06,D20,exp:가전제품,480657,468620,2.57
2024-06,D20,exp:대만,1526277,842751,81.11
2024-06,D20,exp:말레이시아,554273,500666,10.71
2024-06,D20,exp:무선통신기기,1074610,977568,9.93
2024-06,D20,exp:미국,7117249,5778445,23.17
2024-06,D20,exp:반도체,7274456,4861976,49.62
2024-06,D20,exp:베트남,3533595,2701904,30.78
2024-06,D20,exp:석유제품,2567126,2381625,7.79
2024-06,D20,exp:선박,1066905,1800388,-40.74
2024-06,D20,exp:승용차,3349374,3363760,-0.43
2024-06,D20,exp:싱가포르,886182,843140,5.10
2024-06,D20,exp:유럽연합,3318183,3591890,-7.62
2024-06,D20,exp:인도,1002028,823074,21.74
2024-06,D20,exp:일본,1593143,1570689,1.43
2024-06,D20,exp:자동차부품,1160835,1186913,-2.20
2024-06,D20,exp:정밀기기,566999,555330,2.10
2024-06,D20,exp:중국,7039054,6663573,5.63
2024-06,D20,exp:철강제품,2451977,2579252,-4.93
2024-06,D20,exp:컴퓨터주변기기,588047,478353,22.93
2024-06,D20,exp:홍콩,1277509,1100322,16.10
2024-06,D20,imp:TOTAL,34243160,34450474,-0.60
2024-06,D20,imp:가스,1465527,1407192,4.15
2024-06,D20,imp:기계류,1668809,1597588,4.46
2024-06,D20,imp:대만,1576484,1262386,24.88
2024-06,D20,imp:러시아 연방,325949,509472,-36.02
2024-06,D20,imp:말레이시아,872593,994666,-12.27
2024-06,D20,imp:무선통신기기,517476,467324,10.73
2024-06,D20,imp:미국,4191429,3820114,9.72
2024-06,D20,imp:반도체,3839414,3648794,5.22
2024-06,D20,imp:반도체제조용장비,1215354,1450986,-16.24
2024-06,D20,imp:베트남,1485109,1309571,13.40
2024-06,D20,imp:사우디아라비아,1460195,1185506,23.17
2024-06,D20,imp:석유제품,1503770,1138226,32.12
2024-06,D20,imp:석탄,778519,1091183,-28.65
2024-06,D20,imp:승용차,597430,1068486,-44.09
2024-06,D20,imp:원유,4545450,3967733,14.56
2024-06,D20,imp:유럽연합,3843860,4139139,-7.13
2024-06,D20,imp:일본,2533043,2898438,-12.61
2024-06,D20,imp:정밀기기,885839,872953,1.48
2024-06,D20,imp:중국,7728083,7787009,-0.76
2024-06,D20,imp:호주,1583401,1667708,-5.06
2024-06,FULL,exp:TOTAL,57341634,54297754,5.61
2024-06,FULL,exp:가전제품,717811,717105,0.10
2024-06,FULL,exp:대만,3314386,1839431,80.19
2024-06,FULL,exp:말레이시아,841755,759755,10.79
2024-06,FULL,exp:무선통신기기,1570229,1381129,13.69
2024-06,FULL,exp:미국,11295693,9599198,17.67
2024-06,FULL,exp:반도체,13617989,9057613,50.35
2024-06,FULL,exp:베트남,5124412,4314222,18.78
2024-06,FULL,exp:석유제품,3721189,3380451,10.08
2024-06,FULL,exp:선박,1412705,2431547,-41.90
2024-06,FULL,exp:승용차,6018509,5988307,0.50
2024-06,FULL,exp:싱가포르,1419483,1221124,16.24
2024-06,FULL,exp:유럽연합,5057021,6182294,-18.20
2024-06,FULL,exp:인도,1554083,1427372,8.88
2024-06,FULL,exp:일본,2382041,2555961,-6.80
2024-06,FULL,exp:자동차부품,1685582,1916500,-12.05
2024-06,FULL,exp:정밀기기,865675,911013,-4.98
2024-06,FULL,exp:중국,10706131,10501952,1.94
2024-06,FULL,exp:철강제품,3802935,4632836,-17.91
2024-06,FULL,exp:컴퓨터주변기기,1286149,825165,55.87
2024-06,FULL,exp:홍콩,3430045,2359143,45.39
2024-06,FULL,imp:TOTAL,49090193,53055480,-7.47
2024-06,FULL,imp:가스,2238659,2309555,-3.07
2024-06,FULL,imp:기계류,2359061,2415944,-2.35
2024-06,FULL,imp:대만,2175690,1936737,12.34
2024-06,FULL,imp:러시아 연방,453789,749080,-39.42
2024-06,FULL,imp:말레이시아,1135523,1407501,-19.32
2024-06,FULL,imp:무선통신기기,730390,719809,1.47
2024-06,FULL,imp:미국,5496912,5531066,-0.62
2024-06,FULL,imp:반도체,5233838,5502839,-4.89
2024-06,FULL,imp:반도체제조용장비,1652259,2175499,-24.05
2024-06,FULL,imp:베트남,2201439,2036281,8.11
2024-06,FULL,imp:사우디아라비아,2405558,2243517,7.22
2024-06,FULL,imp:석유제품,2197984,1868982,17.60
2024-06,FULL,imp:석탄,1159664,1562152,-25.76
2024-06,FULL,imp:승용차,1030840,1843918,-44.10
2024-06,FULL,imp:원유,6623624,6114089,8.33
2024-06,FULL,imp:유럽연합,5643158,6558467,-13.96
2024-06,FULL,imp:일본,3507948,4332565,-19.03
2024-06,FULL,imp:정밀기기,1284909,1316503,-2.40
2024-06,FULL,imp:중국,10941026,11799602,-7.28
2024-06,FULL,imp:호주,2369177,2487239,-4.75
2024-07,D10,exp:TOTAL,17723084,13258526,33.67
2024-07,D10,exp:가전제품,252465,171420,47.28
2024-07,D10,exp:대만,678908,325182,108.78
2024-07,D10,exp:말레이시아,343140,156993,118.57
2024-07,D10,exp:무선통신기기,476568,444313,7.26
2024-07,D10,exp:미국,3230716,2549176,26.74
2024-07,D10,exp:반도체,3392657,1827212,85.67
2024-07,D10,exp:베트남,1751063,1130877,54.84
2024-07,D10,exp:석유제품,1424865,1020014,39.69
2024-07,D10,exp:선박,378636,605949,-37.51
2024-07,D10,exp:승용차,1589141,1448399,9.72
2024-07,D10,exp:싱가포르,486955,490334,-0.69
2024-07,D10,exp:유럽연합,1888162,1497983,26.05
2024-07,D10,exp:인도,541183,409504,32.16
2024-07,D10,exp:일본,753921,570616,32.12
2024-07,D10,exp:자동차부품,686209,523564,31.06
2024-07,D10,exp:정밀기기,271316,240046,13.03
2024-07,D10,exp:중국,3516346,2746381,28.04
2024-07,D10,exp:철강제품,1245727,1008140,23.57
2024-07,D10,exp:컴퓨터주변기기,250712,291553,-14.01
2024-07,D10,exp:홍콩,790730,244176,223.84
2024-07,D10,imp:TOTAL,19642899,15544524,26.37
2024-07,D10,imp:가스,732814,704114,4.08
2024-07,D10,imp:기계류,862297,734606,17.38
2024-07,D10,imp:대만,1018882,725487,40.44
2024-07,D10,imp:러시아 연방,147943,244316,-39.45
2024-07,D10,imp:말레이시아,450327,366158,22.99
2024-07,D10,imp:무선통신기기,402076,348064,15.52
2024-07,D10,imp:미국,2821597,1976219,42.78
2024-07,D10,imp:반도체,2491048,1843375,35.14
2024-07,D10,imp:반도체제조용장비,630206,543980,15.85
2024-07,D10,imp:베트남,864726,668666,29.32
2024-07,D10,imp:사우디아라비아,865911,606541,42.76
2024-07,D10,imp:석유제품,691201,583799,18.40
2024-07,D10,imp:석탄,472280,438337,7.74
2024-07,D10,imp:승용차,414552,219089,89.22
2024-07,D10,imp:원유,2348125,1930596,21.63
2024-07,D10,imp:유럽연합,1832980,1419558,29.12
2024-07,D10,imp:일본,1502247,1267165,18.55
2024-07,D10,imp:정밀기기,571129,419376,36.19
2024-07,D10,imp:중국,4565477,3589106,27.20
2024-07,D10,imp:호주,576952,620761,-7.06
2024-07,D20,exp:TOTAL,36881422,31275665,17.92
2024-07,D20,exp:가전제품,506242,452156,11.96
2024-07,D20,exp:대만,1516968,775725,95.55
2024-07,D20,exp:말레이시아,625041,406945,53.59
2024-07,D20,exp:무선통신기기,973634,987246,-1.38
2024-07,D20,exp:미국,6553370,5764056,13.69
2024-07,D20,exp:반도체,6774622,4303084,57.44
2024-07,D20,exp:베트남,3343944,2709042,23.44
2024-07,D20,exp:석유제품,3050268,2387796,27.74
2024-07,D20,exp:선박,527921,1036848,-49.08
2024-07,D20,exp:승용차,3491826,3430773,1.78
2024-07,D20,exp:싱가포르,1032701,846681,21.97
2024-07,D20,exp:유럽연합,3705093,3591805,3.15
2024-07,D20,exp:인도,1015757,929525,9.28
2024-07,D20,exp:일본,1595317,1497718,6.52
2024-07,D20,exp:자동차부품,1271812,1258253,1.08
2024-07,D20,exp:정밀기기,563224,583609,-3.49
2024-07,D20,exp:중국,7309725,6357624,14.98
2024-07,D20,exp:철강제품,2642261,2426893,8.87
2024-07,D20,exp:컴퓨터주변기기,667075,601739,10.86
2024-07,D20,exp:홍콩,1516861,786635,92.83
2024-07,D20,imp:TOTAL,37209823,32588816,14.18
2024-07,D20,imp:가스,1708519,1318194,29.61
2024-07,D20,imp:기계류,1599024,1462222,9.36
2024-07,D20,imp:대만,1790905,1425389,25.64
2024-07,D20,imp:러시아 연방,335983,585040,-42.57
2024-07,D20,imp:말레이시아,738989,853485,-13.42
2024-07,D20,imp:무선통신기기,655378,628249,4.32
2024-07,D20,imp:미국,6127553,3792203,61.58
2024-07,D20,imp:반도체,4224354,3656628,15.53
2024-07,D20,imp:반도체제조용장비,1067494,1106202,-3.50
2024-07,D20,imp:베트남,1646927,1455900,13.12
2024-07,D20,imp:사우디아라비아,1928290,1322130,45.85
2024-07,D20,imp:석유제품,1470363,1144829,28.44
2024-07,D20,imp:석탄,810141,1155851,-29.91
2024-07,D20,imp:승용차,787327,452043,74.17
2024-07,D20,imp:원유,5304573,3790347,39.95
2024-07,D20,imp:유럽연합,3386190,3222691,5.07
2024-07,D20,imp:일본,2740012,2540174,7.87
2024-07,D20,imp:정밀기기,986910,859219,14.86
2024-07,D20,imp:중국,8072509,7561542,6.76
2024-07,D20,imp:호주,1313718,1511456,-13.08
2024-07,FULL,exp:TOTAL,57458788,50457776,13.87
2024-07,FULL,exp:가전제품,802783,753441,6.55
2024-07,FULL,exp:대만,2773161,1416002,95.84
2024-07,FULL,exp:말레이시아,944802,663330,42.43
2024-07,FULL,exp:무선통신기기,1489947,1656773,-10.07
2024-07,FULL,exp:미국,10184399,9309186,9.40
2024-07,FULL,exp:반도체,11413079,7603652,50.10
2024-07,FULL,exp:베트남,4968830,4416951,12.49
2024-07,FULL,exp:석유제품,4521513,3908575,15.68
2024-07,FULL,exp:선박,988217,1601409,-38.29
2024-07,FULL,exp:승용차,5168203,5678889,-8.99
2024-07,FULL,exp:싱가포르,1443110,1477334,-2.32
2024-07,FULL,exp:유럽연합,5545655,5631597,-1.53
2024-07,FULL,exp:인도,1616303,1430716,12.97
2024-07,FULL,exp:일본,2597690,2363451,9.91
2024-07,FULL,exp:자동차부품,1995921,1974101,1.11
2024-07,FULL,exp:정밀기기,872338,903234,-3.42
2024-07,FULL,exp:중국,11388071,9928339,14.70
2024-07,FULL,exp:철강제품,4164877,4099313,1.60
2024-07,FULL,exp:컴퓨터주변기기,1340198,821915,63.06
2024-07,FULL,exp:홍콩,2594654,1734290,49.61
2024-07,FULL,imp:TOTAL,53838742,48738114,10.47
2024-07,FULL,imp:가스,2380679,1933307,23.14
2024-07,FULL,imp:기계류,2332841,2200315,6.02
2024-07,FULL,imp:대만,2555217,2065090,23.73
2024-07,FULL,imp:러시아 연방,502587,851819,-41.00
2024-07,FULL,imp:말레이시아,1048847,1150304,-8.82
2024-07,FULL,imp:무선통신기기,928254,1029053,-9.80
2024-07,FULL,imp:미국,7921852,5319602,48.92
2024-07,FULL,imp:반도체,6149340,5285135,16.35
2024-07,FULL,imp:반도체제조용장비,1547026,1749392,-11.57
2024-07,FULL,imp:베트남,2493154,2276217,9.53
2024-07,FULL,imp:사우디아라비아,2760011,2539245,8.69
2024-07,FULL,imp:석유제품,2098138,1527265,37.38
2024-07,FULL,imp:석탄,1303344,1613363,-19.22
2024-07,FULL,imp:승용차,1191005,752631,58.25
2024-07,FULL,imp:원유,7214521,6225705,15.88
2024-07,FULL,imp:유럽연합,5080832,5053421,0.54
2024-07,FULL,imp:일본,4107365,3876242,5.96
2024-07,FULL,imp:정밀기기,1453100,1260918,15.24
2024-07,FULL,imp:중국,11942846,11172938,6.89
2024-07,FULL,imp:호주,1874512,2057423,-8.89
2024-08,D10,exp:TOTAL,15369466,,
2024-08,D10,exp:가전제품,216615,,
2024-08,D10,exp:대만,782574,,
2024-08,D10,exp:말레이시아,283321,,
2024-08,D10,exp:무선통신기기,542079,,
2024-08,D10,exp:미국,2411503,,
2024-08,D10,exp:반도체,3478623,,
2024-08,D10,exp:베트남,1580754,,
2024-08,D10,exp:석유제품,1517540,,
2024-08,D10,exp:선박,619461,,
2024-08,D10,exp:승용차,875451,,
2024-08,D10,exp:싱가포르,354480,,
2024-08,D10,exp:유럽연합,1491762,,
2024-08,D10,exp:인도,472661,,
2024-08,D10,exp:일본,672679,,
2024-08,D10,exp:자동차부품,403559,,
2024-08,D10,exp:정밀기기,244633,,
2024-08,D10,exp:중국,3201656,,
2024-08,D10,exp:철강제품,1063847,,
2024-08,D10,exp:컴퓨터주변기기,300838,,
2024-08,D10,exp:홍콩,904673,,
2024-08,D10,imp:TOTAL,18378661,,
2024-08,D10,imp:가스,1274301,,
2024-08,D10,imp:기계류,763252,,
2024-08,D10,imp:대만,849108,,
2024-08,D10,imp:러시아 연방,171582,,
2024-08,D10,imp:말레이시아,418603,,
2024-08,D10,imp:무선통신기기,181169,,
2024-08,D10,imp:미국,2084847,,
2024-08,D10,imp:반도체,2266612,,
2024-08,D10,imp:반도체제조용장비,502678,,
2024-08,D10,imp:베트남,790513,,
2024-08,D10,imp:사우디아라비아,1077044,,
2024-08,D10,imp:석유제품,720064,,
2024-08,D10,imp:석탄,407131,,
2024-08,D10,imp:승용차,263053,,
2024-08,D10,imp:원유,3268782,,
2024-08,D10,imp:유럽연합,1531694,,
2024-08,D10,imp:일본,1580502,,
2024-08,D10,imp:정밀기기,459562,,
2024-08,D10,imp:중국,3633686,,
2024-08,D10,imp:호주,1080828,,
2024-08,D20,exp:TOTAL,33003156,,
2024-08,D20,exp:가전제품,390489,,
2024-08,D20,exp:대만,1682520,,
2024-08,D20,exp:말레이시아,548750,,
2024-08,D20,exp:무선통신기기,1125303,,
2024-08,D20,exp:미국,5176532,,
2024-08,D20,exp:반도체,6726551,,
2024-08,D20,exp:베트남,3180813,,
2024-08,D20,exp:석유제품,2863981,,
2024-08,D20,exp:선박,1790615,,
2024-08,D20,exp:승용차,2278060,,
2024-08,D20,exp:싱가포르,803425,,
2024-08,D20,exp:유럽연합,3687101,,
2024-08,D20,exp:인도,1053603,,
2024-08,D20,exp:일본,1428502,,
2024-08,D20,exp:자동차부품,1029232,,
2024-08,D20,exp:정밀기기,513996,,
2024-08,D20,exp:중국,6814339,,
2024-08,D20,exp:철강제품,2286044,,
2024-08,D20,exp:컴퓨터주변기기,670859,,
2024-08,D20,exp:홍콩,1460702,,
2024-08,D20,imp:TOTAL,34536928,,
2024-08,D20,imp:가스,2022324,,
2024-08,D20,imp:기계류,1525881,,
2024-08,D20,imp:대만,1620497,,
2024-08,D20,imp:러시아 연방,480484,,
2024-08,D20,imp:말레이시아,772325,,
2024-08,D20,imp:무선통신기기,368215,,
2024-08,D20,imp:미국,3907611,,
2024-08,D20,imp:반도체,4276352,,
2024-08,D20,imp:반도체제조용장비,890004,,
2024-08,D20,imp:베트남,1608499,,
2024-08,D20,imp:사우디아라비아,1668659,,
2024-08,D20,imp:석유제품,1489823,,
2024-08,D20,imp:석탄,924244,,
2024-08,D20,imp:승용차,494103,,
2024-08,D20,imp:원유,5099349,,
2024-08,D20,imp:유럽연합,3132377,,
2024-08,D20,imp:일본,2623686,,
2024-08,D20,imp:정밀기기,915230,,
2024-08,D20,imp:중국,7389157,,
2024-08,D20,imp:호주,1816329,,
2024-08,FULL,exp:TOTAL,57642924,,
2024-08,FULL,exp:가전제품,675842,,
2024-08,FULL,exp:대만,3146045,,
2024-08,FULL,exp:말레이시아,921760,,
2024-08,FULL,exp:무선통신기기,1784600,,
2024-08,FULL,exp:미국,9937504,,
2024-08,FULL,exp:반도체,12061638,,
2024-08,FULL,exp:베트남,5049343,,
2024-08,FULL,exp:석유제품,4416588,,
2024-08,FULL,exp:선박,2730852,,
2024-08,FULL,exp:승용차,4876018,,
2024-08,FULL,exp:싱가포르,1397637,,
2024-08,FULL,exp:유럽연합,6404849,,
2024-08,FULL,exp:인도,1636206,,
2024-08,FULL,exp:일본,2500141,,
2024-08,FULL,exp:자동차부품,1775009,,
2024-08,FULL,exp:정밀기기,914610,,
2024-08,FULL,exp:중국,11340799,,
2024-08,FULL,exp:철강제품,4035867,,
2024-08,FULL,exp:컴퓨터주변기기,1640029,,
2024-08,FULL,exp:홍콩,2966813,,
2024-08,FULL,imp:TOTAL,54054894,,
2024-08,FULL,imp:가스,2839947,,
2024-08,FULL,imp:기계류,2373671,,
2024-08,FULL,imp:대만,2573665,,
2024-08,FULL,imp:러시아 연방,897402,,
2024-08,FULL,imp:말레이시아,1256219,,
2024-08,FULL,imp:무선통신기기,580476,,
2024-08,FULL,imp:미국,6257983,,
2024-08,FULL,imp:반도체,6376167,,
2024-08,FULL,imp:반도체제조용장비,1400895,,
2024-08,FULL,imp:베트남,2589553,,
2024-08,FULL,imp:사우디아라비아,2559626,,
2024-08,FULL,imp:석유제품,2196190,,
2024-08,FULL,imp:석탄,1524710,,
2024-08,FULL,imp:승용차,965795,,
2024-08,FULL,imp:원유,8200397,,
2024-08,FULL,imp:유럽연합,5100254,,
2024-08,FULL,imp:일본,3914421,,
2024-08,FULL,imp:정밀기기,1399045,,
2024-08,FULL,imp:중국,11482791,,
2024-08,FULL,imp:호주,2745493,,
2024-10,D10,exp:TOTAL,15298567,11495533,33.08
2024-10,D10,exp:가전제품,187531,153392,22.26
2024-10,D10,exp:대만,648124,327020,98.19
2024-10,D10,exp:말레이시아,196300,229769,-14.57
2024-10,D10,exp:무선통신기기,515318,570755,-9.71
2024-10,D10,exp:미국,2486416,1870226,32.95
2024-10,D10,exp:반도체,3064714,2106581,45.48
2024-10,D10,exp:베트남,1567745,1256175,24.80
2024-10,D10,exp:석유제품,1142189,1480258,-22.84
2024-10,D10,exp:선박,907010,247196,266.92
2024-10,D10,exp:승용차,1380222,1078963,27.92
2024-10,D10,exp:싱가포르,464057,327998,41.48
2024-10,D10,exp:유럽연합,1280495,1032785,23.98
2024-10,D10,exp:인도,454280,291212,56.00
2024-10,D10,exp:일본,715516,575496,24.33
2024-10,D10,exp:자동차부품,512435,323670,58.32
2024-10,D10,exp:정밀기기,264330,217387,21.59
2024-10,D10,exp:중국,3492840,2846671,22.70
2024-10,D10,exp:철강제품,1070140,735482,45.50
2024-10,D10,exp:컴퓨터주변기기,197305,182058,8.37
2024-10,D10,exp:홍콩,426732,307455,38.79
2024-10,D10,imp:TOTAL,17470934,16927393,3.21
2024-10,D10,imp:가스,912426,792848,15.08
2024-10,D10,imp:기계류,690380,676063,2.12
2024-10,D10,imp:대만,868737,758072,14.60
2024-10,D10,imp:러시아 연방,161738,198523,-18.53
2024-10,D10,imp:말레이시아,368723,483089,-23.67
2024-10,D10,imp:무선통신기기,452840,766436,-40.92
2024-10,D10,imp:미국,2226311,2090040,6.52
2024-10,D10,imp:반도체,2459264,2070790,18.76
2024-10,D10,imp:반도체제조용장비,563084,388382,44.98
2024-10,D10,imp:베트남,834353,669446,24.63
2024-10,D10,imp:사우디아라비아,677959,652561,3.89
2024-10,D10,imp:석유제품,711088,747284,-4.84
2024-10,D10,imp:석탄,294735,364549,-19.15
2024-10,D10,imp:승용차,275467,272658,1.03
2024-10,D10,imp:원유,2234469,2815361,-20.63
2024-10,D10,imp:유럽연합,1582265,1468818,7.72
2024-10,D10,imp:일본,1627760,1295235,25.67
2024-10,D10,imp:정밀기기,511536,474074,7.90
2024-10,D10,imp:중국,3871595,3959065,-2.21
2024-10,D10,imp:호주,676152,797305,-15.20
2024-10,D20,exp:TOTAL,32711578,33739771,-3.05
2024-10,D20,exp:가전제품,367237,447645,-17.96
2024-10,D20,exp:대만,1890128,1009927,87.15
2024-10,D20,exp:말레이시아,498929,618110,-19.28
2024-10,D20,exp:무선통신기기,1070089,1366428,-21.69
2024-10,D20,exp:미국,5618900,5772416,-2.66
2024-10,D20,exp:반도체,7097664,5215242,36.09
2024-10,D20,exp:베트남,3189955,3158780,0.99
2024-10,D20,exp:석유제품,2112065,3503786,-39.72
2024-10,D20,exp:선박,1359068,1617219,-15.96
2024-10,D20,exp:승용차,3184806,3298181,-3.44
2024-10,D20,exp:싱가포르,847390,1243663,-31.86
2024-10,D20,exp:유럽연합,3159736,3467773,-8.88
2024-10,D20,exp:인도,835671,949965,-12.03
2024-10,D20,exp:일본,1445435,1656777,-12.76
2024-10,D20,exp:자동차부품,1024100,1045964,-2.09
2024-10,D20,exp:정밀기기,548267,622777,-11.96
2024-10,D20,exp:중국,7224187,7152622,1.00
2024-10,D20,exp:철강제품,2238009,2372323,-5.66
2024-10,D20,exp:컴퓨터주변기기,509724,440823,15.63
2024-10,D20,exp:홍콩,1095560,1042540,5.09
2024-10,D20,imp:TOTAL,33755905,37565671,-10.14
2024-10,D20,imp:가스,2070686,1905841,8.65
2024-10,D20,imp:기계류,1367943,1504015,-9.05
2024-10,D20,imp:대만,1585741,1635315,-3.03
2024-10,D20,imp:러시아 연방,345516,465233,-25.73
2024-10,D20,imp:말레이시아,824526,948195,-13.04
2024-10,D20,imp:무선통신기기,846813,1258172,-32.69
2024-10,D20,imp:미국,4045145,4248645,-4.79
2024-10,D20,imp:반도체,4218643,4187171,0.75
2024-10,D20,imp:반도체제조용장비,1131526,861948,31.28
2024-10,D20,imp:베트남,1590157,1584184,0.38
2024-10,D20,imp:사우디아라비아,1516103,1997620,-24.10
2024-10,D20,imp:석유제품,1528643,1759743,-13.13
2024-10,D20,imp:석탄,761201,969157,-21.46
2024-10,D20,imp:승용차,455284,691134,-34.13
2024-10,D20,imp:원유,4630333,6217853,-25.53
2024-10,D20,imp:유럽연합,3104479,3562667,-12.86
2024-10,D20,imp:일본,2784315,2723214,2.24
2024-10,D20,imp:정밀기기,938507,993403,-5.53
2024-10,D20,imp:중국,7456206,8391033,-11.14
2024-10,D20,imp:호주,1537587,1967099,-21.83
2024-10,FULL,exp:TOTAL,57500192,54989950,4.56
2024-10,FULL,exp:가전제품,653883,696316,-6.09
2024-10,FULL,exp:대만,3528893,1702460,107.28
2024-10,FULL,exp:말레이시아,1038699,999501,3.92
2024-10,FULL,exp:무선통신기기,1691457,2148541,-21.27
2024-10,FULL,exp:미국,10394328,10059689,3.33
2024-10,FULL,exp:반도체,12670057,9061404,39.82
2024-10,FULL,exp:베트남,5231509,4832318,8.26
2024-10,FULL,exp:석유제품,3434887,5212322,-34.10
2024-10,FULL,exp:선박,1958620,2751456,-28.82
2024-10,FULL,exp:승용차,6004017,5705540,5.23
2024-10,FULL,exp:싱가포르,1397107,2238050,-37.57
2024-10,FULL,exp:유럽연합,5296955,5013518,5.65
2024-10,FULL,exp:인도,1511925,1531651,-1.29
2024-10,FULL,exp:일본,2423573,2492283,-2.76
2024-10,FULL,exp:자동차부품,1814224,1701366,6.63
2024-10,FULL,exp:정밀기기,981203,985390,-0.42
2024-10,FULL,exp:중국,12172811,10993481,10.73
2024-10,FULL,exp:철강제품,4074297,3809956,6.94
2024-10,FULL,exp:컴퓨터주변기기,1095272,722284,51.64
2024-10,FULL,exp:홍콩,2210877,2430688,-9.04
2024-10,FULL,imp:TOTAL,54331589,53440582,1.67
2024-10,FULL,imp:가스,3281360,2537434,29.32
2024-10,FULL,imp:기계류,2286739,2279919,0.30
2024-10,FULL,imp:대만,2680327,2168182,23.62
2024-10,FULL,imp:러시아 연방,552246,596107,-7.36
2024-10,FULL,imp:말레이시아,1215851,1286527,-5.49
2024-10,FULL,imp:무선통신기기,1390050,1731713,-19.73
2024-10,FULL,imp:미국,5968731,6212986,-3.93
2024-10,FULL,imp:반도체,6801403,5755128,18.18
2024-10,FULL,imp:반도체제조용장비,1902802,1280067,48.65
2024-10,FULL,imp:베트남,2552260,2266382,12.61
2024-10,FULL,imp:사우디아라비아,2528232,2569486,-1.61
2024-10,FULL,imp:석유제품,1955495,2255595,-13.30
2024-10,FULL,imp:석탄,1255388,1386958,-9.49
2024-10,FULL,imp:승용차,1117299,1084888,2.99
2024-10,FULL,imp:원유,6611832,8055748,-17.92
2024-10,FULL,imp:유럽연합,5330232,5291515,0.73
2024-10,FULL,imp:일본,4378339,3932137,11.35
2024-10,FULL,imp:정밀기기,1491246,1443237,3.33
2024-10,FULL,imp:중국,12513916,12549078,-0.28
2024-10,FULL,imp:호주,2609694,2601078,0.33
2024-11,D10,exp:TOTAL,14872900,18129507,-17.96
2024-11,D10,exp:가전제품,160786,230047,-30.11
2024-11,D10,exp:대만,722510,558653,29.33
2024-11,D10,exp:말레이시아,192067,265453,-27.65
2024-11,D10,exp:무선통신기기,590161,728765,-19.02
2024-11,D10,exp:미국,2317086,3713912,-37.61
2024-11,D10,exp:반도체,3279955,2795594,17.33
2024-11,D10,exp:베트남,1695480,1786730,-5.11
2024-11,D10,exp:석유제품,1152318,1715690,-32.84
2024-11,D10,exp:선박,601506,126280,376.33
2024-11,D10,exp:승용차,1326421,1997799,-33.61
2024-11,D10,exp:싱가포르,483919,586749,-17.53
2024-11,D10,exp:유럽연합,1309531,1768049,-25.93
2024-11,D10,exp:인도,411711,475130,-13.35
2024-11,D10,exp:일본,743620,923599,-19.49
2024-11,D10,exp:자동차부품,454584,629858,-27.83
2024-11,D10,exp:정밀기기,259190,406379,-36.22
2024-11,D10,exp:중국,3315177,3881336,-14.59
2024-11,D10,exp:철강제품,1009766,1198697,-15.76
2024-11,D10,exp:컴퓨터주변기기,253148,233160,8.57
2024-11,D10,exp:홍콩,538975,540398,-0.26
2024-11,D10,imp:TOTAL,15752559,19956728,-21.07
2024-11,D10,imp:가스,981120,1172458,-16.32
2024-11,D10,imp:기계류,683006,865878,-21.12
2024-11,D10,imp:대만,801234,853200,-6.09
2024-11,D10,imp:러시아 연방,160227,242983,-34.06
2024-11,D10,imp:말레이시아,422256,502044,-15.89
2024-11,D10,imp:무선통신기기,256854,475023,-45.93
2024-11,D10,imp:미국,1584644,2522892,-37.19
2024-11,D10,imp:반도체,2005590,2025368,-0.98
2024-11,D10,imp:반도체제조용장비,530925,417863,27.06
2024-11,D10,imp:베트남,725033,658715,10.07
2024-11,D10,imp:사우디아라비아,782922,1391325,-43.73
2024-11,D10,imp:석유제품,765504,965695,-20.73
2024-11,D10,imp:석탄,450468,485214,-7.16
2024-11,D10,imp:승용차,198378,422716,-53.07
2024-11,D10,imp:원유,2316199,3565083,-35.03
2024-11,D10,imp:유럽연합,1294969,2015490,-35.75
2024-11,D10,imp:일본,1283718,1411486,-9.05
2024-11,D10,imp:정밀기기,423608,496378,-14.66
2024-11,D10,imp:중국,3380698,4339003,-22.09
2024-11,D10,imp:호주,905827,1096317,-17.38
2024-11,D20,exp:TOTAL,35559900,33647826,5.68
2024-11,D20,exp:가전제품,355286,428872,-17.16
2024-11,D20,exp:대만,1973074,1002477,96.82
2024-11,D20,exp:말레이시아,520441,596374,-12.73
2024-11,D20,exp:무선통신기기,1199964,1366981,-12.22
2024-11,D20,exp:미국,6412220,6583607,-2.60
2024-11,D20,exp:반도체,7711150,5410257,42.53
2024-11,D20,exp:베트남,3599392,3103800,15.97
2024-11,D20,exp:석유제품,2656318,2959778,-10.25
2024-11,D20,exp:선박,1128325,635189,77.64
2024-11,D20,exp:승용차,3096549,3761958,-17.69
2024-11,D20,exp:싱가포르,888715,977116,-9.05
2024-11,D20,exp:유럽연합,3411128,3174623,7.45
2024-11,D20,exp:인도,1024129,929810,10.14
2024-11,D20,exp:일본,1592797,1604157,-0.71
2024-11,D20,exp:자동차부품,1136715,1140622,-0.34
2024-11,D20,exp:정밀기기,594781,684662,-13.13
2024-11,D20,exp:중국,7456554,7213046,3.38
2024-11,D20,exp:철강제품,2480112,2234803,10.98
2024-11,D20,exp:컴퓨터주변기기,737302,425130,73.43
2024-11,D20,exp:홍콩,1366387,1232172,10.89
2024-11,D20,imp:TOTAL,34791536,35177065,-1.10
2024-11,D20,imp:가스,1913047,2040133,-6.23
2024-11,D20,imp:기계류,1519721,1513752,0.39
2024-11,D20,imp:대만,2005428,1522894,31.69
2024-11,D20,imp:러시아 연방,323379,411638,-21.44
2024-11,D20,imp:말레이시아,937286,880834,6.41
2024-11,D20,imp:무선통신기기,555097,855830,-35.14
2024-11,D20,imp:미국,3802900,4418510,-13.93
2024-11,D20,imp:반도체,4758552,3854491,23.45
2024-11,D20,imp:반도체제조용장비,1697210,722975,134.75
2024-11,D20,imp:베트남,1531959,1338037,14.49
2024-11,D20,imp:사우디아라비아,1517669,2174983,-30.22
2024-11,D20,imp:석유제품,1259258,1550893,-18.80
2024-11,D20,imp:석탄,745454,743668,0.24
2024-11,D20,imp:승용차,534289,765216,-30.18
2024-11,D20,imp:원유,4454667,5834138,-23.64
2024-11,D20,imp:유럽연합,3476431,3394630,2.41
2024-11,D20,imp:일본,2814432,2500563,12.55
2024-11,D20,imp:정밀기기,968243,931635,3.93
2024-11,D20,imp:중국,8108781,7951856,1.97
2024-11,D20,imp:호주,1389044,1807102,-23.13
2024-11,FULL,exp:TOTAL,56288629,55561090,1.31
2024-11,FULL,exp:가전제품,566892,716326,-20.86
2024-11,FULL,exp:대만,3253132,1691821,92.29
2024-11,FULL,exp:말레이시아,855432,940532,-9.05
2024-11,FULL,exp:무선통신기기,1638511,1970203,-16.84
2024-11,FULL,exp:미국,10370481,10943600,-5.24
2024-11,FULL,exp:반도체,12578985,9688869,29.83
2024-11,FULL,exp:베트남,5142173,4913358,4.66
2024-11,FULL,exp:석유제품,3694379,4529005,-18.43
2024-11,FULL,exp:선박,2435682,1380822,76.39
2024-11,FULL,exp:승용차,5449951,6341506,-14.06
2024-11,FULL,exp:싱가포르,1565073,1684766,-7.10
2024-11,FULL,exp:유럽연합,5439585,5395912,0.81
2024-11,FULL,exp:인도,1452203,1523664,-4.69
2024-11,FULL,exp:일본,2491515,2542677,-2.01
2024-11,FULL,exp:자동차부품,1694134,1841477,-8.00
2024-11,FULL,exp:정밀기기,932883,1061265,-12.10
2024-11,FULL,exp:중국,11290362,11342928,-0.46
2024-11,FULL,exp:철강제품,3872988,3845882,0.70
2024-11,FULL,exp:컴퓨터주변기기,1490034,713520,108.83
2024-11,FULL,exp:홍콩,2425723,2753504,-11.90
2024-11,FULL,imp:TOTAL,50718992,51997805,-2.46
2024-11,FULL,imp:가스,3045982,2877048,5.87
2024-11,FULL,imp:기계류,2222656,2297179,-3.24
2024-11,FULL,imp:대만,2821020,2068737,36.36
2024-11,FULL,imp:러시아 연방,502982,613765,-18.05
2024-11,FULL,imp:말레이시아,1375506,1247293,10.28
2024-11,FULL,imp:무선통신기기,755625,1136889,-33.54
2024-11,FULL,imp:미국,5438200,6204912,-12.36
2024-11,FULL,imp:반도체,6670272,5359098,24.47
2024-11,FULL,imp:반도체제조용장비,2337433,1317574,77.40
2024-11,FULL,imp:베트남,2319319,1994822,16.27
2024-11,FULL,imp:사우디아라비아,2454789,2951579,-16.83
2024-11,FULL,imp:석유제품,1805827,2239150,-19.35
2024-11,FULL,imp:석탄,1116665,1284974,-13.10
2024-11,FULL,imp:승용차,822025,1189825,-30.91
2024-11,FULL,imp:원유,6532940,7850830,-16.79
2024-11,FULL,imp:유럽연합,5129142,5324895,-3.68
2024-11,FULL,imp:일본,3991867,3717928,7.37
2024-11,FULL,imp:정밀기기,1393409,1391673,0.12
2024-11,FULL,imp:중국,11445747,12087237,-5.31
2024-11,FULL,imp:호주,2386134,2494499,-4.34
2024-12,D10,exp:TOTAL,17541285,15633586,12.20
2024-12,D10,exp:가전제품,196808,171480,14.77
2024-12,D10,exp:대만,876981,549723,59.53
2024-12,D10,exp:말레이시아,202778,273893,-25.96
2024-12,D10,exp:무선통신기기,505990,557667,-9.27
2024-12,D10,exp:미국,3690625,3099354,19.08
2024-12,D10,exp:반도체,3613270,2527469,42.96
2024-12,D10,exp:베트남,1570104,1472465,6.63
2024-12,D10,exp:석유제품,1229316,1350959,-9.00
2024-12,D10,exp:선박,1083986,1105233,-1.92
2024-12,D10,exp:승용차,1444340,1583328,-8.78
2024-12,D10,exp:싱가포르,525681,366905,43.27
2024-12,D10,exp:유럽연합,1553975,1410325,10.19
2024-12,D10,exp:인도,483946,397789,21.66
2024-12,D10,exp:일본,847494,784351,8.05
2024-12,D10,exp:자동차부품,570762,463633,23.11
2024-12,D10,exp:정밀기기,296492,308368,-3.85
2024-12,D10,exp:중국,3745365,3154759,18.72
2024-12,D10,exp:철강제품,1175688,986926,19.13
2024-12,D10,exp:컴퓨터주변기기,291192,195464,48.97
2024-12,D10,exp:홍콩,608667,549194,10.83
2024-12,D10,imp:TOTAL,19116263,17136552,11.55
2024-12,D10,imp:가스,1051310,1455442,-27.77
2024-12,D10,imp:기계류,843739,726649,16.11
2024-12,D10,imp:대만,863482,628963,37.29
2024-12,D10,imp:러시아 연방,208288,281934,-26.12
2024-12,D10,imp:말레이시아,413799,297051,39.30
2024-12,D10,imp:무선통신기기,204506,217756,-6.08
2024-12,D10,imp:미국,1983220,1907807,3.95
2024-12,D10,imp:반도체,2450631,1725336,42.04
2024-12,D10,imp:반도체제조용장비,898687,473975,89.61
2024-12,D10,imp:베트남,815827,654266,24.69
2024-12,D10,imp:사우디아라비아,856200,853392,0.33
2024-12,D10,imp:석유제품,787362,752998,4.56
2024-12,D10,imp:석탄,423761,491177,-13.73
2024-12,D10,imp:승용차,317866,398439,-20.22
2024-12,D10,imp:원유,2325691,2676340,-13.10
2024-12,D10,imp:유럽연합,2098261,1796139,16.82
2024-12,D10,imp:일본,1535996,1160903,32.31
2024-12,D10,imp:정밀기기,514739,439417,17.14
2024-12,D10,imp:중국,4544553,3490421,30.20
2024-12,D10,imp:호주,885838,1319102,-32.85
2024-12,D20,exp:TOTAL,40285842,37729966,6.77
2024-12,D20,exp:가전제품,477061,469200,1.68
2024-12,D20,exp:대만,2000641,1186506,68.62
2024-12,D20,exp:말레이시아,532931,625448,-14.79
2024-12,D20,exp:무선통신기기,1028518,1009384,1.90
2024-12,D20,exp:미국,8001710,7560915,5.83
2024-12,D20,exp:반도체,8211201,6656218,23.36
2024-12,D20,exp:베트남,3521580,3272617,7.61
2024-12,D20,exp:석유제품,2661446,3088796,-13.84
2024-12,D20,exp:선박,1867912,2466779,-24.28
2024-12,D20,exp:승용차,3726732,3739452,-0.34
2024-12,D20,exp:싱가포르,1056886,720704,46.65
2024-12,D20,exp:유럽연합,4318938,3366499,28.29
2024-12,D20,exp:인도,1148542,1098013,4.60
2024-12,D20,exp:일본,2027943,1858460,9.12
2024-12,D20,exp:자동차부품,1240474,1142842,8.54
2024-12,D20,exp:정밀기기,700002,706849,-0.97
2024-12,D20,exp:중국,8057528,7168287,12.41
2024-12,D20,exp:철강제품,2787902,2498976,11.56
2024-12,D20,exp:컴퓨터주변기기,809087,451133,79.35
2024-12,D20,exp:홍콩,1587284,1767060,-10.17
2024-12,D20,imp:TOTAL,38923657,36221007,7.46
2024-12,D20,imp:가스,2217442,2592577,-14.47
2024-12,D20,imp:기계류,1739949,1606901,8.28
2024-12,D20,imp:대만,1854459,1317794,40.72
2024-12,D20,imp:러시아 연방,388079,513340,-24.40
2024-12,D20,imp:말레이시아,882724,763863,15.56
2024-12,D20,imp:무선통신기기,584811,497478,17.56
2024-12,D20,imp:미국,4204651,4352305,-3.39
2024-12,D20,imp:반도체,4852241,3796880,27.80
2024-12,D20,imp:반도체제조용장비,2038041,1213563,67.94
2024-12,D20,imp:베트남,1710355,1434894,19.20
2024-12,D20,imp:사우디아라비아,1658759,1708314,-2.90
2024-12,D20,imp:석유제품,1632364,1337247,22.07
2024-12,D20,imp:석탄,930892,970910,-4.12
2024-12,D20,imp:승용차,634065,821035,-22.77
2024-12,D20,imp:원유,4499187,5206109,-13.58
2024-12,D20,imp:유럽연합,4705900,4187899,12.37
2024-12,D20,imp:일본,3168436,2601736,21.78
2024-12,D20,imp:정밀기기,1076827,1012388,6.37
2024-12,D20,imp:중국,8847137,7693918,14.99
2024-12,D20,imp:호주,1747754,2156482,-18.95
2024-12,FULL,exp:TOTAL,61359250,57573193,6.58
2024-12,FULL,exp:가전제품,606962,636298,-4.61
2024-12,FULL,exp:대만,4335694,2167143,100.06
2024-12,FULL,exp:말레이시아,803343,923568,-13.02
2024-12,FULL,exp:무선통신기기,1319215,1325633,-0.48
2024-12,FULL,exp:미국,11893820,11280989,5.43
2024-12,FULL,exp:반도체,14619210,11192340,30.62
2024-12,FULL,exp:베트남,4930153,4629922,6.48
2024-12,FULL,exp:석유제품,4000311,4514938,-11.40
2024-12,FULL,exp:선박,2981019,3523654,-15.40
2024-12,FULL,exp:승용차,5833631,6196407,-5.85
2024-12,FULL,exp:싱가포르,1747126,1954859,-10.63
2024-12,FULL,exp:유럽연합,5800800,5034248,15.23
2024-12,FULL,exp:인도,1684867,1588847,6.04
2024-12,FULL,exp:일본,2644228,2486618,6.34
2024-12,FULL,exp:자동차부품,1803834,1712154,5.35
2024-12,FULL,exp:정밀기기,976061,1001780,-2.57
2024-12,FULL,exp:중국,11772793,10864298,8.36
2024-12,FULL,exp:철강제품,4093382,3861379,6.01
2024-12,FULL,exp:컴퓨터주변기기,1639594,791998,107.02
2024-12,FULL,exp:홍콩,3287666,3341216,-1.60
2024-12,FULL,imp:TOTAL,54866380,53122854,3.28
2024-12,FULL,imp:가스,3148553,4297638,-26.74
2024-12,FULL,imp:기계류,2470852,2355383,4.90
2024-12,FULL,imp:대만,2911032,1936033,50.36
2024-12,FULL,imp:러시아 연방,534550,681573,-21.57
2024-12,FULL,imp:말레이시아,1320471,1344332,-1.77
2024-12,FULL,imp:무선통신기기,740804,662759,11.78
2024-12,FULL,imp:미국,5476550,6279486,-12.79
2024-12,FULL,imp:반도체,7001998,5395017,29.79
2024-12,FULL,imp:반도체제조용장비,2935048,2058261,42.60
2024-12,FULL,imp:베트남,2455078,2105050,16.63
2024-12,FULL,imp:사우디아라비아,2681083,2980977,-10.06
2024-12,FULL,imp:석유제품,2161241,1865635,15.84
2024-12,FULL,imp:석탄,1370492,1538451,-10.92
2024-12,FULL,imp:승용차,1013091,1170264,-13.43
2024-12,FULL,imp:원유,6043193,7874702,-23.26
2024-12,FULL,imp:유럽연합,6858670,6001592,14.28
2024-12,FULL,imp:일본,4476095,3920619,14.17
2024-12,FULL,imp:정밀기기,1527879,1411214,8.27
2024-12,FULL,imp:중국,12382340,10887275,13.73
2024-12,FULL,imp:호주,2288927,3074843,-25.56
2025-01,D10,exp:TOTAL,15918926,15422243,3.22
2025-01,D10,exp:가전제품,200275,161935,23.68
2025-01,D10,exp:대만,548123,501553,9.29
2025-01,D10,exp:말레이시아,309153,189342,63.28
2025-01,D10,exp:무선통신기기,335369,437098,-23.27
2025-01,D10,exp:미국,2666213,2633459,1.24
2025-01,D10,exp:반도체,3183772,2571669,23.80
2025-01,D10,exp:베트남,1675043,1326182,26.31
2025-01,D10,exp:석유제품,883329,1604041,-44.93
2025-01,D10,exp:선박,1056787,993895,6.33
2025-01,D10,exp:승용차,1352570,1297173,4.27
2025-01,D10,exp:싱가포르,341738,584680,-41.55
2025-01,D10,exp:유럽연합,1622487,1661664,-2.36
2025-01,D10,exp:인도,485371,443709,9.39
2025-01,D10,exp:일본,792036,819636,-3.37
2025-01,D10,exp:자동차부품,474471,508896,-6.76
2025-01,D10,exp:정밀기기,272982,292047,-6.53
2025-01,D10,exp:중국,3355701,3244538,3.43
2025-01,D10,exp:철강제품,1200349,1063288,12.89
2025-01,D10,exp:컴퓨터주변기기,203270,217458,-6.52
2025-01,D10,exp:홍콩,460804,449655,2.48
2025-01,D10,imp:TOTAL,19078096,18491464,3.17
2025-01,D10,imp:가스,1276701,1117642,14.23
2025-01,D10,imp:기계류,769760,771467,-0.22
2025-01,D10,imp:대만,872424,772036,13.00
2025-01,D10,imp:러시아 연방,196786,183525,7.23
2025-01,D10,imp:말레이시아,505212,533847,-5.36
2025-01,D10,imp:무선통신기기,311733,394939,-21.07
2025-01,D10,imp:미국,1993078,1864468,6.90
2025-01,D10,imp:반도체,2549073,2017858,26.33
2025-01,D10,imp:반도체제조용장비,538410,581449,-7.40
2025-01,D10,imp:베트남,946752,1007015,-5.98
2025-01,D10,imp:사우디아라비아,1115516,805782,38.44
2025-01,D10,imp:석유제품,806727,854327,-5.57
2025-01,D10,imp:석탄,342188,597372,-42.72
2025-01,D10,imp:승용차,110456,201694,-45.24
2025-01,D10,imp:원유,2501672,2571305,-2.71
2025-01,D10,imp:유럽연합,1365792,1555986,-12.22
2025-01,D10,imp:일본,1192415,982313,21.39
2025-01,D10,imp:정밀기기,425087,467834,-9.14
2025-01,D10,imp:중국,4329717,4330064,-0.01
2025-01,D10,imp:호주,1472216,1013723,45.23
2025-01,D20,exp:TOTAL,31633210,33319854,-5.06
2025-01,D20,exp:가전제품,404078,427317,-5.44
2025-01,D20,exp:대만,1172152,1031407,13.65
2025-01,D20,exp:말레이시아,586311,504864,16.13
2025-01,D20,exp:무선통신기기,707985,871535,-18.77
2025-01,D20,exp:미국,5579374,6186136,-9.81
2025-01,D20,exp:반도체,6307186,5297202,19.07
2025-01,D20,exp:베트남,3053340,2692755,13.39
2025-01,D20,exp:석유제품,2092175,2904876,-27.98
2025-01,D20,exp:선박,1621617,1919785,-15.53
2025-01,D20,exp:승용차,3213179,3472991,-7.48
2025-01,D20,exp:싱가포르,681980,952340,-28.39
2025-01,D20,exp:유럽연합,3409873,3538389,-3.63
2025-01,D20,exp:인도,1004481,995476,0.90
2025-01,D20,exp:일본,1491319,1605360,-7.10
2025-01,D20,exp:자동차부품,985609,1099700,-10.37
2025-01,D20,exp:정밀기기,518310,598458,-13.39
2025-01,D20,exp:중국,6490827,6819362,-4.82
2025-01,D20,exp:철강제품,2388604,2467132,-3.18
2025-01,D20,exp:컴퓨터주변기기,456252,509244,-10.41
2025-01,D20,exp:홍콩,994057,1006262,-1.21
2025-01,D20,imp:TOTAL,35527083,35992875,-1.29
2025-01,D20,imp:가스,2126996,2351021,-9.53
2025-01,D20,imp:기계류,1545197,1425458,8.40
2025-01,D20,imp:대만,1545343,1471679,5.01
2025-01,D20,imp:러시아 연방,399649,340778,17.28
2025-01,D20,imp:말레이시아,1035905,817004,26.79
2025-01,D20,imp:무선통신기기,504640,673672,-25.09
2025-01,D20,imp:미국,4220187,4070232,3.68
2025-01,D20,imp:반도체,4437961,3757090,18.12
2025-01,D20,imp:반도체제조용장비,1110352,1042279,6.53
2025-01,D20,imp:베트남,1837113,1784954,2.92
2025-01,D20,imp:사우디아라비아,1739337,1620569,7.33
2025-01,D20,imp:석유제품,1548810,1669215,-7.21
2025-01,D20,imp:석탄,609761,1166879,-47.74
2025-01,D20,imp:승용차,446974,554161,-19.34
2025-01,D20,imp:원유,4782903,5478438,-12.70
2025-01,D20,imp:유럽연합,2872991,3037211,-5.41
2025-01,D20,imp:일본,2375672,2210841,7.46
2025-01,D20,imp:정밀기기,824379,858495,-3.97
2025-01,D20,imp:중국,7929723,8071052,-1.75
2025-01,D20,imp:호주,2078822,2106267,-1.30
2025-01,FULL,exp:TOTAL,49176984,54709823,-10.11
2025-01,FULL,exp:가전제품,564601,734908,-23.17
2025-01,FULL,exp:대만,2438188,1773976,37.44
2025-01,FULL,exp:말레이시아,921582,774737,18.95
2025-01,FULL,exp:무선통신기기,1008827,1262803,-20.11
2025-01,FULL,exp:미국,9282567,10252308,-9.46
2025-01,FULL,exp:반도체,10218918,9529970,7.23
2025-01,FULL,exp:베트남,4356972,4189458,4.00
2025-01,FULL,exp:석유제품,3480879,4835458,-28.01
2025-01,FULL,exp:선박,2396385,2457555,-2.49
2025-01,FULL,exp:승용차,4828883,5985821,-19.33
2025-01,FULL,exp:싱가포르,1162020,1757142,-33.87
2025-01,FULL,exp:유럽연합,5040759,5699835,-11.56
2025-01,FULL,exp:인도,1463921,1538078,-4.82
2025-01,FULL,exp:일본,2363797,2542909,-7.04
2025-01,FULL,exp:자동차부품,1515262,1830200,-17.21
2025-01,FULL,exp:정밀기기,756434,961706,-21.34
2025-01,FULL,exp:중국,9204172,10695827,-13.95
2025-01,FULL,exp:철강제품,3731804,4038358,-7.59
2025-01,FULL,exp:컴퓨터주변기기,931936,804623,15.82
2025-01,FULL,exp:홍콩,1685484,2678154,-37.07
2025-01,FULL,imp:TOTAL,51172292,54474611,-6.06
2025-01,FULL,imp:가스,3089102,3870909,-20.20
2025-01,FULL,imp:기계류,2158711,2251892,-4.14
2025-01,FULL,imp:대만,2227887,2196893,1.41
2025-01,FULL,imp:러시아 연방,501822,531098,-5.51
2025-01,FULL,imp:말레이시아,1350979,1367470,-1.21
2025-01,FULL,imp:무선통신기기,652738,968411,-32.60
2025-01,FULL,imp:미국,5839341,6138062,-4.87
2025-01,FULL,imp:반도체,6141954,5665385,8.41
2025-01,FULL,imp:반도체제조용장비,1814643,1779403,1.98
2025-01,FULL,imp:베트남,2564727,2653858,-3.36
2025-01,FULL,imp:사우디아라비아,2482498,2662075,-6.75
2025-01,FULL,imp:석유제품,2411725,2456330,-1.82
2025-01,FULL,imp:석탄,1226731,1911863,-35.84
2025-01,FULL,imp:승용차,661510,720453,-8.18
2025-01,FULL,imp:원유,7096163,7433740,-4.54
2025-01,FULL,imp:유럽연합,4290414,4552811,-5.76
2025-01,FULL,imp:일본,3587345,3755031,-4.47
2025-01,FULL,imp:정밀기기,1190286,1324956,-10.16
2025-01,FULL,imp:중국,11208793,12396980,-9.58
2025-01,FULL,imp:호주,2906682,3308750,-12.15
2025-02,D10,exp:TOTAL,14811188,14757600,0.36
2025-02,D10,exp:가전제품,149065,224325,-33.55
2025-02,D10,exp:대만,551359,436794,26.23
2025-02,D10,exp:말레이시아,287440,403552,-28.77
2025-02,D10,exp:무선통신기기,446569,374575,19.22
2025-02,D10,exp:미국,2605530,2850079,-8.58
2025-02,D10,exp:반도체,2832428,2782701,1.79
2025-02,D10,exp:베트남,1534375,1275600,20.29
2025-02,D10,exp:석유제품,1086454,1398748,-22.33
2025-02,D10,exp:선박,934921,58628,1494.67
2025-02,D10,exp:승용차,1384207,1108032,24.92
2025-02,D10,exp:싱가포르,466281,322205,44.72
2025-02,D10,exp:유럽연합,1570718,1437109,9.30
2025-02,D10,exp:인도,486480,456239,6.63
2025-02,D10,exp:일본,583135,751257,-22.38
2025-02,D10,exp:자동차부품,457219,628455,-27.25
2025-02,D10,exp:정밀기기,270530,260804,3.73
2025-02,D10,exp:중국,2951772,2824889,4.49
2025-02,D10,exp:철강제품,947107,1041104,-9.03
2025-02,D10,exp:컴퓨터주변기기,242978,203335,19.50
2025-02,D10,exp:홍콩,408367,629048,-35.08
2025-02,D10,imp:TOTAL,17123499,17054119,0.41
2025-02,D10,imp:가스,805207,953168,-15.52
2025-02,D10,imp:기계류,859377,748499,14.81
2025-02,D10,imp:대만,948747,804412,17.94
2025-02,D10,imp:러시아 연방,160736,203094,-20.86
2025-02,D10,imp:말레이시아,425112,284673,49.33
2025-02,D10,imp:무선통신기기,159751,204599,-21.92
2025-02,D10,imp:미국,2110672,1743786,21.04
2025-02,D10,imp:반도체,2202260,1807401,21.85
2025-02,D10,imp:반도체제조용장비,723211,766114,-5.60
2025-02,D10,imp:베트남,803338,732132,9.73
2025-02,D10,imp:사우디아라비아,865600,923518,-6.27
2025-02,D10,imp:석유제품,667575,631575,5.70
2025-02,D10,imp:석탄,266187,487189,-45.36
2025-02,D10,imp:승용차,248322,216967,14.45
2025-02,D10,imp:원유,2416310,2987608,-19.12
2025-02,D10,imp:유럽연합,1769932,1598520,10.72
2025-02,D10,imp:일본,1628806,1246871,30.63
2025-02,D10,imp:정밀기기,487654,402726,21.09
2025-02,D10,imp:중국,3036058,3566847,-14.88
2025-02,D10,imp:호주,762364,890793,-14.42
2025-02,D20,exp:TOTAL,35228231,30436349,15.74
2025-02,D20,exp:가전제품,388397,456453,-14.91
2025-02,D20,exp:대만,1593730,883697,80.35
2025-02,D20,exp:말레이시아,802681,676161,18.71
2025-02,D20,exp:무선통신기기,839548,772717,8.65
2025-02,D20,exp:미국,6589617,5691285,15.78
2025-02,D20,exp:반도체,6455746,5286142,22.13
2025-02,D20,exp:베트남,3368563,2543449,32.44
2025-02,D20,exp:석유제품,2624725,2902843,-9.58
2025-02,D20,exp:선박,1058665,848631,24.75
2025-02,D20,exp:승용차,3604913,2570010,40.27
2025-02,D20,exp:싱가포르,1004700,701695,43.18
2025-02,D20,exp:유럽연합,3445205,3252740,5.92
2025-02,D20,exp:인도,1155327,862702,33.92
2025-02,D20,exp:일본,1529965,1529541,0.03
2025-02,D20,exp:자동차부품,1223908,1122644,9.02
2025-02,D20,exp:정밀기기,648037,513025,26.32
2025-02,D20,exp:중국,6626587,5831596,13.63
2025-02,D20,exp:철강제품,2486991,2233463,11.35
2025-02,D20,exp:컴퓨터주변기기,585809,404455,44.84
2025-02,D20,exp:홍콩,1151862,1225422,-6.00
2025-02,D20,imp:TOTAL,34537356,32040356,7.79
2025-02,D20,imp:가스,1435691,1737785,-17.38
2025-02,D20,imp:기계류,1722599,1436474,19.92
2025-02,D20,imp:대만,1791786,1474852,21.49
2025-02,D20,imp:러시아 연방,341800,382150,-10.56
2025-02,D20,imp:말레이시아,909190,701495,29.61
2025-02,D20,imp:무선통신기기,370064,357637,3.47
2025-02,D20,imp:미국,4299775,3775135,13.90
2025-02,D20,imp:반도체,4329703,3701995,16.96
2025-02,D20,imp:반도체제조용장비,1545220,1222016,26.45
2025-02,D20,imp:베트남,1597324,1517366,5.27
2025-02,D20,imp:사우디아라비아,1603421,1382518,15.98
2025-02,D20,imp:석유제품,1249348,1228453,1.70
2025-02,D20,imp:석탄,703541,863325,-18.51
2025-02,D20,imp:승용차,468868,606477,-22.69
2025-02,D20,imp:원유,4371054,4746656,-7.91
2025-02,D20,imp:유럽연합,3766815,3194301,17.92
2025-02,D20,imp:일본,3110425,2533815,22.76
2025-02,D20,imp:정밀기기,978697,822960,18.92
2025-02,D20,imp:중국,6543548,6657788,-1.72
2025-02,D20,imp:호주,1632761,1355066,20.49
2025-02,FULL,exp:TOTAL,52292301,52076390,0.41
2025-02,FULL,exp:가전제품,603499,716519,-15.77
2025-02,FULL,exp:대만,2751970,1531945,79.64
2025-02,FULL,exp:말레이시아,1033844,938591,10.15
2025-02,FULL,exp:무선통신기기,1145297,1252575,-8.56
2025-02,FULL,exp:미국,9889640,9809053,0.82
2025-02,FULL,exp:반도체,9795611,10051003,-2.54
2025-02,FULL,exp:베트남,4733818,4207880,12.50
2025-02,FULL,exp:석유제품,3908568,4472387,-12.61
2025-02,FULL,exp:선박,1472970,1645263,-10.47
2025-02,FULL,exp:승용차,5848945,4926226,18.73
2025-02,FULL,exp:싱가포르,1629460,1116630,45.93
2025-02,FULL,exp:유럽연합,5072726,5663444,-10.43
2025-02,FULL,exp:인도,1595804,1474545,8.22
2025-02,FULL,exp:일본,2265014,2374211,-4.60
2025-02,FULL,exp:자동차부품,1808863,1880966,-3.83
2025-02,FULL,exp:정밀기기,934408,865522,7.96
2025-02,FULL,exp:중국,9505605,9644037,-1.44
2025-02,FULL,exp:철강제품,3778184,3855480,-2.00
2025-02,FULL,exp:컴퓨터주변기기,963189,749509,28.51
2025-02,FULL,exp:홍콩,1888440,2983274,-36.70
2025-02,FULL,imp:TOTAL,48328741,48221860,0.22
2025-02,FULL,imp:가스,2279012,3130106,-27.19
2025-02,FULL,imp:기계류,2384598,2105253,13.27
2025-02,FULL,imp:대만,2396498,2191751,9.34
2025-02,FULL,imp:러시아 연방,485544,603016,-19.48
2025-02,FULL,imp:말레이시아,1379681,1116085,23.62
2025-02,FULL,imp:무선통신기기,563948,568930,-0.88
2025-02,FULL,imp:미국,5739598,5612523,2.26
2025-02,FULL,imp:반도체,5784406,5505160,5.07
2025-02,FULL,imp:반도체제조용장비,2235109,1674143,33.51
2025-02,FULL,imp:베트남,2264974,2127367,6.47
2025-02,FULL,imp:사우디아라비아,2366254,2367819,-0.07
2025-02,FULL,imp:석유제품,1924540,1848834,4.09
2025-02,FULL,imp:석탄,1019634,1515628,-32.73
2025-02,FULL,imp:승용차,726628,919242,-20.95
2025-02,FULL,imp:원유,6128159,7383957,-17.01
2025-02,FULL,imp:유럽연합,5131147,4777785,7.40
2025-02,FULL,imp:일본,4192448,3722298,12.63
2025-02,FULL,imp:정밀기기,1357506,1199398,13.18
2025-02,FULL,imp:중국,9485141,9429123,0.59
2025-02,FULL,imp:호주,2340709,2338063,0.11
2025-03,D10,exp:TOTAL,13798090,13481826,2.35
2025-03,D10,exp:가전제품,146652,179889,-18.48
2025-03,D10,exp:대만,593297,439054,35.13
2025-03,D10,exp:말레이시아,216707,169292,28.01
2025-03,D10,exp:무선통신기기,451641,387940,16.42
2025-03,D10,exp:미국,2466535,2351337,4.90
2025-03,D10,exp:반도체,2750586,2750362,0.01
2025-03,D10,exp:베트남,1344937,1261161,6.64
2025-03,D10,exp:석유제품,987011,1010248,-2.30
2025-03,D10,exp:선박,1222229,787437,55.22
2025-03,D10,exp:승용차,1205666,1135906,6.14
2025-03,D10,exp:싱가포르,688309,526945,30.62
2025-03,D10,exp:유럽연합,1541458,1461179,5.49
2025-03,D10,exp:인도,389770,355782,9.55
2025-03,D10,exp:일본,546923,521288,4.92
2025-03,D10,exp:자동차부품,436837,472652,-7.58
2025-03,D10,exp:정밀기기,216006,233812,-7.62
2025-03,D10,exp:중국,2692843,2891951,-6.88
2025-03,D10,exp:철강제품,833473,915141,-8.92
2025-03,D10,exp:컴퓨터주변기기,173185,204456,-15.29
2025-03,D10,exp:홍콩,441047,582526,-24.29
2025-03,D10,imp:TOTAL,15920967,14828173,7.37
2025-03,D10,imp:가스,800996,710121,12.80
2025-03,D10,imp:기계류,642605,694662,-7.49
2025-03,D10,imp:대만,876773,647928,35.32
2025-03,D10,imp:러시아 연방,120624,135372,-10.89
2025-03,D10,imp:말레이시아,311385,312762,-0.44
2025-03,D10,imp:무선통신기기,193765,186239,4.04
2025-03,D10,imp:미국,1664460,1726117,-3.57
2025-03,D10,imp:반도체,1997137,1768938,12.90
2025-03,D10,imp:반도체제조용장비,930116,474536,96.01
2025-03,D10,imp:베트남,783710,656962,19.29
2025-03,D10,imp:사우디아라비아,825934,834256,-1.00
2025-03,D10,imp:석유제품,565691,700363,-19.23
2025-03,D10,imp:석탄,193978,438102,-55.72
2025-03,D10,imp:승용차,374510,261159,43.40
2025-03,D10,imp:원유,2304083,2212444,4.14
2025-03,D10,imp:유럽연합,1764416,1358655,29.86
2025-03,D10,imp:일본,1295186,1178824,9.87
2025-03,D10,imp:정밀기기,440853,390612,12.86
2025-03,D10,imp:중국,3239317,3108439,4.21
2025-03,D10,imp:호주,727686,608099,19.67
2025-03,D20,exp:TOTAL,35436582,34008930,4.20
2025-03,D20,exp:가전제품,355099,461653,-23.08
2025-03,D20,exp:대만,1850075,1061857,74.23
2025-03,D20,exp:말레이시아,554609,468020,18.50
2025-03,D20,exp:무선통신기기,946188,845137,11.96
2025-03,D20,exp:미국,6706878,6524736,2.79
2025-03,D20,exp:반도체,7070184,6335694,11.59
2025-03,D20,exp:베트남,3233852,3113950,3.85
2025-03,D20,exp:석유제품,2114983,2842956,-25.61
2025-03,D20,exp:선박,2227638,1237534,80.01
2025-03,D20,exp:승용차,3297757,3181426,3.66
2025-03,D20,exp:싱가포르,1202558,1139825,5.50
2025-03,D20,exp:유럽연합,4214794,3657889,15.22
2025-03,D20,exp:인도,984148,1012803,-2.83
2025-03,D20,exp:일본,1361503,1334747,2.00
2025-03,D20,exp:자동차부품,1182877,1257285,-5.92
2025-03,D20,exp:정밀기기,583409,586117,-0.46
2025-03,D20,exp:중국,6374992,6644518,-4.06
2025-03,D20,exp:철강제품,2274120,2556703,-11.05
2025-03,D20,exp:컴퓨터주변기기,603470,535580,12.68
2025-03,D20,exp:홍콩,1214917,1457161,-16.62
2025-03,D20,imp:TOTAL,34383403,34890400,-1.45
2025-03,D20,imp:가스,1881279,1666896,12.86
2025-03,D20,imp:기계류,1605166,1695606,-5.33
2025-03,D20,imp:대만,1876535,1418563,32.28
2025-03,D20,imp:러시아 연방,293525,401438,-26.88
2025-03,D20,imp:말레이시아,827250,665877,24.23
2025-03,D20,imp:무선통신기기,468815,488033,-3.94
2025-03,D20,imp:미국,3538813,4082571,-13.32
2025-03,D20,imp:반도체,4326887,4050407,6.83
2025-03,D20,imp:반도체제조용장비,1888222,1147236,64.59
2025-03,D20,imp:베트남,1742442,1549200,12.47
2025-03,D20,imp:사우디아라비아,1312248,1652419,-20.59
2025-03,D20,imp:석유제품,1369612,1532699,-10.64
2025-03,D20,imp:석탄,515858,889295,-41.99
2025-03,D20,imp:승용차,742308,628630,18.08
2025-03,D20,imp:원유,3695376,4581055,-19.33
2025-03,D20,imp:유럽연합,3768545,3565798,5.69
2025-03,D20,imp:일본,3015741,2712412,11.18
2025-03,D20,imp:정밀기기,978491,903225,8.33
2025-03,D20,imp:중국,7332959,7631434,-3.91
2025-03,D20,imp:호주,1605548,1481688,8.36
2025-03,FULL,exp:TOTAL,58064562,56518309,2.74
2025-03,FULL,exp:가전제품,567422,737465,-23.06
2025-03,FULL,exp:대만,3820712,1988528,92.14
2025-03,FULL,exp:말레이시아,980220,805262,21.73
2025-03,FULL,exp:무선통신기기,1392090,1302894,6.85
2025-03,FULL,exp:미국,11109476,10880793,2.10
2025-03,FULL,exp:반도체,13196760,11828220,11.57
2025-03,FULL,exp:베트남,5025872,4830494,4.04
2025-03,FULL,exp:석유제품,3324448,4684902,-29.04
2025-03,FULL,exp:선박,3062292,2010119,52.34
2025-03,FULL,exp:승용차,6011597,5895260,1.97
2025-03,FULL,exp:싱가포르,1894030,1950908,-2.92
2025-03,FULL,exp:유럽연합,6258648,5705361,9.70
2025-03,FULL,exp:인도,1502347,1512489,-0.67
2025-03,FULL,exp:일본,2158842,2127249,1.49
2025-03,FULL,exp:자동차부품,1793278,1843098,-2.70
2025-03,FULL,exp:정밀기기,900999,913231,-1.34
2025-03,FULL,exp:중국,10057086,10520355,-4.40
2025-03,FULL,exp:철강제품,3874596,4088495,-5.23
2025-03,FULL,exp:컴퓨터주변기기,1348200,1023607,31.71
2025-03,FULL,exp:홍콩,2681760,3698705,-27.49
2025-03,FULL,imp:TOTAL,53341032,52112905,2.36
2025-03,FULL,imp:가스,2913061,2638694,10.40
2025-03,FULL,imp:기계류,2527531,2450052,3.16
2025-03,FULL,imp:대만,2912365,2129274,36.78
2025-03,FULL,imp:러시아 연방,436418,557421,-21.71
2025-03,FULL,imp:말레이시아,1184820,1061066,11.66
2025-03,FULL,imp:무선통신기기,661538,702683,-5.86
2025-03,FULL,imp:미국,5391830,5975811,-9.77
2025-03,FULL,imp:반도체,6542021,5913020,10.64
2025-03,FULL,imp:반도체제조용장비,3258472,1760691,85.07
2025-03,FULL,imp:베트남,2604697,2314000,12.56
2025-03,FULL,imp:사우디아라비아,2400642,2608414,-7.97
2025-03,FULL,imp:석유제품,1918554,2259952,-15.11
2025-03,FULL,imp:석탄,884296,1352164,-34.60
2025-03,FULL,imp:승용차,1117772,1027522,8.78
2025-03,FULL,imp:원유,6282822,6922310,-9.24
2025-03,FULL,imp:유럽연합,6143867,5557457,10.55
2025-03,FULL,imp:일본,4579729,4080885,12.22
2025-03,FULL,imp:정밀기기,1461599,1391834,5.01
2025-03,FULL,imp:중국,11377002,11409748,-0.29
2025-03,FULL,imp:호주,2550488,2401773,6.19
2025-04,D10,exp:TOTAL,18444823,16351815,12.80
2025-04,D10,exp:가전제품,214993,276639,-22.28
2025-04,D10,exp:대만,761952,592113,28.68
2025-04,D10,exp:말레이시아,342451,225468,51.88
2025-04,D10,exp:무선통신기기,490722,448641,9.38
2025-04,D10,exp:미국,3459434,3495634,-1.04
2025-04,D10,exp:반도체,3394493,2572297,31.96
2025-04,D10,exp:베트남,1702574,1490496,14.23
2025-04,D10,exp:석유제품,1264689,1359830,-7.00
2025-04,D10,exp:선박,643529,81586,688.77
2025-04,D10,exp:승용차,1830140,1640356,11.57
2025-04,D10,exp:싱가포르,525375,347456,51.21
2025-04,D10,exp:유럽연합,2171628,1690677,28.45
2025-04,D10,exp:인도,539622,486980,10.81
2025-04,D10,exp:일본,865874,862904,0.34
2025-04,D10,exp:자동차부품,706082,640044,10.32
2025-04,D10,exp:정밀기기,323956,307619,5.31
2025-04,D10,exp:중국,3501528,3231732,8.35
2025-04,D10,exp:철강제품,1298966,1247392,4.13
2025-04,D10,exp:컴퓨터주변기기,222733,259251,-14.09
2025-04,D10,exp:홍콩,527691,485607,8.67
2025-04,D10,imp:TOTAL,19622217,18467781,6.25
2025-04,D10,imp:가스,714458,898820,-20.51
2025-04,D10,imp:기계류,1003344,909867,10.27
2025-04,D10,imp:대만,932400,758573,22.91
2025-04,D10,imp:러시아 연방,202498,231246,-12.43
2025-04,D10,imp:말레이시아,490517,392045,25.12
2025-04,D10,imp:무선통신기기,302461,337550,-10.40
2025-04,D10,imp:미국,2283909,2231713,2.34
2025-04,D10,imp:반도체,2445532,2116642,15.54
2025-04,D10,imp:반도체제조용장비,706922,642185,10.08
2025-04,D10,imp:베트남,919962,770246,19.44
2025-04,D10,imp:사우디아라비아,877451,749096,17.13
2025-04,D10,imp:석유제품,707788,763013,-7.24
2025-04,D10,imp:석탄,356381,477597,-25.38
2025-04,D10,imp:승용차,470390,331955,41.70
2025-04,D10,imp:원유,2614052,2413029,8.33
2025-04,D10,imp:유럽연합,1530563,1884096,-18.76
2025-04,D10,imp:일본,1793351,1557536,15.14
2025-04,D10,imp:정밀기기,559702,510161,9.71
2025-04,D10,imp:중국,4541642,4335604,4.75
2025-04,D10,imp:호주,1022891,852997,19.92
2025-04,D20,exp:TOTAL,33718845,35745087,-5.67
2025-04,D20,exp:가전제품,374316,534008,-29.90
2025-04,D20,exp:대만,1505958,1234289,22.01
2025-04,D20,exp:말레이시아,533799,570566,-6.44
2025-04,D20,exp:무선통신기기,914781,919798,-0.55
2025-04,D20,exp:미국,6160152,7212556,-14.59
2025-04,D20,exp:반도체,6471961,5845510,10.72
2025-04,D20,exp:베트남,3057233,3061735,-0.15
2025-04,D20,exp:석유제품,2146809,2825625,-24.02
2025-04,D20,exp:선박,1008645,1114562,-9.50
2025-04,D20,exp:승용차,3662348,3925128,-6.69
2025-04,D20,exp:싱가포르,890383,869570,2.39
2025-04,D20,exp:유럽연합,3978838,3524581,12.89
2025-04,D20,exp:인도,1052521,1014134,3.79
2025-04,D20,exp:일본,1493893,1756600,-14.96
2025-04,D20,exp:자동차부품,1203792,1226422,-1.85
2025-04,D20,exp:정밀기기,573607,609527,-5.89
2025-04,D20,exp:중국,6606915,6857959,-3.66
2025-04,D20,exp:철강제품,2404359,2644750,-9.09
2025-04,D20,exp:컴퓨터주변기기,440859,574259,-23.23
2025-04,D20,exp:홍콩,1124309,1451021,-22.52
2025-04,D20,imp:TOTAL,33941553,38575924,-12.01
2025-04,D20,imp:가스,1659084,2134260,-22.26
2025-04,D20,imp:기계류,1693086,1737147,-2.54
2025-04,D20,imp:대만,1546046,1562810,-1.07
2025-04,D20,imp:러시아 연방,330292,340021,-2.86
2025-04,D20,imp:말레이시아,799671,770553,3.78
2025-04,D20,imp:무선통신기기,459298,563702,-18.52
2025-04,D20,imp:미국,4011967,4458345,-10.01
2025-04,D20,imp:반도체,4015446,4097931,-2.01
2025-04,D20,imp:반도체제조용장비,1268485,1154555,9.87
2025-04,D20,imp:베트남,1651010,1552004,6.38
2025-04,D20,imp:사우디아라비아,1309686,2310412,-43.31
2025-04,D20,imp:석유제품,1190847,1621422,-26.56
2025-04,D20,imp:석탄,604899,906151,-33.25
2025-04,D20,imp:승용차,699276,914410,-23.53
2025-04,D20,imp:원유,4275937,6150161,-30.47
2025-04,D20,imp:유럽연합,3037393,3668504,-17.20
2025-04,D20,imp:일본,2921476,2832079,3.16
2025-04,D20,imp:정밀기기,957142,926392,3.32
2025-04,D20,imp:중국,7650505,8278483,-7.59
2025-04,D20,imp:호주,1804576,1932725,-6.63
2025-04,FULL,exp:TOTAL,58035745,56148299,3.36
2025-04,FULL,exp:가전제품,659422,807984,-18.39
2025-04,FULL,exp:대만,3302394,2086951,58.24
2025-04,FULL,exp:말레이시아,868690,862003,0.78
2025-04,FULL,exp:무선통신기기,1402528,1319708,6.28
2025-04,FULL,exp:미국,10605998,11400587,-6.97
2025-04,FULL,exp:반도체,11803393,10098828,16.88
2025-04,FULL,exp:베트남,4836983,4552004,6.26
2025-04,FULL,exp:석유제품,3696099,4367812,-15.38
2025-04,FULL,exp:선박,1845260,1595345,15.67
2025-04,FULL,exp:승용차,6298092,6571649,-4.16
2025-04,FULL,exp:싱가포르,1449396,1355784,6.90
2025-04,FULL,exp:유럽연합,6621594,5649026,17.22
2025-04,FULL,exp:인도,1702787,1568004,8.60
2025-04,FULL,exp:일본,2304321,2438708,-5.51
2025-04,FULL,exp:자동차부품,1963757,1865845,5.25
2025-04,FULL,exp:정밀기기,942102,942337,-0.02
2025-04,FULL,exp:중국,10870289,10475410,3.77
2025-04,FULL,exp:철강제품,4360393,4043924,7.83
2025-04,FULL,exp:컴퓨터주변기기,829446,896911,-7.52
2025-04,FULL,exp:홍콩,2515707,2933525,-14.24
2025-04,FULL,imp:TOTAL,53232716,54821181,-2.90
2025-04,FULL,imp:가스,2727779,3097352,-11.93
2025-04,FULL,imp:기계류,2722987,2536606,7.35
2025-04,FULL,imp:대만,2318181,2298493,0.86
2025-04,FULL,imp:러시아 연방,618842,528178,17.17
2025-04,FULL,imp:말레이시아,1308252,1028087,27.25
2025-04,FULL,imp:무선통신기기,681667,787759,-13.47
2025-04,FULL,imp:미국,6139710,6012893,2.11
2025-04,FULL,imp:반도체,5961243,5894342,1.14
2025-04,FULL,imp:반도체제조용장비,2020661,1591705,26.95
2025-04,FULL,imp:베트남,2496615,2249764,10.97
2025-04,FULL,imp:사우디아라비아,2084771,2800137,-25.55
2025-04,FULL,imp:석유제품,1914684,1901128,0.71
2025-04,FULL,imp:석탄,934974,1520234,-38.50
2025-04,FULL,imp:승용차,1178414,1213167,-2.86
2025-04,FULL,imp:원유,6219241,7867501,-20.95
2025-04,FULL,imp:유럽연합,5041665,5320219,-5.24
2025-04,FULL,imp:일본,4477625,4130443,8.41
2025-04,FULL,imp:정밀기기,1483882,1364233,8.77
2025-04,FULL,imp:중국,12504100,12425106,0.64
2025-04,FULL,imp:호주,2771097,2975065,-6.86
2025-05,D10,exp:TOTAL,12824191,16844225,-23.87
2025-05,D10,exp:가전제품,119640,226564,-47.19
2025-05,D10,exp:대만,699249,610797,14.48
2025-05,D10,exp:말레이시아,243676,215769,12.93
2025-05,D10,exp:무선통신기기,396598,514744,-22.95
2025-05,D10,exp:미국,1985544,2862982,-30.65
2025-05,D10,exp:반도체,3417924,3000345,13.92
2025-05,D10,exp:베트남,1455983,1706106,-14.66
2025-05,D10,exp:석유제품,995574,1571089,-36.63
2025-05,D10,exp:선박,632597,686723,-7.88
2025-05,D10,exp:승용차,1121561,1461719,-23.27
2025-05,D10,exp:싱가포르,286750,470595,-39.07
2025-05,D10,exp:유럽연합,1142754,1846134,-38.10
2025-05,D10,exp:인도,384617,530475,-27.50
2025-05,D10,exp:일본,590695,847630,-30.31
2025-05,D10,exp:자동차부품,304651,531534,-42.68
2025-05,D10,exp:정밀기기,198223,325464,-39.10
2025-05,D10,exp:중국,2801447,3505364,-20.08
2025-05,D10,exp:철강제품,761170,1297926,-41.35
2025-05,D10,exp:컴퓨터주변기기,236742,362018,-34.60
2025-05,D10,exp:홍콩,432634,617013,-29.88
2025-05,D10,imp:TOTAL,14561462,17334408,-16.00
2025-05,D10,imp:가스,613504,880808,-30.35
2025-05,D10,imp:기계류,615951,799454,-22.95
2025-05,D10,imp:대만,824869,944771,-12.69
2025-05,D10,imp:러시아 연방,174964,143404,22.01
2025-05,D10,imp:말레이시아,365797,452766,-19.21
2025-05,D10,imp:무선통신기기,153821,211231,-27.18
2025-05,D10,imp:미국,1805472,2247667,-19.67
2025-05,D10,imp:반도체,1813762,1974316,-8.13
2025-05,D10,imp:반도체제조용장비,550556,497446,10.68
2025-05,D10,imp:베트남,719514,626812,14.79
2025-05,D10,imp:사우디아라비아,739649,985896,-24.98
2025-05,D10,imp:석유제품,435989,844981,-48.40
2025-05,D10,imp:석탄,228525,351299,-34.95
2025-05,D10,imp:승용차,343344,281200,22.10
2025-05,D10,imp:원유,2572065,2756576,-6.69
2025-05,D10,imp:유럽연합,1362664,1725661,-21.04
2025-05,D10,imp:일본,813017,1002047,-18.86
2025-05,D10,imp:정밀기기,356251,413274,-13.80
2025-05,D10,imp:중국,3210184,3853602,-16.70
2025-05,D10,imp:호주,591262,728005,-18.78
2025-05,D20,exp:TOTAL,31953120,32744481,-2.42
2025-05,D20,exp:가전제품,353986,441752,-19.87
2025-05,D20,exp:대만,1658461,1293026,28.26
2025-05,D20,exp:말레이시아,547582,426483,28.39
2025-05,D20,exp:무선통신기기,881997,937923,-5.96
2025-05,D20,exp:미국,5243821,6154533,-14.80
2025-05,D20,exp:반도체,7265549,6194388,17.29
2025-05,D20,exp:베트남,3158604,3068963,2.92
2025-05,D20,exp:석유제품,2212067,2924832,-24.37
2025-05,D20,exp:선박,1289371,1281921,0.58
2025-05,D20,exp:승용차,3077966,3288392,-6.40
2025-05,D20,exp:싱가포르,915347,1061475,-13.77
2025-05,D20,exp:유럽연합,3273462,3366970,-2.78
2025-05,D20,exp:인도,960129,993578,-3.37
2025-05,D20,exp:일본,1407655,1488581,-5.44
2025-05,D20,exp:자동차부품,901198,1008812,-10.67
2025-05,D20,exp:정밀기기,520396,535755,-2.87
2025-05,D20,exp:중국,6352286,6832030,-7.02
2025-05,D20,exp:철강제품,2115130,2404996,-12.05
2025-05,D20,exp:컴퓨터주변기기,604528,642059,-5.85
2025-05,D20,exp:홍콩,1167782,1118574,4.40
2025-05,D20,imp:TOTAL,32190873,33036932,-2.56
2025-05,D20,imp:가스,1450423,1602223,-9.47
2025-05,D20,imp:기계류,1470432,1472748,-0.16
2025-05,D20,imp:대만,1670478,1785849,-6.46
2025-05,D20,imp:러시아 연방,355237,257001,38.22
2025-05,D20,imp:말레이시아,730457,717132,1.86
2025-05,D20,imp:무선통신기기,377810,410491,-7.96
2025-05,D20,imp:미국,4305344,4401180,-2.18
2025-05,D20,imp:반도체,3887005,3822360,1.69
2025-05,D20,imp:반도체제조용장비,1059894,1034952,2.41
2025-05,D20,imp:베트남,1505091,1198447,25.59
2025-05,D20,imp:사우디아라비아,1394354,1784839,-21.88
2025-05,D20,imp:석유제품,1029667,1459599,-29.46
2025-05,D20,imp:석탄,490150,656433,-25.33
2025-05,D20,imp:승용차,802276,633658,26.61
2025-05,D20,imp:원유,4787129,5327551,-10.14
2025-05,D20,imp:유럽연합,3160915,3481796,-9.22
2025-05,D20,imp:일본,2151399,2098800,2.51
2025-05,D20,imp:정밀기기,839877,800257,4.95
2025-05,D20,imp:중국,7230970,7336424,-1.44
2025-05,D20,imp:호주,1572208,1397824,12.48
2025-05,FULL,exp:TOTAL,57261063,58020557,-1.31
2025-05,FULL,exp:가전제품,591566,747199,-20.83
2025-05,FULL,exp:대만,3773435,2516984,49.92
2025-05,FULL,exp:말레이시아,1026452,834675,22.98
2025-05,FULL,exp:무선통신기기,1388196,1557773,-10.89
2025-05,FULL,exp:미국,10036995,10930529,-8.17
2025-05,FULL,exp:반도체,13929723,11548564,20.62
2025-05,FULL,exp:베트남,5236200,5115764,2.35
2025-05,FULL,exp:석유제품,3646694,4555694,-19.95
2025-05,FULL,exp:선박,2166226,2048236,5.76
2025-05,FULL,exp:승용차,5939575,6292123,-5.60
2025-05,FULL,exp:싱가포르,1587493,1776947,-10.66
2025-05,FULL,exp:유럽연합,6044196,5815811,3.93
2025-05,FULL,exp:인도,1615438,1678333,-3.75
2025-05,FULL,exp:일본,2372099,2606050,-8.98
2025-05,FULL,exp:자동차부품,1602541,1749614,-8.41
2025-05,FULL,exp:정밀기기,861826,956457,-9.89
2025-05,FULL,exp:중국,10446428,11378217,-8.19
2025-05,FULL,exp:철강제품,3789307,4187795,-9.52
2025-05,FULL,exp:컴퓨터주변기기,1244659,1183022,5.21
2025-05,FULL,exp:홍콩,2855506,2706663,5.50
2025-05,FULL,imp:TOTAL,50345116,53132937,-5.25
2025-05,FULL,imp:가스,2570301,2594319,-0.93
2025-05,FULL,imp:기계류,2401853,2379574,0.94
2025-05,FULL,imp:대만,2436079,2792061,-12.75
2025-05,FULL,imp:러시아 연방,510577,619769,-17.62
2025-05,FULL,imp:말레이시아,1103601,1016349,8.58
2025-05,FULL,imp:무선통신기기,625884,712015,-12.10
2025-05,FULL,imp:미국,6773649,6375264,6.25
2025-05,FULL,imp:반도체,5756797,5964209,-3.48
2025-05,FULL,imp:반도체제조용장비,1896288,1503005,26.17
2025-05,FULL,imp:베트남,2366380,2040070,16.00
2025-05,FULL,imp:사우디아라비아,2054506,3040380,-32.43
2025-05,FULL,imp:석유제품,1511823,2157385,-29.92
2025-05,FULL,imp:석탄,805546,1177139,-31.57
2025-05,FULL,imp:승용차,1382704,1183589,16.82
2025-05,FULL,imp:원유,6771646,7878531,-14.05
2025-05,FULL,imp:유럽연합,5246886,5380384,-2.48
2025-05,FULL,imp:일본,3558731,3443526,3.35
2025-05,FULL,imp:정밀기기,1330298,1297474,2.53
2025-05,FULL,imp:중국,11339130,12287459,-7.72
2025-05,FULL,imp:호주,2473402,2271405,8.89
2025-06,D10,exp:TOTAL,15400571,14683823,4.88
2025-06,D10,exp:가전제품,141520,202936,-30.26
2025-06,D10,exp:대만,803061,575472,39.55
2025-06,D10,exp:말레이시아,309093,198801,55.48
2025-06,D10,exp:무선통신기기,294700,518259,-43.14
2025-06,D10,exp:미국,2938135,2837556,3.54
2025-06,D10,exp:반도체,3619434,2974252,21.69
2025-06,D10,exp:베트남,1394052,1539462,-9.45
2025-06,D10,exp:석유제품,1146079,1395778,-17.89
2025-06,D10,exp:선박,892638,725916,22.97
2025-06,D10,exp:승용차,1294923,1199200,7.98
2025-06,D10,exp:싱가포르,474396,533800,-11.13
2025-06,D10,exp:유럽연합,1477606,1312062,12.62
2025-06,D10,exp:인도,447377,399766,11.91
2025-06,D10,exp:일본,589326,684013,-13.84
2025-06,D10,exp:자동차부품,484126,432335,11.98
2025-06,D10,exp:정밀기기,227935,225111,1.25
2025-06,D10,exp:중국,3070702,2975162,3.21
2025-06,D10,exp:철강제품,945477,980464,-3.57
2025-06,D10,exp:컴퓨터주변기기,258238,186584,38.40
2025-06,D10,exp:홍콩,565711,386014,46.55
2025-06,D10,imp:TOTAL,17215610,15410057,11.72
2025-06,D10,imp:가스,773627,576897,34.10
2025-06,D10,imp:기계류,830199,710347,16.87
2025-06,D10,imp:대만,935262,800079,16.90
2025-06,D10,imp:러시아 연방,101594,149312,-31.96
2025-06,D10,imp:말레이시아,397034,417071,-4.80
2025-06,D10,imp:무선통신기기,246548,169859,45.15
2025-06,D10,imp:미국,2034446,1688918,20.46
2025-06,D10,imp:반도체,2209404,1913469,15.47
2025-06,D10,imp:반도체제조용장비,665120,610965,8.86
2025-06,D10,imp:베트남,883511,652941,35.31
2025-06,D10,imp:사우디아라비아,692464,786787,-11.99
2025-06,D10,imp:석유제품,603026,631159,-4.46
2025-06,D10,imp:석탄,205876,408488,-49.60
2025-06,D10,imp:승용차,380705,220747,72.46
2025-06,D10,imp:원유,2121651,2305882,-7.99
2025-06,D10,imp:유럽연합,1832719,1700300,7.79
2025-06,D10,imp:일본,1368511,1148712,19.13
2025-06,D10,imp:정밀기기,505789,405913,24.61
2025-06,D10,imp:중국,3826703,3349053,14.26
2025-06,D10,imp:호주,656181,764632,-14.18
2025-06,D20,exp:TOTAL,38659030,35696916,8.30
2025-06,D20,exp:가전제품,354543,480657,-26.24
2025-06,D20,exp:대만,2235035,1526277,46.44
2025-06,D20,exp:말레이시아,731769,554273,32.02
2025-06,D20,exp:무선통신기기,718611,1074610,-33.13
2025-06,D20,exp:미국,7406663,7117249,4.07
2025-06,D20,exp:반도체,8846348,7274456,21.61
2025-06,D20,exp:베트남,3382175,3533595,-4.29
2025-06,D20,exp:석유제품,2644141,2567126,3.00
2025-06,D20,exp:선박,1583188,1066905,48.39
2025-06,D20,exp:승용차,3653575,3349374,9.08
2025-06,D20,exp:싱가포르,862304,886182,-2.69
2025-06,D20,exp:유럽연합,4087757,3318183,23.19
2025-06,D20,exp:인도,1124252,1002028,12.20
2025-06,D20,exp:일본,1620688,1593143,1.73
2025-06,D20,exp:자동차부품,1221088,1160835,5.19
2025-06,D20,exp:정밀기기,586333,566999,3.41
2025-06,D20,exp:중국,6981155,7039054,-0.82
2025-06,D20,exp:철강제품,2484227,2451977,1.32
2025-06,D20,exp:컴퓨터주변기기,779684,588047,32.59
2025-06,D20,exp:홍콩,1663170,1277509,30.19
2025-06,D20,imp:TOTAL,36124960,34243160,5.50
2025-06,D20,imp:가스,1596489,1465527,8.94
2025-06,D20,imp:기계류,1815763,1668809,8.81
2025-06,D20,imp:대만,2015689,1576484,27.86
2025-06,D20,imp:러시아 연방,250764,325949,-23.07
2025-06,D20,imp:말레이시아,868467,872593,-0.47
2025-06,D20,imp:무선통신기기,539462,517476,4.25
2025-06,D20,imp:미국,4398175,4191429,4.93
2025-06,D20,imp:반도체,4569462,3839414,19.01
2025-06,D20,imp:반도체제조용장비,1409008,1215354,15.93
2025-06,D20,imp:베트남,1738145,1485109,17.04
2025-06,D20,imp:사우디아라비아,1858028,1460195,27.25
2025-06,D20,imp:석유제품,1246114,1503770,-17.13
2025-06,D20,imp:석탄,555625,778519,-28.63
2025-06,D20,imp:승용차,810507,597430,35.67
2025-06,D20,imp:원유,4577913,4545450,0.71
2025-06,D20,imp:유럽연합,3788727,3843860,-1.43
2025-06,D20,imp:일본,2843438,2533043,12.25
2025-06,D20,imp:정밀기기,1020392,885839,15.19
2025-06,D20,imp:중국,7993375,7728083,3.43
2025-06,D20,imp:호주,1418694,1583401,-10.40
2025-06,FULL,exp:TOTAL,59833797,57341634,4.35
2025-06,FULL,exp:가전제품,544959,717811,-24.08
2025-06,FULL,exp:대만,4348540,3314386,31.20
2025-06,FULL,exp:말레이시아,1031925,841755,22.59
2025-06,FULL,exp:무선통신기기,981636,1570229,-37.48
2025-06,FULL,exp:미국,11208004,11295693,-0.78
2025-06,FULL,exp:반도체,15138595,13617989,11.17
2025-06,FULL,exp:베트남,4936225,5124412,-3.67
2025-06,FULL,exp:석유제품,3785438,3721189,1.73
2025-06,FULL,exp:선박,2332840,1412705,65.13
2025-06,FULL,exp:승용차,5995652,6018509,-0.38
2025-06,FULL,exp:싱가포르,1529376,1419483,7.74
2025-06,FULL,exp:유럽연합,5785913,5057021,14.41
2025-06,FULL,exp:인도,1582585,1554083,1.83
2025-06,FULL,exp:일본,2440273,2382041,2.44
2025-06,FULL,exp:자동차부품,1715525,1685582,1.78
2025-06,FULL,exp:정밀기기,889037,865675,2.70
2025-06,FULL,exp:중국,10424044,10706131,-2.63
2025-06,FULL,exp:철강제품,3694192,3802935,-2.86
2025-06,FULL,exp:컴퓨터주변기기,1459274,1286149,13.46
2025-06,FULL,exp:홍콩,3181149,3430045,-7.26
2025-06,FULL,imp:TOTAL,50825746,49090193,3.54
2025-06,FULL,imp:가스,2077662,2238659,-7.19
2025-06,FULL,imp:기계류,2680285,2359061,13.62
2025-06,FULL,imp:대만,2829567,2175690,30.05
2025-06,FULL,imp:러시아 연방,410072,453789,-9.63
2025-06,FULL,imp:말레이시아,1242515,1135523,9.42
2025-06,FULL,imp:무선통신기기,763606,730390,4.55
2025-06,FULL,imp:미국,5986429,5496912,8.91
2025-06,FULL,imp:반도체,6421810,5233838,22.70
2025-06,FULL,imp:반도체제조용장비,2293656,1652259,38.82
2025-06,FULL,imp:베트남,2545012,2201439,15.61
2025-06,FULL,imp:사우디아라비아,2313436,2405558,-3.83
2025-06,FULL,imp:석유제품,1475770,2197984,-32.86
2025-06,FULL,imp:석탄,856523,1159664,-26.14
2025-06,FULL,imp:승용차,1106181,1030840,7.31
2025-06,FULL,imp:원유,5693754,6623624,-14.04
2025-06,FULL,imp:유럽연합,5714314,5643158,1.26
2025-06,FULL,imp:일본,4054965,3507948,15.59
2025-06,FULL,imp:정밀기기,1511096,1284909,17.60
2025-06,FULL,imp:중국,11498332,10941026,5.09
2025-06,FULL,imp:호주,2103128,2369177,-11.23
2025-07,D10,exp:TOTAL,19385119,17723084,9.38
2025-07,D10,exp:가전제품,202251,252465,-19.89
2025-07,D10,exp:대만,938531,678908,38.24
2025-07,D10,exp:말레이시아,371850,343140,8.37
2025-07,D10,exp:무선통신기기,407667,476568,-14.46
2025-07,D10,exp:미국,3432784,3230716,6.25
2025-07,D10,exp:반도체,3824839,3392657,12.74
2025-07,D10,exp:베트남,1790444,1751063,2.25
2025-07,D10,exp:석유제품,1427336,1424865,0.17
2025-07,D10,exp:선박,881731,378636,132.87
2025-07,D10,exp:승용차,1796507,1589141,13.05
2025-07,D10,exp:싱가포르,522865,486955,7.37
2025-07,D10,exp:유럽연합,1950718,1888162,3.31
2025-07,D10,exp:인도,553914,541183,2.35
2025-07,D10,exp:일본,825218,753921,9.46
2025-07,D10,exp:자동차부품,699035,686209,1.87
2025-07,D10,exp:정밀기기,294732,271316,8.63
2025-07,D10,exp:중국,3739956,3516346,6.36
2025-07,D10,exp:철강제품,1296503,1245727,4.08
2025-07,D10,exp:컴퓨터주변기기,283786,250712,13.19
2025-07,D10,exp:홍콩,453565,790730,-42.64
2025-07,D10,imp:TOTAL,19998174,19642899,1.81
2025-07,D10,imp:가스,878642,732814,19.90
2025-07,D10,imp:기계류,1010199,862297,17.15
2025-07,D10,imp:대만,926978,1018882,-9.02
2025-07,D10,imp:러시아 연방,264852,147943,79.02
2025-07,D10,imp:말레이시아,467908,450327,3.90
2025-07,D10,imp:무선통신기기,323397,402076,-19.57
2025-07,D10,imp:미국,2446920,2821597,-13.28
2025-07,D10,imp:반도체,2379022,2491048,-4.50
2025-07,D10,imp:반도체제조용장비,703199,630206,11.58
2025-07,D10,imp:베트남,946981,864726,9.51
2025-07,D10,imp:사우디아라비아,822259,865911,-5.04
2025-07,D10,imp:석유제품,502119,691201,-27.36
2025-07,D10,imp:석탄,435170,472280,-7.86
2025-07,D10,imp:승용차,436987,414552,5.41
2025-07,D10,imp:원유,2472204,2348125,5.28
2025-07,D10,imp:유럽연합,2170116,1832980,18.39
2025-07,D10,imp:일본,1604667,1502247,6.82
2025-07,D10,imp:정밀기기,609225,571129,6.67
2025-07,D10,imp:중국,4666860,4565477,2.22
2025-07,D10,imp:호주,982993,576952,70.38
2025-07,D20,exp:TOTAL,36058354,36881422,-2.23
2025-07,D20,exp:가전제품,400268,506242,-20.93
2025-07,D20,exp:대만,1970674,1516968,29.91
2025-07,D20,exp:말레이시아,635442,625041,1.66
2025-07,D20,exp:무선통신기기,805963,973634,-17.22
2025-07,D20,exp:미국,6421308,6553370,-2.02
2025-07,D20,exp:반도체,7880336,6774622,16.32
2025-07,D20,exp:베트남,3403204,3343944,1.77
2025-07,D20,exp:석유제품,2557351,3050268,-16.16
2025-07,D20,exp:선박,1432700,527921,171.39
2025-07,D20,exp:승용차,3626578,3491826,3.86
2025-07,D20,exp:싱가포르,939104,1032701,-9.06
2025-07,D20,exp:유럽연합,3811142,3705093,2.86
2025-07,D20,exp:인도,1043592,1015757,2.74
2025-07,D20,exp:일본,1507047,1595317,-5.53
2025-07,D20,exp:자동차부품,1163635,1271812,-8.51
2025-07,D20,exp:정밀기기,527081,563224,-6.42
2025-07,D20,exp:중국,6883369,7309725,-5.83
2025-07,D20,exp:철강제품,2382438,2642261,-9.83
2025-07,D20,exp:컴퓨터주변기기,614378,667075,-7.90
2025-07,D20,exp:홍콩,1009004,1516861,-33.48
2025-07,D20,imp:TOTAL,35608935,37209823,-4.30
2025-07,D20,imp:가스,1581402,1708519,-7.44
2025-07,D20,imp:기계류,1703728,1599024,6.55
2025-07,D20,imp:대만,1799956,1790905,0.51
2025-07,D20,imp:러시아 연방,415417,335983,23.64
2025-07,D20,imp:말레이시아,782238,738989,5.85
2025-07,D20,imp:무선통신기기,602466,655378,-8.07
2025-07,D20,imp:미국,4387545,6127553,-28.40
2025-07,D20,imp:반도체,4198561,4224354,-0.61
2025-07,D20,imp:반도체제조용장비,1371157,1067494,28.45
2025-07,D20,imp:베트남,1751378,1646927,6.34
2025-07,D20,imp:사우디아라비아,1689869,1928290,-12.36
2025-07,D20,imp:석유제품,1269348,1470363,-13.67
2025-07,D20,imp:석탄,771427,810141,-4.78
2025-07,D20,imp:승용차,779070,787327,-1.05
2025-07,D20,imp:원유,4712688,5304573,-11.16
2025-07,D20,imp:유럽연합,3681586,3386190,8.72
2025-07,D20,imp:일본,2762601,2740012,0.82
2025-07,D20,imp:정밀기기,1020696,986910,3.42
2025-07,D20,imp:중국,8069547,8072509,-0.04
2025-07,D20,imp:호주,1689532,1313718,28.61
2025-07,FULL,exp:TOTAL,60724322,57458788,5.68
2025-07,FULL,exp:가전제품,702744,802783,-12.46
2025-07,FULL,exp:대만,4652836,2773161,67.78
2025-07,FULL,exp:말레이시아,1049177,944802,11.05
2025-07,FULL,exp:무선통신기기,1356219,1489947,-8.98
2025-07,FULL,exp:미국,10333446,10184399,1.46
2025-07,FULL,exp:반도체,14900808,11413079,30.56
2025-07,FULL,exp:베트남,5540385,4968830,11.50
2025-07,FULL,exp:석유제품,4271110,4521513,-5.54
2025-07,FULL,exp:선박,2115617,988217,114.08
2025-07,FULL,exp:승용차,5492658,5168203,6.28
2025-07,FULL,exp:싱가포르,1795829,1443110,24.44
2025-07,FULL,exp:유럽연합,6025444,5545655,8.65
2025-07,FULL,exp:인도,1781514,1616303,10.22
2025-07,FULL,exp:일본,2483646,2597690,-4.39
2025-07,FULL,exp:자동차부품,1825083,1995921,-8.56
2025-07,FULL,exp:정밀기기,893140,872338,2.38
2025-07,FULL,exp:중국,11047812,11388071,-2.99
2025-07,FULL,exp:철강제품,4188696,4164877,0.57
2025-07,FULL,exp:컴퓨터주변기기,1112993,1340198,-16.95
2025-07,FULL,exp:홍콩,2348329,2594654,-9.49
2025-07,FULL,imp:TOTAL,54210371,53838742,0.69
2025-07,FULL,imp:가스,2370997,2380679,-0.41
2025-07,FULL,imp:기계류,2619211,2332841,12.28
2025-07,FULL,imp:대만,2944924,2555217,15.25
2025-07,FULL,imp:러시아 연방,731246,502587,45.50
2025-07,FULL,imp:말레이시아,1213124,1048847,15.66
2025-07,FULL,imp:무선통신기기,990051,928254,6.66
2025-07,FULL,imp:미국,6418521,7921852,-18.98
2025-07,FULL,imp:반도체,6726949,6149340,9.39
2025-07,FULL,imp:반도체제조용장비,1977235,1547026,27.81
2025-07,FULL,imp:베트남,2879055,2493154,15.48
2025-07,FULL,imp:사우디아라비아,2241789,2760011,-18.78
2025-07,FULL,imp:석유제품,1977058,2098138,-5.77
2025-07,FULL,imp:석탄,1248321,1303344,-4.22
2025-07,FULL,imp:승용차,1305393,1191005,9.60
2025-07,FULL,imp:원유,6044226,7214521,-16.22
2025-07,FULL,imp:유럽연합,5865480,5080832,15.44
2025-07,FULL,imp:일본,4103441,4107365,-0.10
2025-07,FULL,imp:정밀기기,1552555,1453100,6.84
2025-07,FULL,imp:중국,12422355,11942846,4.02
2025-07,FULL,imp:호주,2574826,1874512,37.36
2025-08,D10,exp:TOTAL,14646230,15369466,-4.71
2025-08,D10,exp:가전제품,124222,216615,-42.65
2025-08,D10,exp:대만,1151732,782574,47.17
2025-08,D10,exp:말레이시아,264801,283321,-6.54
2025-08,D10,exp:무선통신기기,517507,542079,-4.53
2025-08,D10,exp:미국,2049105,2411503,-15.03
2025-08,D10,exp:반도체,3896567,3478623,12.01
2025-08,D10,exp:베트남,1642898,1580754,3.93
2025-08,D10,exp:석유제품,1208499,1517540,-20.36
2025-08,D10,exp:선박,1125793,619461,81.74
2025-08,D10,exp:승용차,948921,875451,8.39
2025-08,D10,exp:싱가포르,928791,354480,162.02
2025-08,D10,exp:유럽연합,954671,1491762,-36.00
2025-08,D10,exp:인도,364220,472661,-22.94
2025-08,D10,exp:일본,539686,672679,-19.77
2025-08,D10,exp:자동차부품,350911,403559,-13.05
2025-08,D10,exp:정밀기기,222673,244633,-8.98
2025-08,D10,exp:중국,2872418,3201656,-10.28
2025-08,D10,exp:철강제품,863210,1063847,-18.86
2025-08,D10,exp:컴퓨터주변기기,245274,300838,-18.47
2025-08,D10,exp:홍콩,439061,904673,-51.47
2025-08,D10,imp:TOTAL,15828410,18378661,-13.88
2025-08,D10,imp:가스,881779,1274301,-30.80
2025-08,D10,imp:기계류,639889,763252,-16.16
2025-08,D10,imp:대만,855062,849108,0.70
2025-08,D10,imp:러시아 연방,236489,171582,37.83
2025-08,D10,imp:말레이시아,338304,418603,-19.18
2025-08,D10,imp:무선통신기기,195565,181169,7.95
2025-08,D10,imp:미국,1694735,2084847,-18.71
2025-08,D10,imp:반도체,2076604,2266612,-8.38
2025-08,D10,imp:반도체제조용장비,468705,502678,-6.76
2025-08,D10,imp:베트남,865007,790513,9.42
2025-08,D10,imp:사우디아라비아,1099525,1077044,2.09
2025-08,D10,imp:석유제품,671131,720064,-6.80
2025-08,D10,imp:석탄,372085,407131,-8.61
2025-08,D10,imp:승용차,247529,263053,-5.90
2025-08,D10,imp:원유,2800957,3268782,-14.31
2025-08,D10,imp:유럽연합,1451367,1531694,-5.24
2025-08,D10,imp:일본,1244205,1580502,-21.28
2025-08,D10,imp:정밀기기,455650,459562,-0.85
2025-08,D10,imp:중국,3231376,3633686,-11.07
2025-08,D10,imp:호주,754994,1080828,-30.15
2025-08,D20,exp:TOTAL,35394043,33003156,7.24
2025-08,D20,exp:가전제품,317711,390489,-18.64
2025-08,D20,exp:대만,2668125,1682520,58.58
2025-08,D20,exp:말레이시아,549342,548750,0.11
2025-08,D20,exp:무선통신기기,995037,1125303,-11.58
2025-08,D20,exp:미국,5003238,5176532,-3.35
2025-08,D20,exp:반도체,8712461,6726551,29.52
2025-08,D20,exp:베트남,3479823,3180813,9.40
2025-08,D20,exp:석유제품,2710881,2863981,-5.35
2025-08,D20,exp:선박,2313910,1790615,29.22
2025-08,D20,exp:승용차,2769818,2278060,21.59
2025-08,D20,exp:싱가포르,1458040,803425,81.48
2025-08,D20,exp:유럽연합,3672176,3687101,-0.40
2025-08,D20,exp:인도,981476,1053603,-6.85
2025-08,D20,exp:일본,1436544,1428502,0.56
2025-08,D20,exp:자동차부품,996067,1029232,-3.22
2025-08,D20,exp:정밀기기,522878,513996,1.73
2025-08,D20,exp:중국,6980704,6814339,2.44
2025-08,D20,exp:철강제품,2180914,2286044,-4.60
2025-08,D20,exp:컴퓨터주변기기,665826,670859,-0.75
2025-08,D20,exp:홍콩,1049421,1460702,-28.16
2025-08,D20,imp:TOTAL,34633929,34536928,0.28
2025-08,D20,imp:가스,2075495,2022324,2.63
2025-08,D20,imp:기계류,1574900,1525881,3.21
2025-08,D20,imp:대만,2082927,1620497,28.54
2025-08,D20,imp:러시아 연방,472230,480484,-1.72
2025-08,D20,imp:말레이시아,887009,772325,14.85
2025-08,D20,imp:무선통신기기,421694,368215,14.52
2025-08,D20,imp:미국,3901588,3907611,-0.15
2025-08,D20,imp:반도체,4687479,4276352,9.61
2025-08,D20,imp:반도체제조용장비,989436,890004,11.17
2025-08,D20,imp:베트남,1980523,1608499,23.13
2025-08,D20,imp:사우디아라비아,1768438,1668659,5.98
2025-08,D20,imp:석유제품,1256125,1489823,-15.69
2025-08,D20,imp:석탄,762002,924244,-17.55
2025-08,D20,imp:승용차,916690,494103,85.53
2025-08,D20,imp:원유,4648509,5099349,-8.84
2025-08,D20,imp:유럽연합,3278204,3132377,4.66
2025-08,D20,imp:일본,2357687,2623686,-10.14
2025-08,D20,imp:정밀기기,962320,915230,5.15
2025-08,D20,imp:중국,7679464,7389157,3.93
2025-08,D20,imp:호주,1664652,1816329,-8.35
2025-08,FULL,exp:TOTAL,58259332,57642924,1.07
2025-08,FULL,exp:가전제품,514282,675842,-23.90
2025-08,FULL,exp:대만,4371509,3146045,38.95
2025-08,FULL,exp:말레이시아,1039247,921760,12.75
2025-08,FULL,exp:무선통신기기,1588463,1784600,-10.99
2025-08,FULL,exp:미국,8718145,9937504,-12.27
2025-08,FULL,exp:반도체,15299467,12061638,26.84
2025-08,FULL,exp:베트남,5398092,5049343,6.91
2025-08,FULL,exp:석유제품,4173194,4416588,-5.51
2025-08,FULL,exp:선박,2978223,2730852,9.06
2025-08,FULL,exp:승용차,5212759,4876018,6.91
2025-08,FULL,exp:싱가포르,2164627,1397637,54.88
2025-08,FULL,exp:유럽연합,5779829,6404849,-9.76
2025-08,FULL,exp:인도,1591153,1636206,-2.75
2025-08,FULL,exp:일본,2376746,2500141,-4.94
2025-08,FULL,exp:자동차부품,1582444,1775009,-10.85
2025-08,FULL,exp:정밀기기,874037,914610,-4.44
2025-08,FULL,exp:중국,10990269,11340799,-3.09
2025-08,FULL,exp:철강제품,3560149,4035867,-11.79
2025-08,FULL,exp:컴퓨터주변기기,1373278,1640029,-16.27
2025-08,FULL,exp:홍콩,2726867,2966813,-8.09
2025-08,FULL,imp:TOTAL,51856624,54054894,-4.07
2025-08,FULL,imp:가스,3026550,2839947,6.57
2025-08,FULL,imp:기계류,2453576,2373671,3.37
2025-08,FULL,imp:대만,2800398,2573665,8.81
2025-08,FULL,imp:러시아 연방,716558,897402,-20.15
2025-08,FULL,imp:말레이시아,1340621,1256219,6.72
2025-08,FULL,imp:무선통신기기,672745,580476,15.90
2025-08,FULL,imp:미국,5981182,6257983,-4.42
2025-08,FULL,imp:반도체,6663702,6376167,4.51
2025-08,FULL,imp:반도체제조용장비,1534841,1400895,9.56
2025-08,FULL,imp:베트남,2952369,2589553,14.01
2025-08,FULL,imp:사우디아라비아,2817172,2559626,10.06
2025-08,FULL,imp:석유제품,1751092,2196190,-20.27
2025-08,FULL,imp:석탄,1132737,1524710,-25.71
2025-08,FULL,imp:승용차,1356822,965795,40.49
2025-08,FULL,imp:원유,6837861,8200397,-16.62
2025-08,FULL,imp:유럽연합,5015956,5100254,-1.65
2025-08,FULL,imp:일본,3626223,3914421,-7.36
2025-08,FULL,imp:정밀기기,1495709,1399045,6.91
2025-08,FULL,imp:중국,11556618,11482791,0.64
2025-08,FULL,imp:호주,2400638,2745493,-12.56
2025-09,D10,exp:TOTAL,19154390,,
2025-09,D10,exp:가전제품,198831,,
2025-09,D10,exp:대만,1154469,,
2025-09,D10,exp:말레이시아,291674,,
2025-09,D10,exp:무선통신기기,597549,,
2025-09,D10,exp:미국,2958843,,
2025-09,D10,exp:반도체,4453532,,
2025-09,D10,exp:베트남,2069978,,
2025-09,D10,exp:석유제품,1191055,,
2025-09,D10,exp:선박,896530,,
2025-09,D10,exp:승용차,1552382,,
2025-09,D10,exp:싱가포르,310658,,
2025-09,D10,exp:유럽연합,1622588,,
2025-09,D10,exp:인도,627354,,
2025-09,D10,exp:일본,719343,,
2025-09,D10,exp:자동차부품,655774,,
2025-09,D10,exp:정밀기기,358328,,
2025-09,D10,exp:중국,3918737,,
2025-09,D10,exp:철강제품,1235279,,
2025-09,D10,exp:컴퓨터주변기기,328598,,
2025-09,D10,exp:홍콩,674273,,
2025-09,D10,imp:TOTAL,20383105,,
2025-09,D10,imp:가스,893868,,
2025-09,D10,imp:기계류,1031922,,
2025-09,D10,imp:대만,1044047,,
2025-09,D10,imp:러시아 연방,229136,,
2025-09,D10,imp:말레이시아,540579,,
2025-09,D10,imp:무선통신기기,176453,,
2025-09,D10,imp:미국,2053283,,
2025-09,D10,imp:반도체,2583286,,
2025-09,D10,imp:반도체제조용장비,917305,,
2025-09,D10,imp:베트남,1033237,,
2025-09,D10,imp:사우디아라비아,948361,,
2025-09,D10,imp:석유제품,885691,,
2025-09,D10,imp:석탄,398822,,
2025-09,D10,imp:승용차,412659,,
2025-09,D10,imp:원유,2389504,,
2025-09,D10,imp:유럽연합,2227716,,
2025-09,D10,imp:일본,1588085,,
2025-09,D10,imp:정밀기기,591701,,
2025-09,D10,imp:중국,4665053,,
2025-09,D10,imp:호주,957000,,
2025-09,D20,exp:TOTAL,40050000,,
2025-09,D20,exp:가전제품,405054,,
2025-09,D20,exp:대만,2427082,,
2025-09,D20,exp:말레이시아,560218,,
2025-09,D20,exp:무선통신기기,1250165,,
2025-09,D20,exp:미국,6522136,,
2025-09,D20,exp:반도체,9495449,,
2025-09,D20,exp:베트남,4052331,,
2025-09,D20,exp:석유제품,2714051,,
2025-09,D20,exp:선박,1501289,,
2025-09,D20,exp:승용차,3418359,,
2025-09,D20,exp:싱가포르,809770,,
2025-09,D20,exp:유럽연합,3881328,,
2025-09,D20,exp:인도,1168889,,
2025-09,D20,exp:일본,1587506,,
2025-09,D20,exp:자동차부품,1209270,,
2025-09,D20,exp:정밀기기,683501,,
2025-09,D20,exp:중국,7775503,,
2025-09,D20,exp:철강제품,2511412,,
2025-09,D20,exp:컴퓨터주변기기,810182,,
2025-09,D20,exp:홍콩,1616817,,
2025-09,D20,imp:TOTAL,38222378,,
2025-09,D20,imp:가스,1720747,,
2025-09,D20,imp:기계류,1802639,,
2025-09,D20,imp:대만,1875654,,
2025-09,D20,imp:러시아 연방,471301,,
2025-09,D20,imp:말레이시아,1002122,,
2025-09,D20,imp:무선통신기기,894450,,
2025-09,D20,imp:미국,3905313,,
2025-09,D20,imp:반도체,4630105,,
2025-09,D20,imp:반도체제조용장비,1916803,,
2025-09,D20,imp:베트남,1981152,,
2025-09,D20,imp:사우디아라비아,1607671,,
2025-09,D20,imp:석유제품,1452353,,
2025-09,D20,imp:석탄,814222,,
2025-09,D20,imp:승용차,646190,,
2025-09,D20,imp:원유,4224510,,
2025-09,D20,imp:유럽연합,4394393,,
2025-09,D20,imp:일본,2859987,,
2025-09,D20,imp:정밀기기,1096541,,
2025-09,D20,imp:중국,8897278,,
2025-09,D20,imp:호주,1995106,,
2025-09,FULL,exp:TOTAL,65904118,,
2025-09,FULL,exp:가전제품,628772,,
2025-09,FULL,exp:대만,5205355,,
2025-09,FULL,exp:말레이시아,1025125,,
2025-09,FULL,exp:무선통신기기,1843236,,
2025-09,FULL,exp:미국,10267271,,
2025-09,FULL,exp:반도체,16793796,,
2025-09,FULL,exp:베트남,5925624,,
2025-09,FULL,exp:석유제품,4241471,,
2025-09,FULL,exp:선박,2770339,,
2025-09,FULL,exp:승용차,6042273,,
2025-09,FULL,exp:싱가포르,1510021,,
2025-09,FULL,exp:유럽연합,7157817,,
2025-09,FULL,exp:인도,1721596,,
2025-09,FULL,exp:일본,2560674,,
2025-09,FULL,exp:자동차부품,1826428,,
2025-09,FULL,exp:정밀기기,1070757,,
2025-09,FULL,exp:중국,11679519,,
2025-09,FULL,exp:철강제품,4010790,,
2025-09,FULL,exp:컴퓨터주변기기,1451348,,
2025-09,FULL,exp:홍콩,3496991,,
2025-09,FULL,imp:TOTAL,56419614,,
2025-09,FULL,imp:가스,2459359,,
2025-09,FULL,imp:기계류,2768890,,
2025-09,FULL,imp:대만,2819940,,
2025-09,FULL,imp:러시아 연방,716443,,
2025-09,FULL,imp:말레이시아,1345162,,
2025-09,FULL,imp:무선통신기기,1374976,,
2025-09,FULL,imp:미국,5936407,,
2025-09,FULL,imp:반도체,6606908,,
2025-09,FULL,imp:반도체제조용장비,2695014,,
2025-09,FULL,imp:베트남,2865793,,
2025-09,FULL,imp:사우디아라비아,2141061,,
2025-09,FULL,imp:석유제품,1875814,,
2025-09,FULL,imp:석탄,1194120,,
2025-09,FULL,imp:승용차,1222666,,
2025-09,FULL,imp:원유,5750317,,
2025-09,FULL,imp:유럽연합,6827928,,
2025-09,FULL,imp:일본,4266280,,
2025-09,FULL,imp:정밀기기,1667074,,
2025-09,FULL,imp:중국,13508598,,
2025-09,FULL,imp:호주,2769550,,
2025-10,D10,exp:TOTAL,12925797,15298567,-15.51
2025-10,D10,exp:가전제품,89146,187531,-52.46
2025-10,D10,exp:대만,1945096,648124,200.11
2025-10,D10,exp:말레이시아,206168,196300,5.03
2025-10,D10,exp:무선통신기기,366146,515318,-28.95
2025-10,D10,exp:미국,1407314,2486416,-43.40
2025-10,D10,exp:반도체,4502158,3064714,46.90
2025-10,D10,exp:베트남,1268404,1567745,-19.09
2025-10,D10,exp:석유제품,1207142,1142189,5.69
2025-10,D10,exp:선박,787768,907010,-13.15
2025-10,D10,exp:승용차,664405,1380222,-51.86
2025-10,D10,exp:싱가포르,340904,464057,-26.54
2025-10,D10,exp:유럽연합,713407,1280495,-44.29
2025-10,D10,exp:인도,323295,454280,-28.83
2025-10,D10,exp:일본,515151,715516,-28.00
2025-10,D10,exp:자동차부품,260805,512435,-49.10
2025-10,D10,exp:정밀기기,152855,264330,-42.17
2025-10,D10,exp:중국,2840270,3492840,-18.68
2025-10,D10,exp:철강제품,726572,1070140,-32.10
2025-10,D10,exp:컴퓨터주변기기,163100,197305,-17.34
2025-10,D10,exp:홍콩,447377,426732,4.84
2025-10,D10,imp:TOTAL,13479952,17470934,-22.84
2025-10,D10,imp:가스,636497,912426,-30.24
2025-10,D10,imp:기계류,462211,690380,-33.05
2025-10,D10,imp:대만,867345,868737,-0.16
2025-10,D10,imp:러시아 연방,137311,161738,-15.10
2025-10,D10,imp:말레이시아,289335,368723,-21.53
2025-10,D10,imp:무선통신기기,221707,452840,-51.04
2025-10,D10,imp:미국,1596644,2226311,-28.28
2025-10,D10,imp:반도체,1958358,2459264,-20.37
2025-10,D10,imp:반도체제조용장비,274595,563084,-51.23
2025-10,D10,imp:베트남,761204,834353,-8.77
2025-10,D10,imp:사우디아라비아,967968,677959,42.78
2025-10,D10,imp:석유제품,665142,711088,-6.46
2025-10,D10,imp:석탄,347399,294735,17.87
2025-10,D10,imp:승용차,223500,275467,-18.87
2025-10,D10,imp:원유,2725814,2234469,21.99
2025-10,D10,imp:유럽연합,944386,1582265,-40.31
2025-10,D10,imp:일본,894152,1627760,-45.07
2025-10,D10,imp:정밀기기,328816,511536,-35.72
2025-10,D10,imp:중국,2532702,3871595,-34.58
2025-10,D10,imp:호주,797405,676152,17.93
2025-10,D20,exp:TOTAL,30003320,32711578,-8.28
2025-10,D20,exp:가전제품,267555,367237,-27.14
2025-10,D20,exp:대만,2988604,1890128,58.12
2025-10,D20,exp:말레이시아,425768,498929,-14.66
2025-10,D20,exp:무선통신기기,880195,1070089,-17.75
2025-10,D20,exp:미국,4228275,5618900,-24.75
2025-10,D20,exp:반도체,8532873,7097664,20.22
2025-10,D20,exp:베트남,2869855,3189955,-10.03
2025-10,D20,exp:석유제품,2346221,2112065,11.09
2025-10,D20,exp:선박,1516205,1359068,11.56
2025-10,D20,exp:승용차,2383057,3184806,-25.17
2025-10,D20,exp:싱가포르,891043,847390,5.15
2025-10,D20,exp:유럽연합,2503861,3159736,-20.76
2025-10,D20,exp:인도,807515,835671,-3.37
2025-10,D20,exp:일본,1200447,1445435,-16.95
2025-10,D20,exp:자동차부품,701779,1024100,-31.47
2025-10,D20,exp:정밀기기,416475,548267,-24.04
2025-10,D20,exp:중국,6560077,7224187,-9.19
2025-10,D20,exp:철강제품,1814795,2238009,-18.91
2025-10,D20,exp:컴퓨터주변기기,464097,509724,-8.95
2025-10,D20,exp:홍콩,1148241,1095560,4.81
2025-10,D20,imp:TOTAL,32987587,33755905,-2.28
2025-10,D20,imp:가스,1327930,2070686,-35.87
2025-10,D20,imp:기계류,1336375,1367943,-2.31
2025-10,D20,imp:대만,1835474,1585741,15.75
2025-10,D20,imp:러시아 연방,381282,345516,10.35
2025-10,D20,imp:말레이시아,790825,824526,-4.09
2025-10,D20,imp:무선통신기기,539252,846813,-36.32
2025-10,D20,imp:미국,4136882,4045145,2.27
2025-10,D20,imp:반도체,4244186,4218643,0.61
2025-10,D20,imp:반도체제조용장비,955012,1131526,-15.60
2025-10,D20,imp:베트남,1737975,1590157,9.30
2025-10,D20,imp:사우디아라비아,1713422,1516103,13.01
2025-10,D20,imp:석유제품,1089416,1528643,-28.73
2025-10,D20,imp:석탄,620706,761201,-18.46
2025-10,D20,imp:승용차,645078,455284,41.69
2025-10,D20,imp:원유,5211496,4630333,12.55
2025-10,D20,imp:유럽연합,3036401,3104479,-2.19
2025-10,D20,imp:일본,2301409,2784315,-17.34
2025-10,D20,imp:정밀기기,908422,938507,-3.21
2025-10,D20,imp:중국,6597936,7456206,-11.51
2025-10,D20,imp:호주,2014929,1537587,31.04
2025-10,FULL,exp:TOTAL,59511578,57500192,3.50
2025-10,FULL,exp:가전제품,511663,653883,-21.75
2025-10,FULL,exp:대만,5157834,3528893,46.16
2025-10,FULL,exp:말레이시아,707218,1038699,-31.91
2025-10,FULL,exp:무선통신기기,1544872,1691457,-8.67
2025-10,FULL,exp:미국,8711425,10394328,-16.19
2025-10,FULL,exp:반도체,15861970,12670057,25.19
2025-10,FULL,exp:베트남,5101558,5231509,-2.48
2025-10,FULL,exp:석유제품,3871514,3434887,12.71
2025-10,FULL,exp:선박,4621065,1958620,135.93
2025-10,FULL,exp:승용차,5246367,6004017,-12.62
2025-10,FULL,exp:싱가포르,1483016,1397107,6.15
2025-10,FULL,exp:유럽연합,5175830,5296955,-2.29
2025-10,FULL,exp:인도,1477351,1511925,-2.29
2025-10,FULL,exp:일본,2219360,2423573,-8.43
2025-10,FULL,exp:자동차부품,1432872,1814224,-21.02
2025-10,FULL,exp:정밀기기,845434,981203,-13.84
2025-10,FULL,exp:중국,11551156,12172811,-5.11
2025-10,FULL,exp:철강제품,3497302,4074297,-14.16
2025-10,FULL,exp:컴퓨터주변기기,1133567,1095272,3.50
2025-10,FULL,exp:홍콩,3064910,2210877,38.63
2025-10,FULL,imp:TOTAL,53510827,54331589,-1.51
2025-10,FULL,imp:가스,2045434,3281360,-37.67
2025-10,FULL,imp:기계류,2334438,2286739,2.09
2025-10,FULL,imp:대만,2974683,2680327,10.98
2025-10,FULL,imp:러시아 연방,609476,552246,10.36
2025-10,FULL,imp:말레이시아,1325938,1215851,9.05
2025-10,FULL,imp:무선통신기기,904419,1390050,-34.94
2025-10,FULL,imp:미국,6283534,5968731,5.27
2025-10,FULL,imp:반도체,6684803,6801403,-1.71
2025-10,FULL,imp:반도체제조용장비,1947670,1902802,2.36
2025-10,FULL,imp:베트남,2732631,2552260,7.07
2025-10,FULL,imp:사우디아라비아,2614247,2528232,3.40
2025-10,FULL,imp:석유제품,1700012,1955495,-13.06
2025-10,FULL,imp:석탄,1018159,1255388,-18.90
2025-10,FULL,imp:승용차,970050,1117299,-13.18
2025-10,FULL,imp:원유,7059476,6611832,6.77
2025-10,FULL,imp:유럽연합,5189544,5330232,-2.64
2025-10,FULL,imp:일본,3853664,4378339,-11.98
2025-10,FULL,imp:정밀기기,1503170,1491246,0.80
2025-10,FULL,imp:중국,11359093,12513916,-9.23
2025-10,FULL,imp:호주,3237736,2609694,24.07
2025-11,D10,exp:TOTAL,15794269,14872900,6.19
2025-11,D10,exp:가전제품,147176,160786,-8.46
2025-11,D10,exp:대만,737698,722510,2.10
2025-11,D10,exp:말레이시아,221525,192067,15.34
2025-11,D10,exp:무선통신기기,465312,590161,-21.16
2025-11,D10,exp:미국,2577996,2317086,11.26
2025-11,D10,exp:반도체,3857254,3279955,17.60
2025-11,D10,exp:베트남,1498909,1695480,-11.59
2025-11,D10,exp:석유제품,1002173,1152318,-13.03
2025-11,D10,exp:선박,655543,601506,8.98
2025-11,D10,exp:승용차,1541069,1326421,16.18
2025-11,D10,exp:싱가포르,292712,483919,-39.51
2025-11,D10,exp:유럽연합,1434580,1309531,9.55
2025-11,D10,exp:인도,359401,411711,-12.71
2025-11,D10,exp:일본,656286,743620,-11.74
2025-11,D10,exp:자동차부품,421667,454584,-7.24
2025-11,D10,exp:정밀기기,245204,259190,-5.40
2025-11,D10,exp:중국,3695279,3315177,11.47
2025-11,D10,exp:철강제품,863811,1009766,-14.45
2025-11,D10,exp:컴퓨터주변기기,309735,253148,22.35
2025-11,D10,exp:홍콩,693340,538975,28.64
2025-11,D10,imp:TOTAL,17035275,15752559,8.14
2025-11,D10,imp:가스,480714,981120,-51.00
2025-11,D10,imp:기계류,821882,683006,20.33
2025-11,D10,imp:대만,968099,801234,20.83
2025-11,D10,imp:러시아 연방,227767,160227,42.15
2025-11,D10,imp:말레이시아,413022,422256,-2.19
2025-11,D10,imp:무선통신기기,360064,256854,40.18
2025-11,D10,imp:미국,1986499,1584644,25.36
2025-11,D10,imp:반도체,2328761,2005590,16.11
2025-11,D10,imp:반도체제조용장비,845032,530925,59.16
2025-11,D10,imp:베트남,913759,725033,26.03
2025-11,D10,imp:사우디아라비아,653505,782922,-16.53
2025-11,D10,imp:석유제품,486084,765504,-36.50
2025-11,D10,imp:석탄,351677,450468,-21.93
2025-11,D10,imp:승용차,456637,198378,130.19
2025-11,D10,imp:원유,1850712,2316199,-20.10
2025-11,D10,imp:유럽연합,1999792,1294969,54.43
2025-11,D10,imp:일본,1341057,1283718,4.47
2025-11,D10,imp:정밀기기,494167,423608,16.66
2025-11,D10,imp:중국,4056649,3380698,19.99
2025-11,D10,imp:호주,766817,905827,-15.35
2025-11,D20,exp:TOTAL,38419340,35559900,8.04
2025-11,D20,exp:가전제품,338673,355286,-4.68
2025-11,D20,exp:대만,2325930,1973074,17.88
2025-11,D20,exp:말레이시아,673513,520441,29.41
2025-11,D20,exp:무선통신기기,1022831,1199964,-14.76
2025-11,D20,exp:미국,6772756,6412220,5.62
2025-11,D20,exp:반도체,9752081,7711150,26.47
2025-11,D20,exp:베트남,3505336,3599392,-2.61
2025-11,D20,exp:석유제품,2150055,2656318,-19.06
2025-11,D20,exp:선박,1158010,1128325,2.63
2025-11,D20,exp:승용차,3803397,3096549,22.83
2025-11,D20,exp:싱가포르,700057,888715,-21.23
2025-11,D20,exp:유럽연합,3577178,3411128,4.87
2025-11,D20,exp:인도,956771,1024129,-6.58
2025-11,D20,exp:일본,1531520,1592797,-3.85
2025-11,D20,exp:자동차부품,1043984,1136715,-8.16
2025-11,D20,exp:정밀기기,614705,594781,3.35
2025-11,D20,exp:중국,8161985,7456554,9.46
2025-11,D20,exp:철강제품,2249573,2480112,-9.30
2025-11,D20,exp:컴퓨터주변기기,851386,737302,15.47
2025-11,D20,exp:홍콩,1555739,1366387,13.86
2025-11,D20,imp:TOTAL,36066563,34791536,3.66
2025-11,D20,imp:가스,1308376,1913047,-31.61
2025-11,D20,imp:기계류,1727977,1519721,13.70
2025-11,D20,imp:대만,2003413,2005428,-0.10
2025-11,D20,imp:러시아 연방,441980,323379,36.68
2025-11,D20,imp:말레이시아,864878,937286,-7.73
2025-11,D20,imp:무선통신기기,681650,555097,22.80
2025-11,D20,imp:미국,4314732,3802900,13.46
2025-11,D20,imp:반도체,4577915,4758552,-3.80
2025-11,D20,imp:반도체제조용장비,1578170,1697210,-7.01
2025-11,D20,imp:베트남,1836831,1531959,19.90
2025-11,D20,imp:사우디아라비아,984148,1517669,-35.15
2025-11,D20,imp:석유제품,1004516,1259258,-20.23
2025-11,D20,imp:석탄,818106,745454,9.75
2025-11,D20,imp:승용차,724338,534289,35.57
2025-11,D20,imp:원유,3726151,4454667,-16.35
2025-11,D20,imp:유럽연합,4007104,3476431,15.26
2025-11,D20,imp:일본,2844063,2814432,1.05
2025-11,D20,imp:정밀기기,1048267,968243,8.26
2025-11,D20,imp:중국,8566704,8108781,5.65
2025-11,D20,imp:호주,2076976,1389044,49.53
2025-11,FULL,exp:TOTAL,60752618,56288629,7.93
2025-11,FULL,exp:가전제품,495173,566892,-12.65
2025-11,FULL,exp:대만,4116109,3253132,26.53
2025-11,FULL,exp:말레이시아,1276764,855432,49.25
2025-11,FULL,exp:무선통신기기,1538658,1638511,-6.09
2025-11,FULL,exp:미국,10352809,10370481,-0.17
2025-11,FULL,exp:반도체,17442597,12578985,38.66
2025-11,FULL,exp:베트남,5401863,5142173,5.05
2025-11,FULL,exp:석유제품,3313953,3694379,-10.30
2025-11,FULL,exp:선박,1726991,2435682,-29.10
2025-11,FULL,exp:승용차,6043663,5449951,10.89
2025-11,FULL,exp:싱가포르,1278337,1565073,-18.32
2025-11,FULL,exp:유럽연합,5337962,5439585,-1.87
2025-11,FULL,exp:인도,1477040,1452203,1.71
2025-11,FULL,exp:일본,2306195,2491515,-7.44
2025-11,FULL,exp:자동차부품,1477229,1694134,-12.80
2025-11,FULL,exp:정밀기기,925587,932883,-0.78
2025-11,FULL,exp:중국,12040141,11290362,6.64
2025-11,FULL,exp:철강제품,3480452,3872988,-10.14
2025-11,FULL,exp:컴퓨터주변기기,1530127,1490034,2.69
2025-11,FULL,exp:홍콩,3762282,2425723,55.10
2025-11,FULL,imp:TOTAL,51284605,50718992,1.12
2025-11,FULL,imp:가스,2027619,3045982,-33.43
2025-11,FULL,imp:기계류,2536198,2222656,14.11
2025-11,FULL,imp:대만,2789480,2821020,-1.12
2025-11,FULL,imp:러시아 연방,601983,502982,19.68
2025-11,FULL,imp:말레이시아,1186888,1375506,-13.71
2025-11,FULL,imp:무선통신기기,1003997,755625,32.87
2025-11,FULL,imp:미국,6102242,5438200,12.21
2025-11,FULL,imp:반도체,6455247,6670272,-3.22
2025-11,FULL,imp:반도체제조용장비,2161186,2337433,-7.54
2025-11,FULL,imp:베트남,2553003,2319319,10.08
2025-11,FULL,imp:사우디아라비아,1999741,2454789,-18.54
2025-11,FULL,imp:석유제품,1500710,1805827,-16.90
2025-11,FULL,imp:석탄,1103084,1116665,-1.22
2025-11,FULL,imp:승용차,1059514,822025,28.89
2025-11,FULL,imp:원유,5591020,6532940,-14.42
2025-11,FULL,imp:유럽연합,5670262,5129142,10.55
2025-11,FULL,imp:일본,3934707,3991867,-1.43
2025-11,FULL,imp:정밀기기,1463550,1393409,5.03
2025-11,FULL,imp:중국,11962698,11445747,4.52
2025-11,FULL,imp:호주,2997459,2386134,25.62
2025-12,D10,exp:TOTAL,20539795,17541285,17.09
2025-12,D10,exp:가전제품,184333,196808,-6.34
2025-12,D10,exp:대만,1005070,876981,14.61
2025-12,D10,exp:말레이시아,424694,202778,109.44
2025-12,D10,exp:무선통신기기,632941,505990,25.09
2025-12,D10,exp:미국,3573648,3690625,-3.17
2025-12,D10,exp:반도체,5271795,3613270,45.90
2025-12,D10,exp:베트남,2130253,1570104,35.68
2025-12,D10,exp:석유제품,1489405,1229316,21.16
2025-12,D10,exp:선박,562190,1083986,-48.14
2025-12,D10,exp:승용차,1358660,1444340,-5.93
2025-12,D10,exp:싱가포르,752969,525681,43.24
2025-12,D10,exp:유럽연합,1594586,1553975,2.61
2025-12,D10,exp:인도,568248,483946,17.42
2025-12,D10,exp:일본,898646,847494,6.04
2025-12,D10,exp:자동차부품,575305,570762,0.80
2025-12,D10,exp:정밀기기,361743,296492,22.01
2025-12,D10,exp:중국,4225654,3745365,12.82
2025-12,D10,exp:철강제품,1198581,1175688,1.95
2025-12,D10,exp:컴퓨터주변기기,481667,291192,65.41
2025-12,D10,exp:홍콩,965769,608667,58.67
2025-12,D10,imp:TOTAL,20624424,19116263,7.89
2025-12,D10,imp:가스,900626,1051310,-14.33
2025-12,D10,imp:기계류,951822,843739,12.81
2025-12,D10,imp:대만,1010789,863482,17.06
2025-12,D10,imp:러시아 연방,171982,208288,-17.43
2025-12,D10,imp:말레이시아,534782,413799,29.24
2025-12,D10,imp:무선통신기기,333009,204506,62.84
2025-12,D10,imp:미국,2496145,1983220,25.86
2025-12,D10,imp:반도체,2960199,2450631,20.79
2025-12,D10,imp:반도체제조용장비,1010999,898687,12.50
2025-12,D10,imp:베트남,1039117,815827,27.37
2025-12,D10,imp:사우디아라비아,548446,856200,-35.94
2025-12,D10,imp:석유제품,466312,787362,-40.78
2025-12,D10,imp:석탄,336611,423761,-20.57
2025-12,D10,imp:승용차,435800,317866,37.10
2025-12,D10,imp:원유,2060159,2325691,-11.42
2025-12,D10,imp:유럽연합,2472172,2098261,17.82
2025-12,D10,imp:일본,1624257,1535996,5.75
2025-12,D10,imp:정밀기기,649859,514739,26.25
2025-12,D10,imp:중국,5149017,4544553,13.30
2025-12,D10,imp:호주,926367,885838,4.58
2025-12,D20,exp:TOTAL,42971602,40285842,6.67
2025-12,D20,exp:가전제품,399382,477061,-16.28
2025-12,D20,exp:대만,2194478,2000641,9.69
2025-12,D20,exp:말레이시아,969474,532931,81.91
2025-12,D20,exp:무선통신기기,1211443,1028518,17.79
2025-12,D20,exp:미국,7856184,8001710,-1.82
2025-12,D20,exp:반도체,11645487,8211201,41.82
2025-12,D20,exp:베트남,4236316,3521580,20.30
2025-12,D20,exp:석유제품,2593436,2661446,-2.56
2025-12,D20,exp:선박,1460197,1867912,-21.83
2025-12,D20,exp:승용차,3250935,3726732,-12.77
2025-12,D20,exp:싱가포르,1421833,1056886,34.53
2025-12,D20,exp:유럽연합,3711761,4318938,-14.06
2025-12,D20,exp:인도,1157245,1148542,0.76
2025-12,D20,exp:일본,1734886,2027943,-14.45
2025-12,D20,exp:자동차부품,1176743,1240474,-5.14
2025-12,D20,exp:정밀기기,756296,700002,8.04
2025-12,D20,exp:중국,8573875,8057528,6.41
2025-12,D20,exp:철강제품,2572088,2787902,-7.74
2025-12,D20,exp:컴퓨터주변기기,1203954,809087,48.80
2025-12,D20,exp:홍콩,2108243,1587284,32.82
2025-12,D20,imp:TOTAL,39204146,38923657,0.72
2025-12,D20,imp:가스,1866205,2217442,-15.84
2025-12,D20,imp:기계류,1800787,1739949,3.50
2025-12,D20,imp:대만,2091194,1854459,12.77
2025-12,D20,imp:러시아 연방,345019,388079,-11.10
2025-12,D20,imp:말레이시아,974517,882724,10.40
2025-12,D20,imp:무선통신기기,705461,584811,20.63
2025-12,D20,imp:미국,4820606,4204651,14.65
2025-12,D20,imp:반도체,5424077,4852241,11.78
2025-12,D20,imp:반도체제조용장비,1795746,2038041,-11.89
2025-12,D20,imp:베트남,2014416,1710355,17.78
2025-12,D20,imp:사우디아라비아,1388056,1658759,-16.32
2025-12,D20,imp:석유제품,1124389,1632364,-31.12
2025-12,D20,imp:석탄,750793,930892,-19.35
2025-12,D20,imp:승용차,842933,634065,32.94
2025-12,D20,imp:원유,4354138,4499187,-3.22
2025-12,D20,imp:유럽연합,4528069,4705900,-3.78
2025-12,D20,imp:일본,3096841,3168436,-2.26
2025-12,D20,imp:정밀기기,1211386,1076827,12.50
2025-12,D20,imp:중국,9192396,8847137,3.90
2025-12,D20,imp:호주,1914150,1747754,9.52
2025-12,FULL,exp:TOTAL,69513624,61359250,13.29
2025-12,FULL,exp:가전제품,557783,606962,-8.10
2025-12,FULL,exp:대만,5131207,4335694,18.35
2025-12,FULL,exp:말레이시아,1406127,803343,75.03
2025-12,FULL,exp:무선통신기기,1636225,1319215,24.03
2025-12,FULL,exp:미국,12335136,11893820,3.71
2025-12,FULL,exp:반도체,20917832,14619210,43.08
2025-12,FULL,exp:베트남,6281464,4930153,27.41
2025-12,FULL,exp:석유제품,4216318,4000311,5.40
2025-12,FULL,exp:선박,2890840,2981019,-3.03
2025-12,FULL,exp:승용차,5587815,5833631,-4.21
2025-12,FULL,exp:싱가포르,2069321,1747126,18.44
2025-12,FULL,exp:유럽연합,5829703,5800800,0.50
2025-12,FULL,exp:인도,1719210,1684867,2.04
2025-12,FULL,exp:일본,2456896,2644228,-7.08
2025-12,FULL,exp:자동차부품,1730319,1803834,-4.08
2025-12,FULL,exp:정밀기기,1079049,976061,10.55
2025-12,FULL,exp:중국,12964961,11772793,10.13
2025-12,FULL,exp:철강제품,4021349,4093382,-1.76
2025-12,FULL,exp:컴퓨터주변기기,2179775,1639594,32.95
2025-12,FULL,exp:홍콩,4624114,3287666,40.65
2025-12,FULL,imp:TOTAL,57367684,54866380,4.56
2025-12,FULL,imp:가스,2899084,3148553,-7.92
2025-12,FULL,imp:기계류,2729221,2470852,10.46
2025-12,FULL,imp:대만,2874434,2911032,-1.26
2025-12,FULL,imp:러시아 연방,556688,534550,4.14
2025-12,FULL,imp:말레이시아,1531142,1320471,15.95
2025-12,FULL,imp:무선통신기기,1091674,740804,47.36
2025-12,FULL,imp:미국,6773605,5476550,23.68
2025-12,FULL,imp:반도체,7728084,7001998,10.37
2025-12,FULL,imp:반도체제조용장비,2842602,2935048,-3.15
2025-12,FULL,imp:베트남,2948980,2455078,20.12
2025-12,FULL,imp:사우디아라비아,1915634,2681083,-28.55
2025-12,FULL,imp:석유제품,1399504,2161241,-35.25
2025-12,FULL,imp:석탄,1083951,1370492,-20.91
2025-12,FULL,imp:승용차,1255775,1013091,23.95
2025-12,FULL,imp:원유,5830149,6043193,-3.53
2025-12,FULL,imp:유럽연합,6621601,6858670,-3.46
2025-12,FULL,imp:일본,4673371,4476095,4.41
2025-12,FULL,imp:정밀기기,1771413,1527879,15.94
2025-12,FULL,imp:중국,13729115,12382340,10.88
2025-12,FULL,imp:호주,2965264,2288927,29.55
2026-01,D10,exp:TOTAL,15573137,15918926,-2.17
2026-01,D10,exp:가전제품,99953,200275,-50.09
2026-01,D10,exp:대만,864949,548123,57.80
2026-01,D10,exp:말레이시아,218097,309153,-29.45
2026-01,D10,exp:무선통신기기,450083,335369,34.21
2026-01,D10,exp:미국,2269563,2666213,-14.88
2026-01,D10,exp:반도체,4636494,3183772,45.63
2026-01,D10,exp:베트남,1759921,1675043,5.07
2026-01,D10,exp:석유제품,1020393,883329,15.52
2026-01,D10,exp:선박,918516,1056787,-13.08
2026-01,D10,exp:승용차,1017252,1352570,-24.79
2026-01,D10,exp:싱가포르,574065,341738,67.98
2026-01,D10,exp:유럽연합,1107648,1622487,-31.73
2026-01,D10,exp:인도,410864,485371,-15.35
2026-01,D10,exp:일본,588452,792036,-25.70
2026-01,D10,exp:자동차부품,381922,474471,-19.51
2026-01,D10,exp:정밀기기,239477,272982,-12.27
2026-01,D10,exp:중국,3879882,3355701,15.62
2026-01,D10,exp:철강제품,977309,1200349,-18.58
2026-01,D10,exp:컴퓨터주변기기,256207,203270,26.04
2026-01,D10,exp:홍콩,528510,460804,14.69
2026-01,D10,imp:TOTAL,18236217,19078096,-4.41
2026-01,D10,imp:가스,727159,1276701,-43.04
2026-01,D10,imp:기계류,744134,769760,-3.33
2026-01,D10,imp:대만,948534,872424,8.72
2026-01,D10,imp:러시아 연방,179069,196786,-9.00
2026-01,D10,imp:말레이시아,479380,505212,-5.11
2026-01,D10,imp:무선통신기기,190055,311733,-39.03
2026-01,D10,imp:미국,2293222,1993078,15.06
2026-01,D10,imp:반도체,2362407,2549073,-7.32
2026-01,D10,imp:반도체제조용장비,478348,538410,-11.16
2026-01,D10,imp:베트남,1021605,946752,7.91
2026-01,D10,imp:사우디아라비아,941699,1115516,-15.58
2026-01,D10,imp:석유제품,808032,806727,0.16
2026-01,D10,imp:석탄,380486,342188,11.19
2026-01,D10,imp:승용차,336261,110456,204.43
2026-01,D10,imp:원유,2537049,2501672,1.41
2026-01,D10,imp:유럽연합,1600454,1365792,17.18
2026-01,D10,imp:일본,894068,1192415,-25.02
2026-01,D10,imp:정밀기기,426028,425087,0.22
2026-01,D10,imp:중국,3932069,4329717,-9.18
2026-01,D10,imp:호주,1137289,1472216,-22.75
2026-01,D20,exp:TOTAL,36347003,31633210,14.90
2026-01,D20,exp:가전제품,277167,404078,-31.41
2026-01,D20,exp:대만,1857062,1172152,58.43
2026-01,D20,exp:말레이시아,560106,586311,-4.47
2026-01,D20,exp:무선통신기기,1044513,707985,47.53
2026-01,D20,exp:미국,6643479,5579374,19.07
2026-01,D20,exp:반도체,10731563,6307186,70.15
2026-01,D20,exp:베트남,3830605,3053340,25.46
2026-01,D20,exp:석유제품,2486005,2092175,18.82
2026-01,D20,exp:선박,1324470,1621617,-18.32
2026-01,D20,exp:승용차,2862929,3213179,-10.90
2026-01,D20,exp:싱가포르,991493,681980,45.38
2026-01,D20,exp:유럽연합,2904919,3409873,-14.81
2026-01,D20,exp:인도,1031283,1004481,2.67
2026-01,D20,exp:일본,1296143,1491319,-13.09
2026-01,D20,exp:자동차부품,869115,985609,-11.82
2026-01,D20,exp:정밀기기,524092,518310,1.12
2026-01,D20,exp:중국,8457354,6490827,30.30
2026-01,D20,exp:철강제품,2416433,2388604,1.17
2026-01,D20,exp:컴퓨터주변기기,640814,456252,40.45
2026-01,D20,exp:홍콩,1411434,994057,41.99
2026-01,D20,imp:TOTAL,37025455,35527083,4.22
2026-01,D20,imp:가스,1616839,2126996,-23.98
2026-01,D20,imp:기계류,1539085,1545197,-0.40
2026-01,D20,imp:대만,1985666,1545343,28.49
2026-01,D20,imp:러시아 연방,380518,399649,-4.79
2026-01,D20,imp:말레이시아,1013069,1035905,-2.20
2026-01,D20,imp:무선통신기기,498770,504640,-1.16
2026-01,D20,imp:미국,4445628,4220187,5.34
2026-01,D20,imp:반도체,5019496,4437961,13.10
2026-01,D20,imp:반도체제조용장비,1579892,1110352,42.29
2026-01,D20,imp:베트남,1958642,1837113,6.62
2026-01,D20,imp:사우디아라비아,1295535,1739337,-25.52
2026-01,D20,imp:석유제품,1424731,1548810,-8.01
2026-01,D20,imp:석탄,673697,609761,10.49
2026-01,D20,imp:승용차,550755,446974,23.22
2026-01,D20,imp:원유,4260568,4782903,-10.92
2026-01,D20,imp:유럽연합,3640051,2872991,26.70
2026-01,D20,imp:일본,2375020,2375672,-0.03
2026-01,D20,imp:정밀기기,934792,824379,13.39
2026-01,D20,imp:중국,8190415,7929723,3.29
2026-01,D20,imp:호주,2413856,2078822,16.12
2026-01,FULL,exp:TOTAL,65843937,49176984,33.89
2026-01,FULL,exp:가전제품,560989,564601,-0.64
2026-01,FULL,exp:대만,3960811,2438188,62.45
2026-01,FULL,exp:말레이시아,976721,921582,5.98
2026-01,FULL,exp:무선통신기기,1913420,1008827,89.67
2026-01,FULL,exp:미국,12006727,9282567,29.35
2026-01,FULL,exp:반도체,20687770,10218918,102.45
2026-01,FULL,exp:베트남,6453114,4356972,48.11
2026-01,FULL,exp:석유제품,3796655,3480879,9.07
2026-01,FULL,exp:선박,2360600,2396385,-1.49
2026-01,FULL,exp:승용차,5743691,4828883,18.94
2026-01,FULL,exp:싱가포르,1702991,1162020,46.55
2026-01,FULL,exp:유럽연합,5401178,5040759,7.15
2026-01,FULL,exp:인도,1684688,1463921,15.08
2026-01,FULL,exp:일본,2245851,2363797,-4.99
2026-01,FULL,exp:자동차부품,1541605,1515262,1.74
2026-01,FULL,exp:정밀기기,884596,756434,16.94
2026-01,FULL,exp:중국,13527393,9204172,46.97
2026-01,FULL,exp:철강제품,4072186,3731804,9.12
2026-01,FULL,exp:컴퓨터주변기기,1696075,931936,81.99
2026-01,FULL,exp:홍콩,4329293,1685484,156.86
2026-01,FULL,imp:TOTAL,57143469,51172292,11.67
2026-01,FULL,imp:가스,2701889,3089102,-12.53
2026-01,FULL,imp:기계류,2415792,2158711,11.91
2026-01,FULL,imp:대만,2935154,2227887,31.75
2026-01,FULL,imp:러시아 연방,543930,501822,8.39
2026-01,FULL,imp:말레이시아,1617577,1350979,19.73
2026-01,FULL,imp:무선통신기기,879629,652738,34.76
2026-01,FULL,imp:미국,6761951,5839341,15.80
2026-01,FULL,imp:반도체,7516027,6141954,22.37
2026-01,FULL,imp:반도체제조용장비,2935653,1814643,61.78
2026-01,FULL,imp:베트남,3055435,2564727,19.13
2026-01,FULL,imp:사우디아라비아,2311721,2482498,-6.88
2026-01,FULL,imp:석유제품,1959872,2411725,-18.74
2026-01,FULL,imp:석탄,1143139,1226731,-6.81
2026-01,FULL,imp:승용차,851687,661510,28.75
2026-01,FULL,imp:원유,6178931,7096163,-12.93
2026-01,FULL,imp:유럽연합,5725396,4290414,33.45
2026-01,FULL,imp:일본,3900671,3587345,8.73
2026-01,FULL,imp:정밀기기,1452142,1190286,22.00
2026-01,FULL,imp:중국,13189580,11208793,17.67
2026-01,FULL,imp:호주,3373170,2906682,16.05
2026-02,D10,exp:TOTAL,21406388,14811188,44.53
2026-02,D10,exp:가전제품,202602,149065,35.92
2026-02,D10,exp:대만,1111209,551359,101.54
2026-02,D10,exp:말레이시아,680784,287440,136.84
2026-02,D10,exp:무선통신기기,570604,446569,27.78
2026-02,D10,exp:미국,3600016,2605530,38.17
2026-02,D10,exp:반도체,6728639,2832428,137.56
2026-02,D10,exp:베트남,2120616,1534375,38.21
2026-02,D10,exp:석유제품,1562550,1086454,43.82
2026-02,D10,exp:선박,665638,934921,-28.80
2026-02,D10,exp:승용차,1347332,1384207,-2.66
2026-02,D10,exp:싱가포르,584641,466281,25.38
2026-02,D10,exp:유럽연합,1766169,1570718,12.44
2026-02,D10,exp:인도,661188,486480,35.91
2026-02,D10,exp:일본,759283,583135,30.21
2026-02,D10,exp:자동차부품,519799,457219,13.69
2026-02,D10,exp:정밀기기,293560,270530,8.51
2026-02,D10,exp:중국,4566784,2951772,54.71
2026-02,D10,exp:철강제품,1226066,947107,29.45
2026-02,D10,exp:컴퓨터주변기기,462055,242978,90.16
2026-02,D10,exp:홍콩,915355,408367,124.15
2026-02,D10,imp:TOTAL,20757203,17123499,21.22
2026-02,D10,imp:가스,776132,805207,-3.61
2026-02,D10,imp:기계류,977389,859377,13.73
2026-02,D10,imp:대만,1115140,948747,17.54
2026-02,D10,imp:러시아 연방,154105,160736,-4.13
2026-02,D10,imp:말레이시아,523616,425112,23.17
2026-02,D10,imp:무선통신기기,314486,159751,96.86
2026-02,D10,imp:미국,2197705,2110672,4.12
2026-02,D10,imp:반도체,2911574,2202260,32.21
2026-02,D10,imp:반도체제조용장비,1222996,723211,69.11
2026-02,D10,imp:베트남,1057041,803338,31.58
2026-02,D10,imp:사우디아라비아,613620,865600,-29.11
2026-02,D10,imp:석유제품,572898,667575,-14.18
2026-02,D10,imp:석탄,346799,266187,30.28
2026-02,D10,imp:승용차,490022,248322,97.33
2026-02,D10,imp:원유,1952147,2416310,-19.21
2026-02,D10,imp:유럽연합,2469156,1769932,39.51
2026-02,D10,imp:일본,1638131,1628806,0.57
2026-02,D10,imp:정밀기기,592503,487654,21.50
2026-02,D10,imp:중국,5029190,3036058,65.65
2026-02,D10,imp:호주,867845,762364,13.84
2026-02,D20,exp:TOTAL,43692168,35228231,24.03
2026-02,D20,exp:가전제품,372661,388397,-4.05
2026-02,D20,exp:대만,2886707,1593730,81.13
2026-02,D20,exp:말레이시아,1035762,802681,29.04
2026-02,D20,exp:무선통신기기,1030904,839548,22.79
2026-02,D20,exp:미국,8020729,6589617,21.72
2026-02,D20,exp:반도체,15110747,6455746,134.07
2026-02,D20,exp:베트남,3962242,3368563,17.62
2026-02,D20,exp:석유제품,3124380,2624725,19.04
2026-02,D20,exp:선박,1301485,1058665,22.94
2026-02,D20,exp:승용차,2643458,3604913,-26.67
2026-02,D20,exp:싱가포르,1571063,1004700,56.37
2026-02,D20,exp:유럽연합,3805815,3445205,10.47
2026-02,D20,exp:인도,1273344,1155327,10.22
2026-02,D20,exp:일본,1692486,1529965,10.62
2026-02,D20,exp:자동차부품,971235,1223908,-20.64
2026-02,D20,exp:정밀기기,525702,648037,-18.88
2026-02,D20,exp:중국,8686003,6626587,31.08
2026-02,D20,exp:철강제품,2532091,2486991,1.81
2026-02,D20,exp:컴퓨터주변기기,1345285,585809,129.65
2026-02,D20,exp:홍콩,2227460,1151862,93.38
2026-02,D20,imp:TOTAL,38497182,34537356,11.47
2026-02,D20,imp:가스,1898700,1435691,32.25
2026-02,D20,imp:기계류,1621311,1722599,-5.88
2026-02,D20,imp:대만,1944811,1791786,8.54
2026-02,D20,imp:러시아 연방,353849,341800,3.53
2026-02,D20,imp:말레이시아,947450,909190,4.21
2026-02,D20,imp:무선통신기기,707611,370064,91.21
2026-02,D20,imp:미국,4167239,4299775,-3.08
2026-02,D20,imp:반도체,5163936,4329703,19.27
2026-02,D20,imp:반도체제조용장비,1985660,1545220,28.50
2026-02,D20,imp:베트남,2114672,1597324,32.39
2026-02,D20,imp:사우디아라비아,1563310,1603421,-2.50
2026-02,D20,imp:석유제품,1255428,1249348,0.49
2026-02,D20,imp:석탄,873060,703541,24.10
2026-02,D20,imp:승용차,785428,468868,67.52
2026-02,D20,imp:원유,4420456,4371054,1.13
2026-02,D20,imp:유럽연합,4163268,3766815,10.52
2026-02,D20,imp:일본,2825295,3110425,-9.17
2026-02,D20,imp:정밀기기,1014393,978697,3.65
2026-02,D20,imp:중국,8993839,6543548,37.45
2026-02,D20,imp:호주,1912957,1632761,17.16
2026-02,FULL,exp:TOTAL,67642547,52292301,29.35
2026-02,FULL,exp:가전제품,526311,603499,-12.79
2026-02,FULL,exp:대만,4549215,2751970,65.31
2026-02,FULL,exp:말레이시아,1733073,1033844,67.63
2026-02,FULL,exp:무선통신기기,1403770,1145297,22.57
2026-02,FULL,exp:미국,12704285,9889640,28.46
2026-02,FULL,exp:반도체,25254092,9795611,157.81
2026-02,FULL,exp:베트남,5895225,4733818,24.53
2026-02,FULL,exp:석유제품,4134731,3908568,5.79
2026-02,FULL,exp:선박,2145152,1472970,45.63
2026-02,FULL,exp:승용차,4503114,5848945,-23.01
2026-02,FULL,exp:싱가포르,2492959,1629460,52.99
2026-02,FULL,exp:유럽연합,5565678,5072726,9.72
2026-02,FULL,exp:인도,1739790,1595804,9.02
2026-02,FULL,exp:일본,2392260,2265014,5.62
2026-02,FULL,exp:자동차부품,1368206,1808863,-24.36
2026-02,FULL,exp:정밀기기,774382,934408,-17.13
2026-02,FULL,exp:중국,12778487,9505605,34.43
2026-02,FULL,exp:철강제품,3678524,3778184,-2.64
2026-02,FULL,exp:컴퓨터주변기기,2734224,963189,183.87
2026-02,FULL,exp:홍콩,4984128,1888440,163.93
2026-02,FULL,imp:TOTAL,51933913,48328741,7.46
2026-02,FULL,imp:가스,2627235,2279012,15.28
2026-02,FULL,imp:기계류,2317783,2384598,-2.80
2026-02,FULL,imp:대만,2608423,2396498,8.84
2026-02,FULL,imp:러시아 연방,518742,485544,6.84
2026-02,FULL,imp:말레이시아,1366812,1379681,-0.93
2026-02,FULL,imp:무선통신기기,1026019,563948,81.94
2026-02,FULL,imp:미국,5759089,5739598,0.34
2026-02,FULL,imp:반도체,6892349,5784406,19.15
2026-02,FULL,imp:반도체제조용장비,3000855,2235109,34.26
2026-02,FULL,imp:베트남,2933658,2264974,29.52
2026-02,FULL,imp:사우디아라비아,1842173,2366254,-22.15
2026-02,FULL,imp:석유제품,1530665,1924540,-20.47
2026-02,FULL,imp:석탄,1219129,1019634,19.57
2026-02,FULL,imp:승용차,1152417,726628,58.60
2026-02,FULL,imp:원유,5511599,6128159,-10.06
2026-02,FULL,imp:유럽연합,5870466,5131147,14.41
2026-02,FULL,imp:일본,3980504,4192448,-5.06
2026-02,FULL,imp:정밀기기,1361815,1357506,0.32
2026-02,FULL,imp:중국,11634017,9485141,22.66
2026-02,FULL,imp:호주,2443962,2340709,4.41
2026-03,D10,exp:TOTAL,22019739,13798090,59.59
2026-03,D10,exp:가전제품,167437,146652,14.17
2026-03,D10,exp:대만,1344648,593297,126.64
2026-03,D10,exp:말레이시아,236304,216707,9.04
2026-03,D10,exp:무선통신기기,454119,451641,0.55
2026-03,D10,exp:미국,4221084,2466535,71.13
2026-03,D10,exp:반도체,7588184,2750586,175.88
2026-03,D10,exp:베트남,2190009,1344937,62.83
2026-03,D10,exp:석유제품,1951340,987011,97.70
2026-03,D10,exp:선박,465459,1222229,-61.92
2026-03,D10,exp:승용차,1371442,1205666,13.75
2026-03,D10,exp:싱가포르,518699,688309,-24.64
2026-03,D10,exp:유럽연합,1442777,1541458,-6.40
2026-03,D10,exp:인도,547274,389770,40.41
2026-03,D10,exp:일본,752810,546923,37.64
2026-03,D10,exp:자동차부품,489319,436837,12.01
2026-03,D10,exp:정밀기기,267062,216006,23.64
2026-03,D10,exp:중국,5249264,2692843,94.93
2026-03,D10,exp:철강제품,1088771,833473,30.63
2026-03,D10,exp:컴퓨터주변기기,815068,173185,370.63
2026-03,D10,exp:홍콩,1255776,441047,184.73
2026-03,D10,imp:TOTAL,19370585,15920967,21.67
2026-03,D10,imp:가스,735080,800996,-8.23
2026-03,D10,imp:기계류,782550,642605,21.78
2026-03,D10,imp:대만,1020428,876773,16.38
2026-03,D10,imp:러시아 연방,142634,120624,18.25
2026-03,D10,imp:말레이시아,462340,311385,48.48
2026-03,D10,imp:무선통신기기,399905,193765,106.39
2026-03,D10,imp:미국,2024165,1664460,21.61
2026-03,D10,imp:반도체,3065878,1997137,53.51
2026-03,D10,imp:반도체제조용장비,1022409,930116,9.92
2026-03,D10,imp:베트남,1007379,783710,28.54
2026-03,D10,imp:사우디아라비아,914662,825934,10.74
2026-03,D10,imp:석유제품,676490,565691,19.59
2026-03,D10,imp:석탄,325172,193978,67.63
2026-03,D10,imp:승용차,207053,374510,-44.71
2026-03,D10,imp:원유,2280364,2304083,-1.03
2026-03,D10,imp:유럽연합,2511252,1764416,42.33
2026-03,D10,imp:일본,1681369,1295186,29.82
2026-03,D10,imp:정밀기기,565285,440853,28.23
2026-03,D10,imp:중국,4232726,3239317,30.67
2026-03,D10,imp:호주,836817,727686,15.00
2026-03,D20,exp:TOTAL,54274847,35436582,53.16
2026-03,D20,exp:가전제품,397359,355099,11.90
2026-03,D20,exp:대만,3357850,1850075,81.50
2026-03,D20,exp:말레이시아,895157,554609,61.40
2026-03,D20,exp:무선통신기기,1068235,946188,12.90
2026-03,D20,exp:미국,10608474,6706878,58.17
2026-03,D20,exp:반도체,18657336,7070184,163.89
2026-03,D20,exp:베트남,4756274,3233852,47.08
2026-03,D20,exp:석유제품,4120688,2114983,94.83
2026-03,D20,exp:선박,2143259,2227638,-3.79
2026-03,D20,exp:승용차,3658778,3297757,10.95
2026-03,D20,exp:싱가포르,1298684,1202558,7.99
2026-03,D20,exp:유럽연합,4493261,4214794,6.61
2026-03,D20,exp:인도,1343808,984148,36.55
2026-03,D20,exp:일본,1896242,1361503,39.28
2026-03,D20,exp:자동차부품,1182974,1182877,0.01
2026-03,D20,exp:정밀기기,613252,583409,5.12
2026-03,D20,exp:중국,10920697,6374992,71.31
2026-03,D20,exp:철강제품,2765811,2274120,21.62
2026-03,D20,exp:컴퓨터주변기기,2226086,603470,268.88
2026-03,D20,exp:홍콩,3498473,1214917,187.96
2026-03,D20,imp:TOTAL,41333271,34383403,20.21
2026-03,D20,imp:가스,1748611,1881279,-7.05
2026-03,D20,imp:기계류,1696364,1605166,5.68
2026-03,D20,imp:대만,2127616,1876535,13.38
2026-03,D20,imp:러시아 연방,415673,293525,41.61
2026-03,D20,imp:말레이시아,1204063,827250,45.55
2026-03,D20,imp:무선통신기기,757545,468815,61.59
2026-03,D20,imp:미국,4727739,3538813,33.60
2026-03,D20,imp:반도체,5821478,4326887,34.54
2026-03,D20,imp:반도체제조용장비,2080017,1888222,10.16
2026-03,D20,imp:베트남,2079277,1742442,19.33
2026-03,D20,imp:사우디아라비아,1954838,1312248,48.97
2026-03,D20,imp:석유제품,1455614,1369612,6.28
2026-03,D20,imp:석탄,751790,515858,45.74
2026-03,D20,imp:승용차,730311,742308,-1.62
2026-03,D20,imp:원유,4836033,3695376,30.87
2026-03,D20,imp:유럽연합,4633400,3768545,22.95
2026-03,D20,imp:일본,3546741,3015741,17.61
2026-03,D20,imp:정밀기기,1145515,978491,17.07
2026-03,D20,imp:중국,9155139,7332959,24.85
2026-03,D20,imp:호주,1990053,1605548,23.95
2026-03,FULL,exp:TOTAL,87333128,58064562,50.41
2026-03,FULL,exp:가전제품,620067,567422,9.28
2026-03,FULL,exp:대만,6318777,3820712,65.38
2026-03,FULL,exp:말레이시아,1427980,980220,45.68
2026-03,FULL,exp:무선통신기기,1573396,1392090,13.02
2026-03,FULL,exp:미국,16419951,11109476,47.80
2026-03,FULL,exp:반도체,32972552,13196760,149.85
2026-03,FULL,exp:베트남,7131929,5025872,41.90
2026-03,FULL,exp:석유제품,6288766,3324448,89.17
2026-03,FULL,exp:선박,3413486,3062292,11.47
2026-03,FULL,exp:승용차,6077605,6011597,1.10
2026-03,FULL,exp:싱가포르,2075543,1894030,9.58
2026-03,FULL,exp:유럽연합,7470796,6258648,19.37
2026-03,FULL,exp:인도,1966478,1502347,30.89
2026-03,FULL,exp:일본,2918759,2158842,35.20
2026-03,FULL,exp:자동차부품,1695105,1793278,-5.47
2026-03,FULL,exp:정밀기기,941980,900999,4.55
2026-03,FULL,exp:중국,16685519,10057086,65.91
2026-03,FULL,exp:철강제품,4107993,3874596,6.02
2026-03,FULL,exp:컴퓨터주변기기,3602148,1348200,167.18
2026-03,FULL,exp:홍콩,7860308,2681760,193.10
2026-03,FULL,imp:TOTAL,60753446,53341032,13.90
2026-03,FULL,imp:가스,2353412,2913061,-19.21
2026-03,FULL,imp:기계류,2789196,2527531,10.35
2026-03,FULL,imp:대만,3122519,2912365,7.22
2026-03,FULL,imp:러시아 연방,598579,436418,37.16
2026-03,FULL,imp:말레이시아,1732681,1184820,46.24
2026-03,FULL,imp:무선통신기기,1091022,661538,64.92
2026-03,FULL,imp:미국,7236965,5391830,34.22
2026-03,FULL,imp:반도체,8810045,6542021,34.67
2026-03,FULL,imp:반도체제조용장비,3533803,3258472,8.45
2026-03,FULL,imp:베트남,3211905,2604697,23.31
2026-03,FULL,imp:사우디아라비아,2303665,2400642,-4.04
2026-03,FULL,imp:석유제품,1974443,1918554,2.91
2026-03,FULL,imp:석탄,1075597,884296,21.63
2026-03,FULL,imp:승용차,1121532,1117772,0.34
2026-03,FULL,imp:원유,6196607,6282822,-1.37
2026-03,FULL,imp:유럽연합,7395583,6143867,20.37
2026-03,FULL,imp:일본,5111054,4579729,11.60
2026-03,FULL,imp:정밀기기,1690121,1461599,15.64
2026-03,FULL,imp:중국,14126113,11377002,24.16
2026-03,FULL,imp:호주,2633673,2550488,3.26
2026-04,D10,exp:TOTAL,25127271,18444823,36.23
2026-04,D10,exp:가전제품,160339,214993,-25.42
2026-04,D10,exp:대만,1282233,761952,68.28
2026-04,D10,exp:말레이시아,413087,342451,20.63
2026-04,D10,exp:무선통신기기,568788,490722,15.91
2026-04,D10,exp:미국,4288029,3459434,23.95
2026-04,D10,exp:반도체,8572668,3394493,152.55
2026-04,D10,exp:베트남,2809454,1702574,65.01
2026-04,D10,exp:석유제품,1705644,1264689,34.87
2026-04,D10,exp:선박,815043,643529,26.65
2026-04,D10,exp:승용차,1706639,1830140,-6.75
2026-04,D10,exp:싱가포르,529990,525375,0.88
2026-04,D10,exp:유럽연합,2352861,2171628,8.35
2026-04,D10,exp:인도,849502,539622,57.43
2026-04,D10,exp:일본,1261886,865874,45.74
2026-04,D10,exp:자동차부품,651736,706082,-7.70
2026-04,D10,exp:정밀기기,317628,323956,-1.95
2026-04,D10,exp:중국,5712080,3501528,63.13
2026-04,D10,exp:철강제품,1423646,1298966,9.60
2026-04,D10,exp:컴퓨터주변기기,522973,222733,134.80
2026-04,D10,exp:홍콩,877275,527691,66.25
2026-04,D10,imp:TOTAL,22119250,19622217,12.73
2026-04,D10,imp:가스,860237,714458,20.40
2026-04,D10,imp:기계류,929459,1003344,-7.36
2026-04,D10,imp:대만,1163308,932400,24.76
2026-04,D10,imp:러시아 연방,254283,202498,25.57
2026-04,D10,imp:말레이시아,775754,490517,58.15
2026-04,D10,imp:무선통신기기,291130,302461,-3.75
2026-04,D10,imp:미국,3184233,2283909,39.42
2026-04,D10,imp:반도체,3172349,2445532,29.72
2026-04,D10,imp:반도체제조용장비,1257952,706922,77.95
2026-04,D10,imp:베트남,1116778,919962,21.39
2026-04,D10,imp:사우디아라비아,432807,877451,-50.67
2026-04,D10,imp:석유제품,663654,707788,-6.24
2026-04,D10,imp:석탄,453379,356381,27.22
2026-04,D10,imp:승용차,261225,470390,-44.47
2026-04,D10,imp:원유,2841630,2614052,8.71
2026-04,D10,imp:유럽연합,2111888,1530563,37.98
2026-04,D10,imp:일본,1635758,1793351,-8.79
2026-04,D10,imp:정밀기기,600790,559702,7.34
2026-04,D10,imp:중국,5159289,4541642,13.60
2026-04,D10,imp:호주,1113627,1022891,8.87
2026-04,D20,exp:TOTAL,50269021,33718845,49.08
2026-04,D20,exp:가전제품,313221,374316,-16.32
2026-04,D20,exp:대만,2671193,1505958,77.37
2026-04,D20,exp:말레이시아,811689,533799,52.06
2026-04,D20,exp:무선통신기기,1024629,914781,12.01
2026-04,D20,exp:미국,9351032,6160152,51.80
2026-04,D20,exp:반도체,18285216,6471961,182.53
2026-04,D20,exp:베트남,5434873,3057233,77.77
2026-04,D20,exp:석유제품,3121570,2146809,45.41
2026-04,D20,exp:선박,1773569,1008645,75.84
2026-04,D20,exp:승용차,3142580,3662348,-14.19
2026-04,D20,exp:싱가포르,1127630,890383,26.65
2026-04,D20,exp:유럽연합,4397748,3978838,10.53
2026-04,D20,exp:인도,1560659,1052521,48.28
2026-04,D20,exp:일본,2112981,1493893,41.44
2026-04,D20,exp:자동차부품,1094787,1203792,-9.06
2026-04,D20,exp:정밀기기,544884,573607,-5.01
2026-04,D20,exp:중국,11285936,6606915,70.82
2026-04,D20,exp:철강제품,2586912,2404359,7.59
2026-04,D20,exp:컴퓨터주변기기,2197612,440859,398.48
2026-04,D20,exp:홍콩,2179789,1124309,93.88
2026-04,D20,imp:TOTAL,39922897,33941553,17.62
2026-04,D20,imp:가스,1444418,1659084,-12.94
2026-04,D20,imp:기계류,1684360,1693086,-0.52
2026-04,D20,imp:대만,2274046,1546046,47.09
2026-04,D20,imp:러시아 연방,517888,330292,56.80
2026-04,D20,imp:말레이시아,1396664,799671,74.65
2026-04,D20,imp:무선통신기기,553483,459298,20.51
2026-04,D20,imp:미국,5265450,4011967,31.24
2026-04,D20,imp:반도체,6349715,4015446,58.13
2026-04,D20,imp:반도체제조용장비,2072251,1268485,63.36
2026-04,D20,imp:베트남,2097265,1651010,27.03
2026-04,D20,imp:사우디아라비아,928767,1309686,-29.08
2026-04,D20,imp:석유제품,1043743,1190847,-12.35
2026-04,D20,imp:석탄,681103,604899,12.60
2026-04,D20,imp:승용차,714600,699276,2.19
2026-04,D20,imp:원유,4836637,4275937,13.11
2026-04,D20,imp:유럽연합,3812939,3037393,25.53
2026-04,D20,imp:일본,2877547,2921476,-1.50
2026-04,D20,imp:정밀기기,1079742,957142,12.81
2026-04,D20,imp:중국,9898414,7650505,29.38
2026-04,D20,imp:호주,1693171,1804576,-6.17
2026-04,FULL,exp:TOTAL,85751883,58035745,47.76
2026-04,FULL,exp:가전제품,539173,659422,-18.24
2026-04,FULL,exp:대만,5561208,3302394,68.40
2026-04,FULL,exp:말레이시아,1536350,868690,76.86
2026-04,FULL,exp:무선통신기기,1479347,1402528,5.48
2026-04,FULL,exp:미국,16359174,10605998,54.24
2026-04,FULL,exp:반도체,32037722,11803393,171.43
2026-04,FULL,exp:베트남,7897898,4836983,63.28
2026-04,FULL,exp:석유제품,5054233,3696099,36.75
2026-04,FULL,exp:선박,2772718,1845260,50.26
2026-04,FULL,exp:승용차,5841732,6298092,-7.25
2026-04,FULL,exp:싱가포르,2194531,1449396,51.41
2026-04,FULL,exp:유럽연합,7184852,6621594,8.51
2026-04,FULL,exp:인도,2416741,1702787,41.93
2026-04,FULL,exp:일본,2981619,2304321,29.39
2026-04,FULL,exp:자동차부품,1793010,1963757,-8.69
2026-04,FULL,exp:정밀기기,921004,942102,-2.24
2026-04,FULL,exp:중국,17665775,10870289,62.51
2026-04,FULL,exp:철강제품,4322292,4360393,-0.87
2026-04,FULL,exp:컴퓨터주변기기,4238499,829446,411.00
2026-04,FULL,exp:홍콩,5541634,2515707,120.28
2026-04,FULL,imp:TOTAL,62104908,53232716,16.67
2026-04,FULL,imp:가스,2373218,2727779,-13.00
2026-04,FULL,imp:기계류,2734666,2722987,0.43
2026-04,FULL,imp:대만,3310626,2318181,42.81
2026-04,FULL,imp:러시아 연방,745190,618842,20.42
2026-04,FULL,imp:말레이시아,2084113,1308252,59.31
2026-04,FULL,imp:무선통신기기,750083,681667,10.04
2026-04,FULL,imp:미국,8330306,6139710,35.68
2026-04,FULL,imp:반도체,9112417,5961243,52.86
2026-04,FULL,imp:반도체제조용장비,3142659,2020661,55.53
2026-04,FULL,imp:베트남,3004795,2496615,20.35
2026-04,FULL,imp:사우디아라비아,1905141,2084771,-8.62
2026-04,FULL,imp:석유제품,1988903,1914684,3.88
2026-04,FULL,imp:석탄,1184959,934974,26.74
2026-04,FULL,imp:승용차,1219848,1178414,3.52
2026-04,FULL,imp:원유,7034144,6219241,13.10
2026-04,FULL,imp:유럽연합,6024655,5041665,19.50
2026-04,FULL,imp:일본,4496152,4477625,0.41
2026-04,FULL,imp:정밀기기,1650360,1483882,11.22
2026-04,FULL,imp:중국,15590891,12504100,24.69
2026-04,FULL,imp:호주,2632237,2771097,-5.01
2026-05,D10,exp:TOTAL,17941707,12824191,39.91
2026-05,D10,exp:가전제품,107909,119640,-9.81
2026-05,D10,exp:대만,1372939,699249,96.34
2026-05,D10,exp:말레이시아,262971,243676,7.92
2026-05,D10,exp:무선통신기기,421847,396598,6.37
2026-05,D10,exp:미국,2343921,1985544,18.05
2026-05,D10,exp:반도체,8538613,3417924,149.82
2026-05,D10,exp:베트남,2239613,1455983,53.82
2026-05,D10,exp:석유제품,1042114,995574,4.67
2026-05,D10,exp:선박,261824,632597,-58.61
2026-05,D10,exp:승용차,828420,1121561,-26.14
2026-05,D10,exp:싱가포르,273526,286750,-4.61
2026-05,D10,exp:유럽연합,1321028,1142754,15.60
2026-05,D10,exp:인도,327149,384617,-14.94
2026-05,D10,exp:일본,642389,590695,8.75
2026-05,D10,exp:자동차부품,291603,304651,-4.28
2026-05,D10,exp:정밀기기,170386,198223,-14.04
2026-05,D10,exp:중국,5092318,2801447,81.77
2026-05,D10,exp:철강제품,744904,761170,-2.14
2026-05,D10,exp:컴퓨터주변기기,627104,236742,164.89
2026-05,D10,exp:홍콩,1021827,432634,136.19
2026-05,D10,imp:TOTAL,16720267,14561462,14.83
2026-05,D10,imp:가스,730285,613504,19.04
2026-05,D10,imp:기계류,604198,615951,-1.91
2026-05,D10,imp:대만,797227,824869,-3.35
2026-05,D10,imp:러시아 연방,104887,174964,-40.05
2026-05,D10,imp:말레이시아,389019,365797,6.35
2026-05,D10,imp:무선통신기기,165401,153821,7.53
2026-05,D10,imp:미국,2217645,1805472,22.83
2026-05,D10,imp:반도체,2565066,1813762,41.42
2026-05,D10,imp:반도체제조용장비,1264846,550556,129.74
2026-05,D10,imp:베트남,714766,719514,-0.66
2026-05,D10,imp:사우디아라비아,884271,739649,19.55
2026-05,D10,imp:석유제품,875726,435989,100.86
2026-05,D10,imp:석탄,200599,228525,-12.22
2026-05,D10,imp:승용차,287540,343344,-16.25
2026-05,D10,imp:원유,2775591,2572065,7.91
2026-05,D10,imp:유럽연합,1981004,1362664,45.38
2026-05,D10,imp:일본,871366,813017,7.18
2026-05,D10,imp:정밀기기,416188,356251,16.82
2026-05,D10,imp:중국,4133624,3210184,28.77
2026-05,D10,imp:호주,681759,591262,15.31
2026-05,D20,exp:TOTAL,52502449,31953120,64.31
2026-05,D20,exp:가전제품,331809,353986,-6.26
2026-05,D20,exp:대만,3479546,1658461,109.81
2026-05,D20,exp:말레이시아,801686,547582,46.40
2026-05,D20,exp:무선통신기기,982513,881997,11.40
2026-05,D20,exp:미국,9402843,5243821,79.31
2026-05,D20,exp:반도체,21950844,7265549,202.12
2026-05,D20,exp:베트남,5374626,3158604,70.16
2026-05,D20,exp:석유제품,3259792,2212067,47.36
2026-05,D20,exp:선박,1414852,1289371,9.73
2026-05,D20,exp:승용차,2762851,3077966,-10.24
2026-05,D20,exp:싱가포르,1140691,915347,24.62
2026-05,D20,exp:유럽연합,4030726,3273462,23.13
2026-05,D20,exp:인도,1185697,960129,23.49
2026-05,D20,exp:일본,1675288,1407655,19.01
2026-05,D20,exp:자동차부품,950878,901198,5.51
2026-05,D20,exp:정밀기기,532338,520396,2.29
2026-05,D20,exp:중국,12342704,6352286,94.30
2026-05,D20,exp:철강제품,2417797,2115130,14.31
2026-05,D20,exp:컴퓨터주변기기,2449292,604528,305.16
2026-05,D20,exp:홍콩,2892948,1167782,147.73
2026-05,D20,imp:TOTAL,41108245,32190873,27.70
2026-05,D20,imp:가스,1596653,1450423,10.08
2026-05,D20,imp:기계류,1645428,1470432,11.90
2026-05,D20,imp:대만,1929678,1670478,15.52
2026-05,D20,imp:러시아 연방,333063,355237,-6.24
2026-05,D20,imp:말레이시아,982745,730457,34.54
2026-05,D20,imp:무선통신기기,433559,377810,14.76
2026-05,D20,imp:미국,5351950,4305344,24.31
2026-05,D20,imp:반도체,6043253,3887005,55.47
2026-05,D20,imp:반도체제조용장비,2291627,1059894,116.21
2026-05,D20,imp:베트남,1699508,1505091,12.92
2026-05,D20,imp:사우디아라비아,1500872,1394354,7.64
2026-05,D20,imp:석유제품,1626661,1029667,57.98
2026-05,D20,imp:석탄,669341,490150,36.56
2026-05,D20,imp:승용차,1104168,802276,37.63
2026-05,D20,imp:원유,6038549,4787129,26.14
2026-05,D20,imp:유럽연합,4484378,3160915,41.87
2026-05,D20,imp:일본,2662790,2151399,23.77
2026-05,D20,imp:정밀기기,1035388,839877,23.28
2026-05,D20,imp:중국,10266174,7230970,41.98
2026-05,D20,imp:호주,1748272,1572208,11.20
2026-05,FULL,exp:TOTAL,87576083,57261063,52.94
2026-05,FULL,exp:가전제품,580195,591566,-1.92
2026-05,FULL,exp:대만,6664227,3773435,76.61
2026-05,FULL,exp:말레이시아,1461439,1026452,42.38
2026-05,FULL,exp:무선통신기기,1502302,1388196,8.22
2026-05,FULL,exp:미국,15981424,10036995,59.23
2026-05,FULL,exp:반도체,37286222,13929723,167.67
2026-05,FULL,exp:베트남,8444947,5236200,61.28
2026-05,FULL,exp:석유제품,5237054,3646694,43.61
2026-05,FULL,exp:선박,2503537,2166226,15.57
2026-05,FULL,exp:승용차,5480813,5939575,-7.72
2026-05,FULL,exp:싱가포르,2304935,1587493,45.19
2026-05,FULL,exp:유럽연합,6234469,6044196,3.15
2026-05,FULL,exp:인도,1955195,1615438,21.03
2026-05,FULL,exp:일본,2640922,2372099,11.33
2026-05,FULL,exp:자동차부품,1477059,1602541,-7.83
2026-05,FULL,exp:정밀기기,838090,861826,-2.75
2026-05,FULL,exp:중국,18883274,10446428,80.76
2026-05,FULL,exp:철강제품,4041314,3789307,6.65
2026-05,FULL,exp:컴퓨터주변기기,4337680,1244659,248.50
2026-05,FULL,exp:홍콩,6466679,2855506,126.46
2026-05,FULL,imp:TOTAL,60748350,50345116,20.66
2026-05,FULL,imp:가스,2185196,2570301,-14.98
2026-05,FULL,imp:기계류,2416152,2401853,0.60
2026-05,FULL,imp:대만,3137224,2436079,28.78
2026-05,FULL,imp:러시아 연방,478038,510577,-6.37
2026-05,FULL,imp:말레이시아,1386275,1103601,25.61
2026-05,FULL,imp:무선통신기기,717452,625884,14.63
2026-05,FULL,imp:미국,7518119,6773649,10.99
2026-05,FULL,imp:반도체,9274119,5756797,61.10
2026-05,FULL,imp:반도체제조용장비,2937039,1896288,54.88
2026-05,FULL,imp:베트남,2623560,2366380,10.87
2026-05,FULL,imp:사우디아라비아,2352918,2054506,14.52
2026-05,FULL,imp:석유제품,2567583,1511823,69.83
2026-05,FULL,imp:석탄,1105281,805546,37.21
2026-05,FULL,imp:승용차,1407890,1382704,1.82
2026-05,FULL,imp:원유,8434260,6771646,24.55
2026-05,FULL,imp:유럽연합,6194173,5246886,18.05
2026-05,FULL,imp:일본,4292956,3558731,20.63
2026-05,FULL,imp:정밀기기,1511399,1330298,13.61
2026-05,FULL,imp:중국,15097201,11339130,33.14
2026-05,FULL,imp:호주,3021929,2473402,22.18
2026-06,D10,exp:TOTAL,28496961,15400571,85.04
2026-06,D10,exp:가전제품,187697,141520,32.63
2026-06,D10,exp:대만,1869877,803061,132.84
2026-06,D10,exp:말레이시아,946155,309093,206.11
2026-06,D10,exp:무선통신기기,448340,294700,52.13
2026-06,D10,exp:미국,4527358,2938135,54.09
2026-06,D10,exp:반도체,11066421,3619434,205.75
2026-06,D10,exp:베트남,2825286,1394052,102.67
2026-06,D10,exp:석유제품,1856813,1146079,62.01
2026-06,D10,exp:선박,1353827,892638,51.67
2026-06,D10,exp:승용차,1620396,1294923,25.13
2026-06,D10,exp:싱가포르,1127496,474396,137.67
2026-06,D10,exp:유럽연합,2154372,1477606,45.80
2026-06,D10,exp:인도,671071,447377,50.00
2026-06,D10,exp:일본,798432,589326,35.48
2026-06,D10,exp:자동차부품,566293,484126,16.97
2026-06,D10,exp:정밀기기,312283,227935,37.01
2026-06,D10,exp:중국,6166323,3070702,100.81
2026-06,D10,exp:철강제품,1309119,945477,38.46
2026-06,D10,exp:컴퓨터주변기기,928331,258238,259.49
2026-06,D10,exp:홍콩,1487637,565711,162.97
2026-06,D10,imp:TOTAL,23313215,17215610,35.42
2026-06,D10,imp:가스,853759,773627,10.36
2026-06,D10,imp:기계류,1006372,830199,21.22
2026-06,D10,imp:대만,1342802,935262,43.57
2026-06,D10,imp:러시아 연방,238614,101594,134.87
2026-06,D10,imp:말레이시아,529620,397034,33.39
2026-06,D10,imp:무선통신기기,389233,246548,57.87
2026-06,D10,imp:미국,2750168,2034446,35.18
2026-06,D10,imp:반도체,3783350,2209404,71.24
2026-06,D10,imp:반도체제조용장비,1012573,665120,52.24
2026-06,D10,imp:베트남,1106029,883511,25.19
2026-06,D10,imp:사우디아라비아,750979,692464,8.45
2026-06,D10,imp:석유제품,724249,603026,20.10
2026-06,D10,imp:석탄,419594,205876,103.81
2026-06,D10,imp:승용차,422450,380705,10.97
2026-06,D10,imp:원유,3032043,2121651,42.91
2026-06,D10,imp:유럽연합,2217182,1832719,20.98
2026-06,D10,imp:일본,1793893,1368511,31.08
2026-06,D10,imp:정밀기기,636038,505789,25.75
2026-06,D10,imp:중국,6019559,3826703,57.30
2026-06,D10,imp:호주,1153485,656181,75.79
2026-06,D20,exp:TOTAL,61749369,38659030,59.73
2026-06,D20,exp:가전제품,411322,354543,16.01
2026-06,D20,exp:대만,4545090,2235035,103.36
2026-06,D20,exp:말레이시아,1694599,731769,131.58
2026-06,D20,exp:무선통신기기,1049249,718611,46.01
2026-06,D20,exp:미국,11382699,7406663,53.68
2026-06,D20,exp:반도체,25503660,8846348,188.30
2026-06,D20,exp:베트남,5918016,3382175,74.98
2026-06,D20,exp:석유제품,3521851,2644141,33.19
2026-06,D20,exp:선박,2211475,1583188,39.68
2026-06,D20,exp:승용차,3732680,3653575,2.17
2026-06,D20,exp:싱가포르,2169405,862304,151.58
2026-06,D20,exp:유럽연합,4704908,4087757,15.10
2026-06,D20,exp:인도,1366078,1124252,21.51
2026-06,D20,exp:일본,1855875,1620688,14.51
2026-06,D20,exp:자동차부품,1102788,1221088,-9.69
2026-06,D20,exp:정밀기기,622361,586333,6.14
2026-06,D20,exp:중국,13016726,6981155,86.46
2026-06,D20,exp:철강제품,2800145,2484227,12.72
2026-06,D20,exp:컴퓨터주변기기,3065605,779684,293.19
2026-06,D20,exp:홍콩,3871874,1663170,132.80
2026-06,D20,imp:TOTAL,44454973,36124960,23.06
2026-06,D20,imp:가스,1711606,1596489,7.21
2026-06,D20,imp:기계류,1866327,1815763,2.78
2026-06,D20,imp:대만,2697947,2015689,33.85
2026-06,D20,imp:러시아 연방,410908,250764,63.86
2026-06,D20,imp:말레이시아,1249423,868467,43.87
2026-06,D20,imp:무선통신기기,839979,539462,55.71
2026-06,D20,imp:미국,5528428,4398175,25.70
2026-06,D20,imp:반도체,7103563,4569462,55.46
2026-06,D20,imp:반도체제조용장비,2138583,1409008,51.78
2026-06,D20,imp:베트남,2143909,1738145,23.34
2026-06,D20,imp:사우디아라비아,1432217,1858028,-22.92
2026-06,D20,imp:석유제품,1342286,1246114,7.72
2026-06,D20,imp:석탄,901254,555625,62.21
2026-06,D20,imp:승용차,905785,810507,11.76
2026-06,D20,imp:원유,5430770,4577913,18.63
2026-06,D20,imp:유럽연합,4412679,3788727,16.47
2026-06,D20,imp:일본,3243088,2843438,14.06
2026-06,D20,imp:정밀기기,1174224,1020392,15.08
2026-06,D20,imp:중국,11274744,7993375,41.05
2026-06,D20,imp:호주,1992650,1418694,40.46
2026-06,FULL,exp:TOTAL,101956159,59833797,70.40
2026-06,FULL,exp:가전제품,660484,544959,21.20
2026-06,FULL,exp:대만,8322974,4348540,91.40
2026-06,FULL,exp:말레이시아,2457720,1031925,138.17
2026-06,FULL,exp:무선통신기기,1576270,981636,60.58
2026-06,FULL,exp:미국,20001822,11208004,78.46
2026-06,FULL,exp:반도체,44942588,15138595,196.87
2026-06,FULL,exp:베트남,8610837,4936225,74.44
2026-06,FULL,exp:석유제품,5423284,3785438,43.27
2026-06,FULL,exp:선박,2714944,2332840,16.38
2026-06,FULL,exp:승용차,6360318,5995652,6.08
2026-06,FULL,exp:싱가포르,3148227,1529376,105.85
2026-06,FULL,exp:유럽연합,7632336,5785913,31.91
2026-06,FULL,exp:인도,2104346,1582585,32.97
2026-06,FULL,exp:일본,2797701,2440273,14.65
2026-06,FULL,exp:자동차부품,1653202,1715525,-3.63
2026-06,FULL,exp:정밀기기,982246,889037,10.48
2026-06,FULL,exp:중국,20002319,10424044,91.89
2026-06,FULL,exp:철강제품,4351286,3694192,17.79
2026-06,FULL,exp:컴퓨터주변기기,5584367,1459274,282.68
2026-06,FULL,exp:홍콩,9095014,3181149,185.90
2026-06,FULL,imp:TOTAL,66051586,50825746,29.96
2026-06,FULL,imp:가스,2530275,2077662,21.78
2026-06,FULL,imp:기계류,2751979,2680285,2.67
2026-06,FULL,imp:대만,3770739,2829567,33.26
2026-06,FULL,imp:러시아 연방,596652,410072,45.50
2026-06,FULL,imp:말레이시아,1788989,1242515,43.98
2026-06,FULL,imp:무선통신기기,1126901,763606,47.58
2026-06,FULL,imp:미국,7910343,5986429,32.14
2026-06,FULL,imp:반도체,10541369,6421810,64.15
2026-06,FULL,imp:반도체제조용장비,3263004,2293656,42.26
2026-06,FULL,imp:베트남,3141864,2545012,23.45
2026-06,FULL,imp:사우디아라비아,2695754,2313436,16.53
2026-06,FULL,imp:석유제품,1804466,1475770,22.27
2026-06,FULL,imp:석탄,1390824,856523,62.38
2026-06,FULL,imp:승용차,1767620,1106181,59.79
2026-06,FULL,imp:원유,8555568,5693754,50.26
2026-06,FULL,imp:유럽연합,6825997,5714314,19.45
2026-06,FULL,imp:일본,4987562,4054965,23.00
2026-06,FULL,imp:정밀기기,1763090,1511096,16.68
2026-06,FULL,imp:중국,16422805,11498332,42.83
2026-06,FULL,imp:호주,2976172,2103128,41.51
2026-07,D10,exp:TOTAL,29827757,19385119,53.87
2026-07,D10,exp:가전제품,229862,202251,13.65
2026-07,D10,exp:대만,1406316,938531,49.84
2026-07,D10,exp:말레이시아,579556,371850,55.86
2026-07,D10,exp:무선통신기기,784320,407667,92.39
2026-07,D10,exp:미국,4910601,3432784,43.05
2026-07,D10,exp:반도체,11210176,3824839,193.09
2026-07,D10,exp:베트남,3447024,1790444,92.52
2026-07,D10,exp:석유제품,1765464,1427336,23.69
2026-07,D10,exp:선박,1545876,881731,75.32
2026-07,D10,exp:승용차,1895531,1796507,5.51
2026-07,D10,exp:싱가포르,963296,522865,84.23
2026-07,D10,exp:유럽연합,2507139,1950718,28.52
2026-07,D10,exp:인도,838870,553914,51.44
2026-07,D10,exp:일본,1012417,825218,22.68
2026-07,D10,exp:자동차부품,616364,699035,-11.83
2026-07,D10,exp:정밀기기,333309,294732,13.09
2026-07,D10,exp:중국,7046714,3739956,88.42
2026-07,D10,exp:철강제품,1463443,1296503,12.88
2026-07,D10,exp:컴퓨터주변기기,874143,283786,208.03
2026-07,D10,exp:홍콩,1345923,453565,196.74
2026-07,D10,imp:TOTAL,23471721,19998174,17.37
2026-07,D10,imp:가스,1081347,878642,23.07
2026-07,D10,imp:기계류,1089268,1010199,7.83
2026-07,D10,imp:대만,1461186,926978,57.63
2026-07,D10,imp:러시아 연방,273587,264852,3.30
2026-07,D10,imp:말레이시아,666313,467908,42.40
2026-07,D10,imp:무선통신기기,384426,323397,18.87
2026-07,D10,imp:미국,2552954,2446920,4.33
2026-07,D10,imp:반도체,3559718,2379022,49.63
2026-07,D10,imp:반도체제조용장비,1051571,703199,49.54
2026-07,D10,imp:베트남,1004094,946981,6.03
2026-07,D10,imp:사우디아라비아,948263,822259,15.32
2026-07,D10,imp:석유제품,739461,502119,47.27
2026-07,D10,imp:석탄,632902,435170,45.44
2026-07,D10,imp:승용차,341931,436987,-21.75
2026-07,D10,imp:원유,2949272,2472204,19.30
2026-07,D10,imp:유럽연합,2073870,2170116,-4.44
2026-07,D10,imp:일본,1723757,1604667,7.42
2026-07,D10,imp:정밀기기,590819,609225,-3.02
2026-07,D10,imp:중국,5839453,4666860,25.13
2026-07,D10,imp:호주,1421872,982993,44.65
2026-07,D20,exp:TOTAL,54957390,36058354,52.41
2026-07,D20,exp:가전제품,423999,400268,5.93
2026-07,D20,exp:대만,2793734,1970674,41.77
2026-07,D20,exp:말레이시아,1487492,635442,134.09
2026-07,D20,exp:무선통신기기,1336880,805963,65.87
2026-07,D20,exp:미국,8975857,6421308,39.78
2026-07,D20,exp:반도체,22120033,7880336,180.70
2026-07,D20,exp:베트남,6209059,3403204,82.45
2026-07,D20,exp:석유제품,3458124,2557351,35.22
2026-07,D20,exp:선박,2450078,1432700,71.01
2026-07,D20,exp:승용차,3236492,3626578,-10.76
2026-07,D20,exp:싱가포르,1453084,939104,54.73
2026-07,D20,exp:유럽연합,4956545,3811142,30.05
2026-07,D20,exp:인도,1485024,1043592,42.30
2026-07,D20,exp:일본,1676698,1507047,11.26
2026-07,D20,exp:자동차부품,1050704,1163635,-9.71
2026-07,D20,exp:정밀기기,556773,527081,5.63
2026-07,D20,exp:중국,13350550,6883369,93.95
2026-07,D20,exp:철강제품,2647486,2382438,11.13
2026-07,D20,exp:컴퓨터주변기기,2039186,614378,231.91
2026-07,D20,exp:홍콩,2256384,1009004,123.62
2026-07,D20,imp:TOTAL,42683385,35608935,19.87
2026-07,D20,imp:가스,1980286,1581402,25.22
2026-07,D20,imp:기계류,1913397,1703728,12.31
2026-07,D20,imp:대만,2623277,1799956,45.74
2026-07,D20,imp:러시아 연방,446267,415417,7.43
2026-07,D20,imp:말레이시아,1023543,782238,30.85
2026-07,D20,imp:무선통신기기,914059,602466,51.72
2026-07,D20,imp:미국,5124325,4387545,16.79
2026-07,D20,imp:반도체,6504187,4198561,54.91
2026-07,D20,imp:반도체제조용장비,2151558,1371157,56.92
2026-07,D20,imp:베트남,2245014,1751378,28.19
2026-07,D20,imp:사우디아라비아,2051341,1689869,21.39
2026-07,D20,imp:석유제품,1156457,1269348,-8.89
2026-07,D20,imp:석탄,969606,771427,25.69
2026-07,D20,imp:승용차,560373,779070,-28.07
2026-07,D20,imp:원유,6015032,4712688,27.63
2026-07,D20,imp:유럽연합,4038095,3681586,9.68
2026-07,D20,imp:일본,3161962,2762601,14.46
2026-07,D20,imp:정밀기기,1034783,1020696,1.38
2026-07,D20,imp:중국,9830714,8069547,21.82
2026-07,D20,imp:호주,2122140,1689532,25.61
2026-07,FULL,exp:TOTAL,98959099,60724322,62.96
2026-07,FULL,exp:가전제품,697482,702744,-0.75
2026-07,FULL,exp:대만,5677910,4652836,22.03
2026-07,FULL,exp:말레이시아,2579528,1049177,145.86
2026-07,FULL,exp:무선통신기기,2051205,1356219,51.24
2026-07,FULL,exp:미국,17474061,10333446,69.10
2026-07,FULL,exp:반도체,41171912,14900808,176.31
2026-07,FULL,exp:베트남,9933400,5540385,79.29
2026-07,FULL,exp:석유제품,5796702,4271110,35.72
2026-07,FULL,exp:선박,3113726,2115617,47.18
2026-07,FULL,exp:승용차,5954827,5492658,8.41
2026-07,FULL,exp:싱가포르,2441077,1795829,35.93
2026-07,FULL,exp:유럽연합,9377058,6025444,55.62
2026-07,FULL,exp:인도,2583451,1781514,45.01
2026-07,FULL,exp:일본,2753565,2483646,10.87
2026-07,FULL,exp:자동차부품,1859385,1825083,1.88
2026-07,FULL,exp:정밀기기,1002036,893140,12.19
2026-07,FULL,exp:중국,21681184,11047812,96.25
2026-07,FULL,exp:철강제품,4661963,4188696,11.30
2026-07,FULL,exp:컴퓨터주변기기,4946933,1112993,344.47
2026-07,FULL,exp:홍콩,6654372,2348329,183.37
2026-07,FULL,imp:TOTAL,68567473,54210371,26.48
2026-07,FULL,imp:가스,3479607,2370997,46.76
2026-07,FULL,imp:기계류,2992311,2619211,14.24
2026-07,FULL,imp:대만,4327678,2944924,46.95
2026-07,FULL,imp:러시아 연방,742869,731246,1.59
2026-07,FULL,imp:말레이시아,1702262,1213124,40.32
2026-07,FULL,imp:무선통신기기,1346029,990051,35.96
2026-07,FULL,imp:미국,8967205,6418521,39.71
2026-07,FULL,imp:반도체,10539749,6726949,56.68
2026-07,FULL,imp:반도체제조용장비,3165772,1977235,60.11
2026-07,FULL,imp:베트남,3504676,2879055,21.73
2026-07,FULL,imp:사우디아라비아,3377693,2241789,50.67
2026-07,FULL,imp:석유제품,1715856,1977058,-13.21
2026-07,FULL,imp:석탄,1697809,1248321,36.01
2026-07,FULL,imp:승용차,974278,1305393,-25.37
2026-07,FULL,imp:원유,9322652,6044226,54.24
2026-07,FULL,imp:유럽연합,5927728,5865480,1.06
2026-07,FULL,imp:일본,4904968,4103441,19.53
2026-07,FULL,imp:정밀기기,1608185,1552555,3.58
2026-07,FULL,imp:중국,16317852,12422355,31.36
2026-07,FULL,imp:호주,3262155,2574826,26.69
2026-08,D10,exp:TOTAL,21285723,14646230,45.33
2026-08,D10,exp:가전제품,113048,124222,-9.00
2026-08,D10,exp:대만,1101444,1151732,-4.37
2026-08,D10,exp:말레이시아,601816,264801,127.27
2026-08,D10,exp:무선통신기기,470569,517507,-9.07
2026-08,D10,exp:미국,2044888,2049105,-0.21
2026-08,D10,exp:반도체,9951784,3896567,155.40
2026-08,D10,exp:베트남,2389548,1642898,45.45
2026-08,D10,exp:석유제품,1997215,1208499,65.26
2026-08,D10,exp:선박,470680,1125793,-58.19
2026-08,D10,exp:승용차,181589,948921,-80.86
2026-08,D10,exp:싱가포르,272181,928791,-70.70
2026-08,D10,exp:유럽연합,1500568,954671,57.18
2026-08,D10,exp:인도,469340,364220,28.86
2026-08,D10,exp:일본,649040,539686,20.26
2026-08,D10,exp:자동차부품,223664,350911,-36.26
2026-08,D10,exp:정밀기기,207249,222673,-6.93
2026-08,D10,exp:중국,6745686,2872418,134.84
2026-08,D10,exp:철강제품,900708,863210,4.34
2026-08,D10,exp:컴퓨터주변기기,587444,245274,139.51
2026-08,D10,exp:홍콩,1578064,439061,259.42
2026-08,D10,imp:TOTAL,19487538,15828410,23.12
2026-08,D10,imp:가스,793816,881779,-9.98
2026-08,D10,imp:기계류,802717,639889,25.45
2026-08,D10,imp:대만,1456638,855062,70.35
2026-08,D10,imp:러시아 연방,198518,236489,-16.06
2026-08,D10,imp:말레이시아,459788,338304,35.91
2026-08,D10,imp:무선통신기기,309312,195565,58.16
2026-08,D10,imp:미국,2342312,1694735,38.21
2026-08,D10,imp:반도체,3961950,2076604,90.79
2026-08,D10,imp:반도체제조용장비,831011,468705,77.30
2026-08,D10,imp:베트남,1152985,865007,33.29
2026-08,D10,imp:사우디아라비아,685160,1099525,-37.69
2026-08,D10,imp:석유제품,447360,671131,-33.34
2026-08,D10,imp:석탄,375011,372085,0.79
2026-08,D10,imp:승용차,337790,247529,36.46
2026-08,D10,imp:원유,2328096,2800957,-16.88
2026-08,D10,imp:유럽연합,1682665,1451367,15.94
2026-08,D10,imp:일본,1832165,1244205,47.26
2026-08,D10,imp:정밀기기,485244,455650,6.49
2026-08,D10,imp:중국,4790789,3231376,48.26
2026-08,D10,imp:호주,671587,754994,-11.05
2026-08,D20,exp:TOTAL,55206635,35394043,55.98
2026-08,D20,exp:가전제품,306859,317711,-3.42
2026-08,D20,exp:대만,3296225,2668125,23.54
2026-08,D20,exp:말레이시아,1984120,549342,261.18
2026-08,D20,exp:무선통신기기,1040226,995037,4.54
2026-08,D20,exp:미국,7974925,5003238,59.40
2026-08,D20,exp:반도체,26031978,8712461,198.79
2026-08,D20,exp:베트남,5825691,3479823,67.41
2026-08,D20,exp:석유제품,4238557,2710881,56.35
2026-08,D20,exp:선박,913907,2313910,-60.50
2026-08,D20,exp:승용차,1521414,2769818,-45.07
2026-08,D20,exp:싱가포르,1116323,1458040,-23.44
2026-08,D20,exp:유럽연합,3553030,3672176,-3.24
2026-08,D20,exp:인도,1372346,981476,39.82
2026-08,D20,exp:일본,1691206,1436544,17.73
2026-08,D20,exp:자동차부품,797357,996067,-19.95
2026-08,D20,exp:정밀기기,525237,522878,0.45
2026-08,D20,exp:중국,15260087,6980704,118.60
2026-08,D20,exp:철강제품,2391937,2180914,9.68
2026-08,D20,exp:컴퓨터주변기기,2278121,665826,242.15
2026-08,D20,exp:홍콩,3626026,1049421,245.53
2026-08,D20,imp:TOTAL,41231398,34633929,19.05
2026-08,D20,imp:가스,1719717,2075495,-17.14
2026-08,D20,imp:기계류,1735360,1574900,10.19
2026-08,D20,imp:대만,3045413,2082927,46.21
2026-08,D20,imp:러시아 연방,587410,472230,24.39
2026-08,D20,imp:말레이시아,896096,887009,1.02
2026-08,D20,imp:무선통신기기,692465,421694,64.21
2026-08,D20,imp:미국,4816803,3901588,23.46
2026-08,D20,imp:반도체,7470319,4687479,59.37
2026-08,D20,imp:반도체제조용장비,1872996,989436,89.30
2026-08,D20,imp:베트남,2328397,1980523,17.56
2026-08,D20,imp:사우디아라비아,1376238,1768438,-22.18
2026-08,D20,imp:석유제품,832526,1256125,-33.72
2026-08,D20,imp:석탄,1162414,762002,52.55
2026-08,D20,imp:승용차,744138,916690,-18.82
2026-08,D20,imp:원유,5438146,4648509,16.99
2026-08,D20,imp:유럽연합,3848497,3278204,17.40
2026-08,D20,imp:일본,3162283,2357687,34.13
2026-08,D20,imp:정밀기기,1030813,962320,7.12
2026-08,D20,imp:중국,9825075,7679464,27.94
2026-08,D20,imp:호주,1778079,1664652,6.81
2026-08,FULL,exp:TOTAL,98254665,58259332,68.65
2026-08,FULL,exp:가전제품,510269,514282,-0.78
2026-08,FULL,exp:대만,6471060,4371509,48.03
2026-08,FULL,exp:말레이시아,3363379,1039247,223.64
2026-08,FULL,exp:무선통신기기,1649943,1588463,3.87
2026-08,FULL,exp:미국,16502448,8718145,89.29
2026-08,FULL,exp:반도체,46828404,15299467,206.08
2026-08,FULL,exp:베트남,8817795,5398092,63.35
2026-08,FULL,exp:석유제품,6874767,4173194,64.74
2026-08,FULL,exp:선박,1631184,2978223,-45.23
2026-08,FULL,exp:승용차,3643702,5212759,-30.10
2026-08,FULL,exp:싱가포르,2374060,2164627,9.68
2026-08,FULL,exp:유럽연합,6623780,5779829,14.60
2026-08,FULL,exp:인도,2344204,1591153,47.33
2026-08,FULL,exp:일본,2682518,2376746,12.87
2026-08,FULL,exp:자동차부품,1415829,1582444,-10.53
2026-08,FULL,exp:정밀기기,860866,874037,-1.51
2026-08,FULL,exp:중국,24098821,10990269,119.27
2026-08,FULL,exp:철강제품,4032546,3560149,13.27
2026-08,FULL,exp:컴퓨터주변기기,6410085,1373278,366.77
2026-08,FULL,exp:홍콩,8902410,2726867,226.47
2026-08,FULL,imp:TOTAL,63507072,51856624,22.47
2026-08,FULL,imp:가스,2777777,3026550,-8.22
2026-08,FULL,imp:기계류,2632081,2453576,7.28
2026-08,FULL,imp:대만,4719181,2800398,68.52
2026-08,FULL,imp:러시아 연방,840432,716558,17.29
2026-08,FULL,imp:말레이시아,1480404,1340621,10.43
2026-08,FULL,imp:무선통신기기,1083731,672745,61.09
2026-08,FULL,imp:미국,7605579,5981182,27.16
2026-08,FULL,imp:반도체,11367459,6663702,70.59
2026-08,FULL,imp:반도체제조용장비,3015343,1534841,96.46
2026-08,FULL,imp:베트남,3687492,2952369,24.90
2026-08,FULL,imp:사우디아라비아,1965505,2817172,-30.23
2026-08,FULL,imp:석유제품,1370211,1751092,-21.75
2026-08,FULL,imp:석탄,1616769,1132737,42.73
2026-08,FULL,imp:승용차,1262517,1356822,-6.95
2026-08,FULL,imp:원유,8284800,6837861,21.16
2026-08,FULL,imp:유럽연합,5963461,5015956,18.89
2026-08,FULL,imp:일본,4757672,3626223,31.20
2026-08,FULL,imp:정밀기기,1598369,1495709,6.86
2026-08,FULL,imp:중국,15325220,11556618,32.61
2026-08,FULL,imp:호주,2930015,2400638,22.05
