Date,Open,High,Low,Close,Adjusted_close,Volume
2015-01-01,0.8603,0.8612,0.8601,0.8609,0.8609,0
2015-01-02,0.861,0.8621,0.8483,0.8486,0.8486,0
2015-01-05,0.8488,0.8516,0.8458,0.8501,0.8501,0
2015-01-06,0.8501,0.8524,0.8444,0.8449,0.8449,0
2015-01-07,0.8447,0.8465,0.842,0.8464,0.8464,0
2015-01-08,0.8462,0.8477,0.8441,0.8453,0.8453,0
2015-01-09,0.8452,0.847,0.8408,0.8426,0.8426,0
2015-01-12,0.8428,0.8448,0.8349,0.8352,0.8352,0
2015-01-13,0.8349,0.8385,0.8335,0.8364,0.8364,0
2015-01-14,0.8361,0.8383,0.8319,0.8368,0.8368,0
2015-01-15,0.8366,0.8472,0.8333,0.8362,0.8362,0
2015-01-16,0.8359,0.8368,0.8299,0.8344,0.8344,0
2015-01-19,0.8348,0.8379,0.8341,0.8376,0.8376,0
2015-01-20,0.837,0.8378,0.8252,0.8255,0.8255,0
2015-01-21,0.8255,0.8289,0.8066,0.8103,0.8103,0
2015-01-22,0.8102,0.812,0.805,0.8077,0.8077,0
2015-01-23,0.8077,0.8091,0.8026,0.8052,0.8052,0
2015-01-26,0.8034,0.8062,0.8004,0.8016,0.8016,0
2015-01-27,0.8014,0.8078,0.7998,0.8066,0.8066,0
2015-01-28,0.8064,0.8073,0.7974,0.7976,0.7976,0
2015-01-29,0.7976,0.7993,0.7886,0.7926,0.7926,0
2015-01-30,0.7926,0.7933,0.7811,0.7855,0.7855,0
2015-02-02,0.7852,0.7964,0.7827,0.796,0.796,0
2015-02-03,0.7957,0.8095,0.7906,0.8054,0.8054,0
2015-02-04,0.8054,0.8071,0.794,0.7953,0.7953,0
2015-02-05,0.7952,0.8068,0.7943,0.8042,0.8042,0
2015-02-06,0.8041,0.8053,0.7968,0.7984,0.7984,0
2015-02-09,0.7972,0.8046,0.7969,0.8022,0.8022,0
2015-02-10,0.802,0.8031,0.792,0.7944,0.7944,0
2015-02-11,0.7944,0.7954,0.7874,0.7916,0.7916,0
2015-02-12,0.7915,0.8039,0.7906,0.7996,0.7996,0
2015-02-13,0.7994,0.805,0.7974,0.8033,0.8033,0
2015-02-16,0.8031,0.805,0.8004,0.8022,0.8022,0
2015-02-17,0.8021,0.8089,0.8012,0.807,0.807,0
2015-02-18,0.8068,0.8078,0.8019,0.8029,0.8029,0
2015-02-19,0.8028,0.8042,0.7969,0.8002,0.8002,0
2015-02-20,0.8001,0.805,0.7957,0.7982,0.7982,0
2015-02-23,0.798,0.7985,0.792,0.7956,0.7956,0
2015-02-24,0.7952,0.8013,0.7895,0.8011,0.8011,0
2015-02-25,0.8008,0.8063,0.7999,0.8041,0.8041,0
2015-02-26,0.8041,0.8073,0.7976,0.7991,0.7991,0
2015-02-27,0.7989,0.8032,0.7979,0.7995,0.7995,0
2015-03-02,0.8009,0.8015,0.7957,0.7978,0.7978,0
2015-03-03,0.7976,0.8042,0.797,0.8003,0.8003,0
2015-03-04,0.8002,0.8059,0.7973,0.8046,0.8046,0
2015-03-05,0.8046,0.8059,0.7986,0.8009,0.8009,0
2015-03-06,0.8008,0.8028,0.7918,0.7923,0.7923,0
2015-03-09,0.7921,0.7953,0.7918,0.7935,0.7935,0
2015-03-10,0.7933,0.7937,0.7879,0.7881,0.7881,0
2015-03-11,0.788,0.7896,0.7812,0.7842,0.7842,0
2015-03-12,0.7842,0.7924,0.783,0.7883,0.7883,0
2015-03-13,0.7881,0.7884,0.7796,0.7823,0.7823,0
2015-03-16,0.7816,0.7852,0.78,0.7829,0.7829,0
2015-03-17,0.7828,0.7843,0.7812,0.782,0.782,0
2015-03-18,0.7816,0.8015,0.7791,0.7958,0.7958,0
2015-03-19,0.7959,0.7994,0.7836,0.7862,0.7862,0
2015-03-20,0.7862,0.7969,0.7858,0.7967,0.7967,0
2015-03-23,0.7962,0.8002,0.7925,0.7985,0.7985,0
2015-03-24,0.7985,0.8046,0.7968,0.8004,0.8004,0
2015-03-25,0.8002,0.8016,0.7973,0.799,0.799,0
2015-03-26,0.7987,0.8058,0.7977,0.8011,0.8011,0
2015-03-27,0.8012,0.8021,0.792,0.7931,0.7931,0
2015-03-30,0.7928,0.7938,0.7868,0.789,0.789,0
2015-03-31,0.7888,0.7904,0.782,0.7882,0.7882,0
2015-04-01,0.7883,0.7952,0.7865,0.7924,0.7924,0
2015-04-02,0.7924,0.7964,0.79,0.7964,0.7964,0
2015-04-03,0.7962,0.8045,0.795,0.8011,0.8011,0
2015-04-06,0.8028,0.8041,0.7994,0.8014,0.8014,0
2015-04-07,0.801,0.8029,0.7984,0.7997,0.7997,0
2015-04-08,0.7996,0.8072,0.7961,0.7973,0.7973,0
2015-04-09,0.7971,0.7995,0.7926,0.7949,0.7949,0
2015-04-10,0.7949,0.7957,0.7893,0.7956,0.7956,0
2015-04-13,0.795,0.7962,0.7905,0.794,0.794,0
2015-04-14,0.7936,0.8035,0.7932,0.8009,0.8009,0
2015-04-15,0.8008,0.8142,0.7954,0.8138,0.8138,0
2015-04-16,0.8134,0.8235,0.811,0.8206,0.8206,0
2015-04-17,0.8205,0.8273,0.8147,0.8163,0.8163,0
2015-04-20,0.8179,0.821,0.8155,0.818,0.818,0
2015-04-21,0.818,0.8187,0.8124,0.8143,0.8143,0
2015-04-22,0.8141,0.8189,0.8136,0.8172,0.8172,0
2015-04-23,0.8171,0.8251,0.8149,0.8235,0.8235,0
2015-04-24,0.8235,0.8262,0.8203,0.8211,0.8211,0
2015-04-27,0.8206,0.8277,0.8197,0.8274,0.8274,0
2015-04-28,0.8271,0.8323,0.825,0.8309,0.8309,0
2015-04-29,0.8308,0.8371,0.828,0.832,0.832,0
2015-04-30,0.8318,0.8335,0.8241,0.8281,0.8281,0
2015-05-01,0.8279,0.829,0.8191,0.8224,0.8224,0
2015-05-04,0.8224,0.8273,0.8207,0.8268,0.8268,0
2015-05-05,0.8267,0.8331,0.824,0.8288,0.8288,0
2015-05-06,0.8286,0.8374,0.8271,0.8301,0.8301,0
2015-05-07,0.8299,0.8311,0.822,0.8245,0.8245,0
2015-05-08,0.8242,0.8302,0.823,0.8284,0.8284,0
2015-05-11,0.8277,0.8288,0.8232,0.8263,0.8263,0
2015-05-12,0.8262,0.8349,0.8257,0.8323,0.8323,0
2015-05-13,0.832,0.8382,0.831,0.8364,0.8364,0
2015-05-14,0.8361,0.8389,0.8326,0.8345,0.8345,0
2015-05-15,0.8344,0.8347,0.8284,0.8325,0.8325,0
2015-05-18,0.8323,0.8328,0.8214,0.8224,0.8224,0
2015-05-19,0.8222,0.8243,0.8161,0.8175,0.8175,0
2015-05-20,0.8173,0.8218,0.8156,0.8192,0.8192,0
2015-05-21,0.8189,0.8216,0.8166,0.8198,0.8198,0
2015-05-22,0.8199,0.8216,0.8114,0.8144,0.8144,0
2015-05-25,0.8139,0.8145,0.8116,0.8123,0.8123,0
2015-05-26,0.8116,0.8127,0.8031,0.8043,0.8043,0
2015-05-27,0.8041,0.8068,0.8003,0.8031,0.8031,0
2015-05-28,0.8031,0.8051,0.7973,0.8042,0.8042,0
2015-05-29,0.8041,0.8058,0.798,0.8034,0.8034,0
2015-06-01,0.8037,0.8039,0.7957,0.7986,0.7986,0
2015-06-02,0.7986,0.8086,0.7975,0.8064,0.8064,0
2015-06-03,0.8063,0.8075,0.7992,0.8031,0.8031,0
2015-06-04,0.8028,0.8042,0.7996,0.7998,0.7998,0
2015-06-05,0.7998,0.8046,0.7959,0.8039,0.8039,0
2015-06-08,0.8036,0.8076,0.8015,0.8058,0.8058,0
2015-06-09,0.8057,0.8125,0.8035,0.8105,0.8105,0
2015-06-10,0.8103,0.8195,0.8094,0.816,0.816,0
2015-06-11,0.816,0.8161,0.8093,0.8136,0.8136,0
2015-06-12,0.8136,0.8145,0.8096,0.8115,0.8115,0
2015-06-15,0.8116,0.8132,0.8088,0.8113,0.8113,0
2015-06-16,0.811,0.8141,0.8097,0.8134,0.8134,0
2015-06-17,0.8134,0.8183,0.8106,0.8179,0.8179,0
2015-06-18,0.8175,0.8245,0.8161,0.8182,0.8182,0
2015-06-19,0.8181,0.8187,0.8131,0.8153,0.8153,0
2015-06-22,0.8149,0.8184,0.8108,0.8124,0.8124,0
2015-06-23,0.8124,0.8125,0.8074,0.8113,0.8113,0
2015-06-24,0.811,0.8145,0.8048,0.8078,0.8078,0
2015-06-25,0.8074,0.8122,0.8063,0.8111,0.8111,0
2015-06-26,0.811,0.8121,0.8064,0.8119,0.8119,0
2015-06-29,0.8102,0.8126,0.8054,0.8064,0.8064,0
2015-06-30,0.8062,0.8089,0.7997,0.8005,0.8005,0
2015-07-01,0.8003,0.8015,0.7936,0.7944,0.7944,0
2015-07-02,0.7941,0.7976,0.7913,0.7976,0.7976,0
2015-07-03,0.7974,0.7976,0.7933,0.7953,0.7953,0
2015-07-06,0.7953,0.7959,0.7895,0.7904,0.7904,0
2015-07-07,0.7904,0.7908,0.7823,0.7872,0.7872,0
2015-07-08,0.7869,0.7881,0.783,0.7847,0.7847,0
2015-07-09,0.7843,0.7895,0.7841,0.7872,0.7872,0
2015-07-10,0.7868,0.7901,0.7838,0.79,0.79,0
2015-07-13,0.7889,0.7891,0.7816,0.7849,0.7849,0
2015-07-14,0.7848,0.7862,0.7806,0.7859,0.7859,0
2015-07-15,0.7855,0.786,0.7715,0.7743,0.7743,0
2015-07-16,0.7744,0.7749,0.7708,0.772,0.772,0
2015-07-17,0.7718,0.7723,0.7686,0.7709,0.7709,0
2015-07-20,0.7707,0.772,0.7676,0.7695,0.7695,0
2015-07-21,0.7695,0.7741,0.7682,0.7724,0.7724,0
2015-07-22,0.7723,0.773,0.7659,0.7673,0.7673,0
2015-07-23,0.767,0.7721,0.7662,0.7672,0.7672,0
2015-07-24,0.767,0.7682,0.763,0.7664,0.7664,0
2015-07-27,0.7669,0.7704,0.7661,0.7671,0.7671,0
2015-07-28,0.7668,0.7745,0.7665,0.774,0.774,0
2015-07-29,0.7739,0.7774,0.7709,0.7725,0.7725,0
2015-07-30,0.7723,0.7726,0.7665,0.7695,0.7695,0
2015-07-31,0.7693,0.7726,0.7636,0.7641,0.7641,0
2015-08-03,0.7634,0.7644,0.7587,0.7603,0.7603,0
2015-08-04,0.7601,0.763,0.7573,0.758,0.758,0
2015-08-05,0.7579,0.7627,0.7566,0.7587,0.7587,0
2015-08-06,0.7588,0.7637,0.7575,0.7629,0.7629,0
2015-08-07,0.7627,0.7662,0.7583,0.7617,0.7617,0
2015-08-10,0.7614,0.7696,0.7584,0.7692,0.7692,0
2015-08-11,0.7691,0.7695,0.7603,0.7627,0.7627,0
2015-08-12,0.7624,0.7721,0.7598,0.7706,0.7706,0
2015-08-13,0.7707,0.7717,0.7637,0.7659,0.7659,0
2015-08-14,0.7656,0.7683,0.7633,0.764,0.764,0
2015-08-17,0.7637,0.7657,0.7601,0.7646,0.7646,0
2015-08-18,0.7645,0.7668,0.7616,0.7658,0.7658,0
2015-08-19,0.7657,0.7678,0.7587,0.7617,0.7617,0
2015-08-20,0.7617,0.7657,0.7587,0.764,0.764,0
2015-08-21,0.7639,0.7656,0.758,0.7584,0.7584,0
2015-08-24,0.7583,0.7598,0.7523,0.7526,0.7526,0
2015-08-25,0.7526,0.7605,0.7487,0.7498,0.7498,0
2015-08-26,0.7498,0.7547,0.7489,0.7524,0.7524,0
2015-08-27,0.7523,0.7587,0.7514,0.7577,0.7577,0
2015-08-28,0.7575,0.7595,0.7517,0.7575,0.7575,0
2015-08-31,0.7573,0.7624,0.7501,0.7611,0.7611,0
2015-09-01,0.7611,0.7622,0.7539,0.7541,0.7541,0
2015-09-02,0.7541,0.7576,0.7504,0.7536,0.7536,0
2015-09-03,0.7536,0.7612,0.7523,0.759,0.759,0
2015-09-04,0.7587,0.7596,0.7523,0.7528,0.7528,0
2015-09-07,0.753,0.7549,0.7511,0.7515,0.7515,0
2015-09-08,0.7512,0.7584,0.7511,0.7571,0.7571,0
2015-09-09,0.7571,0.7602,0.7539,0.7543,0.7543,0
2015-09-10,0.754,0.7588,0.7523,0.7545,0.7545,0
2015-09-11,0.7544,0.7567,0.7511,0.754,0.754,0
2015-09-14,0.7539,0.7561,0.7528,0.754,0.754,0
2015-09-15,0.7536,0.756,0.7532,0.7549,0.7549,0
2015-09-16,0.7547,0.7598,0.7539,0.7592,0.7592,0
2015-09-17,0.7592,0.7649,0.7568,0.7586,0.7586,0
2015-09-18,0.7584,0.7685,0.7557,0.7561,0.7561,0
2015-09-21,0.757,0.759,0.7537,0.7544,0.7544,0
2015-09-22,0.7544,0.7565,0.7518,0.7536,0.7536,0
2015-09-23,0.7534,0.7557,0.7485,0.7508,0.7508,0
2015-09-24,0.7506,0.7524,0.7451,0.7518,0.7518,0
2015-09-25,0.7515,0.752,0.7486,0.7498,0.7498,0
2015-09-28,0.7499,0.7509,0.7462,0.7463,0.7463,0
2015-09-29,0.7463,0.7478,0.7429,0.7451,0.7451,0
2015-09-30,0.7449,0.7515,0.7443,0.7511,0.7511,0
2015-10-01,0.7511,0.7565,0.7499,0.7538,0.7538,0
2015-10-02,0.7536,0.7605,0.7534,0.7605,0.7605,0
2015-10-05,0.7599,0.7653,0.7588,0.7643,0.7643,0
2015-10-06,0.7641,0.7677,0.7611,0.7672,0.7672,0
2015-10-07,0.7672,0.7708,0.7648,0.7659,0.7659,0
2015-10-08,0.7656,0.7705,0.7646,0.7682,0.7682,0
2015-10-09,0.768,0.7751,0.7678,0.7726,0.7726,0
2015-10-12,0.7719,0.7751,0.7683,0.7695,0.7695,0
2015-10-13,0.7693,0.7718,0.7643,0.7669,0.7669,0
2015-10-14,0.767,0.7745,0.7666,0.773,0.773,0
2015-10-15,0.7729,0.7794,0.7721,0.7773,0.7773,0
2015-10-16,0.7773,0.7781,0.7726,0.7746,0.7746,0
2015-10-19,0.7742,0.7751,0.7673,0.7683,0.7683,0
2015-10-20,0.768,0.7731,0.7662,0.7704,0.7704,0
2015-10-21,0.7704,0.771,0.7607,0.7611,0.7611,0
2015-10-22,0.761,0.7643,0.7596,0.764,0.764,0
2015-10-23,0.7639,0.7668,0.7575,0.7596,0.7596,0
2015-10-26,0.7594,0.7621,0.7583,0.7603,0.7603,0
2015-10-27,0.7602,0.7603,0.7532,0.7538,0.7538,0
2015-10-28,0.7537,0.7639,0.7528,0.7581,0.7581,0
2015-10-29,0.758,0.7614,0.7552,0.7592,0.7592,0
2015-10-30,0.7592,0.7659,0.7579,0.7647,0.7647,0
2015-11-02,0.7643,0.7653,0.7622,0.7637,0.7637,0
2015-11-03,0.7635,0.767,0.7594,0.7657,0.7657,0
2015-11-04,0.7655,0.7666,0.7579,0.7606,0.7606,0
2015-11-05,0.7602,0.761,0.7581,0.7595,0.7595,0
2015-11-06,0.7592,0.7601,0.7507,0.7515,0.7515,0
2015-11-09,0.7515,0.755,0.7511,0.7527,0.7527,0
2015-11-10,0.7526,0.755,0.7518,0.7534,0.7534,0
2015-11-11,0.7532,0.7557,0.7526,0.7541,0.7541,0
2015-11-12,0.7539,0.7561,0.7493,0.7524,0.7524,0
2015-11-13,0.7523,0.7537,0.7489,0.7507,0.7507,0
2015-11-16,0.7504,0.7524,0.7477,0.7502,0.7502,0
2015-11-17,0.7502,0.752,0.7492,0.7508,0.7508,0
2015-11-18,0.7507,0.752,0.7478,0.7519,0.7519,0
2015-11-19,0.7517,0.7549,0.7509,0.7529,0.7529,0
2015-11-20,0.7527,0.7536,0.7486,0.7495,0.7495,0
2015-11-23,0.7496,0.7502,0.744,0.7483,0.7483,0
2015-11-24,0.7483,0.7527,0.7473,0.7517,0.7517,0
2015-11-25,0.7516,0.753,0.7495,0.7527,0.7527,0
2015-11-26,0.7522,0.7528,0.7503,0.7523,0.7523,0
2015-11-27,0.7521,0.7524,0.7474,0.7479,0.7479,0
2015-11-30,0.7479,0.7512,0.7464,0.7484,0.7484,0
2015-12-01,0.7483,0.7513,0.7468,0.7487,0.7487,0
2015-12-02,0.7487,0.7512,0.7457,0.7494,0.7494,0
2015-12-03,0.7493,0.7523,0.7461,0.7487,0.7487,0
2015-12-04,0.7487,0.7509,0.7452,0.7484,0.7484,0
2015-12-07,0.7479,0.7481,0.7393,0.741,0.741,0
2015-12-08,0.7408,0.7409,0.7339,0.7362,0.7362,0
2015-12-09,0.736,0.7398,0.734,0.7364,0.7364,0
2015-12-10,0.7364,0.739,0.733,0.734,0.734,0
2015-12-11,0.7338,0.734,0.7267,0.727,0.727,0
2015-12-14,0.7273,0.7311,0.7254,0.7282,0.7282,0
2015-12-15,0.7281,0.7314,0.7262,0.7283,0.7283,0
2015-12-16,0.7281,0.7284,0.722,0.7257,0.7257,0
2015-12-17,0.7257,0.7258,0.7148,0.7176,0.7176,0
2015-12-18,0.7174,0.7218,0.7141,0.7166,0.7166,0
2015-12-21,0.7173,0.7187,0.7144,0.7164,0.7164,0
2015-12-22,0.7163,0.7186,0.7158,0.7184,0.7184,0
2015-12-23,0.7183,0.7228,0.7174,0.7222,0.7222,0
2015-12-24,0.7221,0.7237,0.7206,0.7237,0.7237,0
2015-12-25,0.7236,0.7248,0.7223,0.7235,0.7235,0
2015-12-28,0.7236,0.7237,0.7184,0.7192,0.7192,0
2015-12-29,0.7191,0.7238,0.7172,0.7224,0.7224,0
2015-12-30,0.7222,0.7232,0.7178,0.7205,0.7205,0
2015-12-31,0.7205,0.7235,0.7191,0.7225,0.7225,0
2016-01-01,0.7224,0.7224,0.7208,0.7221,0.7221,0
2016-01-04,0.7225,0.7238,0.7149,0.7167,0.7167,0
2016-01-05,0.7167,0.7196,0.7131,0.7145,0.7145,0
2016-01-06,0.7145,0.7157,0.7086,0.7106,0.7106,0
2016-01-07,0.7105,0.7117,0.7055,0.7085,0.7085,0
2016-01-08,0.7084,0.7113,0.7052,0.7057,0.7057,0
2016-01-11,0.7057,0.7109,0.7019,0.7034,0.7034,0
2016-01-12,0.7035,0.7054,0.6985,0.7012,0.7012,0
2016-01-13,0.7012,0.7049,0.6953,0.6974,0.6974,0
2016-01-14,0.6973,0.6976,0.6943,0.6961,0.6961,0
2016-01-15,0.696,0.6972,0.687,0.6878,0.6878,0
2016-01-18,0.6875,0.6902,0.6836,0.6867,0.6867,0
2016-01-19,0.6867,0.6929,0.6853,0.686,0.686,0
2016-01-20,0.6857,0.6909,0.6805,0.6895,0.6895,0
2016-01-21,0.6895,0.7028,0.6876,0.7011,0.7011,0
2016-01-22,0.7007,0.7085,0.6991,0.7084,0.7084,0
2016-01-25,0.7082,0.7082,0.6995,0.6997,0.6997,0
2016-01-26,0.6996,0.712,0.6978,0.7084,0.7084,0
2016-01-27,0.7082,0.7129,0.7062,0.7095,0.7095,0
2016-01-28,0.7095,0.7168,0.7079,0.7128,0.7128,0
2016-01-29,0.7129,0.716,0.7086,0.7157,0.7157,0
2016-02-01,0.7156,0.719,0.711,0.717,0.717,0
2016-02-02,0.7168,0.7174,0.71,0.7116,0.7116,0
2016-02-03,0.7113,0.7269,0.7089,0.7257,0.7257,0
2016-02-04,0.7256,0.7332,0.7245,0.727,0.727,0
2016-02-05,0.727,0.7294,0.7183,0.7187,0.7187,0
2016-02-08,0.7188,0.7224,0.7153,0.7182,0.7182,0
2016-02-09,0.718,0.7253,0.7161,0.7211,0.7211,0
2016-02-10,0.721,0.7236,0.7142,0.7181,0.7181,0
2016-02-11,0.718,0.7203,0.7133,0.7176,0.7176,0
2016-02-12,0.7174,0.724,0.7159,0.7222,0.7222,0
2016-02-15,0.7218,0.7246,0.7212,0.7228,0.7228,0
2016-02-16,0.7228,0.7294,0.7186,0.7215,0.7215,0
2016-02-17,0.7213,0.7317,0.7193,0.7316,0.7316,0
2016-02-18,0.7313,0.7324,0.727,0.7286,0.7286,0
2016-02-19,0.7284,0.729,0.722,0.7264,0.7264,0
2016-02-22,0.7264,0.732,0.7248,0.7297,0.7297,0
2016-02-23,0.7295,0.7302,0.7234,0.725,0.725,0
2016-02-24,0.725,0.7311,0.7213,0.7298,0.7298,0
2016-02-25,0.7299,0.7398,0.7279,0.7391,0.7391,0
2016-02-26,0.739,0.7405,0.737,0.7401,0.7401,0
2016-02-29,0.74,0.7417,0.7358,0.7386,0.7386,0
2016-03-01,0.7384,0.747,0.7376,0.7458,0.7458,0
2016-03-02,0.7457,0.7459,0.7406,0.7454,0.7454,0
2016-03-03,0.7452,0.7479,0.7421,0.7462,0.7462,0
2016-03-04,0.746,0.7511,0.7421,0.751,0.751,0
2016-03-07,0.7508,0.754,0.7473,0.7531,0.7531,0
2016-03-08,0.7528,0.753,0.7447,0.7453,0.7453,0
2016-03-09,0.7453,0.756,0.7435,0.7546,0.7546,0
2016-03-10,0.7547,0.7557,0.7462,0.7493,0.7493,0
2016-03-11,0.7493,0.7594,0.7479,0.7558,0.7558,0
2016-03-14,0.7568,0.7569,0.7513,0.7541,0.7541,0
2016-03-15,0.754,0.7543,0.746,0.7488,0.7488,0
2016-03-16,0.7487,0.7638,0.7458,0.7635,0.7635,0
2016-03-17,0.7635,0.7725,0.7613,0.7708,0.7708,0
2016-03-18,0.7705,0.7738,0.7666,0.7692,0.7692,0
2016-03-21,0.7689,0.7694,0.763,0.7633,0.7633,0
2016-03-22,0.7632,0.7676,0.761,0.7665,0.7665,0
2016-03-23,0.7662,0.767,0.7563,0.7573,0.7573,0
2016-03-24,0.7573,0.7575,0.7519,0.7549,0.7549,0
2016-03-25,0.7548,0.7561,0.7525,0.7533,0.7533,0
2016-03-28,0.7534,0.7594,0.7525,0.7584,0.7584,0
2016-03-29,0.7584,0.7662,0.7564,0.765,0.765,0
2016-03-30,0.7648,0.7745,0.7642,0.7713,0.7713,0
2016-03-31,0.7711,0.7778,0.7683,0.7689,0.7689,0
2016-04-01,0.7689,0.7711,0.7605,0.7686,0.7686,0
2016-04-04,0.7683,0.7691,0.7638,0.7643,0.7643,0
2016-04-05,0.764,0.7652,0.7563,0.7612,0.7612,0
2016-04-06,0.7611,0.7655,0.7582,0.764,0.764,0
2016-04-07,0.7639,0.7681,0.7585,0.7608,0.7608,0
2016-04-08,0.7606,0.7721,0.7598,0.77,0.77,0
2016-04-11,0.7699,0.7761,0.7681,0.7753,0.7753,0
2016-04-12,0.7753,0.7843,0.7738,0.7837,0.7837,0
2016-04-13,0.7837,0.7844,0.7794,0.7805,0.7805,0
2016-04-14,0.7802,0.7824,0.7752,0.7786,0.7786,0
2016-04-15,0.7782,0.7814,0.775,0.7799,0.7799,0
2016-04-18,0.7727,0.7826,0.7695,0.7822,0.7822,0
2016-04-19,0.7821,0.7916,0.7811,0.7892,0.7892,0
2016-04-20,0.7893,0.794,0.7853,0.7902,0.7902,0
2016-04-21,0.7901,0.7919,0.7841,0.7852,0.7852,0
2016-04-22,0.7851,0.7923,0.7836,0.7893,0.7893,0
2016-04-25,0.7887,0.7903,0.7861,0.7887,0.7887,0
2016-04-26,0.7885,0.7939,0.7878,0.7934,0.7934,0
2016-04-27,0.7933,0.7954,0.7876,0.7937,0.7937,0
2016-04-28,0.7935,0.799,0.793,0.7967,0.7967,0
2016-04-29,0.7964,0.8001,0.7942,0.7966,0.7966,0
2016-05-02,0.7967,0.7992,0.7958,0.7982,0.7982,0
2016-05-03,0.798,0.8024,0.7852,0.7861,0.7861,0
2016-05-04,0.786,0.7876,0.7759,0.7771,0.7771,0
2016-05-05,0.7769,0.7821,0.7765,0.778,0.778,0
2016-05-06,0.778,0.7791,0.7719,0.7747,0.7747,0
2016-05-09,0.7745,0.7748,0.7681,0.7717,0.7717,0
2016-05-10,0.7714,0.7747,0.7702,0.7747,0.7747,0
2016-05-11,0.7747,0.7794,0.7724,0.778,0.778,0
2016-05-12,0.7781,0.783,0.7763,0.7784,0.7784,0
2016-05-13,0.7783,0.7791,0.7715,0.7727,0.7727,0
2016-05-16,0.7736,0.7767,0.7712,0.7755,0.7755,0
2016-05-17,0.7754,0.7789,0.7717,0.7748,0.7748,0
2016-05-18,0.7747,0.7756,0.7669,0.7672,0.7672,0
2016-05-19,0.7671,0.7686,0.7601,0.7637,0.7637,0
2016-05-20,0.7636,0.7647,0.7596,0.7626,0.7626,0
2016-05-23,0.7624,0.7634,0.7588,0.7609,0.7609,0
2016-05-24,0.7606,0.7642,0.758,0.762,0.762,0
2016-05-25,0.762,0.7684,0.7612,0.768,0.768,0
2016-05-26,0.7682,0.7745,0.7668,0.7705,0.7705,0
2016-05-27,0.7704,0.7711,0.7651,0.7681,0.7681,0
2016-05-30,0.7675,0.7677,0.7634,0.7665,0.7665,0
2016-05-31,0.7659,0.7683,0.7612,0.7638,0.7638,0
2016-06-01,0.7637,0.7666,0.7618,0.7647,0.7647,0
2016-06-02,0.7645,0.7659,0.7606,0.7636,0.7636,0
2016-06-03,0.7634,0.7743,0.7627,0.7732,0.7732,0
2016-06-06,0.7728,0.7811,0.7701,0.7802,0.7802,0
2016-06-07,0.78,0.7854,0.7786,0.7852,0.7852,0
2016-06-08,0.7852,0.7902,0.7834,0.7877,0.7877,0
2016-06-09,0.7877,0.7893,0.7831,0.7859,0.7859,0
2016-06-10,0.786,0.7899,0.782,0.7822,0.7822,0
2016-06-13,0.7824,0.7843,0.7786,0.7791,0.7791,0
2016-06-14,0.7789,0.7803,0.7766,0.7769,0.7769,0
2016-06-15,0.7768,0.7797,0.7724,0.7744,0.7744,0
2016-06-16,0.7745,0.7755,0.764,0.7711,0.7711,0
2016-06-17,0.7711,0.7794,0.7708,0.7755,0.7755,0
2016-06-20,0.7757,0.7829,0.7755,0.781,0.781,0
2016-06-21,0.7808,0.7836,0.7794,0.7802,0.7802,0
2016-06-22,0.7803,0.7848,0.7778,0.7786,0.7786,0
2016-06-23,0.7785,0.7888,0.7782,0.7839,0.7839,0
2016-06-24,0.7833,0.7863,0.7632,0.7689,0.7689,0
2016-06-27,0.7704,0.7717,0.7618,0.765,0.765,0
2016-06-28,0.7649,0.7713,0.7625,0.7679,0.7679,0
2016-06-29,0.7676,0.7733,0.7664,0.7732,0.7732,0
2016-06-30,0.7732,0.7744,0.7679,0.7738,0.7738,0
2016-07-01,0.7736,0.7773,0.7704,0.7742,0.7742,0
2016-07-04,0.7741,0.7794,0.7737,0.7785,0.7785,0
2016-07-05,0.7783,0.7787,0.768,0.7704,0.7704,0
2016-07-06,0.7704,0.7724,0.7657,0.7715,0.7715,0
2016-07-07,0.7715,0.7766,0.7679,0.7691,0.7691,0
2016-07-08,0.7691,0.7698,0.7638,0.7667,0.7667,0
2016-07-11,0.7663,0.7673,0.7609,0.7626,0.7626,0
2016-07-12,0.7623,0.7703,0.7612,0.7667,0.7667,0
2016-07-13,0.7666,0.7728,0.7641,0.7706,0.7706,0
2016-07-14,0.7705,0.7775,0.7698,0.7757,0.7757,0
2016-07-15,0.7754,0.7775,0.7698,0.771,0.771,0
2016-07-18,0.7725,0.7736,0.7677,0.7725,0.7725,0
2016-07-19,0.7724,0.7727,0.7658,0.7681,0.7681,0
2016-07-20,0.7679,0.7685,0.7634,0.7659,0.7659,0
2016-07-21,0.7657,0.7678,0.7631,0.7641,0.7641,0
2016-07-22,0.7639,0.7659,0.7582,0.7618,0.7618,0
2016-07-25,0.7613,0.7619,0.755,0.7567,0.7567,0
2016-07-26,0.7564,0.759,0.7548,0.7583,0.7583,0
2016-07-27,0.7583,0.76,0.7544,0.7583,0.7583,0
2016-07-28,0.758,0.7633,0.7577,0.7601,0.7601,0
2016-07-29,0.76,0.7691,0.7582,0.7671,0.7671,0
2016-08-01,0.7674,0.7675,0.7616,0.762,0.762,0
2016-08-02,0.7618,0.7689,0.7607,0.7628,0.7628,0
2016-08-03,0.7626,0.7655,0.7604,0.7653,0.7653,0
2016-08-04,0.7652,0.7694,0.7638,0.7682,0.7682,0
2016-08-05,0.768,0.7687,0.7573,0.7594,0.7594,0
2016-08-08,0.7587,0.7613,0.7579,0.7602,0.7602,0
2016-08-09,0.7603,0.7628,0.758,0.7624,0.7624,0
2016-08-10,0.7624,0.7698,0.7617,0.7658,0.7658,0
2016-08-11,0.7657,0.7717,0.7644,0.7698,0.7698,0
2016-08-12,0.7696,0.7738,0.7692,0.7723,0.7723,0
2016-08-15,0.7718,0.7751,0.7705,0.774,0.774,0
2016-08-16,0.7737,0.7814,0.773,0.7776,0.7776,0
2016-08-17,0.7774,0.7794,0.7739,0.7785,0.7785,0
2016-08-18,0.7785,0.7835,0.7775,0.7824,0.7824,0
2016-08-19,0.7822,0.783,0.7755,0.7769,0.7769,0
2016-08-22,0.7768,0.7769,0.7711,0.7725,0.7725,0
2016-08-23,0.7723,0.7777,0.7718,0.7744,0.7744,0
2016-08-24,0.7743,0.7751,0.7715,0.7737,0.7737,0
2016-08-25,0.7734,0.7753,0.7726,0.7739,0.7739,0
2016-08-26,0.7738,0.7793,0.7684,0.7691,0.7691,0
2016-08-29,0.7693,0.7707,0.7662,0.7688,0.7688,0
2016-08-30,0.7686,0.7687,0.763,0.7635,0.7635,0
2016-08-31,0.7633,0.7646,0.7605,0.7631,0.7631,0
2016-09-01,0.7629,0.7644,0.7603,0.7633,0.7633,0
2016-09-02,0.7631,0.7704,0.7623,0.7694,0.7694,0
2016-09-05,0.7697,0.7747,0.7691,0.7735,0.7735,0
2016-09-06,0.7733,0.7796,0.773,0.7786,0.7786,0
2016-09-07,0.7785,0.7799,0.7742,0.7762,0.7762,0
2016-09-08,0.7762,0.7781,0.7726,0.7732,0.7732,0
2016-09-09,0.7728,0.7746,0.7659,0.7664,0.7664,0
2016-09-12,0.7665,0.7672,0.7618,0.7669,0.7669,0
2016-09-13,0.7668,0.7675,0.758,0.759,0.759,0
2016-09-14,0.7589,0.7617,0.7569,0.7579,0.7579,0
2016-09-15,0.7577,0.7616,0.7553,0.7598,0.7598,0
2016-09-16,0.7598,0.761,0.7546,0.7571,0.7571,0
2016-09-19,0.7569,0.7612,0.7559,0.7574,0.7574,0
2016-09-20,0.7573,0.7584,0.7549,0.7582,0.7582,0
2016-09-21,0.7582,0.7634,0.7552,0.7633,0.7633,0
2016-09-22,0.7632,0.7692,0.763,0.7668,0.7668,0
2016-09-23,0.7665,0.7675,0.7584,0.7595,0.7595,0
2016-09-26,0.759,0.7612,0.7549,0.7562,0.7562,0
2016-09-27,0.756,0.7596,0.7528,0.7579,0.7579,0
2016-09-28,0.7578,0.7648,0.7534,0.7645,0.7645,0
2016-09-29,0.7645,0.7664,0.7583,0.7609,0.7609,0
2016-09-30,0.7608,0.7641,0.7577,0.7617,0.7617,0
2016-10-03,0.762,0.7652,0.7606,0.7622,0.7622,0
2016-10-04,0.7623,0.7628,0.7565,0.758,0.758,0
2016-10-05,0.7579,0.7598,0.7556,0.7589,0.7589,0
2016-10-06,0.7588,0.7589,0.7546,0.7567,0.7567,0
2016-10-07,0.7565,0.7583,0.751,0.752,0.752,0
2016-10-10,0.7545,0.7611,0.7529,0.759,0.759,0
2016-10-11,0.7589,0.7598,0.7532,0.754,0.754,0
2016-10-12,0.7538,0.7571,0.7524,0.7533,0.7533,0
2016-10-13,0.7533,0.7584,0.7513,0.7581,0.7581,0
2016-10-14,0.758,0.7631,0.7563,0.7611,0.7611,0
2016-10-17,0.761,0.7627,0.7583,0.7619,0.7619,0
2016-10-18,0.7616,0.766,0.7609,0.7629,0.7629,0
2016-10-19,0.763,0.7689,0.7607,0.7626,0.7626,0
2016-10-20,0.7624,0.7628,0.7555,0.7559,0.7559,0
2016-10-21,0.7558,0.7561,0.7486,0.7498,0.7498,0
2016-10-24,0.7499,0.7527,0.7462,0.7527,0.7527,0
2016-10-25,0.7525,0.7532,0.7477,0.749,0.749,0
2016-10-26,0.749,0.751,0.7469,0.7473,0.7473,0
2016-10-27,0.7473,0.749,0.7457,0.747,0.747,0
2016-10-28,0.7469,0.7489,0.7443,0.7464,0.7464,0
2016-10-31,0.7464,0.7477,0.7444,0.7457,0.7457,0
2016-11-01,0.7458,0.7489,0.7446,0.7468,0.7468,0
2016-11-02,0.7467,0.7486,0.7448,0.7468,0.7468,0
2016-11-03,0.7465,0.7484,0.7459,0.7464,0.7464,0
2016-11-04,0.7464,0.747,0.7425,0.7461,0.7461,0
2016-11-07,0.7459,0.7512,0.745,0.7485,0.7485,0
2016-11-08,0.7482,0.7527,0.7465,0.7526,0.7526,0
2016-11-09,0.7525,0.7539,0.739,0.7451,0.7451,0
2016-11-10,0.7448,0.747,0.7399,0.7424,0.7424,0
2016-11-11,0.7423,0.7432,0.7378,0.7384,0.7384,0
2016-11-14,0.74,0.7442,0.7357,0.7377,0.7377,0
2016-11-15,0.7376,0.7439,0.7371,0.7436,0.7436,0
2016-11-16,0.7434,0.746,0.7402,0.7437,0.7437,0
2016-11-17,0.7438,0.7463,0.739,0.7395,0.7395,0
2016-11-18,0.7394,0.7411,0.737,0.7407,0.7407,0
2016-11-21,0.7406,0.747,0.7396,0.7453,0.7453,0
2016-11-22,0.7451,0.7475,0.7423,0.7441,0.7441,0
2016-11-23,0.7439,0.7449,0.7396,0.7414,0.7414,0
2016-11-24,0.7411,0.7421,0.7386,0.7413,0.7413,0
2016-11-25,0.7411,0.7433,0.7386,0.7391,0.7391,0
2016-11-28,0.7395,0.7464,0.7385,0.7456,0.7456,0
2016-11-29,0.7455,0.7463,0.7415,0.7445,0.7445,0
2016-11-30,0.7444,0.7487,0.7424,0.7443,0.7443,0
2016-12-01,0.744,0.7519,0.7438,0.751,0.751,0
2016-12-02,0.751,0.7544,0.7505,0.7522,0.7522,0
2016-12-05,0.7519,0.7556,0.7485,0.7537,0.7537,0
2016-12-06,0.7534,0.7546,0.751,0.7532,0.7532,0
2016-12-07,0.7531,0.7563,0.7519,0.7557,0.7557,0
2016-12-08,0.7556,0.7585,0.7544,0.7581,0.7581,0
2016-12-09,0.7581,0.7603,0.7565,0.7588,0.7588,0
2016-12-12,0.7602,0.7629,0.7594,0.7616,0.7616,0
2016-12-13,0.7614,0.7632,0.7607,0.7617,0.7617,0
2016-12-14,0.7614,0.7644,0.7519,0.7529,0.7529,0
2016-12-15,0.7528,0.7537,0.7451,0.7499,0.7499,0
2016-12-16,0.7499,0.7509,0.7464,0.7499,0.7499,0
2016-12-19,0.7497,0.7509,0.7448,0.7459,0.7459,0
2016-12-20,0.7457,0.7485,0.7442,0.7481,0.7481,0
2016-12-21,0.7479,0.7486,0.7446,0.7456,0.7456,0
2016-12-22,0.7455,0.7456,0.7394,0.7416,0.7416,0
2016-12-23,0.7416,0.7419,0.7374,0.7388,0.7388,0
2016-12-26,0.7389,0.7419,0.738,0.7402,0.7402,0
2016-12-27,0.74,0.7401,0.7362,0.7367,0.7367,0
2016-12-28,0.7365,0.7386,0.7352,0.7374,0.7374,0
2016-12-29,0.7374,0.7417,0.737,0.7406,0.7406,0
2016-12-30,0.7406,0.7461,0.74,0.7445,0.7445,0
2017-01-02,0.7442,0.7468,0.7431,0.7442,0.7442,0
2017-01-03,0.7437,0.7463,0.7427,0.7446,0.7446,0
2017-01-04,0.7444,0.7528,0.7429,0.7518,0.7518,0
2017-01-05,0.7517,0.758,0.7509,0.7562,0.7562,0
2017-01-06,0.7561,0.7588,0.7535,0.7555,0.7555,0
2017-01-09,0.7553,0.7577,0.753,0.7567,0.7567,0
2017-01-10,0.7565,0.758,0.7541,0.7558,0.7558,0
2017-01-11,0.7556,0.7621,0.752,0.7588,0.7588,0
2017-01-12,0.7586,0.7673,0.758,0.7607,0.7607,0
2017-01-13,0.7606,0.7626,0.7592,0.7626,0.7626,0
2017-01-16,0.7626,0.7628,0.7581,0.759,0.759,0
2017-01-17,0.7588,0.7681,0.758,0.7667,0.7667,0
2017-01-18,0.7666,0.7669,0.7533,0.7536,0.7536,0
2017-01-19,0.7536,0.7545,0.7487,0.7509,0.7509,0
2017-01-20,0.7507,0.7527,0.7467,0.7508,0.7508,0
2017-01-23,0.7504,0.7563,0.7497,0.7555,0.7555,0
2017-01-24,0.7553,0.763,0.7517,0.76,0.76,0
2017-01-25,0.7599,0.7656,0.7593,0.7651,0.7651,0
2017-01-26,0.7652,0.766,0.7613,0.764,0.764,0
2017-01-27,0.7639,0.7642,0.7601,0.7604,0.7604,0
2017-01-30,0.7604,0.7647,0.7591,0.7624,0.7624,0
2017-01-31,0.7622,0.771,0.7617,0.7675,0.7675,0
2017-02-01,0.7673,0.7675,0.763,0.7664,0.7664,0
2017-02-02,0.7663,0.7703,0.7659,0.7677,0.7677,0
2017-02-03,0.7675,0.7696,0.7644,0.7679,0.7679,0
2017-02-06,0.7676,0.7688,0.7612,0.7644,0.7644,0
2017-02-07,0.7641,0.7648,0.7567,0.7586,0.7586,0
2017-02-08,0.7584,0.7613,0.7573,0.7608,0.7608,0
2017-02-09,0.7607,0.7637,0.7592,0.7608,0.7608,0
2017-02-10,0.7606,0.7655,0.7598,0.7644,0.7644,0
2017-02-13,0.7638,0.7659,0.762,0.765,0.765,0
2017-02-14,0.765,0.7677,0.7628,0.7647,0.7647,0
2017-02-15,0.7646,0.7654,0.762,0.7646,0.7646,0
2017-02-16,0.7644,0.7686,0.7641,0.7651,0.7651,0
2017-02-17,0.7651,0.7656,0.7616,0.7634,0.7634,0
2017-02-20,0.763,0.7648,0.762,0.7631,0.7631,0
2017-02-21,0.7628,0.7633,0.7594,0.7609,0.7609,0
2017-02-22,0.7609,0.7627,0.7568,0.7597,0.7597,0
2017-02-23,0.7595,0.7643,0.7591,0.7631,0.7631,0
2017-02-24,0.763,0.7658,0.762,0.7639,0.7639,0
2017-02-27,0.763,0.7643,0.7584,0.7586,0.7586,0
2017-02-28,0.7588,0.7595,0.7509,0.7519,0.7519,0
2017-03-01,0.7517,0.7527,0.7484,0.7505,0.7505,0
2017-03-02,0.7504,0.7506,0.746,0.7468,0.7468,0
2017-03-03,0.7467,0.7477,0.744,0.7476,0.7476,0
2017-03-06,0.7476,0.7478,0.7447,0.7457,0.7457,0
2017-03-07,0.7455,0.7472,0.7441,0.7455,0.7455,0
2017-03-08,0.7454,0.7463,0.7406,0.7411,0.7411,0
2017-03-09,0.741,0.7417,0.7387,0.7402,0.7402,0
2017-03-10,0.74,0.745,0.7398,0.7423,0.7423,0
2017-03-13,0.7429,0.7445,0.7419,0.7437,0.7437,0
2017-03-14,0.7436,0.744,0.7408,0.7418,0.7418,0
2017-03-15,0.7417,0.752,0.7413,0.7517,0.7517,0
2017-03-16,0.7515,0.7532,0.7487,0.7508,0.7508,0
2017-03-17,0.7507,0.7516,0.7473,0.7491,0.7491,0
2017-03-20,0.7494,0.7516,0.7476,0.7492,0.7492,0
2017-03-21,0.749,0.7538,0.7481,0.749,0.749,0
2017-03-22,0.7488,0.7507,0.7455,0.7503,0.7503,0
2017-03-23,0.7502,0.751,0.7484,0.749,0.749,0
2017-03-24,0.7489,0.7492,0.7469,0.7475,0.7475,0
2017-03-27,0.7474,0.7506,0.7459,0.7476,0.7476,0
2017-03-28,0.7474,0.7488,0.7453,0.7473,0.7473,0
2017-03-29,0.7472,0.7505,0.746,0.7505,0.7505,0
2017-03-30,0.7503,0.7531,0.7487,0.7495,0.7495,0
2017-03-31,0.7495,0.7527,0.7478,0.751,0.751,0
2017-04-03,0.7515,0.7517,0.7461,0.7474,0.7474,0
2017-04-04,0.7472,0.7477,0.743,0.7461,0.7461,0
2017-04-05,0.7462,0.7473,0.7438,0.7444,0.7444,0
2017-04-06,0.7443,0.7463,0.7432,0.7455,0.7455,0
2017-04-07,0.7454,0.7495,0.7443,0.7459,0.7459,0
2017-04-10,0.746,0.7506,0.7447,0.7504,0.7504,0
2017-04-11,0.7503,0.7513,0.7484,0.7505,0.7505,0
2017-04-12,0.7504,0.7552,0.7495,0.7546,0.7546,0
2017-04-13,0.7544,0.7562,0.7496,0.7503,0.7503,0
2017-04-14,0.7501,0.7512,0.7496,0.7504,0.7504,0
2017-04-17,0.7505,0.7539,0.7505,0.7509,0.7509,0
2017-04-18,0.7508,0.7511,0.7461,0.7476,0.7476,0
2017-04-19,0.7473,0.7476,0.7411,0.7416,0.7416,0
2017-04-20,0.7414,0.7431,0.7406,0.7424,0.7424,0
2017-04-21,0.7423,0.7431,0.7392,0.7408,0.7408,0
2017-04-24,0.7429,0.7456,0.7394,0.7407,0.7407,0
2017-04-25,0.7405,0.7408,0.7337,0.7368,0.7368,0
2017-04-26,0.7366,0.7383,0.7338,0.7345,0.7345,0
2017-04-27,0.7344,0.739,0.7313,0.7335,0.7335,0
2017-04-28,0.7334,0.7339,0.7299,0.7325,0.7325,0
2017-05-01,0.7321,0.7332,0.7305,0.731,0.731,0
2017-05-02,0.7309,0.7325,0.7267,0.7295,0.7295,0
2017-05-03,0.7294,0.7309,0.7275,0.7284,0.7284,0
2017-05-04,0.7282,0.7299,0.7258,0.7274,0.7274,0
2017-05-05,0.7272,0.733,0.7248,0.7325,0.7325,0
2017-05-08,0.7317,0.7329,0.728,0.7305,0.7305,0
2017-05-09,0.7304,0.7314,0.727,0.7288,0.7288,0
2017-05-10,0.7288,0.7327,0.728,0.7323,0.7323,0
2017-05-11,0.7322,0.7323,0.7261,0.7301,0.7301,0
2017-05-12,0.73,0.7317,0.7275,0.7294,0.7294,0
2017-05-15,0.73,0.7352,0.7285,0.7336,0.7336,0
2017-05-16,0.7335,0.7366,0.732,0.735,0.735,0
2017-05-17,0.7349,0.7368,0.7329,0.7351,0.7351,0
2017-05-18,0.7351,0.7363,0.7314,0.7351,0.7351,0
2017-05-19,0.735,0.7401,0.7345,0.74,0.74,0
2017-05-22,0.7395,0.7415,0.7384,0.7406,0.7406,0
2017-05-23,0.7405,0.7432,0.7392,0.74,0.74,0
2017-05-24,0.7399,0.7459,0.7383,0.7459,0.7459,0
2017-05-25,0.7458,0.7469,0.7409,0.7417,0.7417,0
2017-05-26,0.7415,0.7444,0.7407,0.7437,0.7437,0
2017-05-29,0.7435,0.7447,0.7423,0.7433,0.7433,0
2017-05-30,0.7432,0.7434,0.7402,0.743,0.743,0
2017-05-31,0.7429,0.7442,0.7393,0.7407,0.7407,0
2017-06-01,0.7406,0.7422,0.739,0.7399,0.7399,0
2017-06-02,0.7398,0.7417,0.738,0.7417,0.7417,0
2017-06-05,0.741,0.743,0.7405,0.7422,0.7422,0
2017-06-06,0.7421,0.7442,0.7412,0.7433,0.7433,0
2017-06-07,0.7432,0.7448,0.7392,0.7403,0.7403,0
2017-06-08,0.7401,0.7415,0.7393,0.7403,0.7403,0
2017-06-09,0.7401,0.7449,0.7383,0.7424,0.7424,0
2017-06-12,0.7429,0.7507,0.7422,0.7505,0.7505,0
2017-06-13,0.7503,0.7568,0.7502,0.7552,0.7552,0
2017-06-14,0.7551,0.7595,0.7533,0.7549,0.7549,0
2017-06-15,0.7549,0.7561,0.7512,0.7536,0.7536,0
2017-06-16,0.7535,0.757,0.7532,0.7569,0.7569,0
2017-06-19,0.7565,0.758,0.7541,0.7565,0.7565,0
2017-06-20,0.7564,0.7573,0.7525,0.7538,0.7538,0
2017-06-21,0.7536,0.7539,0.749,0.75,0.75,0
2017-06-22,0.7499,0.7571,0.7496,0.7556,0.7556,0
2017-06-23,0.7555,0.7569,0.7513,0.7538,0.7538,0
2017-06-26,0.7536,0.7568,0.7532,0.7551,0.7551,0
2017-06-27,0.7549,0.7606,0.7539,0.7576,0.7576,0
2017-06-28,0.7577,0.7684,0.7575,0.7669,0.7669,0
2017-06-29,0.7668,0.77,0.7665,0.769,0.769,0
2017-06-30,0.7689,0.7723,0.7683,0.7714,0.7714,0
2017-07-03,0.7711,0.7713,0.7683,0.7688,0.7688,0
2017-07-04,0.7688,0.7744,0.7681,0.773,0.773,0
2017-07-05,0.7729,0.7734,0.7682,0.7718,0.7718,0
2017-07-06,0.7717,0.7738,0.77,0.7706,0.7706,0
2017-07-07,0.7704,0.7775,0.7694,0.7767,0.7767,0
2017-07-10,0.7763,0.7769,0.773,0.7758,0.7758,0
2017-07-11,0.7756,0.776,0.7724,0.7744,0.7744,0
2017-07-12,0.7742,0.7883,0.7726,0.7844,0.7844,0
2017-07-13,0.7842,0.7862,0.7828,0.7861,0.7861,0
2017-07-14,0.786,0.791,0.7843,0.791,0.791,0
2017-07-17,0.7906,0.7919,0.7872,0.7875,0.7875,0
2017-07-18,0.7874,0.7948,0.7871,0.7919,0.7919,0
2017-07-19,0.7918,0.7949,0.7901,0.7933,0.7933,0
2017-07-20,0.7931,0.7972,0.7909,0.7943,0.7943,0
2017-07-21,0.7942,0.7985,0.7928,0.7975,0.7975,0
2017-07-24,0.7974,0.801,0.7964,0.7995,0.7995,0
2017-07-25,0.7992,0.8012,0.7977,0.7995,0.7995,0
2017-07-26,0.7992,0.8054,0.7971,0.8035,0.8035,0
2017-07-27,0.8034,0.8054,0.795,0.7966,0.7966,0
2017-07-28,0.7964,0.8052,0.7955,0.8043,0.8043,0
2017-07-31,0.8033,0.8043,0.798,0.8014,0.8014,0
2017-08-01,0.8012,0.8031,0.7964,0.7976,0.7976,0
2017-08-02,0.7974,0.7979,0.794,0.7955,0.7955,0
2017-08-03,0.7958,0.7966,0.7922,0.7946,0.7946,0
2017-08-04,0.7945,0.7964,0.7892,0.7904,0.7904,0
2017-08-07,0.7905,0.7918,0.7863,0.7886,0.7886,0
2017-08-08,0.7885,0.7905,0.7868,0.7895,0.7895,0
2017-08-09,0.7894,0.7896,0.7859,0.7874,0.7874,0
2017-08-10,0.7873,0.7891,0.7844,0.7847,0.7847,0
2017-08-11,0.7846,0.7904,0.7839,0.789,0.789,0
2017-08-14,0.7891,0.7891,0.7853,0.7861,0.7861,0
2017-08-15,0.7859,0.7863,0.7824,0.7839,0.7839,0
2017-08-16,0.7839,0.7928,0.7829,0.7925,0.7925,0
2017-08-17,0.7925,0.7944,0.7882,0.7887,0.7887,0
2017-08-18,0.7884,0.7964,0.7877,0.7946,0.7946,0
2017-08-21,0.7955,0.7966,0.793,0.7964,0.7964,0
2017-08-22,0.7961,0.7983,0.7938,0.7962,0.7962,0
2017-08-23,0.7959,0.7974,0.7935,0.7965,0.7965,0
2017-08-24,0.7964,0.7991,0.7959,0.7989,0.7989,0
2017-08-25,0.7987,0.8022,0.7973,0.8014,0.8014,0
2017-08-28,0.8015,0.8037,0.7991,0.7995,0.7995,0
2017-08-29,0.7996,0.8037,0.7966,0.7993,0.7993,0
2017-08-30,0.799,0.8,0.7911,0.7924,0.7924,0
2017-08-31,0.7922,0.8015,0.7895,0.8012,0.8012,0
2017-09-01,0.801,0.8103,0.8003,0.8067,0.8067,0
2017-09-04,0.8062,0.808,0.8044,0.8053,0.8053,0
2017-09-05,0.8051,0.8106,0.8051,0.8083,0.8083,0
2017-09-06,0.8081,0.8239,0.8053,0.818,0.818,0
2017-09-07,0.8177,0.8258,0.8167,0.8253,0.8253,0
2017-09-08,0.8254,0.8291,0.8218,0.8228,0.8228,0
2017-09-11,0.8223,0.8266,0.8215,0.8258,0.8258,0
2017-09-12,0.8257,0.8277,0.8201,0.8208,0.8208,0
2017-09-13,0.8204,0.8243,0.8181,0.8215,0.8215,0
2017-09-14,0.8215,0.8226,0.8168,0.8221,0.8221,0
2017-09-15,0.822,0.8251,0.8182,0.8201,0.8201,0
2017-09-18,0.8199,0.8216,0.8103,0.8137,0.8137,0
2017-09-19,0.8135,0.8161,0.8122,0.8137,0.8137,0
2017-09-20,0.8134,0.8194,0.8068,0.8117,0.8117,0
2017-09-21,0.8112,0.8117,0.8083,0.8113,0.8113,0
2017-09-22,0.811,0.816,0.8094,0.8105,0.8105,0
2017-09-25,0.8106,0.8121,0.8072,0.8084,0.8084,0
2017-09-26,0.8082,0.811,0.8053,0.8099,0.8099,0
2017-09-27,0.8097,0.8107,0.8009,0.8017,0.8017,0
2017-09-28,0.8013,0.8054,0.7985,0.8048,0.8048,0
2017-09-29,0.8044,0.8054,0.798,0.802,0.802,0
2017-10-02,0.8015,0.802,0.7982,0.7995,0.7995,0
2017-10-03,0.7995,0.8013,0.7973,0.8009,0.8009,0
2017-10-04,0.8006,0.8033,0.7999,0.8016,0.8016,0
2017-10-05,0.8013,0.8024,0.7944,0.7959,0.7959,0
2017-10-06,0.7957,0.7984,0.7936,0.7977,0.7977,0
2017-10-09,0.7978,0.7983,0.7961,0.7969,0.7969,0
2017-10-10,0.7967,0.8011,0.7962,0.7991,0.7991,0
2017-10-11,0.7989,0.8031,0.7979,0.8026,0.8026,0
2017-10-12,0.8026,0.8043,0.8004,0.8017,0.8017,0
2017-10-13,0.8015,0.8031,0.7985,0.8021,0.8021,0
2017-10-16,0.8013,0.8019,0.7962,0.7989,0.7989,0
2017-10-17,0.7989,0.7992,0.794,0.7986,0.7986,0
2017-10-18,0.7984,0.8028,0.7976,0.8021,0.8021,0
2017-10-19,0.8021,0.8032,0.8001,0.8009,0.8009,0
2017-10-20,0.8008,0.8015,0.7916,0.792,0.792,0
2017-10-23,0.792,0.7928,0.7897,0.7904,0.7904,0
2017-10-24,0.7902,0.7923,0.7877,0.789,0.789,0
2017-10-25,0.7888,0.79,0.78,0.7815,0.7815,0
2017-10-26,0.7816,0.7824,0.7775,0.7784,0.7784,0
2017-10-27,0.7784,0.7809,0.7741,0.7808,0.7808,0
2017-10-30,0.78,0.7805,0.7774,0.7794,0.7794,0
2017-10-31,0.7793,0.7799,0.7741,0.7761,0.7761,0
2017-11-01,0.7757,0.778,0.7744,0.7771,0.7771,0
2017-11-02,0.7771,0.7813,0.7764,0.7807,0.7807,0
2017-11-03,0.7806,0.7865,0.7788,0.7835,0.7835,0
2017-11-06,0.7832,0.7872,0.7821,0.7872,0.7872,0
2017-11-07,0.787,0.7872,0.7799,0.7829,0.7829,0
2017-11-08,0.7828,0.7865,0.7822,0.7857,0.7857,0
2017-11-09,0.7855,0.7895,0.7847,0.7885,0.7885,0
2017-11-10,0.7883,0.7895,0.7875,0.7885,0.7885,0
2017-11-13,0.7883,0.7888,0.7846,0.7854,0.7854,0
2017-11-14,0.7852,0.7874,0.7827,0.7855,0.7855,0
2017-11-15,0.7854,0.7866,0.7817,0.7835,0.7835,0
2017-11-16,0.7835,0.7857,0.782,0.7839,0.7839,0
2017-11-17,0.7838,0.7866,0.7796,0.7835,0.7835,0
2017-11-20,0.7831,0.784,0.7797,0.7801,0.7801,0
2017-11-21,0.7799,0.7844,0.7788,0.7826,0.7826,0
2017-11-22,0.7825,0.7879,0.7818,0.7879,0.7879,0
2017-11-23,0.7875,0.7891,0.7855,0.7866,0.7866,0
2017-11-24,0.7865,0.7878,0.7843,0.7865,0.7865,0
2017-11-27,0.7865,0.7886,0.7828,0.7832,0.7832,0
2017-11-28,0.783,0.7841,0.7795,0.7804,0.7804,0
2017-11-29,0.7802,0.781,0.7766,0.7773,0.7773,0
2017-11-30,0.7772,0.7782,0.7744,0.7755,0.7755,0
2017-12-01,0.7753,0.7885,0.7748,0.7885,0.7885,0
2017-12-04,0.7881,0.7901,0.7856,0.7893,0.7893,0
2017-12-05,0.7891,0.7921,0.7869,0.7882,0.7882,0
2017-12-06,0.788,0.7904,0.7806,0.7819,0.7819,0
2017-12-07,0.7817,0.7822,0.7769,0.7782,0.7782,0
2017-12-08,0.778,0.7809,0.7762,0.7785,0.7785,0
2017-12-11,0.7778,0.7794,0.7769,0.778,0.778,0
2017-12-12,0.7775,0.7805,0.7755,0.7775,0.7775,0
2017-12-13,0.7772,0.7817,0.7761,0.7804,0.7804,0
2017-12-14,0.78,0.7866,0.7771,0.7815,0.7815,0
2017-12-15,0.7812,0.785,0.7756,0.7775,0.7775,0
2017-12-18,0.7766,0.7786,0.7761,0.7774,0.7774,0
2017-12-19,0.7774,0.7782,0.7738,0.7765,0.7765,0
2017-12-20,0.7766,0.7802,0.7762,0.7793,0.7793,0
2017-12-21,0.7789,0.7874,0.7786,0.7851,0.7851,0
2017-12-22,0.7847,0.7876,0.7813,0.7854,0.7854,0
2017-12-25,0.7858,0.7864,0.7847,0.7856,0.7856,0
2017-12-26,0.7855,0.7883,0.7851,0.788,0.788,0
2017-12-27,0.788,0.792,0.7875,0.7902,0.7902,0
2017-12-28,0.7901,0.7958,0.7895,0.7956,0.7956,0
2017-12-29,0.7955,0.7991,0.7944,0.795,0.795,0
2018-01-01,0.7948,0.7972,0.7947,0.7972,0.7972,0
2018-01-02,0.7972,0.8,0.7961,0.7992,0.7992,0
2018-01-03,0.7992,0.8,0.7964,0.7979,0.7979,0
2018-01-04,0.7977,0.801,0.7962,0.8009,0.8009,0
2018-01-05,0.8008,0.8094,0.7989,0.8059,0.8059,0
2018-01-08,0.8053,0.8078,0.803,0.8051,0.8051,0
2018-01-09,0.8049,0.8066,0.8012,0.8023,0.8023,0
2018-01-10,0.8022,0.8047,0.7945,0.797,0.797,0
2018-01-11,0.7971,0.799,0.7941,0.7988,0.7988,0
2018-01-12,0.7987,0.8028,0.7962,0.8028,0.8028,0
2018-01-15,0.8021,0.8063,0.8017,0.8046,0.8046,0
2018-01-16,0.8044,0.8067,0.8028,0.8042,0.8042,0
2018-01-17,0.804,0.8083,0.7973,0.804,0.804,0
2018-01-18,0.8039,0.8055,0.8006,0.8053,0.8053,0
2018-01-19,0.8053,0.8065,0.7993,0.8007,0.8007,0
2018-01-22,0.8007,0.8042,0.7987,0.8036,0.8036,0
2018-01-23,0.8035,0.8054,0.8003,0.8054,0.8054,0
2018-01-24,0.8053,0.812,0.8044,0.8098,0.8098,0
2018-01-25,0.8097,0.8142,0.8068,0.8076,0.8076,0
2018-01-26,0.8078,0.8135,0.8068,0.8123,0.8123,0
2018-01-29,0.8118,0.8126,0.8088,0.8105,0.8105,0
2018-01-30,0.8102,0.8124,0.8076,0.8108,0.8108,0
2018-01-31,0.8106,0.8163,0.8096,0.812,0.812,0
2018-02-01,0.8119,0.8159,0.8107,0.8153,0.8153,0
2018-02-02,0.815,0.8159,0.8038,0.8048,0.8048,0
2018-02-05,0.8043,0.8066,0.7969,0.7975,0.7975,0
2018-02-06,0.7974,0.8006,0.7956,0.8006,0.8006,0
2018-02-07,0.8004,0.8006,0.7948,0.7957,0.7957,0
2018-02-08,0.7955,0.7971,0.7926,0.7935,0.7935,0
2018-02-09,0.7934,0.7962,0.7883,0.7951,0.7951,0
2018-02-12,0.7945,0.7964,0.792,0.7953,0.7953,0
2018-02-13,0.795,0.7958,0.7919,0.7942,0.7942,0
2018-02-14,0.7941,0.8007,0.7904,0.8007,0.8007,0
2018-02-15,0.8004,0.8022,0.7974,0.8014,0.8014,0
2018-02-16,0.8012,0.8032,0.7955,0.7964,0.7964,0
2018-02-19,0.7967,0.7982,0.7939,0.7961,0.7961,0
2018-02-20,0.7959,0.7964,0.7903,0.7906,0.7906,0
2018-02-21,0.7905,0.792,0.787,0.7873,0.7873,0
2018-02-22,0.7872,0.7891,0.7836,0.7871,0.7871,0
2018-02-23,0.787,0.7919,0.7856,0.7918,0.7918,0
2018-02-26,0.7907,0.7926,0.7865,0.7886,0.7886,0
2018-02-27,0.7885,0.7894,0.7824,0.7827,0.7827,0
2018-02-28,0.7826,0.7836,0.7785,0.7793,0.7793,0
2018-03-01,0.7792,0.7807,0.7753,0.7789,0.7789,0
2018-03-02,0.7788,0.7801,0.774,0.7764,0.7764,0
2018-03-05,0.7766,0.7769,0.769,0.7714,0.7714,0
2018-03-06,0.7712,0.7774,0.7693,0.7767,0.7767,0
2018-03-07,0.7766,0.7767,0.7689,0.7745,0.7745,0
2018-03-08,0.7745,0.7772,0.7714,0.7755,0.7755,0
2018-03-09,0.7753,0.7807,0.7744,0.7805,0.7805,0
2018-03-12,0.7795,0.781,0.7783,0.7789,0.7789,0
2018-03-13,0.7786,0.7794,0.7699,0.7713,0.7713,0
2018-03-14,0.7711,0.7739,0.7704,0.7719,0.7719,0
2018-03-15,0.7718,0.7725,0.7651,0.7662,0.7662,0
2018-03-16,0.766,0.7666,0.7632,0.7636,0.7636,0
2018-03-19,0.7635,0.7664,0.7617,0.7647,0.7647,0
2018-03-20,0.7646,0.7661,0.763,0.7651,0.7651,0
2018-03-21,0.765,0.7758,0.7644,0.7752,0.7752,0
2018-03-22,0.775,0.7794,0.772,0.7728,0.7728,0
2018-03-23,0.7723,0.7798,0.7723,0.7756,0.7756,0
2018-03-26,0.7755,0.7788,0.7736,0.7788,0.7788,0
2018-03-27,0.7784,0.7803,0.7748,0.7762,0.7762,0
2018-03-28,0.776,0.7774,0.773,0.7738,0.7738,0
2018-03-29,0.7739,0.7774,0.7729,0.7764,0.7764,0
2018-03-30,0.776,0.7775,0.7748,0.7756,0.7756,0
2018-04-02,0.7749,0.7775,0.7724,0.7744,0.7744,0
2018-04-03,0.7742,0.7824,0.7736,0.7808,0.7808,0
2018-04-04,0.7807,0.7838,0.7781,0.7831,0.7831,0
2018-04-05,0.783,0.7846,0.7806,0.7844,0.7844,0
2018-04-06,0.7844,0.7854,0.7813,0.7823,0.7823,0
2018-04-09,0.7828,0.788,0.7798,0.7875,0.7875,0
2018-04-10,0.7874,0.7944,0.7865,0.7935,0.7935,0
2018-04-11,0.7936,0.7971,0.792,0.7949,0.7949,0
2018-04-12,0.7947,0.7961,0.792,0.7947,0.7947,0
2018-04-13,0.7943,0.7967,0.7923,0.7928,0.7928,0
2018-04-16,0.7931,0.796,0.792,0.7959,0.7959,0
2018-04-17,0.7955,0.7983,0.7947,0.797,0.797,0
2018-04-18,0.7967,0.7969,0.7897,0.7918,0.7918,0
2018-04-19,0.7916,0.7946,0.7886,0.7892,0.7892,0
2018-04-20,0.7891,0.7916,0.7829,0.7838,0.7838,0
2018-04-23,0.7838,0.7843,0.7775,0.7783,0.7783,0
2018-04-24,0.7783,0.7805,0.7773,0.7792,0.7792,0
2018-04-25,0.7791,0.78,0.7751,0.7787,0.7787,0
2018-04-26,0.7783,0.78,0.7758,0.7772,0.7772,0
2018-04-27,0.7771,0.7797,0.775,0.7796,0.7796,0
2018-04-30,0.7789,0.7809,0.7765,0.7786,0.7786,0
2018-05-01,0.7787,0.78,0.7742,0.7784,0.7784,0
2018-05-02,0.7783,0.7811,0.7757,0.7762,0.7762,0
2018-05-03,0.776,0.7803,0.7745,0.7784,0.7784,0
2018-05-04,0.7783,0.7791,0.7739,0.7785,0.7785,0
2018-05-07,0.7783,0.7788,0.775,0.7764,0.7764,0
2018-05-08,0.7762,0.7767,0.7692,0.7722,0.7722,0
2018-05-09,0.7721,0.7797,0.7705,0.778,0.778,0
2018-05-10,0.7778,0.7847,0.7773,0.7833,0.7833,0
2018-05-11,0.7832,0.7856,0.7809,0.7817,0.7817,0
2018-05-14,0.7817,0.7843,0.7803,0.7805,0.7805,0
2018-05-15,0.7805,0.7817,0.7736,0.7768,0.7768,0
2018-05-16,0.7765,0.7827,0.7763,0.7821,0.7821,0
2018-05-17,0.7818,0.7844,0.7797,0.7809,0.7809,0
2018-05-18,0.7806,0.7818,0.7744,0.7763,0.7763,0
2018-05-21,0.7762,0.7824,0.7756,0.7821,0.7821,0
2018-05-22,0.7819,0.7848,0.7797,0.7801,0.7801,0
2018-05-23,0.78,0.7805,0.7741,0.7793,0.7793,0
2018-05-24,0.7791,0.7795,0.7738,0.7763,0.7763,0
2018-05-25,0.7762,0.7766,0.7698,0.7709,0.7709,0
2018-05-28,0.7708,0.7715,0.7678,0.7698,0.7698,0
2018-05-29,0.7696,0.771,0.7663,0.7682,0.7682,0
2018-05-30,0.7682,0.7791,0.7667,0.7768,0.7768,0
2018-05-31,0.7767,0.7802,0.7696,0.7717,0.7717,0
2018-06-01,0.7717,0.7733,0.7685,0.7723,0.7723,0
2018-06-04,0.772,0.7752,0.7712,0.7735,0.7735,0
2018-06-05,0.7733,0.7744,0.7651,0.771,0.771,0
2018-06-06,0.771,0.7777,0.7704,0.7726,0.7726,0
2018-06-07,0.7724,0.7731,0.769,0.7709,0.7709,0
2018-06-08,0.7707,0.7739,0.7666,0.7737,0.7737,0
2018-06-11,0.7707,0.7719,0.7674,0.7706,0.7706,0
2018-06-12,0.7704,0.7705,0.7673,0.7684,0.7684,0
2018-06-13,0.7681,0.7719,0.766,0.7701,0.7701,0
2018-06-14,0.7701,0.7722,0.7626,0.7632,0.7632,0
2018-06-15,0.7631,0.7634,0.7568,0.7575,0.7575,0
2018-06-18,0.7577,0.7599,0.7552,0.7576,0.7576,0
2018-06-19,0.7574,0.7578,0.7522,0.7528,0.7528,0
2018-06-20,0.7526,0.7537,0.7505,0.7512,0.7512,0
2018-06-21,0.7511,0.7527,0.7497,0.7511,0.7511,0
2018-06-22,0.751,0.7541,0.7471,0.7535,0.7535,0
2018-06-25,0.7531,0.7537,0.7503,0.7522,0.7522,0
2018-06-26,0.7519,0.753,0.75,0.7514,0.7514,0
2018-06-27,0.7514,0.7532,0.7469,0.7497,0.7497,0
2018-06-28,0.7494,0.7552,0.7488,0.755,0.755,0
2018-06-29,0.7547,0.7616,0.7534,0.7615,0.7615,0
2018-07-02,0.7608,0.761,0.756,0.7584,0.7584,0
2018-07-03,0.7583,0.7615,0.7569,0.7611,0.7611,0
2018-07-04,0.7612,0.7627,0.7596,0.7609,0.7609,0
2018-07-05,0.7607,0.7625,0.7596,0.7615,0.7615,0
2018-07-06,0.7612,0.7648,0.7602,0.7644,0.7644,0
2018-07-09,0.7637,0.7653,0.7618,0.7629,0.7629,0
2018-07-10,0.763,0.7634,0.7605,0.7627,0.7627,0
2018-07-11,0.7625,0.7654,0.7566,0.7572,0.7572,0
2018-07-12,0.7571,0.7605,0.7563,0.7602,0.7602,0
2018-07-13,0.7601,0.7605,0.7568,0.7598,0.7598,0
2018-07-16,0.7596,0.7628,0.7595,0.7613,0.7613,0
2018-07-17,0.761,0.7627,0.7563,0.7582,0.7582,0
2018-07-18,0.758,0.7598,0.754,0.7593,0.7593,0
2018-07-19,0.7593,0.7599,0.7523,0.7536,0.7536,0
2018-07-20,0.7532,0.7625,0.7523,0.7605,0.7605,0
2018-07-23,0.761,0.7624,0.7586,0.7592,0.7592,0
2018-07-24,0.7591,0.7613,0.7579,0.7602,0.7602,0
2018-07-25,0.7601,0.7678,0.7593,0.7665,0.7665,0
2018-07-26,0.7666,0.7678,0.7635,0.7649,0.7649,0
2018-07-27,0.7648,0.7668,0.7644,0.7661,0.7661,0
2018-07-30,0.7659,0.7696,0.7644,0.7671,0.7671,0
2018-07-31,0.767,0.7701,0.7634,0.7688,0.7688,0
2018-08-01,0.7688,0.7707,0.7671,0.769,0.769,0
2018-08-02,0.7689,0.7696,0.7667,0.7681,0.7681,0
2018-08-03,0.7678,0.7711,0.7668,0.7698,0.7698,0
2018-08-06,0.7696,0.7699,0.7667,0.769,0.769,0
2018-08-07,0.7689,0.7715,0.7646,0.7661,0.7661,0
2018-08-08,0.766,0.7689,0.762,0.7679,0.7679,0
2018-08-09,0.7679,0.7692,0.7653,0.7663,0.7663,0
2018-08-10,0.7661,0.7667,0.7601,0.7608,0.7608,0
2018-08-13,0.7604,0.7632,0.7587,0.7615,0.7615,0
2018-08-14,0.7613,0.7659,0.761,0.7659,0.7659,0
2018-08-15,0.7658,0.7663,0.7588,0.7609,0.7609,0
2018-08-16,0.7609,0.7626,0.7588,0.7603,0.7603,0
2018-08-17,0.7601,0.7662,0.7591,0.7657,0.7657,0
2018-08-20,0.7655,0.7669,0.7635,0.7665,0.7665,0
2018-08-21,0.7663,0.7685,0.7656,0.7671,0.7671,0
2018-08-22,0.7671,0.7701,0.7662,0.7694,0.7694,0
2018-08-23,0.7691,0.7697,0.7632,0.7644,0.7644,0
2018-08-24,0.7644,0.7686,0.763,0.7677,0.7677,0
2018-08-27,0.7674,0.772,0.7651,0.7711,0.7711,0
2018-08-28,0.7712,0.776,0.7701,0.7734,0.7734,0
2018-08-29,0.7732,0.7751,0.7713,0.775,0.775,0
2018-08-30,0.7747,0.775,0.7691,0.7704,0.7704,0
2018-08-31,0.7701,0.7708,0.7638,0.767,0.767,0
2018-09-03,0.7668,0.7668,0.763,0.7638,0.7638,0
2018-09-04,0.7637,0.764,0.7569,0.7583,0.7583,0
2018-09-05,0.7582,0.7599,0.757,0.7589,0.7589,0
2018-09-06,0.7589,0.7617,0.7559,0.7611,0.7611,0
2018-09-07,0.7609,0.7628,0.7579,0.7601,0.7601,0
2018-09-10,0.759,0.7604,0.7575,0.7597,0.7597,0
2018-09-11,0.7595,0.7668,0.7588,0.7653,0.7653,0
2018-09-12,0.7652,0.7704,0.7644,0.7694,0.7694,0
2018-09-13,0.7693,0.7707,0.7675,0.7694,0.7694,0
2018-09-14,0.7692,0.7702,0.7658,0.7673,0.7673,0
2018-09-17,0.7669,0.7691,0.7662,0.7667,0.7667,0
2018-09-18,0.7666,0.7709,0.7652,0.7709,0.7709,0
2018-09-19,0.7707,0.7752,0.7689,0.7743,0.7743,0
2018-09-20,0.7741,0.7761,0.773,0.775,0.775,0
2018-09-21,0.7749,0.776,0.7724,0.7743,0.7743,0
2018-09-24,0.7742,0.7747,0.7716,0.7719,0.7719,0
2018-09-25,0.7718,0.773,0.7707,0.7721,0.7721,0
2018-09-26,0.7719,0.7726,0.7676,0.7681,0.7681,0
2018-09-27,0.7679,0.7683,0.7642,0.7668,0.7668,0
2018-09-28,0.7666,0.7749,0.766,0.7749,0.7749,0
2018-10-01,0.775,0.7824,0.775,0.7804,0.7804,0
2018-10-02,0.7802,0.7813,0.7786,0.7799,0.7799,0
2018-10-03,0.7797,0.7808,0.7759,0.7771,0.7771,0
2018-10-04,0.7769,0.7778,0.7727,0.7738,0.7738,0
2018-10-05,0.7738,0.7755,0.7717,0.773,0.773,0
2018-10-08,0.7724,0.7729,0.7684,0.7713,0.7713,0
2018-10-09,0.7711,0.773,0.7688,0.7724,0.7724,0
2018-10-10,0.7723,0.7736,0.7649,0.7653,0.7653,0
2018-10-11,0.7651,0.7684,0.7648,0.7675,0.7675,0
2018-10-12,0.7672,0.7691,0.766,0.7679,0.7679,0
2018-10-15,0.7678,0.772,0.766,0.7697,0.7697,0
2018-10-16,0.7696,0.7742,0.7691,0.7732,0.7732,0
2018-10-17,0.7731,0.7733,0.7675,0.7681,0.7681,0
2018-10-18,0.768,0.7681,0.7639,0.7642,0.7642,0
2018-10-19,0.7642,0.7676,0.7613,0.7634,0.7634,0
2018-10-22,0.7634,0.7646,0.7616,0.7633,0.7633,0
2018-10-23,0.7632,0.7648,0.7619,0.7643,0.7643,0
2018-10-24,0.7642,0.771,0.7632,0.7661,0.7661,0
2018-10-25,0.7658,0.7683,0.7632,0.7651,0.7651,0
2018-10-26,0.7649,0.7652,0.7597,0.763,0.763,0
2018-10-29,0.7628,0.7644,0.7603,0.7614,0.7614,0
2018-10-30,0.7613,0.7634,0.7604,0.763,0.763,0
2018-10-31,0.7628,0.763,0.7591,0.7602,0.7602,0
2018-11-01,0.76,0.7652,0.7591,0.7643,0.7643,0
2018-11-02,0.7642,0.7664,0.7621,0.7629,0.7629,0
2018-11-05,0.763,0.7651,0.7623,0.7628,0.7628,0
2018-11-06,0.7627,0.7632,0.7606,0.762,0.762,0
2018-11-07,0.7618,0.7659,0.7598,0.7627,0.7627,0
2018-11-08,0.7627,0.7641,0.7583,0.7602,0.7602,0
2018-11-09,0.7601,0.761,0.7555,0.757,0.757,0
2018-11-12,0.7577,0.7586,0.7545,0.755,0.755,0
2018-11-13,0.7548,0.7567,0.7537,0.7555,0.7555,0
2018-11-14,0.7552,0.7572,0.7537,0.7554,0.7554,0
2018-11-15,0.755,0.7601,0.7545,0.7589,0.7589,0
2018-11-16,0.7585,0.7618,0.7582,0.7607,0.7607,0
2018-11-19,0.7606,0.7609,0.7573,0.7593,0.7593,0
2018-11-20,0.7592,0.7602,0.7506,0.7516,0.7516,0
2018-11-21,0.7515,0.756,0.7507,0.7558,0.7558,0
2018-11-22,0.7557,0.7586,0.7548,0.7583,0.7583,0
2018-11-23,0.758,0.7585,0.754,0.7555,0.7555,0
2018-11-26,0.7556,0.7583,0.7539,0.7546,0.7546,0
2018-11-27,0.7543,0.7556,0.7501,0.7522,0.7522,0
2018-11-28,0.752,0.7552,0.7483,0.7535,0.7535,0
2018-11-29,0.7532,0.7545,0.751,0.7529,0.7529,0
2018-11-30,0.7528,0.7535,0.7498,0.7521,0.7521,0
2018-12-03,0.7541,0.7598,0.7536,0.7578,0.7578,0
2018-12-04,0.7576,0.7596,0.7535,0.7539,0.7539,0
2018-12-05,0.754,0.7546,0.7461,0.7488,0.7488,0
2018-12-06,0.7487,0.7488,0.7436,0.7474,0.7474,0
2018-12-07,0.747,0.7545,0.746,0.7507,0.7507,0
2018-12-10,0.7505,0.7523,0.7452,0.7466,0.7466,0
2018-12-11,0.7464,0.7475,0.7448,0.7468,0.7468,0
2018-12-12,0.7468,0.7506,0.746,0.749,0.749,0
2018-12-13,0.749,0.7497,0.747,0.749,0.749,0
2018-12-14,0.7487,0.7492,0.746,0.7471,0.7471,0
2018-12-17,0.7472,0.7478,0.7449,0.746,0.746,0
2018-12-18,0.7458,0.7468,0.7407,0.7427,0.7427,0
2018-12-19,0.7427,0.7454,0.7402,0.7416,0.7416,0
2018-12-20,0.7416,0.7437,0.7389,0.7403,0.7403,0
2018-12-21,0.7402,0.7412,0.735,0.7353,0.7353,0
2018-12-24,0.7353,0.7371,0.7342,0.735,0.735,0
2018-12-25,0.7351,0.7366,0.7308,0.7358,0.7358,0
2018-12-26,0.7357,0.737,0.7342,0.7368,0.7368,0
2018-12-27,0.7365,0.7371,0.7319,0.7343,0.7343,0
2018-12-28,0.7342,0.7357,0.7319,0.7333,0.7333,0
2018-12-31,0.7335,0.7349,0.7316,0.7333,0.7333,0
2019-01-01,0.7332,0.7362,0.7326,0.7332,0.7332,0
2019-01-02,0.7333,0.737,0.7317,0.7365,0.7365,0
2019-01-03,0.7364,0.7424,0.7322,0.7414,0.7414,0
2019-01-04,0.7413,0.7478,0.7407,0.7477,0.7477,0
2019-01-07,0.7475,0.7531,0.7467,0.752,0.752,0
2019-01-08,0.7518,0.7537,0.7505,0.7534,0.7534,0
2019-01-09,0.7532,0.7587,0.7528,0.7571,0.7571,0
2019-01-10,0.7569,0.7575,0.754,0.7555,0.7555,0
2019-01-11,0.7554,0.7586,0.7529,0.7538,0.7538,0
2019-01-14,0.7539,0.7546,0.7518,0.7527,0.7527,0
2019-01-15,0.7528,0.7561,0.752,0.7538,0.7538,0
2019-01-16,0.7537,0.7556,0.7526,0.7544,0.7544,0
2019-01-17,0.7544,0.7548,0.7506,0.7532,0.7532,0
2019-01-18,0.7531,0.7557,0.7526,0.7542,0.7542,0
2019-01-21,0.7547,0.7547,0.7506,0.7523,0.7523,0
2019-01-22,0.7522,0.7523,0.7484,0.7489,0.7489,0
2019-01-23,0.7487,0.7516,0.7478,0.7496,0.7496,0
2019-01-24,0.7495,0.7502,0.7474,0.7491,0.7491,0
2019-01-25,0.749,0.7568,0.7482,0.7566,0.7566,0
2019-01-28,0.7564,0.7574,0.7525,0.7542,0.7542,0
2019-01-29,0.7538,0.7552,0.7524,0.7537,0.7537,0
2019-01-30,0.7536,0.7623,0.7526,0.7605,0.7605,0
2019-01-31,0.7603,0.7622,0.7594,0.7622,0.7622,0
2019-02-01,0.7619,0.7652,0.7597,0.7634,0.7634,0
2019-02-04,0.7617,0.7642,0.7604,0.7628,0.7628,0
2019-02-05,0.7627,0.7632,0.76,0.7619,0.7619,0
2019-02-06,0.7619,0.762,0.7563,0.7568,0.7568,0
2019-02-07,0.7567,0.7573,0.7505,0.7516,0.7516,0
2019-02-08,0.7513,0.7557,0.7501,0.7531,0.7531,0
2019-02-11,0.752,0.754,0.7505,0.7517,0.7517,0
2019-02-12,0.7516,0.7557,0.7507,0.7555,0.7555,0
2019-02-13,0.7553,0.7578,0.7537,0.7545,0.7545,0
2019-02-14,0.7544,0.7559,0.7493,0.7523,0.7523,0
2019-02-15,0.7518,0.7551,0.7508,0.7551,0.7551,0
2019-02-18,0.7551,0.7561,0.7497,0.7553,0.7553,0
2019-02-19,0.7549,0.7573,0.7524,0.7571,0.7571,0
2019-02-20,0.7568,0.7605,0.7562,0.759,0.759,0
2019-02-21,0.7588,0.7598,0.7552,0.7558,0.7558,0
2019-02-22,0.7557,0.7614,0.7548,0.7613,0.7613,0
2019-02-25,0.7608,0.7626,0.7575,0.7582,0.7582,0
2019-02-26,0.7579,0.7602,0.7552,0.7594,0.7594,0
2019-02-27,0.7593,0.7623,0.7586,0.76,0.76,0
2019-02-28,0.76,0.761,0.7569,0.7594,0.7594,0
2019-03-01,0.7591,0.7616,0.7511,0.7522,0.7522,0
2019-03-04,0.7521,0.7533,0.7494,0.7517,0.7517,0
2019-03-05,0.7516,0.7518,0.7481,0.7492,0.7492,0
2019-03-06,0.7491,0.7491,0.7429,0.7439,0.7439,0
2019-03-07,0.7438,0.7455,0.7422,0.7432,0.7432,0
2019-03-08,0.7433,0.7468,0.7423,0.7454,0.7454,0
2019-03-11,0.7452,0.7467,0.7438,0.7466,0.7466,0
2019-03-12,0.7466,0.749,0.745,0.7489,0.7489,0
2019-03-13,0.7488,0.7524,0.7476,0.7515,0.7515,0
2019-03-14,0.7518,0.7526,0.7488,0.7499,0.7499,0
2019-03-15,0.7498,0.7525,0.7476,0.75,0.75,0
2019-03-18,0.749,0.7517,0.7478,0.75,0.75,0
2019-03-19,0.7499,0.7547,0.749,0.7507,0.7507,0
2019-03-20,0.7508,0.7543,0.7488,0.7516,0.7516,0
2019-03-21,0.7515,0.7534,0.7459,0.7485,0.7485,0
2019-03-22,0.7484,0.749,0.7442,0.7447,0.7447,0
2019-03-25,0.7444,0.7463,0.7435,0.7461,0.7461,0
2019-03-26,0.7459,0.7478,0.7449,0.7472,0.7472,0
2019-03-27,0.7473,0.7476,0.7438,0.7457,0.7457,0
2019-03-28,0.7455,0.7465,0.7432,0.7442,0.7442,0
2019-03-29,0.7442,0.7496,0.7435,0.7493,0.7493,0
2019-04-01,0.7487,0.7519,0.7477,0.7514,0.7514,0
2019-04-02,0.7515,0.7516,0.7474,0.7498,0.7498,0
2019-04-03,0.7499,0.7521,0.7486,0.7494,0.7494,0
2019-04-04,0.749,0.7498,0.7476,0.7485,0.7485,0
2019-04-05,0.7486,0.7492,0.7459,0.7472,0.7472,0
2019-04-08,0.7467,0.7516,0.7464,0.751,0.751,0
2019-04-09,0.7511,0.753,0.7497,0.7504,0.7504,0
2019-04-10,0.7501,0.7515,0.7481,0.7507,0.7507,0
2019-04-11,0.7508,0.7511,0.7462,0.7471,0.7471,0
2019-04-12,0.747,0.7512,0.7465,0.7507,0.7507,0
2019-04-15,0.7496,0.752,0.7467,0.7483,0.7483,0
2019-04-16,0.748,0.7493,0.7459,0.749,0.749,0
2019-04-17,0.7491,0.7534,0.7476,0.7496,0.7496,0
2019-04-18,0.7495,0.7499,0.7461,0.7476,0.7476,0
2019-04-19,0.7476,0.7482,0.7463,0.7467,0.7467,0
2019-04-22,0.7468,0.7499,0.7463,0.7494,0.7494,0
2019-04-23,0.7491,0.7495,0.7437,0.745,0.745,0
2019-04-24,0.7449,0.7453,0.7394,0.7412,0.7412,0
2019-04-25,0.7409,0.7417,0.7396,0.7416,0.7416,0
2019-04-26,0.7415,0.7434,0.7407,0.7432,0.7432,0
2019-04-29,0.7431,0.744,0.7417,0.7431,0.7431,0
2019-04-30,0.7429,0.7473,0.7416,0.7471,0.7471,0
2019-05-01,0.747,0.7476,0.7427,0.7439,0.7439,0
2019-05-02,0.7438,0.7446,0.7418,0.7422,0.7422,0
2019-05-03,0.7419,0.7459,0.7411,0.7452,0.7452,0
2019-05-06,0.7444,0.7447,0.7409,0.7436,0.7436,0
2019-05-07,0.7435,0.7457,0.7412,0.7422,0.7422,0
2019-05-08,0.742,0.7438,0.7413,0.7419,0.7419,0
2019-05-09,0.7417,0.743,0.7402,0.742,0.742,0
2019-05-10,0.7419,0.7474,0.7414,0.7456,0.7456,0
2019-05-13,0.7451,0.7453,0.7414,0.742,0.742,0
2019-05-14,0.7419,0.7432,0.7412,0.7429,0.7429,0
2019-05-15,0.7427,0.7448,0.741,0.7442,0.7442,0
2019-05-16,0.7441,0.7463,0.7422,0.743,0.743,0
2019-05-17,0.7429,0.7444,0.7398,0.7431,0.7431,0
2019-05-20,0.7427,0.7454,0.7425,0.7448,0.7448,0
2019-05-21,0.7446,0.7465,0.744,0.7459,0.7459,0
2019-05-22,0.7457,0.7487,0.7439,0.7446,0.7446,0
2019-05-23,0.7442,0.7445,0.7404,0.7422,0.7422,0
2019-05-24,0.7421,0.7446,0.7415,0.7442,0.7442,0
2019-05-27,0.7443,0.7446,0.7432,0.7439,0.7439,0
2019-05-28,0.7438,0.7444,0.7406,0.7412,0.7412,0
2019-05-29,0.741,0.7418,0.7381,0.7396,0.7396,0
2019-05-30,0.7395,0.7416,0.7394,0.7408,0.7408,0
2019-05-31,0.7406,0.7411,0.737,0.74,0.74,0
2019-06-03,0.7395,0.7443,0.739,0.7443,0.7443,0
2019-06-04,0.744,0.7473,0.7431,0.7467,0.7467,0
2019-06-05,0.7465,0.7483,0.7444,0.7455,0.7455,0
2019-06-06,0.7454,0.7486,0.7444,0.7484,0.7484,0
2019-06-07,0.7484,0.754,0.7478,0.7538,0.7538,0
2019-06-10,0.7547,0.7561,0.7528,0.7538,0.7538,0
2019-06-11,0.7535,0.7547,0.7513,0.753,0.753,0
2019-06-12,0.7527,0.7534,0.7492,0.7495,0.7495,0
2019-06-13,0.7493,0.7519,0.7492,0.7504,0.7504,0
2019-06-14,0.7503,0.7506,0.7448,0.7456,0.7456,0
2019-06-17,0.7459,0.7467,0.745,0.7457,0.7457,0
2019-06-18,0.7454,0.7477,0.7443,0.7475,0.7475,0
2019-06-19,0.7474,0.7531,0.747,0.753,0.753,0
2019-06-20,0.7528,0.7604,0.7524,0.7582,0.7582,0
2019-06-21,0.758,0.7598,0.7557,0.7563,0.7563,0
2019-06-24,0.7563,0.7588,0.7561,0.7588,0.7588,0
2019-06-25,0.7587,0.7603,0.7569,0.7595,0.7595,0
2019-06-26,0.7592,0.763,0.7577,0.7618,0.7618,0
2019-06-27,0.7617,0.7639,0.761,0.7637,0.7637,0
2019-06-28,0.7635,0.7658,0.763,0.7638,0.7638,0
2019-07-01,0.7638,0.7655,0.7606,0.7614,0.7614,0
2019-07-02,0.7612,0.7636,0.761,0.7631,0.7631,0
2019-07-03,0.7628,0.7659,0.7621,0.7659,0.7659,0
2019-07-04,0.7658,0.767,0.7644,0.7662,0.7662,0
2019-07-05,0.766,0.7666,0.761,0.7645,0.7645,0
2019-07-08,0.7649,0.7663,0.763,0.7637,0.7637,0
2019-07-09,0.7636,0.7641,0.7607,0.7618,0.7618,0
2019-07-10,0.7617,0.7656,0.7606,0.7644,0.7644,0
2019-07-11,0.7642,0.7668,0.7637,0.7648,0.7648,0
2019-07-12,0.7648,0.7682,0.7644,0.7674,0.7674,0
2019-07-15,0.767,0.768,0.766,0.7664,0.7664,0
2019-07-16,0.7662,0.7679,0.7637,0.7641,0.7641,0
2019-07-17,0.7639,0.7672,0.7636,0.7664,0.7664,0
2019-07-18,0.7662,0.7678,0.7635,0.7677,0.7677,0
2019-07-19,0.7675,0.7683,0.7627,0.7656,0.7656,0
2019-07-22,0.7653,0.7668,0.762,0.7622,0.7622,0
2019-07-23,0.7621,0.7624,0.7595,0.7614,0.7614,0
2019-07-24,0.7613,0.7623,0.7602,0.7609,0.7609,0
2019-07-25,0.7609,0.7625,0.7593,0.7597,0.7597,0
2019-07-26,0.7597,0.7601,0.7575,0.7595,0.7595,0
2019-07-29,0.7593,0.7605,0.7584,0.7597,0.7597,0
2019-07-30,0.7596,0.7609,0.7579,0.7606,0.7606,0
2019-07-31,0.7602,0.7631,0.7566,0.7581,0.7581,0
2019-08-01,0.7579,0.7586,0.7547,0.7569,0.7569,0
2019-08-02,0.7568,0.7576,0.7537,0.7572,0.7572,0
2019-08-05,0.757,0.7589,0.7547,0.7567,0.7567,0
2019-08-06,0.7566,0.7583,0.7522,0.753,0.753,0
2019-08-07,0.7528,0.7536,0.7492,0.7518,0.7518,0
2019-08-08,0.7517,0.7564,0.751,0.7562,0.7562,0
2019-08-09,0.756,0.7578,0.7531,0.756,0.756,0
2019-08-12,0.756,0.7574,0.7545,0.7553,0.7553,0
2019-08-13,0.7552,0.7584,0.7522,0.7563,0.7563,0
2019-08-14,0.756,0.757,0.7502,0.7508,0.7508,0
2019-08-15,0.7506,0.7527,0.7496,0.7513,0.7513,0
2019-08-16,0.7511,0.7541,0.7504,0.7535,0.7535,0
2019-08-19,0.7534,0.7546,0.7496,0.7505,0.7505,0
2019-08-20,0.7504,0.7514,0.7492,0.751,0.751,0
2019-08-21,0.7509,0.7544,0.7501,0.7524,0.7524,0
2019-08-22,0.7523,0.7533,0.7509,0.7517,0.7517,0
2019-08-23,0.7517,0.7532,0.7495,0.7529,0.7529,0
2019-08-26,0.7521,0.7549,0.7507,0.7544,0.7544,0
2019-08-27,0.7544,0.7561,0.7517,0.7529,0.7529,0
2019-08-28,0.7528,0.753,0.7507,0.7515,0.7515,0
2019-08-29,0.7514,0.7535,0.7506,0.7527,0.7527,0
2019-08-30,0.7526,0.7549,0.7499,0.7512,0.7512,0
2019-09-02,0.7511,0.7511,0.7483,0.7504,0.7504,0
2019-09-03,0.7502,0.7506,0.7471,0.75,0.75,0
2019-09-04,0.7499,0.7565,0.7492,0.7562,0.7562,0
2019-09-05,0.7561,0.758,0.7548,0.756,0.756,0
2019-09-06,0.7558,0.76,0.7553,0.7592,0.7592,0
2019-09-09,0.7591,0.7611,0.7584,0.7594,0.7594,0
2019-09-10,0.7593,0.7614,0.7579,0.7604,0.7604,0
2019-09-11,0.7602,0.761,0.7566,0.758,0.758,0
2019-09-12,0.7579,0.759,0.7562,0.757,0.757,0
2019-09-13,0.7568,0.7572,0.7524,0.7527,0.7527,0
2019-09-16,0.7561,0.7572,0.7534,0.7555,0.7555,0
2019-09-17,0.7553,0.7557,0.7518,0.7551,0.7551,0
2019-09-18,0.755,0.7553,0.7511,0.7527,0.7527,0
2019-09-19,0.7524,0.7552,0.7513,0.754,0.754,0
2019-09-20,0.754,0.7545,0.7517,0.7541,0.7541,0
2019-09-23,0.7543,0.7545,0.7514,0.754,0.754,0
2019-09-24,0.7539,0.7557,0.7531,0.7552,0.7552,0
2019-09-25,0.7551,0.7556,0.7524,0.7537,0.7537,0
2019-09-26,0.7536,0.7557,0.7531,0.7537,0.7537,0
2019-09-27,0.7537,0.7568,0.753,0.755,0.755,0
2019-09-30,0.7548,0.7561,0.754,0.7552,0.7552,0
2019-10-01,0.7551,0.7571,0.7523,0.7564,0.7564,0
2019-10-02,0.7563,0.7573,0.7501,0.7506,0.7506,0
2019-10-03,0.7504,0.7513,0.7491,0.7498,0.7498,0
2019-10-04,0.7498,0.7519,0.7496,0.751,0.751,0
2019-10-07,0.751,0.7524,0.75,0.7514,0.7514,0
2019-10-08,0.7513,0.7526,0.7496,0.7505,0.7505,0
2019-10-09,0.7503,0.7522,0.7496,0.75,0.75,0
2019-10-10,0.7501,0.7536,0.7492,0.7523,0.7523,0
2019-10-11,0.7522,0.7593,0.7518,0.7577,0.7577,0
2019-10-14,0.7576,0.758,0.7552,0.7557,0.7557,0
2019-10-15,0.7556,0.7579,0.7552,0.7576,0.7576,0
2019-10-16,0.7576,0.7585,0.7557,0.7574,0.7574,0
2019-10-17,0.7573,0.7616,0.7568,0.7612,0.7612,0
2019-10-18,0.7611,0.7623,0.7605,0.7619,0.7619,0
2019-10-21,0.7617,0.7646,0.7607,0.7642,0.7642,0
2019-10-22,0.7639,0.7651,0.7618,0.7638,0.7638,0
2019-10-23,0.7635,0.7653,0.7627,0.7652,0.7652,0
2019-10-24,0.765,0.7661,0.7636,0.7651,0.7651,0
2019-10-25,0.7649,0.766,0.7646,0.7659,0.7659,0
2019-10-28,0.7655,0.7664,0.7645,0.7662,0.7662,0
2019-10-29,0.7659,0.7668,0.7632,0.7641,0.7641,0
2019-10-30,0.764,0.7649,0.7569,0.76,0.76,0
2019-10-31,0.7599,0.7613,0.7587,0.7598,0.7598,0
2019-11-01,0.7595,0.7613,0.7576,0.7613,0.7613,0
2019-11-04,0.7613,0.7617,0.7596,0.7604,0.7604,0
2019-11-05,0.7603,0.7627,0.7587,0.7601,0.7601,0
2019-11-06,0.76,0.761,0.7578,0.7586,0.7586,0
2019-11-07,0.7586,0.76,0.7574,0.7591,0.7591,0
2019-11-08,0.759,0.7595,0.7553,0.756,0.756,0
2019-11-11,0.7563,0.7569,0.7554,0.7559,0.7559,0
2019-11-12,0.7556,0.7567,0.7541,0.7557,0.7557,0
2019-11-13,0.7556,0.756,0.7535,0.7547,0.7547,0
2019-11-14,0.7547,0.7551,0.7534,0.7548,0.7548,0
2019-11-15,0.7548,0.7566,0.7544,0.7563,0.7563,0
2019-11-18,0.7561,0.7576,0.7553,0.7572,0.7572,0
2019-11-19,0.7572,0.7582,0.7532,0.7537,0.7537,0
2019-11-20,0.7536,0.754,0.7501,0.7517,0.7517,0
2019-11-21,0.7517,0.7536,0.7503,0.7527,0.7527,0
2019-11-22,0.7526,0.7545,0.7517,0.7518,0.7518,0
2019-11-25,0.7518,0.7527,0.7506,0.7519,0.7519,0
2019-11-26,0.7518,0.7536,0.7508,0.7535,0.7535,0
2019-11-27,0.7534,0.7541,0.7523,0.753,0.753,0
2019-11-28,0.7528,0.7532,0.7518,0.7531,0.7531,0
2019-11-29,0.7528,0.7535,0.7509,0.7532,0.7532,0
2019-12-02,0.753,0.7534,0.7511,0.7516,0.7516,0
2019-12-03,0.7514,0.7528,0.7505,0.7521,0.7521,0
2019-12-04,0.752,0.758,0.7518,0.7575,0.7575,0
2019-12-05,0.7574,0.76,0.7572,0.759,0.759,0
2019-12-06,0.7591,0.7592,0.7535,0.7543,0.7543,0
2019-12-09,0.7543,0.7563,0.7537,0.7554,0.7554,0
2019-12-10,0.7553,0.7562,0.7546,0.756,0.756,0
2019-12-11,0.7557,0.7598,0.7552,0.7591,0.7591,0
2019-12-12,0.759,0.7598,0.7577,0.7585,0.7585,0
2019-12-13,0.7583,0.7604,0.7571,0.7595,0.7595,0
2019-12-16,0.7591,0.7625,0.7583,0.7604,0.7604,0
2019-12-17,0.7601,0.7607,0.7583,0.7599,0.7599,0
2019-12-18,0.7598,0.7632,0.7588,0.7625,0.7625,0
2019-12-19,0.7625,0.7629,0.761,0.7618,0.7618,0
2019-12-20,0.7617,0.7621,0.7585,0.7606,0.7606,0
2019-12-23,0.7605,0.761,0.7587,0.7608,0.7608,0
2019-12-24,0.7605,0.7609,0.7592,0.7596,0.7596,0
2019-12-25,0.7595,0.7605,0.7591,0.7599,0.7599,0
2019-12-26,0.7596,0.7632,0.7595,0.762,0.762,0
2019-12-27,0.7618,0.7655,0.7618,0.7647,0.7647,0
2019-12-30,0.7648,0.7664,0.7641,0.7654,0.7654,0
2019-12-31,0.765,0.7721,0.7649,0.7701,0.7701,0
2020-01-01,0.7698,0.7704,0.7691,0.7701,0.7701,0
2020-01-02,0.7699,0.7711,0.7686,0.7703,0.7703,0
2020-01-03,0.7703,0.7715,0.7686,0.7692,0.7692,0
2020-01-06,0.7701,0.7716,0.7696,0.7713,0.7713,0
2020-01-07,0.7714,0.7718,0.7673,0.769,0.769,0
2020-01-08,0.7688,0.7707,0.7665,0.7669,0.7669,0
2020-01-09,0.7668,0.7677,0.7629,0.7661,0.7661,0
2020-01-10,0.7658,0.7675,0.7646,0.7662,0.7662,0
2020-01-13,0.7661,0.7673,0.7651,0.7659,0.7659,0
2020-01-14,0.7658,0.7665,0.7644,0.7657,0.7657,0
2020-01-15,0.7655,0.7672,0.7645,0.7668,0.7668,0
2020-01-16,0.7668,0.7673,0.7658,0.7668,0.7668,0
2020-01-17,0.7666,0.7672,0.7646,0.7655,0.7655,0
2020-01-20,0.7654,0.7666,0.7648,0.7664,0.7664,0
2020-01-21,0.7664,0.7666,0.7644,0.7652,0.7652,0
2020-01-22,0.7652,0.7671,0.7602,0.7613,0.7613,0
2020-01-23,0.7613,0.762,0.7591,0.762,0.762,0
2020-01-24,0.7616,0.7622,0.7602,0.7608,0.7608,0
2020-01-27,0.7607,0.7607,0.7574,0.7579,0.7579,0
2020-01-28,0.7578,0.7602,0.7571,0.7602,0.7602,0
2020-01-29,0.7601,0.7602,0.7569,0.7577,0.7577,0
2020-01-30,0.7575,0.7582,0.7559,0.7571,0.7571,0
2020-01-31,0.7571,0.7579,0.7544,0.7556,0.7556,0
2020-02-03,0.7554,0.756,0.7515,0.7527,0.7527,0
2020-02-04,0.7526,0.754,0.7516,0.7534,0.7534,0
2020-02-05,0.7531,0.754,0.7515,0.753,0.753,0
2020-02-06,0.7528,0.7536,0.7512,0.7528,0.7528,0
2020-02-07,0.7527,0.753,0.7506,0.7513,0.7513,0
2020-02-10,0.7515,0.7525,0.7501,0.751,0.751,0
2020-02-11,0.7508,0.7532,0.7506,0.7527,0.7527,0
2020-02-12,0.7526,0.7556,0.752,0.7548,0.7548,0
2020-02-13,0.7547,0.7553,0.7533,0.7537,0.7537,0
2020-02-14,0.7536,0.7556,0.7535,0.7546,0.7546,0
2020-02-17,0.7545,0.7561,0.7543,0.7556,0.7556,0
2020-02-18,0.7556,0.7557,0.753,0.7543,0.7543,0
2020-02-19,0.7539,0.7567,0.7539,0.7564,0.7564,0
2020-02-20,0.7563,0.7569,0.7535,0.7542,0.7542,0
2020-02-21,0.7541,0.7575,0.7535,0.756,0.756,0
2020-02-24,0.7547,0.7555,0.7513,0.7522,0.7522,0
2020-02-25,0.7522,0.7537,0.7514,0.7531,0.7531,0
2020-02-26,0.753,0.7535,0.7497,0.7501,0.7501,0
2020-02-27,0.7501,0.751,0.7464,0.7468,0.7468,0
2020-02-28,0.7468,0.7475,0.7425,0.7464,0.7464,0
2020-03-02,0.7455,0.751,0.7436,0.7506,0.7506,0
2020-03-03,0.7504,0.7508,0.7466,0.7471,0.7471,0
2020-03-04,0.747,0.7502,0.7444,0.7471,0.7471,0
2020-03-05,0.7469,0.7472,0.744,0.7457,0.7457,0
2020-03-06,0.7458,0.7474,0.7439,0.7449,0.7449,0
2020-03-09,0.7427,0.7428,0.7266,0.7298,0.7298,0
2020-03-10,0.7298,0.7349,0.7247,0.7287,0.7287,0
2020-03-11,0.7285,0.7309,0.7248,0.7258,0.7258,0
2020-03-12,0.7257,0.7296,0.7159,0.7182,0.7182,0
2020-03-13,0.7179,0.7256,0.7144,0.7244,0.7244,0
2020-03-16,0.7226,0.7281,0.7132,0.7134,0.7134,0
2020-03-17,0.7134,0.7162,0.7004,0.7042,0.7042,0
2020-03-18,0.7041,0.7059,0.6824,0.689,0.689,0
2020-03-19,0.6893,0.6934,0.6816,0.6891,0.6891,0
2020-03-20,0.6891,0.7067,0.6878,0.6962,0.6962,0
2020-03-23,0.6968,0.6975,0.6866,0.6898,0.6898,0
2020-03-24,0.6897,0.6957,0.6879,0.6915,0.6915,0
2020-03-25,0.6912,0.7053,0.6903,0.7046,0.7046,0
2020-03-26,0.7045,0.7138,0.7003,0.7134,0.7134,0
2020-03-27,0.7131,0.7183,0.7063,0.7154,0.7154,0
2020-03-30,0.7146,0.7146,0.7049,0.7059,0.7059,0
2020-03-31,0.7056,0.7137,0.6968,0.7112,0.7112,0
2020-04-01,0.7111,0.7111,0.7005,0.7046,0.7046,0
2020-04-02,0.7046,0.7102,0.6992,0.7074,0.7074,0
2020-04-03,0.7073,0.7095,0.7028,0.7041,0.7041,0
2020-04-06,0.7044,0.71,0.7011,0.7087,0.7087,0
2020-04-07,0.7086,0.7171,0.707,0.7145,0.7145,0
2020-04-08,0.7145,0.7149,0.71,0.7136,0.7136,0
2020-04-09,0.7134,0.7178,0.7102,0.7156,0.7156,0
2020-04-10,0.7153,0.717,0.7137,0.7166,0.7166,0
2020-04-13,0.7172,0.7217,0.714,0.7192,0.7192,0
2020-04-14,0.7191,0.7213,0.718,0.7203,0.7203,0
2020-04-15,0.7202,0.7207,0.7075,0.7085,0.7085,0
2020-04-16,0.7085,0.7111,0.705,0.7102,0.7102,0
2020-04-17,0.71,0.7143,0.7082,0.7143,0.7143,0
2020-04-20,0.7138,0.7138,0.7065,0.7067,0.7067,0
2020-04-21,0.7066,0.7086,0.7009,0.7037,0.7037,0
2020-04-22,0.7037,0.7085,0.7022,0.7062,0.7062,0
2020-04-23,0.706,0.7143,0.7042,0.7106,0.7106,0
2020-04-24,0.7105,0.7131,0.7081,0.709,0.709,0
2020-04-27,0.7088,0.7129,0.7083,0.7127,0.7127,0
2020-04-28,0.7124,0.7176,0.7104,0.7145,0.7145,0
2020-04-29,0.7143,0.7207,0.7139,0.7204,0.7204,0
2020-04-30,0.7204,0.722,0.7163,0.7171,0.7171,0
2020-05-01,0.7168,0.7178,0.7086,0.7099,0.7099,0
2020-05-04,0.7105,0.7117,0.7065,0.71,0.71,0
2020-05-05,0.7099,0.7139,0.7094,0.7119,0.7119,0
2020-05-06,0.7118,0.7131,0.7062,0.707,0.707,0
2020-05-07,0.7068,0.7167,0.7054,0.7157,0.7157,0
2020-05-08,0.7156,0.719,0.7141,0.718,0.718,0
2020-05-11,0.7174,0.7194,0.7119,0.7142,0.7142,0
2020-05-12,0.7137,0.7157,0.7101,0.7103,0.7103,0
2020-05-13,0.7103,0.714,0.7083,0.7092,0.7092,0
2020-05-14,0.709,0.7127,0.7071,0.7118,0.7118,0
2020-05-15,0.7116,0.7134,0.7082,0.7087,0.7087,0
2020-05-18,0.7091,0.7176,0.7082,0.7175,0.7175,0
2020-05-19,0.7175,0.7212,0.7157,0.7172,0.7172,0
2020-05-20,0.7172,0.7211,0.7162,0.7193,0.7193,0
2020-05-21,0.7192,0.7199,0.7157,0.7166,0.7166,0
2020-05-22,0.7166,0.7173,0.7116,0.7143,0.7143,0
2020-05-25,0.7143,0.7159,0.7138,0.715,0.715,0
2020-05-26,0.7149,0.7269,0.7147,0.7257,0.7257,0
2020-05-27,0.7258,0.7285,0.7233,0.7272,0.7272,0
2020-05-28,0.7272,0.7281,0.725,0.7266,0.7266,0
2020-05-29,0.7266,0.7292,0.7228,0.7262,0.7262,0
2020-06-01,0.7255,0.7376,0.7244,0.7368,0.7368,0
2020-06-02,0.7366,0.7417,0.736,0.7398,0.7398,0
2020-06-03,0.7398,0.7418,0.7366,0.741,0.741,0
2020-06-04,0.7409,0.7425,0.7383,0.7408,0.7408,0
2020-06-05,0.7406,0.7468,0.7399,0.7448,0.7448,0
2020-06-08,0.7447,0.7487,0.7441,0.7472,0.7472,0
2020-06-09,0.7469,0.7486,0.7412,0.7453,0.7453,0
2020-06-10,0.7453,0.751,0.744,0.7456,0.7456,0
2020-06-11,0.7454,0.7464,0.7334,0.7339,0.7339,0
2020-06-12,0.7337,0.7393,0.7316,0.7361,0.7361,0
2020-06-15,0.7356,0.7383,0.7305,0.7369,0.7369,0
2020-06-16,0.7367,0.7405,0.7339,0.7383,0.7383,0
2020-06-17,0.7386,0.7401,0.7355,0.7372,0.7372,0
2020-06-18,0.737,0.7396,0.7343,0.7353,0.7353,0
2020-06-19,0.7351,0.7382,0.7342,0.735,0.735,0
2020-06-22,0.7352,0.7398,0.7336,0.7395,0.7395,0
2020-06-23,0.7395,0.7415,0.7368,0.7382,0.7382,0
2020-06-24,0.7381,0.7393,0.7329,0.7332,0.7332,0
2020-06-25,0.733,0.7349,0.7314,0.7333,0.7333,0
2020-06-26,0.7333,0.7338,0.729,0.7305,0.7305,0
2020-06-29,0.7312,0.7328,0.7295,0.7321,0.7321,0
2020-06-30,0.732,0.7369,0.7298,0.7366,0.7366,0
2020-07-01,0.7365,0.7383,0.7351,0.736,0.736,0
2020-07-02,0.7361,0.7375,0.7338,0.7373,0.7373,0
2020-07-03,0.7372,0.7383,0.7361,0.7382,0.7382,0
2020-07-06,0.7379,0.7396,0.737,0.7387,0.7387,0
2020-07-07,0.7386,0.7394,0.7346,0.7351,0.7351,0
2020-07-08,0.735,0.7411,0.7339,0.7401,0.7401,0
2020-07-09,0.7399,0.7412,0.7355,0.736,0.736,0
2020-07-10,0.7359,0.7366,0.7335,0.7357,0.7357,0
2020-07-13,0.7356,0.7388,0.7345,0.7348,0.7348,0
2020-07-14,0.7348,0.7355,0.7327,0.7345,0.7345,0
2020-07-15,0.7344,0.7405,0.7342,0.7403,0.7403,0
2020-07-16,0.7399,0.7406,0.7362,0.7368,0.7368,0
2020-07-17,0.7366,0.7372,0.7357,0.7365,0.7365,0
2020-07-20,0.7364,0.7394,0.7351,0.7388,0.7388,0
2020-07-21,0.7387,0.7449,0.7386,0.743,0.743,0
2020-07-22,0.7429,0.7463,0.7415,0.7453,0.7453,0
2020-07-23,0.7454,0.749,0.7446,0.7457,0.7457,0
2020-07-24,0.7455,0.7476,0.7436,0.7456,0.7456,0
2020-07-27,0.7445,0.7489,0.7444,0.7486,0.7486,0
2020-07-28,0.7486,0.7501,0.7457,0.7474,0.7474,0
2020-07-29,0.7473,0.75,0.7468,0.7495,0.7495,0
2020-07-30,0.7493,0.75,0.7428,0.7449,0.7449,0
2020-07-31,0.745,0.7479,0.7438,0.7454,0.7454,0
2020-08-03,0.7461,0.7474,0.7433,0.7468,0.7468,0
2020-08-04,0.7467,0.7509,0.7449,0.7508,0.7508,0
2020-08-05,0.7506,0.7557,0.7499,0.7538,0.7538,0
2020-08-06,0.7535,0.7551,0.7504,0.7516,0.7516,0
2020-08-07,0.7515,0.7528,0.7462,0.7471,0.7471,0
2020-08-10,0.7474,0.75,0.7464,0.749,0.749,0
2020-08-11,0.749,0.7536,0.7483,0.7518,0.7518,0
2020-08-12,0.7517,0.7559,0.7491,0.755,0.755,0
2020-08-13,0.7549,0.758,0.7541,0.7563,0.7563,0
2020-08-14,0.7565,0.7572,0.7534,0.7537,0.7537,0
2020-08-17,0.7542,0.758,0.7538,0.7567,0.7567,0
2020-08-18,0.7566,0.7604,0.7556,0.7594,0.7594,0
2020-08-19,0.7592,0.7613,0.7559,0.7567,0.7567,0
2020-08-20,0.7566,0.7594,0.7548,0.7585,0.7585,0
2020-08-21,0.7583,0.7599,0.7555,0.7589,0.7589,0
2020-08-24,0.7583,0.7614,0.7553,0.7566,0.7566,0
2020-08-25,0.7564,0.7595,0.7552,0.7591,0.7591,0
2020-08-26,0.7592,0.7615,0.7571,0.761,0.761,0
2020-08-27,0.7607,0.7633,0.7593,0.7619,0.7619,0
2020-08-28,0.7616,0.7665,0.7613,0.7634,0.7634,0
2020-08-31,0.7631,0.768,0.763,0.7665,0.7665,0
2020-09-01,0.7666,0.7696,0.764,0.7655,0.7655,0
2020-09-02,0.7653,0.767,0.7635,0.7667,0.7667,0
2020-09-03,0.7666,0.7669,0.7596,0.7619,0.7619,0
2020-09-04,0.7617,0.7666,0.7608,0.7657,0.7657,0
2020-09-07,0.766,0.7661,0.7623,0.7635,0.7635,0
2020-09-08,0.7633,0.7642,0.7552,0.7555,0.7555,0
2020-09-09,0.7554,0.7609,0.754,0.7609,0.7609,0
2020-09-10,0.7605,0.7623,0.7573,0.7581,0.7581,0
2020-09-11,0.7579,0.7604,0.757,0.759,0.759,0
2020-09-14,0.7582,0.7602,0.7576,0.7589,0.7589,0
2020-09-15,0.7589,0.7614,0.7573,0.7584,0.7584,0
2020-09-16,0.7584,0.7618,0.7573,0.7589,0.7589,0
2020-09-17,0.7587,0.7605,0.7547,0.7597,0.7597,0
2020-09-18,0.7594,0.7612,0.7569,0.7573,0.7573,0
2020-09-21,0.758,0.7592,0.7506,0.7514,0.7514,0
2020-09-22,0.7513,0.7528,0.7492,0.7519,0.7519,0
2020-09-23,0.7515,0.7522,0.7469,0.747,0.747,0
2020-09-24,0.7469,0.7505,0.7451,0.7483,0.7483,0
2020-09-25,0.7483,0.7497,0.7451,0.7471,0.7471,0
2020-09-28,0.7469,0.7489,0.7459,0.7477,0.7477,0
2020-09-29,0.7478,0.749,0.745,0.7469,0.7469,0
2020-09-30,0.7469,0.7518,0.745,0.7509,0.7509,0
2020-10-01,0.7506,0.7537,0.7501,0.7525,0.7525,0
2020-10-02,0.7524,0.7532,0.75,0.7513,0.7513,0
2020-10-05,0.7517,0.7544,0.7516,0.7538,0.7538,0
2020-10-06,0.7536,0.7552,0.7508,0.7513,0.7513,0
2020-10-07,0.7513,0.7545,0.7494,0.7544,0.7544,0
2020-10-08,0.7543,0.7579,0.7534,0.7578,0.7578,0
2020-10-09,0.7576,0.7628,0.7572,0.7622,0.7622,0
2020-10-12,0.7615,0.7633,0.7607,0.7626,0.7626,0
2020-10-13,0.7625,0.7634,0.7605,0.7611,0.7611,0
2020-10-14,0.7609,0.7624,0.7596,0.7606,0.7606,0
2020-10-15,0.7607,0.7609,0.754,0.7564,0.7564,0
2020-10-16,0.7563,0.7589,0.7553,0.7583,0.7583,0
2020-10-19,0.7579,0.7605,0.7577,0.7579,0.7579,0
2020-10-20,0.7579,0.7631,0.7572,0.7616,0.7616,0
2020-10-21,0.7617,0.7645,0.7602,0.7607,0.7607,0
2020-10-22,0.7605,0.762,0.7587,0.7615,0.7615,0
2020-10-23,0.7612,0.7628,0.7597,0.762,0.762,0
2020-10-26,0.7611,0.7615,0.756,0.7571,0.7571,0
2020-10-27,0.7569,0.7609,0.7567,0.7584,0.7584,0
2020-10-28,0.7583,0.7588,0.7498,0.7506,0.7506,0
2020-10-29,0.7506,0.7532,0.7467,0.7505,0.7505,0
2020-10-30,0.7505,0.753,0.749,0.7508,0.7508,0
2020-11-02,0.7509,0.7567,0.7478,0.7566,0.7566,0
2020-11-03,0.7567,0.7632,0.7555,0.7615,0.7615,0
2020-11-04,0.7615,0.7637,0.7518,0.761,0.761,0
2020-11-05,0.7609,0.7676,0.7587,0.7666,0.7666,0
2020-11-06,0.7662,0.7681,0.7634,0.7659,0.7659,0
2020-11-09,0.7653,0.7735,0.7649,0.7689,0.7689,0
2020-11-10,0.7686,0.7701,0.766,0.7674,0.7674,0
2020-11-11,0.7672,0.7688,0.7645,0.7656,0.7656,0
2020-11-12,0.7656,0.7659,0.7603,0.761,0.761,0
2020-11-13,0.7608,0.7624,0.759,0.7615,0.7615,0
2020-11-16,0.761,0.7654,0.7607,0.7649,0.7649,0
2020-11-17,0.7646,0.7655,0.7623,0.7631,0.7631,0
2020-11-18,0.763,0.7672,0.7622,0.7644,0.7644,0
2020-11-19,0.7645,0.7662,0.7618,0.765,0.765,0
2020-11-20,0.7648,0.7669,0.7633,0.7635,0.7635,0
2020-11-23,0.7638,0.7665,0.7625,0.7646,0.7646,0
2020-11-24,0.7645,0.7696,0.7637,0.7693,0.7693,0
2020-11-25,0.7694,0.7701,0.7673,0.7692,0.7692,0
2020-11-26,0.7688,0.7698,0.7678,0.7684,0.7684,0
2020-11-27,0.7682,0.7709,0.7676,0.7697,0.7697,0
2020-11-30,0.7697,0.7738,0.7685,0.7691,0.7691,0
2020-12-01,0.769,0.7735,0.7686,0.7732,0.7732,0
2020-12-02,0.7731,0.7746,0.7715,0.7742,0.7742,0
2020-12-03,0.7739,0.7781,0.7725,0.7774,0.7774,0
2020-12-04,0.7772,0.783,0.7766,0.7824,0.7824,0
2020-12-07,0.7824,0.7827,0.7791,0.7814,0.7814,0
2020-12-08,0.7813,0.7833,0.7795,0.7803,0.7803,0
2020-12-09,0.78,0.7831,0.7791,0.7803,0.7803,0
2020-12-10,0.7801,0.787,0.7792,0.785,0.785,0
2020-12-11,0.7846,0.7862,0.7816,0.783,0.783,0
2020-12-14,0.7828,0.7862,0.7817,0.7836,0.7836,0
2020-12-15,0.7832,0.7881,0.7828,0.7875,0.7875,0
2020-12-16,0.7871,0.7876,0.7817,0.7846,0.7846,0
2020-12-17,0.7845,0.7881,0.7841,0.7861,0.7861,0
2020-12-18,0.786,0.7864,0.7812,0.7822,0.7822,0
2020-12-21,0.7823,0.7825,0.7716,0.7779,0.7779,0
2020-12-22,0.7778,0.7786,0.773,0.7748,0.7748,0
2020-12-23,0.7746,0.7792,0.7741,0.7784,0.7784,0
2020-12-24,0.7784,0.7805,0.7762,0.7767,0.7767,0
2020-12-25,0.7765,0.778,0.7765,0.777,0.777,0
2020-12-28,0.7771,0.7804,0.7765,0.7784,0.7784,0
2020-12-29,0.778,0.7825,0.7774,0.7801,0.7801,0
2020-12-30,0.78,0.7844,0.7795,0.7837,0.7837,0
2020-12-31,0.7835,0.7865,0.783,0.7853,0.7853,0
2021-01-01,0.7852,0.7859,0.7849,0.7856,0.7856,0
2021-01-04,0.7858,0.7896,0.7813,0.7826,0.7826,0
2021-01-05,0.7825,0.7901,0.7816,0.7894,0.7894,0
2021-01-06,0.789,0.7918,0.7858,0.7889,0.7889,0
2021-01-07,0.7887,0.7897,0.7852,0.7881,0.7881,0
2021-01-08,0.7878,0.79,0.7846,0.7884,0.7884,0
2021-01-11,0.7878,0.788,0.7789,0.7822,0.7822,0
2021-01-12,0.7822,0.7869,0.7816,0.7868,0.7868,0
2021-01-13,0.7867,0.7886,0.7844,0.7877,0.7877,0
2021-01-14,0.7873,0.7921,0.7865,0.7914,0.7914,0
2021-01-15,0.7914,0.7914,0.7833,0.7853,0.7853,0
2021-01-18,0.7852,0.7858,0.7811,0.784,0.784,0
2021-01-19,0.7836,0.7865,0.7833,0.7851,0.7851,0
2021-01-20,0.7849,0.7933,0.7843,0.7917,0.7917,0
2021-01-21,0.7912,0.7943,0.7905,0.7915,0.7915,0
2021-01-22,0.7912,0.7916,0.7846,0.7851,0.7851,0
2021-01-25,0.7861,0.7882,0.7824,0.785,0.785,0
2021-01-26,0.7849,0.788,0.7822,0.7878,0.7878,0
2021-01-27,0.7878,0.7883,0.7797,0.7813,0.7813,0
2021-01-28,0.7811,0.782,0.7762,0.7794,0.7794,0
2021-01-29,0.7793,0.7851,0.7765,0.7826,0.7826,0
2021-02-01,0.7825,0.7836,0.7772,0.7782,0.7782,0
2021-02-02,0.778,0.7825,0.7768,0.7824,0.7824,0
2021-02-03,0.7823,0.7835,0.7804,0.7822,0.7822,0
2021-02-04,0.7822,0.7827,0.7784,0.7796,0.7796,0
2021-02-05,0.7794,0.7843,0.7791,0.7842,0.7842,0
2021-02-08,0.7831,0.7852,0.7822,0.7851,0.7851,0
2021-02-09,0.7851,0.7879,0.7832,0.7878,0.7878,0
2021-02-10,0.7879,0.7895,0.7864,0.7874,0.7874,0
2021-02-11,0.7873,0.7899,0.7865,0.7871,0.7871,0
2021-02-12,0.7869,0.7889,0.7834,0.7877,0.7877,0
2021-02-15,0.7876,0.7918,0.7876,0.7912,0.7912,0
2021-02-16,0.7907,0.793,0.7871,0.788,0.788,0
2021-02-17,0.788,0.7883,0.7844,0.7872,0.7872,0
2021-02-18,0.7872,0.7896,0.7854,0.7887,0.7887,0
2021-02-19,0.7886,0.794,0.7864,0.7929,0.7929,0
2021-02-22,0.7921,0.7949,0.7901,0.7927,0.7927,0
2021-02-23,0.7927,0.795,0.7906,0.7944,0.7944,0
2021-02-24,0.7944,0.7997,0.7936,0.7992,0.7992,0
2021-02-25,0.7991,0.8021,0.7926,0.7936,0.7936,0
2021-02-26,0.7933,0.7945,0.7841,0.7849,0.7849,0
2021-03-01,0.7859,0.7911,0.7848,0.7907,0.7907,0
2021-03-02,0.7905,0.7937,0.7873,0.7916,0.7916,0
2021-03-03,0.7915,0.7942,0.7898,0.7902,0.7902,0
2021-03-04,0.7901,0.7952,0.7876,0.7895,0.7895,0
2021-03-05,0.7894,0.7908,0.7849,0.7901,0.7901,0
2021-03-08,0.7897,0.7923,0.7872,0.7899,0.7899,0
2021-03-09,0.7896,0.7943,0.7881,0.7914,0.7914,0
2021-03-10,0.7912,0.7931,0.7883,0.7927,0.7927,0
2021-03-11,0.7923,0.7987,0.7919,0.7982,0.7982,0
2021-03-12,0.7978,0.8025,0.7952,0.8018,0.8018,0
2021-03-15,0.8017,0.8037,0.799,0.802,0.802,0
2021-03-16,0.8017,0.8042,0.7998,0.8033,0.8033,0
2021-03-17,0.8034,0.8064,0.8003,0.8064,0.8064,0
2021-03-18,0.806,0.8087,0.7981,0.8009,0.8009,0
2021-03-19,0.8006,0.8025,0.7968,0.8001,0.8001,0
2021-03-22,0.7998,0.8017,0.7971,0.7986,0.7986,0
2021-03-23,0.7987,0.799,0.7938,0.7944,0.7944,0
2021-03-24,0.7945,0.7973,0.793,0.7951,0.7951,0
2021-03-25,0.795,0.7971,0.7916,0.7929,0.7929,0
2021-03-26,0.7928,0.7962,0.7927,0.7952,0.7952,0
2021-03-29,0.7952,0.7955,0.7918,0.7943,0.7943,0
2021-03-30,0.7941,0.7949,0.7906,0.7914,0.7914,0
2021-03-31,0.7915,0.7975,0.7913,0.7962,0.7962,0
2021-04-01,0.796,0.7973,0.7933,0.797,0.797,0
2021-04-02,0.7969,0.7983,0.7947,0.795,0.795,0
2021-04-05,0.795,0.7999,0.7938,0.7986,0.7986,0
2021-04-06,0.7983,0.799,0.7946,0.7959,0.7959,0
2021-04-07,0.7956,0.7959,0.7913,0.7931,0.7931,0
2021-04-08,0.7931,0.7963,0.7918,0.796,0.796,0
2021-04-09,0.7959,0.7984,0.7928,0.798,0.798,0
2021-04-12,0.7978,0.7983,0.7952,0.796,0.796,0
2021-04-13,0.7959,0.7983,0.7916,0.7978,0.7978,0
2021-04-14,0.7976,0.8,0.795,0.7986,0.7986,0
2021-04-15,0.7985,0.8015,0.7961,0.7973,0.7973,0
2021-04-16,0.7972,0.8004,0.7961,0.7996,0.7996,0
2021-04-19,0.8003,0.8019,0.797,0.7978,0.7978,0
2021-04-20,0.7977,0.8014,0.792,0.7931,0.7931,0
2021-04-21,0.793,0.8026,0.7902,0.8002,0.8002,0
2021-04-22,0.8,0.8018,0.7976,0.7996,0.7996,0
2021-04-23,0.7996,0.8025,0.7992,0.8016,0.8016,0
2021-04-26,0.8011,0.8076,0.8004,0.8067,0.8067,0
2021-04-27,0.8065,0.8072,0.8051,0.8067,0.8067,0
2021-04-28,0.8066,0.8123,0.8051,0.8121,0.8121,0
2021-04-29,0.8118,0.8147,0.8112,0.8142,0.8142,0
2021-04-30,0.8139,0.8153,0.8114,0.8136,0.8136,0
2021-05-03,0.8136,0.8153,0.8116,0.8145,0.8145,0
2021-05-04,0.8144,0.8147,0.8095,0.8124,0.8124,0
2021-05-05,0.8123,0.8162,0.8118,0.8153,0.8153,0
2021-05-06,0.815,0.8234,0.8135,0.8231,0.8231,0
2021-05-07,0.8232,0.8247,0.8199,0.8243,0.8243,0
2021-05-10,0.8225,0.828,0.8225,0.8266,0.8266,0
2021-05-11,0.8266,0.8279,0.8245,0.8263,0.8263,0
2021-05-12,0.8262,0.8302,0.8237,0.8242,0.8242,0
2021-05-13,0.8241,0.8262,0.8193,0.8223,0.8223,0
2021-05-14,0.8223,0.8278,0.8209,0.8262,0.8262,0
2021-05-17,0.8264,0.8292,0.8238,0.8287,0.8287,0
2021-05-18,0.8285,0.8324,0.8276,0.8289,0.8289,0
2021-05-19,0.8286,0.8296,0.8234,0.8242,0.8242,0
2021-05-20,0.8245,0.8299,0.8232,0.8292,0.8292,0
2021-05-21,0.829,0.8315,0.8266,0.8285,0.8285,0
2021-05-24,0.829,0.8306,0.8273,0.8305,0.8305,0
2021-05-25,0.8301,0.8313,0.8277,0.8289,0.8289,0
2021-05-26,0.8285,0.8304,0.8244,0.8252,0.8252,0
2021-05-27,0.8249,0.8295,0.8235,0.829,0.829,0
2021-05-28,0.8287,0.829,0.8249,0.8285,0.8285,0
2021-05-31,0.8284,0.8302,0.8269,0.8289,0.8289,0
2021-06-01,0.8288,0.8329,0.8277,0.8284,0.8284,0
2021-06-02,0.8283,0.8313,0.8269,0.831,0.831,0
2021-06-03,0.8308,0.8313,0.8249,0.8262,0.8262,0
2021-06-04,0.8258,0.8285,0.824,0.8276,0.8276,0
2021-06-07,0.828,0.8295,0.8258,0.8278,0.8278,0
2021-06-08,0.8276,0.8285,0.8251,0.8257,0.8257,0
2021-06-09,0.8256,0.8293,0.8251,0.8257,0.8257,0
2021-06-10,0.8256,0.8285,0.8245,0.8268,0.8268,0
2021-06-11,0.8268,0.8278,0.821,0.8226,0.8226,0
2021-06-14,0.823,0.8245,0.8215,0.8235,0.8235,0
2021-06-15,0.8234,0.8245,0.8193,0.8207,0.8207,0
2021-06-16,0.8207,0.8226,0.8139,0.8145,0.8145,0
2021-06-17,0.8144,0.8155,0.8077,0.8089,0.8089,0
2021-06-18,0.8089,0.8105,0.8011,0.8023,0.8023,0
2021-06-21,0.8021,0.8095,0.8007,0.809,0.809,0
2021-06-22,0.8087,0.8129,0.8061,0.8125,0.8125,0
2021-06-23,0.8123,0.8162,0.811,0.8127,0.8127,0
2021-06-24,0.8122,0.8142,0.8101,0.8115,0.8115,0
2021-06-25,0.8112,0.8149,0.811,0.8133,0.8133,0
2021-06-28,0.8133,0.8139,0.8097,0.8106,0.8106,0
2021-06-29,0.8104,0.811,0.8061,0.8064,0.8064,0
2021-06-30,0.8063,0.8094,0.8047,0.8067,0.8067,0
2021-07-01,0.8064,0.8088,0.8033,0.804,0.804,0
2021-07-02,0.8039,0.8125,0.803,0.8117,0.8117,0
2021-07-05,0.8116,0.8123,0.8081,0.8104,0.8104,0
2021-07-06,0.8101,0.8129,0.8002,0.8024,0.8024,0
2021-07-07,0.8021,0.805,0.7986,0.8013,0.8013,0
2021-07-08,0.8012,0.8016,0.7941,0.7979,0.7979,0
2021-07-09,0.7978,0.8037,0.7962,0.8034,0.8034,0
2021-07-12,0.8036,0.8036,0.799,0.803,0.803,0
2021-07-13,0.8028,0.8037,0.7973,0.7993,0.7993,0
2021-07-14,0.7988,0.8044,0.7982,0.7996,0.7996,0
2021-07-15,0.7994,0.7999,0.7926,0.7941,0.7941,0
2021-07-16,0.794,0.7961,0.7921,0.793,0.793,0
2021-07-19,0.7929,0.7933,0.7806,0.7843,0.7843,0
2021-07-20,0.7842,0.7891,0.7819,0.7887,0.7887,0
2021-07-21,0.7885,0.7984,0.7854,0.7966,0.7966,0
2021-07-22,0.7961,0.7981,0.7938,0.7958,0.7958,0
2021-07-23,0.7956,0.7965,0.793,0.7961,0.7961,0
2021-07-26,0.7959,0.7983,0.7941,0.7973,0.7973,0
2021-07-27,0.7967,0.7976,0.7932,0.7936,0.7936,0
2021-07-28,0.7934,0.799,0.7932,0.7982,0.7982,0
2021-07-29,0.798,0.8044,0.7973,0.8035,0.8035,0
2021-07-30,0.8033,0.805,0.8004,0.8018,0.8018,0
2021-08-02,0.8012,0.8031,0.7988,0.7993,0.7993,0
2021-08-03,0.7992,0.8007,0.795,0.7976,0.7976,0
2021-08-04,0.7974,0.799,0.7959,0.7974,0.7974,0
2021-08-05,0.7971,0.8017,0.7968,0.7995,0.7995,0
2021-08-06,0.7993,0.8004,0.7947,0.7966,0.7966,0
2021-08-09,0.7966,0.798,0.7943,0.7952,0.7952,0
2021-08-10,0.7952,0.7988,0.7942,0.7987,0.7987,0
2021-08-11,0.7983,0.8008,0.7967,0.7998,0.7998,0
2021-08-12,0.7996,0.8,0.7978,0.7983,0.7983,0
2021-08-13,0.7982,0.7999,0.7977,0.7991,0.7991,0
2021-08-16,0.7988,0.7992,0.7945,0.7953,0.7953,0
2021-08-17,0.7952,0.7957,0.7905,0.7917,0.7917,0
2021-08-18,0.7915,0.7938,0.7896,0.7901,0.7901,0
2021-08-19,0.79,0.7906,0.7792,0.7796,0.7796,0
2021-08-20,0.7796,0.7804,0.7721,0.7799,0.7799,0
2021-08-23,0.7798,0.791,0.7786,0.7907,0.7907,0
2021-08-24,0.7906,0.795,0.7896,0.7943,0.7943,0
2021-08-25,0.7943,0.7945,0.7908,0.7942,0.7942,0
2021-08-26,0.794,0.7945,0.7875,0.7884,0.7884,0
2021-08-27,0.788,0.7933,0.7867,0.7919,0.7919,0
2021-08-30,0.7922,0.7954,0.7913,0.7935,0.7935,0
2021-08-31,0.7931,0.7956,0.7901,0.7927,0.7927,0
2021-09-01,0.7921,0.7949,0.7911,0.7925,0.7925,0
2021-09-02,0.7923,0.7969,0.7911,0.7966,0.7966,0
2021-09-03,0.7965,0.8004,0.7959,0.7982,0.7982,0
2021-09-06,0.7983,0.799,0.7961,0.7976,0.7976,0
2021-09-07,0.7976,0.7988,0.79,0.7909,0.7909,0
2021-09-08,0.7905,0.792,0.7835,0.788,0.788,0
2021-09-09,0.7879,0.7923,0.7855,0.7897,0.7897,0
2021-09-10,0.7895,0.7948,0.7876,0.788,0.788,0
2021-09-13,0.7881,0.7913,0.7875,0.7904,0.7904,0
2021-09-14,0.7903,0.7937,0.7873,0.7877,0.7877,0
2021-09-15,0.7876,0.7921,0.7867,0.7915,0.7915,0
2021-09-16,0.7912,0.7926,0.7873,0.7885,0.7885,0
2021-09-17,0.7885,0.7913,0.7828,0.7832,0.7832,0
2021-09-20,0.7834,0.7837,0.7753,0.7799,0.7799,0
2021-09-21,0.7795,0.7848,0.7781,0.7802,0.7802,0
2021-09-22,0.7797,0.7875,0.7791,0.783,0.783,0
2021-09-23,0.7828,0.7916,0.7813,0.7901,0.7901,0
2021-09-24,0.7902,0.7911,0.7854,0.7903,0.7903,0
2021-09-27,0.7901,0.793,0.7889,0.7919,0.7919,0
2021-09-28,0.7916,0.7941,0.7868,0.7882,0.7882,0
2021-09-29,0.7881,0.7894,0.7827,0.784,0.784,0
2021-09-30,0.7838,0.7918,0.7834,0.7887,0.7887,0
2021-10-01,0.7886,0.7919,0.7849,0.7906,0.7906,0
2021-10-04,0.7905,0.7964,0.7901,0.7944,0.7944,0
2021-10-05,0.7942,0.7971,0.7916,0.7947,0.7947,0
2021-10-06,0.7947,0.7952,0.7905,0.7944,0.7944,0
2021-10-07,0.7943,0.7974,0.7935,0.797,0.797,0
2021-10-08,0.7967,0.8031,0.7959,0.8019,0.8019,0
2021-10-11,0.8013,0.8034,0.8004,0.8012,0.8012,0
2021-10-12,0.801,0.8042,0.7999,0.8021,0.8021,0
2021-10-13,0.8021,0.8044,0.8012,0.8037,0.8037,0
2021-10-14,0.8035,0.8094,0.8031,0.8085,0.8085,0
2021-10-15,0.8082,0.8106,0.8065,0.8085,0.8085,0
2021-10-18,0.8083,0.8098,0.8057,0.808,0.808,0
2021-10-19,0.8078,0.8122,0.8074,0.809,0.809,0
2021-10-20,0.8088,0.8125,0.8083,0.8117,0.8117,0
2021-10-21,0.8114,0.8137,0.8073,0.8087,0.8087,0
2021-10-22,0.8087,0.8116,0.807,0.8085,0.8085,0
2021-10-25,0.8085,0.8104,0.8063,0.8077,0.8077,0
2021-10-26,0.8076,0.8097,0.8065,0.8071,0.8071,0
2021-10-27,0.807,0.8128,0.8042,0.8094,0.8094,0
2021-10-28,0.8091,0.811,0.8074,0.81,0.81,0
2021-10-29,0.81,0.8111,0.8058,0.8072,0.8072,0
2021-11-01,0.8067,0.8096,0.8061,0.8085,0.8085,0
2021-11-02,0.8083,0.8085,0.8046,0.8058,0.8058,0
2021-11-03,0.806,0.8077,0.8026,0.8071,0.8071,0
2021-11-04,0.8069,0.808,0.8016,0.8029,0.8029,0
2021-11-05,0.8027,0.8042,0.8012,0.8029,0.8029,0
2021-11-08,0.8023,0.8042,0.802,0.8037,0.8037,0
2021-11-09,0.8037,0.8046,0.8007,0.804,0.804,0
2021-11-10,0.8039,0.8073,0.7996,0.8006,0.8006,0
2021-11-11,0.8004,0.8015,0.7937,0.795,0.795,0
2021-11-12,0.7949,0.7974,0.7932,0.7972,0.7972,0
2021-11-15,0.7967,0.7999,0.7963,0.799,0.799,0
2021-11-16,0.799,0.8005,0.7955,0.7961,0.7961,0
2021-11-17,0.7961,0.7974,0.7921,0.793,0.793,0
2021-11-18,0.7929,0.7942,0.7905,0.7936,0.7936,0
2021-11-19,0.7934,0.7947,0.7896,0.7912,0.7912,0
2021-11-22,0.7915,0.792,0.787,0.7874,0.7874,0
2021-11-23,0.7871,0.7899,0.7845,0.7895,0.7895,0
2021-11-24,0.7893,0.7905,0.7866,0.7894,0.7894,0
2021-11-25,0.7895,0.7911,0.7886,0.7905,0.7905,0
2021-11-26,0.7905,0.7907,0.7811,0.782,0.782,0
2021-11-29,0.7816,0.7862,0.7815,0.7849,0.7849,0
2021-11-30,0.7848,0.7855,0.7789,0.7826,0.7826,0
2021-12-01,0.7825,0.7866,0.7792,0.7801,0.7801,0
2021-12-02,0.7801,0.7826,0.7788,0.7807,0.7807,0
2021-12-03,0.7809,0.7847,0.7778,0.7786,0.7786,0
2021-12-06,0.7795,0.7841,0.7785,0.784,0.784,0
2021-12-07,0.784,0.7914,0.7831,0.7912,0.7912,0
2021-12-08,0.7911,0.7931,0.7893,0.7904,0.7904,0
2021-12-09,0.79,0.7905,0.7859,0.7866,0.7866,0
2021-12-10,0.7865,0.7886,0.7849,0.7861,0.7861,0
2021-12-13,0.7858,0.787,0.7797,0.7809,0.7809,0
2021-12-14,0.7808,0.7814,0.7771,0.7774,0.7774,0
2021-12-15,0.7774,0.7794,0.7728,0.7793,0.7793,0
2021-12-16,0.779,0.7835,0.7776,0.783,0.783,0
2021-12-17,0.7828,0.783,0.7749,0.7756,0.7756,0
2021-12-20,0.7756,0.7762,0.7712,0.7726,0.7726,0
2021-12-21,0.7726,0.7744,0.7721,0.7744,0.7744,0
2021-12-22,0.7741,0.7792,0.7736,0.7791,0.7791,0
2021-12-23,0.7789,0.7813,0.7778,0.7806,0.7806,0
2021-12-24,0.7807,0.782,0.7789,0.7805,0.7805,0
2021-12-27,0.7805,0.7825,0.7782,0.7821,0.7821,0
2021-12-28,0.782,0.7825,0.7792,0.7798,0.7798,0
2021-12-29,0.7799,0.7819,0.7789,0.7819,0.7819,0
2021-12-30,0.7817,0.7852,0.7803,0.7849,0.7849,0
2021-12-31,0.7846,0.7923,0.7841,0.7914,0.7914,0
2022-01-03,0.7915,0.7916,0.7824,0.7848,0.7848,0
2022-01-04,0.7844,0.7894,0.7831,0.7869,0.7869,0
2022-01-05,0.7868,0.7879,0.7832,0.784,0.784,0
2022-01-06,0.7838,0.787,0.7803,0.7854,0.7854,0
2022-01-07,0.7852,0.7916,0.7852,0.7908,0.7908,0
2022-01-10,0.7905,0.793,0.7873,0.7887,0.7887,0
2022-01-11,0.7885,0.7957,0.7883,0.7954,0.7954,0
2022-01-12,0.7952,0.8003,0.7947,0.7995,0.7995,0
2022-01-13,0.7994,0.803,0.7985,0.7987,0.7987,0
2022-01-14,0.7985,0.8019,0.7953,0.7965,0.7965,0
2022-01-17,0.7964,0.7999,0.7962,0.7987,0.7987,0
2022-01-18,0.7988,0.8008,0.7957,0.7991,0.7991,0
2022-01-19,0.7989,0.8031,0.7982,0.7991,0.7991,0
2022-01-20,0.799,0.803,0.7987,0.7998,0.7998,0
2022-01-21,0.7996,0.8001,0.7942,0.7947,0.7947,0
2022-01-24,0.7946,0.7965,0.7871,0.7914,0.7914,0
2022-01-25,0.7912,0.7938,0.7891,0.7919,0.7919,0
2022-01-26,0.7916,0.7962,0.7879,0.7894,0.7894,0
2022-01-27,0.7892,0.7905,0.7843,0.7848,0.7848,0
2022-01-28,0.7846,0.7866,0.7813,0.7835,0.7835,0
2022-01-31,0.7833,0.7885,0.7825,0.787,0.787,0
2022-02-01,0.7868,0.7901,0.7855,0.7882,0.7882,0
2022-02-02,0.788,0.7905,0.7868,0.7894,0.7894,0
2022-02-03,0.7891,0.79,0.7862,0.7888,0.7888,0
2022-02-04,0.7887,0.7897,0.7818,0.7834,0.7834,0
2022-02-07,0.7835,0.79,0.7835,0.7895,0.7895,0
2022-02-08,0.7893,0.7896,0.7859,0.7866,0.7866,0
2022-02-09,0.7865,0.7895,0.7862,0.7892,0.7892,0
2022-02-10,0.7891,0.7913,0.7855,0.7862,0.7862,0
2022-02-11,0.7861,0.7893,0.7839,0.7852,0.7852,0
2022-02-14,0.7846,0.7861,0.782,0.7856,0.7856,0
2022-02-15,0.7855,0.7873,0.7826,0.7863,0.7863,0
2022-02-16,0.786,0.7896,0.7856,0.7885,0.7885,0
2022-02-17,0.788,0.7889,0.7851,0.7871,0.7871,0
2022-02-18,0.787,0.789,0.7835,0.7843,0.7843,0
2022-02-21,0.7842,0.786,0.7835,0.7843,0.7843,0
2022-02-22,0.7842,0.7862,0.7821,0.7831,0.7831,0
2022-02-23,0.783,0.7885,0.7828,0.7854,0.7854,0
2022-02-24,0.7851,0.7856,0.7763,0.7805,0.7805,0
2022-02-25,0.7802,0.7876,0.7798,0.787,0.787,0
2022-02-28,0.7835,0.7898,0.7805,0.7889,0.7889,0
2022-03-01,0.7887,0.7903,0.7841,0.7849,0.7849,0
2022-03-02,0.7847,0.7918,0.7844,0.7918,0.7918,0
2022-03-03,0.7916,0.7944,0.7876,0.7886,0.7886,0
2022-03-04,0.7885,0.7893,0.7816,0.7854,0.7854,0
2022-03-07,0.7853,0.7883,0.7798,0.78,0.78,0
2022-03-08,0.7798,0.7814,0.775,0.7763,0.7763,0
2022-03-09,0.7761,0.781,0.7754,0.7808,0.7808,0
2022-03-10,0.7805,0.7843,0.7786,0.7831,0.7831,0
2022-03-11,0.7833,0.7877,0.7814,0.7847,0.7847,0
2022-03-14,0.7846,0.7857,0.7794,0.7798,0.7798,0
2022-03-15,0.7797,0.7836,0.7768,0.7834,0.7834,0
2022-03-16,0.7831,0.7889,0.7824,0.7889,0.7889,0
2022-03-17,0.7887,0.7928,0.7873,0.792,0.792,0
2022-03-18,0.7918,0.7943,0.7905,0.7934,0.7934,0
2022-03-21,0.7933,0.7958,0.7918,0.7941,0.7941,0
2022-03-22,0.794,0.7957,0.792,0.7956,0.7956,0
2022-03-23,0.7954,0.7973,0.7931,0.7961,0.7961,0
2022-03-24,0.796,0.7994,0.7943,0.7984,0.7984,0
2022-03-25,0.7983,0.8022,0.7964,0.8016,0.8016,0
2022-03-28,0.8013,0.8017,0.7939,0.7989,0.7989,0
2022-03-29,0.7987,0.8019,0.7979,0.7998,0.7998,0
2022-03-30,0.7997,0.8045,0.7992,0.801,0.801,0
2022-03-31,0.801,0.8022,0.7976,0.8,0.8,0
2022-04-01,0.7997,0.8012,0.7973,0.7987,0.7987,0
2022-04-04,0.7986,0.802,0.798,0.8008,0.8008,0
2022-04-05,0.801,0.8062,0.7999,0.8008,0.8008,0
2022-04-06,0.8005,0.8013,0.7962,0.7975,0.7975,0
2022-04-07,0.7971,0.7977,0.7927,0.7942,0.7942,0
2022-04-08,0.7943,0.7958,0.7923,0.7956,0.7956,0
2022-04-11,0.7954,0.7957,0.7909,0.7916,0.7916,0
2022-04-12,0.7915,0.7948,0.7896,0.7912,0.7912,0
2022-04-13,0.7908,0.7964,0.7887,0.7957,0.7957,0
2022-04-14,0.7955,0.7986,0.7908,0.7937,0.7937,0
2022-04-15,0.7935,0.7942,0.7921,0.7929,0.7929,0
2022-04-18,0.7927,0.7934,0.7907,0.7926,0.7926,0
2022-04-19,0.7926,0.7956,0.7905,0.7925,0.7925,0
2022-04-20,0.7926,0.8017,0.792,0.8003,0.8003,0
2022-04-21,0.7999,0.8026,0.794,0.795,0.795,0
2022-04-22,0.7948,0.7957,0.7855,0.7867,0.7867,0
2022-04-25,0.787,0.787,0.7825,0.7853,0.7853,0
2022-04-26,0.7854,0.7883,0.7794,0.7797,0.7797,0
2022-04-27,0.7798,0.7825,0.7778,0.7801,0.7801,0
2022-04-28,0.7798,0.7817,0.7762,0.7808,0.7808,0
2022-04-29,0.7807,0.7862,0.7773,0.7777,0.7777,0
2022-05-02,0.7788,0.7788,0.7742,0.7764,0.7764,0
2022-05-03,0.7761,0.7797,0.7754,0.7787,0.7787,0
2022-05-04,0.7785,0.7855,0.7778,0.7854,0.7854,0
2022-05-05,0.7844,0.7866,0.7769,0.7792,0.7792,0
2022-05-06,0.779,0.7803,0.7742,0.7748,0.7748,0
2022-05-09,0.7747,0.7756,0.7682,0.7687,0.7687,0
2022-05-10,0.7685,0.7715,0.766,0.7678,0.7678,0
2022-05-11,0.7676,0.7739,0.7668,0.7695,0.7695,0
2022-05-12,0.7696,0.7705,0.7645,0.7665,0.7665,0
2022-05-13,0.7665,0.7754,0.7661,0.7746,0.7746,0
2022-05-16,0.7736,0.779,0.7701,0.7786,0.7786,0
2022-05-17,0.7785,0.7808,0.7775,0.7806,0.7806,0
2022-05-18,0.7804,0.7815,0.7753,0.7758,0.7758,0
2022-05-19,0.7757,0.7822,0.7754,0.7797,0.7797,0
2022-05-20,0.7795,0.7827,0.7769,0.7789,0.7789,0
2022-05-23,0.7785,0.7834,0.7781,0.7834,0.7834,0
2022-05-24,0.7832,0.7833,0.7766,0.7802,0.7802,0
2022-05-25,0.78,0.7811,0.7759,0.7803,0.7803,0
2022-05-26,0.7802,0.7831,0.7781,0.7829,0.7829,0
2022-05-27,0.7827,0.7862,0.7821,0.7859,0.7859,0
2022-05-30,0.7854,0.7905,0.7851,0.7902,0.7902,0
2022-05-31,0.7901,0.7918,0.788,0.7908,0.7908,0
2022-06-01,0.7905,0.793,0.7886,0.7901,0.7901,0
2022-06-02,0.7899,0.7959,0.788,0.7956,0.7956,0
2022-06-03,0.7955,0.7967,0.7937,0.7941,0.7941,0
2022-06-06,0.7942,0.7977,0.7933,0.7951,0.7951,0
2022-06-07,0.7948,0.7985,0.7923,0.798,0.798,0
2022-06-08,0.7979,0.7988,0.7956,0.7963,0.7963,0
2022-06-09,0.7957,0.7968,0.7869,0.7875,0.7875,0
2022-06-10,0.7874,0.7885,0.7803,0.7823,0.7823,0
2022-06-13,0.7822,0.7828,0.775,0.7753,0.7753,0
2022-06-14,0.7752,0.7772,0.7705,0.7723,0.7723,0
2022-06-15,0.7717,0.7774,0.7693,0.7758,0.7758,0
2022-06-16,0.7757,0.7775,0.7708,0.7723,0.7723,0
2022-06-17,0.772,0.7728,0.7644,0.7676,0.7676,0
2022-06-20,0.7673,0.7705,0.7668,0.7704,0.7704,0
2022-06-21,0.7702,0.7748,0.7699,0.774,0.774,0
2022-06-22,0.7739,0.7744,0.7692,0.7725,0.7725,0
2022-06-23,0.7723,0.773,0.768,0.7695,0.7695,0
2022-06-24,0.7693,0.7757,0.7688,0.7755,0.7755,0
2022-06-27,0.7754,0.7773,0.7741,0.7764,0.7764,0
2022-06-28,0.7763,0.78,0.7753,0.7768,0.7768,0
2022-06-29,0.7766,0.7785,0.775,0.7756,0.7756,0
2022-06-30,0.7755,0.7775,0.773,0.7769,0.7769,0
2022-07-01,0.7767,0.7771,0.771,0.7762,0.7762,0
2022-07-04,0.7759,0.7789,0.7748,0.7776,0.7776,0
2022-07-05,0.7774,0.7786,0.7641,0.767,0.767,0
2022-07-06,0.7668,0.7685,0.7645,0.767,0.767,0
2022-07-07,0.7669,0.7714,0.7658,0.7713,0.7713,0
2022-07-08,0.7711,0.773,0.767,0.7722,0.7722,0
2022-07-11,0.7721,0.7726,0.766,0.7688,0.7688,0
2022-07-12,0.7686,0.7701,0.7661,0.7679,0.7679,0
2022-07-13,0.7678,0.773,0.7655,0.7709,0.7709,0
2022-07-14,0.7707,0.7711,0.756,0.7623,0.7623,0
2022-07-15,0.7621,0.7684,0.7612,0.7674,0.7674,0
2022-07-18,0.7678,0.7753,0.7675,0.7704,0.7704,0
2022-07-19,0.7702,0.7771,0.7696,0.777,0.777,0
2022-07-20,0.777,0.7779,0.7746,0.7762,0.7762,0
2022-07-21,0.7761,0.7775,0.7728,0.7771,0.7771,0
2022-07-22,0.777,0.7798,0.7733,0.7743,0.7743,0
2022-07-25,0.7741,0.7791,0.7723,0.7782,0.7782,0
2022-07-26,0.7781,0.7802,0.7749,0.7761,0.7761,0
2022-07-27,0.7757,0.7807,0.7743,0.7798,0.7798,0
2022-07-28,0.7796,0.7815,0.7768,0.7809,0.7809,0
2022-07-29,0.7808,0.7819,0.7777,0.7817,0.7817,0
2022-08-01,0.7803,0.7832,0.7776,0.7786,0.7786,0
2022-08-02,0.7785,0.7792,0.7758,0.7762,0.7762,0
2022-08-03,0.7763,0.7792,0.7755,0.7788,0.7788,0
2022-08-04,0.7784,0.7801,0.7765,0.7773,0.7773,0
2022-08-05,0.7772,0.7774,0.7699,0.7733,0.7733,0
2022-08-08,0.7732,0.7788,0.772,0.778,0.778,0
2022-08-09,0.7775,0.7786,0.775,0.7758,0.7758,0
2022-08-10,0.7759,0.7842,0.7753,0.7828,0.7828,0
2022-08-11,0.7828,0.7856,0.7816,0.7835,0.7835,0
2022-08-12,0.783,0.7849,0.7809,0.7829,0.7829,0
2022-08-15,0.7831,0.7831,0.773,0.7749,0.7749,0
2022-08-16,0.7747,0.7793,0.7733,0.7785,0.7785,0
2022-08-17,0.7784,0.7795,0.7728,0.7745,0.7745,0
2022-08-18,0.7743,0.7763,0.771,0.7723,0.7723,0
2022-08-19,0.7721,0.7725,0.7685,0.7695,0.7695,0
2022-08-22,0.7693,0.7709,0.7655,0.7658,0.7658,0
2022-08-23,0.7658,0.7732,0.7653,0.772,0.772,0
2022-08-24,0.7719,0.772,0.768,0.7712,0.7712,0
2022-08-25,0.7711,0.7754,0.7705,0.7738,0.7738,0
2022-08-26,0.7736,0.7749,0.7665,0.7672,0.7672,0
2022-08-29,0.7675,0.7698,0.7646,0.7686,0.7686,0
2022-08-30,0.7685,0.7708,0.7627,0.7637,0.7637,0
2022-08-31,0.7637,0.7655,0.7608,0.7616,0.7616,0
2022-09-01,0.7612,0.7618,0.7569,0.7602,0.7602,0
2022-09-02,0.7601,0.7648,0.7591,0.7614,0.7614,0
2022-09-05,0.7617,0.762,0.7589,0.7609,0.7609,0
2022-09-06,0.7607,0.7635,0.7591,0.7604,0.7604,0
2022-09-07,0.7601,0.7627,0.7569,0.7622,0.7622,0
2022-09-08,0.7617,0.7646,0.7598,0.764,0.764,0
2022-09-09,0.7637,0.7702,0.7632,0.7676,0.7676,0
2022-09-12,0.7678,0.7714,0.7657,0.7697,0.7697,0
2022-09-13,0.7697,0.7719,0.7588,0.7594,0.7594,0
2022-09-14,0.7592,0.761,0.7571,0.7595,0.7595,0
2022-09-15,0.7595,0.7602,0.7551,0.756,0.756,0
2022-09-16,0.7559,0.756,0.7513,0.754,0.754,0
2022-09-19,0.7536,0.7549,0.7493,0.7547,0.7547,0
2022-09-20,0.7547,0.756,0.7475,0.7481,0.7481,0
2022-09-21,0.7482,0.7486,0.7423,0.7427,0.7427,0
2022-09-22,0.7427,0.7457,0.7382,0.7415,0.7415,0
2022-09-23,0.7412,0.7424,0.7345,0.7358,0.7358,0
2022-09-26,0.7357,0.7375,0.724,0.7281,0.7281,0
2022-09-27,0.7277,0.7331,0.7258,0.7288,0.7288,0
2022-09-28,0.7285,0.7351,0.7228,0.7349,0.7349,0
2022-09-29,0.7348,0.735,0.7268,0.7311,0.7311,0
2022-09-30,0.7309,0.7321,0.7224,0.7232,0.7232,0
2022-10-03,0.7237,0.7342,0.7231,0.734,0.734,0
2022-10-04,0.7339,0.7405,0.7317,0.74,0.74,0
2022-10-05,0.7399,0.7405,0.73,0.7344,0.7344,0
2022-10-06,0.7343,0.7372,0.7268,0.7273,0.7273,0
2022-10-07,0.7272,0.7312,0.7266,0.7279,0.7279,0
2022-10-10,0.728,0.7297,0.7254,0.7257,0.7257,0
2022-10-11,0.7257,0.7291,0.7216,0.7247,0.7247,0
2022-10-12,0.7246,0.7267,0.7229,0.7238,0.7238,0
2022-10-13,0.7239,0.7295,0.7153,0.7272,0.7272,0
2022-10-14,0.727,0.7297,0.7194,0.7204,0.7204,0
2022-10-17,0.7206,0.7299,0.7203,0.7291,0.7291,0
2022-10-18,0.7292,0.7322,0.724,0.7278,0.7278,0
2022-10-19,0.7276,0.7289,0.724,0.7264,0.7264,0
2022-10-20,0.7263,0.7325,0.7241,0.7265,0.7265,0
2022-10-21,0.7263,0.7337,0.7216,0.7331,0.7331,0
2022-10-24,0.7325,0.7349,0.7258,0.7297,0.7297,0
2022-10-25,0.7296,0.7352,0.7273,0.7349,0.7349,0
2022-10-26,0.7348,0.7402,0.7324,0.7379,0.7379,0
2022-10-27,0.7377,0.741,0.7337,0.7372,0.7372,0
2022-10-28,0.7371,0.7393,0.7333,0.7352,0.7352,0
2022-10-31,0.7344,0.7352,0.7306,0.734,0.734,0
2022-11-01,0.7339,0.739,0.7315,0.7337,0.7337,0
2022-11-02,0.7335,0.738,0.729,0.7294,0.7294,0
2022-11-03,0.7292,0.7308,0.7241,0.7275,0.7275,0
2022-11-04,0.7273,0.7424,0.7271,0.7419,0.7419,0
2022-11-07,0.7383,0.7426,0.7377,0.7409,0.7409,0
2022-11-08,0.7407,0.7469,0.7391,0.7448,0.7448,0
2022-11-09,0.7448,0.7456,0.7383,0.7393,0.7393,0
2022-11-10,0.739,0.7514,0.7367,0.7508,0.7508,0
2022-11-11,0.7506,0.7555,0.7483,0.7544,0.7544,0
2022-11-14,0.7543,0.7553,0.7508,0.7512,0.7512,0
2022-11-15,0.751,0.756,0.7497,0.753,0.753,0
2022-11-16,0.753,0.7559,0.7491,0.7503,0.7503,0
2022-11-17,0.7502,0.7515,0.746,0.7503,0.7503,0
2022-11-18,0.7503,0.7518,0.7456,0.7471,0.7471,0
2022-11-21,0.747,0.7478,0.7409,0.7436,0.7436,0
2022-11-22,0.7434,0.7482,0.7429,0.7476,0.7476,0
2022-11-23,0.7474,0.7493,0.7439,0.7489,0.7489,0
2022-11-24,0.7489,0.7509,0.7482,0.7498,0.7498,0
2022-11-25,0.7497,0.7509,0.7462,0.7476,0.7476,0
2022-11-28,0.7463,0.7468,0.7403,0.7408,0.7408,0
2022-11-29,0.7406,0.7457,0.7327,0.7364,0.7364,0
2022-11-30,0.7364,0.7458,0.7355,0.7458,0.7458,0
2022-12-01,0.7455,0.7465,0.7422,0.7445,0.7445,0
2022-12-02,0.7444,0.7451,0.7395,0.7424,0.7424,0
2022-12-05,0.7426,0.747,0.7348,0.7358,0.7358,0
2022-12-06,0.7357,0.7369,0.731,0.7324,0.7324,0
2022-12-07,0.7323,0.7358,0.7298,0.7325,0.7325,0
2022-12-08,0.7324,0.7374,0.7304,0.7356,0.7356,0
2022-12-09,0.7354,0.7369,0.7303,0.7325,0.7325,0
2022-12-12,0.7334,0.7343,0.7307,0.7333,0.7333,0
2022-12-13,0.7331,0.7395,0.7328,0.738,0.738,0
2022-12-14,0.7378,0.7396,0.7345,0.738,0.738,0
2022-12-15,0.7379,0.7385,0.7312,0.7321,0.7321,0
2022-12-16,0.7322,0.7343,0.7295,0.7298,0.7298,0
2022-12-19,0.731,0.734,0.73,0.733,0.733,0
2022-12-20,0.7324,0.7363,0.7296,0.7347,0.7347,0
2022-12-21,0.7346,0.7358,0.7331,0.7347,0.7347,0
2022-12-22,0.7346,0.7368,0.7306,0.7327,0.7327,0
2022-12-23,0.7327,0.7372,0.7317,0.7353,0.7353,0
2022-12-26,0.7346,0.7366,0.7343,0.7361,0.7361,0
2022-12-27,0.7362,0.7416,0.736,0.7395,0.7395,0
2022-12-28,0.7391,0.7415,0.7346,0.7349,0.7349,0
2022-12-29,0.7346,0.7386,0.7345,0.7381,0.7381,0
2022-12-30,0.7381,0.7399,0.7361,0.738,0.738,0
2023-01-02,0.7378,0.7393,0.7359,0.7367,0.7367,0
2023-01-03,0.7367,0.7394,0.7306,0.7315,0.7315,0
2023-01-04,0.7314,0.7421,0.7308,0.742,0.742,0
2023-01-05,0.7418,0.7423,0.7354,0.7369,0.7369,0
2023-01-06,0.7365,0.7444,0.7316,0.7438,0.7438,0
2023-01-09,0.7437,0.7486,0.7434,0.747,0.747,0
2023-01-10,0.7469,0.7476,0.7435,0.7449,0.7449,0
2023-01-11,0.7447,0.746,0.7436,0.7449,0.7449,0
2023-01-12,0.7447,0.7493,0.7429,0.7483,0.7483,0
2023-01-13,0.7481,0.7506,0.7439,0.7464,0.7464,0
2023-01-16,0.7463,0.7489,0.7451,0.7459,0.7459,0
2023-01-17,0.7458,0.7479,0.744,0.7468,0.7468,0
2023-01-18,0.7469,0.749,0.7406,0.7411,0.7411,0
2023-01-19,0.7411,0.7437,0.7395,0.7428,0.7428,0
2023-01-20,0.7427,0.7477,0.7407,0.7473,0.7473,0
2023-01-23,0.747,0.7495,0.7452,0.7481,0.7481,0
2023-01-24,0.7478,0.7492,0.7453,0.7479,0.7479,0
2023-01-25,0.7477,0.7496,0.7445,0.7467,0.7467,0
2023-01-26,0.7466,0.7517,0.7457,0.7507,0.7507,0
2023-01-27,0.7502,0.7518,0.7491,0.7513,0.7513,0
2023-01-30,0.7511,0.7518,0.7467,0.7471,0.7471,0
2023-01-31,0.7468,0.7519,0.7422,0.7516,0.7516,0
2023-02-01,0.7515,0.7537,0.7473,0.7525,0.7525,0
2023-02-02,0.7525,0.754,0.7491,0.751,0.751,0
2023-02-03,0.7508,0.7511,0.7447,0.7464,0.7464,0
2023-02-06,0.7468,0.7468,0.7419,0.7436,0.7436,0
2023-02-07,0.7435,0.7473,0.7423,0.7464,0.7464,0
2023-02-08,0.7462,0.7484,0.7433,0.7437,0.7437,0
2023-02-09,0.7437,0.7478,0.7426,0.7433,0.7433,0
2023-02-10,0.7433,0.7497,0.7421,0.7495,0.7495,0
2023-02-13,0.7492,0.7504,0.7473,0.7501,0.7501,0
2023-02-14,0.75,0.7533,0.7466,0.7498,0.7498,0
2023-02-15,0.7496,0.7499,0.7439,0.7466,0.7466,0
2023-02-16,0.7467,0.7486,0.7417,0.7431,0.7431,0
2023-02-17,0.7432,0.7435,0.7386,0.7423,0.7423,0
2023-02-20,0.742,0.7439,0.7409,0.7433,0.7433,0
2023-02-21,0.7432,0.7439,0.738,0.7385,0.7385,0
2023-02-22,0.7385,0.7399,0.7369,0.738,0.738,0
2023-02-23,0.7378,0.7398,0.7362,0.7381,0.7381,0
2023-02-24,0.7381,0.7392,0.7316,0.7347,0.7347,0
2023-02-27,0.7346,0.7388,0.7338,0.7365,0.7365,0
2023-02-28,0.7364,0.7374,0.7325,0.7328,0.7328,0
2023-03-01,0.7329,0.7361,0.732,0.7356,0.7356,0
2023-03-02,0.7355,0.7362,0.7329,0.7355,0.7355,0
2023-03-03,0.7355,0.7377,0.7328,0.7356,0.7356,0
2023-03-06,0.7355,0.7362,0.7336,0.7345,0.7345,0
2023-03-07,0.7343,0.7352,0.7266,0.7271,0.7271,0
2023-03-08,0.7271,0.7276,0.7237,0.7244,0.7244,0
2023-03-09,0.7245,0.7271,0.7225,0.7232,0.7232,0
2023-03-10,0.7231,0.7266,0.7213,0.7231,0.7231,0
2023-03-13,0.7236,0.7311,0.7232,0.7286,0.7286,0
2023-03-14,0.7284,0.7325,0.7271,0.7307,0.7307,0
2023-03-15,0.7306,0.732,0.7237,0.7264,0.7264,0
2023-03-16,0.7266,0.7291,0.7251,0.7289,0.7289,0
2023-03-17,0.7287,0.731,0.7259,0.7284,0.7284,0
2023-03-20,0.7285,0.7324,0.7273,0.7318,0.7318,0
2023-03-21,0.7318,0.7329,0.7278,0.7293,0.7293,0
2023-03-22,0.729,0.7322,0.7274,0.7284,0.7284,0
2023-03-23,0.7283,0.7336,0.7279,0.7291,0.7291,0
2023-03-24,0.7289,0.7294,0.7243,0.7275,0.7275,0
2023-03-27,0.7277,0.7325,0.7274,0.7321,0.7321,0
2023-03-28,0.7318,0.7357,0.73,0.7352,0.7352,0
2023-03-29,0.7352,0.7376,0.7342,0.7376,0.7376,0
2023-03-30,0.7375,0.7398,0.7362,0.7395,0.7395,0
2023-03-31,0.7394,0.7403,0.737,0.7399,0.7399,0
2023-04-03,0.7398,0.7456,0.7386,0.7442,0.7442,0
2023-04-04,0.744,0.7459,0.7423,0.744,0.744,0
2023-04-05,0.7438,0.7448,0.7415,0.7431,0.7431,0
2023-04-06,0.7428,0.7436,0.7402,0.7412,0.7412,0
2023-04-07,0.7411,0.7416,0.7389,0.7403,0.7403,0
2023-04-10,0.7394,0.7415,0.7377,0.7402,0.7402,0
2023-04-11,0.7401,0.7428,0.7397,0.7426,0.7426,0
2023-04-12,0.7424,0.7447,0.7411,0.7441,0.7441,0
2023-04-13,0.7439,0.75,0.7435,0.7498,0.7498,0
2023-04-14,0.7498,0.7517,0.7463,0.7483,0.7483,0
2023-04-17,0.7484,0.7495,0.745,0.7466,0.7466,0
2023-04-18,0.7464,0.7484,0.7462,0.7469,0.7469,0
2023-04-19,0.7468,0.747,0.7424,0.7429,0.7429,0
2023-04-20,0.7428,0.7435,0.7411,0.742,0.742,0
2023-04-21,0.742,0.7422,0.7371,0.7385,0.7385,0
2023-04-24,0.7384,0.7394,0.7369,0.7385,0.7385,0
2023-04-25,0.7384,0.7394,0.7325,0.7338,0.7338,0
2023-04-26,0.7337,0.7353,0.7324,0.7333,0.7333,0
2023-04-27,0.7333,0.7358,0.7327,0.7357,0.7357,0
2023-04-28,0.7356,0.7387,0.7315,0.7379,0.7379,0
2023-05-01,0.7383,0.739,0.7361,0.7383,0.7383,0
2023-05-02,0.7381,0.7392,0.7331,0.7339,0.7339,0
2023-05-03,0.7339,0.7362,0.733,0.7345,0.7345,0
2023-05-04,0.7342,0.7396,0.7334,0.7386,0.7386,0
2023-05-05,0.7386,0.7478,0.7382,0.7477,0.7477,0
2023-05-08,0.747,0.751,0.7468,0.7477,0.7477,0
2023-05-09,0.7477,0.7482,0.7458,0.7469,0.7469,0
2023-05-10,0.7468,0.7499,0.7453,0.7478,0.7478,0
2023-05-11,0.7478,0.7483,0.7408,0.7412,0.7412,0
2023-05-12,0.741,0.7418,0.7371,0.738,0.738,0
2023-05-15,0.7372,0.7429,0.7369,0.7426,0.7426,0
2023-05-16,0.7426,0.746,0.7409,0.7416,0.7416,0
2023-05-17,0.7416,0.7442,0.7386,0.7433,0.7433,0
2023-05-18,0.7434,0.7435,0.7392,0.7406,0.7406,0
2023-05-19,0.7405,0.7424,0.7393,0.7408,0.7408,0
2023-05-22,0.7407,0.7415,0.7395,0.7404,0.7404,0
2023-05-23,0.7403,0.7416,0.7379,0.7406,0.7406,0
2023-05-24,0.7401,0.741,0.7348,0.7356,0.7356,0
2023-05-25,0.7353,0.736,0.7327,0.7332,0.7332,0
2023-05-26,0.7329,0.7352,0.7322,0.7345,0.7345,0
2023-05-29,0.7351,0.7362,0.7341,0.7359,0.7359,0
2023-05-30,0.7356,0.737,0.7344,0.7351,0.7351,0
2023-05-31,0.7352,0.7369,0.7323,0.7367,0.7367,0
2023-06-01,0.7367,0.7442,0.7359,0.7435,0.7435,0
2023-06-02,0.7433,0.7458,0.7432,0.7449,0.7449,0
2023-06-05,0.7444,0.7453,0.7427,0.7438,0.7438,0
2023-06-06,0.7435,0.7468,0.7432,0.746,0.746,0
2023-06-07,0.7459,0.7506,0.7445,0.7478,0.7478,0
2023-06-08,0.7478,0.7499,0.7468,0.7489,0.7489,0
2023-06-09,0.7486,0.7511,0.7477,0.7495,0.7495,0
2023-06-12,0.7496,0.751,0.747,0.7481,0.7481,0
2023-06-13,0.7478,0.7526,0.7473,0.7509,0.7509,0
2023-06-14,0.7509,0.7534,0.7488,0.7505,0.7505,0
2023-06-15,0.7505,0.7569,0.7486,0.7562,0.7562,0
2023-06-16,0.7563,0.7588,0.7552,0.7577,0.7577,0
2023-06-19,0.7573,0.7587,0.7558,0.757,0.757,0
2023-06-20,0.7567,0.7572,0.7534,0.7556,0.7556,0
2023-06-21,0.7555,0.76,0.7548,0.7597,0.7597,0
2023-06-22,0.7597,0.761,0.7586,0.7605,0.7605,0
2023-06-23,0.7602,0.7608,0.7559,0.7586,0.7586,0
2023-06-26,0.7583,0.7612,0.7583,0.7602,0.7602,0
2023-06-27,0.7602,0.7624,0.7579,0.7581,0.7581,0
2023-06-28,0.7579,0.7582,0.753,0.7543,0.7543,0
2023-06-29,0.7541,0.7553,0.7525,0.7546,0.7546,0
2023-06-30,0.7545,0.7571,0.7526,0.7554,0.7554,0
2023-07-03,0.7551,0.7558,0.7532,0.7547,0.7547,0
2023-07-04,0.7546,0.7573,0.7541,0.7562,0.7562,0
2023-07-05,0.756,0.7564,0.7521,0.753,0.753,0
2023-07-06,0.7529,0.7532,0.7477,0.7481,0.7481,0
2023-07-07,0.7479,0.7537,0.7468,0.7534,0.7534,0
2023-07-10,0.7534,0.7536,0.7515,0.7531,0.7531,0
2023-07-11,0.7529,0.7558,0.7523,0.7558,0.7558,0
2023-07-12,0.7557,0.7608,0.7555,0.7583,0.7583,0
2023-07-13,0.7584,0.7631,0.7577,0.7628,0.7628,0
2023-07-14,0.7623,0.7638,0.7559,0.7567,0.7567,0
2023-07-17,0.7567,0.7598,0.7556,0.7576,0.7576,0
2023-07-18,0.7576,0.7594,0.755,0.7594,0.7594,0
2023-07-19,0.7593,0.7601,0.7578,0.7597,0.7597,0
2023-07-20,0.7596,0.7622,0.7577,0.7591,0.7591,0
2023-07-21,0.7589,0.7602,0.7559,0.7562,0.7562,0
2023-07-24,0.7563,0.7604,0.7557,0.7594,0.7594,0
2023-07-25,0.7594,0.7606,0.7568,0.7593,0.7593,0
2023-07-26,0.7591,0.7594,0.7552,0.7571,0.7571,0
2023-07-27,0.7569,0.7599,0.7549,0.7563,0.7563,0
2023-07-28,0.7559,0.7575,0.7543,0.7545,0.7545,0
2023-07-31,0.7557,0.7603,0.7539,0.7582,0.7582,0
2023-08-01,0.758,0.7585,0.7517,0.753,0.753,0
2023-08-02,0.753,0.7537,0.7487,0.7491,0.7491,0
2023-08-03,0.749,0.7502,0.7473,0.7486,0.7486,0
2023-08-04,0.7487,0.7508,0.7464,0.7478,0.7478,0
2023-08-07,0.7478,0.7487,0.7462,0.748,0.748,0
2023-08-08,0.7479,0.7482,0.7405,0.7452,0.7452,0
2023-08-09,0.7448,0.746,0.7431,0.7452,0.7452,0
2023-08-10,0.745,0.7477,0.7433,0.7436,0.7436,0
2023-08-11,0.7435,0.7455,0.7424,0.7441,0.7441,0
2023-08-14,0.7442,0.7444,0.7417,0.7429,0.7429,0
2023-08-15,0.7428,0.744,0.7405,0.7408,0.7408,0
2023-08-16,0.7407,0.7421,0.7382,0.739,0.739,0
2023-08-17,0.7386,0.7409,0.7377,0.7383,0.7383,0
2023-08-18,0.7382,0.7394,0.7365,0.7381,0.7381,0
2023-08-21,0.7381,0.7409,0.7366,0.7383,0.7383,0
2023-08-22,0.7382,0.74,0.737,0.738,0.738,0
2023-08-23,0.7379,0.7396,0.7349,0.7394,0.7394,0
2023-08-24,0.7392,0.7401,0.7357,0.7363,0.7363,0
2023-08-25,0.7363,0.7369,0.733,0.7351,0.7351,0
2023-08-28,0.735,0.7369,0.7345,0.7354,0.7354,0
2023-08-29,0.7351,0.738,0.7331,0.7379,0.7379,0
2023-08-30,0.7376,0.74,0.7364,0.7389,0.7389,0
2023-08-31,0.7389,0.7405,0.7374,0.7403,0.7403,0
2023-09-01,0.7401,0.7413,0.7344,0.7355,0.7355,0
2023-09-04,0.7352,0.7366,0.7349,0.7357,0.7357,0
2023-09-05,0.7356,0.7359,0.7314,0.733,0.733,0
2023-09-06,0.7329,0.7341,0.731,0.7334,0.7334,0
2023-09-07,0.7333,0.7335,0.73,0.7308,0.7308,0
2023-09-08,0.7307,0.7348,0.7303,0.7331,0.7331,0
2023-09-11,0.7336,0.7374,0.7331,0.7367,0.7367,0
2023-09-12,0.7366,0.7383,0.7355,0.7378,0.7378,0
2023-09-13,0.7376,0.7395,0.7358,0.7381,0.7381,0
2023-09-14,0.7376,0.7411,0.7376,0.7403,0.7403,0
2023-09-15,0.7401,0.741,0.7379,0.7396,0.7396,0
2023-09-18,0.7395,0.7423,0.739,0.7415,0.7415,0
2023-09-19,0.7414,0.7472,0.7411,0.7436,0.7436,0
2023-09-20,0.7435,0.7465,0.7418,0.7428,0.7428,0
2023-09-21,0.7428,0.7434,0.7393,0.7417,0.7417,0
2023-09-22,0.7417,0.7449,0.7411,0.7416,0.7416,0
2023-09-25,0.7422,0.7433,0.741,0.7433,0.7433,0
2023-09-26,0.7431,0.7435,0.739,0.7398,0.7398,0
2023-09-27,0.7397,0.741,0.7382,0.7409,0.7409,0
2023-09-28,0.7407,0.7423,0.7397,0.7414,0.7414,0
2023-09-29,0.7412,0.7453,0.736,0.7366,0.7366,0
2023-10-02,0.7368,0.7376,0.7309,0.7312,0.7312,0
2023-10-03,0.7312,0.7318,0.7279,0.7295,0.7295,0
2023-10-04,0.7293,0.7304,0.7256,0.7276,0.7276,0
2023-10-05,0.7274,0.7297,0.7252,0.7296,0.7296,0
2023-10-06,0.7293,0.7329,0.7274,0.7319,0.7319,0
2023-10-09,0.731,0.7363,0.7309,0.7358,0.7358,0
2023-10-10,0.7358,0.7369,0.7342,0.7362,0.7362,0
2023-10-11,0.7361,0.7368,0.7339,0.7356,0.7356,0
2023-10-12,0.7355,0.7364,0.7297,0.7304,0.7304,0
2023-10-13,0.7304,0.7333,0.73,0.7321,0.7321,0
2023-10-16,0.7315,0.7349,0.7315,0.7348,0.7348,0
2023-10-17,0.7346,0.7349,0.7296,0.7327,0.7327,0
2023-10-18,0.7325,0.7343,0.7289,0.7291,0.7291,0
2023-10-19,0.7291,0.731,0.7276,0.7289,0.7289,0
2023-10-20,0.7289,0.7315,0.728,0.7291,0.7291,0
2023-10-23,0.7293,0.7316,0.7278,0.7304,0.7304,0
2023-10-24,0.7305,0.732,0.7268,0.7279,0.7279,0
2023-10-25,0.7279,0.7283,0.724,0.7249,0.7249,0
2023-10-26,0.7247,0.7252,0.7222,0.723,0.723,0
2023-10-27,0.7229,0.7248,0.7203,0.7209,0.7209,0
2023-10-30,0.7211,0.7239,0.7206,0.7233,0.7233,0
2023-10-31,0.7232,0.7239,0.7196,0.7208,0.7208,0
2023-11-01,0.7207,0.7224,0.7193,0.7217,0.7217,0
2023-11-02,0.7217,0.728,0.7214,0.7279,0.7279,0
2023-11-03,0.7277,0.7324,0.7265,0.7321,0.7321,0
2023-11-06,0.7315,0.7337,0.7296,0.73,0.73,0
2023-11-07,0.7299,0.7304,0.7254,0.7264,0.7264,0
2023-11-08,0.7263,0.727,0.7237,0.7251,0.7251,0
2023-11-09,0.7247,0.7274,0.7236,0.7243,0.7243,0
2023-11-10,0.7241,0.7251,0.7216,0.7246,0.7246,0
2023-11-13,0.7246,0.7258,0.7228,0.7244,0.7244,0
2023-11-14,0.7243,0.7307,0.7222,0.7303,0.7303,0
2023-11-15,0.7302,0.7323,0.7292,0.7309,0.7309,0
2023-11-16,0.7309,0.7311,0.7257,0.7269,0.7269,0
2023-11-17,0.727,0.7294,0.726,0.7289,0.7289,0
2023-11-20,0.7292,0.7305,0.7272,0.7286,0.7286,0
2023-11-21,0.7286,0.7309,0.7281,0.7299,0.7299,0
2023-11-22,0.7298,0.7306,0.7263,0.7306,0.7306,0
2023-11-23,0.7305,0.7325,0.7292,0.7302,0.7302,0
2023-11-24,0.7301,0.7356,0.7291,0.7333,0.7333,0
2023-11-27,0.7334,0.7345,0.7318,0.7344,0.7344,0
2023-11-28,0.7341,0.7374,0.7339,0.7367,0.7367,0
2023-11-29,0.7368,0.7384,0.7343,0.7359,0.7359,0
2023-11-30,0.7359,0.7378,0.7337,0.7375,0.7375,0
2023-12-01,0.7373,0.7414,0.7368,0.7409,0.7409,0
2023-12-04,0.7403,0.7418,0.7372,0.7387,0.7387,0
2023-12-05,0.7387,0.7388,0.7354,0.7358,0.7358,0
2023-12-06,0.7356,0.738,0.7353,0.7357,0.7357,0
2023-12-07,0.7355,0.7362,0.7341,0.7354,0.7354,0
2023-12-08,0.7352,0.738,0.7346,0.7359,0.7359,0
2023-12-11,0.7361,0.738,0.7349,0.7367,0.7367,0
2023-12-12,0.7366,0.7382,0.7341,0.7358,0.7358,0
2023-12-13,0.7357,0.741,0.7346,0.7397,0.7397,0
2023-12-14,0.7398,0.7465,0.7394,0.7459,0.7459,0
2023-12-15,0.7457,0.749,0.7453,0.7473,0.7473,0
2023-12-18,0.7482,0.749,0.7455,0.7464,0.7464,0
2023-12-19,0.7463,0.75,0.746,0.75,0.75,0
2023-12-20,0.7499,0.7512,0.7477,0.748,0.748,0
2023-12-21,0.7478,0.7532,0.7477,0.7529,0.7529,0
2023-12-22,0.7527,0.7564,0.7521,0.7534,0.7534,0
2023-12-25,0.7536,0.7547,0.7518,0.7547,0.7547,0
2023-12-26,0.7542,0.7579,0.7539,0.7579,0.7579,0
2023-12-27,0.7574,0.7588,0.7563,0.7571,0.7571,0
2023-12-28,0.757,0.7586,0.7554,0.7558,0.7558,0
2023-12-29,0.7559,0.7588,0.7537,0.7549,0.7549,0
2024-01-01,0.7547,0.7555,0.7544,0.7554,0.7554,0
2024-01-02,0.7553,0.7559,0.7498,0.7507,0.7507,0
2024-01-03,0.7504,0.7509,0.7477,0.7489,0.7489,0
2024-01-04,0.7484,0.7509,0.748,0.7491,0.7491,0
2024-01-05,0.7488,0.7526,0.7462,0.7483,0.7483,0
2024-01-08,0.7492,0.7493,0.7458,0.7492,0.7492,0
2024-01-09,0.7491,0.7496,0.7453,0.7468,0.7468,0
2024-01-10,0.7467,0.7482,0.7464,0.7474,0.7474,0
2024-01-11,0.7473,0.749,0.7437,0.7467,0.7467,0
2024-01-12,0.7464,0.7494,0.7455,0.7457,0.7457,0
2024-01-15,0.7458,0.7472,0.7434,0.7448,0.7448,0
2024-01-16,0.7445,0.7449,0.7405,0.741,0.741,0
2024-01-17,0.7411,0.7418,0.7383,0.7405,0.7405,0
2024-01-18,0.7402,0.7418,0.7392,0.7415,0.7415,0
2024-01-19,0.7414,0.7447,0.7405,0.7446,0.7446,0
2024-01-22,0.744,0.7454,0.7415,0.7419,0.7419,0
2024-01-23,0.7418,0.7433,0.741,0.7429,0.7429,0
2024-01-24,0.7428,0.7445,0.739,0.7394,0.7394,0
2024-01-25,0.7394,0.7424,0.7387,0.7422,0.7422,0
2024-01-26,0.742,0.7454,0.7415,0.7434,0.7434,0
2024-01-29,0.7431,0.7457,0.7425,0.7455,0.7455,0
2024-01-30,0.7451,0.7465,0.7435,0.7464,0.7464,0
2024-01-31,0.7463,0.7486,0.7435,0.7444,0.7444,0
2024-02-01,0.744,0.7481,0.7426,0.7471,0.7471,0
2024-02-02,0.7469,0.7482,0.7419,0.7428,0.7428,0
2024-02-05,0.7426,0.7433,0.7382,0.7386,0.7386,0
2024-02-06,0.7384,0.742,0.7382,0.7412,0.7412,0
2024-02-07,0.741,0.7432,0.7409,0.7428,0.7428,0
2024-02-08,0.7426,0.7435,0.741,0.743,0.743,0
2024-02-09,0.7427,0.7455,0.7416,0.7431,0.7431,0
2024-02-12,0.7429,0.7445,0.7419,0.7434,0.7434,0
2024-02-13,0.7434,0.744,0.7359,0.7373,0.7373,0
2024-02-14,0.7372,0.739,0.7366,0.7384,0.7384,0
2024-02-15,0.7383,0.7427,0.7377,0.7427,0.7427,0
2024-02-16,0.7425,0.7428,0.7401,0.7416,0.7416,0
2024-02-19,0.7414,0.7424,0.7407,0.7413,0.7413,0
2024-02-20,0.7411,0.7422,0.7389,0.7395,0.7395,0
2024-02-21,0.7393,0.741,0.7386,0.7405,0.7405,0
2024-02-22,0.7404,0.7439,0.7401,0.7418,0.7418,0
2024-02-23,0.7417,0.7428,0.7396,0.7405,0.7405,0
2024-02-26,0.7406,0.741,0.739,0.7404,0.7404,0
2024-02-27,0.7401,0.7416,0.7384,0.7393,0.7393,0
2024-02-28,0.7391,0.7394,0.7348,0.7365,0.7365,0
2024-02-29,0.7363,0.7384,0.7352,0.7365,0.7365,0
2024-03-01,0.7363,0.7382,0.7351,0.7375,0.7375,0
2024-03-04,0.7375,0.7382,0.736,0.7368,0.7368,0
2024-03-05,0.7366,0.7377,0.7349,0.7357,0.7357,0
2024-03-06,0.7357,0.7407,0.7351,0.74,0.74,0
2024-03-07,0.7396,0.7432,0.7392,0.743,0.743,0
2024-03-08,0.7429,0.7451,0.7407,0.7418,0.7418,0
2024-03-11,0.7418,0.7424,0.74,0.7417,0.7417,0
2024-03-12,0.7415,0.7425,0.7392,0.7413,0.7413,0
2024-03-13,0.7411,0.7429,0.7406,0.7425,0.7425,0
2024-03-14,0.7423,0.7429,0.7383,0.739,0.739,0
2024-03-15,0.7389,0.7401,0.7377,0.7385,0.7385,0
2024-03-18,0.7386,0.7396,0.7377,0.7389,0.7389,0
2024-03-19,0.7389,0.7389,0.7344,0.7372,0.7372,0
2024-03-20,0.737,0.7417,0.7349,0.7412,0.7412,0
2024-03-21,0.741,0.7431,0.7383,0.7391,0.7391,0
2024-03-22,0.7389,0.7396,0.7344,0.7349,0.7349,0
2024-03-25,0.735,0.7369,0.7344,0.7361,0.7361,0
2024-03-26,0.7359,0.7378,0.7357,0.7362,0.7362,0
2024-03-27,0.7361,0.7371,0.7347,0.7371,0.7371,0
2024-03-28,0.7369,0.7393,0.7344,0.7386,0.7386,0
2024-03-29,0.7384,0.7389,0.7372,0.7386,0.7386,0
2024-04-01,0.7382,0.7399,0.7358,0.7369,0.7369,0
2024-04-02,0.7369,0.7376,0.736,0.7371,0.7371,0
2024-04-03,0.7369,0.7401,0.7357,0.7392,0.7392,0
2024-04-04,0.7392,0.7419,0.7373,0.7384,0.7384,0
2024-04-05,0.7383,0.7385,0.7325,0.7359,0.7359,0
2024-04-08,0.7358,0.7369,0.7342,0.7368,0.7368,0
2024-04-09,0.7368,0.7381,0.7352,0.737,0.737,0
2024-04-10,0.7368,0.7376,0.7296,0.7309,0.7309,0
2024-04-11,0.731,0.732,0.7284,0.7305,0.7305,0
2024-04-12,0.7304,0.7308,0.7252,0.726,0.726,0
2024-04-15,0.7259,0.7285,0.7248,0.7253,0.7253,0
2024-04-16,0.7252,0.726,0.7221,0.7231,0.7231,0
2024-04-17,0.7231,0.7267,0.7225,0.7261,0.7261,0
2024-04-18,0.726,0.7276,0.7254,0.7264,0.7264,0
2024-04-19,0.7262,0.7287,0.7243,0.727,0.727,0
2024-04-22,0.7267,0.7306,0.7267,0.7299,0.7299,0
2024-04-23,0.7298,0.7322,0.729,0.7319,0.7319,0
2024-04-24,0.7319,0.7323,0.7282,0.7298,0.7298,0
2024-04-25,0.7299,0.7325,0.7281,0.7323,0.7323,0
2024-04-26,0.7323,0.7334,0.73,0.7315,0.7315,0
2024-04-29,0.7314,0.7335,0.731,0.732,0.732,0
2024-04-30,0.7319,0.7321,0.7254,0.7258,0.7258,0
2024-05-01,0.7258,0.7297,0.7254,0.7279,0.7279,0
2024-05-02,0.7277,0.7315,0.7276,0.7314,0.7314,0
2024-05-03,0.7313,0.7347,0.7302,0.7307,0.7307,0
2024-05-06,0.7306,0.7327,0.7299,0.7318,0.7318,0
2024-05-07,0.7319,0.732,0.7276,0.7285,0.7285,0
2024-05-08,0.7285,0.729,0.7264,0.7288,0.7288,0
2024-05-09,0.7287,0.7313,0.7277,0.7312,0.7312,0
2024-05-10,0.7311,0.7334,0.7303,0.7314,0.7314,0
2024-05-13,0.7313,0.732,0.7304,0.7317,0.7317,0
2024-05-14,0.7316,0.7335,0.7303,0.7327,0.7327,0
2024-05-15,0.7325,0.7357,0.7319,0.7351,0.7351,0
2024-05-16,0.7351,0.7358,0.7329,0.7344,0.7344,0
2024-05-17,0.7343,0.7352,0.7328,0.7347,0.7347,0
2024-05-20,0.7346,0.7355,0.7332,0.734,0.734,0
2024-05-21,0.7339,0.7345,0.7311,0.7324,0.7324,0
2024-05-22,0.7322,0.7339,0.7299,0.7302,0.7302,0
2024-05-23,0.73,0.7322,0.7274,0.7284,0.7284,0
2024-05-24,0.7283,0.7327,0.7277,0.7318,0.7318,0
2024-05-27,0.7316,0.7337,0.7313,0.7335,0.7335,0
2024-05-28,0.7335,0.7345,0.7322,0.7328,0.7328,0
2024-05-29,0.7328,0.733,0.7288,0.729,0.729,0
2024-05-30,0.7288,0.732,0.7279,0.7311,0.7311,0
2024-05-31,0.7309,0.7342,0.7303,0.7338,0.7338,0
2024-06-03,0.7337,0.7351,0.7314,0.7337,0.7337,0
2024-06-04,0.7337,0.7342,0.7298,0.731,0.731,0
2024-06-05,0.7309,0.7317,0.7276,0.7303,0.7303,0
2024-06-06,0.7301,0.7318,0.7292,0.7315,0.7315,0
2024-06-07,0.7314,0.7319,0.7262,0.7265,0.7265,0
2024-06-10,0.727,0.727,0.7254,0.7267,0.7267,0
2024-06-11,0.7267,0.7273,0.7249,0.7268,0.7268,0
2024-06-12,0.7267,0.7309,0.7266,0.7287,0.7287,0
2024-06-13,0.7287,0.7291,0.7263,0.7277,0.7277,0
2024-06-14,0.7275,0.7284,0.7256,0.7281,0.7281,0
2024-06-17,0.728,0.7288,0.7263,0.7287,0.7287,0
2024-06-18,0.7285,0.7294,0.7267,0.729,0.729,0
2024-06-19,0.7289,0.73,0.7284,0.7296,0.7296,0
2024-06-20,0.7294,0.7308,0.7287,0.7305,0.7305,0
2024-06-21,0.7305,0.7313,0.7289,0.7301,0.7301,0
2024-06-24,0.73,0.7325,0.7293,0.7323,0.7323,0
2024-06-25,0.7321,0.7336,0.7308,0.7322,0.7322,0
2024-06-26,0.7322,0.7325,0.7293,0.7299,0.7299,0
2024-06-27,0.7297,0.7312,0.7291,0.7299,0.7299,0
2024-06-28,0.7298,0.7323,0.728,0.7311,0.7311,0
2024-07-01,0.731,0.7319,0.7272,0.7281,0.7281,0
2024-07-02,0.7279,0.7316,0.7268,0.7311,0.7311,0
2024-07-03,0.731,0.7343,0.7305,0.7333,0.7333,0
2024-07-04,0.7331,0.7348,0.7329,0.7346,0.7346,0
2024-07-05,0.7344,0.7351,0.7323,0.7331,0.7331,0
2024-07-08,0.733,0.7339,0.7325,0.7334,0.7334,0
2024-07-09,0.7334,0.7337,0.7325,0.7334,0.7334,0
2024-07-10,0.7332,0.7348,0.7328,0.7342,0.7342,0
2024-07-11,0.7341,0.7358,0.7325,0.7336,0.7336,0
2024-07-12,0.7334,0.7346,0.733,0.7336,0.7336,0
2024-07-15,0.7334,0.7336,0.7304,0.7309,0.7309,0
2024-07-16,0.7307,0.7317,0.7293,0.7314,0.7314,0
2024-07-17,0.7312,0.7322,0.7297,0.7308,0.7308,0
2024-07-18,0.7308,0.7315,0.7288,0.7296,0.7296,0
2024-07-19,0.7296,0.7298,0.7272,0.7281,0.7281,0
2024-07-22,0.7284,0.7296,0.7258,0.7269,0.7269,0
2024-07-23,0.727,0.7271,0.7252,0.7254,0.7254,0
2024-07-24,0.7254,0.7257,0.7236,0.7242,0.7242,0
2024-07-25,0.7241,0.7247,0.722,0.7234,0.7234,0
2024-07-26,0.7232,0.7242,0.7219,0.7227,0.7227,0
2024-07-29,0.7229,0.7237,0.7211,0.7219,0.7219,0
2024-07-30,0.7219,0.7226,0.7211,0.7221,0.7221,0
2024-07-31,0.722,0.7253,0.7214,0.7242,0.7242,0
2024-08-01,0.7242,0.7247,0.7198,0.7208,0.7208,0
2024-08-02,0.7206,0.7228,0.7199,0.7209,0.7209,0
2024-08-05,0.7209,0.7241,0.7169,0.7234,0.7234,0
2024-08-06,0.7233,0.7268,0.7216,0.7254,0.7254,0
2024-08-07,0.7253,0.7288,0.725,0.7268,0.7268,0
2024-08-08,0.7267,0.7285,0.7263,0.7283,0.7283,0
2024-08-09,0.7281,0.7289,0.727,0.7283,0.7283,0
2024-08-12,0.7283,0.7289,0.7273,0.7277,0.7277,0
2024-08-13,0.7274,0.7297,0.7273,0.7297,0.7297,0
2024-08-14,0.7296,0.7305,0.7284,0.7291,0.7291,0
2024-08-15,0.7289,0.7301,0.7277,0.7284,0.7284,0
2024-08-16,0.7283,0.7311,0.7278,0.731,0.731,0
2024-08-19,0.7302,0.7337,0.7302,0.7335,0.7335,0
2024-08-20,0.7332,0.735,0.7329,0.7342,0.7342,0
2024-08-21,0.734,0.7366,0.7338,0.7356,0.7356,0
2024-08-22,0.7354,0.7368,0.7341,0.7345,0.7345,0
2024-08-23,0.7344,0.7408,0.7342,0.7403,0.7403,0
2024-08-26,0.7404,0.7427,0.7397,0.7415,0.7415,0
2024-08-27,0.7413,0.7439,0.7412,0.7439,0.7439,0
2024-08-28,0.7437,0.7439,0.7412,0.7418,0.7418,0
2024-08-29,0.7418,0.7434,0.7411,0.7417,0.7417,0
2024-08-30,0.7415,0.7426,0.7401,0.7411,0.7411,0
2024-09-02,0.7413,0.7418,0.7403,0.7411,0.7411,0
2024-09-03,0.741,0.7411,0.7372,0.738,0.738,0
2024-09-04,0.7376,0.7407,0.737,0.7404,0.7404,0
2024-09-05,0.7403,0.7406,0.7392,0.7406,0.7406,0
2024-09-06,0.7403,0.7426,0.7361,0.7367,0.7367,0
2024-09-09,0.7369,0.7382,0.7363,0.7376,0.7376,0
2024-09-10,0.7375,0.7377,0.7343,0.7347,0.7347,0
2024-09-11,0.7348,0.7371,0.7339,0.7366,0.7366,0
2024-09-12,0.7365,0.7371,0.7349,0.7364,0.7364,0
2024-09-13,0.7362,0.7371,0.7352,0.7361,0.7361,0
2024-09-16,0.7357,0.7371,0.7347,0.736,0.736,0
2024-09-17,0.736,0.7363,0.7342,0.7355,0.7355,0
2024-09-18,0.7354,0.7384,0.7339,0.7351,0.7351,0
2024-09-19,0.7349,0.7389,0.7326,0.7376,0.7376,0
2024-09-20,0.7374,0.7384,0.7357,0.737,0.737,0
2024-09-23,0.7373,0.7414,0.7361,0.7385,0.7385,0
2024-09-24,0.7386,0.7446,0.7384,0.7446,0.7446,0
2024-09-25,0.7444,0.7452,0.7413,0.7416,0.7416,0
2024-09-26,0.7415,0.743,0.7412,0.7427,0.7427,0
2024-09-27,0.7426,0.7427,0.7391,0.7399,0.7399,0
2024-09-30,0.7399,0.7413,0.7386,0.7394,0.7394,0
2024-10-01,0.7392,0.7417,0.7384,0.7413,0.7413,0
2024-10-02,0.7411,0.7422,0.74,0.7407,0.7407,0
2024-10-03,0.7406,0.741,0.7373,0.7378,0.7378,0
2024-10-04,0.7377,0.7383,0.7356,0.7367,0.7367,0
2024-10-07,0.737,0.737,0.733,0.7343,0.7343,0
2024-10-08,0.7341,0.7346,0.7311,0.7328,0.7328,0
2024-10-09,0.7327,0.733,0.7288,0.7294,0.7294,0
2024-10-10,0.7292,0.7299,0.7258,0.7278,0.7278,0
2024-10-11,0.7277,0.7285,0.7254,0.7266,0.7266,0
2024-10-14,0.7267,0.7269,0.7242,0.7249,0.7249,0
2024-10-15,0.7248,0.7262,0.7224,0.726,0.726,0
2024-10-16,0.7258,0.7272,0.7248,0.7272,0.7272,0
2024-10-17,0.7269,0.7274,0.7244,0.7249,0.7249,0
2024-10-18,0.7246,0.7254,0.7237,0.7246,0.7246,0
2024-10-21,0.7245,0.7246,0.7219,0.723,0.723,0
2024-10-22,0.7229,0.7239,0.7225,0.7237,0.7237,0
2024-10-23,0.7236,0.7238,0.7212,0.7228,0.7228,0
2024-10-24,0.7224,0.724,0.7209,0.7218,0.7218,0
2024-10-25,0.7217,0.7226,0.7194,0.7199,0.7199,0
2024-10-28,0.7198,0.7203,0.7188,0.72,0.72,0
2024-10-29,0.7196,0.7206,0.7177,0.7187,0.7187,0
2024-10-30,0.7186,0.7196,0.7172,0.7193,0.7193,0
2024-10-31,0.7192,0.7198,0.7169,0.7177,0.7177,0
2024-11-01,0.7177,0.7192,0.7163,0.7167,0.7167,0
2024-11-04,0.7172,0.7207,0.7171,0.7194,0.7194,0
2024-11-05,0.7192,0.7234,0.7189,0.7233,0.7233,0
2024-11-06,0.7231,0.7234,0.7163,0.7175,0.7175,0
2024-11-07,0.7173,0.7224,0.7168,0.7214,0.7214,0
2024-11-08,0.7213,0.7216,0.7178,0.719,0.719,0
2024-11-11,0.719,0.7196,0.7166,0.7182,0.7182,0
2024-11-12,0.7181,0.7185,0.7158,0.7172,0.7172,0
2024-11-13,0.7171,0.7177,0.714,0.7145,0.7145,0
2024-11-14,0.7143,0.7148,0.711,0.7113,0.7113,0
2024-11-15,0.7114,0.7126,0.7088,0.7097,0.7097,0
2024-11-18,0.7096,0.714,0.7089,0.7136,0.7136,0
2024-11-19,0.7135,0.7165,0.7123,0.7165,0.7165,0
2024-11-20,0.7163,0.7168,0.7134,0.7156,0.7156,0
2024-11-21,0.7155,0.7178,0.7153,0.7157,0.7157,0
2024-11-22,0.7156,0.7164,0.7131,0.7154,0.7154,0
2024-11-25,0.7153,0.718,0.7138,0.715,0.715,0
2024-11-26,0.7148,0.7152,0.7052,0.7115,0.7115,0
2024-11-27,0.7115,0.7138,0.7102,0.7128,0.7128,0
2024-11-28,0.7128,0.7143,0.7125,0.7137,0.7137,0
2024-11-29,0.7135,0.7153,0.7118,0.7142,0.7142,0
2024-12-02,0.7139,0.7149,0.7096,0.7119,0.7119,0
2024-12-03,0.7116,0.7137,0.7103,0.7109,0.7109,0
2024-12-04,0.7107,0.7116,0.71,0.7106,0.7106,0
2024-12-05,0.7105,0.7137,0.7101,0.713,0.713,0
2024-12-06,0.7127,0.7133,0.7059,0.7063,0.7063,0
2024-12-09,0.7063,0.7095,0.7053,0.7057,0.7057,0
2024-12-10,0.7056,0.7064,0.7043,0.7052,0.7052,0
2024-12-11,0.7052,0.7082,0.7044,0.7063,0.7063,0
2024-12-12,0.7063,0.7076,0.7027,0.7032,0.7032,0
2024-12-13,0.7031,0.7037,0.7019,0.7027,0.7027,0
2024-12-16,0.7026,0.7033,0.7007,0.7021,0.7021,0
2024-12-17,0.702,0.7026,0.6979,0.6989,0.6989,0
2024-12-18,0.6988,0.699,0.692,0.6922,0.6922,0
2024-12-19,0.692,0.6971,0.6911,0.6946,0.6946,0
2024-12-20,0.6944,0.6975,0.6926,0.6959,0.6959,0
2024-12-23,0.6963,0.6969,0.6927,0.6959,0.6959,0
2024-12-24,0.6958,0.6969,0.6933,0.6963,0.6963,0
2024-12-25,0.6964,0.6966,0.6955,0.6962,0.6962,0
2024-12-26,0.6961,0.6968,0.6933,0.6941,0.6941,0
2024-12-27,0.6939,0.6956,0.6919,0.694,0.694,0
2024-12-30,0.6937,0.6971,0.6927,0.6966,0.6966,0
2024-12-31,0.6962,0.6974,0.6939,0.6953,0.6953,0
2025-01-01,0.6952,0.6953,0.6949,0.6952,0.6952,0
2025-01-02,0.6951,0.6959,0.6923,0.6943,0.6943,0
2025-01-03,0.6942,0.6952,0.6913,0.6922,0.6922,0
2025-01-06,0.6921,0.7003,0.6918,0.6978,0.6978,0
2025-01-07,0.6976,0.6994,0.6957,0.6959,0.6959,0
2025-01-08,0.6961,0.6974,0.6939,0.6957,0.6957,0
2025-01-09,0.6955,0.6961,0.6941,0.6947,0.6947,0
2025-01-10,0.6947,0.6956,0.6922,0.6934,0.6934,0
2025-01-13,0.693,0.6956,0.692,0.6955,0.6955,0
2025-01-14,0.6956,0.6972,0.6938,0.6969,0.6969,0
2025-01-15,0.6969,0.6992,0.6959,0.6973,0.6973,0
2025-01-16,0.697,0.6982,0.6942,0.6947,0.6947,0
2025-01-17,0.6946,0.6953,0.6903,0.6906,0.6906,0
2025-01-20,0.6915,0.7012,0.6902,0.6989,0.6989,0
2025-01-21,0.699,0.6998,0.6888,0.6982,0.6982,0
2025-01-22,0.698,0.6992,0.6947,0.6956,0.6956,0
2025-01-23,0.6956,0.6976,0.6937,0.6953,0.6953,0
2025-01-24,0.6951,0.6985,0.6951,0.6972,0.6972,0
2025-01-27,0.697,0.6976,0.6943,0.6958,0.6958,0
2025-01-28,0.6957,0.6959,0.6933,0.6944,0.6944,0
2025-01-29,0.6943,0.6948,0.6909,0.6935,0.6935,0
2025-01-30,0.6934,0.6948,0.685,0.6901,0.6901,0
2025-01-31,0.69,0.6957,0.6867,0.6884,0.6884,0
2025-02-03,0.6807,0.6949,0.6759,0.6931,0.6931,0
2025-02-04,0.6929,0.6992,0.6894,0.6982,0.6982,0
2025-02-05,0.6981,0.7007,0.697,0.6989,0.6989,0
2025-02-06,0.6984,0.6992,0.6959,0.6989,0.6989,0
2025-02-07,0.6988,0.7006,0.697,0.6996,0.6996,0
2025-02-10,0.6994,0.6998,0.6952,0.6986,0.6986,0
2025-02-11,0.6984,0.7003,0.697,0.7,0.7,0
2025-02-12,0.6999,0.7015,0.6971,0.699,0.699,0
2025-02-13,0.699,0.705,0.6988,0.7047,0.7047,0
2025-02-14,0.7044,0.7066,0.704,0.705,0.705,0
2025-02-17,0.7051,0.7062,0.7044,0.7051,0.7051,0
2025-02-18,0.705,0.7052,0.7034,0.7043,0.7043,0
2025-02-19,0.7041,0.7054,0.7019,0.7025,0.7025,0
2025-02-20,0.7022,0.7059,0.7019,0.7054,0.7054,0
2025-02-21,0.7052,0.7058,0.7023,0.7031,0.7031,0
2025-02-24,0.7032,0.7051,0.7008,0.7013,0.7013,0
2025-02-25,0.7011,0.7022,0.6983,0.6986,0.6986,0
2025-02-26,0.6984,0.6995,0.6958,0.6975,0.6975,0
2025-02-27,0.6974,0.6982,0.6919,0.6926,0.6926,0
2025-02-28,0.6923,0.6944,0.6909,0.6913,0.6913,0
2025-03-03,0.6912,0.6959,0.6876,0.6906,0.6906,0
2025-03-04,0.6904,0.6958,0.6876,0.6949,0.6949,0
2025-03-05,0.6945,0.6978,0.6919,0.6974,0.6974,0
2025-03-06,0.6972,0.7021,0.6955,0.6995,0.6995,0
2025-03-07,0.6994,0.7003,0.693,0.6955,0.6955,0
2025-03-10,0.6953,0.6967,0.6909,0.6927,0.6927,0
2025-03-11,0.6925,0.6954,0.6885,0.6928,0.6928,0
2025-03-12,0.6927,0.6967,0.6902,0.696,0.696,0
2025-03-13,0.6958,0.6964,0.6919,0.6925,0.6925,0
2025-03-14,0.6926,0.6966,0.692,0.6959,0.6959,0
2025-03-17,0.6952,0.7005,0.6952,0.6998,0.6998,0
2025-03-18,0.6997,0.7007,0.6981,0.6993,0.6993,0
2025-03-19,0.6992,0.6995,0.6968,0.698,0.698,0
2025-03-20,0.698,0.6987,0.6943,0.6981,0.6981,0
2025-03-21,0.698,0.6986,0.6956,0.6969,0.6969,0
2025-03-24,0.6968,0.6998,0.6964,0.6983,0.6983,0
2025-03-25,0.6982,0.7007,0.6976,0.7003,0.7003,0
2025-03-26,0.7002,0.7024,0.6992,0.701,0.701,0
2025-03-27,0.7009,0.7013,0.6978,0.6991,0.6991,0
2025-03-28,0.699,0.7004,0.6975,0.6984,0.6984,0
2025-03-31,0.6987,0.6993,0.6945,0.6951,0.6951,0
2025-04-01,0.6951,0.6993,0.6936,0.6992,0.6992,0
2025-04-02,0.6988,0.7027,0.6959,0.7027,0.7027,0
2025-04-03,0.7023,0.7129,0.6983,0.7094,0.7094,0
2025-04-04,0.7095,0.7115,0.7012,0.7032,0.7032,0
2025-04-07,0.7028,0.7052,0.6993,0.7018,0.7018,0
2025-04-08,0.7018,0.707,0.7005,0.7011,0.7011,0
2025-04-09,0.701,0.7104,0.7004,0.71,0.71,0
2025-04-10,0.71,0.7167,0.7085,0.7152,0.7152,0
2025-04-11,0.7151,0.7225,0.7145,0.7213,0.7213,0
2025-04-14,0.7209,0.7231,0.7187,0.7207,0.7207,0
2025-04-15,0.7208,0.722,0.7152,0.7166,0.7166,0
2025-04-16,0.7165,0.7217,0.7159,0.7216,0.7216,0
2025-04-17,0.7213,0.7231,0.719,0.7228,0.7228,0
2025-04-18,0.7222,0.7228,0.7208,0.7221,0.7221,0
2025-04-21,0.7223,0.7256,0.7219,0.7224,0.7224,0
2025-04-22,0.7224,0.725,0.7213,0.7238,0.7238,0
2025-04-23,0.7236,0.7247,0.719,0.7204,0.7204,0
2025-04-24,0.7201,0.7225,0.7193,0.722,0.722,0
2025-04-25,0.7219,0.7222,0.7197,0.7217,0.7217,0
2025-04-28,0.7207,0.7237,0.7197,0.7231,0.7231,0
2025-04-29,0.7229,0.7242,0.7208,0.7229,0.7229,0
2025-04-30,0.7229,0.7262,0.7216,0.7247,0.7247,0
2025-05-01,0.7247,0.7254,0.7212,0.7218,0.7218,0
2025-05-02,0.7217,0.7267,0.7215,0.7236,0.7236,0
2025-05-05,0.7245,0.7253,0.723,0.7233,0.7233,0
2025-05-06,0.7233,0.7272,0.7221,0.7258,0.7258,0
2025-05-07,0.7255,0.7265,0.7224,0.7226,0.7226,0
2025-05-08,0.7225,0.7239,0.7176,0.7181,0.7181,0
2025-05-09,0.718,0.7191,0.7169,0.7175,0.7175,0
2025-05-11,0.7178,0.7197,0.7178,0.7179,0.7179,0
2025-05-12,0.7171,0.7197,0.7134,0.7156,0.7156,0
2025-05-13,0.7155,0.7178,0.7133,0.7176,0.7176,0
2025-05-14,0.7176,0.7193,0.7148,0.7152,0.7152,0
2025-05-15,0.7156,0.7165,0.7139,0.7164,0.7164,0
2025-05-16,0.7163,0.7176,0.7144,0.7161,0.7161,0
2025-05-18,0.7158,0.7159,0.7156,0.7158,0.7158,0
2025-05-19,0.7158,0.7185,0.7152,0.7168,0.7168,0
2025-05-20,0.7167,0.7189,0.7158,0.7186,0.7186,0
2025-05-21,0.7184,0.7239,0.7182,0.7215,0.7215,0
2025-05-22,0.7213,0.7222,0.7199,0.7217,0.7217,0
2025-05-23,0.7215,0.7294,0.7211,0.7279,0.7279,0
2025-05-25,0.7291,0.7292,0.7277,0.7277,0.7277,0
2025-05-26,0.7291,0.7306,0.727,0.728,0.728,0
2025-05-27,0.728,0.7287,0.7226,0.7242,0.7242,0
2025-05-28,0.7241,0.7245,0.7222,0.7227,0.7227,0
2025-05-29,0.7227,0.7254,0.7212,0.7242,0.7242,0
2025-05-30,0.7241,0.7291,0.7229,0.7278,0.7278,0
2025-06-01,0.7279,0.728,0.7276,0.7277,0.7277,0
2025-06-02,0.7279,0.7313,0.7272,0.7292,0.7292,0
2025-06-03,0.729,0.7298,0.7275,0.7289,0.7289,0
2025-06-04,0.7287,0.7324,0.7281,0.7312,0.7312,0
2025-06-05,0.7309,0.7334,0.7307,0.7313,0.7313,0
2025-06-06,0.731,0.732,0.7295,0.7304,0.7304,0
2025-06-08,0.7302,0.7303,0.7302,0.7302,0.7302,0
2025-06-09,0.7296,0.7315,0.7294,0.7299,0.7299,0
2025-06-10,0.7298,0.7316,0.7282,0.7316,0.7316,0
2025-06-11,0.7314,0.7325,0.7303,0.7314,0.7314,0
2025-06-12,0.7314,0.7353,0.7311,0.7352,0.7352,0
2025-06-13,0.7348,0.7371,0.7323,0.7362,0.7362,0
2025-06-15,0.7355,0.7361,0.7355,0.7358,0.7358,0
2025-06-16,0.7355,0.7385,0.7348,0.7369,0.7369,0
2025-06-17,0.7367,0.7376,0.7301,0.731,0.731,0
2025-06-18,0.731,0.7334,0.7297,0.7301,0.7301,0
2025-06-19,0.73,0.7306,0.7273,0.7299,0.7299,0
2025-06-20,0.7297,0.7306,0.7273,0.7282,0.7282,0
2025-06-22,0.7275,0.7281,0.7265,0.7269,0.7269,0
2025-06-23,0.7275,0.7285,0.7246,0.7282,0.7282,0
2025-06-24,0.7281,0.731,0.7277,0.7286,0.7286,0
2025-06-25,0.7285,0.7291,0.7269,0.7286,0.7286,0
2025-06-26,0.7285,0.7343,0.728,0.733,0.733,0
2025-06-27,0.7328,0.7338,0.7266,0.7309,0.7309,0
2025-06-29,0.7304,0.7308,0.7304,0.7306,0.7306,0
2025-06-30,0.7302,0.7352,0.7294,0.7348,0.7348,0
2025-07-01,0.7346,0.7357,0.7315,0.7329,0.7329,0
2025-07-02,0.7327,0.7362,0.732,0.7358,0.7358,0
2025-07-03,0.7358,0.7376,0.7338,0.7363,0.7363,0
2025-07-04,0.7362,0.7371,0.7342,0.7351,0.7351,0
2025-07-06,0.735,0.7356,0.735,0.7351,0.7351,0
2025-07-07,0.735,0.7356,0.7306,0.7309,0.7309,0
2025-07-08,0.7308,0.7332,0.7301,0.7321,0.7321,0
2025-07-09,0.7316,0.732,0.7293,0.7307,0.7307,0
2025-07-10,0.7307,0.7323,0.7293,0.7323,0.7323,0
2025-07-11,0.7321,0.7324,0.7282,0.7305,0.7305,0
2025-07-13,0.7298,0.7298,0.7291,0.7297,0.7297,0
2025-07-14,0.7298,0.7315,0.7288,0.7296,0.7296,0
2025-07-15,0.73,0.7314,0.7282,0.7287,0.7287,0
2025-07-16,0.7285,0.7309,0.7268,0.7309,0.7309,0
2025-07-17,0.7308,0.7308,0.7258,0.7272,0.7272,0
2025-07-18,0.727,0.7301,0.7268,0.7287,0.7287,0
2025-07-20,0.7289,0.7292,0.7288,0.729,0.729,0
2025-07-21,0.7289,0.7311,0.7279,0.7309,0.7309,0
2025-07-22,0.7305,0.7351,0.73,0.735,0.735,0
2025-07-23,0.735,0.7366,0.7336,0.7355,0.7355,0
2025-07-24,0.7355,0.7357,0.7322,0.7333,0.7333,0
2025-07-25,0.7331,0.7332,0.7285,0.7299,0.7299,0
2025-07-27,0.7301,0.7301,0.7295,0.7296,0.7296,0
2025-07-28,0.7301,0.7305,0.7275,0.7279,0.7279,0
2025-07-29,0.7277,0.7282,0.7251,0.7262,0.7262,0
2025-07-30,0.7262,0.7268,0.7221,0.7232,0.7232,0
2025-07-31,0.7231,0.7239,0.7214,0.7218,0.7218,0
2025-08-01,0.7216,0.7265,0.7204,0.7253,0.7253,0
2025-08-03,0.7252,0.726,0.7252,0.7258,0.7258,0
2025-08-04,0.7252,0.7268,0.7247,0.7258,0.7258,0
2025-08-05,0.7256,0.7265,0.724,0.7261,0.7261,0
2025-08-06,0.726,0.728,0.7256,0.7278,0.7278,0
2025-08-07,0.7276,0.7288,0.7258,0.7276,0.7276,0
2025-08-08,0.7274,0.7285,0.7264,0.7269,0.7269,0
2025-08-10,0.727,0.7271,0.727,0.727,0.727,0
2025-08-11,0.7263,0.7275,0.7247,0.7258,0.7258,0
2025-08-12,0.7255,0.727,0.7242,0.7261,0.7261,0
2025-08-13,0.7261,0.7272,0.7255,0.7268,0.7268,0
2025-08-14,0.7267,0.7275,0.7234,0.7238,0.7238,0
2025-08-15,0.7237,0.7253,0.7235,0.7236,0.7236,0
2025-08-17,0.7238,0.7241,0.7238,0.7238,0.7238,0
2025-08-18,0.7238,0.7255,0.7229,0.7245,0.7245,0
2025-08-19,0.7244,0.7248,0.7208,0.7211,0.7211,0
2025-08-20,0.721,0.7218,0.7201,0.7208,0.7208,0
2025-08-21,0.7207,0.721,0.7186,0.7189,0.7189,0
2025-08-22,0.7188,0.7239,0.718,0.7233,0.7233,0
2025-08-24,0.7233,0.7235,0.7233,0.7233,0.7233,0
2025-08-25,0.7233,0.7237,0.7211,0.7215,0.7215,0
2025-08-26,0.7213,0.7234,0.7209,0.7226,0.7226,0
2025-08-27,0.7225,0.7255,0.7214,0.7252,0.7252,0
2025-08-28,0.725,0.7277,0.725,0.7274,0.7274,0
2025-08-29,0.7273,0.7285,0.7256,0.7276,0.7276,0
2025-08-31,0.7279,0.728,0.7278,0.7279,0.7279,0
2025-09-01,0.7279,0.7282,0.7265,0.7273,0.7273,0
2025-09-02,0.7271,0.7275,0.7237,0.7256,0.7256,0
2025-09-03,0.7255,0.7257,0.7241,0.725,0.725,0
2025-09-04,0.7249,0.725,0.7221,0.7237,0.7237,0
2025-09-05,0.7235,0.7267,0.7216,0.7231,0.7231,0
2025-09-07,0.7231,0.7234,0.7224,0.7225,0.7225,0
2025-09-08,0.7231,0.7252,0.7221,0.7245,0.7245,0
2025-09-09,0.7243,0.725,0.7214,0.7224,0.7224,0
2025-09-10,0.7222,0.723,0.7208,0.7214,0.7214,0
2025-09-11,0.7211,0.7232,0.7198,0.723,0.723,0
2025-09-12,0.7229,0.723,0.7211,0.7225,0.7225,0
2025-09-14,0.7221,0.7226,0.7221,0.7225,0.7225,0
2025-09-15,0.7221,0.7264,0.7221,0.7258,0.7258,0
2025-09-16,0.7258,0.7281,0.7253,0.7279,0.7279,0
2025-09-17,0.7277,0.7285,0.7251,0.7261,0.7261,0
2025-09-18,0.7259,0.7264,0.724,0.7249,0.7249,0
2025-09-19,0.7248,0.7263,0.7231,0.7257,0.7257,0
2025-09-21,0.7255,0.7256,0.7255,0.7255,0.7255,0
2025-09-22,0.7254,0.7257,0.7229,0.7237,0.7237,0
2025-09-23,0.7236,0.724,0.7219,0.7228,0.7228,0
2025-09-24,0.7226,0.7229,0.7189,0.7196,0.7196,0
2025-09-25,0.7195,0.7201,0.7167,0.7174,0.7174,0
2025-09-26,0.7173,0.7178,0.7162,0.7173,0.7173,0
2025-09-28,0.7172,0.7176,0.7172,0.7174,0.7174,0
2025-09-29,0.7172,0.7192,0.7169,0.7187,0.7187,0
2025-09-30,0.7185,0.7196,0.7175,0.7184,0.7184,0
2025-10-01,0.7182,0.7191,0.7163,0.7177,0.7177,0
2025-10-02,0.7176,0.7177,0.7148,0.7159,0.7159,0
2025-10-03,0.7157,0.7174,0.7157,0.7168,0.7168,0
2025-10-05,0.7163,0.7167,0.7163,0.7163,0.7163,0
2025-10-06,0.7159,0.7173,0.7158,0.7173,0.7173,0
2025-10-07,0.7172,0.7174,0.716,0.7169,0.7169,0
2025-10-08,0.7168,0.7178,0.7156,0.7168,0.7168,0
2025-10-09,0.7166,0.7177,0.7125,0.7133,0.7133,0
2025-10-10,0.7131,0.7155,0.7124,0.7139,0.7139,0
2025-10-12,0.7142,0.715,0.714,0.7144,0.7144,0
2025-10-13,0.7142,0.7151,0.7121,0.7125,0.7125,0
2025-10-14,0.7124,0.7129,0.7101,0.712,0.712,0
2025-10-15,0.7118,0.7129,0.7111,0.7121,0.7121,0
2025-10-16,0.712,0.7131,0.7111,0.7115,0.7115,0
2025-10-17,0.7115,0.7138,0.7107,0.7133,0.7133,0
2025-10-19,0.7131,0.7133,0.7131,0.7131,0.7131,0
2025-10-20,0.7131,0.714,0.7115,0.7124,0.7124,0
2025-10-21,0.7123,0.7141,0.7108,0.7132,0.7132,0
2025-10-22,0.713,0.7155,0.7125,0.7146,0.7146,0
2025-10-23,0.7145,0.7153,0.7139,0.7147,0.7147,0
2025-10-24,0.7146,0.7156,0.7122,0.7145,0.7145,0
2025-10-26,0.7143,0.7143,0.7138,0.7138,0.7138,0
2025-10-27,0.7143,0.7158,0.7131,0.7148,0.7148,0
2025-10-28,0.7147,0.7177,0.7139,0.7171,0.7171,0
2025-10-29,0.717,0.72,0.7164,0.7173,0.7173,0
2025-10-30,0.7172,0.718,0.7134,0.715,0.715,0
2025-10-31,0.7148,0.7153,0.7124,0.7138,0.7138,0
2025-11-02,0.7141,0.7141,0.713,0.713,0.713,0
2025-11-03,0.7141,0.7141,0.7103,0.7115,0.7115,0
2025-11-04,0.7114,0.7115,0.7086,0.7091,0.7091,0
2025-11-05,0.709,0.7092,0.7071,0.7088,0.7088,0
2025-11-06,0.7088,0.7097,0.7071,0.7084,0.7084,0
2025-11-07,0.7083,0.7129,0.7078,0.7118,0.7118,0
2025-11-09,0.712,0.712,0.7115,0.7115,0.7115,0
2025-11-10,0.712,0.7142,0.7108,0.7133,0.7133,0
2025-11-11,0.7129,0.7141,0.712,0.7133,0.7133,0
2025-11-12,0.7133,0.7147,0.713,0.714,0.714,0
2025-11-13,0.7138,0.715,0.7122,0.7125,0.7125,0
2025-11-14,0.7124,0.7135,0.7118,0.7131,0.7131,0
2025-11-16,0.713,0.7132,0.713,0.713,0.713,0
2025-11-17,0.7129,0.7134,0.7112,0.7115,0.7115,0
2025-11-18,0.7113,0.7157,0.711,0.7149,0.7149,0
2025-11-19,0.7147,0.7151,0.7108,0.7117,0.7117,0
2025-11-20,0.7117,0.7122,0.7087,0.7094,0.7094,0
2025-11-21,0.7093,0.7101,0.7075,0.7092,0.7092,0
2025-11-23,0.7089,0.7095,0.7089,0.7089,0.7089,0
2025-11-24,0.7086,0.7096,0.7082,0.7089,0.7089,0
2025-11-25,0.7085,0.7097,0.7078,0.7094,0.7094,0
2025-11-26,0.7093,0.7125,0.7088,0.7121,0.7121,0
2025-11-27,0.7119,0.7128,0.7116,0.7128,0.7128,0
2025-11-28,0.7126,0.7174,0.7115,0.7157,0.7157,0
2025-11-30,0.7155,0.7157,0.7152,0.7154,0.7154,0
2025-12-01,0.7155,0.7165,0.714,0.7144,0.7144,0
2025-12-02,0.7143,0.7159,0.7134,0.7159,0.7159,0
2025-12-03,0.7156,0.7174,0.7154,0.7168,0.7168,0
2025-12-04,0.7167,0.7181,0.7153,0.7164,0.7164,0
2025-12-05,0.7163,0.7238,0.7161,0.7238,0.7238,0
2025-12-07,0.7226,0.7235,0.7224,0.7228,0.7228,0
2025-12-08,0.7226,0.7246,0.7213,0.7217,0.7217,0
2025-12-09,0.7216,0.7234,0.7213,0.7222,0.7222,0
2025-12-10,0.7219,0.7254,0.7207,0.7251,0.7251,0
2025-12-11,0.725,0.7269,0.7233,0.7262,0.7262,0
2025-12-12,0.7261,0.7271,0.7248,0.7261,0.7261,0
2025-12-14,0.726,0.726,0.7258,0.7258,0.7258,0
2025-12-15,0.726,0.7274,0.7251,0.7263,0.7263,0
2025-12-16,0.7261,0.7283,0.7255,0.727,0.727,0
2025-12-17,0.7269,0.7271,0.7245,0.7254,0.7254,0
2025-12-18,0.7253,0.7269,0.7247,0.7259,0.7259,0
2025-12-19,0.7257,0.727,0.7242,0.7246,0.7246,0
2025-12-21,0.7248,0.7251,0.7248,0.7248,0.7248,0
2025-12-22,0.7248,0.728,0.7243,0.7273,0.7273,0
2025-12-23,0.7271,0.7306,0.7269,0.7306,0.7306,0
2025-12-24,0.7303,0.7317,0.7302,0.7313,0.7313,0
2025-12-25,0.7313,0.7316,0.7306,0.7309,0.7309,0
2025-12-26,0.7308,0.733,0.7305,0.7315,0.7315,0
2025-12-28,0.7308,0.733,0.7307,0.7314,0.7314,0
2025-12-29,0.7317,0.7322,0.7297,0.7305,0.7305,0
2025-12-30,0.7303,0.731,0.7293,0.7301,0.7301,0
2025-12-31,0.7301,0.7305,0.7283,0.7287,0.7287,0
2026-01-01,0.7286,0.7286,0.7283,0.7285,0.7285,0
2026-01-02,0.7285,0.7299,0.7273,0.7284,0.7284,0
2026-01-04,0.7279,0.7283,0.7273,0.7273,0.7273,0
2026-01-05,0.7279,0.7283,0.7236,0.7261,0.7261,0
2026-01-06,0.726,0.7272,0.7236,0.7239,0.7239,0
2026-01-07,0.7239,0.7251,0.7212,0.7214,0.7214,0
2026-01-08,0.7213,0.722,0.7199,0.7213,0.7213,0
2026-01-09,0.7213,0.7214,0.7183,0.7188,0.7188,0
2026-01-11,0.7189,0.7191,0.7184,0.7184,0.7184,0
2026-01-12,0.7189,0.7211,0.7183,0.7206,0.7206,0
2026-01-13,0.7206,0.7217,0.7194,0.7199,0.7199,0
2026-01-14,0.7198,0.7211,0.7194,0.7205,0.7205,0
2026-01-15,0.7202,0.7206,0.7183,0.7198,0.7198,0
2026-01-16,0.7198,0.7202,0.7178,0.7186,0.7186,0
2026-01-18,0.7189,0.719,0.7187,0.7188,0.7188,0
2026-01-19,0.7189,0.7215,0.7183,0.7211,0.7211,0
2026-01-20,0.7209,0.7239,0.7204,0.7227,0.7227,0
2026-01-21,0.723,0.7254,0.7222,0.7229,0.7229,0
2026-01-22,0.7227,0.7255,0.7222,0.7254,0.7254,0
2026-01-23,0.7254,0.7302,0.7245,0.7299,0.7299,0
2026-01-25,0.7296,0.7303,0.7296,0.7298,0.7298,0
2026-01-26,0.7289,0.7314,0.7287,0.7295,0.7295,0
2026-01-27,0.7295,0.7375,0.7277,0.7366,0.7366,0
2026-01-28,0.7361,0.7388,0.7344,0.7376,0.7376,0
2026-01-29,0.7375,0.7416,0.7364,0.7413,0.7413,0
2026-01-30,0.7412,0.7417,0.7339,0.7344,0.7344,0
2026-02-01,0.7349,0.7349,0.7341,0.7341,0.7341,0
2026-02-02,0.7349,0.7349,0.7297,0.7309,0.7309,0
2026-02-03,0.7309,0.7335,0.7306,0.7331,0.7331,0
2026-02-04,0.733,0.7337,0.7306,0.7319,0.7319,0
2026-02-05,0.7319,0.7324,0.7292,0.7293,0.7293,0
2026-02-06,0.7291,0.7339,0.7285,0.731,0.731,0
2026-02-08,0.7314,0.7317,0.731,0.7312,0.7312,0
2026-02-09,0.7314,0.7378,0.7308,0.7376,0.7376,0
2026-02-10,0.7374,0.7394,0.7364,0.7379,0.7379,0
2026-02-11,0.7378,0.7405,0.7342,0.7365,0.7365,0
2026-02-12,0.7364,0.7377,0.7332,0.7348,0.7348,0
2026-02-13,0.7345,0.7356,0.7331,0.7344,0.7344,0
2026-02-15,0.7344,0.7344,0.7343,0.7344,0.7344,0
2026-02-16,0.7344,0.7351,0.733,0.7333,0.7333,0
2026-02-17,0.7333,0.7336,0.7302,0.7334,0.7334,0
2026-02-18,0.7332,0.7335,0.7298,0.7301,0.7301,0
2026-02-19,0.73,0.7316,0.729,0.731,0.731,0
2026-02-20,0.7309,0.7315,0.7292,0.7309,0.7309,0
2026-02-22,0.7309,0.7316,0.7308,0.7312,0.7312,0
2026-02-23,0.7309,0.7327,0.7296,0.7301,0.7301,0
2026-02-24,0.73,0.7304,0.7284,0.73,0.73,0
2026-02-25,0.7299,0.7313,0.7294,0.7313,0.7313,0
2026-02-26,0.7308,0.7321,0.7291,0.731,0.731,0
2026-02-27,0.7309,0.7339,0.7306,0.7329,0.7329,0
2026-03-01,0.7321,0.7329,0.7321,0.7321,0.7321,0
2026-03-02,0.7321,0.7332,0.7288,0.7313,0.7313,0
2026-03-03,0.7312,0.7324,0.727,0.7311,0.7311,0
2026-03-04,0.731,0.7338,0.7298,0.733,0.733,0
2026-03-05,0.7329,0.7344,0.729,0.7312,0.7312,0
2026-03-06,0.7311,0.7372,0.7309,0.7371,0.7371,0
2026-03-08,0.735,0.7352,0.7349,0.7349,0.7349,0
2026-03-09,0.735,0.7393,0.7348,0.736,0.736,0
2026-03-10,0.7358,0.7384,0.7351,0.7364,0.7364,0
2026-03-11,0.7362,0.7377,0.7349,0.7357,0.7357,0
2026-03-12,0.7356,0.7365,0.7329,0.7331,0.7331,0
2026-03-13,0.7329,0.7341,0.7276,0.729,0.729,0
2026-03-15,0.7293,0.7293,0.7285,0.7285,0.7285,0
2026-03-16,0.7293,0.7324,0.7279,0.7307,0.7307,0
2026-03-17,0.7306,0.7309,0.7286,0.7304,0.7304,0
2026-03-18,0.7304,0.7306,0.7278,0.7282,0.7282,0
2026-03-19,0.7282,0.7297,0.7272,0.7279,0.7279,0
2026-03-20,0.7278,0.7299,0.7273,0.7287,0.7287,0
2026-03-22,0.7284,0.7284,0.7284,0.7284,0.7284,0
2026-03-23,0.7281,0.7315,0.7268,0.7285,0.7285,0
2026-03-24,0.7283,0.7288,0.7253,0.7266,0.7266,0
2026-03-25,0.7265,0.7272,0.7235,0.7241,0.7241,0
2026-03-26,0.7239,0.7245,0.721,0.7215,0.7215,0
2026-03-27,0.7213,0.7222,0.7195,0.7197,0.7197,0
2026-03-29,0.7216,0.7219,0.7201,0.7201,0.7201,0
2026-03-30,0.7216,0.7219,0.7169,0.7182,0.7182,0
2026-03-31,0.718,0.7191,0.7159,0.7186,0.7186,0
2026-04-01,0.7185,0.7208,0.7183,0.7207,0.7207,0
2026-04-02,0.7206,0.721,0.7176,0.7185,0.7185,0
2026-04-03,0.7183,0.7186,0.7167,0.7171,0.7171,0
2026-04-05,0.7171,0.7176,0.7171,0.7171,0.7171,0
2026-04-06,0.7171,0.7193,0.7166,0.7189,0.7189,0
2026-04-07,0.7185,0.7202,0.7178,0.7201,0.7201,0
2026-04-08,0.7199,0.7233,0.7194,0.7222,0.7222,0
2026-04-09,0.7221,0.7244,0.7214,0.7238,0.7238,0
2026-04-10,0.7241,0.7246,0.7221,0.7225,0.7225,0
2026-04-12,0.722,0.7221,0.7212,0.7213,0.7213,0
2026-04-13,0.722,0.7253,0.7204,0.7251,0.7251,0
2026-04-14,0.7249,0.7282,0.7248,0.7264,0.7264,0
2026-04-15,0.7262,0.7284,0.7252,0.7277,0.7277,0
2026-04-16,0.7276,0.7301,0.7276,0.7298,0.7298,0
2026-04-17,0.7296,0.7326,0.7293,0.7303,0.7303,0
2026-04-19,0.7302,0.7309,0.7302,0.7302,0.7302,0
2026-04-20,0.73,0.7334,0.7292,0.7329,0.7329,0
2026-04-21,0.7324,0.7336,0.731,0.7319,0.7319,0
2026-04-22,0.7317,0.7329,0.7311,0.7315,0.7315,0
2026-04-23,0.7313,0.732,0.729,0.73,0.73,0
2026-04-24,0.7297,0.7319,0.7291,0.7316,0.7316,0
2026-04-26,0.7309,0.7315,0.7309,0.7309,0.7309,0
2026-04-27,0.7307,0.7354,0.7307,0.7339,0.7339,0
2026-04-28,0.7337,0.7345,0.7302,0.7308,0.7308,0
2026-04-29,0.7306,0.7316,0.7292,0.7308,0.7308,0
2026-04-30,0.7303,0.7363,0.7303,0.7363,0.7363,0
2026-05-01,0.7362,0.738,0.7355,0.7359,0.7359,0
2026-05-03,0.7359,0.736,0.7359,0.7359,0.7359,0
2026-05-04,0.7353,0.7363,0.7337,0.734,0.734,0
2026-05-05,0.7338,0.735,0.7336,0.7343,0.7343,0
2026-05-06,0.7342,0.7364,0.7329,0.7336,0.7336,0
2026-05-07,0.7335,0.7342,0.7316,0.7318,0.7318,0
2026-05-08,0.7316,0.733,0.7293,0.7312,0.7312,0
2026-05-10,0.7315,0.7317,0.7305,0.7305,0.7305,0
2026-05-11,0.7315,0.7327,0.73,0.7312,0.7312,0
2026-05-12,0.731,0.7314,0.7285,0.7302,0.7302,0
2026-05-13,0.7299,0.7307,0.7288,0.7296,0.7296,0
2026-05-14,0.7292,0.7298,0.7277,0.7289,0.7289,0
2026-05-15,0.7286,0.7291,0.7262,0.7273,0.7273,0
2026-05-17,0.7274,0.7276,0.7268,0.7268,0.7268,0
2026-05-18,0.7274,0.7282,0.7263,0.7278,0.7278,0
2026-05-19,0.7277,0.728,0.7259,0.7276,0.7276,0
2026-05-20,0.7273,0.7282,0.7256,0.7275,0.7275,0
2026-05-21,0.7274,0.7279,0.7245,0.7258,0.7258,0
2026-05-22,0.7258,0.7261,0.7232,0.7236,0.7236,0
2026-05-25,0.7237,0.7248,0.7229,0.7246,0.7246,0
2026-05-26,0.7245,0.7246,0.7234,0.724,0.724,0
2026-05-27,0.724,0.7244,0.7218,0.7225,0.7225,0
2026-05-28,0.7228,0.726,0.7208,0.7255,0.7255,0
2026-05-29,0.7253,0.7262,0.723,0.7249,0.7249,0
2026-05-31,0.7245,0.7249,0.7243,0.7247,0.7247,0
2026-06-01,0.7245,0.7252,0.7219,0.7225,0.7225,0
2026-06-02,0.7224,0.7238,0.7217,0.7226,0.7226,0
2026-06-03,0.7225,0.7228,0.7193,0.7196,0.7196,0
2026-06-04,0.7195,0.7204,0.718,0.719,0.719,0
2026-06-05,0.7193,0.7211,0.7167,0.7177,0.7177,0
2026-06-07,0.7175,0.7175,0.7172,0.7172,0.7172,0
2026-06-08,0.7175,0.718,0.7161,0.7167,0.7167,0
2026-06-09,0.7166,0.7184,0.7157,0.717,0.717,0
2026-06-10,0.7169,0.7194,0.7163,0.7173,0.7173,0
2026-06-11,0.7171,0.7178,0.713,0.716,0.716,0
2026-06-12,0.7159,0.7164,0.7144,0.7148,0.7148,0
2026-06-14,0.7147,0.7149,0.7147,0.7148,0.7148,0
2026-06-15,0.7141,0.7168,0.7141,0.7147,0.7147,0
2026-06-16,0.7146,0.7153,0.7132,0.7146,0.7146,0
2026-06-17,0.7145,0.7147,0.708,0.7092,0.7092,0
2026-06-18,0.7092,0.7095,0.7067,0.7074,0.7074,0
2026-06-19,0.7071,0.7077,0.7049,0.7065,0.7065,0
2026-06-21,0.7059,0.7066,0.7059,0.7059,0.7059,0
2026-06-22,0.7054,0.7069,0.7045,0.7063,0.7063,0
2026-06-23,0.7062,0.7066,0.7032,0.7037,0.7037,0
2026-06-24,0.7036,0.7039,0.7018,0.7026,0.7026,0
2026-06-25,0.7028,0.7053,0.7017,0.7042,0.7042,0
2026-06-26,0.704,0.7057,0.7036,0.7045,0.7045,0
2026-06-28,0.7047,0.7053,0.704,0.7043,0.7043,0
2026-06-29,0.7047,0.7054,0.7032,0.7037,0.7037,0
2026-06-30,0.7036,0.7053,0.7018,0.7045,0.7045,0
2026-07-01,0.7042,0.7046,0.7024,0.7034,0.7034,0
2026-07-02,0.7033,0.7067,0.7029,0.7052,0.7052,0
2026-07-03,0.705,0.7062,0.7036,0.7043,0.7043,0
2026-07-05,0.7043,0.7045,0.7042,0.7043,0.7043,0
2026-07-06,0.7043,0.7045,0.7021,0.704,0.704,0
2026-07-07,0.7039,0.705,0.7028,0.7042,0.7042,0
2026-07-08,0.7042,0.7064,0.7035,0.7056,0.7056,0
2026-07-09,0.7055,0.7065,0.7046,0.7058,0.7058,0
2026-07-10,0.7058,0.7083,0.7053,0.7064,0.7064,0
2026-07-12,0.7061,0.7066,0.7061,0.7061,0.7061,0
2026-07-13,0.7058,0.7079,0.7053,0.7065,0.7065,0
2026-07-14,0.7064,0.7118,0.7061,0.7113,0.7113,0
2026-07-15,0.7111,0.713,0.7103,0.7122,0.7122,0
2026-07-16,0.7123,0.7137,0.7112,0.7121,0.7121,0
2026-07-17,0.712,0.714,0.7116,0.7132,0.7132,0
2026-07-19,0.7134,0.7136,0.7134,0.7135,0.7135,0
2026-07-20,0.7132,0.7141,0.7105,0.7108,0.7108,0
2026-07-21,0.7106,0.7115,0.7085,0.7089,0.7089,0
2026-07-22,0.7088,0.7104,0.7085,0.7099,0.7099,0
2026-07-23,0.7097,0.7113,0.7091,0.71,0.71,0
2026-07-24,0.71,0.7109,0.7084,0.7095,0.7095,0
2026-07-26,0.7098,0.7099,0.7096,0.7099,0.7099,0
2026-07-27,0.7098,0.7107,0.7077,0.7081,0.7081,0
2026-07-28,0.708,0.7099,0.7076,0.7089,0.7089,0
2026-07-29,0.7089,0.7131,0.7086,0.7119,0.7119,0
2026-07-30,0.7118,0.7147,0.7107,0.7137,0.7137,0
2026-07-31,0.7136,0.7141,0.7111,0.7133,0.7133,0
2026-08-02,0.7135,0.7139,0.7135,0.7138,0.7138,0
2026-08-03,0.713,0.714,0.7115,0.7119,0.7119,0
2026-08-04,0.7118,0.7125,0.7101,0.7112,0.7112,0
2026-08-05,0.7106,0.714,0.7101,0.7137,0.7137,0
2026-08-06,0.7135,0.7147,0.7123,0.7137,0.7137,0
2026-08-07,0.7136,0.7181,0.7127,0.7173,0.7173,0
2026-08-09,0.7165,0.7169,0.7165,0.7166,0.7166,0
2026-08-10,0.7158,0.718,0.7158,0.7174,0.7174,0
2026-08-11,0.7174,0.7186,0.7169,0.7182,0.7182,0
2026-08-12,0.718,0.719,0.7168,0.7174,0.7174,0
2026-08-13,0.7173,0.7179,0.7163,0.7179,0.7179,0
2026-08-14,0.7176,0.7212,0.7171,0.7207,0.7207,0

