Date,Open,High,Low,Close,Adjusted_close,Volume
2015-01-01,1.2101,1.2106,1.2,1.2001,1.2001,24034
2015-01-02,1.2089,1.209,1.2011,1.2089,1.2089,0
2015-01-04,1.1952,1.1976,1.1866,1.1931,1.1931,31915
2015-01-05,1.1932,1.1968,1.1884,1.1888,1.1888,31017
2015-01-06,1.1888,1.1896,1.1801,1.1837,1.1837,38526
2015-01-07,1.1836,1.1847,1.1754,1.179,1.179,25982
2015-01-08,1.1791,1.1845,1.1762,1.1838,1.1838,37088
2015-01-09,1.1794,1.1838,1.1768,1.1796,1.1796,0
2015-01-11,1.1844,1.187,1.1786,1.1832,1.1832,24938
2015-01-12,1.1831,1.1859,1.1752,1.177,1.177,29766
2015-01-13,1.1771,1.1846,1.1727,1.1787,1.1787,39917
2015-01-14,1.1786,1.1792,1.1565,1.1629,1.1629,123050
2015-01-15,1.1629,1.1648,1.1459,1.156,1.156,66357
2015-01-16,1.1639,1.165,1.1464,1.1637,1.1637,0
2015-01-18,1.1549,1.1638,1.1549,1.1603,1.1603,27943
2015-01-19,1.1602,1.1614,1.154,1.1548,1.1548,26910
2015-01-20,1.1551,1.1679,1.1541,1.1608,1.1608,43207
2015-01-21,1.1609,1.1645,1.1315,1.1364,1.1364,73162
2015-01-22,1.1363,1.1372,1.1113,1.1204,1.1204,70664
2015-01-23,1.1346,1.1374,1.1122,1.1347,1.1347,0
2015-01-25,1.1148,1.1295,1.1097,1.1235,1.1235,52118
2015-01-26,1.1234,1.1422,1.1223,1.1379,1.1379,53808
2015-01-27,1.1379,1.1382,1.1275,1.1285,1.1285,50553
2015-01-28,1.1286,1.1367,1.1261,1.1318,1.1318,42088
2015-01-29,1.1317,1.1363,1.1274,1.1278,1.1278,44803
2015-01-30,1.1337,1.1364,1.1286,1.1336,1.1336,0
2015-02-01,1.1307,1.1361,1.1292,1.1338,1.1338,35978
2015-02-02,1.1338,1.1533,1.1312,1.1476,1.1476,49540
2015-02-03,1.1474,1.1484,1.1314,1.1342,1.1342,43945
2015-02-04,1.1342,1.1498,1.1303,1.1475,1.1475,45717
2015-02-05,1.1475,1.1485,1.131,1.1312,1.1312,39103
2015-02-06,1.1471,1.1476,1.132,1.1472,1.1472,0
2015-02-08,1.1293,1.1359,1.127,1.1322,1.1322,29989
2015-02-09,1.1323,1.1345,1.1272,1.1319,1.1319,33729
2015-02-10,1.1319,1.1346,1.1279,1.1333,1.1333,30179
2015-02-11,1.1332,1.1422,1.1301,1.14,1.14,45816
2015-02-12,1.14,1.1442,1.1378,1.1384,1.1384,29084
2015-02-13,1.1405,1.145,1.1382,1.1404,1.1404,0
2015-02-15,1.1394,1.1428,1.1318,1.1351,1.1351,21872
2015-02-16,1.1352,1.1448,1.1321,1.1409,1.1409,32597
2015-02-17,1.141,1.1416,1.1333,1.1395,1.1395,31899
2015-02-18,1.1395,1.1449,1.1355,1.1366,1.1366,29083
2015-02-19,1.1366,1.1429,1.1277,1.1375,1.1375,53475
2015-02-20,1.1367,1.1376,1.1282,1.1367,1.1367,0
2015-02-22,1.139,1.1395,1.1294,1.1333,1.1333,25857
2015-02-23,1.1335,1.1357,1.1287,1.1337,1.1337,34997
2015-02-24,1.1339,1.1388,1.1335,1.1359,1.1359,25527
2015-02-25,1.1359,1.1379,1.1183,1.1197,1.1197,35467
2015-02-26,1.1197,1.1244,1.1175,1.1191,1.1191,35406
2015-02-27,1.1204,1.125,1.1177,1.1205,1.1205,0
2015-03-01,1.118,1.124,1.1159,1.1181,1.1181,22632
2015-03-02,1.118,1.1217,1.1154,1.1174,1.1174,20682
2015-03-03,1.1174,1.1185,1.1061,1.1077,1.1077,29684
2015-03-04,1.1075,1.1114,1.0986,1.1027,1.1027,75678
2015-03-05,1.1027,1.1032,1.0834,1.0838,1.0838,100122
2015-03-06,1.1034,1.1034,1.0852,1.1032,1.1032,0
2015-03-08,1.0828,1.0906,1.0822,1.085,1.085,70536
2015-03-09,1.0848,1.0854,1.0692,1.0696,1.0696,118512
2015-03-10,1.0693,1.0716,1.0511,1.0545,1.0545,132624
2015-03-11,1.0545,1.0683,1.0493,1.0633,1.0633,126545
2015-03-12,1.0631,1.0634,1.0462,1.0493,1.0493,108934
2015-03-13,1.0626,1.063,1.0486,1.0626,1.0626,0
2015-03-15,1.0467,1.0619,1.0464,1.0566,1.0566,89599
2015-03-16,1.0564,1.065,1.0551,1.0595,1.0595,88492
2015-03-17,1.0588,1.1043,1.0579,1.086,1.086,139399
2015-03-18,1.0862,1.0919,1.0612,1.0657,1.0657,154206
2015-03-19,1.0655,1.0882,1.0647,1.0817,1.0817,115124
2015-03-20,1.0673,1.0815,1.0657,1.0669,1.0669,0
2015-03-22,1.0839,1.0971,1.0767,1.0945,1.0945,131252
2015-03-23,1.0945,1.1028,1.0889,1.0924,1.0924,126332
2015-03-24,1.0921,1.1014,1.09,1.0968,1.0968,100657
2015-03-25,1.0969,1.1052,1.0856,1.0884,1.0884,117969
2015-03-26,1.0881,1.0948,1.08,1.0887,1.0887,112803
2015-03-27,1.0886,1.0895,1.0805,1.0886,1.0886,0
2015-03-29,1.0886,1.0894,1.0809,1.0833,1.0833,98247
2015-03-30,1.0831,1.0843,1.0712,1.073,1.073,103790
2015-03-31,1.0734,1.0799,1.0718,1.0762,1.0762,109615
2015-04-01,1.076,1.0904,1.075,1.0879,1.0879,92178
2015-04-02,1.088,1.1026,1.0863,1.0966,1.0966,43478
2015-04-03,1.0871,1.1022,1.0866,1.0871,1.0871,1436
2015-04-05,1.1001,1.1035,1.0909,1.092,1.092,42424
2015-04-06,1.0923,1.0954,1.0803,1.0812,1.0812,95278
2015-04-07,1.0813,1.0887,1.0762,1.0778,1.0778,114667
2015-04-08,1.0779,1.0788,1.0637,1.0658,1.0658,102547
2015-04-09,1.0655,1.0683,1.0567,1.0597,1.0597,97077
2015-04-10,1.0667,1.0684,1.0572,1.0669,1.0669,1068
2015-04-12,1.0584,1.0618,1.052,1.0566,1.0566,110217
2015-04-13,1.0567,1.0707,1.053,1.0654,1.0654,112569
2015-04-14,1.065,1.0701,1.057,1.0683,1.0683,129432
2015-04-15,1.0683,1.0817,1.0624,1.076,1.076,147723
2015-04-16,1.0762,1.0848,1.0732,1.0801,1.0801,131045
2015-04-17,1.076,1.0847,1.0735,1.0756,1.0756,1050
2015-04-19,1.0818,1.0819,1.0712,1.0737,1.0737,98502
2015-04-20,1.0736,1.0781,1.0659,1.0735,1.0735,103193
2015-04-21,1.0733,1.08,1.0708,1.0724,1.0724,111860
2015-04-22,1.0724,1.0845,1.0665,1.0823,1.0823,119838
2015-04-23,1.0823,1.09,1.0784,1.0872,1.0872,123267
2015-04-24,1.0815,1.0898,1.0788,1.0815,1.0815,1031
2015-04-26,1.0863,1.0926,1.0819,1.0888,1.0888,96138
2015-04-27,1.0885,1.099,1.0859,1.0981,1.0981,109533
2015-04-28,1.098,1.1187,1.0959,1.1127,1.1127,146508
2015-04-29,1.1128,1.1265,1.107,1.1221,1.1221,154174
2015-04-30,1.1222,1.1289,1.1174,1.1193,1.1193,81920
2015-05-01,1.1215,1.129,1.1186,1.1215,1.1215,938
2015-05-03,1.119,1.1224,1.1122,1.1146,1.1146,76850
2015-05-04,1.1143,1.1222,1.1066,1.1184,1.1184,107564
2015-05-05,1.1184,1.137,1.1174,1.1347,1.1347,139053
2015-05-06,1.1346,1.1391,1.1236,1.1266,1.1266,133243
2015-05-07,1.1266,1.1285,1.1178,1.1198,1.1198,128943
2015-05-08,1.1245,1.1289,1.1185,1.1247,1.1247,939
2015-05-10,1.1194,1.1203,1.113,1.1154,1.1154,91109
2015-05-11,1.1155,1.1278,1.1134,1.1212,1.1212,95200
2015-05-12,1.1211,1.1382,1.1202,1.1353,1.1353,104716
2015-05-13,1.1353,1.1444,1.134,1.1409,1.1409,109358
2015-05-14,1.1406,1.1466,1.1323,1.1444,1.1444,101130
2015-05-15,1.1404,1.1451,1.1325,1.1405,1.1405,1122
2015-05-17,1.1445,1.1448,1.1298,1.1314,1.1314,88457
2015-05-18,1.1314,1.1325,1.1118,1.1148,1.1148,111384
2015-05-19,1.1151,1.1152,1.1062,1.1093,1.1093,125930
2015-05-20,1.1092,1.1181,1.1077,1.1111,1.1111,117516
2015-05-21,1.111,1.1208,1.1002,1.1007,1.1007,115837
2015-05-22,1.1111,1.121,1.1007,1.1112,1.1112,1830
2015-05-24,1.0999,1.1009,1.0958,1.0976,1.0976,37407
2015-05-25,1.0974,1.098,1.0863,1.0871,1.0871,127140
2015-05-26,1.0874,1.0929,1.0818,1.0903,1.0903,123005
2015-05-27,1.0903,1.0958,1.0866,1.0946,1.0946,122956
2015-05-28,1.0947,1.1006,1.0925,1.0988,1.0988,113929
2015-05-29,1.0958,1.1004,1.0929,1.096,1.096,696
2015-05-31,1.0977,1.0986,1.0886,1.0925,1.0925,109225
2015-06-01,1.0926,1.1191,1.0914,1.115,1.115,138931
2015-06-02,1.1149,1.1285,1.1078,1.1273,1.1273,133777
2015-06-03,1.1272,1.1379,1.122,1.1238,1.1238,131177
2015-06-04,1.1239,1.1279,1.1048,1.1109,1.1109,131503
2015-06-05,1.1216,1.128,1.1052,1.1208,1.1208,2044
2015-06-07,1.1095,1.1306,1.1084,1.129,1.129,112046
2015-06-08,1.129,1.1345,1.1213,1.1281,1.1281,120556
2015-06-09,1.1281,1.1386,1.1259,1.1323,1.1323,133411
2015-06-10,1.1322,1.133,1.118,1.1257,1.1257,110675
2015-06-11,1.1256,1.1296,1.1151,1.1263,1.1263,112421
2015-06-12,1.1245,1.1293,1.1153,1.1241,1.1241,1266
2015-06-14,1.1209,1.1294,1.1189,1.1282,1.1282,88498
2015-06-15,1.1281,1.1329,1.1204,1.1247,1.1247,86711
2015-06-16,1.1242,1.1357,1.1197,1.1335,1.1335,104317
2015-06-17,1.1336,1.1435,1.133,1.1363,1.1363,114532
2015-06-18,1.1362,1.1394,1.1291,1.1347,1.1347,82369
2015-06-19,1.1373,1.1388,1.1296,1.1371,1.1371,827
2015-06-21,1.1375,1.141,1.1311,1.134,1.134,87547
2015-06-22,1.1335,1.1347,1.1134,1.1166,1.1166,105269
2015-06-23,1.1164,1.1234,1.1153,1.1203,1.1203,98612
2015-06-24,1.1201,1.1227,1.1153,1.1203,1.1203,82541
2015-06-25,1.1201,1.1219,1.1129,1.1166,1.1166,75886
2015-06-26,1.1204,1.122,1.1136,1.1203,1.1203,765
2015-06-28,1.0998,1.1277,1.0953,1.1235,1.1235,111838
2015-06-29,1.1237,1.1243,1.1111,1.1136,1.1136,88992
2015-06-30,1.1137,1.117,1.1042,1.1052,1.1052,69111
2015-07-01,1.1051,1.112,1.1032,1.1082,1.1082,71088
2015-07-02,1.108,1.1117,1.1064,1.1106,1.1106,46358
2015-07-03,1.1086,1.112,1.1083,1.1087,1.1087,355
2015-07-05,1.0982,1.1095,1.0968,1.1055,1.1055,80097
2015-07-06,1.1054,1.1057,1.0916,1.101,1.101,102986
2015-07-07,1.1008,1.1092,1.0973,1.1075,1.1075,93981
2015-07-08,1.1075,1.1124,1.0991,1.1035,1.1035,74813
2015-07-09,1.1032,1.1215,1.1029,1.1148,1.1148,89681
2015-07-10,1.1063,1.122,1.1056,1.1063,1.1063,1479
2015-07-12,1.109,1.1196,1.0995,1.0999,1.0999,86272
2015-07-13,1.0996,1.1077,1.0964,1.1007,1.1007,78931
2015-07-14,1.1007,1.1035,1.0929,1.0945,1.0945,90944
2015-07-15,1.0947,1.0962,1.0855,1.0872,1.0872,93487
2015-07-16,1.0874,1.0906,1.0827,1.0828,1.0828,69254
2015-07-17,1.0886,1.091,1.0844,1.0886,1.0886,625
2015-07-19,1.0828,1.087,1.0807,1.0824,1.0824,63949
2015-07-20,1.0821,1.0968,1.0811,1.0937,1.0937,84971
2015-07-21,1.0933,1.0966,1.0869,1.0928,1.0928,81755
2015-07-22,1.0928,1.1017,1.0921,1.0981,1.0981,89329
2015-07-23,1.0981,1.0995,1.0925,1.0975,1.0975,68490
2015-07-24,1.0988,1.0996,1.0928,1.0989,1.0989,639
2015-07-26,1.0979,1.1128,1.0968,1.1087,1.1087,84794
2015-07-27,1.1086,1.1099,1.1021,1.1059,1.1059,75819
2015-07-28,1.1059,1.1083,1.0966,1.0982,1.0982,85550
2015-07-29,1.0982,1.0989,1.0893,1.0931,1.0931,80446
2015-07-30,1.0931,1.1113,1.0921,1.0983,1.0983,98821
2015-07-31,1.0942,1.111,1.0924,1.0939,1.0939,1697
2015-08-02,1.097,1.0995,1.0941,1.0949,1.0949,71247
2015-08-03,1.0949,1.0987,1.0878,1.088,1.088,77144
2015-08-04,1.0881,1.0928,1.0847,1.0905,1.0905,85665
2015-08-05,1.0902,1.0941,1.0872,1.0924,1.0924,70707
2015-08-06,1.0922,1.0978,1.0854,1.0963,1.0963,78706
2015-08-07,1.0922,1.0969,1.0859,1.0927,1.0927,1018
2015-08-09,1.0962,1.1041,1.0925,1.1018,1.1018,69945
2015-08-10,1.1019,1.1088,1.096,1.1041,1.1041,87684
2015-08-11,1.1041,1.1213,1.1023,1.1159,1.1159,107811
2015-08-12,1.1157,1.1188,1.108,1.115,1.115,85448
2015-08-13,1.1148,1.1188,1.1097,1.1106,1.1106,72944
2015-08-14,1.1159,1.119,1.1101,1.1161,1.1161,814
2015-08-16,1.1114,1.1124,1.1058,1.1075,1.1075,64481
2015-08-17,1.1075,1.1093,1.1016,1.1024,1.1024,58310
2015-08-18,1.1021,1.1133,1.1017,1.1119,1.1119,83101
2015-08-19,1.1119,1.1244,1.1107,1.124,1.124,84248
2015-08-20,1.1237,1.1387,1.1229,1.1383,1.1383,109244
2015-08-21,1.1236,1.1369,1.1232,1.1237,1.1237,1225
2015-08-23,1.1373,1.1711,1.1369,1.1617,1.1617,208728
2015-08-24,1.162,1.162,1.1395,1.1514,1.1514,166210
2015-08-25,1.1519,1.156,1.1291,1.1313,1.1313,158676
2015-08-26,1.131,1.1363,1.1202,1.1244,1.1244,113163
2015-08-27,1.1241,1.1309,1.1155,1.1181,1.1181,88143
2015-08-28,1.1245,1.131,1.1157,1.1248,1.1248,1375
2015-08-30,1.117,1.1261,1.1163,1.121,1.121,66653
2015-08-31,1.1211,1.1332,1.1207,1.1314,1.1314,115864
2015-09-01,1.131,1.1319,1.1216,1.1225,1.1225,95512
2015-09-02,1.1223,1.1243,1.1087,1.1123,1.1123,93007
2015-09-03,1.1123,1.1184,1.1088,1.1142,1.1142,98941
2015-09-04,1.1126,1.116,1.1095,1.1126,1.1126,606
2015-09-06,1.1161,1.1177,1.1121,1.1169,1.1169,53827
2015-09-07,1.1167,1.1229,1.1152,1.1201,1.1201,75467
2015-09-08,1.12,1.1216,1.1131,1.1206,1.1206,82966
2015-09-09,1.1205,1.1294,1.1171,1.1277,1.1277,97639
2015-09-10,1.1278,1.1349,1.1254,1.1334,1.1334,79517
2015-09-11,1.1283,1.1342,1.1256,1.1291,1.1291,781
2015-09-13,1.133,1.1372,1.1283,1.1315,1.1315,66621
2015-09-14,1.1317,1.1328,1.1258,1.1267,1.1267,72666
2015-09-15,1.1268,1.132,1.1213,1.1289,1.1289,71206
2015-09-16,1.1289,1.1441,1.1283,1.1433,1.1433,95793
2015-09-17,1.1431,1.146,1.1268,1.1295,1.1295,95579
2015-09-18,1.1406,1.146,1.1352,1.1401,1.1401,965
2015-09-20,1.1281,1.1329,1.118,1.1188,1.1188,72978
2015-09-21,1.1189,1.1207,1.1113,1.1126,1.1126,76362
2015-09-22,1.1124,1.1213,1.1105,1.1184,1.1184,84002
2015-09-23,1.1183,1.1295,1.1164,1.1231,1.1231,95938
2015-09-24,1.1209,1.1222,1.1116,1.1191,1.1191,94879
2015-09-25,1.1181,1.1204,1.1118,1.1179,1.1179,788
2015-09-27,1.1182,1.1247,1.1146,1.1243,1.1243,86298
2015-09-28,1.1243,1.1281,1.1193,1.1248,1.1248,92056
2015-09-29,1.1248,1.1261,1.1157,1.1176,1.1176,80737
2015-09-30,1.1174,1.1206,1.1134,1.1193,1.1193,66707
2015-10-01,1.1191,1.1318,1.1147,1.1208,1.1208,97089
2015-10-02,1.1195,1.1315,1.1152,1.1193,1.1193,1464
2015-10-04,1.1217,1.1289,1.1173,1.1185,1.1185,80941
2015-10-05,1.1186,1.1279,1.1171,1.1269,1.1269,71479
2015-10-06,1.127,1.1283,1.1211,1.1236,1.1236,81787
2015-10-07,1.1236,1.1326,1.1234,1.1275,1.1275,80940
2015-10-08,1.1275,1.1387,1.1266,1.1357,1.1357,82906
2015-10-09,1.1286,1.1379,1.127,1.1287,1.1287,975
2015-10-11,1.136,1.1396,1.1352,1.1357,1.1357,48909
2015-10-12,1.1358,1.141,1.1343,1.1378,1.1378,70291
2015-10-13,1.1378,1.1489,1.1376,1.1472,1.1472,81656
2015-10-14,1.1472,1.1495,1.1362,1.1382,1.1382,89606
2015-10-15,1.1387,1.1394,1.1333,1.1343,1.1343,61585
2015-10-16,1.1367,1.14,1.1339,1.1368,1.1368,551
2015-10-18,1.1356,1.1379,1.1305,1.1326,1.1326,61665
2015-10-19,1.1329,1.1386,1.1323,1.1345,1.1345,58922
2015-10-20,1.1343,1.1377,1.1333,1.1338,1.1338,61861
2015-10-21,1.1337,1.135,1.1099,1.1108,1.1108,88628
2015-10-22,1.1103,1.1139,1.0996,1.1016,1.1016,93922
2015-10-23,1.1084,1.1141,1.1011,1.1081,1.1081,1185
2015-10-25,1.0996,1.1068,1.0992,1.1057,1.1057,66946
2015-10-26,1.1053,1.1078,1.103,1.1044,1.1044,66118
2015-10-27,1.1043,1.1095,1.0896,1.0923,1.0923,87862
2015-10-28,1.0922,1.0985,1.0901,1.0975,1.0975,83179
2015-10-29,1.0976,1.1072,1.0965,1.1001,1.1001,89803
2015-10-30,1.0992,1.1072,1.097,1.0994,1.0994,0
2015-11-01,1.1032,1.1052,1.1,1.1015,1.1015,62300
2015-11-02,1.1012,1.1029,1.0935,1.0963,1.0963,64663
2015-11-03,1.0962,1.0967,1.0843,1.0864,1.0864,83098
2015-11-04,1.0864,1.0896,1.0833,1.0883,1.0883,76783
2015-11-05,1.088,1.0893,1.0702,1.0737,1.0737,76070
2015-11-06,1.0885,1.0895,1.0712,1.0884,1.0884,0
2015-11-08,1.0727,1.079,1.0719,1.075,1.075,78464
2015-11-09,1.0746,1.0763,1.0674,1.0724,1.0724,70493
2015-11-10,1.0722,1.0773,1.0705,1.0742,1.0742,62453
2015-11-11,1.0743,1.0831,1.069,1.0811,1.0811,95035
2015-11-12,1.0809,1.0816,1.0713,1.0768,1.0768,87798
2015-11-13,1.0809,1.0815,1.0722,1.0815,1.0815,0
2015-11-15,1.0738,1.0758,1.0674,1.0685,1.0685,72296
2015-11-16,1.0684,1.069,1.063,1.0642,1.0642,75181
2015-11-17,1.0641,1.0692,1.0616,1.0658,1.0658,72911
2015-11-18,1.0658,1.0763,1.0654,1.0733,1.0733,83922
2015-11-19,1.0732,1.0738,1.0639,1.0643,1.0643,77195
2015-11-20,1.0727,1.073,1.0664,1.0726,1.0726,0
2015-11-22,1.0636,1.0656,1.0591,1.0635,1.0635,73764
2015-11-23,1.0634,1.0673,1.0619,1.0641,1.0641,77503
2015-11-24,1.0642,1.0689,1.0566,1.0623,1.0623,99524
2015-11-25,1.0623,1.0627,1.0599,1.0609,1.0609,50090
2015-11-26,1.0608,1.0638,1.0568,1.0589,1.0589,61167
2015-11-27,1.0604,1.0638,1.057,1.0604,1.0604,0
2015-11-29,1.0587,1.0595,1.0557,1.0563,1.0563,76825
2015-11-30,1.0565,1.0637,1.0563,1.0632,1.0632,85215
2015-12-01,1.0634,1.0634,1.055,1.0613,1.0613,96850
2015-12-02,1.0614,1.098,1.0519,1.0938,1.0938,159563
2015-12-03,1.094,1.0956,1.0835,1.0876,1.0876,142982
2015-12-04,1.0918,1.0952,1.0858,1.0916,1.0916,0
2015-12-06,1.087,1.0886,1.0796,1.0836,1.0836,83543
2015-12-07,1.0836,1.0902,1.083,1.0891,1.0891,95239
2015-12-08,1.0891,1.1042,1.0878,1.1024,1.1024,113181
2015-12-09,1.1023,1.1023,1.0924,1.094,1.094,98993
2015-12-10,1.0938,1.103,1.0926,1.0988,1.0988,112774
2015-12-11,1.0948,1.103,1.0928,1.0948,1.0948,0
2015-12-13,1.0983,1.1048,1.0945,1.0992,1.0992,119597
2015-12-14,1.0992,1.1059,1.0904,1.0928,1.0928,108287
2015-12-15,1.0928,1.1011,1.0886,1.0911,1.0911,142334
2015-12-16,1.0912,1.0913,1.0802,1.0825,1.0825,107178
2015-12-17,1.0825,1.0874,1.0804,1.0861,1.0861,108373
2015-12-18,1.0844,1.087,1.0806,1.0844,1.0844,0
2015-12-20,1.0851,1.0938,1.0845,1.0913,1.0913,81023
2015-12-21,1.0913,1.0984,1.0902,1.0956,1.0956,72619
2015-12-22,1.0954,1.0956,1.0869,1.0909,1.0909,59424
2015-12-23,1.0908,1.0966,1.0901,1.0962,1.0962,28841
2015-12-24,1.091,1.0967,1.0909,1.0909,1.0909,0
2015-12-25,1.0965,1.0975,1.0947,1.097,1.097,0
2015-12-27,1.0962,1.0992,1.0949,1.0967,1.0967,33505
2015-12-28,1.0966,1.0991,1.0898,1.092,1.092,53963
2015-12-29,1.0921,1.0943,1.0901,1.093,1.093,52763
2015-12-30,1.093,1.0936,1.0852,1.0869,1.0869,35022
2015-12-31,1.0938,1.0939,1.0866,1.0934,1.0934,0
2016-01-01,1.0859,1.0867,1.0859,1.0859,1.0859,0
2016-01-03,1.087,1.0946,1.078,1.0831,1.0831,109790
2016-01-04,1.0829,1.0838,1.071,1.0747,1.0747,86091
2016-01-05,1.0742,1.0799,1.0711,1.0779,1.0779,101266
2016-01-06,1.0778,1.094,1.077,1.0929,1.0929,122900
2016-01-07,1.0927,1.0933,1.0802,1.0921,1.0921,128990
2016-01-08,1.0927,1.0929,1.0808,1.0926,1.0926,0
2016-01-10,1.0915,1.0969,1.0847,1.0859,1.0859,99487
2016-01-11,1.0856,1.09,1.0819,1.0857,1.0857,94449
2016-01-12,1.0857,1.0887,1.0804,1.0876,1.0876,98453
2016-01-13,1.0874,1.0943,1.0834,1.0864,1.0864,126751
2016-01-14,1.0864,1.0984,1.0854,1.091,1.091,140081
2016-01-15,1.0858,1.0982,1.0858,1.0859,1.0859,0
2016-01-17,1.0919,1.0927,1.0868,1.089,1.089,72126
2016-01-18,1.089,1.0938,1.0859,1.0906,1.0906,92958
2016-01-19,1.0901,1.0976,1.0877,1.089,1.089,128320
2016-01-20,1.0887,1.0921,1.0777,1.0874,1.0874,159169
2016-01-21,1.0872,1.0876,1.0788,1.0797,1.0797,109361
2016-01-22,1.0861,1.0864,1.0796,1.0862,1.0862,0
2016-01-24,1.0791,1.0857,1.0783,1.0848,1.0848,83201
2016-01-25,1.0845,1.0874,1.0818,1.0867,1.0867,87509
2016-01-26,1.0864,1.0916,1.085,1.0891,1.0891,108334
2016-01-27,1.0892,1.0967,1.0869,1.0938,1.0938,108285
2016-01-28,1.0937,1.0947,1.0809,1.0828,1.0828,129933
2016-01-29,1.0937,1.0947,1.082,1.0937,1.0937,0
2016-01-31,1.0829,1.0912,1.0814,1.0887,1.0887,80451
2016-02-01,1.0884,1.0939,1.0884,1.0917,1.0917,80910
2016-02-02,1.0917,1.1145,1.0903,1.1102,1.1102,135637
2016-02-03,1.1101,1.1238,1.1069,1.1207,1.1207,140726
2016-02-04,1.1205,1.1242,1.1108,1.1153,1.1153,130934
2016-02-05,1.12,1.1217,1.111,1.12,1.12,0
2016-02-07,1.1142,1.1215,1.1086,1.1192,1.1192,123098
2016-02-08,1.1192,1.1337,1.1162,1.1292,1.1292,168097
2016-02-09,1.1291,1.1311,1.116,1.1292,1.1292,174252
2016-02-10,1.1287,1.1376,1.1273,1.1321,1.1321,196768
2016-02-11,1.1319,1.1333,1.1213,1.1253,1.1253,127326
2016-02-12,1.1317,1.1334,1.123,1.1318,1.1318,0
2016-02-14,1.1232,1.1249,1.1128,1.1154,1.1154,68063
2016-02-15,1.1153,1.1193,1.1123,1.1143,1.1143,101654
2016-02-16,1.1142,1.1179,1.1105,1.1125,1.1125,99501
2016-02-17,1.1124,1.1149,1.107,1.1106,1.1106,99297
2016-02-18,1.1104,1.1139,1.1066,1.1127,1.1127,98990
2016-02-19,1.111,1.115,1.1068,1.1111,1.1111,0
2016-02-21,1.1106,1.1124,1.1003,1.1028,1.1028,88196
2016-02-22,1.1028,1.1052,1.099,1.1019,1.1019,93036
2016-02-23,1.1018,1.1046,1.0957,1.1013,1.1013,115883
2016-02-24,1.1013,1.1049,1.0986,1.1017,1.1017,98362
2016-02-25,1.1017,1.1068,1.0911,1.0928,1.0928,99202
2016-02-26,1.1025,1.107,1.0926,1.1025,1.1025,0
2016-02-28,1.0911,1.0962,1.0858,1.0872,1.0872,96704
2016-02-29,1.0873,1.0893,1.0833,1.0866,1.0866,99509
2016-03-01,1.0866,1.088,1.0825,1.0867,1.0867,85517
2016-03-02,1.0866,1.0972,1.0853,1.0955,1.0955,84239
2016-03-03,1.0956,1.1043,1.0902,1.1001,1.1001,109690
2016-03-04,1.0948,1.104,1.0908,1.0949,1.0949,0
2016-03-06,1.0985,1.1025,1.0939,1.1012,1.1012,71082
2016-03-07,1.1012,1.1057,1.0993,1.101,1.101,87025
2016-03-08,1.1009,1.1034,1.0945,1.0999,1.0999,81900
2016-03-09,1.0998,1.1217,1.0821,1.1177,1.1177,171236
2016-03-10,1.1176,1.1209,1.108,1.1146,1.1146,109839
2016-03-11,1.1179,1.121,1.1084,1.1178,1.1178,0
2016-03-13,1.1134,1.1176,1.1077,1.1102,1.1102,83447
2016-03-14,1.11,1.1124,1.1071,1.1107,1.1107,84093
2016-03-15,1.1107,1.1241,1.1057,1.1223,1.1223,109014
2016-03-16,1.1221,1.1342,1.1204,1.1318,1.1318,128350
2016-03-17,1.1314,1.1336,1.1256,1.1268,1.1268,87787
2016-03-18,1.1315,1.1339,1.1258,1.1318,1.1318,0
2016-03-20,1.1256,1.1284,1.1234,1.124,1.124,71167
2016-03-21,1.1238,1.126,1.1188,1.1216,1.1216,93600
2016-03-22,1.1216,1.1223,1.1159,1.118,1.118,73934
2016-03-23,1.1177,1.1187,1.1144,1.1174,1.1174,70898
2016-03-24,1.1171,1.1179,1.1151,1.1162,1.1162,19113
2016-03-25,1.1167,1.1177,1.1157,1.1168,1.1168,0
2016-03-27,1.116,1.1219,1.1152,1.1194,1.1194,29958
2016-03-28,1.1193,1.1303,1.1168,1.1291,1.1291,98827
2016-03-29,1.1289,1.1365,1.1282,1.1336,1.1336,109954
2016-03-30,1.1336,1.1411,1.1309,1.1378,1.1378,106513
2016-03-31,1.1378,1.1438,1.1334,1.1387,1.1387,120812
2016-04-01,1.1379,1.1438,1.1342,1.138,1.138,859
2016-04-03,1.1398,1.1412,1.1357,1.1387,1.1387,80626
2016-04-04,1.1384,1.1404,1.1335,1.1383,1.1383,97995
2016-04-05,1.1381,1.1431,1.1326,1.1398,1.1398,102693
2016-04-06,1.1397,1.1453,1.1337,1.1376,1.1376,118254
2016-04-07,1.1376,1.1419,1.1349,1.1393,1.1393,91498
2016-04-08,1.1369,1.142,1.135,1.1374,1.1374,632
2016-04-10,1.1413,1.1447,1.1372,1.1407,1.1407,81693
2016-04-11,1.1401,1.1464,1.1345,1.1384,1.1384,97276
2016-04-12,1.1383,1.139,1.1268,1.1274,1.1274,104076
2016-04-13,1.1272,1.1294,1.1233,1.1266,1.1266,91025
2016-04-14,1.1261,1.1317,1.1245,1.1279,1.1279,74269
2016-04-15,1.1265,1.1318,1.1248,1.127,1.127,642
2016-04-17,1.1298,1.1332,1.1273,1.1311,1.1311,69795
2016-04-18,1.1309,1.1384,1.1303,1.1356,1.1356,76472
2016-04-19,1.1358,1.1387,1.129,1.1296,1.1296,82206
2016-04-20,1.1293,1.1398,1.1268,1.1286,1.1286,110137
2016-04-21,1.1285,1.1308,1.1217,1.122,1.122,94732
2016-04-22,1.1293,1.1309,1.124,1.1292,1.1292,630
2016-04-24,1.1214,1.1278,1.1214,1.1267,1.1267,75181
2016-04-25,1.1269,1.1339,1.1256,1.1299,1.1299,82918
2016-04-26,1.1297,1.136,1.127,1.1319,1.1319,96645
2016-04-27,1.132,1.1367,1.1296,1.135,1.135,113026
2016-04-28,1.1353,1.1459,1.1344,1.1444,1.1444,114743
2016-04-29,1.1358,1.146,1.1356,1.1356,1.1356,928
2016-05-01,1.1459,1.1535,1.1448,1.1533,1.1533,78482
2016-05-02,1.1528,1.1616,1.1495,1.1496,1.1496,107314
2016-05-03,1.1495,1.1529,1.1465,1.1484,1.1484,109807
2016-05-04,1.1484,1.1493,1.1385,1.1404,1.1404,83144
2016-05-05,1.1403,1.1476,1.1386,1.1403,1.1403,94664
2016-05-06,1.1402,1.1472,1.1393,1.1406,1.1406,704
2016-05-08,1.1391,1.1419,1.1374,1.1381,1.1381,72527
2016-05-09,1.1381,1.1409,1.1358,1.1371,1.1371,74545
2016-05-10,1.137,1.1446,1.1367,1.1425,1.1425,68670
2016-05-11,1.1425,1.1429,1.137,1.1376,1.1376,72811
2016-05-12,1.1375,1.1379,1.1282,1.1303,1.1303,92232
2016-05-13,1.1375,1.138,1.1284,1.1377,1.1377,864
2016-05-15,1.1307,1.1342,1.13,1.1319,1.1319,58100
2016-05-16,1.132,1.1348,1.1298,1.1312,1.1312,70518
2016-05-17,1.1313,1.1316,1.1214,1.1215,1.1215,87975
2016-05-18,1.1215,1.123,1.1179,1.1202,1.1202,89945
2016-05-19,1.1202,1.1237,1.1196,1.122,1.122,63080
2016-05-20,1.1202,1.124,1.1199,1.1206,1.1206,384
2016-05-22,1.1203,1.1242,1.1187,1.1219,1.1219,64705
2016-05-23,1.1218,1.1226,1.1132,1.114,1.114,77207
2016-05-24,1.114,1.1167,1.1128,1.1154,1.1154,70055
2016-05-25,1.1148,1.1216,1.1148,1.1193,1.1193,73555
2016-05-26,1.1193,1.12,1.111,1.1111,1.1111,71033
2016-05-27,1.1193,1.1202,1.1126,1.1192,1.1192,698
2016-05-29,1.111,1.1144,1.1097,1.1136,1.1136,31969
2016-05-30,1.1136,1.1173,1.1122,1.1131,1.1131,83954
2016-05-31,1.113,1.1193,1.1114,1.1187,1.1187,88136
2016-06-01,1.1187,1.1219,1.1145,1.115,1.115,86528
2016-06-02,1.1148,1.1373,1.1136,1.1365,1.1365,110758
2016-06-03,1.1154,1.135,1.1138,1.1152,1.1152,1887
2016-06-05,1.1353,1.1392,1.1324,1.1353,1.1353,90097
2016-06-06,1.1353,1.138,1.1338,1.1356,1.1356,72199
2016-06-07,1.1356,1.141,1.1354,1.1393,1.1393,72854
2016-06-08,1.1391,1.1415,1.1305,1.1314,1.1314,79035
2016-06-09,1.1314,1.1321,1.1245,1.1249,1.1249,83770
2016-06-10,1.1312,1.1324,1.1274,1.1315,1.1315,461
2016-06-12,1.1247,1.1303,1.1231,1.129,1.129,83064
2016-06-13,1.1292,1.1298,1.1188,1.1204,1.1204,91884
2016-06-14,1.1204,1.1297,1.1189,1.1259,1.1259,92273
2016-06-15,1.1259,1.1295,1.113,1.1224,1.1224,122118
2016-06-16,1.1222,1.1296,1.1222,1.1272,1.1272,87369
2016-06-17,1.127,1.1296,1.1226,1.1252,1.1252,639
2016-06-19,1.1328,1.1382,1.1301,1.131,1.131,96929
2016-06-20,1.131,1.1349,1.1241,1.1242,1.1242,86800
2016-06-21,1.1241,1.1337,1.1235,1.1295,1.1295,85021
2016-06-22,1.1295,1.142,1.1295,1.1379,1.1379,101620
2016-06-23,1.138,1.1426,1.091,1.1099,1.1099,282013
2016-06-24,1.133,1.1335,1.0919,1.1324,1.1324,3691
2016-06-26,1.1005,1.1083,1.097,1.1024,1.1024,155933
2016-06-27,1.1023,1.1111,1.1009,1.1064,1.1064,107454
2016-06-28,1.1064,1.113,1.1048,1.1123,1.1123,109277
2016-06-29,1.1121,1.1154,1.1023,1.1105,1.1105,132123
2016-06-30,1.1093,1.1169,1.1071,1.1128,1.1128,90773
2016-07-01,1.1104,1.117,1.1074,1.1106,1.1106,879
2016-07-03,1.1123,1.1159,1.1097,1.1152,1.1152,44113
2016-07-04,1.1152,1.1186,1.1062,1.1075,1.1075,82756
2016-07-05,1.107,1.1111,1.1028,1.1099,1.1099,111360
2016-07-06,1.1098,1.1107,1.1052,1.106,1.106,87452
2016-07-07,1.1059,1.112,1.1001,1.1046,1.1046,97139
2016-07-08,1.1065,1.1108,1.101,1.1066,1.1066,902
2016-07-10,1.1045,1.1074,1.1015,1.1055,1.1055,84634
2016-07-11,1.1056,1.1125,1.1051,1.106,1.106,93876
2016-07-12,1.106,1.1119,1.1042,1.1088,1.1088,89796
2016-07-13,1.1087,1.1164,1.1087,1.1118,1.1118,101156
2016-07-14,1.1118,1.1148,1.1022,1.103,1.103,92151
2016-07-15,1.1106,1.1157,1.1059,1.1106,1.1106,900
2016-07-17,1.1045,1.1084,1.1037,1.1074,1.1074,74813
2016-07-18,1.1075,1.108,1.0999,1.1019,1.1019,75322
2016-07-19,1.1017,1.103,1.0981,1.1013,1.1013,76205
2016-07-20,1.101,1.1059,1.0979,1.1025,1.1025,98125
2016-07-21,1.1024,1.104,1.0955,1.0971,1.0971,74240
2016-07-22,1.1033,1.104,1.0968,1.1033,1.1033,672
2016-07-24,1.097,1.0998,1.0951,1.0994,1.0994,57077
2016-07-25,1.0992,1.103,1.0978,1.0984,1.0984,66683
2016-07-26,1.0985,1.1064,1.0959,1.1058,1.1058,82272
2016-07-27,1.1063,1.1119,1.1051,1.1075,1.1075,72539
2016-07-28,1.1075,1.1197,1.1071,1.117,1.117,95816
2016-07-29,1.1084,1.1196,1.1074,1.1084,1.1084,1109
2016-07-31,1.1172,1.1183,1.1155,1.1161,1.1161,57960
2016-08-01,1.116,1.1233,1.1157,1.1221,1.1221,70168
2016-08-02,1.122,1.1226,1.114,1.115,1.115,57414
2016-08-03,1.1147,1.1156,1.1113,1.1128,1.1128,64850
2016-08-04,1.1127,1.1161,1.1045,1.1083,1.1083,62819
2016-08-05,1.1135,1.1162,1.1049,1.1135,1.1135,1027
2016-08-07,1.1076,1.1104,1.1071,1.1087,1.1087,44019
2016-08-08,1.1084,1.1122,1.107,1.1116,1.1116,50562
2016-08-09,1.1112,1.119,1.1111,1.1175,1.1175,62057
2016-08-10,1.1176,1.1191,1.1135,1.1136,1.1136,56222
2016-08-11,1.1133,1.1221,1.1131,1.1157,1.1157,63963
2016-08-12,1.1139,1.122,1.1133,1.1139,1.1139,798
2016-08-14,1.1165,1.1203,1.1153,1.1182,1.1182,46153
2016-08-15,1.1182,1.1322,1.1177,1.1277,1.1277,86387
2016-08-16,1.1277,1.1315,1.1239,1.1288,1.1288,76984
2016-08-17,1.1284,1.1366,1.1281,1.1352,1.1352,86998
2016-08-18,1.1349,1.1359,1.1303,1.132,1.132,73995
2016-08-19,1.1349,1.1352,1.1306,1.1349,1.1349,425
2016-08-21,1.1306,1.133,1.127,1.132,1.132,69587
2016-08-22,1.1318,1.1355,1.1303,1.1304,1.1304,64551
2016-08-23,1.1304,1.1311,1.1245,1.1263,1.1263,72991
2016-08-24,1.1263,1.1297,1.1259,1.1284,1.1284,55676
2016-08-25,1.1279,1.134,1.118,1.1192,1.1192,98496
2016-08-26,1.1289,1.134,1.1235,1.1291,1.1291,952
2016-08-28,1.1171,1.1207,1.1158,1.1188,1.1188,67904
2016-08-29,1.1187,1.1192,1.1131,1.1142,1.1142,69335
2016-08-30,1.1142,1.1165,1.1122,1.1157,1.1157,75811
2016-08-31,1.1156,1.1205,1.1127,1.1196,1.1196,82049
2016-09-01,1.1196,1.1252,1.115,1.1152,1.1152,97827
2016-09-02,1.1201,1.1251,1.1154,1.1201,1.1201,883
2016-09-04,1.1155,1.1182,1.1138,1.1146,1.1146,42224
2016-09-05,1.1146,1.1263,1.114,1.1253,1.1253,78346
2016-09-06,1.1254,1.1271,1.1228,1.1238,1.1238,71360
2016-09-07,1.1238,1.1327,1.1234,1.126,1.126,96701
2016-09-08,1.1258,1.1284,1.1198,1.1228,1.1228,84072
2016-09-09,1.1269,1.1287,1.1206,1.1271,1.1271,735
2016-09-11,1.1234,1.1267,1.121,1.1234,1.1234,93846
2016-09-12,1.1234,1.126,1.1203,1.1219,1.1219,88283
2016-09-13,1.1217,1.1273,1.1209,1.1248,1.1248,77952
2016-09-14,1.1246,1.1283,1.1218,1.1243,1.1243,94752
2016-09-15,1.1243,1.1249,1.1149,1.1154,1.1154,83299
2016-09-16,1.1248,1.125,1.1156,1.1246,1.1246,854
2016-09-18,1.1151,1.1197,1.115,1.1173,1.1173,56308
2016-09-19,1.1174,1.1213,1.1149,1.115,1.115,71271
2016-09-20,1.115,1.1196,1.1122,1.1186,1.1186,101133
2016-09-21,1.1186,1.1257,1.1184,1.1207,1.1207,76040
2016-09-22,1.1207,1.124,1.1193,1.1221,1.1221,66725
2016-09-23,1.121,1.123,1.1196,1.121,1.121,322
2016-09-25,1.1228,1.1279,1.122,1.1253,1.1253,65306
2016-09-26,1.1253,1.1258,1.119,1.1215,1.1215,73457
2016-09-27,1.1212,1.1236,1.1181,1.1216,1.1216,73105
2016-09-28,1.1214,1.1249,1.1196,1.1222,1.1222,78878
2016-09-29,1.1219,1.125,1.1153,1.1237,1.1237,108092
2016-09-30,1.1222,1.125,1.1154,1.122,1.122,873
2016-10-02,1.1227,1.1243,1.1205,1.1209,1.1209,56679
2016-10-03,1.121,1.1238,1.1137,1.1204,1.1204,95139
2016-10-04,1.12,1.1233,1.1189,1.1204,1.1204,73794
2016-10-05,1.1204,1.1212,1.1139,1.1149,1.1149,74163
2016-10-06,1.1149,1.1204,1.1104,1.1198,1.1198,129287
2016-10-07,1.1146,1.1202,1.1106,1.1145,1.1145,876
2016-10-09,1.1178,1.1201,1.1131,1.1138,1.1138,52772
2016-10-10,1.1135,1.1142,1.1048,1.1053,1.1053,87928
2016-10-11,1.1052,1.1067,1.1004,1.1005,1.1005,94301
2016-10-12,1.1006,1.1057,1.0985,1.1056,1.1056,90680
2016-10-13,1.1056,1.1057,1.0968,1.0969,1.0969,81235
2016-10-14,1.105,1.1058,1.0985,1.105,1.105,679
2016-10-16,1.0967,1.1007,1.0963,1.0999,1.0999,61400
2016-10-17,1.0998,1.1026,1.097,1.0979,1.0979,65057
2016-10-18,1.0978,1.1004,1.0955,1.0973,1.0973,64815
2016-10-19,1.0973,1.1039,1.0915,1.0928,1.0928,84169
2016-10-20,1.0927,1.0929,1.0859,1.0879,1.0879,65912
2016-10-21,1.093,1.0931,1.0862,1.093,1.093,650
2016-10-23,1.0882,1.0899,1.0859,1.0881,1.0881,56005
2016-10-24,1.0879,1.0904,1.085,1.0887,1.0887,75819
2016-10-25,1.0886,1.0946,1.0874,1.0908,1.0908,78835
2016-10-26,1.0903,1.0942,1.0882,1.0895,1.0895,79019
2016-10-27,1.0895,1.0991,1.0892,1.0984,1.0984,91403
2016-10-28,1.09,1.0953,1.0898,1.09,1.09,525
2016-10-30,1.0989,1.099,1.0935,1.098,1.098,63964
2016-10-31,1.0978,1.1068,1.0959,1.1054,1.1054,77597
2016-11-01,1.1053,1.1123,1.1049,1.1096,1.1096,98187
2016-11-02,1.1096,1.1125,1.1059,1.1105,1.1105,89535
2016-11-03,1.1103,1.114,1.1079,1.1135,1.1135,80290
2016-11-04,1.1102,1.1126,1.1084,1.1102,1.1102,0
2016-11-06,1.1056,1.111,1.1027,1.1039,1.1039,76480
2016-11-07,1.104,1.1066,1.1008,1.1024,1.1024,67324
2016-11-08,1.1025,1.1299,1.0906,1.0907,1.0907,258440
2016-11-09,1.0907,1.0953,1.0864,1.0889,1.0889,153879
2016-11-10,1.0891,1.0923,1.083,1.0852,1.0852,131221
2016-11-11,1.089,1.0925,1.0857,1.089,1.089,0
2016-11-13,1.083,1.0839,1.0709,1.0736,1.0736,156624
2016-11-14,1.0736,1.0816,1.0713,1.0721,1.0721,133499
2016-11-15,1.0722,1.0759,1.0666,1.069,1.069,127294
2016-11-16,1.0689,1.0745,1.0619,1.0622,1.0622,123038
2016-11-17,1.0622,1.0642,1.0569,1.0587,1.0587,141227
2016-11-18,1.0625,1.064,1.0573,1.0623,1.0623,0
2016-11-20,1.059,1.0648,1.0577,1.0624,1.0624,118147
2016-11-21,1.0623,1.0657,1.0583,1.0626,1.0626,108163
2016-11-22,1.062,1.0643,1.0526,1.0551,1.0551,119771
2016-11-23,1.0549,1.0585,1.0517,1.055,1.055,83521
2016-11-24,1.0548,1.0627,1.0538,1.0589,1.0589,107416
2016-11-25,1.0564,1.0628,1.0541,1.0562,1.0562,0
2016-11-27,1.0608,1.0685,1.0563,1.061,1.061,119503
2016-11-28,1.0606,1.0654,1.0564,1.0648,1.0648,108700
2016-11-29,1.0646,1.0666,1.0552,1.0588,1.0588,142775
2016-11-30,1.0589,1.0668,1.0584,1.066,1.066,127910
2016-12-01,1.0657,1.069,1.0625,1.0661,1.0661,110800
2016-12-02,1.0663,1.0692,1.0628,1.0663,1.0663,0
2016-12-04,1.0625,1.0796,1.0503,1.0763,1.0763,158426
2016-12-05,1.0762,1.0785,1.0698,1.0716,1.0716,97257
2016-12-06,1.0716,1.0768,1.0709,1.0752,1.0752,77428
2016-12-07,1.0753,1.0872,1.0597,1.0613,1.0613,147469
2016-12-08,1.0611,1.0629,1.053,1.0558,1.0558,98104
2016-12-09,1.0621,1.0632,1.0538,1.0621,1.0621,0
2016-12-11,1.0529,1.0651,1.0525,1.0634,1.0634,103155
2016-12-12,1.0633,1.0667,1.0603,1.0625,1.0625,95348
2016-12-13,1.0621,1.067,1.0495,1.0534,1.0534,121953
2016-12-14,1.0529,1.0539,1.0366,1.0412,1.0412,168705
2016-12-15,1.041,1.0474,1.04,1.0446,1.0446,111432
2016-12-16,1.0418,1.0472,1.0404,1.0419,1.0419,0
2016-12-18,1.0438,1.0479,1.0392,1.0401,1.0401,96345
2016-12-19,1.0398,1.0417,1.0352,1.0386,1.0386,85487
2016-12-20,1.0386,1.0451,1.0382,1.0423,1.0423,77780
2016-12-21,1.0423,1.0499,1.042,1.0436,1.0436,80668
2016-12-22,1.0431,1.0469,1.0426,1.045,1.045,47400
2016-12-23,1.044,1.0468,1.043,1.0438,1.0438,0
2016-12-26,1.0449,1.0463,1.0432,1.0456,1.0456,40951
2016-12-27,1.0452,1.0479,1.0372,1.0412,1.0412,67452
2016-12-28,1.0411,1.0493,1.0405,1.049,1.049,80013
2016-12-29,1.0487,1.0652,1.0481,1.0515,1.0515,124066
2016-12-30,1.0569,1.0591,1.051,1.0575,1.0575,0
2017-01-02,1.0466,1.049,1.034,1.0404,1.0404,116427
2017-01-03,1.0405,1.0499,1.0389,1.0488,1.0488,116555
2017-01-04,1.0488,1.0615,1.048,1.0605,1.0605,165912
2017-01-05,1.0599,1.0619,1.0525,1.0527,1.0527,124494
2017-01-06,1.0606,1.0609,1.054,1.0606,1.0606,0
2017-01-08,1.0528,1.0582,1.051,1.057,1.057,102361
2017-01-09,1.0574,1.0627,1.055,1.0553,1.0553,120622
2017-01-10,1.0553,1.0622,1.0453,1.0581,1.0581,167817
2017-01-11,1.0579,1.0684,1.0571,1.0611,1.0611,160935
2017-01-12,1.0611,1.067,1.0595,1.0638,1.0638,130153
2017-01-13,1.0618,1.0668,1.06,1.0617,1.0617,0
2017-01-15,1.0601,1.0635,1.0579,1.0595,1.0595,90026
2017-01-16,1.0598,1.0719,1.0596,1.0713,1.0713,167892
2017-01-17,1.0709,1.0713,1.0628,1.0628,1.0628,121664
2017-01-18,1.0627,1.0676,1.0588,1.0663,1.0663,152428
2017-01-19,1.0661,1.0709,1.0625,1.0697,1.0697,141540
2017-01-20,1.0661,1.0695,1.0627,1.066,1.066,0
2017-01-22,1.0699,1.0768,1.0692,1.0762,1.0762,134891
2017-01-23,1.0765,1.0775,1.072,1.073,1.073,112037
2017-01-24,1.0726,1.0769,1.0711,1.0747,1.0747,113302
2017-01-25,1.0746,1.0765,1.0657,1.0681,1.0681,116545
2017-01-26,1.0677,1.0725,1.0658,1.0693,1.0693,109146
2017-01-27,1.0683,1.0725,1.0661,1.0683,1.0683,0
2017-01-29,1.0718,1.074,1.062,1.0694,1.0694,109315
2017-01-30,1.0694,1.0812,1.0684,1.0797,1.0797,153697
2017-01-31,1.0795,1.0807,1.0727,1.0767,1.0767,125583
2017-02-01,1.0768,1.0828,1.0755,1.0757,1.0757,126183
2017-02-02,1.0756,1.0797,1.0708,1.0781,1.0781,136591
2017-02-03,1.0763,1.0797,1.0729,1.0762,1.0762,0
2017-02-05,1.0786,1.0788,1.0705,1.0749,1.0749,115973
2017-02-06,1.0745,1.0748,1.0655,1.0682,1.0682,111993
2017-02-07,1.0677,1.0714,1.064,1.0697,1.0697,116909
2017-02-08,1.0696,1.0709,1.065,1.0655,1.0655,111306
2017-02-09,1.0654,1.0667,1.0607,1.0638,1.0638,109105
2017-02-10,1.0657,1.0669,1.061,1.0659,1.0659,0
2017-02-12,1.0627,1.0658,1.0591,1.0596,1.0596,57529
2017-02-13,1.0595,1.0633,1.0561,1.0577,1.0577,68887
2017-02-14,1.0573,1.0609,1.0521,1.0599,1.0599,75198
2017-02-15,1.0598,1.0679,1.0589,1.0673,1.0673,74321
2017-02-16,1.0672,1.0676,1.0604,1.0611,1.0611,61225
2017-02-17,1.0667,1.0677,1.0626,1.0672,1.0672,0
2017-02-19,1.0605,1.0632,1.0602,1.0611,1.0611,39059
2017-02-20,1.0608,1.0614,1.0525,1.0535,1.0535,54891
2017-02-21,1.0535,1.0574,1.0493,1.0557,1.0557,78525
2017-02-22,1.0552,1.0595,1.0537,1.058,1.058,63170
2017-02-23,1.0576,1.0618,1.0554,1.0556,1.0556,62169
2017-02-24,1.0585,1.0618,1.0566,1.0584,1.0584,0
2017-02-26,1.0562,1.063,1.0551,1.0586,1.0586,58969
2017-02-27,1.0585,1.063,1.0564,1.0575,1.0575,111800
2017-02-28,1.0574,1.0589,1.0514,1.0546,1.0546,142048
2017-03-01,1.0544,1.0551,1.0494,1.0505,1.0505,104017
2017-03-02,1.0505,1.0623,1.0498,1.0617,1.0617,125219
2017-03-03,1.0509,1.0574,1.0504,1.051,1.051,0
2017-03-05,1.0608,1.064,1.0574,1.0581,1.0581,96659
2017-03-06,1.0581,1.0602,1.0558,1.0565,1.0565,80176
2017-03-07,1.0565,1.0573,1.0533,1.054,1.054,93556
2017-03-08,1.0538,1.0615,1.0524,1.0576,1.0576,142569
2017-03-09,1.0576,1.0698,1.057,1.0669,1.0669,138327
2017-03-10,1.0581,1.0669,1.0578,1.0578,1.0578,0
2017-03-12,1.0676,1.0714,1.0651,1.0653,1.0653,149688
2017-03-13,1.0653,1.0662,1.0599,1.0604,1.0604,137473
2017-03-14,1.0604,1.074,1.0602,1.0734,1.0734,169344
2017-03-15,1.0727,1.077,1.0705,1.0764,1.0764,191693
2017-03-16,1.0764,1.0782,1.0727,1.0737,1.0737,153169
2017-03-17,1.0771,1.0783,1.073,1.0775,1.0775,0
2017-03-19,1.0732,1.0777,1.0724,1.0739,1.0739,112217
2017-03-20,1.0738,1.0819,1.0719,1.0809,1.0809,171441
2017-03-21,1.0808,1.0824,1.0775,1.0796,1.0796,161637
2017-03-22,1.0792,1.0805,1.0767,1.0782,1.0782,151550
2017-03-23,1.0781,1.0818,1.0759,1.0793,1.0793,130340
2017-03-24,1.0784,1.0812,1.0762,1.0784,1.0784,0
2017-03-26,1.0838,1.0906,1.0824,1.0862,1.0862,131469
2017-03-27,1.0861,1.0872,1.0798,1.0813,1.0813,117817
2017-03-28,1.0807,1.0826,1.0739,1.0764,1.0764,140249
2017-03-29,1.0763,1.0769,1.0671,1.0673,1.0673,130762
2017-03-30,1.0675,1.0701,1.0646,1.065,1.065,134001
2017-03-31,1.0688,1.0701,1.0672,1.0687,1.0687,287
2017-04-02,1.0658,1.0681,1.0642,1.0669,1.0669,108877
2017-04-03,1.0668,1.0677,1.0635,1.0673,1.0673,98084
2017-04-04,1.0667,1.0689,1.0634,1.0663,1.0663,119534
2017-04-05,1.0662,1.0684,1.0628,1.0643,1.0643,114860
2017-04-06,1.0642,1.0664,1.058,1.0587,1.0587,151135
2017-04-07,1.0643,1.066,1.0612,1.0645,1.0645,477
2017-04-09,1.0585,1.0606,1.0569,1.0595,1.0595,82194
2017-04-10,1.0593,1.063,1.0578,1.0604,1.0604,95692
2017-04-11,1.0604,1.0674,1.0588,1.0664,1.0664,109905
2017-04-12,1.066,1.0677,1.0608,1.0612,1.0612,105681
2017-04-13,1.0616,1.0629,1.0602,1.0609,1.0609,33521
2017-04-14,1.0618,1.0632,1.0607,1.0616,1.0616,250
2017-04-16,1.0613,1.067,1.0602,1.0641,1.0641,57833
2017-04-17,1.064,1.0736,1.0634,1.073,1.073,126809
2017-04-18,1.0729,1.0737,1.0699,1.0709,1.0709,99212
2017-04-19,1.0707,1.0777,1.0706,1.0716,1.0716,104399
2017-04-20,1.0715,1.0737,1.0682,1.0722,1.0722,106485
2017-04-21,1.0713,1.0738,1.0687,1.0715,1.0715,490
2017-04-23,1.0888,1.0903,1.082,1.0866,1.0866,89682
2017-04-24,1.0867,1.095,1.0851,1.0925,1.0925,65822
2017-04-25,1.0928,1.095,1.0855,1.0903,1.0903,81108
2017-04-26,1.0903,1.0932,1.0851,1.0871,1.0871,78696
2017-04-27,1.0871,1.0947,1.0856,1.0891,1.0891,73200
2017-04-28,1.0867,1.0948,1.0858,1.0864,1.0864,840
2017-04-30,1.0908,1.0923,1.0883,1.0898,1.0898,26037
2017-05-01,1.0895,1.0932,1.0888,1.0929,1.0929,50886
2017-05-02,1.0926,1.0936,1.0882,1.0883,1.0883,63502
2017-05-03,1.0884,1.0987,1.0874,1.0983,1.0983,85602
2017-05-04,1.0982,1.0999,1.0946,1.0994,1.0994,80850
2017-05-05,1.0981,1.1,1.0953,1.0982,1.0982,443
2017-05-07,1.1018,1.1022,1.0916,1.0923,1.0923,80691
2017-05-08,1.0923,1.0933,1.0863,1.0873,1.0873,74673
2017-05-09,1.0872,1.0898,1.0853,1.0867,1.0867,64398
2017-05-10,1.0867,1.0893,1.0839,1.086,1.086,60499
2017-05-11,1.086,1.0934,1.0855,1.0928,1.0928,66725
2017-05-12,1.0866,1.0934,1.0858,1.0865,1.0865,715
2017-05-14,1.0929,1.0989,1.0922,1.0974,1.0974,56988
2017-05-15,1.0974,1.1097,1.0972,1.1081,1.1081,77715
2017-05-16,1.1081,1.1162,1.1078,1.1159,1.1159,96110
2017-05-17,1.1156,1.1171,1.1075,1.1102,1.1102,122564
2017-05-18,1.1101,1.1211,1.1095,1.1203,1.1203,74259
2017-05-19,1.1111,1.1198,1.1101,1.1114,1.1114,889
2017-05-21,1.1191,1.1263,1.1161,1.1236,1.1236,75737
2017-05-22,1.1236,1.1268,1.1175,1.1181,1.1181,104148
2017-05-23,1.1182,1.1219,1.1168,1.1218,1.1218,91310
2017-05-24,1.1218,1.125,1.1193,1.1209,1.1209,67734
2017-05-25,1.1207,1.1234,1.116,1.1176,1.1176,72798
2017-05-26,1.1211,1.1232,1.1164,1.1211,1.1211,629
2017-05-28,1.1169,1.1189,1.1161,1.1162,1.1162,30184
2017-05-29,1.1162,1.1205,1.1109,1.1184,1.1184,80136
2017-05-30,1.1182,1.1252,1.1164,1.1242,1.1242,82330
2017-05-31,1.1245,1.1256,1.1202,1.1212,1.1212,63888
2017-06-01,1.1212,1.1285,1.1205,1.128,1.128,67578
2017-06-02,1.1213,1.1282,1.1206,1.1216,1.1216,687
2017-06-04,1.1269,1.1282,1.1234,1.1254,1.1254,52211
2017-06-05,1.1253,1.1284,1.124,1.1276,1.1276,61383
2017-06-06,1.1276,1.1282,1.1204,1.1255,1.1255,81375
2017-06-07,1.1259,1.1269,1.1194,1.1211,1.1211,97161
2017-06-08,1.121,1.1235,1.1166,1.1193,1.1193,94680
2017-06-09,1.1193,1.1217,1.1168,1.1185,1.1185,459
2017-06-11,1.1204,1.1232,1.1191,1.1203,1.1203,59184
2017-06-12,1.1202,1.1224,1.1185,1.121,1.121,54788
2017-06-13,1.1205,1.1295,1.1192,1.1217,1.1217,117460
2017-06-14,1.1216,1.1228,1.1132,1.1144,1.1144,92992
2017-06-15,1.1144,1.1201,1.1138,1.1194,1.1194,60574
2017-06-16,1.1147,1.12,1.1139,1.1147,1.1147,561
2017-06-18,1.1204,1.1212,1.1143,1.1147,1.1147,57619
2017-06-19,1.1148,1.1164,1.1118,1.1133,1.1133,62216
2017-06-20,1.1133,1.1168,1.1127,1.1167,1.1167,56183
2017-06-21,1.1167,1.1177,1.1139,1.1151,1.1151,52514
2017-06-22,1.1151,1.1208,1.1145,1.1191,1.1191,45281
2017-06-23,1.115,1.1209,1.1146,1.115,1.115,575
2017-06-25,1.1196,1.1219,1.1171,1.1181,1.1181,59162
2017-06-26,1.1181,1.1349,1.1178,1.1337,1.1337,89377
2017-06-27,1.1336,1.139,1.1291,1.1376,1.1376,122395
2017-06-28,1.1378,1.1445,1.1374,1.144,1.144,94898
2017-06-29,1.1439,1.1445,1.1392,1.1421,1.1421,88453
2017-06-30,1.1441,1.1445,1.1393,1.1442,1.1442,475
2017-07-02,1.1415,1.1426,1.1354,1.1363,1.1363,61960
2017-07-03,1.1362,1.1376,1.1335,1.1344,1.1344,45775
2017-07-04,1.1341,1.1368,1.1312,1.1351,1.1351,75724
2017-07-05,1.135,1.1424,1.1329,1.1422,1.1422,75840
2017-07-06,1.1422,1.1439,1.1379,1.1395,1.1395,78840
2017-07-07,1.1421,1.1438,1.1383,1.1425,1.1425,503
2017-07-09,1.1396,1.1418,1.1381,1.1398,1.1398,49222
2017-07-10,1.1398,1.1479,1.1382,1.1466,1.1466,67398
2017-07-11,1.1464,1.1489,1.1391,1.1411,1.1411,100934
2017-07-12,1.1412,1.1455,1.137,1.1397,1.1397,94719
2017-07-13,1.1397,1.1471,1.1391,1.1467,1.1467,80855
2017-07-14,1.1404,1.1467,1.1392,1.1404,1.1404,668
2017-07-16,1.1472,1.1487,1.1434,1.1477,1.1477,59954
2017-07-17,1.1477,1.1583,1.1471,1.1553,1.1553,101570
2017-07-18,1.1553,1.1555,1.151,1.1514,1.1514,67741
2017-07-19,1.1513,1.1657,1.1479,1.163,1.163,136380
2017-07-20,1.1628,1.1683,1.1618,1.1661,1.1661,162416
2017-07-21,1.1628,1.1675,1.162,1.1629,1.1629,491
2017-07-23,1.166,1.1684,1.1625,1.1639,1.1639,139685
2017-07-24,1.1639,1.1712,1.1629,1.1646,1.1646,170703
2017-07-25,1.1648,1.174,1.1612,1.1733,1.1733,202617
2017-07-26,1.1734,1.1776,1.1649,1.1675,1.1675,212084
2017-07-27,1.1676,1.1763,1.167,1.1745,1.1745,192057
2017-07-28,1.169,1.1763,1.1673,1.1689,1.1689,791
2017-07-30,1.1745,1.1845,1.1722,1.1841,1.1841,164756
2017-07-31,1.184,1.1844,1.1784,1.1801,1.1801,170552
2017-08-01,1.1801,1.191,1.1793,1.1855,1.1855,175838
2017-08-02,1.1855,1.1893,1.183,1.1868,1.1868,163127
2017-08-03,1.1869,1.1889,1.1728,1.177,1.177,171844
2017-08-04,1.1888,1.1891,1.1737,1.1885,1.1885,1315
2017-08-06,1.1772,1.1814,1.1767,1.1794,1.1794,109974
2017-08-07,1.1792,1.1824,1.1714,1.1751,1.1751,134190
2017-08-08,1.1745,1.1763,1.1689,1.1758,1.1758,179091
2017-08-09,1.1758,1.1785,1.1703,1.1772,1.1772,158288
2017-08-10,1.1772,1.1847,1.1748,1.182,1.182,161851
2017-08-11,1.177,1.1832,1.1749,1.177,1.177,718
2017-08-13,1.1817,1.1838,1.1769,1.1779,1.1779,121645
2017-08-14,1.1779,1.1792,1.1687,1.1733,1.1733,153083
2017-08-15,1.1734,1.1778,1.168,1.1765,1.1765,185937
2017-08-16,1.1765,1.179,1.1661,1.1723,1.1723,199423
2017-08-17,1.172,1.1774,1.1707,1.1758,1.1758,184872
2017-08-18,1.1717,1.1768,1.1712,1.1716,1.1716,495
2017-08-20,1.175,1.1828,1.173,1.1814,1.1814,117339
2017-08-21,1.1814,1.1824,1.1744,1.176,1.176,125995
2017-08-22,1.1761,1.1823,1.1739,1.1806,1.1806,131292
2017-08-23,1.1807,1.1817,1.1783,1.1799,1.1799,117558
2017-08-24,1.18,1.1941,1.1773,1.192,1.192,187782
2017-08-25,1.1798,1.1884,1.1775,1.1802,1.1802,940
2017-08-27,1.1943,1.1983,1.1916,1.1977,1.1977,114732
2017-08-28,1.1976,1.207,1.1945,1.1971,1.1971,228607
2017-08-29,1.197,1.1983,1.188,1.1883,1.1883,184171
2017-08-30,1.1883,1.1912,1.1823,1.1908,1.1908,185834
2017-08-31,1.1908,1.1979,1.1848,1.1857,1.1857,212409
2017-09-01,1.1911,1.1979,1.1851,1.191,1.191,1084
2017-09-03,1.1881,1.1922,1.1872,1.1891,1.1891,98293
2017-09-04,1.1891,1.194,1.1867,1.1913,1.1913,178017
2017-09-05,1.1913,1.195,1.1903,1.1917,1.1917,182574
2017-09-06,1.1916,1.2059,1.1913,1.2021,1.2021,257048
2017-09-07,1.2021,1.2092,1.2014,1.2033,1.2033,228970
2017-09-08,1.2029,1.2093,1.2019,1.2029,1.2029,636
2017-09-10,1.2013,1.2029,1.1947,1.1953,1.1953,153220
2017-09-11,1.1952,1.1978,1.1926,1.1965,1.1965,171341
2017-09-12,1.1965,1.1994,1.1872,1.1885,1.1885,167448
2017-09-13,1.1885,1.1922,1.1837,1.1918,1.1918,220350
2017-09-14,1.1918,1.1986,1.19,1.1944,1.1944,195303
2017-09-15,1.1923,1.1986,1.1902,1.1922,1.1922,713
2017-09-17,1.1917,1.1969,1.1914,1.1952,1.1952,149381
2017-09-18,1.1952,1.2006,1.1948,1.1994,1.1994,195723
2017-09-19,1.1994,1.2033,1.1861,1.189,1.189,237776
2017-09-20,1.1891,1.1953,1.1865,1.194,1.194,196408
2017-09-21,1.1942,1.2004,1.1933,1.194,1.194,188950
2017-09-22,1.1945,1.2003,1.1941,1.1946,1.1946,535
2017-09-24,1.1897,1.1936,1.1831,1.1847,1.1847,187362
2017-09-25,1.1849,1.1861,1.1756,1.1791,1.1791,202576
2017-09-26,1.179,1.1795,1.1716,1.1742,1.1742,194194
2017-09-27,1.1746,1.1804,1.172,1.1784,1.1784,184256
2017-09-28,1.1785,1.1832,1.1772,1.181,1.181,171655
2017-09-29,1.1781,1.1832,1.1773,1.1782,1.1782,515
2017-10-01,1.1783,1.1815,1.1729,1.173,1.173,143401
2017-10-02,1.1731,1.1773,1.1695,1.1742,1.1742,133621
2017-10-03,1.1738,1.1787,1.1733,1.1757,1.1757,140746
2017-10-04,1.1757,1.1779,1.1698,1.1708,1.1708,138965
2017-10-05,1.1709,1.1739,1.1669,1.1727,1.1727,174979
2017-10-06,1.1714,1.1739,1.1671,1.1712,1.1712,594
2017-10-08,1.1726,1.1756,1.1719,1.1738,1.1738,68446
2017-10-09,1.1736,1.1825,1.1736,1.1806,1.1806,145518
2017-10-10,1.1805,1.1869,1.1794,1.1856,1.1856,150376
2017-10-11,1.1856,1.1879,1.1827,1.1828,1.1828,122748
2017-10-12,1.1825,1.1875,1.1802,1.1814,1.1814,147915
2017-10-13,1.1831,1.1874,1.1806,1.1832,1.1832,594
2017-10-15,1.181,1.1819,1.178,1.1794,1.1794,105306
2017-10-16,1.1796,1.1799,1.1736,1.1763,1.1763,107938
2017-10-17,1.1764,1.1805,1.1729,1.1784,1.1784,115921
2017-10-18,1.1786,1.1858,1.1767,1.1849,1.1849,149326
2017-10-19,1.1849,1.1857,1.1762,1.1777,1.1777,146811
2017-10-20,1.1852,1.1858,1.1765,1.1848,1.1848,804
2017-10-22,1.1762,1.1777,1.1724,1.1747,1.1747,113903
2017-10-23,1.1745,1.1792,1.1742,1.1758,1.1758,128214
2017-10-24,1.176,1.1817,1.1752,1.181,1.181,165912
2017-10-25,1.1812,1.1836,1.1639,1.1649,1.1649,190434
2017-10-26,1.165,1.1656,1.1573,1.1602,1.1602,188322
2017-10-27,1.1639,1.1644,1.1576,1.1637,1.1637,606
2017-10-29,1.1605,1.1658,1.1593,1.1649,1.1649,117552
2017-10-30,1.1648,1.1661,1.1623,1.1643,1.1643,116336
2017-10-31,1.1645,1.1657,1.1605,1.1616,1.1616,133032
2017-11-01,1.1618,1.1687,1.1612,1.1656,1.1656,169006
2017-11-02,1.1654,1.169,1.1598,1.1602,1.1602,140883
2017-11-03,1.1663,1.1687,1.1605,1.1662,1.1662,0
2017-11-05,1.1612,1.1624,1.158,1.1607,1.1607,125200
2017-11-06,1.1608,1.1615,1.1553,1.1585,1.1585,141911
2017-11-07,1.1586,1.1611,1.1578,1.1592,1.1592,112348
2017-11-08,1.1592,1.1654,1.1584,1.1639,1.1639,155717
2017-11-09,1.1636,1.1677,1.1622,1.166,1.166,113458
2017-11-10,1.1645,1.1675,1.1624,1.1647,1.1647,0
2017-11-12,1.1655,1.1675,1.1637,1.1665,1.1665,89004
2017-11-13,1.1666,1.1805,1.1661,1.1795,1.1795,137315
2017-11-14,1.1789,1.186,1.1784,1.1789,1.1789,175846
2017-11-15,1.1789,1.18,1.1756,1.1766,1.1766,133237
2017-11-16,1.1769,1.1821,1.1764,1.1786,1.1786,137880
2017-11-17,1.1777,1.1822,1.1775,1.1777,1.1777,0
2017-11-19,1.1783,1.1808,1.1721,1.1731,1.1731,156642
2017-11-20,1.1732,1.1757,1.1712,1.1736,1.1736,119006
2017-11-21,1.1738,1.1827,1.1731,1.182,1.182,120630
2017-11-22,1.1814,1.1856,1.1813,1.1847,1.1847,73136
2017-11-23,1.1848,1.1944,1.1836,1.1926,1.1926,103494
2017-11-24,1.1851,1.1944,1.1837,1.1854,1.1854,0
2017-11-26,1.192,1.1961,1.1895,1.1896,1.1896,120386
2017-11-27,1.1891,1.192,1.1827,1.1836,1.1836,161157
2017-11-28,1.1833,1.1883,1.1816,1.1846,1.1846,145478
2017-11-29,1.1843,1.1931,1.1809,1.1902,1.1902,159123
2017-11-30,1.1899,1.194,1.1851,1.189,1.189,243516
2017-12-01,1.1899,1.194,1.1852,1.1898,1.1898,0
2017-12-03,1.1858,1.1878,1.1828,1.1863,1.1863,144586
2017-12-04,1.186,1.1876,1.18,1.1824,1.1824,136739
2017-12-05,1.1822,1.1847,1.178,1.1793,1.1793,126672
2017-12-06,1.1792,1.1814,1.177,1.177,1.177,112310
2017-12-07,1.1772,1.1776,1.1729,1.1769,1.1769,128699
2017-12-08,1.1774,1.1777,1.1732,1.1772,1.1772,0
2017-12-10,1.1762,1.1811,1.1762,1.1767,1.1767,89047
2017-12-11,1.177,1.1792,1.1717,1.1739,1.1739,101398
2017-12-12,1.1739,1.1831,1.1729,1.1823,1.1823,131394
2017-12-13,1.1823,1.1862,1.177,1.1775,1.1775,155915
2017-12-14,1.1775,1.1812,1.1747,1.1748,1.1748,125567
2017-12-15,1.1775,1.1814,1.1762,1.1775,1.1775,0
2017-12-17,1.1743,1.1834,1.1736,1.1779,1.1779,103519
2017-12-18,1.1781,1.1848,1.1776,1.1838,1.1838,117539
2017-12-19,1.1839,1.1901,1.1828,1.1869,1.1869,116499
2017-12-20,1.1866,1.1889,1.1848,1.187,1.187,105090
2017-12-21,1.1871,1.1875,1.1816,1.1859,1.1859,103889
2017-12-22,1.1852,1.1862,1.1818,1.1857,1.1857,0
2017-12-25,1.1866,1.1878,1.1846,1.1856,1.1856,36639
2017-12-26,1.1853,1.191,1.1853,1.1886,1.1886,95738
2017-12-27,1.1894,1.1959,1.1893,1.194,1.194,84031
2017-12-28,1.1939,1.2025,1.1935,1.2,1.2,89362
2017-12-29,1.194,1.2023,1.1938,1.1942,1.1942,0
2018-01-01,1.2002,1.2081,1.1997,1.2055,1.2055,110228
2018-01-02,1.2056,1.2065,1.2,1.2012,1.2012,103380
2018-01-03,1.2011,1.2088,1.2004,1.2066,1.2066,118537
2018-01-04,1.2064,1.2082,1.202,1.2027,1.2027,112728
2018-01-05,1.2066,1.2085,1.2022,1.2069,1.2069,0
2018-01-07,1.2025,1.2052,1.1955,1.1965,1.1965,96212
2018-01-08,1.1965,1.1975,1.1915,1.1935,1.1935,114587
2018-01-09,1.1934,1.2018,1.1923,1.1945,1.1945,180915
2018-01-10,1.1947,1.2059,1.1928,1.2029,1.2029,175728
2018-01-11,1.203,1.2218,1.203,1.2197,1.2197,221352
2018-01-12,1.2042,1.2156,1.2041,1.2042,1.2042,0
2018-01-14,1.2191,1.2296,1.2187,1.226,1.226,155582
2018-01-15,1.2264,1.2283,1.2194,1.2258,1.2258,188022
2018-01-16,1.2257,1.2323,1.2176,1.2183,1.2183,227162
2018-01-17,1.2183,1.2264,1.2164,1.2236,1.2236,183569
2018-01-18,1.2234,1.2295,1.2214,1.2215,1.2215,185510
2018-01-19,1.2236,1.2295,1.222,1.2237,1.2237,0
2018-01-21,1.2267,1.2271,1.2213,1.2259,1.2259,141207
2018-01-22,1.226,1.2306,1.2222,1.2296,1.2296,172146
2018-01-23,1.2297,1.2415,1.2289,1.2405,1.2405,226769
2018-01-24,1.2407,1.2537,1.2363,1.2395,1.2395,361079
2018-01-25,1.2391,1.2493,1.2368,1.2428,1.2428,281941
2018-01-26,1.2392,1.249,1.2387,1.2392,1.2392,0
2018-01-28,1.2425,1.2432,1.2336,1.238,1.238,211924
2018-01-29,1.238,1.2453,1.2334,1.24,1.24,227634
2018-01-30,1.2401,1.2475,1.2386,1.2412,1.2412,269405
2018-01-31,1.2407,1.2522,1.2384,1.2505,1.2505,239923
2018-02-01,1.2512,1.2518,1.2408,1.2453,1.2453,260940
2018-02-02,1.2513,1.2518,1.2412,1.251,1.251,0
2018-02-04,1.2434,1.2474,1.2362,1.2364,1.2364,252846
2018-02-05,1.2364,1.2434,1.2313,1.2373,1.2373,349668
2018-02-06,1.2372,1.2405,1.2245,1.2261,1.2261,228154
2018-02-07,1.2258,1.2294,1.2211,1.2244,1.2244,300531
2018-02-08,1.2243,1.2287,1.2205,1.2249,1.2249,278225
2018-02-09,1.2261,1.2285,1.2226,1.2261,1.2261,0
2018-02-11,1.2246,1.2297,1.2234,1.2289,1.2289,160619
2018-02-12,1.2286,1.2371,1.2284,1.2348,1.2348,175437
2018-02-13,1.2348,1.2465,1.2275,1.2447,1.2447,243470
2018-02-14,1.2449,1.251,1.2445,1.2503,1.2503,203629
2018-02-15,1.25,1.2555,1.2393,1.2407,1.2407,204759
2018-02-16,1.2507,1.2558,1.2431,1.2504,1.2504,0
2018-02-18,1.24,1.2435,1.2368,1.2405,1.2405,122811
2018-02-19,1.2402,1.2411,1.2319,1.2335,1.2335,181532
2018-02-20,1.2335,1.236,1.228,1.2281,1.2281,213271
2018-02-21,1.2283,1.2352,1.2259,1.2328,1.2328,186015
2018-02-22,1.2325,1.2337,1.2279,1.2292,1.2292,145656
2018-02-23,1.2326,1.2335,1.228,1.2327,1.2327,0
2018-02-25,1.2291,1.2355,1.2277,1.2314,1.2314,148852
2018-02-26,1.2314,1.2346,1.2221,1.2231,1.2231,191137
2018-02-27,1.2231,1.2241,1.2187,1.2192,1.2192,172333
2018-02-28,1.2189,1.2273,1.2153,1.2264,1.2264,216674
2018-03-01,1.2259,1.2335,1.2251,1.2315,1.2315,202666
2018-03-02,1.2271,1.233,1.2253,1.2271,1.2271,0
2018-03-04,1.2332,1.2364,1.2269,1.2333,1.2333,194738
2018-03-05,1.2333,1.242,1.2327,1.2402,1.2402,188753
2018-03-06,1.2404,1.2444,1.2384,1.2408,1.2408,198203
2018-03-07,1.2408,1.2446,1.2297,1.2309,1.2309,225325
2018-03-08,1.2307,1.2334,1.2272,1.2303,1.2303,194243
2018-03-09,1.2308,1.2334,1.2276,1.2307,1.2307,0
2018-03-11,1.2311,1.2345,1.229,1.2333,1.2333,130609
2018-03-12,1.2338,1.2407,1.2314,1.2388,1.2388,173600
2018-03-13,1.2389,1.2412,1.2346,1.2365,1.2365,154307
2018-03-14,1.2363,1.2383,1.2299,1.2302,1.2302,154316
2018-03-15,1.2302,1.2336,1.226,1.2286,1.2286,134485
2018-03-16,1.2308,1.2335,1.2262,1.2309,1.2309,0
2018-03-18,1.2283,1.2358,1.2257,1.2333,1.2333,163227
2018-03-19,1.2333,1.2354,1.2239,1.2239,1.2239,157578
2018-03-20,1.2239,1.235,1.2239,1.2336,1.2336,203169
2018-03-21,1.2338,1.2388,1.2285,1.2299,1.2299,214640
2018-03-22,1.2297,1.2373,1.2297,1.2351,1.2351,189723
2018-03-23,1.2326,1.236,1.232,1.2325,1.2325,0
2018-03-25,1.2347,1.2461,1.2347,1.2446,1.2446,166327
2018-03-26,1.2446,1.2476,1.2371,1.24,1.24,182027
2018-03-27,1.24,1.2421,1.2299,1.2306,1.2306,186555
2018-03-28,1.2307,1.2335,1.2283,1.2298,1.2298,158282
2018-03-29,1.2299,1.233,1.2283,1.2321,1.2321,28533
2018-03-30,1.2303,1.2334,1.2298,1.2303,1.2303,307
2018-04-01,1.2318,1.2345,1.2281,1.2299,1.2299,82895
2018-04-02,1.2301,1.2335,1.2253,1.2267,1.2267,151997
2018-04-03,1.2269,1.2314,1.2256,1.2276,1.2276,144879
2018-04-04,1.2276,1.229,1.2218,1.2238,1.2238,135628
2018-04-05,1.2237,1.229,1.2214,1.2279,1.2279,193081
2018-04-06,1.2251,1.228,1.2218,1.2252,1.2252,524
2018-04-08,1.2283,1.233,1.226,1.2318,1.2318,158299
2018-04-09,1.2316,1.2377,1.2302,1.2354,1.2354,175735
2018-04-10,1.2354,1.2395,1.2346,1.2365,1.2365,160526
2018-04-11,1.2364,1.2379,1.2299,1.2324,1.2324,167148
2018-04-12,1.2324,1.2346,1.2307,1.2328,1.2328,135922
2018-04-13,1.2334,1.2349,1.2309,1.233,1.233,343
2018-04-15,1.2331,1.2394,1.2321,1.2377,1.2377,123549
2018-04-16,1.238,1.2413,1.2335,1.2367,1.2367,134626
2018-04-17,1.2369,1.2397,1.2341,1.2372,1.2372,151779
2018-04-18,1.2372,1.24,1.2329,1.2343,1.2343,172755
2018-04-19,1.2343,1.2352,1.2249,1.2284,1.2284,156455
2018-04-20,1.2344,1.2353,1.2255,1.2346,1.2346,810
2018-04-22,1.227,1.2289,1.2197,1.2205,1.2205,146783
2018-04-23,1.2204,1.2245,1.2181,1.223,1.223,161809
2018-04-24,1.223,1.2238,1.2158,1.2158,1.2158,152218
2018-04-25,1.2159,1.2209,1.2096,1.2101,1.2101,206987
2018-04-26,1.2103,1.2132,1.2055,1.2128,1.2128,157113
2018-04-27,1.2108,1.2117,1.2056,1.211,1.211,523
2018-04-29,1.2121,1.2138,1.2063,1.2077,1.2077,160362
2018-04-30,1.2075,1.2083,1.198,1.199,1.199,136665
2018-05-01,1.1991,1.2031,1.1937,1.1948,1.1948,225142
2018-05-02,1.1949,1.2009,1.1947,1.1987,1.1987,210046
2018-05-03,1.1985,1.1995,1.191,1.1959,1.1959,174486
2018-05-04,1.1989,1.1998,1.1915,1.1989,1.1989,710
2018-05-06,1.1955,1.1978,1.1897,1.192,1.192,119139
2018-05-07,1.1921,1.1938,1.1837,1.1862,1.1862,188563
2018-05-08,1.186,1.1897,1.1822,1.1848,1.1848,170844
2018-05-09,1.1848,1.1946,1.1842,1.1913,1.1913,212602
2018-05-10,1.1913,1.1968,1.1891,1.1938,1.1938,154658
2018-05-11,1.1915,1.1968,1.1893,1.1918,1.1918,642
2018-05-13,1.1941,1.1996,1.1925,1.1925,1.1925,138524
2018-05-14,1.1921,1.1938,1.1819,1.1835,1.1835,198815
2018-05-15,1.1837,1.1854,1.1763,1.1805,1.1805,230151
2018-05-16,1.1805,1.1837,1.1775,1.1793,1.1793,191489
2018-05-17,1.1792,1.1822,1.1749,1.1768,1.1768,157734
2018-05-18,1.1792,1.1822,1.1751,1.1795,1.1795,627
2018-05-20,1.177,1.1795,1.1716,1.1789,1.1789,149902
2018-05-21,1.1786,1.1829,1.1756,1.1776,1.1776,181932
2018-05-22,1.1779,1.1789,1.1675,1.1695,1.1695,260532
2018-05-23,1.1693,1.175,1.169,1.1716,1.1716,214341
2018-05-24,1.172,1.1733,1.1644,1.1645,1.1645,214006
2018-05-25,1.1723,1.1733,1.1648,1.1723,1.1723,742
2018-05-27,1.1684,1.1728,1.1607,1.1622,1.1622,156686
2018-05-28,1.1622,1.1639,1.1509,1.1537,1.1537,303701
2018-05-29,1.1532,1.1676,1.1518,1.1661,1.1661,280863
2018-05-30,1.1658,1.1724,1.164,1.1691,1.1691,247877
2018-05-31,1.1688,1.1717,1.1616,1.1656,1.1656,230929
2018-06-01,1.1693,1.1716,1.163,1.1693,1.1693,750
2018-06-03,1.1656,1.1744,1.1656,1.1696,1.1696,182248
2018-06-04,1.1694,1.1732,1.1652,1.1716,1.1716,202729
2018-06-05,1.171,1.1795,1.171,1.1772,1.1772,189473
2018-06-06,1.1774,1.184,1.1771,1.1796,1.1796,210214
2018-06-07,1.1798,1.181,1.1727,1.1766,1.1766,193303
2018-06-08,1.1794,1.1812,1.1728,1.1795,1.1795,727
2018-06-10,1.1772,1.182,1.177,1.1783,1.1783,141495
2018-06-11,1.178,1.1809,1.1733,1.1742,1.1742,176673
2018-06-12,1.1743,1.1801,1.1724,1.179,1.179,172274
2018-06-13,1.1789,1.185,1.1561,1.1566,1.1566,233852
2018-06-14,1.1567,1.1626,1.1542,1.1606,1.1606,206347
2018-06-15,1.1563,1.1627,1.1545,1.1567,1.1567,719
2018-06-17,1.1585,1.1624,1.1565,1.1619,1.1619,133486
2018-06-18,1.162,1.1644,1.153,1.1586,1.1586,219574
2018-06-19,1.1587,1.16,1.1534,1.1572,1.1572,183497
2018-06-20,1.1569,1.1633,1.1507,1.16,1.16,247339
2018-06-21,1.1602,1.1674,1.1594,1.1653,1.1653,219866
2018-06-22,1.1607,1.1676,1.1602,1.1606,1.1606,656
2018-06-24,1.1662,1.1713,1.1628,1.1701,1.1701,199134
2018-06-25,1.1702,1.172,1.1634,1.1645,1.1645,229567
2018-06-26,1.1644,1.1672,1.1539,1.1553,1.1553,234914
2018-06-27,1.155,1.16,1.1526,1.1566,1.1566,238735
2018-06-28,1.1564,1.169,1.1557,1.1682,1.1682,261704
2018-06-29,1.1564,1.1682,1.1563,1.1563,1.1563,1042
2018-07-01,1.1678,1.1689,1.1591,1.1637,1.1637,159969
2018-07-02,1.1637,1.1673,1.162,1.1657,1.1657,154347
2018-07-03,1.1653,1.1681,1.163,1.1654,1.1654,102518
2018-07-04,1.1655,1.172,1.1649,1.1687,1.1687,170640
2018-07-05,1.1687,1.1767,1.1679,1.1744,1.1744,150317
2018-07-06,1.1694,1.1767,1.1681,1.1696,1.1696,755
2018-07-08,1.1741,1.179,1.1732,1.1749,1.1749,150395
2018-07-09,1.1753,1.1762,1.169,1.1742,1.1742,139915
2018-07-10,1.1741,1.1758,1.1664,1.1671,1.1671,196425
2018-07-11,1.167,1.1695,1.1649,1.1669,1.1669,169260
2018-07-12,1.1668,1.1686,1.1612,1.1683,1.1683,159159
2018-07-13,1.1664,1.1675,1.1615,1.1666,1.1666,541
2018-07-15,1.1688,1.1725,1.1675,1.171,1.171,145299
2018-07-16,1.1708,1.1744,1.1649,1.1659,1.1659,173664
2018-07-17,1.1657,1.1665,1.1601,1.1636,1.1636,176765
2018-07-18,1.1636,1.1677,1.1574,1.1639,1.1639,237148
2018-07-19,1.1641,1.1739,1.1625,1.172,1.172,262337
2018-07-20,1.1655,1.1722,1.1628,1.1655,1.1655,825
2018-07-22,1.1725,1.175,1.1683,1.1691,1.1691,158775
2018-07-23,1.1689,1.1716,1.1654,1.168,1.168,174068
2018-07-24,1.168,1.1738,1.1664,1.1725,1.1725,182682
2018-07-25,1.173,1.1743,1.164,1.164,1.164,178758
2018-07-26,1.1638,1.1664,1.162,1.1654,1.1654,152242
2018-07-27,1.1645,1.1663,1.1624,1.1643,1.1643,358
2018-07-29,1.1655,1.1718,1.1647,1.1703,1.1703,111386
2018-07-30,1.1703,1.1746,1.168,1.1687,1.1687,160907
2018-07-31,1.169,1.1699,1.1657,1.1658,1.1658,149029
2018-08-01,1.1656,1.1667,1.1581,1.1583,1.1583,150061
2018-08-02,1.1586,1.161,1.1559,1.1566,1.1566,164139
2018-08-03,1.1586,1.1612,1.1562,1.1586,1.1586,448
2018-08-05,1.1567,1.157,1.153,1.1553,1.1553,110303
2018-08-06,1.1553,1.1608,1.1548,1.1597,1.1597,116107
2018-08-07,1.1598,1.1628,1.1572,1.161,1.161,113129
2018-08-08,1.161,1.1619,1.1525,1.1526,1.1526,112452
2018-08-09,1.1526,1.1536,1.1387,1.1409,1.1409,253006
2018-08-10,1.1529,1.1539,1.1396,1.1524,1.1524,1260
2018-08-12,1.1369,1.1432,1.1365,1.1408,1.1408,211771
2018-08-13,1.1409,1.1429,1.1329,1.1343,1.1343,172468
2018-08-14,1.1345,1.1355,1.13,1.1345,1.1345,181222
2018-08-15,1.1345,1.1409,1.1335,1.1375,1.1375,186188
2018-08-16,1.1374,1.1445,1.1366,1.1436,1.1436,162455
2018-08-17,1.1372,1.1422,1.1367,1.1371,1.1371,498
2018-08-19,1.1437,1.1484,1.1394,1.1481,1.1481,127369
2018-08-20,1.148,1.1601,1.1478,1.157,1.157,181302
2018-08-21,1.157,1.1623,1.1552,1.1595,1.1595,158624
2018-08-22,1.1593,1.1599,1.1529,1.1539,1.1539,151541
2018-08-23,1.1535,1.1639,1.1534,1.1619,1.1619,158083
2018-08-24,1.1543,1.1637,1.1539,1.1543,1.1543,859
2018-08-26,1.1613,1.1693,1.1594,1.1677,1.1677,129696
2018-08-27,1.1677,1.1733,1.1662,1.1693,1.1693,153911
2018-08-28,1.1694,1.171,1.1651,1.1707,1.1707,167333
2018-08-29,1.1704,1.1718,1.1641,1.1668,1.1668,169091
2018-08-30,1.1664,1.169,1.1584,1.1599,1.1599,181610
2018-08-31,1.1666,1.1689,1.1597,1.1665,1.1665,813
2018-09-02,1.1596,1.1628,1.1588,1.1616,1.1616,101814
2018-09-03,1.1617,1.1618,1.1529,1.158,1.158,154763
2018-09-04,1.158,1.164,1.1541,1.1629,1.1629,171956
2018-09-05,1.163,1.1659,1.1605,1.1621,1.1621,161522
2018-09-06,1.162,1.1649,1.155,1.1552,1.1552,177009
2018-09-07,1.1624,1.1651,1.1564,1.162,1.162,766
2018-09-09,1.1545,1.1616,1.1525,1.1592,1.1592,117542
2018-09-10,1.1593,1.1644,1.1564,1.1603,1.1603,129055
2018-09-11,1.1603,1.1649,1.1569,1.1624,1.1624,137652
2018-09-12,1.1625,1.1701,1.1608,1.169,1.169,135315
2018-09-13,1.1689,1.1721,1.1619,1.1622,1.1622,125409
2018-09-14,1.169,1.1721,1.1656,1.1692,1.1692,579
2018-09-16,1.1623,1.1698,1.1617,1.1681,1.1681,105058
2018-09-17,1.1682,1.1724,1.1651,1.1666,1.1666,155007
2018-09-18,1.1662,1.1715,1.1649,1.1672,1.1672,139453
2018-09-19,1.1672,1.1784,1.1668,1.1777,1.1777,159764
2018-09-20,1.1777,1.1802,1.1732,1.1745,1.1745,152617
2018-09-21,1.1776,1.1802,1.1736,1.1776,1.1776,578
2018-09-23,1.1742,1.1815,1.1723,1.1745,1.1745,125476
2018-09-24,1.1748,1.1792,1.173,1.1765,1.1765,137517
2018-09-25,1.1764,1.1798,1.1725,1.1739,1.1739,160972
2018-09-26,1.1736,1.1757,1.1638,1.164,1.164,188218
2018-09-27,1.164,1.1651,1.1569,1.1601,1.1601,165994
2018-09-28,1.1637,1.1653,1.1571,1.1637,1.1637,727
2018-09-30,1.1617,1.1624,1.1563,1.1577,1.1577,135477
2018-10-01,1.1578,1.158,1.1504,1.1547,1.1547,152349
2018-10-02,1.1545,1.1593,1.1463,1.1476,1.1476,184437
2018-10-03,1.1471,1.1542,1.1463,1.1514,1.1514,182991
2018-10-04,1.1514,1.1549,1.1483,1.1519,1.1519,181008
2018-10-05,1.1518,1.1543,1.1488,1.1518,1.1518,493
2018-10-07,1.152,1.1529,1.1459,1.149,1.149,119128
2018-10-08,1.1486,1.1503,1.1431,1.149,1.149,192852
2018-10-09,1.1488,1.1545,1.1479,1.1517,1.1517,185538
2018-10-10,1.152,1.1599,1.1517,1.1592,1.1592,261300
2018-10-11,1.1584,1.161,1.1533,1.1556,1.1556,176668
2018-10-12,1.159,1.161,1.1537,1.159,1.159,644
2018-10-14,1.1537,1.1606,1.1537,1.1578,1.1578,154058
2018-10-15,1.1579,1.1621,1.1565,1.1573,1.1573,152019
2018-10-16,1.1571,1.158,1.1496,1.15,1.15,182763
2018-10-17,1.15,1.1527,1.1448,1.145,1.145,196930
2018-10-18,1.1451,1.1534,1.1432,1.1511,1.1511,196996
2018-10-19,1.1455,1.1515,1.1434,1.146,1.146,721
2018-10-21,1.1514,1.155,1.1455,1.1463,1.1463,163651
2018-10-22,1.1463,1.1489,1.1439,1.1469,1.1469,191852
2018-10-23,1.1471,1.1476,1.1378,1.1391,1.1391,217592
2018-10-24,1.1392,1.1432,1.1356,1.1374,1.1374,193031
2018-10-25,1.1371,1.142,1.1335,1.14,1.14,211910
2018-10-26,1.1375,1.1399,1.1336,1.1378,1.1378,566
2018-10-28,1.139,1.1416,1.136,1.1372,1.1372,183807
2018-10-29,1.1372,1.1388,1.134,1.1344,1.1344,165317
2018-10-30,1.1341,1.136,1.1301,1.1309,1.1309,183109
2018-10-31,1.1309,1.1424,1.1306,1.1407,1.1407,202457
2018-11-01,1.1406,1.1455,1.1372,1.1384,1.1384,212971
2018-11-02,1.1403,1.1455,1.1376,1.1403,1.1403,0
2018-11-04,1.1384,1.1423,1.1352,1.1406,1.1406,155785
2018-11-05,1.1406,1.1438,1.1391,1.1425,1.1425,164555
2018-11-06,1.1426,1.1499,1.1393,1.1425,1.1425,250564
2018-11-07,1.1425,1.1446,1.1351,1.1362,1.1362,206742
2018-11-08,1.1362,1.1369,1.1316,1.133,1.133,197274
2018-11-09,1.1369,1.1369,1.1325,1.1368,1.1368,0
2018-11-11,1.1318,1.133,1.1214,1.1217,1.1217,191962
2018-11-12,1.1218,1.1293,1.1215,1.1289,1.1289,243638
2018-11-13,1.1286,1.1347,1.1262,1.1308,1.1308,262595
2018-11-14,1.1306,1.1362,1.127,1.1327,1.1327,278862
2018-11-15,1.1322,1.142,1.1321,1.1417,1.1417,213519
2018-11-16,1.1325,1.1414,1.1323,1.1325,1.1325,0
2018-11-18,1.1412,1.1464,1.1393,1.1452,1.1452,140669
2018-11-19,1.1452,1.1472,1.1358,1.1369,1.1369,174407
2018-11-20,1.1361,1.1424,1.1361,1.1385,1.1385,159836
2018-11-21,1.138,1.1433,1.1377,1.1401,1.1401,105063
2018-11-22,1.1401,1.1421,1.1326,1.1331,1.1331,137437
2018-11-23,1.1403,1.1419,1.1332,1.1403,1.1403,0
2018-11-25,1.1338,1.1383,1.1324,1.1327,1.1327,148318
2018-11-26,1.1325,1.1343,1.1277,1.1291,1.1291,182406
2018-11-27,1.1286,1.1387,1.1266,1.1366,1.1366,185212
2018-11-28,1.1368,1.1401,1.1348,1.1391,1.1391,171850
2018-11-29,1.1382,1.14,1.1304,1.1313,1.1313,162146
2018-11-30,1.1393,1.1401,1.1315,1.1393,1.1393,0
2018-12-02,1.1349,1.1379,1.1318,1.1352,1.1352,146365
2018-12-03,1.1351,1.1418,1.1318,1.1342,1.1342,201906
2018-12-04,1.134,1.1361,1.131,1.1344,1.1344,109685
2018-12-05,1.1343,1.1412,1.1321,1.1373,1.1373,228538
2018-12-06,1.1367,1.1423,1.136,1.1374,1.1374,193437
2018-12-07,1.1377,1.1411,1.1361,1.1375,1.1375,0
2018-12-09,1.139,1.1442,1.135,1.1353,1.1353,208020
2018-12-10,1.1353,1.14,1.1306,1.1317,1.1317,184240
2018-12-11,1.1315,1.1386,1.1314,1.1368,1.1368,196330
2018-12-12,1.1369,1.1393,1.133,1.1355,1.1355,180687
2018-12-13,1.136,1.1364,1.1269,1.13,1.13,166949
2018-12-14,1.1363,1.1366,1.1271,1.1364,1.1364,0
2018-12-16,1.1299,1.1357,1.1294,1.1347,1.1347,149575
2018-12-17,1.1347,1.1402,1.1336,1.1361,1.1361,161828
2018-12-18,1.1363,1.1439,1.136,1.1375,1.1375,201581
2018-12-19,1.1373,1.1485,1.1365,1.1444,1.1444,232165
2018-12-20,1.1445,1.1473,1.1355,1.1366,1.1366,201950
2018-12-21,1.1458,1.1474,1.1388,1.1457,1.1457,0
2018-12-23,1.1369,1.1438,1.1358,1.1401,1.1401,129975
2018-12-24,1.1372,1.1438,1.1372,1.1373,1.1373,0
2018-12-25,1.1401,1.1419,1.1342,1.135,1.135,93744
2018-12-26,1.1352,1.1454,1.135,1.1429,1.1429,235251
2018-12-27,1.1427,1.1472,1.1426,1.1439,1.1439,187400
2018-12-28,1.1431,1.1473,1.1431,1.1431,1.1431,0
2018-12-30,1.1431,1.1466,1.1421,1.1461,1.1461,127650
2018-12-31,1.1439,1.1466,1.1422,1.144,1.144,0
2019-01-01,1.1461,1.1497,1.1324,1.1339,1.1339,203974
2019-01-02,1.1341,1.1411,1.1305,1.1393,1.1393,249340
2019-01-03,1.1392,1.1419,1.1345,1.1391,1.1391,206911
2019-01-04,1.1391,1.1418,1.1348,1.1391,1.1391,0
2019-01-06,1.1394,1.1482,1.1393,1.1474,1.1474,152659
2019-01-07,1.1472,1.1484,1.1421,1.144,1.144,152908
2019-01-08,1.144,1.1555,1.1433,1.1542,1.1542,222001
2019-01-09,1.154,1.157,1.1484,1.1499,1.1499,189841
2019-01-10,1.1499,1.154,1.1457,1.1463,1.1463,177589
2019-01-11,1.1515,1.1539,1.146,1.151,1.151,0
2019-01-13,1.1457,1.1482,1.145,1.1468,1.1468,155602
2019-01-14,1.1467,1.1489,1.1381,1.141,1.141,206701
2019-01-15,1.141,1.1425,1.1377,1.139,1.139,160597
2019-01-16,1.1392,1.1405,1.137,1.1387,1.1387,165086
2019-01-17,1.1387,1.141,1.1352,1.1359,1.1359,145316
2019-01-18,1.1392,1.141,1.1354,1.1393,1.1393,0
2019-01-20,1.1357,1.139,1.1356,1.1364,1.1364,88567
2019-01-21,1.1364,1.1373,1.1335,1.1359,1.1359,133081
2019-01-22,1.136,1.1394,1.135,1.138,1.138,140966
2019-01-23,1.138,1.1391,1.1289,1.1303,1.1303,207871
2019-01-24,1.1299,1.1417,1.1298,1.14,1.14,184958
2019-01-25,1.131,1.1412,1.1306,1.1313,1.1313,0
2019-01-27,1.1398,1.1443,1.139,1.1426,1.1426,133552
2019-01-28,1.1426,1.1449,1.141,1.1431,1.1431,173147
2019-01-29,1.143,1.1501,1.1406,1.1479,1.1479,147076
2019-01-30,1.1479,1.1514,1.1433,1.1446,1.1446,97341
2019-01-31,1.1445,1.1488,1.1434,1.1451,1.1451,82111
2019-02-01,1.1451,1.1488,1.1435,1.145,1.145,0
2019-02-03,1.1449,1.146,1.1424,1.1435,1.1435,62800
2019-02-04,1.1435,1.144,1.1399,1.1399,1.1399,62024
2019-02-05,1.1402,1.1409,1.136,1.1361,1.1361,57950
2019-02-06,1.1361,1.1368,1.1323,1.1334,1.1334,63335
2019-02-07,1.1338,1.135,1.1317,1.1317,1.1317,53038
2019-02-08,1.134,1.1351,1.1322,1.1339,1.1339,0
2019-02-10,1.1318,1.1329,1.1267,1.1275,1.1275,56128
2019-02-11,1.1274,1.1339,1.1257,1.1324,1.1324,56379
2019-02-12,1.1324,1.1341,1.1259,1.126,1.126,60751
2019-02-13,1.1258,1.1309,1.1248,1.1294,1.1294,78233
2019-02-14,1.1294,1.1306,1.1234,1.129,1.129,68547
2019-02-15,1.1295,1.1298,1.1235,1.1295,1.1295,0
2019-02-17,1.1291,1.1333,1.1288,1.1308,1.1308,37214
2019-02-18,1.1309,1.1357,1.1275,1.1337,1.1337,70987
2019-02-19,1.1339,1.1371,1.1324,1.1336,1.1336,69886
2019-02-20,1.1335,1.1366,1.1317,1.1332,1.1332,81235
2019-02-21,1.1334,1.1355,1.1315,1.1329,1.1329,60854
2019-02-22,1.134,1.1356,1.1319,1.1343,1.1343,0
2019-02-24,1.1332,1.1367,1.1324,1.1356,1.1356,58215
2019-02-25,1.1356,1.1402,1.1345,1.1388,1.1388,69608
2019-02-26,1.1388,1.1403,1.1361,1.1369,1.1369,68275
2019-02-27,1.1364,1.1419,1.1359,1.137,1.137,81940
2019-02-28,1.137,1.1408,1.1353,1.1361,1.1361,69738
2019-03-01,1.1373,1.1409,1.1354,1.1373,1.1373,0
2019-03-03,1.1381,1.1381,1.1308,1.1339,1.1339,63819
2019-03-04,1.1339,1.1339,1.1289,1.1307,1.1307,63821
2019-03-05,1.1306,1.1324,1.1285,1.1305,1.1305,57924
2019-03-06,1.1306,1.132,1.1174,1.1193,1.1193,90191
2019-03-07,1.1192,1.1245,1.1185,1.123,1.123,78140
2019-03-08,1.1202,1.1245,1.1186,1.1198,1.1198,0
2019-03-10,1.1229,1.1258,1.1221,1.1244,1.1244,61113
2019-03-11,1.1244,1.1304,1.1243,1.1285,1.1285,81582
2019-03-12,1.1284,1.1338,1.1277,1.1326,1.1326,62639
2019-03-13,1.1326,1.1337,1.1294,1.1302,1.1302,71341
2019-03-14,1.1301,1.1344,1.1296,1.1323,1.1323,56925
2019-03-15,1.1308,1.1343,1.1302,1.1308,1.1308,0
2019-03-17,1.1318,1.1358,1.1318,1.1339,1.1339,48936
2019-03-18,1.1332,1.1361,1.1332,1.135,1.135,49639
2019-03-19,1.1348,1.1448,1.1335,1.1412,1.1412,74482
2019-03-20,1.1412,1.1437,1.1342,1.1375,1.1375,77592
2019-03-21,1.1372,1.139,1.1273,1.1298,1.1298,88311
2019-03-22,1.1374,1.1392,1.1276,1.1375,1.1375,0
2019-03-24,1.1288,1.1331,1.1285,1.1311,1.1311,62871
2019-03-25,1.131,1.1325,1.1263,1.1265,1.1265,63995
2019-03-26,1.1264,1.1285,1.1242,1.1243,1.1243,84715
2019-03-27,1.1244,1.1261,1.1213,1.1223,1.1223,77675
2019-03-28,1.1218,1.1246,1.1209,1.1216,1.1216,75447
2019-03-29,1.123,1.1246,1.1211,1.123,1.123,0
2019-03-31,1.1225,1.1249,1.1203,1.1211,1.1211,65119
2019-04-01,1.1211,1.1215,1.1183,1.1204,1.1204,57420
2019-04-02,1.1204,1.1254,1.1198,1.1232,1.1232,56673
2019-04-03,1.1232,1.1247,1.1206,1.122,1.122,49650
2019-04-04,1.1219,1.1243,1.121,1.1212,1.1212,46706
2019-04-05,1.1225,1.1242,1.1212,1.1226,1.1226,285
2019-04-07,1.1214,1.1274,1.121,1.1256,1.1256,41823
2019-04-08,1.1259,1.1284,1.1254,1.1262,1.1262,48809
2019-04-09,1.1262,1.1286,1.1229,1.1273,1.1273,59821
2019-04-10,1.1273,1.1287,1.1249,1.1249,1.1249,47845
2019-04-11,1.1251,1.1323,1.125,1.1294,1.1294,51377
2019-04-12,1.1259,1.1325,1.1258,1.1261,1.1261,608
2019-04-14,1.13,1.132,1.1297,1.13,1.13,42505
2019-04-15,1.1303,1.1313,1.1279,1.1279,1.1279,60168
2019-04-16,1.1281,1.1323,1.1278,1.1296,1.1296,52239
2019-04-17,1.1293,1.1304,1.1226,1.1228,1.1228,65449
2019-04-18,1.1228,1.1247,1.1225,1.124,1.124,7931
2019-04-19,1.1236,1.1251,1.1233,1.1236,1.1236,179
2019-04-21,1.124,1.1261,1.1235,1.1256,1.1256,19350
2019-04-22,1.1256,1.1261,1.1192,1.1226,1.1226,52595
2019-04-23,1.1225,1.1225,1.114,1.1149,1.1149,71105
2019-04-24,1.1149,1.1162,1.1117,1.1127,1.1127,62274
2019-04-25,1.1127,1.1173,1.1109,1.1142,1.1142,68202
2019-04-26,1.1137,1.1173,1.1123,1.1137,1.1137,465
2019-04-28,1.1142,1.1186,1.1142,1.1184,1.1184,40931
2019-04-29,1.1184,1.1229,1.1175,1.1214,1.1214,62128
2019-04-30,1.1214,1.1264,1.1187,1.1194,1.1194,61167
2019-05-01,1.1195,1.1218,1.117,1.1171,1.1171,60142
2019-05-02,1.117,1.1204,1.1135,1.1196,1.1196,68699
2019-05-03,1.1173,1.1201,1.1141,1.1174,1.1174,550
2019-05-05,1.1169,1.1209,1.1165,1.1198,1.1198,51530
2019-05-06,1.1196,1.1217,1.1166,1.1191,1.1191,63076
2019-05-07,1.1189,1.1213,1.1182,1.119,1.119,71766
2019-05-08,1.119,1.125,1.1173,1.1211,1.1211,83134
2019-05-09,1.1212,1.1253,1.1209,1.123,1.123,67698
2019-05-10,1.1219,1.1252,1.1219,1.1222,1.1222,320
2019-05-12,1.1231,1.1263,1.1219,1.1221,1.1221,60970
2019-05-13,1.1221,1.1243,1.1201,1.1203,1.1203,51990
2019-05-14,1.1203,1.1224,1.1177,1.12,1.12,61135
2019-05-15,1.12,1.1224,1.1166,1.1173,1.1173,48770
2019-05-16,1.1171,1.1184,1.1155,1.1155,1.1155,57247
2019-05-17,1.1175,1.1184,1.1157,1.1174,1.1174,261
2019-05-19,1.1157,1.1174,1.115,1.1164,1.1164,41608
2019-05-20,1.1164,1.1187,1.1141,1.1159,1.1159,54435
2019-05-21,1.1157,1.118,1.1148,1.115,1.115,44534
2019-05-22,1.115,1.1187,1.1106,1.1181,1.1181,66884
2019-05-23,1.1179,1.1212,1.1169,1.1199,1.1199,49776
2019-05-24,1.1184,1.1212,1.1178,1.1185,1.1185,322
2019-05-26,1.1209,1.1215,1.1186,1.1191,1.1191,22235
2019-05-27,1.119,1.1198,1.1159,1.1159,1.1159,52583
2019-05-28,1.116,1.1172,1.1124,1.113,1.113,57904
2019-05-29,1.1131,1.1143,1.1115,1.1128,1.1128,44891
2019-05-30,1.1128,1.1179,1.1125,1.1168,1.1168,74129
2019-05-31,1.113,1.1179,1.1127,1.1131,1.1131,492
2019-06-02,1.1161,1.1261,1.1157,1.1241,1.1241,74125
2019-06-03,1.1241,1.1277,1.1226,1.1251,1.1251,79683
2019-06-04,1.125,1.1306,1.1219,1.122,1.122,91771
2019-06-05,1.1221,1.1308,1.1197,1.1275,1.1275,93684
2019-06-06,1.1275,1.1347,1.1251,1.1329,1.1329,79521
2019-06-07,1.1276,1.1348,1.1253,1.1277,1.1277,857
2019-06-09,1.1316,1.133,1.129,1.1311,1.1311,49917
2019-06-10,1.1311,1.1337,1.1301,1.1325,1.1325,64211
2019-06-11,1.1325,1.1343,1.1282,1.1287,1.1287,65987
2019-06-12,1.1286,1.1303,1.1268,1.1276,1.1276,56011
2019-06-13,1.1276,1.1289,1.1202,1.1205,1.1205,68008
2019-06-14,1.128,1.1291,1.1215,1.128,1.128,688
2019-06-16,1.1208,1.1246,1.1203,1.1217,1.1217,44957
2019-06-17,1.1217,1.1242,1.1181,1.1193,1.1193,88665
2019-06-18,1.1192,1.1253,1.1187,1.1225,1.1225,82493
2019-06-19,1.1225,1.1317,1.1225,1.1291,1.1291,93527
2019-06-20,1.129,1.1377,1.1283,1.1367,1.1367,88800
2019-06-21,1.1293,1.1333,1.1284,1.1296,1.1296,459
2019-06-23,1.1369,1.1404,1.1364,1.1398,1.1398,60826
2019-06-24,1.1397,1.1412,1.1344,1.1365,1.1365,91724
2019-06-25,1.1365,1.1391,1.1346,1.1367,1.1367,74520
2019-06-26,1.1367,1.1381,1.1347,1.1369,1.1369,65963
2019-06-27,1.1367,1.1393,1.135,1.1367,1.1367,65664
2019-06-28,1.1371,1.1393,1.1361,1.1373,1.1373,301
2019-06-30,1.1358,1.137,1.1281,1.1285,1.1285,72787
2019-07-01,1.1285,1.132,1.1275,1.1285,1.1285,60276
2019-07-02,1.1285,1.1311,1.1268,1.1276,1.1276,56913
2019-07-03,1.1276,1.1295,1.1273,1.1283,1.1283,24101
2019-07-04,1.1281,1.1287,1.1207,1.1221,1.1221,60404
2019-07-05,1.1286,1.1288,1.1208,1.1286,1.1286,726
2019-07-07,1.1221,1.1234,1.1207,1.1214,1.1214,40236
2019-07-08,1.1214,1.1218,1.1193,1.1207,1.1207,42432
2019-07-09,1.1207,1.1264,1.1201,1.125,1.125,66500
2019-07-10,1.125,1.1285,1.1244,1.125,1.125,64896
2019-07-11,1.125,1.1274,1.1238,1.1268,1.1268,52755
2019-07-12,1.125,1.1278,1.124,1.1252,1.1252,359
2019-07-14,1.1266,1.1283,1.1252,1.1257,1.1257,39662
2019-07-15,1.1257,1.1263,1.1201,1.1209,1.1209,49955
2019-07-16,1.121,1.1233,1.1199,1.1223,1.1223,40670
2019-07-17,1.1223,1.128,1.1205,1.1275,1.1275,69624
2019-07-18,1.1275,1.1281,1.1203,1.1218,1.1218,65142
2019-07-19,1.1262,1.1271,1.1215,1.1262,1.1262,520
2019-07-21,1.1215,1.1225,1.1205,1.1208,1.1208,41960
2019-07-22,1.1208,1.1209,1.1145,1.1151,1.1151,49759
2019-07-23,1.1151,1.1155,1.1126,1.1135,1.1135,56492
2019-07-24,1.1139,1.1187,1.1101,1.1146,1.1146,99662
2019-07-25,1.1145,1.115,1.1111,1.1123,1.1123,55843
2019-07-26,1.1145,1.1153,1.1116,1.1146,1.1146,356
2019-07-28,1.1123,1.115,1.1112,1.1144,1.1144,41577
2019-07-29,1.1144,1.1161,1.1132,1.1155,1.1155,54018
2019-07-30,1.1154,1.1162,1.106,1.1076,1.1076,94992
2019-07-31,1.1075,1.1095,1.1026,1.1084,1.1084,115146
2019-08-01,1.1079,1.1116,1.1069,1.1105,1.1105,116463
2019-08-02,1.1082,1.1114,1.1071,1.1079,1.1079,410
2019-08-04,1.11,1.1213,1.11,1.1202,1.1202,101524
2019-08-05,1.1203,1.1249,1.1167,1.1199,1.1199,94600
2019-08-06,1.1199,1.1241,1.1178,1.1198,1.1198,115979
2019-08-07,1.1195,1.1227,1.1176,1.1178,1.1178,86646
2019-08-08,1.1179,1.1223,1.1176,1.1195,1.1195,67299
2019-08-09,1.1187,1.122,1.1184,1.1187,1.1187,338
2019-08-11,1.1196,1.123,1.1161,1.1213,1.1213,66916
2019-08-12,1.1212,1.1228,1.1169,1.1169,1.1169,99037
2019-08-13,1.117,1.119,1.113,1.1134,1.1134,81190
2019-08-14,1.1137,1.1158,1.1091,1.1107,1.1107,102022
2019-08-15,1.1103,1.1112,1.1066,1.1088,1.1088,67960
2019-08-16,1.1111,1.1114,1.1068,1.1114,1.1114,434
2019-08-18,1.109,1.1113,1.1076,1.1077,1.1077,49819
2019-08-19,1.1077,1.1106,1.1065,1.11,1.11,55019
2019-08-20,1.1098,1.1107,1.1076,1.1084,1.1084,45638
2019-08-21,1.1084,1.1113,1.1063,1.1079,1.1079,67445
2019-08-22,1.1078,1.1153,1.1048,1.1138,1.1138,96996
2019-08-23,1.1083,1.1149,1.1053,1.1084,1.1084,881
2019-08-25,1.115,1.1163,1.1094,1.1094,1.1094,112719
2019-08-26,1.1099,1.1115,1.1085,1.1089,1.1089,75941
2019-08-27,1.1089,1.1097,1.1073,1.1077,1.1077,66011
2019-08-28,1.1077,1.1091,1.1041,1.1056,1.1056,71390
2019-08-29,1.1056,1.106,1.0962,1.0986,1.0986,76446
2019-08-30,1.106,1.1062,1.0987,1.1062,1.1062,695
2019-09-01,1.0987,1.0996,1.0957,1.0965,1.0965,38699
2019-09-02,1.0965,1.0978,1.0924,1.0972,1.0972,77583
2019-09-03,1.0972,1.1038,1.0968,1.1034,1.1034,67029
2019-09-04,1.1034,1.1084,1.1016,1.1034,1.1034,76000
2019-09-05,1.1034,1.1057,1.102,1.1023,1.1023,72224
2019-09-06,1.1036,1.1057,1.1021,1.1036,1.1036,347
2019-09-08,1.1022,1.1068,1.1015,1.1046,1.1046,56694
2019-09-09,1.1046,1.1059,1.103,1.1042,1.1042,56628
2019-09-10,1.1043,1.1055,1.0985,1.1006,1.1006,55055
2019-09-11,1.1009,1.1087,1.0926,1.1063,1.1063,126716
2019-09-12,1.1063,1.1109,1.1055,1.1069,1.1069,73884
2019-09-13,1.1058,1.1109,1.1058,1.1058,1.1058,482
2019-09-15,1.1073,1.1086,1.0992,1.0998,1.0998,71160
2019-09-16,1.0996,1.1074,1.099,1.1071,1.1071,75789
2019-09-17,1.107,1.1075,1.1013,1.1029,1.1029,75883
2019-09-18,1.1027,1.1073,1.1022,1.104,1.104,73485
2019-09-19,1.104,1.1067,1.0996,1.1013,1.1013,68949
2019-09-20,1.1046,1.1069,1.0999,1.1049,1.1049,654
2019-09-22,1.1014,1.1025,1.0966,1.0992,1.0992,70843
2019-09-23,1.0993,1.1024,1.0983,1.1019,1.1019,71068
2019-09-24,1.1017,1.102,1.0937,1.0939,1.0939,71227
2019-09-25,1.0941,1.0967,1.0908,1.0919,1.0919,71589
2019-09-26,1.0918,1.0958,1.0904,1.0935,1.0935,67177
2019-09-27,1.0923,1.0958,1.0906,1.0923,1.0923,499
2019-09-29,1.094,1.0947,1.0884,1.0897,1.0897,56421
2019-09-30,1.0898,1.0942,1.0879,1.0927,1.0927,71305
2019-10-01,1.0931,1.0963,1.0904,1.0959,1.0959,65099
2019-10-02,1.0959,1.0999,1.094,1.0962,1.0962,78104
2019-10-03,1.0963,1.0995,1.0957,1.0973,1.0973,70870
2019-10-04,1.0975,1.0992,1.0959,1.0975,1.0975,321
2019-10-06,1.0979,1.1,1.0961,1.097,1.097,51983
2019-10-07,1.097,1.0996,1.094,1.0952,1.0952,72427
2019-10-08,1.0952,1.099,1.0948,1.0966,1.0966,53283
2019-10-09,1.097,1.1033,1.0969,1.1001,1.1001,85320
2019-10-10,1.1001,1.1062,1.1,1.1033,1.1033,100537
2019-10-11,1.1034,1.1034,1.1034,1.1034,1.1034,1
2019-10-13,1.1029,1.1042,1.1012,1.1025,1.1025,50721
2019-10-14,1.1024,1.1046,1.0991,1.1031,1.1031,85016
2019-10-15,1.103,1.1085,1.1021,1.1071,1.1071,90462
2019-10-16,1.1071,1.1139,1.1065,1.112,1.112,88261
2019-10-17,1.1123,1.1171,1.1114,1.1166,1.1166,58011
2019-10-18,1.1127,1.1162,1.1115,1.1127,1.1127,440
2019-10-20,1.1157,1.1179,1.1138,1.1149,1.1149,50071
2019-10-21,1.1148,1.1156,1.1117,1.1124,1.1124,58328
2019-10-22,1.1124,1.1139,1.1106,1.1129,1.1129,45717
2019-10-23,1.1129,1.1162,1.1093,1.1104,1.1104,64872
2019-10-24,1.1102,1.1123,1.1073,1.1076,1.1076,39905
2019-10-25,1.1104,1.1126,1.1081,1.1104,1.1104,428
2019-10-27,1.1079,1.1106,1.1073,1.1099,1.1099,36819
2019-10-28,1.1098,1.1118,1.1073,1.1106,1.1106,45641
2019-10-29,1.1111,1.1151,1.1079,1.1149,1.1149,70767
2019-10-30,1.1149,1.1175,1.1131,1.1146,1.1146,71755
2019-10-31,1.1148,1.1171,1.1128,1.1164,1.1164,57915
2019-11-01,1.1156,1.1174,1.1131,1.1157,1.1157,0
2019-11-03,1.1167,1.1175,1.1124,1.1127,1.1127,46494
2019-11-04,1.1127,1.114,1.1063,1.107,1.107,60926
2019-11-05,1.1074,1.1092,1.1064,1.1066,1.1066,46621
2019-11-06,1.1066,1.1091,1.1035,1.1049,1.1049,69028
2019-11-07,1.1048,1.1055,1.1015,1.1015,1.1015,46822
2019-11-08,1.1035,1.1038,1.1018,1.102,1.102,0
2019-11-10,1.1022,1.1043,1.1015,1.1033,1.1033,31994
2019-11-11,1.1033,1.1038,1.1002,1.1008,1.1008,44108
2019-11-12,1.1008,1.102,1.0995,1.1005,1.1005,46795
2019-11-13,1.1001,1.1027,1.0989,1.1019,1.1019,44539
2019-11-14,1.102,1.1056,1.1014,1.1048,1.1048,36153
2019-11-15,1.1023,1.1056,1.1015,1.102,1.102,0
2019-11-17,1.1048,1.1089,1.1046,1.1068,1.1068,39113
2019-11-18,1.1071,1.1083,1.1062,1.1078,1.1078,34391
2019-11-19,1.1077,1.1081,1.1052,1.1072,1.1072,47213
2019-11-20,1.1071,1.1097,1.1052,1.1058,1.1058,44356
2019-11-21,1.1057,1.1086,1.1014,1.1016,1.1016,49441
2019-11-22,1.1066,1.1079,1.1029,1.1066,1.1066,0
2019-11-24,1.1016,1.1032,1.1003,1.1007,1.1007,40379
2019-11-25,1.1011,1.1025,1.1006,1.1021,1.1021,40476
2019-11-26,1.102,1.1023,1.0992,1.0998,1.0998,40904
2019-11-27,1.0999,1.1018,1.0996,1.1006,1.1006,23875
2019-11-28,1.1005,1.1028,1.0981,1.1016,1.1016,36521
2019-11-29,1.1011,1.1027,1.0983,1.1012,1.1012,0
2019-12-01,1.1023,1.1089,1.1002,1.1078,1.1078,47505
2019-12-02,1.1078,1.1093,1.1065,1.1081,1.1081,44584
2019-12-03,1.1081,1.1116,1.1066,1.1072,1.1072,53538
2019-12-04,1.1077,1.1108,1.1076,1.1103,1.1103,38948
2019-12-05,1.1103,1.1109,1.1039,1.1055,1.1055,41356
2019-12-06,1.1104,1.1112,1.1042,1.1105,1.1105,0
2019-12-08,1.1058,1.1077,1.1052,1.1063,1.1063,30232
2019-12-09,1.1063,1.1097,1.1062,1.1089,1.1089,37460
2019-12-10,1.1089,1.1144,1.107,1.1128,1.1128,49002
2019-12-11,1.1129,1.1154,1.1102,1.1126,1.1126,68133
2019-12-12,1.1125,1.1199,1.1111,1.1117,1.1117,94724
2019-12-13,1.1183,1.1187,1.1119,1.1186,1.1186,0
2019-12-15,1.1126,1.1158,1.1122,1.1143,1.1143,42346
2019-12-16,1.1141,1.1174,1.1129,1.1145,1.1145,48156
2019-12-17,1.1145,1.1154,1.111,1.1113,1.1113,41655
2019-12-18,1.1111,1.1144,1.1107,1.1118,1.1118,47156
2019-12-19,1.1119,1.1124,1.1066,1.1072,1.1072,38960
2019-12-20,1.1124,1.1126,1.1074,1.1126,1.1126,0
2019-12-22,1.1079,1.1095,1.1069,1.1088,1.1088,35978
2019-12-23,1.1088,1.1093,1.1068,1.1086,1.1086,27662
2019-12-24,1.1093,1.1098,1.1071,1.1094,1.1094,0
2019-12-25,1.1085,1.1108,1.1082,1.1096,1.1096,12925
2019-12-26,1.1094,1.1188,1.1092,1.1171,1.1171,51954
2019-12-27,1.1101,1.1181,1.11,1.1101,1.1101,0
2019-12-29,1.1172,1.122,1.1167,1.1196,1.1196,51283
2019-12-30,1.1197,1.1239,1.1196,1.1208,1.1208,47952
2019-12-31,1.1204,1.1241,1.1201,1.1202,1.1202,0
2020-01-01,1.1208,1.1224,1.1163,1.1172,1.1172,51360
2020-01-02,1.1172,1.1179,1.1124,1.1154,1.1154,60120
2020-01-03,1.1171,1.1181,1.1126,1.1171,1.1171,0
2020-01-05,1.1162,1.1205,1.1155,1.1196,1.1196,46896
2020-01-06,1.1193,1.1197,1.1133,1.1146,1.1146,54921
2020-01-07,1.1147,1.1168,1.1101,1.1101,1.1101,78477
2020-01-08,1.1104,1.112,1.1092,1.1105,1.1105,47578
2020-01-09,1.1101,1.1129,1.1084,1.1116,1.1116,45788
2020-01-10,1.1109,1.1121,1.1086,1.1111,1.1111,0
2020-01-12,1.1111,1.1146,1.1111,1.1133,1.1133,36888
2020-01-13,1.1132,1.1144,1.1104,1.1124,1.1124,45312
2020-01-14,1.1123,1.1163,1.1118,1.1149,1.1149,39629
2020-01-15,1.1149,1.1172,1.1127,1.1135,1.1135,42527
2020-01-16,1.1132,1.1142,1.1086,1.1088,1.1088,38497
2020-01-17,1.1138,1.1145,1.1088,1.114,1.114,0
2020-01-19,1.1088,1.1102,1.1076,1.1094,1.1094,23152
2020-01-20,1.1094,1.1117,1.108,1.1081,1.1081,39659
2020-01-21,1.1082,1.1098,1.107,1.1092,1.1092,42130
2020-01-22,1.1092,1.1108,1.1036,1.1052,1.1052,59331
2020-01-23,1.105,1.1061,1.1019,1.1022,1.1022,46793
2020-01-24,1.1055,1.1061,1.1021,1.1055,1.1055,0
2020-01-26,1.103,1.1037,1.1009,1.1018,1.1018,43117
2020-01-27,1.1018,1.1025,1.0997,1.1021,1.1021,37950
2020-01-28,1.1021,1.1027,1.0992,1.101,1.101,39422
2020-01-29,1.1008,1.1039,1.1006,1.1029,1.1029,47868
2020-01-30,1.103,1.1095,1.1016,1.109,1.109,52260
2020-01-31,1.1029,1.109,1.1018,1.1029,1.1029,0
2020-02-02,1.1095,1.1095,1.1031,1.1056,1.1056,53365
2020-02-03,1.1056,1.1064,1.1032,1.1042,1.1042,46811
2020-02-04,1.1041,1.1047,1.0993,1.0998,1.0998,51627
2020-02-05,1.0998,1.1013,1.0964,1.0979,1.0979,45963
2020-02-06,1.0977,1.0984,1.0941,1.0943,1.0943,56603
2020-02-07,1.0981,1.0987,1.0947,1.0983,1.0983,0
2020-02-09,1.0943,1.0957,1.0907,1.091,1.091,40195
2020-02-10,1.091,1.0924,1.089,1.0915,1.0915,44518
2020-02-11,1.0915,1.0925,1.0865,1.0872,1.0872,45490
2020-02-12,1.0871,1.0888,1.0833,1.0839,1.0839,47267
2020-02-13,1.0839,1.0861,1.0827,1.0829,1.0829,41536
2020-02-14,1.0846,1.0862,1.0831,1.0846,1.0846,0
2020-02-16,1.0838,1.0851,1.0829,1.0831,1.0831,24744
2020-02-17,1.0834,1.0837,1.0785,1.0791,1.0791,52128
2020-02-18,1.0791,1.0811,1.0782,1.0805,1.0805,47225
2020-02-19,1.0803,1.0821,1.0777,1.0783,1.0783,62191
2020-02-20,1.0783,1.0863,1.0782,1.0846,1.0846,63742
2020-02-21,1.0788,1.0864,1.0788,1.0788,1.0788,0
2020-02-23,1.0813,1.0872,1.0805,1.0851,1.0851,83517
2020-02-24,1.0851,1.089,1.083,1.088,1.088,91017
2020-02-25,1.088,1.0908,1.0855,1.0878,1.0878,96341
2020-02-26,1.0879,1.1006,1.0874,1.0999,1.0999,122481
2020-02-27,1.0999,1.1053,1.095,1.1023,1.1023,158373
2020-02-28,1.0996,1.1053,1.0952,1.0997,1.0997,0
2020-03-01,1.104,1.1184,1.1036,1.1132,1.1132,178144
2020-03-02,1.1129,1.1213,1.1095,1.1169,1.1169,170697
2020-03-03,1.1169,1.1187,1.1095,1.1134,1.1134,111610
2020-03-04,1.1132,1.1244,1.1119,1.1236,1.1236,110608
2020-03-05,1.1236,1.1354,1.121,1.128,1.128,199663
2020-03-06,1.1224,1.1355,1.1214,1.1224,1.1224,0
2020-03-08,1.1346,1.1492,1.1331,1.1435,1.1435,239515
2020-03-09,1.1435,1.1457,1.1274,1.1278,1.1278,267628
2020-03-10,1.1278,1.1366,1.1257,1.1268,1.1268,201262
2020-03-11,1.1268,1.1333,1.1054,1.1184,1.1184,253054
2020-03-12,1.1184,1.122,1.1054,1.11,1.11,193779
2020-03-13,1.1184,1.1221,1.1065,1.1185,1.1185,0
2020-03-15,1.1064,1.1236,1.1064,1.1179,1.1179,260985
2020-03-16,1.1179,1.1188,1.0954,1.0996,1.0996,224370
2020-03-17,1.0996,1.1044,1.0801,1.0911,1.0911,249126
2020-03-18,1.091,1.098,1.0654,1.069,1.069,304150
2020-03-19,1.0689,1.083,1.0637,1.0691,1.0691,262828
2020-03-20,1.0658,1.083,1.0655,1.0657,1.0657,0
2020-03-22,1.0703,1.0827,1.0635,1.0721,1.0721,245701
2020-03-23,1.0721,1.0887,1.0719,1.0786,1.0786,182186
2020-03-24,1.0786,1.0893,1.0759,1.0881,1.0881,172126
2020-03-25,1.0881,1.1058,1.0869,1.1031,1.1031,174704
2020-03-26,1.1031,1.1147,1.0953,1.1137,1.1137,169963
2020-03-27,1.1046,1.1086,1.0955,1.1048,1.1048,0
2020-03-29,1.1115,1.1144,1.1009,1.1042,1.1042,135871
2020-03-30,1.1042,1.105,1.0926,1.1029,1.1029,174534
2020-03-31,1.1029,1.1037,1.0902,1.0961,1.0961,130401
2020-04-01,1.0961,1.0967,1.082,1.0855,1.0855,133964
2020-04-02,1.0854,1.0862,1.0772,1.0801,1.0801,110597
2020-04-03,1.0844,1.0859,1.0776,1.0847,1.0847,781
2020-04-05,1.0804,1.0835,1.0768,1.0791,1.0791,100143
2020-04-06,1.0791,1.0925,1.0783,1.0891,1.0891,111064
2020-04-07,1.0891,1.0901,1.0829,1.0854,1.0854,98504
2020-04-08,1.0854,1.0951,1.084,1.0928,1.0928,112281
2020-04-09,1.0928,1.0951,1.0917,1.0931,1.0931,16319
2020-04-10,1.0926,1.0954,1.0921,1.0927,1.0927,321
2020-04-12,1.0947,1.0967,1.0892,1.0906,1.0906,59415
2020-04-13,1.0906,1.0987,1.0901,1.0979,1.0979,90557
2020-04-14,1.0979,1.0989,1.0856,1.0906,1.0906,92509
2020-04-15,1.0906,1.091,1.0816,1.0837,1.0837,99349
2020-04-16,1.0837,1.0892,1.0811,1.0869,1.0869,98481
2020-04-17,1.086,1.0893,1.0813,1.0858,1.0858,759
2020-04-19,1.0866,1.0896,1.084,1.0862,1.0862,76672
2020-04-20,1.0862,1.088,1.0816,1.0855,1.0855,94433
2020-04-21,1.0855,1.0885,1.0803,1.0823,1.0823,66606
2020-04-22,1.0821,1.0846,1.0755,1.0776,1.0776,104725
2020-04-23,1.0774,1.0828,1.0727,1.0818,1.0818,85765
2020-04-24,1.0776,1.0818,1.0728,1.0777,1.0777,852
2020-04-26,1.0821,1.086,1.0811,1.0827,1.0827,73064
2020-04-27,1.0827,1.0888,1.0809,1.0819,1.0819,77732
2020-04-28,1.0816,1.0885,1.0815,1.0871,1.0871,83074
2020-04-29,1.0871,1.0971,1.0832,1.0951,1.0951,117964
2020-04-30,1.095,1.1018,1.0934,1.0974,1.0974,70879
2020-05-01,1.0945,1.1016,1.0935,1.0945,1.0945,753
2020-05-03,1.0967,1.0973,1.0895,1.09,1.09,79412
2020-05-04,1.0904,1.0925,1.0824,1.0836,1.0836,74476
2020-05-05,1.0839,1.0844,1.0781,1.0794,1.0794,78846
2020-05-06,1.0791,1.0833,1.0766,1.0831,1.0831,89552
2020-05-07,1.0831,1.0875,1.0814,1.0833,1.0833,63197
2020-05-08,1.0837,1.0873,1.0816,1.0837,1.0837,544
2020-05-10,1.0825,1.085,1.0799,1.0805,1.0805,76970
2020-05-11,1.0803,1.0885,1.0784,1.0846,1.0846,80676
2020-05-12,1.0846,1.0896,1.0811,1.0818,1.0818,90963
2020-05-13,1.0818,1.0823,1.0774,1.0803,1.0803,82360
2020-05-14,1.0803,1.085,1.0788,1.0815,1.0815,80174
2020-05-15,1.0806,1.085,1.0791,1.0807,1.0807,560
2020-05-17,1.0808,1.0926,1.0799,1.0913,1.0913,78156
2020-05-18,1.0913,1.0976,1.0902,1.0922,1.0922,81942
2020-05-19,1.0921,1.0998,1.0917,1.0978,1.0978,73640
2020-05-20,1.0976,1.1008,1.0936,1.0949,1.0949,73962
2020-05-21,1.0949,1.0953,1.0885,1.0897,1.0897,65923
2020-05-22,1.0952,1.0955,1.0886,1.0953,1.0953,651
2020-05-24,1.0896,1.0914,1.087,1.0895,1.0895,34547
2020-05-25,1.0895,1.0995,1.089,1.0981,1.0981,76349
2020-05-26,1.0981,1.103,1.0933,1.1008,1.1008,118484
2020-05-27,1.1008,1.1093,1.0991,1.1076,1.1076,106652
2020-05-28,1.1076,1.1145,1.1068,1.11,1.11,121212
2020-05-29,1.1078,1.1145,1.107,1.1079,1.1079,686
2020-05-31,1.1099,1.1153,1.1099,1.1133,1.1133,98126
2020-06-01,1.1135,1.1195,1.1115,1.1168,1.1168,117181
2020-06-02,1.1168,1.1257,1.1166,1.1232,1.1232,126775
2020-06-03,1.123,1.1362,1.1194,1.1335,1.1335,138192
2020-06-04,1.1336,1.1383,1.1278,1.129,1.129,126737
2020-06-05,1.1337,1.1384,1.1286,1.1338,1.1338,882
2020-06-07,1.1293,1.1319,1.1268,1.1293,1.1293,102476
2020-06-08,1.1291,1.1363,1.124,1.1338,1.1338,117079
2020-06-09,1.1336,1.1421,1.132,1.1371,1.1371,134451
2020-06-10,1.1371,1.1403,1.1285,1.1297,1.1297,153989
2020-06-11,1.1291,1.134,1.1212,1.125,1.125,152596
2020-06-12,1.1289,1.134,1.1235,1.1288,1.1288,946
2020-06-14,1.1232,1.1332,1.1226,1.1322,1.1322,148328
2020-06-15,1.1323,1.1353,1.1227,1.1262,1.1262,134481
2020-06-16,1.1259,1.1293,1.1206,1.1242,1.1242,121815
2020-06-17,1.124,1.1261,1.1185,1.1204,1.1204,113957
2020-06-18,1.1204,1.1254,1.1167,1.1176,1.1176,104847
2020-06-19,1.1207,1.1253,1.1174,1.1211,1.1211,722
2020-06-21,1.1177,1.1269,1.1167,1.1257,1.1257,91105
2020-06-22,1.1258,1.1348,1.1232,1.1308,1.1308,117847
2020-06-23,1.1308,1.1325,1.1248,1.1249,1.1249,111921
2020-06-24,1.1249,1.1259,1.119,1.1216,1.1216,118280
2020-06-25,1.1216,1.1239,1.1195,1.1216,1.1216,82267
2020-06-26,1.1221,1.1239,1.1198,1.1222,1.1222,386
2020-06-28,1.1214,1.1287,1.1213,1.1241,1.1241,84416
2020-06-29,1.1235,1.1261,1.119,1.1232,1.1232,99788
2020-06-30,1.1229,1.1274,1.1184,1.125,1.125,89714
2020-07-01,1.125,1.1302,1.1219,1.1238,1.1238,91135
2020-07-02,1.1238,1.1249,1.1218,1.1243,1.1243,59545
2020-07-03,1.124,1.1251,1.1221,1.1238,1.1238,286
2020-07-05,1.1242,1.1345,1.1239,1.1308,1.1308,81918
2020-07-06,1.1307,1.1332,1.1258,1.1272,1.1272,92545
2020-07-07,1.1272,1.1351,1.1261,1.1329,1.1329,89934
2020-07-08,1.1329,1.137,1.1278,1.1284,1.1284,104780
2020-07-09,1.1281,1.1324,1.1254,1.1298,1.1298,81567
2020-07-10,1.1289,1.1325,1.1257,1.1288,1.1288,616
2020-07-12,1.1304,1.1374,1.13,1.1342,1.1342,86247
2020-07-13,1.1342,1.1408,1.1324,1.1399,1.1399,106511
2020-07-14,1.1398,1.1451,1.139,1.1411,1.1411,100559
2020-07-15,1.1411,1.1441,1.137,1.1383,1.1383,102250
2020-07-16,1.1383,1.1443,1.1374,1.1426,1.1426,73171
2020-07-17,1.1387,1.1442,1.1379,1.1392,1.1392,568
2020-07-19,1.1409,1.1467,1.1402,1.1446,1.1446,104278
2020-07-20,1.1446,1.1539,1.1422,1.1526,1.1526,111214
2020-07-21,1.1526,1.1601,1.1506,1.1569,1.1569,130630
2020-07-22,1.1563,1.1626,1.154,1.1595,1.1595,116144
2020-07-23,1.1592,1.1657,1.1581,1.1654,1.1654,115398
2020-07-24,1.1595,1.164,1.1582,1.1596,1.1596,521
2020-07-26,1.1642,1.1781,1.1639,1.175,1.175,123741
2020-07-27,1.175,1.1773,1.1698,1.1714,1.1714,126348
2020-07-28,1.1715,1.1805,1.1711,1.179,1.179,121332
2020-07-29,1.179,1.1848,1.173,1.1847,1.1847,128606
2020-07-30,1.1847,1.1908,1.176,1.1775,1.1775,155205
2020-07-31,1.1874,1.1908,1.1803,1.1872,1.1872,905
2020-08-02,1.1775,1.1796,1.1695,1.1761,1.1761,113332
2020-08-03,1.1761,1.1806,1.1721,1.1801,1.1801,113812
2020-08-04,1.1796,1.1904,1.1792,1.1863,1.1863,110680
2020-08-05,1.1862,1.1915,1.1817,1.1876,1.1876,128894
2020-08-06,1.1876,1.1883,1.1755,1.1784,1.1784,126815
2020-08-07,1.1875,1.1884,1.1757,1.1877,1.1877,1088
2020-08-09,1.1788,1.18,1.1735,1.1736,1.1736,86538
2020-08-10,1.1736,1.1807,1.1721,1.1739,1.1739,121488
2020-08-11,1.1739,1.1816,1.171,1.1783,1.1783,121313
2020-08-12,1.1778,1.1864,1.1776,1.1813,1.1813,110701
2020-08-13,1.1812,1.185,1.1781,1.184,1.184,98282
2020-08-14,1.1819,1.1838,1.1785,1.1817,1.1817,470
2020-08-16,1.1838,1.188,1.1826,1.1869,1.1869,85411
2020-08-17,1.1869,1.1965,1.1863,1.193,1.193,114260
2020-08-18,1.193,1.1952,1.1828,1.1836,1.1836,121088
2020-08-19,1.1835,1.1868,1.1802,1.1859,1.1859,131808
2020-08-20,1.1859,1.1882,1.1753,1.1795,1.1795,117193
2020-08-21,1.1871,1.1886,1.1755,1.1874,1.1874,1126
2020-08-23,1.179,1.1849,1.1783,1.1786,1.1786,89884
2020-08-24,1.1787,1.1843,1.1784,1.1833,1.1833,102775
2020-08-25,1.1832,1.1839,1.1772,1.1829,1.1829,99782
2020-08-26,1.1829,1.1901,1.1762,1.1821,1.1821,164361
2020-08-27,1.1821,1.1919,1.181,1.1903,1.1903,140658
2020-08-28,1.1821,1.192,1.1812,1.182,1.182,929
2020-08-30,1.1903,1.1965,1.1883,1.1935,1.1935,112789
2020-08-31,1.1931,1.2011,1.1901,1.1911,1.1911,143284
2020-09-01,1.1911,1.1928,1.1821,1.1854,1.1854,130471
2020-09-02,1.1849,1.1864,1.1788,1.1851,1.1851,133075
2020-09-03,1.1845,1.1865,1.178,1.1837,1.1837,138417
2020-09-04,1.1844,1.1864,1.1782,1.184,1.184,708
2020-09-06,1.1843,1.1848,1.181,1.1811,1.1811,59421
2020-09-07,1.1809,1.1827,1.1765,1.1773,1.1773,136151
2020-09-08,1.1772,1.1833,1.1752,1.1801,1.1801,119211
2020-09-09,1.1797,1.1917,1.1795,1.1813,1.1813,143663
2020-09-10,1.1813,1.1874,1.181,1.1845,1.1845,96933
2020-09-11,1.1826,1.1877,1.1824,1.1824,1.1824,458
2020-09-13,1.1835,1.1887,1.1831,1.1863,1.1863,77272
2020-09-14,1.1859,1.19,1.1839,1.1846,1.1846,87892
2020-09-15,1.1846,1.1882,1.1787,1.1816,1.1816,121845
2020-09-16,1.1816,1.1852,1.1736,1.1847,1.1847,128810
2020-09-17,1.1847,1.187,1.1825,1.1838,1.1838,91909
2020-09-18,1.1853,1.1871,1.1831,1.1848,1.1848,355
2020-09-20,1.1837,1.1871,1.1731,1.177,1.177,123476
2020-09-21,1.177,1.1771,1.1691,1.1707,1.1707,127503
2020-09-22,1.1704,1.1718,1.1651,1.1659,1.1659,121307
2020-09-23,1.1659,1.1686,1.1626,1.1663,1.1663,118205
2020-09-24,1.1663,1.1685,1.1612,1.1628,1.1628,102472
2020-09-25,1.1674,1.1685,1.1614,1.1673,1.1673,632
2020-09-27,1.1621,1.168,1.1614,1.1659,1.1659,89158
2020-09-28,1.1659,1.1745,1.1658,1.1742,1.1742,92679
2020-09-29,1.1742,1.1754,1.1684,1.1719,1.1719,116076
2020-09-30,1.1719,1.1769,1.1715,1.1745,1.1745,125064
2020-10-01,1.1743,1.1747,1.1695,1.1715,1.1715,123756
2020-10-02,1.1744,1.1747,1.1697,1.1745,1.1745,444
2020-10-04,1.171,1.1797,1.1701,1.1784,1.1784,81197
2020-10-05,1.1784,1.1807,1.1731,1.1733,1.1733,104481
2020-10-06,1.1733,1.1781,1.1724,1.1762,1.1762,90978
2020-10-07,1.1759,1.1781,1.1732,1.1759,1.1759,75221
2020-10-08,1.1759,1.183,1.1748,1.1823,1.1823,76430
2020-10-09,1.1767,1.1825,1.1759,1.1767,1.1767,575
2020-10-11,1.1808,1.1826,1.1786,1.181,1.181,63845
2020-10-12,1.1811,1.1815,1.1729,1.1745,1.1745,81270
2020-10-13,1.1745,1.177,1.1718,1.1745,1.1745,74733
2020-10-14,1.1745,1.1757,1.1688,1.1706,1.1706,88929
2020-10-15,1.1706,1.1746,1.1693,1.1712,1.1712,78383
2020-10-16,1.1706,1.1747,1.1695,1.1707,1.1707,460
2020-10-18,1.1716,1.1793,1.1703,1.177,1.177,74929
2020-10-19,1.1765,1.184,1.1759,1.1821,1.1821,75346
2020-10-20,1.1821,1.188,1.182,1.1859,1.1859,92903
2020-10-21,1.1854,1.1866,1.1811,1.1818,1.1818,81551
2020-10-22,1.1818,1.1864,1.1786,1.1856,1.1856,78276
2020-10-23,1.1814,1.186,1.1788,1.1815,1.1815,623
2020-10-25,1.1848,1.1858,1.1803,1.1809,1.1809,79194
2020-10-26,1.1809,1.1838,1.1791,1.1795,1.1795,68177
2020-10-27,1.1794,1.1794,1.1717,1.1745,1.1745,100716
2020-10-28,1.1745,1.1758,1.165,1.1671,1.1671,106141
2020-10-29,1.1673,1.1704,1.1639,1.1643,1.1643,98910
2020-10-30,1.1677,1.1703,1.1643,1.1679,1.1679,0
2020-11-01,1.1646,1.1655,1.1621,1.164,1.164,79509
2020-11-02,1.1634,1.1739,1.1619,1.1718,1.1718,74454
2020-11-03,1.1713,1.1769,1.1602,1.1719,1.1719,196594
2020-11-04,1.1719,1.1859,1.171,1.1825,1.1825,138622
2020-11-05,1.182,1.189,1.1795,1.1871,1.1871,129577
2020-11-06,1.1814,1.1891,1.1796,1.1818,1.1818,0
2020-11-08,1.1889,1.192,1.1795,1.1813,1.1813,178166
2020-11-09,1.181,1.1843,1.1779,1.1814,1.1814,138377
2020-11-10,1.1814,1.1832,1.1745,1.1778,1.1778,86731
2020-11-11,1.1772,1.1823,1.1758,1.1804,1.1804,90775
2020-11-12,1.1804,1.1837,1.1798,1.1832,1.1832,68197
2020-11-13,1.1805,1.1834,1.18,1.1803,1.1803,0
2020-11-15,1.1839,1.1868,1.1814,1.1852,1.1852,91655
2020-11-16,1.1849,1.1893,1.1842,1.186,1.186,76098
2020-11-17,1.186,1.1891,1.1849,1.1853,1.1853,77835
2020-11-18,1.1853,1.1882,1.1816,1.1873,1.1873,81013
2020-11-19,1.1873,1.189,1.1849,1.1855,1.1855,70156
2020-11-20,1.1867,1.1891,1.1852,1.1866,1.1866,0
2020-11-22,1.1851,1.1905,1.1799,1.184,1.184,83121
2020-11-23,1.184,1.1895,1.1833,1.1892,1.1892,81463
2020-11-24,1.1889,1.1929,1.1881,1.1912,1.1912,94287
2020-11-25,1.1912,1.194,1.1885,1.191,1.191,49902
2020-11-26,1.191,1.1962,1.1906,1.1962,1.1962,59486
2020-11-27,1.1912,1.1962,1.1911,1.1916,1.1916,0
2020-11-29,1.1959,1.2003,1.192,1.1923,1.1923,92432
2020-11-30,1.1925,1.2076,1.1924,1.2071,1.2071,96446
2020-12-01,1.2066,1.2118,1.2039,1.2115,1.2115,102634
2020-12-02,1.2112,1.2174,1.21,1.2147,1.2147,96346
2020-12-03,1.2141,1.2177,1.2109,1.2119,1.2119,100743
2020-12-04,1.2145,1.2178,1.2134,1.2146,1.2146,0
2020-12-06,1.2127,1.2165,1.2078,1.2107,1.2107,96300
2020-12-07,1.2108,1.2134,1.2095,1.2103,1.2103,92829
2020-12-08,1.2102,1.2147,1.2058,1.2081,1.2081,89690
2020-12-09,1.2076,1.2158,1.2072,1.2141,1.2141,115128
2020-12-10,1.2137,1.2162,1.2102,1.2107,1.2107,89747
2020-12-11,1.2143,1.2164,1.2108,1.2144,1.2144,0
2020-12-13,1.2134,1.2176,1.2115,1.2142,1.2142,78506
2020-12-14,1.2133,1.2195,1.19,1.2095,1.2095,1942
2020-12-15,1.2094,1.2169,1.1956,1.2154,1.2154,1167
2020-12-16,1.2154,1.2246,1.198,1.2196,1.2196,1457
2020-12-17,1.2195,1.2273,1.2192,1.2265,1.2265,51
2020-12-18,1.2263,1.2269,1.2226,1.2257,1.2257,320
2020-12-20,1.2246,1.2247,1.2236,1.2236,1.2236,102
2020-12-21,1.2236,1.2253,1.213,1.2235,1.2235,883
2020-12-22,1.2235,1.2257,1.2153,1.2187,1.2187,693
2020-12-23,1.2187,1.222,1.2155,1.2193,1.2193,281
2020-12-24,1.2193,1.2216,1.2178,1.2185,1.2185,147
2020-12-25,1.2185,1.2185,1.2185,1.2185,1.2185,20
2020-12-27,1.2194,1.2207,1.2188,1.2204,1.2204,67
2020-12-28,1.2205,1.2251,1.219,1.2225,1.2225,149
2020-12-29,1.2225,1.2275,1.2225,1.2252,1.2252,20
2020-12-30,1.2252,1.2309,1.2252,1.2299,1.2299,27
2020-12-31,1.2299,1.2307,1.2218,1.2221,1.2221,683
2021-01-01,1.2221,1.2221,1.2213,1.2213,1.2213,78
2021-01-03,1.2236,1.2251,1.2229,1.2248,1.2248,77
2021-01-04,1.2247,1.2306,1.2237,1.2251,1.2251,100
2021-01-05,1.225,1.2303,1.2246,1.2297,1.2297,55
2021-01-06,1.2297,1.2347,1.2241,1.2337,1.2337,472
2021-01-07,1.2337,1.2342,1.2243,1.2267,1.2267,775
2021-01-08,1.2267,1.2283,1.2192,1.2221,1.2221,634
2021-01-10,1.2221,1.2221,1.2181,1.2185,1.2185,344
2021-01-11,1.2185,1.2198,1.2131,1.2159,1.2159,468
2021-01-12,1.2159,1.2208,1.2136,1.2207,1.2207,209
2021-01-13,1.2207,1.2221,1.21,1.2149,1.2149,897
2021-01-14,1.2149,1.2218,1.2105,1.2149,1.2149,383
2021-01-15,1.2149,1.2154,1.2073,1.2074,1.2074,640
2021-01-17,1.2079,1.2084,1.2065,1.2065,1.2065,139
2021-01-18,1.2065,1.2091,1.2056,1.2065,1.2065,94
2021-01-19,1.2065,1.2193,1.2033,1.2138,1.2138,282
2021-01-20,1.2137,1.2207,1.2048,1.2076,1.2076,754
2021-01-21,1.2075,1.2139,1.2073,1.2136,1.2136,36
2021-01-22,1.2136,1.2148,1.2129,1.2139,1.2139,77
2021-01-24,1.2138,1.2139,1.2136,1.2137,1.2137,36
2021-01-25,1.2137,1.2146,1.2115,1.2135,1.2135,202
2021-01-26,1.2135,1.2243,1.2106,1.2161,1.2161,254
2021-01-27,1.2162,1.2219,1.2042,1.2101,1.2101,1000
2021-01-28,1.2102,1.2224,1.2079,1.2119,1.2119,207
2021-01-29,1.2119,1.2153,1.2093,1.2136,1.2136,237
2021-01-31,1.2127,1.213,1.2119,1.2121,1.2121,89
2021-02-01,1.212,1.2193,1.2054,1.2066,1.2066,565
2021-02-02,1.2066,1.2193,1.2034,1.2046,1.2046,285
2021-02-03,1.2046,1.2193,1.203,1.2049,1.2049,150
2021-02-04,1.2049,1.2193,1.2007,1.2011,1.2011,366
2021-02-05,1.2011,1.2053,1.2004,1.2052,1.2052,75
2021-02-07,1.2048,1.2054,1.2048,1.2052,1.2052,21
2021-02-08,1.2052,1.2062,1.2035,1.206,1.206,163
2021-02-09,1.2061,1.2122,1.2058,1.2116,1.2116,41
2021-02-10,1.2116,1.2144,1.2109,1.2119,1.2119,81
2021-02-11,1.2119,1.2138,1.2114,1.2131,1.2131,64
2021-02-12,1.2131,1.2133,1.2082,1.2119,1.2119,425
2021-02-14,1.2125,1.2126,1.212,1.2121,1.2121,53
2021-02-15,1.2121,1.2145,1.2117,1.2132,1.2132,50
2021-02-16,1.2132,1.217,1.2086,1.2088,1.2088,399
2021-02-17,1.2088,1.2098,1.2023,1.2046,1.2046,557
2021-02-18,1.2046,1.2096,1.2036,1.2092,1.2092,100
2021-02-19,1.2092,1.2145,1.2083,1.2119,1.2119,97
2021-02-21,1.2122,1.2129,1.2115,1.2125,1.2125,76
2021-02-22,1.2125,1.217,1.2091,1.2164,1.2164,296
2021-02-23,1.2164,1.218,1.2136,1.2151,1.2151,254
2021-02-24,1.2151,1.2175,1.2109,1.217,1.217,360
2021-02-25,1.217,1.2243,1.2156,1.2158,1.2158,131
2021-02-26,1.2158,1.2183,1.2062,1.2075,1.2075,806
2021-02-28,1.2072,1.2092,1.2071,1.2091,1.2091,28
2021-03-01,1.2091,1.2101,1.2028,1.2049,1.2049,538
2021-03-02,1.2049,1.2095,1.1992,1.2085,1.2085,493
2021-03-03,1.2085,1.2113,1.2044,1.2047,1.2047,365
2021-03-04,1.2047,1.2063,1.1961,1.1967,1.1967,731
2021-03-05,1.1967,1.1969,1.1894,1.1916,1.1916,631
2021-03-07,1.1919,1.1932,1.1918,1.1926,1.1926,29
2021-03-08,1.1926,1.1932,1.1844,1.1851,1.1851,707
2021-03-09,1.1851,1.1916,1.1836,1.1897,1.1897,149
2021-03-10,1.1897,1.193,1.1869,1.1925,1.1925,252
2021-03-11,1.1925,1.199,1.1916,1.1981,1.1981,92
2021-03-12,1.1981,1.1989,1.191,1.1956,1.1956,612
2021-03-14,1.1948,1.1955,1.1944,1.195,1.195,57
2021-03-15,1.195,1.1968,1.1911,1.1926,1.1926,344
2021-03-16,1.1926,1.1952,1.1883,1.1902,1.1902,388
2021-03-17,1.1902,1.1988,1.1886,1.1983,1.1983,151
2021-03-18,1.1983,1.1989,1.1906,1.1917,1.1917,657
2021-03-19,1.192,1.1937,1.1874,1.1903,1.1903,403
2021-03-21,1.1878,1.189,1.1873,1.1884,1.1884,62
2021-03-22,1.1884,1.1947,1.1875,1.1932,1.1932,98
2021-03-23,1.1932,1.1941,1.1836,1.184,1.184,826
2021-03-24,1.184,1.1851,1.1809,1.1813,1.1813,279
2021-03-25,1.1813,1.1828,1.1762,1.1776,1.1776,454
2021-03-26,1.1776,1.1805,1.1772,1.1794,1.1794,54
2021-03-28,1.1793,1.1794,1.1786,1.1788,1.1788,76
2021-03-29,1.1788,1.1794,1.1761,1.1769,1.1769,246
2021-03-30,1.1768,1.1774,1.1713,1.1723,1.1723,493
2021-03-31,1.1723,1.176,1.1704,1.1727,1.1727,183
2021-04-01,1.1727,1.1783,1.1713,1.1777,1.1777,144
2021-04-02,1.1777,1.1787,1.1749,1.176,1.176,258
2021-04-04,1.1757,1.1768,1.1755,1.1768,1.1768,41
2021-04-05,1.1768,1.182,1.1738,1.1817,1.1817,271
2021-04-06,1.1817,1.1878,1.1795,1.1874,1.1874,202
2021-04-07,1.1874,1.1915,1.1861,1.1873,1.1873,129
2021-04-08,1.1873,1.1928,1.1861,1.1916,1.1916,120
2021-04-09,1.1915,1.192,1.1868,1.19,1.19,416
2021-04-11,1.1894,1.1904,1.1894,1.1896,1.1896,26
2021-04-12,1.1896,1.1919,1.1871,1.1912,1.1912,227
2021-04-13,1.1912,1.1956,1.1878,1.1954,1.1954,302
2021-04-14,1.1954,1.1988,1.1951,1.1983,1.1983,43
2021-04-15,1.1983,1.1993,1.1956,1.197,1.197,245
2021-04-16,1.1969,1.1995,1.1951,1.1984,1.1984,177
2021-04-18,1.1974,1.1978,1.1968,1.1969,1.1969,71
2021-04-19,1.1969,1.2048,1.1943,1.2043,1.2043,239
2021-04-20,1.2043,1.208,1.2023,1.2033,1.2033,188
2021-04-21,1.2033,1.2044,1.1999,1.2037,1.2037,301
2021-04-22,1.2037,1.207,1.1994,1.2015,1.2015,382
2021-04-23,1.2015,1.21,1.2013,1.2096,1.2096,33
2021-04-25,1.2093,1.2099,1.2089,1.209,1.209,54
2021-04-26,1.209,1.2117,1.2061,1.208,1.208,254
2021-04-27,1.208,1.2093,1.2057,1.2089,1.2089,207
2021-04-28,1.2089,1.2136,1.2056,1.2135,1.2135,292
2021-04-29,1.2135,1.215,1.2102,1.2125,1.2125,291
2021-04-30,1.2125,1.2127,1.2017,1.202,1.202,909
2021-05-02,1.2029,1.2031,1.2025,1.2027,1.2027,55
2021-05-03,1.2028,1.2076,1.2013,1.2059,1.2059,139
2021-05-04,1.2059,1.206,1.1999,1.2015,1.2015,518
2021-05-05,1.2015,1.2027,1.1986,1.2008,1.2008,257
2021-05-06,1.2008,1.2072,1.1993,1.2065,1.2065,139
2021-05-07,1.2065,1.2172,1.2053,1.2167,1.2167,121
2021-05-09,1.2165,1.2177,1.2161,1.2171,1.2171,45
2021-05-10,1.2171,1.2178,1.2128,1.2141,1.2141,371
2021-05-11,1.2141,1.2182,1.2123,1.2144,1.2144,164
2021-05-12,1.2144,1.2149,1.2073,1.2078,1.2078,609
2021-05-13,1.2078,1.2106,1.2052,1.2077,1.2077,236
2021-05-14,1.2077,1.2148,1.2071,1.2144,1.2144,69
2021-05-16,1.2144,1.2151,1.2141,1.215,1.215,42
2021-05-17,1.215,1.2169,1.2126,1.2157,1.2157,215
2021-05-18,1.2156,1.2234,1.2154,1.2223,1.2223,42
2021-05-19,1.2223,1.2245,1.216,1.2171,1.2171,532
2021-05-20,1.2171,1.223,1.2169,1.2225,1.2225,32
2021-05-21,1.2225,1.224,1.2161,1.2179,1.2179,546
2021-05-23,1.2181,1.2185,1.2172,1.2181,1.2181,93
2021-05-24,1.2181,1.223,1.2175,1.2214,1.2214,67
2021-05-25,1.2214,1.2267,1.2212,1.2247,1.2247,40
2021-05-26,1.2247,1.2263,1.2182,1.2192,1.2192,551
2021-05-27,1.2192,1.2215,1.2175,1.2193,1.2193,156
2021-05-28,1.2193,1.2205,1.2133,1.2192,1.2192,514
2021-05-30,1.22,1.2201,1.2189,1.219,1.219,105
2021-05-31,1.219,1.2204,1.2184,1.2193,1.2193,71
2021-06-01,1.2233,1.2254,1.2212,1.2218,1.2218,191
2021-06-02,1.2218,1.2227,1.2164,1.221,1.221,456
2021-06-03,1.221,1.2214,1.2118,1.213,1.213,767
2021-06-04,1.213,1.2185,1.2104,1.2167,1.2167,235
2021-06-06,1.2166,1.2202,1.2145,1.2168,1.2168,0
2021-06-07,1.2163,1.2202,1.2145,1.2191,1.2191,170
2021-06-08,1.2191,1.2194,1.2164,1.2173,1.2173,234
2021-06-09,1.2173,1.2218,1.2172,1.2179,1.2179,29
2021-06-10,1.2179,1.2195,1.2143,1.2173,1.2173,309
2021-06-11,1.2173,1.2193,1.2093,1.2108,1.2108,675
2021-06-13,1.2108,1.2112,1.2104,1.211,1.211,54
2021-06-14,1.211,1.2131,1.2094,1.2122,1.2122,147
2021-06-15,1.2122,1.2147,1.2101,1.2125,1.2125,189
2021-06-16,1.2125,1.2135,1.1987,1.1995,1.1995,1158
2021-06-17,1.1995,1.2006,1.1892,1.1913,1.1913,880
2021-06-18,1.1913,1.1925,1.1847,1.1862,1.1862,571
2021-06-20,1.1858,1.1876,1.1858,1.1871,1.1871,20
2021-06-21,1.1871,1.1922,1.1848,1.1912,1.1912,212
2021-06-22,1.1912,1.1953,1.1881,1.1937,1.1937,280
2021-06-23,1.1936,1.197,1.1912,1.193,1.193,222
2021-06-24,1.193,1.1956,1.1918,1.1928,1.1928,121
2021-06-25,1.1928,1.1975,1.1926,1.1934,1.1934,33
2021-06-27,1.1936,1.1941,1.1934,1.194,1.194,42
2021-06-28,1.194,1.1945,1.1903,1.1929,1.1929,333
2021-06-29,1.1929,1.193,1.1878,1.19,1.19,448
2021-06-30,1.1901,1.1909,1.1845,1.1856,1.1856,484
2021-07-01,1.1856,1.1884,1.1838,1.1846,1.1846,177
2021-07-02,1.1846,1.1874,1.1807,1.1866,1.1866,344
2021-07-04,1.1856,1.1882,1.1852,1.1856,1.1856,0
2021-07-05,1.1854,1.1881,1.1852,1.1863,1.1863,42
2021-07-06,1.1863,1.1895,1.1807,1.1822,1.1822,491
2021-07-07,1.1823,1.1836,1.1782,1.1793,1.1793,363
2021-07-08,1.1793,1.1868,1.1784,1.1847,1.1847,100
2021-07-09,1.1847,1.1881,1.1825,1.1876,1.1876,201
2021-07-11,1.1877,1.1878,1.1868,1.1873,1.1873,97
2021-07-12,1.1873,1.188,1.1836,1.1863,1.1863,325
2021-07-13,1.1863,1.1875,1.1862,1.187,1.187,27
2021-07-14,1.1775,1.1839,1.1772,1.1833,1.1833,45
2021-07-15,1.1833,1.1851,1.1796,1.1812,1.1812,331
2021-07-16,1.1812,1.1823,1.1792,1.1806,1.1806,182
2021-07-18,1.1808,1.1814,1.1804,1.1813,1.1813,57
2021-07-19,1.1813,1.1824,1.1764,1.1792,1.1792,433
2021-07-20,1.1792,1.1803,1.1756,1.1782,1.1782,326
2021-07-21,1.1782,1.1805,1.1752,1.1792,1.1792,271
2021-07-22,1.1793,1.1831,1.1758,1.1773,1.1773,316
2021-07-23,1.1773,1.1787,1.1755,1.1771,1.1771,173
2021-07-25,1.1773,1.1775,1.1767,1.1773,1.1773,69
2021-07-26,1.1773,1.1817,1.1764,1.1805,1.1805,102
2021-07-27,1.1805,1.1841,1.177,1.1821,1.1821,313
2021-07-28,1.1821,1.185,1.1774,1.1846,1.1846,416
2021-07-29,1.1846,1.1895,1.1841,1.189,1.189,61
2021-07-30,1.1891,1.1909,1.1852,1.1871,1.1871,342
2021-08-01,1.187,1.187,1.1862,1.1866,1.1866,84
2021-08-02,1.1866,1.1897,1.1859,1.1874,1.1874,79
2021-08-03,1.1874,1.1886,1.1868,1.187,1.187,75
2021-08-04,1.1869,1.19,1.1833,1.1838,1.1838,328
2021-08-05,1.1838,1.1857,1.1828,1.1833,1.1833,99
2021-08-06,1.1833,1.1833,1.1755,1.1763,1.1763,681
2021-08-08,1.1761,1.1764,1.1743,1.1748,1.1748,178
2021-08-09,1.1748,1.1769,1.1735,1.1736,1.1736,129
2021-08-10,1.1736,1.1743,1.1716,1.1726,1.1726,189
2021-08-11,1.1715,1.1754,1.171,1.1742,1.1742,62
2021-08-12,1.1742,1.1748,1.1724,1.1736,1.1736,175
2021-08-13,1.1736,1.1805,1.173,1.1795,1.1795,66
2021-08-15,1.1795,1.1801,1.1792,1.1794,1.1794,47
2021-08-16,1.1794,1.1801,1.1768,1.1778,1.1778,247
2021-08-17,1.1778,1.1785,1.1702,1.1709,1.1709,661
2021-08-18,1.171,1.1743,1.1694,1.1703,1.1703,154
2021-08-19,1.1703,1.1704,1.1666,1.1677,1.1677,337
2021-08-20,1.1677,1.1705,1.1664,1.1697,1.1697,127
2021-08-22,1.1696,1.1701,1.1693,1.1697,1.1697,43
2021-08-23,1.1697,1.175,1.1695,1.1744,1.1744,33
2021-08-24,1.1744,1.1765,1.1727,1.1753,1.1753,164
2021-08-25,1.1753,1.1775,1.1726,1.1772,1.1772,247
2021-08-26,1.1772,1.1779,1.1746,1.1754,1.1754,236
2021-08-27,1.1754,1.1803,1.1735,1.1795,1.1795,179
2021-08-29,1.1797,1.1801,1.1794,1.1798,1.1798,47
2021-08-30,1.1799,1.181,1.1783,1.1797,1.1797,153
2021-08-31,1.1796,1.1845,1.1796,1.181,1.181,26
2021-09-01,1.181,1.1857,1.1794,1.1841,1.1841,157
2021-09-02,1.1841,1.1876,1.1834,1.1874,1.1874,75
2021-09-03,1.1874,1.1909,1.1866,1.1883,1.1883,87
2021-09-05,1.1881,1.1887,1.1878,1.1886,1.1886,41
2021-09-06,1.1886,1.1886,1.1856,1.1874,1.1874,269
2021-09-07,1.1873,1.1885,1.1838,1.1843,1.1843,320
2021-09-08,1.1843,1.1851,1.1802,1.1819,1.1819,365
2021-09-09,1.1819,1.1841,1.1805,1.1823,1.1823,135
2021-09-10,1.1823,1.1851,1.181,1.1813,1.1813,135
2021-09-12,1.1815,1.1816,1.1809,1.1812,1.1812,73
2021-09-13,1.1812,1.1817,1.1774,1.181,1.181,340
2021-09-14,1.181,1.1846,1.18,1.1802,1.1802,102
2021-09-15,1.1803,1.1832,1.1799,1.1819,1.1819,47
2021-09-16,1.1819,1.1821,1.1751,1.1765,1.1765,599
2021-09-17,1.1766,1.1789,1.1725,1.1725,1.1725,369
2021-09-19,1.1728,1.1731,1.1723,1.1729,1.1729,54
2021-09-20,1.1729,1.1737,1.17,1.1727,1.1727,267
2021-09-21,1.1727,1.1749,1.1715,1.1723,1.1723,121
2021-09-22,1.1723,1.1756,1.1686,1.1687,1.1687,337
2021-09-23,1.1688,1.175,1.1684,1.174,1.174,54
2021-09-24,1.174,1.1748,1.1701,1.172,1.172,355
2021-09-26,1.1727,1.1727,1.1716,1.1723,1.1723,106
2021-09-27,1.1723,1.1725,1.1685,1.1696,1.1696,345
2021-09-28,1.1696,1.1703,1.1669,1.1686,1.1686,253
2021-09-29,1.1686,1.169,1.159,1.1602,1.1602,844
2021-09-30,1.1602,1.161,1.1563,1.1574,1.1574,356
2021-10-01,1.1574,1.1608,1.1563,1.1597,1.1597,114
2021-10-03,1.1598,1.1611,1.1595,1.1607,1.1607,52
2021-10-04,1.1607,1.164,1.1588,1.1616,1.1616,181
2021-10-05,1.1616,1.162,1.1581,1.1596,1.1596,324
2021-10-06,1.1596,1.1598,1.1529,1.1555,1.1555,592
2021-10-07,1.1555,1.1572,1.1547,1.1559,1.1559,86
2021-10-08,1.156,1.1586,1.1542,1.1571,1.1571,175
2021-10-10,1.1571,1.1576,1.1564,1.1566,1.1566,82
2021-10-11,1.1566,1.1587,1.1548,1.1554,1.1554,173
2021-10-12,1.1553,1.157,1.1524,1.1531,1.1531,271
2021-10-13,1.1531,1.16,1.153,1.1597,1.1597,25
2021-10-14,1.1597,1.1624,1.1584,1.1591,1.1591,130
2021-10-15,1.1591,1.1619,1.1588,1.1601,1.1601,40
2021-10-17,1.1599,1.1606,1.1597,1.1597,1.1597,40
2021-10-18,1.1597,1.1623,1.1572,1.1613,1.1613,232
2021-10-19,1.1614,1.167,1.1613,1.1631,1.1631,20
2021-10-20,1.1632,1.1659,1.1617,1.1653,1.1653,144
2021-10-21,1.1653,1.1667,1.162,1.1625,1.1625,301
2021-10-22,1.1625,1.1656,1.1621,1.1642,1.1642,50
2021-10-24,1.1644,1.1645,1.1636,1.1639,1.1639,86
2021-10-25,1.1639,1.1665,1.1591,1.1609,1.1609,438
2021-10-26,1.1609,1.1626,1.1585,1.1596,1.1596,226
2021-10-27,1.1596,1.1626,1.1585,1.1599,1.1599,114
2021-10-28,1.1599,1.1692,1.1582,1.1682,1.1682,161
2021-10-29,1.1683,1.169,1.1535,1.1558,1.1558,1280
2021-10-31,1.156,1.1565,1.1556,1.1556,1.1556,56
2021-11-01,1.1556,1.1609,1.1546,1.16,1.16,109
2021-11-02,1.16,1.1614,1.1575,1.1579,1.1579,230
2021-11-03,1.1579,1.1617,1.1562,1.1616,1.1616,165
2021-11-04,1.1616,1.1616,1.1528,1.1556,1.1556,770
2021-11-05,1.1556,1.1574,1.1514,1.1565,1.1565,384
2021-11-07,1.1562,1.157,1.1558,1.1568,1.1568,59
2021-11-08,1.1568,1.1595,1.1551,1.1588,1.1588,173
2021-11-09,1.1588,1.1589,1.1579,1.158,1.158,96
2021-11-10,1.1593,1.1594,1.1476,1.1486,1.1486,1029
2021-11-11,1.1486,1.1488,1.1443,1.1448,1.1448,389
2021-11-12,1.1448,1.1462,1.1433,1.1447,1.1447,149
2021-11-14,1.1448,1.1448,1.1441,1.1442,1.1442,75
2021-11-15,1.1441,1.1464,1.1356,1.1367,1.1367,762
2021-11-16,1.1367,1.1386,1.1309,1.1318,1.1318,529
2021-11-17,1.1318,1.1332,1.1264,1.1318,1.1318,496
2021-11-18,1.1318,1.1374,1.1314,1.1368,1.1368,55
2021-11-19,1.1368,1.1369,1.125,1.1286,1.1286,1057
2021-11-21,1.129,1.1291,1.1272,1.1276,1.1276,182
2021-11-22,1.1276,1.1291,1.1231,1.1242,1.1242,417
2021-11-23,1.1242,1.1275,1.1226,1.1245,1.1245,158
2021-11-24,1.1245,1.1255,1.1186,1.1203,1.1203,541
2021-11-25,1.1203,1.123,1.1203,1.1209,1.1209,20
2021-11-26,1.1209,1.133,1.1207,1.1316,1.1316,38
2021-11-28,1.1311,1.1312,1.1282,1.1293,1.1293,279
2021-11-29,1.1293,1.1301,1.1259,1.1293,1.1293,319
2021-11-30,1.1293,1.1383,1.1238,1.133,1.133,501
2021-12-01,1.133,1.1359,1.1303,1.1319,1.1319,262
2021-12-02,1.1319,1.1348,1.1295,1.1306,1.1306,231
2021-12-03,1.1306,1.1334,1.1267,1.1315,1.1315,368
2021-12-05,1.1307,1.1312,1.1302,1.1304,1.1304,62
2021-12-06,1.1304,1.131,1.1267,1.1284,1.1284,351
2021-12-07,1.1284,1.1299,1.1228,1.1273,1.1273,516
2021-12-08,1.1273,1.1355,1.1267,1.1344,1.1344,72
2021-12-09,1.1344,1.1344,1.1279,1.1294,1.1294,598
2021-12-10,1.1294,1.1324,1.1265,1.1311,1.1311,273
2021-12-12,1.1314,1.132,1.1309,1.1311,1.1311,67
2021-12-13,1.1311,1.1314,1.126,1.1284,1.1284,467
2021-12-14,1.1283,1.1324,1.1254,1.1258,1.1258,282
2021-12-15,1.1258,1.1299,1.1222,1.1291,1.1291,335
2021-12-16,1.1291,1.136,1.1281,1.1334,1.1334,102
2021-12-17,1.1334,1.1349,1.1235,1.1241,1.1241,889
2021-12-19,1.1239,1.1244,1.1235,1.1243,1.1243,53
2021-12-20,1.1243,1.1304,1.1237,1.1277,1.1277,75
2021-12-21,1.1277,1.1303,1.1261,1.1287,1.1287,165
2021-12-22,1.1288,1.1342,1.1264,1.1327,1.1327,224
2021-12-23,1.1327,1.1342,1.129,1.1323,1.1323,342
2021-12-24,1.1323,1.1344,1.1304,1.1317,1.1317,192
2021-12-26,1.1317,1.1326,1.1311,1.1323,1.1323,73
2021-12-27,1.1323,1.1334,1.1303,1.133,1.133,198
2021-12-28,1.133,1.1333,1.129,1.1313,1.1313,373
2021-12-29,1.1313,1.1369,1.1274,1.136,1.136,369
2021-12-30,1.136,1.136,1.1299,1.1322,1.1322,558
2021-12-31,1.1323,1.1387,1.1303,1.1374,1.1374,188
2022-01-02,1.1373,1.1379,1.1367,1.1373,1.1373,73
2022-01-03,1.1373,1.1376,1.128,1.1302,1.1302,841
2022-01-04,1.1302,1.1323,1.1273,1.1283,1.1283,281
2022-01-05,1.1283,1.1347,1.1277,1.1311,1.1311,71
2022-01-06,1.1311,1.1332,1.1285,1.1295,1.1295,251
2022-01-07,1.1295,1.1365,1.129,1.136,1.136,63
2022-01-09,1.1359,1.1361,1.135,1.1354,1.1354,99
2022-01-10,1.1354,1.1358,1.1285,1.133,1.133,625
2022-01-11,1.133,1.1375,1.1313,1.1366,1.1366,169
2022-01-12,1.1366,1.1453,1.1355,1.144,1.144,119
2022-01-13,1.144,1.1482,1.1436,1.1457,1.1457,53
2022-01-14,1.1457,1.1483,1.1399,1.1412,1.1412,525
2022-01-16,1.1419,1.1419,1.1406,1.1411,1.1411,136
2022-01-17,1.1411,1.1435,1.1392,1.141,1.141,191
2022-01-18,1.141,1.1422,1.1315,1.1329,1.1329,855
2022-01-19,1.1329,1.1357,1.1319,1.1343,1.1343,108
2022-01-20,1.1343,1.1369,1.1303,1.1313,1.1313,373
2022-01-21,1.1313,1.136,1.1301,1.1343,1.1343,125
2022-01-23,1.1344,1.1345,1.1337,1.1341,1.1341,80
2022-01-24,1.1341,1.1341,1.1291,1.1324,1.1324,464
2022-01-25,1.1324,1.1324,1.1263,1.1303,1.1303,554
2022-01-26,1.1304,1.1311,1.1236,1.1241,1.1241,620
2022-01-27,1.1241,1.1244,1.1132,1.1145,1.1145,992
2022-01-28,1.1145,1.1174,1.1122,1.1146,1.1146,227
2022-01-30,1.1145,1.1153,1.1138,1.1152,1.1152,80
2022-01-31,1.1152,1.1248,1.1144,1.1229,1.1229,90
2022-02-01,1.1229,1.1279,1.1221,1.1273,1.1273,95
2022-02-02,1.1273,1.133,1.1267,1.13,1.13,77
2022-02-03,1.13,1.1451,1.1269,1.1436,1.1436,294
2022-02-04,1.1436,1.1484,1.1412,1.145,1.145,229
2022-02-06,1.1461,1.1463,1.1452,1.1455,1.1455,99
2022-02-07,1.1455,1.1459,1.1415,1.1441,1.1441,363
2022-02-08,1.1441,1.1449,1.1396,1.1421,1.1421,412
2022-02-09,1.1421,1.1448,1.1403,1.1421,1.1421,177
2022-02-10,1.1421,1.1495,1.1375,1.1411,1.1411,421
2022-02-11,1.1411,1.1418,1.133,1.1349,1.1349,732
2022-02-13,1.134,1.1367,1.1339,1.1365,1.1365,28
2022-02-14,1.1365,1.1369,1.128,1.1306,1.1306,763
2022-02-15,1.1306,1.1368,1.1303,1.1355,1.1355,43
2022-02-16,1.1355,1.1396,1.1345,1.1373,1.1373,109
2022-02-17,1.1373,1.1386,1.1323,1.1364,1.1364,455
2022-02-18,1.1364,1.1377,1.1314,1.1321,1.1321,452
2022-02-20,1.1322,1.1326,1.1313,1.1317,1.1317,97
2022-02-21,1.1317,1.1391,1.1297,1.1309,1.1309,199
2022-02-22,1.1309,1.1367,1.1288,1.1329,1.1329,207
2022-02-23,1.1329,1.1359,1.13,1.1305,1.1305,272
2022-02-24,1.1306,1.1306,1.1106,1.1191,1.1191,1781
2022-02-25,1.1191,1.1274,1.1166,1.1269,1.1269,238
2022-02-27,1.1141,1.1188,1.1139,1.118,1.118,40
2022-02-28,1.118,1.1247,1.1142,1.1214,1.1214,360
2022-03-01,1.1215,1.1233,1.109,1.1133,1.1133,1131
2022-03-02,1.1133,1.1144,1.1058,1.1113,1.1113,692
2022-03-03,1.1112,1.1115,1.1034,1.1066,1.1066,729
2022-03-04,1.1066,1.1067,1.0886,1.0928,1.0928,1646
2022-03-06,1.0929,1.093,1.0864,1.0874,1.0874,612
2022-03-07,1.0874,1.0932,1.0806,1.0866,1.0866,642
2022-03-08,1.0866,1.0958,1.0849,1.0898,1.0898,177
2022-03-09,1.0898,1.1095,1.0897,1.1074,1.1074,32
2022-03-10,1.1074,1.1121,1.0976,1.1014,1.1014,897
2022-03-11,1.1013,1.1044,1.0902,1.0914,1.0914,1030
2022-03-13,1.0922,1.0939,1.0911,1.0932,1.0932,126
2022-03-14,1.0932,1.0994,1.0901,1.0943,1.0943,305
2022-03-15,1.0943,1.102,1.0926,1.0967,1.0967,173
2022-03-16,1.0967,1.1047,1.095,1.1022,1.1022,173
2022-03-17,1.1022,1.1138,1.102,1.1099,1.1099,32
2022-03-18,1.1099,1.1119,1.1016,1.1052,1.1052,767
2022-03-20,1.106,1.1061,1.1041,1.1043,1.1043,192
2022-03-21,1.1042,1.107,1.101,1.1017,1.1017,310
2022-03-22,1.1017,1.1044,1.1006,1.103,1.103,117
2022-03-23,1.103,1.104,1.0964,1.1006,1.1006,612
2022-03-24,1.1006,1.1014,1.0966,1.1009,1.1009,380
2022-03-25,1.1009,1.1038,1.0981,1.0984,1.0984,271
2022-03-27,1.0987,1.0989,1.0978,1.0982,1.0982,108
2022-03-28,1.0982,1.1,1.0945,1.0991,1.0991,353
2022-03-29,1.0991,1.1099,1.0969,1.1091,1.1091,221
2022-03-30,1.1091,1.1171,1.1088,1.1161,1.1161,49
2022-03-31,1.1161,1.1185,1.1061,1.1073,1.1073,917
2022-04-01,1.1073,1.1076,1.1028,1.1049,1.1049,424
2022-04-03,1.104,1.1046,1.1038,1.1046,1.1046,31
2022-04-04,1.1046,1.1055,1.0961,1.0975,1.0975,794
2022-04-05,1.0975,1.0989,1.09,1.0906,1.0906,703
2022-04-06,1.0906,1.0938,1.0875,1.0898,1.0898,308
2022-04-07,1.0898,1.0938,1.0861,1.0864,1.0864,362
2022-04-08,1.0864,1.0892,1.0837,1.0876,1.0876,275
2022-04-10,1.0906,1.0914,1.0884,1.0884,1.0884,221
2022-04-11,1.0884,1.0933,1.0873,1.0877,1.0877,126
2022-04-12,1.0877,1.0904,1.0821,1.0826,1.0826,533
2022-04-13,1.0826,1.0897,1.0809,1.0895,1.0895,178
2022-04-14,1.0895,1.0923,1.0758,1.0827,1.0827,1284
2022-04-15,1.081,1.0824,1.0797,1.0815,1.0815,141
2022-04-17,1.0806,1.0822,1.0803,1.0814,1.0814,42
2022-04-18,1.0814,1.0815,1.0776,1.078,1.078,376
2022-04-19,1.078,1.0815,1.0761,1.0794,1.0794,194
2022-04-20,1.0795,1.0867,1.0784,1.085,1.085,118
2022-04-21,1.085,1.0936,1.0824,1.0835,1.0835,258
2022-04-22,1.0835,1.0852,1.0771,1.0798,1.0798,615
2022-04-24,1.0804,1.0816,1.0796,1.081,1.081,94
2022-04-25,1.081,1.0812,1.0697,1.0713,1.0713,1062
2022-04-26,1.0713,1.0739,1.0635,1.0643,1.0643,745
2022-04-27,1.0643,1.0655,1.0515,1.0554,1.0554,1223
2022-04-28,1.0554,1.0565,1.0471,1.0503,1.0503,804
2022-04-29,1.0503,1.0593,1.0502,1.0546,1.0546,32
2022-05-01,1.0548,1.0552,1.0535,1.0535,1.0535,146
2022-05-02,1.0535,1.0569,1.049,1.051,1.051,444
2022-05-03,1.051,1.0578,1.0492,1.0525,1.0525,185
2022-05-04,1.0525,1.0631,1.0506,1.0621,1.0621,200
2022-05-05,1.0621,1.0642,1.0493,1.054,1.054,1227
2022-05-06,1.054,1.0599,1.0483,1.0547,1.0547,558
2022-05-08,1.0545,1.0545,1.0531,1.0532,1.0532,149
2022-05-09,1.0532,1.0593,1.0496,1.0563,1.0563,370
2022-05-10,1.0563,1.0585,1.0526,1.0529,1.0529,376
2022-05-11,1.0529,1.0577,1.0502,1.0512,1.0512,279
2022-05-12,1.0512,1.0529,1.0354,1.0379,1.0379,1524
2022-05-13,1.0379,1.042,1.0349,1.0409,1.0409,302
2022-05-15,1.0401,1.0438,1.0391,1.0401,1.0401,0
2022-05-16,1.0402,1.0443,1.0389,1.0439,1.0439,142
2022-05-17,1.0439,1.0556,1.0432,1.0549,1.0549,89
2022-05-18,1.0549,1.0564,1.0461,1.0473,1.0473,854
2022-05-19,1.0473,1.0607,1.0465,1.058,1.058,97
2022-05-20,1.058,1.0599,1.0533,1.0562,1.0562,463
2022-05-22,1.0564,1.0578,1.0559,1.0569,1.0569,67
2022-05-23,1.0569,1.0697,1.0568,1.0684,1.0684,30
2022-05-24,1.0684,1.0749,1.0661,1.0733,1.0733,232
2022-05-25,1.0733,1.0737,1.0642,1.0687,1.0687,862
2022-05-26,1.0687,1.0735,1.0663,1.0733,1.0733,249
2022-05-27,1.0733,1.0733,1.0733,1.0733,1.0733,20
2022-05-29,1.0731,1.0737,1.0726,1.0729,1.0729,64
2022-05-30,1.0729,1.0787,1.0727,1.0773,1.0773,43
2022-05-31,1.0773,1.0775,1.0679,1.0734,1.0734,892
2022-06-01,1.0734,1.0739,1.0627,1.0651,1.0651,1017
2022-06-02,1.0651,1.0751,1.0645,1.075,1.075,77
2022-06-03,1.075,1.0765,1.0711,1.0719,1.0719,388
2022-06-05,1.072,1.073,1.0715,1.0726,1.0726,71
2022-06-06,1.0725,1.0752,1.0684,1.069,1.069,405
2022-06-07,1.0691,1.0714,1.0652,1.0697,1.0697,379
2022-06-08,1.0697,1.0749,1.0673,1.0717,1.0717,249
2022-06-09,1.0717,1.0774,1.0611,1.0619,1.0619,1009
2022-06-10,1.0619,1.0642,1.0506,1.0518,1.0518,1087
2022-06-12,1.0517,1.052,1.0487,1.0491,1.0491,309
2022-06-13,1.0491,1.0496,1.04,1.0415,1.0415,890
2022-06-14,1.0415,1.0485,1.0397,1.0437,1.0437,188
2022-06-15,1.0437,1.0508,1.0359,1.0458,1.0458,767
2022-06-16,1.0458,1.0602,1.0384,1.0547,1.0547,728
2022-06-17,1.0547,1.0547,1.0445,1.0495,1.0495,987
2022-06-19,1.0484,1.0494,1.0475,1.049,1.049,102
2022-06-20,1.049,1.0546,1.0485,1.0518,1.0518,69
2022-06-21,1.0518,1.0583,1.0513,1.0531,1.0531,60
2022-06-22,1.0531,1.0606,1.0469,1.0565,1.0565,614
2022-06-23,1.0565,1.0581,1.0483,1.052,1.052,794
2022-06-24,1.052,1.0571,1.0512,1.0555,1.0555,87
2022-06-26,1.0553,1.0575,1.0552,1.0567,1.0567,29
2022-06-27,1.0567,1.0593,1.055,1.058,1.058,174
2022-06-28,1.058,1.0606,1.0503,1.0522,1.0522,742
2022-06-29,1.0522,1.0536,1.0435,1.0446,1.0446,846
2022-06-30,1.0446,1.0489,1.0383,1.0479,1.0479,625
2022-07-01,1.0478,1.0479,1.0366,1.0428,1.0428,1096
2022-07-03,1.0427,1.0437,1.0419,1.0433,1.0433,97
2022-07-04,1.0433,1.0463,1.0417,1.0433,1.0433,166
2022-07-05,1.0433,1.0449,1.0235,1.0257,1.0257,1914
2022-07-06,1.0257,1.0277,1.0162,1.0185,1.0185,949
2022-07-07,1.0185,1.0221,1.0144,1.0168,1.0168,416
2022-07-08,1.0169,1.0191,1.0072,1.0187,1.0187,968
2022-07-10,1.0166,1.0168,1.0054,1.0166,1.0166,0
2022-07-11,1.0158,1.0159,1.0034,1.0046,1.0046,1245
2022-07-12,1.0046,1.0074,1,1.003,1.003,478
2022-07-13,1.003,1.0122,0.9998,1.0034,1.0034,338
2022-07-14,1.0034,1.0051,0.9952,1.0027,1.0027,837
2022-07-15,1.0027,1.0098,1.0007,1.0088,1.0088,217
2022-07-17,1.0085,1.0098,1.0079,1.0098,1.0098,82
2022-07-18,1.0097,1.0201,1.0081,1.0147,1.0147,177
2022-07-19,1.0147,1.0269,1.012,1.0231,1.0231,285
2022-07-20,1.0231,1.0273,1.0156,1.0181,1.0181,754
2022-07-21,1.0181,1.0278,1.0154,1.022,1.022,291
2022-07-22,1.022,1.0255,1.013,1.0215,1.0215,904
2022-07-24,1.0204,1.0205,1.0199,1.02,1.02,66
2022-07-25,1.02,1.0258,1.0179,1.0223,1.0223,224
2022-07-26,1.0223,1.025,1.0108,1.0129,1.0129,1149
2022-07-27,1.0129,1.0221,1.0097,1.0205,1.0205,333
2022-07-28,1.0206,1.0235,1.0114,1.0192,1.0192,915
2022-07-29,1.0192,1.0254,1.0146,1.0227,1.0227,471
2022-07-31,1.0219,1.0225,1.0206,1.021,1.021,148
2022-08-01,1.0211,1.0275,1.0208,1.0263,1.0263,44
2022-08-02,1.0263,1.0294,1.0155,1.0157,1.0157,1076
2022-08-03,1.0157,1.021,1.0123,1.0158,1.0158,352
2022-08-04,1.0159,1.0254,1.0154,1.0248,1.0248,64
2022-08-05,1.0248,1.0248,1.0142,1.0178,1.0178,1053
2022-08-07,1.0176,1.018,1.0169,1.0172,1.0172,87
2022-08-08,1.0172,1.0222,1.0159,1.0198,1.0198,146
2022-08-09,1.0198,1.0247,1.0189,1.0208,1.0208,111
2022-08-10,1.0208,1.0369,1.0202,1.0299,1.0299,79
2022-08-11,1.0299,1.0364,1.0276,1.0321,1.0321,242
2022-08-12,1.0321,1.0325,1.0238,1.0259,1.0259,817
2022-08-14,1.026,1.0263,1.0254,1.0254,1.0254,76
2022-08-15,1.0254,1.0268,1.0154,1.0162,1.0162,999
2022-08-16,1.0162,1.0195,1.0123,1.017,1.017,403
2022-08-17,1.017,1.0203,1.0146,1.0178,1.0178,257
2022-08-18,1.0178,1.0193,1.008,1.0089,1.0089,981
2022-08-19,1.0089,1.0096,1.0032,1.0041,1.0041,587
2022-08-21,1.0042,1.0044,1.003,1.0036,1.0036,131
2022-08-22,1.0036,1.0047,0.9926,0.9938,0.9938,1117
2022-08-23,0.9939,1.0018,0.9899,0.9967,0.9967,413
2022-08-24,0.9966,0.9999,0.991,0.9968,0.9968,585
2022-08-25,0.9968,1.0033,0.9949,0.9971,0.9971,208
2022-08-26,0.9971,1.009,0.9947,0.9966,0.9966,264
2022-08-28,0.9938,0.9938,0.9935,0.9936,0.9936,45
2022-08-29,0.994,1.0029,0.9914,1.0011,1.0011,276
2022-08-30,1.0011,1.0055,0.9982,1.0024,1.0024,308
2022-08-31,1.0024,1.0079,0.9972,1.0038,1.0038,540
2022-09-01,1.0038,1.0049,0.9911,0.9952,0.9952,1282
2022-09-02,0.9952,1.0034,0.9945,0.9957,0.9957,86
2022-09-04,0.9909,0.9944,0.9881,0.9909,0.9909,0
2022-09-05,0.9917,0.9952,0.9878,0.995,0.995,409
2022-09-06,0.9951,0.9986,0.9864,0.9897,0.9897,887
2022-09-07,0.9897,1.0013,0.9876,0.9998,0.9998,239
2022-09-08,0.9998,1.003,0.9931,1.001,1.001,692
2022-09-09,1.001,1.0114,1.0009,1.0043,1.0043,33
2022-09-11,1.0096,1.0096,1.006,1.0071,1.0071,373
2022-09-12,1.0071,1.0198,1.0063,1.0129,1.0129,92
2022-09-13,1.0129,1.0187,0.9956,0.9978,0.9978,1732
2022-09-14,0.9978,1.0024,0.996,0.9982,0.9982,204
2022-09-15,0.9982,1.0018,0.9956,0.9988,0.9988,284
2022-09-16,0.9988,1.0037,0.9945,1.0014,1.0014,448
2022-09-18,1.0015,1.0029,1.0005,1.0022,1.0022,118
2022-09-19,1.0022,1.0032,0.9966,1.003,1.003,579
2022-09-20,1.003,1.0051,0.9955,0.9971,0.9971,766
2022-09-21,0.9971,0.9975,0.9813,0.9832,0.9832,1605
2022-09-22,0.9832,0.9908,0.9808,0.9839,0.9839,257
2022-09-23,0.9839,0.9852,0.9668,0.9692,0.9692,1753
2022-09-25,0.9682,0.971,0.9669,0.9686,0.9686,155
2022-09-26,0.9686,0.9702,0.9551,0.962,0.962,1411
2022-09-27,0.962,0.9671,0.9569,0.9596,0.9596,548
2022-09-28,0.9596,0.9751,0.9536,0.9706,0.9706,640
2022-09-29,0.9706,0.9844,0.9636,0.9829,0.9829,740
2022-09-30,0.9829,0.9854,0.9735,0.9801,0.9801,982
2022-10-02,0.9805,0.9809,0.979,0.9794,0.9794,171
2022-10-03,0.9794,0.9845,0.9753,0.9834,0.9834,435
2022-10-04,0.9834,1,0.9806,0.9984,0.9984,299
2022-10-05,0.9984,0.9995,0.9835,0.9912,0.9912,1507
2022-10-06,0.9912,0.9926,0.9787,0.9789,0.9789,1284
2022-10-07,0.9789,0.9817,0.9726,0.9741,0.9741,662
2022-10-09,0.9737,0.974,0.9728,0.9735,0.9735,110
2022-10-10,0.9735,0.9753,0.9682,0.9711,0.9711,565
2022-10-11,0.9711,0.9775,0.9671,0.9701,0.9701,438
2022-10-12,0.9701,0.9735,0.9668,0.9705,0.9705,356
2022-10-13,0.9705,0.9806,0.9632,0.9768,0.9768,772
2022-10-14,0.9767,0.9809,0.9709,0.9726,0.9726,622
2022-10-16,0.9723,0.9743,0.972,0.974,0.974,53
2022-10-17,0.974,0.9852,0.972,0.9844,0.9844,223
2022-10-18,0.9844,0.9876,0.9813,0.9863,0.9863,332
2022-10-19,0.9862,0.9867,0.9758,0.9773,0.9773,1074
2022-10-20,0.9779,0.9857,0.9707,0.9779,0.9779,0
2022-10-21,0.9738,0.9869,0.9705,0.9862,0.9862,358
2022-10-23,0.9872,0.9899,0.9831,0.986,0.986,436
2022-10-24,0.986,0.9894,0.9807,0.9884,0.9884,557
2022-10-25,0.9884,0.9977,0.9849,0.9962,0.9962,381
2022-10-26,0.9962,1.0094,0.9944,1.0093,1.0093,204
2022-10-27,1.0093,1.0094,0.9958,0.9967,0.9967,1363
2022-10-28,0.9967,0.9998,0.9927,0.9966,0.9966,423
2022-10-30,0.9959,0.9962,0.9948,0.9955,0.9955,133
2022-10-31,0.9955,0.9966,0.9873,0.9886,0.9886,839
2022-11-01,0.9886,0.9954,0.9853,0.9878,0.9878,355
2022-11-02,0.9878,0.9976,0.981,0.9814,0.9814,703
2022-11-03,0.9814,0.984,0.973,0.9749,0.9749,877
2022-11-04,0.9749,0.9967,0.9748,0.9959,0.9959,36
2022-11-06,0.9914,0.9945,0.991,0.9928,0.9928,58
2022-11-07,0.9929,1.0034,0.9918,1.0018,1.0018,126
2022-11-08,1.0018,1.0096,0.9972,1.0081,1.0081,476
2022-11-09,1.0081,1.0088,0.9993,1.0019,1.0019,888
2022-11-10,1.0019,1.0222,0.9936,1.0192,1.0192,853
2022-11-11,1.0192,1.0364,1.0163,1.0355,1.0355,299
2022-11-13,1.0339,1.0339,1.0315,1.0327,1.0327,255
2022-11-14,1.0327,1.0359,1.0272,1.032,1.032,557
2022-11-15,1.032,1.0481,1.028,1.0358,1.0358,402
2022-11-16,1.0358,1.0439,1.0331,1.0394,1.0394,278
2022-11-17,1.0394,1.0407,1.0306,1.0361,1.0361,866
2022-11-18,1.0361,1.0396,1.0314,1.0323,1.0323,475
2022-11-20,1.0324,1.0333,1.0323,1.0331,1.0331,27
2022-11-21,1.0331,1.0333,1.0223,1.0245,1.0245,1065
2022-11-22,1.0245,1.0311,1.0242,1.0311,1.0311,50
2022-11-23,1.0311,1.0419,1.0297,1.0418,1.0418,156
2022-11-24,1.0418,1.0449,1.0382,1.0408,1.0408,367
2022-11-25,1.0408,1.0429,1.0355,1.0397,1.0397,529
2022-11-27,1.0378,1.0381,1.0366,1.0367,1.0367,134
2022-11-28,1.0367,1.0497,1.033,1.0344,1.0344,376
2022-11-29,1.0344,1.0394,1.0319,1.0324,1.0324,257
2022-11-30,1.0324,1.043,1.029,1.0423,1.0423,347
2022-12-01,1.0423,1.054,1.0393,1.0528,1.0528,306
2022-12-02,1.0528,1.0545,1.0428,1.0541,1.0541,967
2022-12-04,1.0536,1.0544,1.0531,1.0544,1.0544,68
2022-12-05,1.0544,1.0595,1.048,1.0497,1.0497,623
2022-12-06,1.0497,1.0533,1.0459,1.0468,1.0468,374
2022-12-07,1.0468,1.055,1.0443,1.0512,1.0512,252
2022-12-08,1.0512,1.0565,1.049,1.0556,1.0556,234
2022-12-09,1.0556,1.0588,1.0503,1.0535,1.0535,515
2022-12-11,1.0533,1.0539,1.0518,1.0521,1.0521,158
2022-12-12,1.0521,1.058,1.0506,1.0541,1.0541,163
2022-12-13,1.0541,1.0673,1.0528,1.0625,1.0625,145
2022-12-14,1.0625,1.0695,1.0619,1.0676,1.0676,71
2022-12-15,1.0676,1.0736,1.0593,1.0639,1.0639,801
2022-12-16,1.0639,1.0663,1.0585,1.0587,1.0587,523
2022-12-18,1.0589,1.0599,1.0582,1.0585,1.0585,82
2022-12-19,1.0585,1.0658,1.0576,1.0613,1.0613,102
2022-12-20,1.0613,1.0659,1.0579,1.0625,1.0625,334
2022-12-21,1.0625,1.0646,1.059,1.0608,1.0608,347
2022-12-22,1.0608,1.066,1.0573,1.0601,1.0601,346
2022-12-23,1.0602,1.0633,1.0587,1.0617,1.0617,158
2022-12-25,1.0615,1.0624,1.0612,1.0621,1.0621,51
2022-12-26,1.0621,1.0646,1.0599,1.064,1.064,222
2022-12-27,1.064,1.067,1.0612,1.0637,1.0637,289
2022-12-28,1.0637,1.0675,1.0607,1.0629,1.0629,302
2022-12-29,1.0629,1.0691,1.0611,1.0661,1.0661,187
2022-12-30,1.0661,1.0713,1.0639,1.0701,1.0701,226
2023-01-01,1.0702,1.0702,1.0702,1.0702,1.0702,20
2023-01-02,1.0706,1.0709,1.065,1.0677,1.0677,541
2023-01-03,1.0677,1.068,1.052,1.0546,1.0546,1491
2023-01-04,1.0546,1.0636,1.0546,1.0606,1.0606,21
2023-01-05,1.0606,1.0632,1.0515,1.0521,1.0521,879
2023-01-06,1.0521,1.0648,1.0483,1.0644,1.0644,384
2023-01-08,1.0642,1.0663,1.0638,1.0663,1.0663,53
2023-01-09,1.0663,1.0761,1.0652,1.0733,1.0733,124
2023-01-10,1.0733,1.0759,1.0712,1.0739,1.0739,212
2023-01-11,1.0739,1.0777,1.0726,1.0766,1.0766,140
2023-01-12,1.0766,1.0867,1.0731,1.086,1.086,339
2023-01-13,1.086,1.0868,1.0781,1.0834,1.0834,752
2023-01-15,1.0834,1.0834,1.082,1.0823,1.0823,142
2023-01-16,1.0823,1.0874,1.0802,1.083,1.083,216
2023-01-17,1.083,1.087,1.0775,1.079,1.079,527
2023-01-18,1.079,1.0888,1.0766,1.0798,1.0798,236
2023-01-19,1.0798,1.084,1.0782,1.0834,1.0834,161
2023-01-20,1.0834,1.0859,1.0802,1.0856,1.0856,308
2023-01-22,1.0864,1.087,1.0862,1.0864,1.0864,43
2023-01-23,1.0864,1.0927,1.0846,1.0872,1.0872,185
2023-01-24,1.0872,1.0898,1.0835,1.089,1.089,354
2023-01-25,1.089,1.0924,1.0857,1.0921,1.0921,321
2023-01-26,1.0921,1.0929,1.0851,1.0893,1.0893,663
2023-01-27,1.0893,1.09,1.0838,1.0869,1.0869,529
2023-01-29,1.0862,1.0873,1.0861,1.0872,1.0872,27
2023-01-30,1.0872,1.0914,1.0839,1.085,1.085,320
2023-01-31,1.085,1.0875,1.0802,1.0861,1.0861,462
2023-02-01,1.0861,1.1033,1.0852,1.1013,1.1013,96
2023-02-02,1.1013,1.1027,1.0886,1.0905,1.0905,1176
2023-02-03,1.0905,1.094,1.0793,1.0794,1.0794,1047
2023-02-05,1.0791,1.0799,1.0786,1.079,1.079,66
2023-02-06,1.0789,1.0799,1.0709,1.0729,1.0729,761
2023-02-07,1.0729,1.0767,1.0669,1.073,1.073,577
2023-02-08,1.0731,1.0761,1.071,1.0716,1.0716,215
2023-02-09,1.0715,1.0791,1.071,1.0739,1.0739,74
2023-02-10,1.0739,1.0753,1.0666,1.0677,1.0677,698
2023-02-12,1.0681,1.0683,1.0671,1.0677,1.0677,112
2023-02-13,1.0677,1.0732,1.0656,1.0731,1.0731,223
2023-02-14,1.0731,1.0803,1.0707,1.0735,1.0735,245
2023-02-15,1.0735,1.0745,1.0661,1.0692,1.0692,716
2023-02-16,1.0692,1.0722,1.0655,1.0666,1.0666,366
2023-02-17,1.0666,1.0698,1.0613,1.0694,1.0694,514
2023-02-19,1.0689,1.0693,1.0683,1.0684,1.0684,83
2023-02-20,1.0684,1.0705,1.067,1.0682,1.0682,149
2023-02-21,1.0682,1.0698,1.0638,1.0651,1.0651,440
2023-02-22,1.0651,1.0664,1.0599,1.0606,1.0606,509
2023-02-23,1.0606,1.0628,1.0577,1.0598,1.0598,288
2023-02-24,1.0598,1.0614,1.0536,1.0546,1.0546,600
2023-02-26,1.0547,1.0555,1.0547,1.0554,1.0554,21
2023-02-27,1.0554,1.062,1.0533,1.061,1.061,212
2023-02-28,1.061,1.0645,1.0574,1.0577,1.0577,353
2023-03-01,1.0577,1.0692,1.0565,1.0669,1.0669,129
2023-03-02,1.0669,1.0673,1.0577,1.0599,1.0599,884
2023-03-03,1.0599,1.0639,1.0589,1.0634,1.0634,113
2023-03-05,1.0628,1.0629,1.0624,1.0626,1.0626,63
2023-03-06,1.0626,1.0694,1.0622,1.0686,1.0686,53
2023-03-07,1.0686,1.0695,1.0546,1.0549,1.0549,1325
2023-03-08,1.0549,1.0574,1.0525,1.0549,1.0549,247
2023-03-09,1.0549,1.0591,1.0538,1.0586,1.0586,124
2023-03-10,1.0586,1.0701,1.0574,1.064,1.064,130
2023-03-12,1.0681,1.0704,1.0678,1.0681,1.0681,45
2023-03-13,1.0681,1.0749,1.065,1.0723,1.0723,308
2023-03-14,1.0723,1.075,1.0679,1.0727,1.0727,431
2023-03-15,1.0727,1.076,1.0516,1.0582,1.0582,1985
2023-03-16,1.0582,1.0636,1.0551,1.0614,1.0614,307
2023-03-17,1.0614,1.0685,1.0612,1.0665,1.0665,38
2023-03-19,1.0685,1.0689,1.0667,1.0681,1.0681,191
2023-03-20,1.0681,1.0731,1.0631,1.0719,1.0719,484
2023-03-21,1.0719,1.0788,1.0704,1.0773,1.0773,157
2023-03-22,1.0773,1.0913,1.0759,1.0869,1.0869,146
2023-03-23,1.0869,1.093,1.0824,1.0835,1.0835,433
2023-03-24,1.0835,1.0837,1.0714,1.0759,1.0759,1137
2023-03-26,1.0773,1.078,1.0766,1.0778,1.0778,83
2023-03-27,1.0778,1.0808,1.0745,1.0806,1.0806,321
2023-03-28,1.0806,1.0849,1.0804,1.0839,1.0839,44
2023-03-29,1.0839,1.0871,1.0818,1.0843,1.0843,212
2023-03-30,1.0843,1.0926,1.0824,1.0904,1.0904,196
2023-03-31,1.0904,1.0926,1.0837,1.0842,1.0842,635
2023-04-02,1.0843,1.0845,1.0801,1.0803,1.0803,400
2023-04-03,1.0803,1.0917,1.0788,1.0907,1.0907,155
2023-04-04,1.0907,1.0973,1.0883,1.0958,1.0958,239
2023-04-05,1.0958,1.097,1.0891,1.0903,1.0903,629
2023-04-06,1.0903,1.0938,1.0885,1.092,1.092,189
2023-04-07,1.092,1.0924,1.0876,1.0903,1.0903,418
2023-04-09,1.0904,1.0914,1.0901,1.0913,1.0913,40
2023-04-10,1.0913,1.0917,1.0831,1.0869,1.0869,770
2023-04-11,1.0869,1.0928,1.0867,1.0916,1.0916,35
2023-04-12,1.0917,1.1,1.0915,1.0997,1.0997,35
2023-04-13,1.0997,1.1068,1.0977,1.1052,1.1052,201
2023-04-14,1.1052,1.1076,1.0973,1.0995,1.0995,738
2023-04-16,1.0993,1.0996,1.0983,1.0985,1.0985,105
2023-04-17,1.0985,1.1,1.0909,1.0925,1.0925,705
2023-04-18,1.0925,1.0983,1.0922,1.0975,1.0975,41
2023-04-19,1.0975,1.0984,1.0917,1.0952,1.0952,545
2023-04-20,1.0952,1.099,1.0934,1.0968,1.0968,188
2023-04-21,1.0968,1.0994,1.0938,1.099,1.099,288
2023-04-23,1.0992,1.1034,1.0969,1.0992,1.0992,0
2023-04-24,1.1026,1.1057,1.1021,1.1057,1.1057,69
2023-04-25,1.1057,1.1067,1.0964,1.0978,1.0978,859
2023-04-26,1.0978,1.1095,1.0969,1.1045,1.1045,106
2023-04-27,1.1045,1.1064,1.0992,1.1032,1.1032,500
2023-04-28,1.1032,1.1045,1.0963,1.1017,1.1017,647
2023-04-30,1.1023,1.1023,1.101,1.1011,1.1011,135
2023-05-01,1.1011,1.1036,1.0965,1.0969,1.0969,441
2023-05-02,1.0969,1.1014,1.0942,1.1011,1.1011,262
2023-05-03,1.1011,1.1091,1.1005,1.1069,1.1069,73
2023-05-04,1.1069,1.1092,1.0986,1.1023,1.1023,765
2023-05-05,1.1023,1.1048,1.0967,1.1019,1.1019,530
2023-05-07,1.102,1.1024,1.1014,1.1018,1.1018,71
2023-05-08,1.1019,1.1054,1.0995,1.0997,1.0997,229
2023-05-09,1.0996,1.1001,1.0941,1.0965,1.0965,521
2023-05-10,1.0965,1.1007,1.0942,1.0983,1.0983,231
2023-05-11,1.0983,1.0998,1.09,1.0913,1.0913,771
2023-05-12,1.0912,1.0936,1.0848,1.085,1.085,610
2023-05-14,1.0855,1.0856,1.0842,1.0853,1.0853,137
2023-05-15,1.0853,1.0891,1.0848,1.0874,1.0874,63
2023-05-16,1.0874,1.0905,1.0855,1.0866,1.0866,191
2023-05-17,1.0866,1.0874,1.081,1.0838,1.0838,526
2023-05-18,1.0838,1.0848,1.0763,1.0775,1.0775,714
2023-05-19,1.0775,1.0829,1.076,1.0806,1.0806,160
2023-05-21,1.0807,1.0824,1.0807,1.0822,1.0822,24
2023-05-22,1.0822,1.0831,1.0796,1.0811,1.0811,264
2023-05-23,1.0811,1.0821,1.076,1.0769,1.0769,486
2023-05-24,1.0769,1.0801,1.0742,1.0756,1.0756,269
2023-05-25,1.0756,1.0756,1.0707,1.0724,1.0724,469
2023-05-26,1.0724,1.0759,1.0702,1.0726,1.0726,222
2023-05-28,1.0724,1.0729,1.0718,1.0722,1.0722,70
2023-05-29,1.0721,1.0744,1.0706,1.0707,1.0707,166
2023-05-30,1.0707,1.0747,1.0673,1.0732,1.0732,337
2023-05-31,1.0732,1.0736,1.0635,1.0694,1.0694,919
2023-06-01,1.0694,1.0769,1.0662,1.0761,1.0761,316
2023-06-02,1.0761,1.0779,1.0705,1.0708,1.0708,534
2023-06-04,1.0709,1.071,1.0694,1.0697,1.0697,163
2023-06-05,1.0697,1.0723,1.0675,1.0711,1.0711,228
2023-06-06,1.0712,1.0733,1.0667,1.0699,1.0699,434
2023-06-07,1.0699,1.074,1.0668,1.0707,1.0707,304
2023-06-08,1.0707,1.0787,1.0701,1.0782,1.0782,76
2023-06-09,1.0782,1.0785,1.0743,1.0749,1.0749,383
2023-06-11,1.0749,1.0752,1.0743,1.075,1.075,76
2023-06-12,1.075,1.079,1.0733,1.0762,1.0762,178
2023-06-13,1.0762,1.0824,1.0759,1.079,1.079,46
2023-06-14,1.079,1.0864,1.0774,1.0843,1.0843,163
2023-06-15,1.0843,1.0953,1.0804,1.0946,1.0946,380
2023-06-16,1.0946,1.0971,1.0918,1.0943,1.0943,272
2023-06-18,1.0937,1.0943,1.0935,1.094,1.094,41
2023-06-19,1.094,1.0946,1.0907,1.0924,1.0924,319
2023-06-20,1.0924,1.0946,1.0892,1.092,1.092,305
2023-06-21,1.092,1.0993,1.0906,1.0992,1.0992,149
2023-06-22,1.0992,1.1012,1.0949,1.0956,1.0956,411
2023-06-23,1.0956,1.0959,1.0845,1.0896,1.0896,1034
2023-06-25,1.0902,1.0907,1.0896,1.0906,1.0906,76
2023-06-26,1.0907,1.092,1.0887,1.091,1.091,194
2023-06-27,1.091,1.0977,1.0902,1.0958,1.0958,91
2023-06-28,1.0958,1.0962,1.0897,1.0915,1.0915,572
2023-06-29,1.0915,1.0941,1.086,1.0868,1.0868,522
2023-06-30,1.0868,1.0932,1.0835,1.091,1.091,316
2023-07-02,1.0912,1.0914,1.0907,1.0908,1.0908,71
2023-07-03,1.0908,1.0934,1.087,1.0913,1.0913,361
2023-07-04,1.0913,1.0917,1.0877,1.0883,1.0883,350
2023-07-05,1.0883,1.0908,1.0851,1.0855,1.0855,310
2023-07-06,1.0855,1.0901,1.0834,1.089,1.089,218
2023-07-07,1.089,1.0973,1.0867,1.0969,1.0969,227
2023-07-09,1.0965,1.097,1.0962,1.0967,1.0967,43
2023-07-10,1.0967,1.1006,1.0944,1.1005,1.1005,234
2023-07-11,1.1006,1.1027,1.0977,1.1014,1.1014,278
2023-07-12,1.1014,1.1141,1.1012,1.1141,1.1141,36
2023-07-13,1.1141,1.123,1.113,1.1224,1.1224,116
2023-07-14,1.1224,1.1245,1.1204,1.1229,1.1229,191
2023-07-16,1.1227,1.1233,1.1223,1.1227,1.1227,50
2023-07-17,1.1227,1.1249,1.1204,1.1238,1.1238,232
2023-07-18,1.1238,1.1276,1.1209,1.1228,1.1228,273
2023-07-19,1.1228,1.124,1.1174,1.1205,1.1205,500
2023-07-20,1.1205,1.1229,1.1119,1.1135,1.1135,792
2023-07-21,1.1135,1.1145,1.1108,1.1126,1.1126,259
2023-07-23,1.1126,1.1132,1.1124,1.1125,1.1125,40
2023-07-24,1.1125,1.1147,1.106,1.1063,1.1063,600
2023-07-25,1.1063,1.1087,1.1021,1.105,1.105,401
2023-07-26,1.105,1.1107,1.1038,1.1078,1.1078,130
2023-07-27,1.1078,1.115,1.0966,1.0978,1.0978,1031
2023-07-28,1.0978,1.1048,1.0944,1.1018,1.1018,335
2023-07-30,1.1019,1.1028,1.1018,1.1024,1.1024,34
2023-07-31,1.1024,1.1046,1.0994,1.0997,1.0997,296
2023-08-01,1.0997,1.102,1.0953,1.1008,1.1008,422
2023-08-02,1.1008,1.1008,1.0918,1.0944,1.0944,834
2023-08-03,1.0944,1.0963,1.0912,1.0951,1.0951,304
2023-08-04,1.0951,1.1042,1.0935,1.101,1.101,166
2023-08-06,1.1015,1.1018,1.1001,1.1003,1.1003,146
2023-08-07,1.1003,1.1012,1.0966,1.1003,1.1003,357
2023-08-08,1.1003,1.1011,1.0929,1.0959,1.0959,689
2023-08-09,1.0959,1.0995,1.0955,1.0977,1.0977,56
2023-08-10,1.0977,1.1065,1.0967,1.0982,1.0982,109
2023-08-11,1.0982,1.1005,1.0943,1.0948,1.0948,373
2023-08-13,1.0954,1.0954,1.094,1.0943,1.0943,145
2023-08-14,1.0943,1.096,1.0875,1.0908,1.0908,642
2023-08-15,1.0908,1.0953,1.0897,1.0904,1.0904,117
2023-08-16,1.0904,1.0935,1.0872,1.0875,1.0875,318
2023-08-17,1.0875,1.0918,1.0857,1.0874,1.0874,186
2023-08-18,1.0874,1.0894,1.0845,1.0873,1.0873,290
2023-08-20,1.0871,1.0879,1.087,1.0875,1.0875,26
2023-08-21,1.0875,1.0914,1.087,1.0898,1.0898,68
2023-08-22,1.0898,1.093,1.0833,1.0846,1.0846,614
2023-08-23,1.0847,1.0872,1.0803,1.0866,1.0866,424
2023-08-24,1.0866,1.0877,1.0793,1.0799,1.0799,691
2023-08-25,1.0799,1.0842,1.0766,1.0795,1.0795,326
2023-08-27,1.0797,1.0821,1.0797,1.0797,1.0797,0
2023-08-28,1.0808,1.083,1.0799,1.0826,1.0826,106
2023-08-29,1.0826,1.0892,1.0782,1.0869,1.0869,420
2023-08-30,1.0869,1.0946,1.0855,1.093,1.093,149
2023-08-31,1.093,1.094,1.0835,1.0842,1.0842,883
2023-09-01,1.0843,1.0882,1.0772,1.0775,1.0775,668
2023-09-03,1.0779,1.0781,1.0772,1.0776,1.0776,83
2023-09-04,1.0776,1.0809,1.0773,1.0791,1.0791,41
2023-09-05,1.0791,1.0799,1.0706,1.0725,1.0725,806
2023-09-06,1.0725,1.0749,1.0703,1.0724,1.0724,226
2023-09-07,1.0724,1.0732,1.0686,1.0698,1.0698,371
2023-09-08,1.0698,1.0744,1.0694,1.0701,1.0701,52
2023-09-10,1.0715,1.0721,1.0709,1.0716,1.0716,82
2023-09-11,1.0716,1.0759,1.071,1.0748,1.0748,79
2023-09-12,1.0748,1.0769,1.0706,1.0753,1.0753,412
2023-09-13,1.0753,1.0765,1.0711,1.0733,1.0733,412
2023-09-14,1.0733,1.0752,1.0632,1.0635,1.0635,961
2023-09-15,1.0635,1.0688,1.0633,1.0662,1.0662,37
2023-09-17,1.0663,1.0669,1.0662,1.0668,1.0668,28
2023-09-18,1.0668,1.0699,1.0655,1.0692,1.0692,145
2023-09-19,1.0692,1.0718,1.0675,1.0682,1.0682,177
2023-09-20,1.0682,1.0737,1.0648,1.065,1.065,335
2023-09-21,1.065,1.0674,1.0617,1.066,1.066,330
2023-09-22,1.0661,1.0672,1.0615,1.0648,1.0648,445
2023-09-24,1.0652,1.0653,1.0645,1.0648,1.0648,81
2023-09-25,1.0648,1.0656,1.0575,1.0591,1.0591,705
2023-09-26,1.0591,1.0609,1.0562,1.0569,1.0569,296
2023-09-27,1.0569,1.0574,1.0488,1.0505,1.0505,786
2023-09-28,1.0505,1.0579,1.0491,1.0562,1.0562,157
2023-09-29,1.0562,1.0617,1.0558,1.0573,1.0573,59
2023-10-01,1.0571,1.0573,1.0558,1.0564,1.0564,147
2023-10-02,1.0564,1.0592,1.0475,1.048,1.048,861
2023-10-03,1.048,1.0494,1.0448,1.0469,1.0469,322
2023-10-04,1.0469,1.0532,1.0451,1.0507,1.0507,184
2023-10-05,1.0507,1.0552,1.05,1.0547,1.0547,86
2023-10-06,1.0547,1.06,1.0483,1.0587,1.0587,624
2023-10-08,1.0553,1.0569,1.0551,1.0566,1.0566,47
2023-10-09,1.0566,1.058,1.052,1.0579,1.0579,462
2023-10-10,1.0579,1.062,1.0554,1.0604,1.0604,250
2023-10-11,1.0604,1.0635,1.0581,1.0624,1.0624,239
2023-10-12,1.0623,1.064,1.0526,1.0536,1.0536,939
2023-10-13,1.0536,1.0559,1.0496,1.0509,1.0509,402
2023-10-15,1.0514,1.0526,1.0511,1.0522,1.0522,46
2023-10-16,1.0522,1.0563,1.0516,1.0554,1.0554,82
2023-10-17,1.0555,1.0595,1.0533,1.0573,1.0573,223
2023-10-18,1.0573,1.0594,1.0523,1.0538,1.0538,488
2023-10-19,1.0538,1.0617,1.0528,1.0587,1.0587,112
2023-10-20,1.0587,1.0604,1.0565,1.0595,1.0595,222
2023-10-22,1.0595,1.0598,1.0589,1.059,1.059,79
2023-10-23,1.059,1.0678,1.0572,1.067,1.067,190
2023-10-24,1.067,1.0695,1.0583,1.0595,1.0595,833
2023-10-25,1.0595,1.0607,1.056,1.0566,1.0566,348
2023-10-26,1.0566,1.0569,1.0522,1.0564,1.0564,440
2023-10-27,1.0564,1.0597,1.0536,1.0565,1.0565,289
2023-10-29,1.0569,1.0573,1.0559,1.0562,1.0562,117
2023-10-30,1.0562,1.0625,1.0547,1.0614,1.0614,160
2023-10-31,1.0614,1.0675,1.0558,1.0578,1.0578,550
2023-11-01,1.0578,1.0587,1.0517,1.0587,1.0587,597
2023-11-02,1.0587,1.0668,1.0584,1.0616,1.0616,49
2023-11-03,1.0616,1.0747,1.0615,1.0731,1.0731,31
2023-11-05,1.0725,1.0734,1.0724,1.0732,1.0732,32
2023-11-06,1.0732,1.0756,1.0716,1.0718,1.0718,161
2023-11-07,1.0719,1.072,1.0664,1.0696,1.0696,526
2023-11-08,1.0696,1.0716,1.0659,1.0711,1.0711,359
2023-11-09,1.0711,1.0725,1.066,1.0667,1.0667,497
2023-11-10,1.0667,1.0693,1.0656,1.0685,1.0685,122
2023-11-12,1.0685,1.0691,1.0683,1.0691,1.0691,40
2023-11-13,1.0691,1.0706,1.0665,1.0701,1.0701,258
2023-11-14,1.0701,1.0888,1.0693,1.0878,1.0878,99
2023-11-15,1.0878,1.0886,1.0832,1.0854,1.0854,444
2023-11-16,1.0854,1.0896,1.083,1.0853,1.0853,241
2023-11-17,1.0853,1.0914,1.0825,1.0914,1.0914,280
2023-11-19,1.0911,1.0952,1.0898,1.094,1.094,77986
2023-11-20,1.0911,1.0952,1.091,1.0945,1.0945,29
2023-11-21,1.0945,1.0965,1.09,1.0917,1.0917,427
2023-11-22,1.0917,1.0923,1.0853,1.0888,1.0888,613
2023-11-23,1.0888,1.0931,1.0887,1.0904,1.0904,29
2023-11-24,1.0904,1.0949,1.0895,1.094,1.094,102
2023-11-26,1.0945,1.0948,1.0939,1.094,1.094,75
2023-11-27,1.094,1.0959,1.0925,1.0959,1.0959,153
2023-11-28,1.0959,1.1009,1.0935,1.1004,1.1004,244
2023-11-29,1.1004,1.1017,1.096,1.0973,1.0973,420
2023-11-30,1.0974,1.0984,1.0879,1.0892,1.0892,877
2023-12-01,1.0892,1.0913,1.0829,1.0884,1.0884,597
2023-12-03,1.0882,1.0895,1.0879,1.0886,1.0886,45
2023-12-04,1.0886,1.0887,1.0804,1.0837,1.0837,770
2023-12-05,1.0837,1.0848,1.0778,1.0793,1.0793,565
2023-12-06,1.0794,1.0805,1.0759,1.0766,1.0766,341
2023-12-07,1.0766,1.0818,1.0755,1.079,1.079,123
2023-12-08,1.079,1.0801,1.0724,1.076,1.076,633
2023-12-10,1.0758,1.0768,1.0756,1.0765,1.0765,38
2023-12-11,1.0765,1.0779,1.0742,1.0765,1.0765,240
2023-12-12,1.0765,1.0827,1.0761,1.0798,1.0798,58
2023-12-13,1.0799,1.0897,1.0773,1.0883,1.0883,254
2023-12-14,1.0883,1.1009,1.0879,1.0994,1.0994,52
2023-12-15,1.0994,1.1004,1.0889,1.0895,1.0895,974
2023-12-17,1.0897,1.0898,1.0892,1.0895,1.0895,62
2023-12-18,1.0895,1.0931,1.0894,1.0923,1.0923,27
2023-12-19,1.0924,1.0988,1.0915,1.098,1.098,98
2023-12-20,1.0979,1.098,1.093,1.0943,1.0943,470
2023-12-21,1.0943,1.1013,1.0935,1.1006,1.1006,93
2023-12-22,1.1006,1.104,1.0994,1.1014,1.1014,127
2023-12-25,1.1009,1.1023,1.1007,1.1019,1.1019,38
2023-12-26,1.1019,1.1045,1.1009,1.1042,1.1042,112
2023-12-27,1.1043,1.1123,1.1029,1.1108,1.1108,144
2023-12-28,1.1108,1.114,1.1055,1.1068,1.1068,496
2023-12-29,1.1068,1.1085,1.1034,1.1038,1.1038,324
2024-01-01,1.1046,1.1046,1.1036,1.1037,1.1037,112
2024-01-02,1.1037,1.1043,1.0939,1.0942,1.0942,909
2024-01-03,1.0942,1.0966,1.0893,1.0926,1.0926,465
2024-01-04,1.0926,1.0972,1.0916,1.0946,1.0946,111
2024-01-05,1.0947,1.0998,1.0877,1.0942,1.0942,653
2024-01-07,1.0947,1.0947,1.0935,1.0942,1.0942,126
2024-01-08,1.0942,1.0979,1.0923,1.095,1.095,193
2024-01-09,1.095,1.0966,1.0911,1.0932,1.0932,377
2024-01-10,1.0932,1.0975,1.0923,1.0974,1.0974,99
2024-01-11,1.0974,1.1,1.093,1.0983,1.0983,419
2024-01-12,1.0983,1.0987,1.0936,1.095,1.095,442
2024-01-14,1.0947,1.0952,1.0944,1.0945,1.0945,42
2024-01-15,1.0945,1.0968,1.0934,1.0945,1.0945,126
2024-01-16,1.0945,1.0946,1.0862,1.0879,1.0879,777
2024-01-17,1.0879,1.0886,1.0845,1.0886,1.0886,331
2024-01-18,1.0886,1.0907,1.0847,1.088,1.088,381
2024-01-19,1.088,1.0898,1.0866,1.0898,1.0898,151
2024-01-21,1.0894,1.0898,1.0889,1.0892,1.0892,63
2024-01-22,1.0892,1.091,1.0877,1.0877,1.0877,159
2024-01-23,1.0878,1.0916,1.0822,1.0857,1.0857,533
2024-01-24,1.0857,1.0932,1.0852,1.0881,1.0881,74
2024-01-25,1.0881,1.0902,1.0822,1.0846,1.0846,567
2024-01-26,1.0846,1.0886,1.0813,1.0854,1.0854,321
2024-01-28,1.0845,1.0849,1.0842,1.0842,1.0842,44
2024-01-29,1.0843,1.085,1.0796,1.0834,1.0834,448
2024-01-30,1.0834,1.0857,1.0812,1.0843,1.0843,221
2024-01-31,1.0843,1.0888,1.0795,1.0804,1.0804,464
2024-02-01,1.0804,1.0876,1.078,1.0874,1.0874,242
2024-02-02,1.0874,1.0898,1.0781,1.0787,1.0787,882
2024-02-04,1.0785,1.0787,1.077,1.078,1.078,153
2024-02-05,1.078,1.0786,1.0723,1.0741,1.0741,544
2024-02-06,1.0741,1.0762,1.0723,1.0757,1.0757,192
2024-02-07,1.0757,1.0784,1.0756,1.0776,1.0776,29
2024-02-08,1.0776,1.0789,1.0742,1.0778,1.0778,334
2024-02-09,1.0778,1.0795,1.0762,1.0785,1.0785,165
2024-02-11,1.078,1.0798,1.078,1.0798,1.0798,20
2024-02-12,1.0798,1.0806,1.0756,1.0772,1.0772,409
2024-02-13,1.0772,1.0803,1.0701,1.0709,1.0709,681
2024-02-14,1.0709,1.0735,1.0695,1.0732,1.0732,145
2024-02-15,1.0732,1.0785,1.0725,1.0773,1.0773,88
2024-02-16,1.0773,1.0788,1.0732,1.0778,1.0778,397
2024-02-18,1.0775,1.0785,1.0773,1.0784,1.0784,44
2024-02-19,1.0784,1.0789,1.0762,1.0776,1.0776,223
2024-02-20,1.0776,1.0839,1.0762,1.081,1.081,146
2024-02-21,1.081,1.0824,1.079,1.082,1.082,204
2024-02-22,1.082,1.0888,1.0803,1.0826,1.0826,180
2024-02-23,1.0826,1.084,1.0812,1.0821,1.0821,145
2024-02-25,1.0831,1.0831,1.0819,1.0819,1.0819,133
2024-02-26,1.0819,1.086,1.0813,1.085,1.085,78
2024-02-27,1.0851,1.0866,1.0833,1.0841,1.0841,181
2024-02-28,1.0841,1.0846,1.0797,1.0838,1.0838,430
2024-02-29,1.0839,1.0856,1.0796,1.0806,1.0806,413
2024-03-01,1.0806,1.0843,1.0798,1.084,1.084,91
2024-03-03,1.0839,1.0844,1.0838,1.0842,1.0842,32
2024-03-04,1.0842,1.0867,1.0838,1.0854,1.0854,55
2024-03-05,1.0854,1.0876,1.0841,1.0856,1.0856,142
2024-03-06,1.0856,1.0915,1.0842,1.09,1.09,142
2024-03-07,1.09,1.0951,1.0868,1.0951,1.0951,310
2024-03-08,1.0951,1.0981,1.0919,1.0939,1.0939,315
2024-03-10,1.0943,1.0944,1.0936,1.0943,1.0943,81
2024-03-11,1.0943,1.0948,1.0915,1.0931,1.0931,277
2024-03-12,1.0931,1.0944,1.0902,1.0927,1.0927,278
2024-03-13,1.0927,1.0964,1.092,1.0953,1.0953,82
2024-03-14,1.0953,1.0955,1.0881,1.0883,1.0883,680
2024-03-15,1.0883,1.09,1.0873,1.0887,1.0887,109
2024-03-17,1.089,1.0891,1.0882,1.0884,1.0884,95
2024-03-18,1.0884,1.0906,1.0866,1.0873,1.0873,182
2024-03-19,1.0873,1.0877,1.0835,1.0862,1.0862,374
2024-03-20,1.0862,1.0938,1.0837,1.0937,1.0937,253
2024-03-21,1.0937,1.0943,1.0856,1.0862,1.0862,766
2024-03-22,1.0862,1.0868,1.0802,1.0808,1.0808,576
2024-03-24,1.0809,1.0811,1.0806,1.0807,1.0807,46
2024-03-25,1.0807,1.0842,1.0802,1.0837,1.0837,67
2024-03-26,1.0837,1.0864,1.0824,1.0833,1.0833,135
2024-03-27,1.0833,1.0839,1.081,1.0813,1.0813,225
2024-03-28,1.0813,1.0827,1.0775,1.0791,1.0791,365
2024-03-29,1.0792,1.0805,1.0768,1.0793,1.0793,234
2024-03-31,1.0789,1.0797,1.0786,1.0793,1.0793,45
2024-04-01,1.0793,1.0799,1.0731,1.0737,1.0737,596
2024-04-02,1.0737,1.0779,1.0725,1.0768,1.0768,139
2024-04-03,1.0768,1.0841,1.0764,1.0838,1.0838,56
2024-04-04,1.0838,1.0877,1.0832,1.0837,1.0837,75
2024-04-05,1.0837,1.0848,1.0792,1.0837,1.0837,435
2024-04-07,1.0838,1.0839,1.0827,1.083,1.083,117
2024-04-08,1.083,1.0864,1.0821,1.0862,1.0862,101
2024-04-09,1.0862,1.0885,1.0848,1.0859,1.0859,152
2024-04-10,1.0859,1.0867,1.0729,1.0741,1.0741,1217
2024-04-11,1.0741,1.0757,1.0699,1.0726,1.0726,410
2024-04-12,1.0726,1.0728,1.0623,1.0641,1.0641,985
2024-04-14,1.0635,1.0652,1.0633,1.0646,1.0646,45
2024-04-15,1.0646,1.0665,1.062,1.0625,1.0625,262
2024-04-16,1.0625,1.0654,1.0601,1.0621,1.0621,238
2024-04-17,1.0621,1.068,1.0606,1.0669,1.0669,159
2024-04-18,1.0669,1.069,1.064,1.0643,1.0643,290
2024-04-19,1.0643,1.0678,1.0611,1.0657,1.0657,319
2024-04-21,1.0655,1.0663,1.0653,1.0658,1.0658,35
2024-04-22,1.0658,1.0671,1.0624,1.0654,1.0654,334
2024-04-23,1.0654,1.0711,1.0639,1.0703,1.0703,163
2024-04-24,1.0703,1.0714,1.0678,1.07,1.07,248
2024-04-25,1.07,1.074,1.0679,1.0727,1.0727,221
2024-04-26,1.0727,1.0753,1.0674,1.0693,1.0693,512
2024-04-28,1.0695,1.0707,1.0693,1.0707,1.0707,40
2024-04-29,1.0707,1.0734,1.069,1.0715,1.0715,177
2024-04-30,1.0715,1.0735,1.0665,1.0666,1.0666,484
2024-05-01,1.0666,1.0733,1.065,1.0717,1.0717,175
2024-05-02,1.0717,1.0731,1.0674,1.073,1.073,417
2024-05-03,1.073,1.0813,1.0724,1.0763,1.0763,71
2024-05-05,1.0763,1.0765,1.0758,1.0759,1.0759,68
2024-05-06,1.0759,1.0791,1.0755,1.0767,1.0767,48
2024-05-07,1.0767,1.0787,1.0748,1.075,1.075,203
2024-05-08,1.075,1.0758,1.0735,1.0747,1.0747,155
2024-05-09,1.0747,1.0786,1.0724,1.0782,1.0782,232
2024-05-10,1.0782,1.079,1.076,1.0771,1.0771,220
2024-05-12,1.0772,1.0775,1.0768,1.077,1.077,60
2024-05-13,1.077,1.0807,1.0766,1.0792,1.0792,58
2024-05-14,1.0792,1.0826,1.0767,1.0814,1.0814,251
2024-05-15,1.0814,1.089,1.0813,1.0888,1.0888,27
2024-05-16,1.0889,1.0895,1.0855,1.0868,1.0868,332
2024-05-17,1.0868,1.0879,1.0836,1.0869,1.0869,316
2024-05-19,1.0869,1.0874,1.0866,1.0873,1.0873,43
2024-05-20,1.0872,1.0885,1.0854,1.0861,1.0861,188
2024-05-21,1.086,1.0875,1.0843,1.0854,1.0854,182
2024-05-22,1.0854,1.0864,1.0818,1.0825,1.0825,356
2024-05-23,1.0825,1.0861,1.0805,1.0812,1.0812,208
2024-05-24,1.0812,1.0858,1.0806,1.0846,1.0846,76
2024-05-26,1.085,1.0851,1.0844,1.0847,1.0847,66
2024-05-27,1.0847,1.0868,1.0841,1.0862,1.0862,73
2024-05-28,1.0862,1.0889,1.0851,1.0851,1.0851,117
2024-05-29,1.0851,1.0859,1.08,1.0801,1.0801,495
2024-05-30,1.0801,1.0845,1.0789,1.0832,1.0832,137
2024-05-31,1.0831,1.0882,1.0811,1.0848,1.0848,206
2024-06-02,1.0851,1.0855,1.0845,1.0853,1.0853,73
2024-06-03,1.0853,1.091,1.0828,1.0907,1.0907,247
2024-06-04,1.0907,1.0916,1.0859,1.0882,1.0882,461
2024-06-05,1.0882,1.0892,1.0855,1.0874,1.0874,270
2024-06-06,1.0874,1.0902,1.0862,1.0892,1.0892,132
2024-06-07,1.0892,1.0905,1.08,1.0802,1.0802,863
2024-06-09,1.0771,1.078,1.0765,1.0779,1.0779,71
2024-06-10,1.0779,1.0782,1.0733,1.0764,1.0764,448
2024-06-11,1.0763,1.0774,1.072,1.074,1.074,427
2024-06-12,1.074,1.0852,1.0735,1.0813,1.0813,70
2024-06-13,1.0813,1.0816,1.0733,1.0738,1.0738,758
2024-06-14,1.0737,1.0745,1.0668,1.07,1.07,669
2024-06-16,1.0705,1.0709,1.0702,1.0703,1.0703,47
2024-06-17,1.0703,1.0741,1.0687,1.074,1.074,170
2024-06-18,1.074,1.0762,1.071,1.0739,1.0739,299
2024-06-19,1.0739,1.0753,1.0725,1.0747,1.0747,148
2024-06-20,1.0747,1.0749,1.0701,1.0706,1.0706,445
2024-06-21,1.0706,1.0721,1.0671,1.0692,1.0692,346
2024-06-23,1.0689,1.0696,1.0687,1.0688,1.0688,34
2024-06-24,1.0688,1.0747,1.0684,1.0732,1.0732,60
2024-06-25,1.0732,1.0744,1.0691,1.0709,1.0709,406
2024-06-26,1.0709,1.0718,1.0666,1.068,1.068,421
2024-06-27,1.068,1.0727,1.0677,1.0708,1.0708,45
2024-06-28,1.0708,1.0725,1.0685,1.0714,1.0714,229
2024-06-30,1.0745,1.0746,1.0733,1.0735,1.0735,132
2024-07-01,1.0735,1.0776,1.072,1.0737,1.0737,162
2024-07-02,1.0737,1.0749,1.071,1.0748,1.0748,267
2024-07-03,1.0748,1.0817,1.0736,1.0791,1.0791,130
2024-07-04,1.0791,1.0814,1.0784,1.0811,1.0811,89
2024-07-05,1.0811,1.0843,1.08,1.084,1.084,122
2024-07-07,1.0804,1.0833,1.0803,1.0826,1.0826,28
2024-07-08,1.0826,1.0845,1.0815,1.0831,1.0831,120
2024-07-09,1.0831,1.0833,1.0806,1.0814,1.0814,252
2024-07-10,1.0814,1.0837,1.0811,1.0833,1.0833,51
2024-07-11,1.0833,1.09,1.0832,1.0874,1.0874,30
2024-07-12,1.0874,1.0911,1.0862,1.0907,1.0907,131
2024-07-14,1.0887,1.0896,1.0883,1.0886,1.0886,48
2024-07-15,1.0886,1.0922,1.0884,1.0898,1.0898,42
2024-07-16,1.0898,1.0906,1.0872,1.0902,1.0902,264
2024-07-17,1.0902,1.0948,1.0895,1.094,1.094,84
2024-07-18,1.094,1.0941,1.0894,1.09,1.09,446
2024-07-19,1.09,1.09,1.0876,1.0886,1.0886,245
2024-07-21,1.0886,1.0903,1.0883,1.0899,1.0899,43
2024-07-22,1.0899,1.09,1.0873,1.0889,1.0889,256
2024-07-23,1.0889,1.0897,1.0844,1.085,1.085,435
2024-07-24,1.085,1.0867,1.0826,1.0838,1.0838,241
2024-07-25,1.0838,1.087,1.0828,1.0851,1.0851,109
2024-07-26,1.0852,1.0868,1.0842,1.0856,1.0856,105
2024-07-28,1.0859,1.0861,1.0853,1.0853,1.0853,78
2024-07-29,1.0853,1.087,1.0803,1.0819,1.0819,480
2024-07-30,1.0819,1.0836,1.0798,1.0816,1.0816,212
2024-07-31,1.0816,1.085,1.0802,1.0824,1.0824,147
2024-08-01,1.0824,1.0835,1.0778,1.0787,1.0787,446
2024-08-02,1.0786,1.0927,1.0782,1.0911,1.0911,61
2024-08-04,1.0922,1.0924,1.0903,1.0911,1.0911,193
2024-08-05,1.0911,1.1009,1.0893,1.0951,1.0951,186
2024-08-06,1.0951,1.0963,1.0904,1.0926,1.0926,448
2024-08-07,1.0926,1.0937,1.0905,1.0928,1.0928,208
2024-08-08,1.0928,1.0945,1.0881,1.0915,1.0915,441
2024-08-09,1.0915,1.0931,1.0909,1.0916,1.0916,73
2024-08-11,1.0918,1.092,1.091,1.0913,1.0913,89
2024-08-12,1.0913,1.094,1.0912,1.0936,1.0936,29
2024-08-13,1.0936,1.1,1.0914,1.0996,1.0996,223
2024-08-14,1.0996,1.1047,1.0987,1.1012,1.1012,107
2024-08-15,1.1012,1.1016,1.095,1.0973,1.0973,585
2024-08-16,1.0973,1.103,1.0972,1.1028,1.1028,26
2024-08-18,1.1028,1.1034,1.1023,1.1025,1.1025,65
2024-08-19,1.1025,1.1088,1.1023,1.1086,1.1086,33
2024-08-20,1.1086,1.1132,1.1072,1.1128,1.1128,144
2024-08-21,1.1128,1.1174,1.1099,1.1155,1.1155,276
2024-08-22,1.1155,1.1165,1.1098,1.1116,1.1116,530
2024-08-23,1.1116,1.1201,1.1106,1.1193,1.1193,115
2024-08-25,1.119,1.1196,1.1186,1.1189,1.1189,54
2024-08-26,1.1189,1.1202,1.115,1.1165,1.1165,368
2024-08-27,1.1165,1.1191,1.115,1.1177,1.1177,149
2024-08-28,1.1177,1.118,1.1105,1.1125,1.1125,664
2024-08-29,1.1125,1.114,1.1056,1.108,1.108,639
2024-08-30,1.108,1.1095,1.1044,1.1047,1.1047,348
2024-09-01,1.1051,1.1051,1.1044,1.1045,1.1045,77
2024-09-02,1.1045,1.1078,1.1042,1.1067,1.1067,43
2024-09-03,1.1067,1.107,1.1026,1.1049,1.1049,389
2024-09-04,1.1049,1.1095,1.104,1.108,1.108,96
2024-09-05,1.108,1.112,1.1075,1.1111,1.1111,68
2024-09-06,1.1111,1.1156,1.1066,1.1086,1.1086,429
2024-09-08,1.1083,1.1091,1.1083,1.1087,1.1087,24
2024-09-09,1.1087,1.1091,1.1034,1.1036,1.1036,497
2024-09-10,1.1035,1.105,1.1015,1.102,1.102,203
2024-09-11,1.102,1.1055,1.1002,1.101,1.101,185
2024-09-12,1.101,1.1079,1.1006,1.1079,1.1079,62
2024-09-13,1.1079,1.1102,1.1073,1.1076,1.1076,74
2024-09-15,1.108,1.109,1.1075,1.1088,1.1088,65
2024-09-16,1.1088,1.1138,1.1087,1.1129,1.1129,25
2024-09-17,1.1129,1.1146,1.1111,1.1122,1.1122,182
2024-09-18,1.1122,1.1189,1.1097,1.1114,1.1114,248
2024-09-19,1.1114,1.1179,1.1069,1.1159,1.1159,429
2024-09-20,1.116,1.1182,1.1136,1.1163,1.1163,229
2024-09-22,1.1162,1.1166,1.1159,1.1159,1.1159,49
2024-09-23,1.1159,1.1167,1.1083,1.1111,1.1111,699
2024-09-24,1.1111,1.1191,1.1103,1.1191,1.1191,87
2024-09-25,1.1191,1.1214,1.1122,1.113,1.113,641
2024-09-26,1.113,1.1189,1.1126,1.1177,1.1177,56
2024-09-27,1.1177,1.1203,1.1125,1.1163,1.1163,486
2024-09-29,1.1162,1.1173,1.1159,1.1169,1.1169,43
2024-09-30,1.1169,1.1209,1.1114,1.1137,1.1137,514
2024-10-01,1.1137,1.1144,1.1046,1.1065,1.1065,835
2024-10-02,1.1065,1.1083,1.1033,1.1046,1.1046,308
2024-10-03,1.1046,1.1047,1.1008,1.1035,1.1035,360
2024-10-04,1.1035,1.104,1.0951,1.0975,1.0975,780
2024-10-06,1.097,1.0973,1.0963,1.0971,1.0971,83
2024-10-07,1.0971,1.0987,1.0954,1.0974,1.0974,168
2024-10-08,1.0975,1.0997,1.0961,1.0976,1.0976,143
2024-10-09,1.0976,1.0979,1.0936,1.0942,1.0942,378
2024-10-10,1.0942,1.0955,1.09,1.0934,1.0934,399
2024-10-11,1.0934,1.0954,1.0926,1.0936,1.0936,88
2024-10-13,1.0933,1.0935,1.0922,1.0923,1.0923,117
2024-10-14,1.0923,1.0937,1.0888,1.0909,1.0909,340
2024-10-15,1.0909,1.0917,1.0882,1.0883,1.0883,269
2024-10-16,1.0883,1.0902,1.0853,1.0859,1.0859,292
2024-10-17,1.0859,1.0874,1.0811,1.0829,1.0829,459
2024-10-18,1.0829,1.087,1.0827,1.0868,1.0868,36
2024-10-20,1.0862,1.0872,1.0862,1.0868,1.0868,21
2024-10-21,1.0868,1.0869,1.0811,1.0815,1.0815,545
2024-10-22,1.0815,1.0838,1.0793,1.0797,1.0797,228
2024-10-23,1.0795,1.0807,1.0761,1.0781,1.0781,333
2024-10-24,1.0781,1.083,1.0771,1.0824,1.0824,111
2024-10-25,1.0824,1.0839,1.0793,1.0796,1.0796,306
2024-10-27,1.0795,1.0802,1.0787,1.0796,1.0796,91
2024-10-28,1.0796,1.0828,1.0782,1.0818,1.0818,149
2024-10-29,1.0818,1.0826,1.0769,1.082,1.082,471
2024-10-30,1.082,1.0871,1.0808,1.0858,1.0858,129
2024-10-31,1.0858,1.0888,1.0844,1.0884,1.0884,149
2024-11-01,1.0884,1.0906,1.0832,1.0833,1.0833,499
2024-11-03,1.0876,1.0882,1.0872,1.0873,1.0873,55
2024-11-04,1.0873,1.0908,1.087,1.0874,1.0874,46
2024-11-05,1.0874,1.0937,1.0873,1.0934,1.0934,31
2024-11-06,1.0934,1.0934,1.0683,1.0732,1.0732,2319
2024-11-07,1.0732,1.0825,1.0713,1.0796,1.0796,193
2024-11-08,1.0796,1.0798,1.0687,1.0719,1.0719,1027
2024-11-10,1.0712,1.0717,1.0709,1.0713,1.0713,47
2024-11-11,1.0713,1.0728,1.0629,1.0663,1.0663,809
2024-11-12,1.0663,1.0663,1.0595,1.0617,1.0617,659
2024-11-13,1.0617,1.0654,1.0556,1.0566,1.0566,595
2024-11-14,1.0566,1.0583,1.0496,1.053,1.053,678
2024-11-15,1.053,1.0593,1.0518,1.054,1.054,132
2024-11-17,1.0532,1.0539,1.0531,1.0536,1.0536,29
2024-11-18,1.0536,1.0607,1.053,1.0595,1.0595,75
2024-11-19,1.0595,1.0608,1.0524,1.0607,1.0607,689
2024-11-20,1.0607,1.061,1.0507,1.0546,1.0546,967
2024-11-21,1.0546,1.0555,1.0462,1.0469,1.0469,812
2024-11-22,1.0469,1.0498,1.0333,1.042,1.042,1323
2024-11-24,1.048,1.0501,1.0464,1.0479,1.0479,174
2024-11-25,1.0479,1.053,1.0443,1.0444,1.0444,368
2024-11-26,1.0444,1.0545,1.0425,1.0492,1.0492,201
2024-11-27,1.0492,1.0588,1.0475,1.0562,1.0562,183
2024-11-28,1.0562,1.0563,1.0528,1.056,1.056,347
2024-11-29,1.056,1.0597,1.0542,1.0578,1.0578,196
2024-12-01,1.0575,1.0578,1.0534,1.0544,1.0544,415
2024-12-02,1.0544,1.0546,1.0461,1.0501,1.0501,810
2024-12-03,1.0501,1.0535,1.0481,1.051,1.051,208
2024-12-04,1.051,1.0544,1.0472,1.0512,1.0512,377
2024-12-05,1.0513,1.059,1.0508,1.0587,1.0587,60
2024-12-06,1.0587,1.063,1.0542,1.0568,1.0568,437
2024-12-08,1.056,1.0569,1.0558,1.0566,1.0566,36
2024-12-09,1.0566,1.0595,1.0532,1.0554,1.0554,337
2024-12-10,1.0554,1.0568,1.0499,1.0531,1.0531,548
2024-12-11,1.0531,1.0539,1.048,1.0506,1.0506,503
2024-12-12,1.0506,1.0531,1.0464,1.0474,1.0474,418
2024-12-13,1.0474,1.0524,1.0453,1.0503,1.0503,216
2024-12-14,1.0503,1.0504,1.0503,1.0504,1.0504,88252
2024-12-15,1.0489,1.0525,1.0475,1.0511,1.0511,132413
2024-12-16,1.0511,1.0534,1.0479,1.0492,1.0492,135615
2024-12-17,1.0493,1.0513,1.0344,1.035,1.035,173985
2024-12-18,1.0354,1.0422,1.0348,1.0363,1.0363,199845
2024-12-19,1.0365,1.0448,1.0343,1.0429,1.0429,173946
2024-12-20,1.0365,1.0433,1.0344,1.0365,1.0365,0
2024-12-21,1.0429,1.0429,1.0429,1.0429,1.0429,85067
2024-12-22,1.0432,1.0446,1.0384,1.0406,1.0406,109533
2024-12-23,1.041,1.0411,1.0384,1.0397,1.0397,75068
2024-12-24,1.0406,1.0411,1.0387,1.0406,1.0406,0
2024-12-25,1.0404,1.043,1.0391,1.0423,1.0423,83348
2024-12-26,1.0422,1.0444,1.0405,1.0427,1.0427,94369
2024-12-27,1.0423,1.0445,1.0407,1.0423,1.0423,0
2024-12-28,1.0425,1.0425,1.0424,1.0424,1.0424,85380
2024-12-29,1.0432,1.0458,1.0372,1.0407,1.0407,113856
2024-12-30,1.0403,1.0425,1.0344,1.0353,1.0353,122012
2024-12-31,1.0406,1.0424,1.0349,1.0406,1.0406,0
2025-01-01,1.0355,1.0376,1.0224,1.0267,1.0267,162995
2025-01-02,1.026,1.031,1.026,1.0309,1.0309,115948
2025-01-03,1.0268,1.0305,1.0265,1.0268,1.0268,0
2025-01-04,1.0309,1.0309,1.0308,1.0308,1.0308,79625
2025-01-05,1.0306,1.0437,1.0296,1.039,1.039,199461
2025-01-06,1.0385,1.0435,1.034,1.034,1.034,159699
2025-01-07,1.0343,1.0358,1.0273,1.0319,1.0319,168442
2025-01-08,1.0317,1.0322,1.0284,1.03,1.03,109898
2025-01-09,1.0301,1.0312,1.0213,1.0244,1.0244,178811
2025-01-10,1.0298,1.0312,1.0221,1.0298,1.0298,0
2025-01-11,1.0244,1.0245,1.0244,1.0245,1.0245,118773
2025-01-12,1.024,1.025,1.0178,1.0243,1.0243,162314
2025-01-13,1.0245,1.0309,1.0239,1.0308,1.0308,171367
2025-01-14,1.0305,1.0355,1.0258,1.029,1.029,155527
2025-01-15,1.0288,1.0315,1.0261,1.0302,1.0302,160184
2025-01-16,1.0298,1.0331,1.0265,1.0272,1.0272,141220
2025-01-17,1.0302,1.033,1.0267,1.0302,1.0302,0
2025-01-18,1.0271,1.0271,1.027,1.027,1.027,1934
2025-01-19,1.0283,1.0435,1.0266,1.0417,1.0417,187472
2025-01-20,1.0413,1.0436,1.0342,1.0429,1.0429,214931
2025-01-21,1.0427,1.0457,1.0392,1.041,1.041,148134
2025-01-22,1.0413,1.0438,1.0372,1.0416,1.0416,165378
2025-01-23,1.0417,1.0522,1.0412,1.0495,1.0495,174847
2025-01-24,1.0416,1.0519,1.0413,1.0416,1.0416,0
2025-01-25,1.0497,1.0497,1.0497,1.0497,1.0497,484
2025-01-26,1.0481,1.0533,1.0454,1.0492,1.0492,178570
2025-01-27,1.0493,1.0494,1.0414,1.0431,1.0431,166719
2025-01-28,1.0429,1.0444,1.0382,1.042,1.042,173912
2025-01-29,1.042,1.0468,1.0386,1.0392,1.0392,169643
2025-01-30,1.0395,1.0434,1.035,1.0361,1.0361,217373
2025-01-31,1.0397,1.0412,1.0362,1.0397,1.0397,0
2025-02-01,1.0361,1.0361,1.0359,1.036,1.036,7076
2025-02-02,1.0245,1.035,1.0211,1.0343,1.0343,332807
2025-02-03,1.0338,1.0388,1.0272,1.0379,1.0379,178265
2025-02-04,1.0376,1.0443,1.037,1.0403,1.0403,156913
2025-02-05,1.0405,1.0406,1.0353,1.0383,1.0383,136703
2025-02-06,1.0386,1.0413,1.0305,1.0327,1.0327,183119
2025-02-07,1.0386,1.0406,1.0325,1.0386,1.0386,0
2025-02-08,1.0327,1.0327,1.0327,1.0327,1.0327,683
2025-02-09,1.0293,1.0337,1.0284,1.0307,1.0307,112923
2025-02-10,1.0309,1.0382,1.0292,1.0361,1.0361,119273
2025-02-11,1.0362,1.043,1.0317,1.0382,1.0382,172834
2025-02-12,1.0385,1.0467,1.0373,1.0465,1.0465,194886
2025-02-13,1.0464,1.0514,1.0447,1.0492,1.0492,137049
2025-02-14,1.0462,1.0514,1.0448,1.0462,1.0462,0
2025-02-15,1.0491,1.0492,1.0491,1.0492,1.0492,1438
2025-02-16,1.0486,1.0507,1.0467,1.0483,1.0483,88958
2025-02-17,1.048,1.0486,1.0435,1.0446,1.0446,115717
2025-02-18,1.0447,1.0462,1.0401,1.0423,1.0423,121367
2025-02-19,1.0425,1.0504,1.0419,1.0501,1.0501,129016
2025-02-20,1.0498,1.0506,1.0449,1.0461,1.0461,136598
2025-02-21,1.0501,1.0508,1.045,1.0501,1.0501,0
2025-02-22,1.046,1.046,1.046,1.046,1.046,892
2025-02-23,1.0469,1.0528,1.0453,1.0468,1.0468,165350
2025-02-24,1.0469,1.0519,1.0456,1.0515,1.0515,145800
2025-02-25,1.0516,1.0529,1.0475,1.0485,1.0485,160629
2025-02-26,1.0485,1.0493,1.0397,1.0399,1.0399,160242
2025-02-27,1.04,1.042,1.036,1.0375,1.0375,170864
2025-02-28,1.0395,1.0421,1.0382,1.0395,1.0395,0
2025-03-01,1.0376,1.0376,1.0376,1.0376,1.0376,1362
2025-03-02,1.0405,1.0504,1.0389,1.0488,1.0488,189214
2025-03-03,1.0488,1.0628,1.0471,1.0626,1.0626,233041
2025-03-04,1.0623,1.0797,1.0602,1.079,1.079,280850
2025-03-05,1.079,1.0854,1.0766,1.0785,1.0785,265672
2025-03-06,1.0788,1.0889,1.0781,1.0835,1.0835,225784
2025-03-07,1.0788,1.0886,1.0782,1.0788,1.0788,0
2025-03-08,1.0836,1.0837,1.0836,1.0837,1.0837,934
2025-03-09,1.083,1.0875,1.0805,1.0836,1.0836,201590
2025-03-10,1.0834,1.0947,1.0832,1.0919,1.0919,203564
2025-03-11,1.092,1.0932,1.0876,1.0888,1.0888,195921
2025-03-12,1.089,1.0897,1.0823,1.0852,1.0852,181266
2025-03-13,1.085,1.0913,1.0831,1.0879,1.0879,168572
2025-03-14,1.0856,1.091,1.0831,1.0856,1.0856,0
2025-03-16,1.0881,1.093,1.0869,1.0923,1.0923,129255
2025-03-17,1.0922,1.0955,1.0893,1.0944,1.0944,118895
2025-03-18,1.0945,1.0946,1.0861,1.0902,1.0902,143879
2025-03-19,1.0903,1.0917,1.0815,1.0853,1.0853,130652
2025-03-20,1.0853,1.0861,1.0797,1.0816,1.0816,116007
2025-03-21,1.0857,1.0861,1.0806,1.0857,1.0857,0
2025-03-23,1.0816,1.0858,1.0782,1.0801,1.0801,136243
2025-03-24,1.0801,1.083,1.0777,1.0792,1.0792,115339
2025-03-25,1.0794,1.0803,1.0744,1.0753,1.0753,124702
2025-03-26,1.0758,1.0821,1.0733,1.0802,1.0802,131882
2025-03-27,1.0799,1.0845,1.0765,1.0831,1.0831,116725
2025-03-28,1.0801,1.0845,1.0766,1.0801,1.0801,0
2025-03-29,1.0831,1.0831,1.083,1.083,1.083,2344
2025-03-30,1.0828,1.085,1.0784,1.0815,1.0815,142855
2025-03-31,1.0819,1.083,1.0778,1.0793,1.0793,129992
2025-04-01,1.0792,1.0924,1.078,1.0857,1.0857,157742
2025-04-02,1.0845,1.1146,1.0805,1.1051,1.1051,364357
2025-04-03,1.1053,1.1108,1.0924,1.0965,1.0965,469222
2025-04-04,1.1045,1.1108,1.0926,1.0964,1.0964,20130271
2025-04-05,1.0963,1.0963,1.0963,1.0963,1.0963,484
2025-04-06,1.0893,1.105,1.0881,1.0907,1.0907,512590
2025-04-07,1.0907,1.0992,1.0888,1.0959,1.0959,323611
2025-04-08,1.0957,1.1095,1.0913,1.0948,1.0948,562506
2025-04-09,1.0951,1.1242,1.0943,1.1202,1.1202,391096
2025-04-10,1.1195,1.1474,1.119,1.136,1.136,598268
2025-04-11,1.1258,1.1473,1.1247,1.1356,1.1356,19791429
2025-04-12,1.1354,1.1354,1.1352,1.1352,1.1352,2123
2025-04-13,1.1321,1.1425,1.1296,1.1349,1.1349,320963
2025-04-14,1.1348,1.1379,1.1264,1.1282,1.1282,238240
2025-04-15,1.1283,1.1413,1.1281,1.1399,1.1399,289982
2025-04-16,1.1399,1.1409,1.1335,1.1365,1.1365,255012
2025-04-17,1.1367,1.1398,1.1359,1.1395,1.1395,198715
2025-04-18,1.1372,1.1398,1.136,1.1392,1.1392,14793166
2025-04-19,1.1393,1.1395,1.1393,1.1395,1.1395,1352
2025-04-20,1.1397,1.1573,1.1396,1.1513,1.1513,238191
2025-04-21,1.1514,1.1548,1.1418,1.1421,1.1421,267793
2025-04-22,1.1423,1.144,1.1308,1.1315,1.1315,332527
2025-04-23,1.1319,1.1398,1.1317,1.1389,1.1389,202542
2025-04-24,1.1386,1.1394,1.1316,1.1364,1.1364,181456
2025-04-25,1.1373,1.1389,1.1316,1.1363,1.1363,16567885
2025-04-26,1.1362,1.1362,1.1362,1.1362,1.1362,418
2025-04-27,1.1366,1.1425,1.133,1.1422,1.1422,169162
2025-04-28,1.1422,1.1422,1.137,1.1385,1.1385,181485
2025-04-29,1.1388,1.14,1.1317,1.1329,1.1329,192418
2025-04-30,1.1329,1.1341,1.1266,1.1291,1.1291,160023
2025-05-01,1.129,1.1381,1.1274,1.1301,1.1301,209940
2025-05-02,1.1296,1.1381,1.1274,1.1299,1.1299,20526913
2025-05-03,1.1299,1.1299,1.1299,1.1299,1.1299,952
2025-05-04,1.1306,1.1365,1.1296,1.1315,1.1315,161936
2025-05-05,1.1315,1.1381,1.128,1.137,1.137,170683
2025-05-06,1.137,1.1378,1.1292,1.1302,1.1302,211304
2025-05-07,1.1308,1.1336,1.1212,1.1229,1.1229,207390
2025-05-08,1.1225,1.1293,1.1197,1.1249,1.1249,143751
2025-05-09,1.1227,1.1293,1.1197,1.1248,1.1248,23625254
2025-05-10,1.1248,1.1248,1.1248,1.1248,1.1248,492
2025-05-11,1.1202,1.1243,1.1065,1.1088,1.1088,253191
2025-05-12,1.1092,1.1195,1.1088,1.1185,1.1185,168633
2025-05-13,1.1187,1.1266,1.1165,1.1173,1.1173,199634
2025-05-14,1.118,1.1228,1.117,1.1186,1.1186,158078
2025-05-15,1.119,1.122,1.1131,1.1165,1.1165,144905
2025-05-16,1.1192,1.122,1.1131,1.1161,1.1161,14576606
2025-05-17,1.1161,1.1161,1.1161,1.1161,1.1161,3164
2025-05-18,1.1179,1.1288,1.1171,1.1242,1.1242,180120
2025-05-19,1.1241,1.1286,1.1218,1.1284,1.1284,153292
2025-05-20,1.1283,1.1363,1.128,1.1331,1.1331,184406
2025-05-21,1.133,1.1345,1.1256,1.128,1.128,197627
2025-05-22,1.1281,1.1376,1.1279,1.1365,1.1365,192450
2025-05-23,1.1282,1.1375,1.1279,1.1363,1.1363,27164581
2025-05-24,1.1365,1.1365,1.1365,1.1365,1.1365,478
2025-05-25,1.1367,1.1419,1.1362,1.1388,1.1388,111433
2025-05-26,1.1386,1.1408,1.1323,1.1328,1.1328,160115
2025-05-27,1.1333,1.1345,1.1284,1.1292,1.1292,166223
2025-05-28,1.1294,1.1385,1.1211,1.1367,1.1367,216667
2025-05-29,1.1372,1.139,1.1313,1.1348,1.1348,198989
2025-05-30,1.1377,1.139,1.1313,1.1348,1.1348,18724656
2025-05-31,1.1348,1.1348,1.1348,1.1348,1.1348,2720
2025-06-01,1.1349,1.145,1.1347,1.1444,1.1444,173313
2025-06-02,1.144,1.1455,1.1364,1.137,1.137,154149
2025-06-03,1.1373,1.1435,1.1357,1.1418,1.1418,166052
2025-06-04,1.1417,1.1495,1.1405,1.1444,1.1444,194634
2025-06-05,1.1446,1.1457,1.1372,1.1397,1.1397,163986
2025-06-06,1.1454,1.1457,1.1372,1.1394,1.1394,12527902
2025-06-07,1.1394,1.1394,1.1394,1.1394,1.1394,972
2025-06-08,1.1399,1.1439,1.1387,1.1421,1.1421,107067
2025-06-09,1.1422,1.1448,1.1373,1.1426,1.1426,143969
2025-06-10,1.1427,1.15,1.1405,1.1488,1.1488,159379
2025-06-11,1.1486,1.1632,1.1485,1.1585,1.1585,201196
2025-06-12,1.1585,1.1615,1.1489,1.1551,1.1551,237696
2025-06-13,1.1609,1.1614,1.1489,1.1548,1.1548,18628998
2025-06-15,1.1533,1.1615,1.1524,1.1561,1.1561,181053
2025-06-16,1.1565,1.1581,1.1475,1.1481,1.1481,188438
2025-06-17,1.1481,1.153,1.1461,1.1481,1.1481,204804
2025-06-18,1.1479,1.15,1.1446,1.1497,1.1497,148137
2025-06-19,1.1494,1.1544,1.1492,1.1522,1.1522,159061
2025-06-20,1.1512,1.1544,1.1496,1.1523,1.1523,16838933
2025-06-21,1.1523,1.1523,1.1522,1.1522,1.1522,1806
2025-06-22,1.1457,1.1582,1.1454,1.1579,1.1579,235831
2025-06-23,1.1579,1.1642,1.1575,1.1608,1.1608,208116
2025-06-24,1.1611,1.1665,1.159,1.166,1.166,149464
2025-06-25,1.1658,1.1745,1.1654,1.1702,1.1702,197809
2025-06-26,1.17,1.1754,1.1681,1.1719,1.1719,177525
2025-06-27,1.1693,1.1753,1.1684,1.1714,1.1714,20360553
2025-06-29,1.1731,1.1789,1.1708,1.1788,1.1788,166462
2025-06-30,1.1785,1.183,1.1761,1.1806,1.1806,175153
2025-07-01,1.1802,1.181,1.1747,1.1799,1.1799,164090
2025-07-02,1.1797,1.181,1.1717,1.1757,1.1757,147273
2025-07-03,1.176,1.1788,1.1753,1.1777,1.1777,134215
2025-07-04,1.1769,1.1788,1.1756,1.1777,1.1777,15112249
2025-07-05,1.1777,1.1777,1.1776,1.1777,1.1777,14385
2025-07-06,1.1786,1.179,1.1687,1.1709,1.1709,142018
2025-07-07,1.171,1.1765,1.1682,1.1726,1.1726,157879
2025-07-08,1.1721,1.1729,1.169,1.1722,1.1722,136587
2025-07-09,1.1719,1.175,1.1662,1.1701,1.1701,119580
2025-07-10,1.1699,1.1714,1.1665,1.1691,1.1691,151481
2025-07-11,1.1702,1.1712,1.1665,1.169,1.169,17638873
2025-07-12,1.1688,1.1688,1.1688,1.1688,1.1688,20
2025-07-13,1.167,1.1698,1.1654,1.1666,1.1666,119062
2025-07-14,1.1665,1.1693,1.1593,1.1602,1.1602,129826
2025-07-15,1.16,1.1722,1.1562,1.1642,1.1642,213995
2025-07-16,1.1637,1.1643,1.1557,1.1598,1.1598,120674
2025-07-17,1.1594,1.1672,1.1594,1.1626,1.1626,116492
2025-07-18,1.1615,1.1672,1.1612,1.1621,1.1621,10690568
2025-07-19,1.1622,1.1622,1.1622,1.1622,1.1622,448
2025-07-20,1.163,1.1717,1.1615,1.1696,1.1696,112781
2025-07-21,1.1693,1.1761,1.1679,1.1754,1.1754,105512
2025-07-22,1.1754,1.1775,1.1711,1.1773,1.1773,152385
2025-07-23,1.177,1.1789,1.1731,1.1749,1.1749,138707
2025-07-24,1.1739,1.1761,1.1703,1.1742,1.1742,146722
2025-07-25,1.1755,1.1761,1.1704,1.174,1.174,14299229
2025-07-26,1.174,1.174,1.174,1.174,1.174,1581
2025-07-27,1.1756,1.1771,1.1585,1.1589,1.1589,166356
2025-07-28,1.1591,1.1599,1.1519,1.1545,1.1545,166720
2025-07-29,1.1547,1.1573,1.1401,1.1406,1.1406,189359
2025-07-30,1.1407,1.1461,1.1403,1.1415,1.1415,156301
2025-07-31,1.1417,1.1597,1.1392,1.1587,1.1587,245370
2025-08-01,1.1422,1.1597,1.1392,1.1593,1.1593,22896364
2025-08-02,1.1583,1.159,1.1583,1.159,1.159,82
2025-08-03,1.1592,1.1597,1.155,1.1573,1.1573,167943
2025-08-04,1.157,1.1588,1.1528,1.1575,1.1575,139022
2025-08-05,1.1574,1.1669,1.1564,1.166,1.166,125520
2025-08-06,1.1658,1.1699,1.1611,1.1664,1.1664,149731
2025-08-07,1.1665,1.1679,1.1629,1.1642,1.1642,124658
2025-08-08,1.1677,1.1679,1.1629,1.164,1.164,19071465
2025-08-09,1.1641,1.1641,1.1641,1.1641,1.1641,834
2025-08-10,1.165,1.1676,1.159,1.1616,1.1616,106961
2025-08-11,1.1615,1.1697,1.1599,1.1673,1.1673,187441
2025-08-12,1.168,1.173,1.1669,1.1705,1.1705,119581
2025-08-13,1.1706,1.1715,1.1631,1.1649,1.1649,144506
2025-08-14,1.165,1.1715,1.1646,1.1705,1.1705,112683
2025-08-15,1.1651,1.1715,1.1647,1.1702,1.1702,18781233
2025-08-16,1.1703,1.1704,1.1703,1.1704,1.1704,1786
2025-08-17,1.1713,1.1716,1.1656,1.1661,1.1661,101096
2025-08-18,1.1662,1.1693,1.1639,1.1647,1.1647,100261
2025-08-19,1.1648,1.1674,1.1622,1.165,1.165,112853
2025-08-20,1.1653,1.1663,1.1601,1.1606,1.1606,120409
2025-08-21,1.1607,1.1743,1.1583,1.1722,1.1722,146752
2025-08-22,1.1613,1.1743,1.1583,1.1719,1.1719,14845503
2025-08-23,1.172,1.1722,1.172,1.1722,1.1722,1183
2025-08-24,1.1724,1.1728,1.1603,1.162,1.162,100761
2025-08-25,1.1619,1.1665,1.1602,1.1641,1.1641,146198
2025-08-26,1.1646,1.1648,1.1574,1.1638,1.1638,111723
2025-08-27,1.1638,1.1698,1.1629,1.1683,1.1683,112672
2025-08-28,1.1682,1.1709,1.1651,1.1686,1.1686,117172
2025-08-29,1.1679,1.1709,1.1651,1.1683,1.1683,18074366
2025-08-30,1.1683,1.1687,1.1683,1.1687,1.1687,1162
2025-08-31,1.1696,1.1737,1.1687,1.1711,1.1711,82696
2025-09-01,1.1709,1.1718,1.1613,1.1642,1.1642,167779
2025-09-02,1.1642,1.1682,1.1608,1.1661,1.1661,127370
2025-09-03,1.1662,1.167,1.163,1.1651,1.1651,117114
2025-09-04,1.1649,1.176,1.1648,1.1718,1.1718,151458
2025-09-05,1.1657,1.1759,1.1652,1.1713,1.1713,20172556
2025-09-06,1.1711,1.1711,1.1711,1.1711,1.1711,20
2025-09-07,1.1714,1.1766,1.1704,1.1763,1.1763,121791
2025-09-08,1.1762,1.178,1.1704,1.1711,1.1711,141489
2025-09-09,1.171,1.1731,1.1683,1.1694,1.1694,143168
2025-09-10,1.1695,1.1746,1.1661,1.1735,1.1735,154050
2025-09-11,1.1733,1.1748,1.1701,1.1735,1.1735,120292
2025-09-12,1.1733,1.1748,1.1701,1.1733,1.1733,21343573
2025-09-13,1.1733,1.1733,1.1733,1.1733,1.1733,1092
2025-09-14,1.1733,1.1775,1.1716,1.1761,1.1761,102425
2025-09-15,1.1763,1.1878,1.1757,1.1867,1.1867,154976
2025-09-16,1.1861,1.1919,1.1808,1.1813,1.1813,185867
2025-09-17,1.1813,1.1848,1.175,1.1786,1.1786,181114
2025-09-18,1.1789,1.1793,1.1729,1.1747,1.1747,158090
2025-09-19,1.1789,1.1792,1.1729,1.1746,1.1746,20864588
2025-09-20,1.1746,1.1746,1.1744,1.1746,1.1746,1274
2025-09-21,1.1739,1.1803,1.1726,1.1803,1.1803,115238
2025-09-22,1.1798,1.182,1.1779,1.1815,1.1815,139781
2025-09-23,1.1814,1.1819,1.1728,1.1738,1.1738,145267
2025-09-24,1.174,1.1754,1.1646,1.1666,1.1666,161287
2025-09-25,1.1662,1.1707,1.1658,1.17,1.17,153207
2025-09-26,1.1662,1.1707,1.1658,1.1701,1.1701,14959264
2025-09-27,1.1701,1.1702,1.1701,1.1701,1.1701,1152
2025-09-28,1.1703,1.1755,1.1702,1.1727,1.1727,131695
2025-09-29,1.1727,1.1762,1.1712,1.1734,1.1734,144957
2025-09-30,1.1736,1.1779,1.1716,1.1731,1.1731,200006
2025-10-01,1.1731,1.1758,1.1683,1.1717,1.1717,138034
2025-10-02,1.1715,1.1759,1.1715,1.1743,1.1743,126797
2025-10-03,1.1725,1.1759,1.1715,1.1739,1.1739,12638158
2025-10-04,1.1739,1.174,1.1739,1.1739,1.1739,781
2025-10-05,1.1727,1.1731,1.1652,1.1713,1.1713,178697
2025-10-06,1.171,1.1716,1.1648,1.1659,1.1659,137177
2025-10-07,1.1657,1.1661,1.1598,1.1628,1.1628,158233
2025-10-08,1.1627,1.1648,1.1542,1.1565,1.1565,183824
2025-10-09,1.1561,1.1631,1.1557,1.1622,1.1622,178529
2025-10-10,1.1565,1.163,1.1559,1.1622,1.1622,15553163
2025-10-11,1.1622,1.1623,1.1619,1.1622,1.1622,8016
2025-10-12,1.1611,1.163,1.1558,1.1571,1.1571,149490
2025-10-13,1.157,1.1615,1.1542,1.1608,1.1608,198051
2025-10-14,1.1608,1.1648,1.1602,1.1647,1.1647,164118
2025-10-15,1.1646,1.1694,1.1643,1.1688,1.1688,179416
2025-10-16,1.1686,1.1729,1.165,1.1651,1.1651,189209
2025-10-17,1.1699,1.1728,1.165,1.1651,1.1651,17347754
2025-10-18,1.1651,1.1653,1.1651,1.1651,1.1651,7840
2025-10-19,1.1667,1.1676,1.1638,1.1641,1.1641,136716
2025-10-20,1.1643,1.1655,1.1598,1.16,1.16,167947
2025-10-21,1.16,1.1623,1.1577,1.161,1.161,145357
2025-10-22,1.1612,1.162,1.1585,1.1618,1.1618,111400
2025-10-23,1.1617,1.165,1.1601,1.1625,1.1625,140618
2025-10-24,1.1617,1.1648,1.1601,1.1627,1.1627,15664277
2025-10-25,1.1627,1.1627,1.1627,1.1627,1.1627,1322
2025-10-26,1.1636,1.1652,1.1618,1.1645,1.1645,114010
2025-10-27,1.1646,1.1669,1.1626,1.1652,1.1652,126116
2025-10-28,1.1651,1.1666,1.1578,1.1601,1.1601,179070
2025-10-29,1.1601,1.1637,1.1547,1.1565,1.1565,157038
2025-10-30,1.1567,1.1578,1.1522,1.1536,1.1536,122525
2025-10-31,1.1572,1.1578,1.1524,1.1572,1.1572,0
2025-11-01,1.1536,1.1537,1.1536,1.1536,1.1536,9598
2025-11-02,1.1532,1.1541,1.1505,1.1519,1.1519,122621
2025-11-03,1.152,1.1534,1.1473,1.1483,1.1483,118115
2025-11-04,1.1483,1.1498,1.1469,1.1493,1.1493,115551
2025-11-05,1.1491,1.1552,1.1491,1.1547,1.1547,116103
2025-11-06,1.1545,1.1591,1.153,1.1566,1.1566,112544
2025-11-07,1.1549,1.159,1.153,1.1549,1.1549,0
2025-11-08,1.1567,1.1567,1.1564,1.1564,1.1564,3007
2025-11-09,1.1558,1.1583,1.1541,1.1557,1.1557,110114
2025-11-10,1.1556,1.1606,1.1547,1.1583,1.1583,105552
2025-11-11,1.1587,1.1598,1.1563,1.1593,1.1593,100806
2025-11-12,1.1593,1.1656,1.1579,1.1635,1.1635,124591
2025-11-13,1.1637,1.1654,1.1606,1.1622,1.1622,143188
2025-11-14,1.1631,1.1654,1.1608,1.1632,1.1632,0
2025-11-15,1.162,1.1621,1.162,1.162,1.162,1127
2025-11-16,1.162,1.1625,1.1582,1.1592,1.1592,100030
2025-11-17,1.1592,1.1608,1.1572,1.1581,1.1581,117651
2025-11-18,1.1582,1.1598,1.1518,1.1538,1.1538,127769
2025-11-19,1.1539,1.155,1.1502,1.1529,1.1529,148594
2025-11-20,1.1528,1.1553,1.1491,1.1513,1.1513,149797
2025-11-21,1.1535,1.1552,1.1492,1.1535,1.1535,0
2025-11-22,1.1514,1.1515,1.1513,1.1513,1.1513,9097
2025-11-23,1.1519,1.1551,1.1502,1.1522,1.1522,102704
2025-11-24,1.1522,1.1586,1.1512,1.157,1.157,138127
2025-11-25,1.1571,1.1601,1.1547,1.1596,1.1596,149318
2025-11-26,1.1594,1.1614,1.1577,1.1596,1.1596,78897
2025-11-27,1.1596,1.1608,1.1555,1.1599,1.1599,199093
2025-11-28,1.16,1.1607,1.1557,1.16,1.16,0
2025-11-29,1.16,1.1601,1.1598,1.1599,1.1599,504
2025-11-30,1.1594,1.1653,1.1589,1.1609,1.1609,139761
2025-12-01,1.161,1.1626,1.1591,1.1625,1.1625,104877
2025-12-02,1.1624,1.1678,1.1621,1.1671,1.1671,117229
2025-12-03,1.1672,1.1682,1.1641,1.1645,1.1645,118830
2025-12-04,1.1646,1.1672,1.1628,1.1644,1.1644,110152
2025-12-05,1.1645,1.1671,1.1629,1.1643,1.1643,0
2025-12-06,1.1643,1.1643,1.1642,1.1642,1.1642,2243
2025-12-07,1.164,1.1672,1.1617,1.1637,1.1637,121539
2025-12-08,1.1635,1.1657,1.1615,1.1627,1.1627,109990
2025-12-09,1.1628,1.17,1.1622,1.1696,1.1696,141057
2025-12-10,1.1693,1.1763,1.1682,1.1739,1.1739,118970
2025-12-11,1.1739,1.175,1.172,1.174,1.174,101244
2025-12-12,1.1741,1.1747,1.172,1.1739,1.1739,0
2025-12-13,1.1741,1.1747,1.1739,1.174,1.174,89
2025-12-14,1.1733,1.1769,1.1727,1.1754,1.1754,98726
2025-12-15,1.1752,1.1804,1.1735,1.1748,1.1748,127187
2025-12-16,1.1748,1.1758,1.1703,1.174,1.174,115847
2025-12-17,1.1741,1.1763,1.1712,1.1724,1.1724,124575
2025-12-18,1.172,1.1738,1.1702,1.171,1.171,103814
2025-12-19,1.1725,1.1738,1.1704,1.1726,1.1726,0
2025-12-20,1.171,1.171,1.1708,1.1709,1.1709,8631
2025-12-21,1.172,1.1769,1.1706,1.1762,1.1762,88226
2025-12-22,1.1758,1.1802,1.1757,1.1793,1.1793,101720
2025-12-23,1.1793,1.1808,1.1773,1.1777,1.1777,89162
2025-12-24,1.1796,1.1809,1.1774,1.1796,1.1796,0
2025-12-25,1.1781,1.1797,1.1762,1.1771,1.1771,120234
2025-12-26,1.1784,1.1799,1.1763,1.1785,1.1785,0
2025-12-27,1.1771,1.1771,1.177,1.177,1.177,1352
2025-12-28,1.1768,1.1789,1.1749,1.1773,1.1773,110334
2025-12-29,1.1771,1.178,1.1743,1.1748,1.1748,88253
2025-12-30,1.1747,1.176,1.172,1.1746,1.1746,98217
2025-12-31,1.1746,1.1759,1.1721,1.1747,1.1747,0
2026-01-01,1.175,1.1765,1.1713,1.172,1.172,93358
2026-01-02,1.1751,1.1767,1.1713,1.175,1.175,0
2026-01-03,1.1721,1.1721,1.1721,1.1721,1.1721,2748
2026-01-04,1.1724,1.1729,1.1659,1.1722,1.1722,125056
2026-01-05,1.1721,1.1743,1.1684,1.1689,1.1689,108979
2026-01-06,1.1687,1.1703,1.1673,1.1676,1.1676,107541
2026-01-07,1.1675,1.1683,1.1643,1.1659,1.1659,92807
2026-01-08,1.1657,1.1662,1.1618,1.1636,1.1636,112872
2026-01-09,1.1658,1.166,1.1619,1.1658,1.1658,0
2026-01-10,1.1637,1.1642,1.1632,1.1635,1.1635,17629
2026-01-11,1.1633,1.1699,1.1622,1.1667,1.1667,106471
2026-01-12,1.167,1.1678,1.1634,1.1643,1.1643,105917
2026-01-13,1.1644,1.1662,1.1635,1.1645,1.1645,98246
2026-01-14,1.1647,1.1647,1.1593,1.1609,1.1609,103092
2026-01-15,1.1609,1.1628,1.1585,1.1599,1.1599,100800
2026-01-16,1.161,1.1627,1.1585,1.1609,1.1609,0
2026-01-17,1.1604,1.1606,1.1594,1.1606,1.1606,18687
2026-01-18,1.158,1.1649,1.1578,1.1646,1.1646,96721
2026-01-19,1.1643,1.1769,1.1633,1.1727,1.1727,159238
2026-01-20,1.1725,1.1743,1.1676,1.1688,1.1688,146522
2026-01-21,1.1685,1.1757,1.167,1.1755,1.1755,109328
2026-01-22,1.1753,1.1834,1.1728,1.1828,1.1828,132583
2026-01-23,1.1754,1.1776,1.1729,1.1755,1.1755,0
2026-01-24,1.1828,1.1828,1.1822,1.1824,1.1824,18964
2026-01-25,1.1864,1.1907,1.1835,1.188,1.188,183657
2026-01-26,1.1877,1.2083,1.185,1.2041,1.2041,211090
2026-01-27,1.204,1.2048,1.1896,1.1954,1.1954,227683
2026-01-28,1.1956,1.1997,1.1906,1.1971,1.1971,216268
2026-01-29,1.1969,1.1975,1.185,1.1851,1.1851,272763
2026-01-30,1.1968,1.1973,1.1874,1.1966,1.1966,0
2026-01-31,1.1857,1.1861,1.1853,1.1854,1.1854,18361
2026-02-01,1.1851,1.1875,1.1776,1.179,1.179,231634
2026-02-02,1.1788,1.1829,1.178,1.1818,1.1818,151796
2026-02-03,1.1818,1.1838,1.1791,1.1806,1.1806,152025
2026-02-04,1.1806,1.1822,1.1775,1.1779,1.1779,171245
2026-02-05,1.1778,1.1826,1.1766,1.1817,1.1817,113546
2026-02-06,1.1777,1.1826,1.1767,1.1778,1.1778,0
2026-02-07,1.182,1.182,1.1809,1.181,1.181,5997
2026-02-08,1.1813,1.1927,1.181,1.1915,1.1915,147555
2026-02-09,1.1912,1.1929,1.1887,1.1895,1.1895,125064
2026-02-10,1.1895,1.1927,1.1833,1.1871,1.1871,165818
2026-02-11,1.1872,1.189,1.1852,1.1871,1.1871,146978
2026-02-12,1.1868,1.1885,1.1847,1.1868,1.1868,128436
2026-02-13,1.187,1.1879,1.1849,1.1868,1.1868,0
2026-02-14,1.1873,1.1873,1.1861,1.1861,1.1861,7554
2026-02-15,1.1871,1.1873,1.1846,1.1851,1.1851,64864
2026-02-16,1.1851,1.1855,1.1805,1.1854,1.1854,118283
2026-02-17,1.1853,1.1858,1.1782,1.1784,1.1784,99816
2026-02-18,1.1785,1.1808,1.1742,1.1772,1.1772,119902
2026-02-19,1.1772,1.1808,1.1743,1.1782,1.1782,170150
2026-02-20,1.1769,1.1806,1.1745,1.1769,1.1769,0
2026-02-21,1.1788,1.1788,1.1783,1.1784,1.1784,17669
2026-02-22,1.1796,1.1835,1.1774,1.1785,1.1785,129379
2026-02-23,1.1789,1.1796,1.1766,1.1774,1.1774,106541
2026-02-24,1.1773,1.1814,1.1771,1.181,1.181,107060
2026-02-25,1.1809,1.1829,1.1774,1.1798,1.1798,110999
2026-02-26,1.1797,1.1827,1.1789,1.1817,1.1817,114502
2026-02-27,1.1803,1.1824,1.1791,1.1803,1.1803,0
2026-02-28,1.1815,1.1816,1.1806,1.1806,1.1806,100476
2026-03-01,1.1769,1.1796,1.1672,1.169,1.169,200346
2026-03-02,1.1687,1.1707,1.153,1.1612,1.1612,259235
2026-03-03,1.1613,1.1655,1.1575,1.1635,1.1635,200540
2026-03-04,1.163,1.1647,1.1559,1.1609,1.1609,233576
2026-03-05,1.1609,1.1621,1.1546,1.1617,1.1617,227268
2026-03-06,1.1607,1.1623,1.1548,1.1608,1.1608,0
2026-03-07,1.1622,1.1622,1.1615,1.1619,1.1619,435062
2026-03-08,1.1549,1.1638,1.1507,1.1637,1.1637,326822
2026-03-09,1.1637,1.1667,1.1606,1.1608,1.1608,227148
2026-03-10,1.1609,1.1646,1.1561,1.1567,1.1567,199144
2026-03-11,1.1611,1.1645,1.154,1.1543,1.1543,22834486
2026-03-12,1.1543,1.1566,1.151,1.1521,1.1521,26427980
2026-03-13,1.1521,1.153,1.1411,1.1466,1.1466,30437956
2026-03-14,1.1466,1.1469,1.1416,1.1468,1.1468,440015
2026-03-15,1.1457,1.147,1.1385,1.1435,1.1435,2742514
2026-03-16,1.1435,1.1525,1.1414,1.1499,1.1499,19293860
2026-03-17,1.1499,1.1547,1.1466,1.1539,1.1539,21602774
2026-03-18,1.1539,1.1555,1.145,1.1464,1.1464,24411445
2026-03-19,1.1463,1.1615,1.1443,1.1577,1.1577,31607839
2026-03-20,1.1577,1.1608,1.1526,1.1601,1.1601,21418789
2026-03-21,1.1601,1.1604,1.1578,1.159,1.159,438835
2026-03-22,1.159,1.1593,1.1531,1.1562,1.1562,1920868
2026-03-23,1.1562,1.164,1.1485,1.1608,1.1608,36489370
2026-03-24,1.1608,1.1628,1.1558,1.1614,1.1614,32345400
2026-03-25,1.1614,1.163,1.1556,1.1562,1.1562,26911981
2026-03-26,1.1562,1.1572,1.1519,1.1535,1.1535,25003456
2026-03-27,1.1535,1.1547,1.1502,1.1543,1.1543,19134770
2026-03-28,1.1543,1.1546,1.151,1.1512,1.1512,152685
2026-03-29,1.1539,1.1543,1.1487,1.1501,1.1501,499
2026-03-30,1.1492,1.1521,1.1443,1.1456,1.1456,25992615
2026-03-31,1.1457,1.1575,1.1448,1.1574,1.1574,28530531
2026-04-01,1.1574,1.1627,1.1555,1.159,1.159,30865694
2026-04-02,1.159,1.1604,1.1509,1.1542,1.1542,23629061
2026-04-03,1.1542,1.1549,1.1514,1.1521,1.1521,11932345
2026-04-04,1.1521,1.1522,1.1514,1.1522,1.1522,93970
2026-04-05,1.1522,1.153,1.1471,1.151,1.151,2408197
2026-04-06,1.151,1.1571,1.1507,1.1541,1.1541,21029383
2026-04-07,1.1541,1.169,1.1525,1.1685,1.1685,24682829
2026-04-08,1.1686,1.1722,1.1644,1.1659,1.1659,30116506
2026-04-09,1.1659,1.1723,1.165,1.1692,1.1692,24139357
2026-04-10,1.1691,1.1739,1.1678,1.1724,1.1724,19669217
2026-04-11,1.1724,1.1728,1.1717,1.1725,1.1725,437993
2026-04-12,1.1725,1.1731,1.1659,1.1688,1.1688,632
2026-04-13,1.1675,1.1767,1.1671,1.1767,1.1767,21178634
2026-04-14,1.1767,1.1811,1.1756,1.1799,1.1799,21358154
2026-04-15,1.1799,1.1808,1.1772,1.1807,1.1807,17584292
2026-04-16,1.1807,1.1824,1.1768,1.1781,1.1781,16006439
2026-04-17,1.1781,1.1849,1.1761,1.1792,1.1792,26341849
2026-04-18,1.1792,1.1794,1.1761,1.1764,1.1764,124652
2026-04-19,1.1764,1.1776,1.1729,1.1739,1.1739,2650697
2026-04-20,1.1739,1.1791,1.1738,1.1784,1.1784,18687955
2026-04-21,1.1784,1.1786,1.172,1.1744,1.1744,23823114
2026-04-22,1.1744,1.1762,1.1703,1.1706,1.1706,21162383
2026-04-23,1.1706,1.1716,1.167,1.1684,1.1684,18773959
2026-04-24,1.1684,1.1723,1.1673,1.1722,1.1722,17857663
2026-04-25,1.1722,1.1722,1.1717,1.1717,1.1717,170047
2026-04-26,1.172,1.1729,1.1691,1.1706,1.1706,1493771
2026-04-27,1.1706,1.1755,1.1706,1.1723,1.1723,20253954
2026-04-28,1.1723,1.1727,1.1678,1.1718,1.1718,21907855
2026-04-29,1.1718,1.172,1.1662,1.1685,1.1685,22714395
2026-04-30,1.1685,1.1741,1.1655,1.1729,1.1729,23935712
2026-05-01,1.1729,1.1785,1.1716,1.1722,1.1722,18505220
2026-05-02,1.1722,1.1724,1.172,1.1721,1.1721,459134
2026-05-03,1.1748,1.175,1.1681,1.1692,1.1692,170539
2026-05-04,1.1726,1.1738,1.1691,1.1727,1.1727,0
2026-05-05,1.1692,1.1716,1.1677,1.1692,1.1692,0
2026-05-06,1.1715,1.1797,1.1713,1.1716,1.1716,0
2026-05-07,1.1749,1.1778,1.1721,1.1726,1.1726,0
2026-05-08,1.1724,1.1787,1.172,1.1786,1.1786,0
2026-05-10,1.1809,1.1809,1.1745,1.1766,1.1766,0
2026-05-11,1.1777,1.179,1.1746,1.1783,1.1783,0
2026-05-12,1.1779,1.1787,1.1721,1.1738,1.1738,0
2026-05-13,1.1735,1.1741,1.1695,1.1711,1.1711,0
2026-05-14,1.171,1.1721,1.1665,1.167,1.167,0
2026-05-15,1.167,1.1673,1.1616,1.1626,1.1626,0
2026-05-17,1.1624,1.1624,1.1618,1.1621,1.1621,0
2026-05-18,1.1624,1.166,1.1607,1.1656,1.1656,0
2026-05-19,1.1655,1.1661,1.1591,1.1605,1.1605,0
2026-05-20,1.1601,1.1644,1.1582,1.1628,1.1628,0
2026-05-21,1.1625,1.1635,1.1575,1.1619,1.1619,0
2026-05-22,1.1618,1.1622,1.1587,1.1603,1.1603,0
2026-05-24,1.1602,1.1602,1.1602,1.1602,1.1602,0
2026-05-25,1.1629,1.1653,1.1628,1.1645,1.1645,0
2026-05-26,1.164,1.1645,1.1615,1.163,1.163,0
2026-05-27,1.1628,1.166,1.1621,1.1626,1.1626,0
2026-05-28,1.1624,1.166,1.1584,1.1652,1.1652,0
2026-05-29,1.165,1.1685,1.1622,1.166,1.166,0
2026-05-31,1.166,1.166,1.1654,1.1654,1.1654,0
2026-06-01,1.1655,1.1665,1.1606,1.1632,1.1632,0
2026-06-02,1.1627,1.1655,1.1613,1.1632,1.1632,0
2026-06-03,1.163,1.1633,1.1594,1.1597,1.1597,0
2026-06-04,1.1596,1.1645,1.1592,1.1611,1.1611,0
2026-06-05,1.1615,1.1644,1.1516,1.1521,1.1521,0
2026-06-07,1.1518,1.1518,1.1509,1.1513,1.1513,0
2026-06-08,1.1518,1.1554,1.1499,1.1535,1.1535,0
2026-06-09,1.154,1.1577,1.1525,1.1544,1.1544,0
2026-06-10,1.1541,1.1572,1.153,1.1536,1.1536,0
2026-06-11,1.1535,1.1589,1.1502,1.1579,1.1579,0
2026-06-12,1.1577,1.1589,1.1555,1.1569,1.1569,0
2026-06-14,1.1575,1.1575,1.1575,1.1575,1.1575,0
2026-06-15,1.1572,1.1622,1.1566,1.1591,1.1591,0
2026-06-16,1.159,1.1619,1.1573,1.1609,1.1609,0
2026-06-17,1.1607,1.1616,1.1477,1.1501,1.1501,0
2026-06-18,1.1499,1.1528,1.145,1.1458,1.1458,0
2026-06-19,1.1457,1.148,1.1416,1.1469,1.1469,0
2026-06-21,1.1465,1.1465,1.1453,1.1459,1.1459,0
2026-06-22,1.1465,1.1473,1.1418,1.1429,1.1429,0
2026-06-23,1.1427,1.1438,1.1374,1.1382,1.1382,0
2026-06-24,1.1382,1.1384,1.1324,1.1359,1.1359,0
2026-06-25,1.136,1.1388,1.1333,1.137,1.137,0
2026-06-26,1.1368,1.1434,1.1353,1.1384,1.1384,0
2026-06-28,1.1385,1.1392,1.1381,1.1382,1.1382,0
2026-06-29,1.1385,1.143,1.1377,1.1422,1.1422,0
2026-06-30,1.1421,1.1436,1.1381,1.1422,1.1422,0
2026-07-01,1.1421,1.1423,1.1361,1.1377,1.1377,0
2026-07-02,1.1376,1.1472,1.1373,1.1432,1.1432,0
2026-07-03,1.1435,1.1462,1.1419,1.1437,1.1437,0
2026-07-05,1.1435,1.1441,1.1432,1.1432,1.1432,0
2026-07-06,1.1435,1.1444,1.1408,1.1442,1.1442,0
2026-07-07,1.1441,1.1447,1.1407,1.1413,1.1413,0
2026-07-08,1.1411,1.1431,1.139,1.1416,1.1416,0
2026-07-09,1.1422,1.1449,1.1412,1.143,1.143,0
2026-07-10,1.1428,1.146,1.141,1.1414,1.1414,0
2026-07-12,1.1408,1.141,1.1401,1.1401,1.1401,0
2026-07-13,1.141,1.1445,1.1377,1.1383,1.1383,0
2026-07-14,1.1385,1.1462,1.1376,1.142,1.142,0
2026-07-15,1.1419,1.1482,1.1405,1.1464,1.1464,0
2026-07-16,1.1464,1.1476,1.143,1.1442,1.1442,0
2026-07-17,1.1441,1.1452,1.1424,1.144,1.144,0
2026-07-19,1.1433,1.1433,1.1426,1.1426,1.1426,0
2026-07-20,1.1432,1.1449,1.1402,1.1415,1.1415,0
2026-07-21,1.1413,1.1428,1.1396,1.1399,1.1399,0
2026-07-22,1.1397,1.1421,1.1396,1.1412,1.1412,0
2026-07-23,1.1407,1.1435,1.1363,1.1377,1.1377,0
2026-07-24,1.1371,1.14,1.1364,1.1368,1.1368,0
2026-07-26,1.1391,1.1394,1.1391,1.1393,1.1393,0
2026-07-27,1.1369,1.1418,1.1365,1.1369,1.1369,0
2026-07-28,1.1369,1.1405,1.1353,1.1387,1.1387,0
2026-07-29,1.1387,1.147,1.1374,1.1468,1.1468,0
2026-07-30,1.1465,1.1536,1.1432,1.1528,1.1528,0
2026-07-31,1.1527,1.1546,1.1453,1.1528,1.1528,0
2026-08-02,1.1538,1.1553,1.1538,1.1544,1.1544,0
2026-08-03,1.1536,1.1558,1.1499,1.1509,1.1509,0
2026-08-04,1.1509,1.1534,1.1501,1.1531,1.1531,0
2026-08-05,1.153,1.1559,1.1525,1.1553,1.1553,0
2026-08-06,1.1552,1.1559,1.1514,1.1525,1.1525,0
2026-08-07,1.1524,1.158,1.1516,1.1559,1.1559,0
2026-08-09,1.1557,1.1564,1.1557,1.1562,1.1562,0
2026-08-10,1.1548,1.1565,1.1539,1.1543,1.1543,0
2026-08-11,1.1545,1.1549,1.153,1.1542,1.1542,0
2026-08-12,1.154,1.1562,1.1519,1.1526,1.1526,0
2026-08-13,1.1529,1.1545,1.151,1.1529,1.1529,0
2026-08-14,1.1526,1.1585,1.1524,1.157,1.157,0

