Date,Open,High,Low,Close,Adjusted_close,Volume
2015-01-01,1.5581,1.5581,1.5581,1.5581,1.5581,20
2015-01-02,1.558,1.5585,1.5388,1.558,1.558,1284
2015-01-04,1.5299,1.5318,1.5154,1.5248,1.5248,20386
2015-01-05,1.5286,1.532,1.5206,1.5285,1.5285,763
2015-01-06,1.5258,1.5274,1.5158,1.5258,1.5258,778
2015-01-07,1.5136,1.5156,1.5068,1.5138,1.5138,601
2015-01-08,1.5107,1.5119,1.5036,1.5108,1.5108,567
2015-01-09,1.5087,1.517,1.5085,1.5088,1.5088,579
2015-01-11,1.5172,1.5192,1.5098,1.5168,1.5168,15896
2015-01-12,1.5192,1.5192,1.5103,1.519,1.519,607
2015-01-13,1.5174,1.5192,1.508,1.517,1.517,757
2015-01-14,1.5169,1.5266,1.5147,1.517,1.517,800
2015-01-15,1.5234,1.5266,1.5172,1.5234,1.5234,635
2015-01-16,1.5184,1.5234,1.5093,1.5181,1.5181,948
2015-01-18,1.5122,1.5178,1.5106,1.5108,1.5108,19533
2015-01-19,1.5144,1.518,1.512,1.5142,1.5142,415
2015-01-20,1.5092,1.5199,1.5061,1.509,1.509,931
2015-01-21,1.5146,1.518,1.5086,1.5147,1.5147,633
2015-01-22,1.5147,1.5214,1.5071,1.5145,1.5145,959
2015-01-23,1.5006,1.5026,1.4955,1.5013,1.5013,495
2015-01-25,1.5008,1.5102,1.4985,1.5077,1.5077,35096
2015-01-26,1.5002,1.5071,1.4993,1.4996,1.4996,534
2015-01-27,1.5087,1.5222,1.5065,1.5086,1.5086,1052
2015-01-28,1.5189,1.5219,1.5157,1.5188,1.5188,431
2015-01-29,1.514,1.5161,1.5084,1.5142,1.5142,531
2015-01-30,1.508,1.5095,1.4995,1.5079,1.5079,682
2015-02-01,1.5088,1.5093,1.5005,1.5036,1.5036,25797
2015-02-02,1.5084,1.5089,1.5008,1.5087,1.5087,555
2015-02-03,1.5028,1.5117,1.4992,1.5028,1.5028,848
2015-02-04,1.5144,1.525,1.5142,1.5142,1.5142,726
2015-02-05,1.5179,1.5312,1.5172,1.518,1.518,934
2015-02-06,1.5321,1.5352,1.5241,1.5326,1.5326,741
2015-02-08,1.5222,1.5267,1.5199,1.521,1.521,18776
2015-02-09,1.524,1.5266,1.5206,1.5239,1.5239,416
2015-02-10,1.5216,1.5254,1.5202,1.5216,1.5216,362
2015-02-11,1.526,1.53,1.5234,1.5262,1.5262,452
2015-02-12,1.524,1.5388,1.5218,1.5243,1.5243,1121
2015-02-13,1.5391,1.5422,1.5373,1.5392,1.5392,338
2015-02-15,1.5421,1.5439,1.5338,1.5358,1.5358,31965
2015-02-16,1.5403,1.5443,1.537,1.5401,1.5401,493
2015-02-17,1.5357,1.5401,1.5319,1.5356,1.5356,556
2015-02-18,1.5352,1.5451,1.5344,1.5353,1.5353,711
2015-02-19,1.5435,1.5467,1.5408,1.5439,1.5439,403
2015-02-20,1.5423,1.5435,1.5347,1.542,1.542,589
2015-02-22,1.539,1.5474,1.5332,1.5455,1.5455,15183
2015-02-23,1.5387,1.5451,1.5334,1.5389,1.5389,780
2015-02-24,1.5453,1.5466,1.5407,1.5452,1.5452,398
2015-02-25,1.5456,1.5538,1.5456,1.5459,1.5459,550
2015-02-26,1.5528,1.5554,1.5399,1.5529,1.5529,1015
2015-02-27,1.5418,1.5456,1.5387,1.5418,1.5418,467
2015-03-01,1.5414,1.5428,1.5351,1.5362,1.5362,14372
2015-03-02,1.5406,1.5422,1.5354,1.5406,1.5406,458
2015-03-03,1.5361,1.5398,1.5346,1.5359,1.5359,357
2015-03-04,1.5368,1.5373,1.5263,1.5367,1.5367,732
2015-03-05,1.5265,1.5268,1.5225,1.5265,1.5265,304
2015-03-06,1.5248,1.5253,1.506,1.5248,1.5248,1286
2015-03-08,1.5031,1.5137,1.5024,1.5126,1.5126,29167
2015-03-09,1.5058,1.5126,1.5052,1.5058,1.5058,510
2015-03-10,1.5109,1.5109,1.5038,1.5105,1.5105,491
2015-03-11,1.5076,1.5097,1.4935,1.5082,1.5082,1090
2015-03-12,1.4936,1.5029,1.4896,1.4933,1.4933,900
2015-03-13,1.4893,1.4894,1.4715,1.4894,1.4894,1225
2015-03-15,1.4736,1.4853,1.4728,1.4825,1.4825,40162
2015-03-16,1.4755,1.4819,1.475,1.4756,1.4756,484
2015-03-17,1.4825,1.4845,1.473,1.4826,1.4826,796
2015-03-18,1.4751,1.477,1.4637,1.4752,1.4752,923
2015-03-19,1.496,1.501,1.4732,1.4962,1.4962,1873
2015-03-20,1.4764,1.4923,1.4725,1.4762,1.4762,1344
2015-03-22,1.4967,1.4988,1.4838,1.495,1.495,81015
2015-03-23,1.4945,1.4959,1.4842,1.4943,1.4943,800
2015-03-24,1.4956,1.4984,1.4857,1.4952,1.4952,866
2015-03-25,1.4836,1.4954,1.4834,1.4834,1.4834,825
2015-03-26,1.4877,1.4993,1.4815,1.4877,1.4877,1205
2015-03-27,1.4857,1.4923,1.48,1.4858,1.4858,848
2015-03-29,1.4885,1.4886,1.4762,1.4886,1.4886,0
2015-03-30,1.4885,1.4886,1.4762,1.4886,1.4886,849
2015-03-31,1.481,1.4868,1.4758,1.4809,1.4809,757
2015-04-01,1.4834,1.4873,1.4747,1.483,1.483,866
2015-04-02,1.4835,1.487,1.4782,1.4837,1.4837,613
2015-04-03,1.483,1.4946,1.4813,1.4831,1.4831,911
2015-04-05,1.4923,1.4982,1.4903,1.4931,1.4931,0
2015-04-06,1.4923,1.4982,1.4903,1.4931,1.4931,545
2015-04-07,1.489,1.4919,1.4832,1.4891,1.4891,601
2015-04-08,1.4822,1.497,1.4822,1.4824,1.4824,1008
2015-04-09,1.4877,1.4886,1.473,1.4879,1.4879,1069
2015-04-10,1.4717,1.4726,1.459,1.4715,1.4715,943
2015-04-12,1.4641,1.4674,1.4574,1.4641,1.4641,0
2015-04-13,1.4641,1.4674,1.4574,1.4641,1.4641,700
2015-04-14,1.4671,1.4804,1.4607,1.4668,1.4668,1348
2015-04-15,1.4773,1.4808,1.4706,1.4772,1.4772,710
2015-04-16,1.4829,1.4939,1.4815,1.4828,1.4828,850
2015-04-17,1.4931,1.5053,1.4919,1.4922,1.4922,912
2015-04-19,1.4965,1.4984,1.4893,1.4968,1.4968,0
2015-04-20,1.4965,1.4984,1.4893,1.4968,1.4968,624
2015-04-21,1.4911,1.4954,1.4859,1.491,1.491,659
2015-04-22,1.4931,1.5081,1.4917,1.4936,1.4936,1104
2015-04-23,1.5034,1.5059,1.4966,1.5038,1.5038,640
2015-04-24,1.5051,1.5184,1.503,1.5052,1.5052,1032
2015-04-26,1.5175,1.5239,1.511,1.5177,1.5177,0
2015-04-27,1.5175,1.5239,1.511,1.5177,1.5177,866
2015-04-28,1.5225,1.5337,1.5184,1.5224,1.5224,1022
2015-04-29,1.5334,1.5487,1.5329,1.5335,1.5335,1040
2015-04-30,1.5426,1.5494,1.5326,1.5427,1.5427,1108
2015-05-01,1.5356,1.5397,1.5126,1.5355,1.5355,1776
2015-05-03,1.5156,1.5177,1.5092,1.5147,1.5147,0
2015-05-04,1.5156,1.5177,1.5092,1.5147,1.5147,580
2015-05-05,1.5122,1.5209,1.5094,1.5123,1.5123,774
2015-05-06,1.517,1.5291,1.5156,1.5174,1.5174,898
2015-05-07,1.524,1.5253,1.5168,1.5242,1.5242,575
2015-05-08,1.5397,1.5522,1.5358,1.5407,1.5407,1076
2015-05-10,1.5439,1.5596,1.5399,1.5434,1.5434,0
2015-05-11,1.5439,1.5596,1.5399,1.5434,1.5434,1283
2015-05-12,1.558,1.5709,1.556,1.5577,1.5577,964
2015-05-13,1.5668,1.5762,1.5636,1.5671,1.5671,823
2015-05-14,1.5738,1.5813,1.5731,1.574,1.574,539
2015-05-15,1.5773,1.5808,1.5705,1.5772,1.5772,670
2015-05-17,1.5739,1.5746,1.5655,1.5746,1.5746,0
2015-05-18,1.5739,1.5746,1.5655,1.5746,1.5746,599
2015-05-19,1.5664,1.5672,1.5456,1.5664,1.5664,1395
2015-05-20,1.5516,1.5591,1.5477,1.5516,1.5516,750
2015-05-21,1.5543,1.5701,1.5528,1.5543,1.5543,1125
2015-05-22,1.5661,1.5691,1.5487,1.5664,1.5664,1320
2015-05-24,1.5477,1.5509,1.5459,1.5475,1.5475,0
2015-05-25,1.5478,1.5509,1.5459,1.5475,1.5475,339
2015-05-26,1.5472,1.5472,1.5357,1.5472,1.5472,766
2015-05-27,1.5396,1.5437,1.5308,1.5399,1.5399,857
2015-05-28,1.5349,1.5387,1.5265,1.535,1.535,814
2015-05-29,1.5319,1.5343,1.5242,1.5319,1.5319,681
2015-05-31,1.5288,1.5306,1.5175,1.5289,1.5289,0
2015-06-01,1.5288,1.5306,1.5175,1.5289,1.5289,879
2015-06-02,1.5198,1.5342,1.5184,1.52,1.52,1053
2015-06-03,1.5335,1.5375,1.5256,1.534,1.534,798
2015-06-04,1.5327,1.5442,1.5307,1.5327,1.5327,892
2015-06-05,1.5362,1.537,1.5202,1.5365,1.5365,1108
2015-06-07,1.5265,1.5306,1.5223,1.5268,1.5268,0
2015-06-08,1.5265,1.5306,1.5223,1.5268,1.5268,562
2015-06-09,1.5345,1.5389,1.526,1.5346,1.5346,857
2015-06-10,1.5387,1.5555,1.5371,1.5394,1.5394,1199
2015-06-11,1.55,1.5521,1.5432,1.5497,1.5497,590
2015-06-12,1.5518,1.5598,1.5468,1.5509,1.5509,852
2015-06-14,1.5561,1.5567,1.5489,1.5562,1.5562,0
2015-06-15,1.5561,1.5567,1.549,1.5562,1.5562,515
2015-06-16,1.5597,1.565,1.5545,1.5596,1.5596,689
2015-06-17,1.5642,1.5756,1.563,1.564,1.564,820
2015-06-18,1.5848,1.5931,1.581,1.5848,1.5848,780
2015-06-19,1.588,1.5898,1.5837,1.5879,1.5879,401
2015-06-21,1.5873,1.5911,1.5808,1.5885,1.5885,0
2015-06-22,1.5873,1.5911,1.5808,1.5885,1.5885,667
2015-06-23,1.5828,1.583,1.5726,1.5829,1.5829,678
2015-06-24,1.5739,1.5805,1.5676,1.5741,1.5741,835
2015-06-25,1.5706,1.577,1.5681,1.571,1.571,584
2015-06-26,1.5748,1.5765,1.5713,1.5745,1.5745,349
2015-06-28,1.5696,1.5789,1.5686,1.5693,1.5693,0
2015-06-29,1.5696,1.5789,1.5686,1.5693,1.5693,671
2015-06-30,1.573,1.5775,1.5699,1.5732,1.5732,506
2015-07-01,1.569,1.5718,1.5616,1.5687,1.5687,674
2015-07-02,1.5605,1.5638,1.5566,1.5605,1.5605,479
2015-07-03,1.561,1.5645,1.5568,1.5613,1.5613,507
2015-07-05,1.5555,1.5625,1.5535,1.5556,1.5556,0
2015-07-06,1.5555,1.5625,1.5535,1.5556,1.5556,594
2015-07-07,1.5601,1.5606,1.5418,1.5602,1.5602,1225
2015-07-08,1.5461,1.547,1.5339,1.5463,1.5463,868
2015-07-09,1.5369,1.542,1.536,1.537,1.537,410
2015-07-10,1.5371,1.5552,1.5369,1.5374,1.5374,1197
2015-07-12,1.5519,1.5591,1.5496,1.5516,1.5516,0
2015-07-13,1.5519,1.5591,1.5496,1.5516,1.5516,627
2015-07-14,1.548,1.5623,1.5454,1.5482,1.5482,1101
2015-07-15,1.5638,1.5674,1.5581,1.5637,1.5637,612
2015-07-16,1.5626,1.5651,1.5564,1.5634,1.5634,575
2015-07-17,1.5613,1.5672,1.5562,1.5613,1.5613,725
2015-07-19,1.5605,1.563,1.554,1.56,1.56,0
2015-07-20,1.5605,1.563,1.554,1.56,1.56,595
2015-07-21,1.5571,1.5593,1.5533,1.5574,1.5574,407
2015-07-22,1.5556,1.5645,1.5553,1.5556,1.5556,603
2015-07-23,1.5615,1.5672,1.5519,1.5614,1.5614,994
2015-07-24,1.5522,1.5528,1.5472,1.552,1.552,383
2015-07-26,1.5524,1.5596,1.5494,1.5523,1.5523,0
2015-07-27,1.5524,1.5596,1.5494,1.5523,1.5523,670
2015-07-28,1.5565,1.5618,1.5533,1.5564,1.5564,563
2015-07-29,1.5611,1.5689,1.5591,1.5611,1.5611,643
2015-07-30,1.56,1.564,1.558,1.5602,1.5602,401
2015-07-31,1.5605,1.5676,1.5555,1.5604,1.5604,797
2015-08-02,1.5623,1.5647,1.5569,1.5627,1.5627,0
2015-08-03,1.5623,1.5647,1.5569,1.5627,1.5627,518
2015-08-04,1.5591,1.563,1.5567,1.559,1.559,424
2015-08-05,1.5566,1.565,1.5529,1.5569,1.5569,789
2015-08-06,1.5606,1.5638,1.5473,1.5606,1.5606,1077
2015-08-07,1.5513,1.554,1.5427,1.5514,1.5514,746
2015-08-09,1.5492,1.5549,1.546,1.5494,1.5494,0
2015-08-10,1.5492,1.5549,1.546,1.5494,1.5494,590
2015-08-11,1.5588,1.5615,1.5558,1.5585,1.5585,386
2015-08-12,1.5586,1.5662,1.5537,1.5584,1.5584,815
2015-08-13,1.5614,1.5637,1.5579,1.5616,1.5616,393
2015-08-14,1.5615,1.5659,1.5593,1.5618,1.5618,442
2015-08-16,1.565,1.569,1.5582,1.5652,1.5652,0
2015-08-17,1.565,1.569,1.5582,1.5652,1.5652,708
2015-08-18,1.5586,1.5718,1.5564,1.5585,1.5585,1000
2015-08-19,1.5666,1.5699,1.5637,1.5665,1.5665,411
2015-08-20,1.5685,1.5703,1.561,1.5683,1.5683,609
2015-08-21,1.569,1.5725,1.5664,1.5691,1.5691,406
2015-08-23,1.5668,1.5805,1.5633,1.5678,1.5678,0
2015-08-24,1.5668,1.5805,1.5633,1.5678,1.5678,1106
2015-08-25,1.5764,1.5818,1.5686,1.5763,1.5763,853
2015-08-26,1.5703,1.5721,1.5482,1.5696,1.5696,1538
2015-08-27,1.5481,1.551,1.5378,1.5482,1.5482,873
2015-08-28,1.5412,1.5446,1.534,1.5414,1.5414,706
2015-08-30,1.5417,1.5442,1.5359,1.5418,1.5418,0
2015-08-31,1.5417,1.5442,1.5359,1.5418,1.5418,557
2015-09-01,1.5365,1.5408,1.5305,1.5363,1.5363,693
2015-09-02,1.5303,1.5321,1.5269,1.5305,1.5305,359
2015-09-03,1.5307,1.5315,1.5223,1.5308,1.5308,622
2015-09-04,1.526,1.5262,1.5171,1.5262,1.5262,618
2015-09-06,1.5194,1.5291,1.5175,1.5201,1.5201,0
2015-09-07,1.5194,1.5291,1.5175,1.5201,1.5201,778
2015-09-08,1.5275,1.5415,1.5275,1.5283,1.5283,930
2015-09-09,1.5398,1.5406,1.5352,1.5402,1.5402,373
2015-09-10,1.5361,1.5477,1.5345,1.5358,1.5358,876
2015-09-11,1.5442,1.5464,1.5405,1.5442,1.5442,402
2015-09-13,1.5447,1.5473,1.538,1.5448,1.5448,0
2015-09-14,1.5447,1.5473,1.538,1.5448,1.5448,621
2015-09-15,1.5429,1.5458,1.5352,1.5427,1.5427,710
2015-09-16,1.5346,1.5528,1.5333,1.5345,1.5345,1277
2015-09-17,1.5515,1.5551,1.549,1.5518,1.5518,414
2015-09-18,1.5571,1.5659,1.5562,1.5569,1.5569,641
2015-09-20,1.5525,1.5569,1.5484,1.5529,1.5529,0
2015-09-21,1.5525,1.5569,1.5484,1.5529,1.5529,567
2015-09-22,1.5508,1.5531,1.5345,1.5508,1.5508,1221
2015-09-23,1.5355,1.5366,1.5225,1.5354,1.5354,933
2015-09-24,1.5251,1.5288,1.5203,1.5252,1.5252,576
2015-09-25,1.5231,1.526,1.5147,1.5227,1.5227,762
2015-09-27,1.5205,1.5237,1.5163,1.5202,1.5202,0
2015-09-28,1.5205,1.5237,1.5163,1.5202,1.5202,506
2015-09-29,1.5167,1.5207,1.5138,1.5165,1.5165,473
2015-09-30,1.5158,1.5214,1.511,1.5158,1.5158,700
2015-10-01,1.5123,1.5181,1.5113,1.5124,1.5124,473
2015-10-02,1.5141,1.5239,1.5138,1.5139,1.5139,683
2015-10-04,1.5187,1.5242,1.5165,1.5194,1.5194,0
2015-10-05,1.5187,1.5242,1.5165,1.5194,1.5194,520
2015-10-06,1.5154,1.5237,1.5142,1.5155,1.5155,640
2015-10-07,1.523,1.5328,1.5226,1.5226,1.5226,685
2015-10-08,1.5318,1.5373,1.5265,1.5316,1.5316,722
2015-10-09,1.5352,1.5387,1.5302,1.5351,1.5351,571
2015-10-11,1.5322,1.5375,1.5318,1.5323,1.5323,0
2015-10-12,1.5322,1.5375,1.5318,1.5323,1.5323,390
2015-10-13,1.5338,1.5389,1.5205,1.5338,1.5338,1221
2015-10-14,1.5256,1.5449,1.5256,1.5258,1.5258,1269
2015-10-15,1.5478,1.5509,1.542,1.548,1.548,590
2015-10-16,1.5473,1.5487,1.5435,1.5472,1.5472,359
2015-10-18,1.5438,1.5497,1.543,1.5438,1.5438,0
2015-10-19,1.5438,1.5497,1.543,1.5438,1.5438,453
2015-10-20,1.5475,1.5506,1.5458,1.5472,1.5472,329
2015-10-21,1.5448,1.548,1.5418,1.5449,1.5449,421
2015-10-22,1.5421,1.5506,1.5392,1.5425,1.5425,759
2015-10-23,1.5386,1.5421,1.5329,1.5384,1.5384,615
2015-10-25,1.5313,1.5381,1.5299,1.5349,1.5349,28694
2015-10-26,1.5317,1.5381,1.5314,1.5318,1.5318,456
2015-10-27,1.5356,1.5362,1.5286,1.5358,1.5358,515
2015-10-28,1.5312,1.5348,1.528,1.5313,1.5313,461
2015-10-29,1.527,1.5312,1.5246,1.5272,1.5272,448
2015-10-30,1.5322,1.5444,1.5312,1.5324,1.5324,874
2015-11-01,1.5447,1.5495,1.5402,1.5416,1.5416,30893
2015-11-02,1.5442,1.5499,1.5423,1.5442,1.5442,510
2015-11-03,1.5423,1.5446,1.5362,1.5424,1.5424,567
2015-11-04,1.542,1.5439,1.5371,1.5419,1.5419,462
2015-11-05,1.5391,1.5401,1.5227,1.539,1.539,1151
2015-11-06,1.5211,1.522,1.5038,1.521,1.521,1219
2015-11-08,1.5045,1.5127,1.5032,1.5113,1.5113,26845
2015-11-09,1.5054,1.5115,1.5052,1.5055,1.5055,438
2015-11-10,1.5122,1.5147,1.5094,1.5121,1.5121,367
2015-11-11,1.5138,1.5205,1.5132,1.5139,1.5139,498
2015-11-12,1.5223,1.5246,1.5176,1.5225,1.5225,478
2015-11-13,1.5232,1.5263,1.5192,1.5235,1.5235,481
2015-11-15,1.5224,1.5228,1.518,1.5201,1.5201,26842
2015-11-16,1.5222,1.5229,1.5186,1.5218,1.5218,302
2015-11-17,1.5202,1.5241,1.5158,1.5205,1.5205,565
2015-11-18,1.5217,1.5249,1.5191,1.522,1.522,400
2015-11-19,1.5244,1.53,1.5239,1.5239,1.5239,416
2015-11-20,1.5288,1.5312,1.5218,1.5288,1.5288,628
2015-11-22,1.5184,1.5196,1.5108,1.5122,1.5122,29552
2015-11-23,1.519,1.5193,1.5127,1.519,1.519,452
2015-11-24,1.5127,1.5158,1.5057,1.5129,1.5129,688
2015-11-25,1.5081,1.5124,1.5058,1.5086,1.5086,456
2015-11-26,1.5126,1.5133,1.5069,1.5124,1.5124,440
2015-11-27,1.5103,1.5109,1.5034,1.51,1.51,514
2015-11-29,1.5032,1.5068,1.4993,1.5054,1.5054,25474
2015-11-30,1.5038,1.5058,1.4997,1.5039,1.5039,425
2015-12-01,1.5058,1.5125,1.5053,1.5058,1.5058,491
2015-12-02,1.5079,1.5082,1.495,1.5078,1.5078,895
2015-12-03,1.495,1.5065,1.4917,1.4949,1.4949,1004
2015-12-04,1.5138,1.5158,1.5082,1.5135,1.5135,524
2015-12-06,1.5101,1.5114,1.5044,1.5054,1.5054,28961
2015-12-07,1.5113,1.5117,1.5058,1.5113,1.5113,411
2015-12-08,1.5055,1.506,1.4959,1.505,1.505,694
2015-12-09,1.5014,1.5179,1.5007,1.501,1.501,1154
2015-12-10,1.5184,1.5203,1.5116,1.5184,1.5184,592
2015-12-11,1.5162,1.523,1.5129,1.5161,1.5161,685
2015-12-13,1.5228,1.5228,1.5107,1.514,1.514,38051
2015-12-14,1.52,1.5207,1.5113,1.5199,1.5199,639
2015-12-15,1.5159,1.5184,1.504,1.5161,1.5161,967
2015-12-16,1.5046,1.5062,1.4993,1.5044,1.5044,478
2015-12-17,1.4979,1.4993,1.4883,1.4978,1.4978,749
2015-12-18,1.493,1.4952,1.4889,1.493,1.493,443
2015-12-20,1.4897,1.4929,1.4877,1.4883,1.4883,34483
2015-12-21,1.491,1.4932,1.4887,1.4908,1.4908,322
2015-12-22,1.4896,1.491,1.483,1.4897,1.4897,553
2015-12-23,1.4822,1.4903,1.4822,1.4823,1.4823,563
2015-12-24,1.4877,1.4941,1.4873,1.4877,1.4877,475
2015-12-25,1.4914,1.4948,1.4914,1.4914,1.4914,244
2015-12-27,1.492,1.4933,1.4873,1.4878,1.4878,22561
2015-12-28,1.4925,1.4932,1.4885,1.4932,1.4932,332
2015-12-29,1.4891,1.4914,1.4792,1.4894,1.4894,840
2015-12-30,1.4823,1.485,1.4797,1.4822,1.4822,374
2015-12-31,1.4818,1.4848,1.4745,1.4819,1.4819,713
2016-01-01,1.4738,1.4738,1.4738,1.4738,1.4738,20
2016-01-03,1.4732,1.4816,1.4662,1.4713,1.4713,44437
2016-01-04,1.474,1.4817,1.4691,1.4737,1.4737,867
2016-01-05,1.4715,1.473,1.4641,1.4714,1.4714,620
2016-01-06,1.4677,1.468,1.4605,1.4674,1.4674,531
2016-01-07,1.4629,1.4643,1.4535,1.463,1.463,760
2016-01-08,1.4623,1.4648,1.4529,1.4627,1.4627,835
2016-01-10,1.4525,1.4604,1.449,1.4541,1.4541,39860
2016-01-11,1.4529,1.4605,1.4516,1.4525,1.4525,629
2016-01-12,1.4545,1.4564,1.436,1.4544,1.4544,1424
2016-01-13,1.4439,1.4478,1.439,1.4436,1.4436,627
2016-01-14,1.4413,1.4445,1.4364,1.4408,1.4408,580
2016-01-15,1.4426,1.4428,1.4308,1.4427,1.4427,849
2016-01-17,1.4248,1.4323,1.4236,1.4241,1.4241,36480
2016-01-18,1.4274,1.4323,1.4251,1.4274,1.4274,519
2016-01-19,1.4253,1.4343,1.4132,1.4253,1.4253,1489
2016-01-20,1.4182,1.4221,1.4131,1.4182,1.4182,650
2016-01-21,1.4201,1.4205,1.4089,1.4199,1.4199,839
2016-01-22,1.4229,1.436,1.4206,1.4227,1.4227,1086
2016-01-24,1.4263,1.4309,1.4223,1.4246,1.4246,38355
2016-01-25,1.4257,1.4313,1.4226,1.426,1.426,627
2016-01-26,1.4243,1.4331,1.4178,1.4243,1.4243,1083
2016-01-27,1.4345,1.4355,1.4233,1.4343,1.4343,874
2016-01-28,1.4247,1.4405,1.4241,1.4249,1.4249,1159
2016-01-29,1.436,1.4416,1.419,1.4362,1.4362,1581
2016-01-31,1.4248,1.4444,1.4228,1.4432,1.4432,48842
2016-02-01,1.4245,1.4378,1.4239,1.4246,1.4246,988
2016-02-02,1.4426,1.4447,1.4333,1.4428,1.4428,808
2016-02-03,1.4409,1.4592,1.4386,1.4409,1.4409,1429
2016-02-04,1.4586,1.4668,1.4536,1.4586,1.4586,922
2016-02-05,1.458,1.4586,1.4459,1.4581,1.4581,889
2016-02-07,1.4481,1.4546,1.4349,1.4431,1.4431,58217
2016-02-08,1.4512,1.4546,1.4358,1.4512,1.4512,1312
2016-02-09,1.4436,1.4489,1.438,1.4436,1.4436,768
2016-02-10,1.4463,1.4579,1.4455,1.4466,1.4466,873
2016-02-11,1.4525,1.4567,1.4389,1.4526,1.4526,1242
2016-02-12,1.4483,1.4569,1.4453,1.4482,1.4482,814
2016-02-14,1.4497,1.4535,1.4413,1.4431,1.4431,48758
2016-02-15,1.4522,1.4538,1.4428,1.4518,1.4518,778
2016-02-16,1.4457,1.4516,1.4286,1.4459,1.4459,1605
2016-02-17,1.4308,1.4341,1.4239,1.4304,1.4304,731
2016-02-18,1.4286,1.4395,1.4265,1.4282,1.4282,918
2016-02-19,1.4331,1.4341,1.4253,1.4333,1.4333,632
2016-02-21,1.4262,1.4305,1.4056,1.4148,1.4148,79326
2016-02-22,1.427,1.4301,1.4067,1.4266,1.4266,1658
2016-02-23,1.4151,1.4157,1.4066,1.4148,1.4148,662
2016-02-24,1.401,1.4017,1.3881,1.4014,1.4014,991
2016-02-25,1.3931,1.3998,1.3904,1.393,1.393,687
2016-02-26,1.397,1.4042,1.3867,1.3967,1.3967,1272
2016-02-28,1.3855,1.3945,1.3835,1.3915,1.3915,56705
2016-02-29,1.3865,1.3943,1.3839,1.3862,1.3862,767
2016-03-01,1.3931,1.4017,1.3914,1.3928,1.3928,756
2016-03-02,1.3965,1.4073,1.3918,1.3964,1.3964,1119
2016-03-03,1.4082,1.4154,1.4037,1.4081,1.4081,848
2016-03-04,1.4176,1.4237,1.4112,1.4175,1.4175,895
2016-03-06,1.4215,1.4283,1.4133,1.4261,1.4261,43650
2016-03-07,1.4213,1.422,1.4137,1.4215,1.4215,603
2016-03-08,1.4262,1.4274,1.4177,1.4261,1.4261,700
2016-03-09,1.4209,1.4243,1.4179,1.4209,1.4209,466
2016-03-10,1.4207,1.4302,1.4124,1.4207,1.4207,1263
2016-03-11,1.4288,1.4394,1.4258,1.4288,1.4288,961
2016-03-13,1.4376,1.4389,1.4292,1.4301,1.4301,36841
2016-03-14,1.4378,1.4392,1.4313,1.438,1.438,569
2016-03-15,1.4283,1.4288,1.415,1.4282,1.4282,982
2016-03-16,1.4158,1.416,1.4057,1.4156,1.4156,750
2016-03-17,1.4253,1.4501,1.4224,1.4255,1.4255,1935
2016-03-18,1.4478,1.4514,1.4415,1.4478,1.4478,700
2016-03-20,1.4435,1.4466,1.4364,1.4368,1.4368,38703
2016-03-21,1.4463,1.4469,1.4368,1.4468,1.4468,720
2016-03-22,1.4368,1.4399,1.4199,1.437,1.437,1411
2016-03-23,1.4226,1.4228,1.411,1.4225,1.4225,845
2016-03-24,1.4116,1.4149,1.406,1.4117,1.4117,651
2016-03-25,1.4142,1.416,1.4112,1.413,1.413,358
2016-03-27,1.4133,1.4281,1.4123,1.4131,1.4131,0
2016-03-28,1.4133,1.4281,1.4123,1.4131,1.4131,1128
2016-03-29,1.4261,1.431,1.4201,1.4263,1.4263,786
2016-03-30,1.4388,1.4459,1.4371,1.4386,1.4386,630
2016-03-31,1.4374,1.4424,1.4331,1.4374,1.4374,664
2016-04-01,1.4366,1.4374,1.4174,1.4367,1.4367,1412
2016-04-03,1.4227,1.4323,1.4192,1.4225,1.4225,0
2016-04-04,1.4227,1.4323,1.4193,1.4225,1.4225,927
2016-04-05,1.4265,1.4282,1.4124,1.4265,1.4265,1121
2016-04-06,1.4158,1.4172,1.4008,1.4156,1.4156,1182
2016-04-07,1.4136,1.4156,1.4055,1.4138,1.4138,736
2016-04-08,1.4055,1.414,1.4043,1.4058,1.4058,708
2016-04-10,1.4134,1.4286,1.4109,1.413,1.413,0
2016-04-11,1.4134,1.4286,1.4109,1.413,1.413,1256
2016-04-12,1.4234,1.4347,1.4199,1.4234,1.4234,1056
2016-04-13,1.4269,1.4282,1.4199,1.4269,1.4269,601
2016-04-14,1.4193,1.4193,1.4094,1.4192,1.4192,715
2016-04-15,1.4145,1.4223,1.4136,1.4146,1.4146,627
2016-04-17,1.4184,1.428,1.4134,1.4174,1.4174,0
2016-04-18,1.4184,1.428,1.4134,1.4174,1.4174,1043
2016-04-19,1.4288,1.442,1.4286,1.429,1.429,948
2016-04-20,1.4388,1.441,1.4353,1.439,1.439,413
2016-04-21,1.4338,1.4438,1.4306,1.4339,1.4339,934
2016-04-22,1.4327,1.4451,1.4323,1.4323,1.4323,905
2016-04-24,1.4449,1.4518,1.4406,1.4447,1.4447,0
2016-04-25,1.4449,1.4518,1.4406,1.4447,1.4447,792
2016-04-26,1.4489,1.4638,1.4488,1.4491,1.4491,1047
2016-04-27,1.4577,1.462,1.4533,1.4577,1.4577,615
2016-04-28,1.4541,1.4618,1.4528,1.4542,1.4542,635
2016-04-29,1.4614,1.4667,1.4579,1.4611,1.4611,617
2016-05-01,1.4605,1.4699,1.4603,1.4603,1.4603,0
2016-05-02,1.4605,1.4699,1.4603,1.4603,1.4603,677
2016-05-03,1.4667,1.4769,1.4535,1.4666,1.4666,1604
2016-05-04,1.4546,1.4573,1.4463,1.4551,1.4551,772
2016-05-05,1.4508,1.4531,1.4447,1.4507,1.4507,598
2016-05-06,1.4491,1.4548,1.4428,1.4493,1.4493,842
2016-05-08,1.4428,1.4477,1.4377,1.4431,1.4431,0
2016-05-09,1.4428,1.4477,1.4377,1.4431,1.4431,710
2016-05-10,1.4416,1.4474,1.4391,1.4416,1.4416,595
2016-05-11,1.4453,1.4487,1.4397,1.4452,1.4452,637
2016-05-12,1.4436,1.4531,1.4409,1.4438,1.4438,856
2016-05-13,1.4446,1.445,1.4343,1.4445,1.4445,761
2016-05-15,1.4353,1.4415,1.4336,1.4349,1.4349,0
2016-05-16,1.4353,1.4416,1.4336,1.4349,1.4349,570
2016-05-17,1.4448,1.4524,1.4439,1.4447,1.4447,603
2016-05-18,1.4457,1.4626,1.4406,1.4455,1.4455,1526
2016-05-19,1.4596,1.4661,1.4565,1.4596,1.4596,670
2016-05-20,1.46,1.4613,1.451,1.4601,1.4601,723
2016-05-22,1.4492,1.4548,1.4446,1.4491,1.4491,0
2016-05-23,1.4492,1.4548,1.4446,1.4491,1.4491,724
2016-05-24,1.4481,1.4637,1.448,1.4482,1.4482,1092
2016-05-25,1.4616,1.4731,1.4607,1.4613,1.4613,863
2016-05-26,1.4698,1.4739,1.4672,1.4698,1.4698,474
2016-05-27,1.4666,1.4688,1.4614,1.4665,1.4665,527
2016-05-29,1.4625,1.4639,1.4591,1.4627,1.4627,0
2016-05-30,1.4625,1.4639,1.4591,1.4627,1.4627,349
2016-05-31,1.4635,1.4726,1.453,1.4635,1.4635,1350
2016-06-01,1.4485,1.4509,1.4394,1.4483,1.4483,817
2016-06-02,1.4421,1.4472,1.4414,1.4419,1.4419,419
2016-06-03,1.4408,1.4583,1.4402,1.4406,1.4406,1265
2016-06-05,1.4392,1.4474,1.4359,1.4384,1.4384,0
2016-06-06,1.4392,1.4474,1.4359,1.4384,1.4384,815
2016-06-07,1.4461,1.4609,1.4455,1.4459,1.4459,1070
2016-06-08,1.4544,1.4602,1.4509,1.4544,1.4544,654
2016-06-09,1.4515,1.4528,1.4451,1.4518,1.4518,554
2016-06-10,1.4464,1.4475,1.4318,1.4464,1.4464,1101
2016-06-12,1.4191,1.4305,1.412,1.4189,1.4189,0
2016-06-13,1.4191,1.4305,1.412,1.4189,1.4189,1316
2016-06-14,1.4206,1.422,1.4096,1.4207,1.4207,891
2016-06-15,1.4121,1.4216,1.4109,1.4124,1.4124,768
2016-06-16,1.4195,1.4201,1.4015,1.4196,1.4196,1329
2016-06-17,1.4296,1.4319,1.4226,1.4296,1.4296,672
2016-06-19,1.4587,1.4707,1.4535,1.4586,1.4586,0
2016-06-20,1.4587,1.4707,1.4535,1.4586,1.4586,1192
2016-06-21,1.4674,1.4781,1.4646,1.4675,1.4675,932
2016-06-22,1.4667,1.477,1.4647,1.467,1.467,853
2016-06-23,1.4792,1.4947,1.4733,1.4789,1.4789,1451
2016-06-24,1.456,1.4629,1.3239,1.4558,1.4558,9520
2016-06-26,1.3445,1.3476,1.3131,1.3451,1.3451,0
2016-06-27,1.3445,1.3476,1.3132,1.3451,1.3451,2573
2016-06-28,1.3227,1.342,1.3222,1.3235,1.3235,1493
2016-06-29,1.3356,1.3529,1.3292,1.3351,1.3351,1773
2016-06-30,1.3456,1.3495,1.3243,1.3466,1.3466,1889
2016-07-01,1.3334,1.3352,1.3248,1.3329,1.3329,800
2016-07-03,1.3285,1.333,1.3245,1.329,1.329,0
2016-07-04,1.3285,1.333,1.3245,1.329,1.329,656
2016-07-05,1.3282,1.3282,1.3022,1.328,1.328,1980
2016-07-06,1.2964,1.3014,1.2828,1.2958,1.2958,1444
2016-07-07,1.2921,1.3048,1.2909,1.2926,1.2926,1082
2016-07-08,1.2912,1.3012,1.291,1.2916,1.2916,804
2016-07-10,1.2945,1.3014,1.2854,1.2946,1.2946,0
2016-07-11,1.2945,1.3014,1.2854,1.2946,1.2946,1254
2016-07-12,1.2985,1.3246,1.2979,1.2981,1.2981,2034
2016-07-13,1.3271,1.3336,1.3178,1.3278,1.3278,1209
2016-07-14,1.3121,1.3401,1.3109,1.312,1.312,2195
2016-07-15,1.3358,1.3481,1.3201,1.3358,1.3358,2098
2016-07-17,1.3239,1.331,1.3217,1.323,1.323,0
2016-07-18,1.3239,1.331,1.3217,1.323,1.323,722
2016-07-19,1.3266,1.3272,1.3115,1.3269,1.3269,1200
2016-07-20,1.3108,1.3198,1.3068,1.3108,1.3108,1001
2016-07-21,1.3247,1.3268,1.3167,1.3265,1.3265,778
2016-07-22,1.3238,1.3291,1.3082,1.3246,1.3246,1591
2016-07-24,1.3124,1.3162,1.3099,1.313,1.313,0
2016-07-25,1.3124,1.3162,1.3099,1.313,1.313,503
2016-07-26,1.3107,1.3172,1.3066,1.3108,1.3108,824
2016-07-27,1.3151,1.3163,1.308,1.3153,1.3153,648
2016-07-28,1.3241,1.3251,1.3123,1.3238,1.3238,982
2016-07-29,1.3165,1.3302,1.3156,1.3162,1.3162,1119
2016-07-31,1.3219,1.3273,1.3166,1.3216,1.3216,0
2016-08-01,1.3219,1.3273,1.3166,1.3216,1.3216,828
2016-08-02,1.3187,1.3331,1.3175,1.3186,1.3186,1193
2016-08-03,1.3338,1.3373,1.3287,1.3338,1.3338,661
2016-08-04,1.3329,1.3345,1.3118,1.3328,1.3328,1723
2016-08-05,1.3129,1.3177,1.3024,1.3129,1.3129,1180
2016-08-07,1.3077,1.3098,1.3035,1.3086,1.3086,0
2016-08-08,1.3077,1.3098,1.3035,1.3086,1.3086,501
2016-08-09,1.3034,1.3034,1.2959,1.3032,1.3032,593
2016-08-10,1.3014,1.3095,1.2994,1.3007,1.3007,785
2016-08-11,1.3023,1.3029,1.2941,1.302,1.302,698
2016-08-12,1.2956,1.3036,1.2927,1.2955,1.2955,855
2016-08-14,1.291,1.2947,1.2868,1.291,1.291,0
2016-08-15,1.291,1.2947,1.2868,1.291,1.291,624
2016-08-16,1.288,1.3029,1.288,1.2883,1.2883,1165
2016-08-17,1.3032,1.3065,1.2999,1.3034,1.3034,527
2016-08-18,1.3045,1.3173,1.3043,1.3045,1.3045,1004
2016-08-19,1.3163,1.3167,1.3024,1.3167,1.3167,1101
2016-08-21,1.3068,1.3156,1.3036,1.3056,1.3056,0
2016-08-22,1.3069,1.3156,1.3036,1.3056,1.3056,932
2016-08-23,1.3132,1.3212,1.3132,1.3137,1.3137,624
2016-08-24,1.3199,1.3275,1.3163,1.3196,1.3196,862
2016-08-25,1.324,1.3264,1.3173,1.3235,1.3235,712
2016-08-26,1.3193,1.327,1.3149,1.3194,1.3194,927
2016-08-28,1.3127,1.3135,1.3062,1.3129,1.3129,0
2016-08-29,1.3127,1.3135,1.3062,1.3129,1.3129,581
2016-08-30,1.311,1.312,1.3063,1.3108,1.3108,450
2016-08-31,1.3094,1.3158,1.3069,1.3091,1.3091,699
2016-09-01,1.3134,1.3316,1.313,1.3134,1.3134,1411
2016-09-02,1.3277,1.3351,1.3254,1.3275,1.3275,748
2016-09-04,1.3294,1.3376,1.3294,1.3294,1.3294,0
2016-09-05,1.3294,1.3376,1.3294,1.3294,1.3294,631
2016-09-06,1.3312,1.3443,1.3303,1.3314,1.3314,1057
2016-09-07,1.3416,1.3426,1.3337,1.3421,1.3421,685
2016-09-08,1.334,1.3376,1.3289,1.3339,1.3339,671
2016-09-09,1.3309,1.3335,1.3247,1.331,1.331,682
2016-09-11,1.3271,1.3324,1.3244,1.3273,1.3273,0
2016-09-12,1.3271,1.3325,1.3244,1.3273,1.3273,622
2016-09-13,1.3339,1.3342,1.3174,1.3339,1.3339,1284
2016-09-14,1.3194,1.3229,1.3141,1.3194,1.3194,690
2016-09-15,1.3264,1.327,1.3184,1.3264,1.3264,668
2016-09-16,1.3247,1.325,1.3075,1.3248,1.3248,1340
2016-09-18,1.3014,1.3092,1.3014,1.3016,1.3016,0
2016-09-19,1.3014,1.3092,1.3014,1.3016,1.3016,615
2016-09-20,1.304,1.3065,1.2951,1.3045,1.3045,893
2016-09-21,1.2985,1.3007,1.295,1.2985,1.2985,460
2016-09-22,1.3038,1.312,1.3033,1.3036,1.3036,684
2016-09-23,1.3084,1.3091,1.2917,1.3087,1.3087,1349
2016-09-25,1.2979,1.299,1.2918,1.2979,1.2979,0
2016-09-26,1.2979,1.299,1.2918,1.2979,1.2979,575
2016-09-27,1.297,1.3009,1.2945,1.297,1.297,510
2016-09-28,1.3011,1.3033,1.2982,1.3012,1.3012,409
2016-09-29,1.304,1.3055,1.2969,1.304,1.304,681
2016-09-30,1.2969,1.3023,1.2942,1.2963,1.2963,635
2016-10-02,1.2932,1.2948,1.2819,1.2932,1.2932,0
2016-10-03,1.2932,1.2948,1.2819,1.2932,1.2932,1019
2016-10-04,1.2852,1.286,1.2727,1.2849,1.2849,1052
2016-10-05,1.2729,1.2771,1.2687,1.2732,1.2732,680
2016-10-06,1.2755,1.2757,1.2631,1.2755,1.2755,1005
2016-10-07,1.2399,1.2483,1.2232,1.2402,1.2402,2025
2016-10-09,1.2435,1.2446,1.2359,1.2435,1.2435,0
2016-10-10,1.2435,1.2446,1.2359,1.2435,1.2435,712
2016-10-11,1.2347,1.235,1.2204,1.2341,1.2341,1203
2016-10-12,1.2275,1.2327,1.217,1.2279,1.2279,1297
2016-10-13,1.2191,1.2231,1.2137,1.2188,1.2188,788
2016-10-14,1.2226,1.2264,1.2171,1.2222,1.2222,774
2016-10-16,1.2177,1.22,1.214,1.2183,1.2183,0
2016-10-17,1.2177,1.22,1.214,1.2183,1.2183,506
2016-10-18,1.2222,1.2324,1.2219,1.2219,1.2219,875
2016-10-19,1.2303,1.2329,1.2258,1.2305,1.2305,595
2016-10-20,1.2293,1.23,1.2215,1.229,1.229,715
2016-10-21,1.2258,1.2261,1.2174,1.2256,1.2256,726
2016-10-23,1.222,1.225,1.2189,1.2219,1.2219,0
2016-10-24,1.222,1.225,1.2189,1.2219,1.2219,519
2016-10-25,1.2225,1.2241,1.2089,1.2218,1.2218,1267
2016-10-26,1.2178,1.2243,1.216,1.2176,1.2176,697
2016-10-27,1.2235,1.2273,1.2161,1.2235,1.2235,932
2016-10-28,1.2168,1.2191,1.2117,1.2171,1.2171,626
2016-10-30,1.2173,1.2248,1.2143,1.2239,1.2239,46327
2016-10-31,1.2206,1.2216,1.2151,1.2216,1.2216,554
2016-11-01,1.2235,1.2279,1.2212,1.2237,1.2237,569
2016-11-02,1.2239,1.2353,1.2224,1.2239,1.2239,1066
2016-11-03,1.2306,1.2494,1.2302,1.2305,1.2305,1558
2016-11-04,1.2466,1.2557,1.2452,1.2469,1.2469,853
2016-11-06,1.245,1.2497,1.2378,1.2392,1.2392,48667
2016-11-07,1.2489,1.2498,1.2382,1.2489,1.2489,948
2016-11-08,1.2401,1.2441,1.2364,1.2399,1.2399,639
2016-11-09,1.2387,1.2549,1.2359,1.2389,1.2389,1534
2016-11-10,1.2421,1.2498,1.2379,1.2421,1.2421,972
2016-11-11,1.2552,1.2673,1.2527,1.2553,1.2553,1172
2016-11-13,1.2564,1.2589,1.2444,1.2485,1.2485,82853
2016-11-14,1.2577,1.2628,1.2449,1.2574,1.2574,1439
2016-11-15,1.2519,1.253,1.2384,1.252,1.252,1182
2016-11-16,1.2452,1.2503,1.2415,1.2456,1.2456,727
2016-11-17,1.2439,1.2503,1.2415,1.2443,1.2443,727
2016-11-18,1.2412,1.2435,1.2305,1.241,1.241,1065
2016-11-20,1.2338,1.251,1.2312,1.249,1.249,85774
2016-11-21,1.2323,1.2509,1.2314,1.2324,1.2324,1583
2016-11-22,1.2495,1.2513,1.2405,1.2494,1.2494,875
2016-11-23,1.2424,1.2432,1.2364,1.2424,1.2424,563
2016-11-24,1.2429,1.2498,1.2407,1.2433,1.2433,752
2016-11-25,1.2455,1.2474,1.2419,1.2453,1.2453,454
2016-11-27,1.246,1.2531,1.2385,1.2414,1.2414,60002
2016-11-28,1.2483,1.2531,1.2387,1.2481,1.2481,1171
2016-11-29,1.241,1.2528,1.239,1.2412,1.2412,1123
2016-11-30,1.2491,1.2516,1.2422,1.2492,1.2492,767
2016-12-01,1.2515,1.2697,1.2511,1.2517,1.2517,1484
2016-12-02,1.259,1.2677,1.2572,1.259,1.259,845
2016-12-04,1.268,1.2744,1.2623,1.2729,1.2729,85082
2016-12-05,1.267,1.2739,1.2661,1.2668,1.2668,628
2016-12-06,1.2729,1.2773,1.271,1.2729,1.2729,515
2016-12-07,1.2673,1.2676,1.2574,1.2671,1.2671,824
2016-12-08,1.2629,1.2708,1.2552,1.2628,1.2628,1249
2016-12-09,1.2584,1.2622,1.2558,1.2585,1.2585,522
2016-12-11,1.2571,1.2699,1.2566,1.2674,1.2674,43726
2016-12-12,1.2593,1.2673,1.2568,1.2598,1.2598,843
2016-12-13,1.2678,1.2728,1.2663,1.2676,1.2676,526
2016-12-14,1.2663,1.2715,1.2639,1.2663,1.2663,617
2016-12-15,1.2538,1.2568,1.2402,1.2538,1.2538,1334
2016-12-16,1.2424,1.2464,1.2385,1.2424,1.2424,652
2016-12-18,1.2482,1.2501,1.2354,1.2391,1.2391,55437
2016-12-19,1.2489,1.2505,1.2357,1.2489,1.2489,1198
2016-12-20,1.2389,1.241,1.2317,1.239,1.239,771
2016-12-21,1.2367,1.2393,1.2327,1.2366,1.2366,550
2016-12-22,1.2353,1.238,1.2297,1.2355,1.2355,685
2016-12-23,1.2285,1.2299,1.2232,1.2285,1.2285,558
2016-12-26,1.229,1.2344,1.227,1.229,1.229,621
2016-12-27,1.2278,1.2288,1.224,1.2276,1.2276,411
2016-12-28,1.2276,1.2299,1.2203,1.2276,1.2276,800
2016-12-29,1.2225,1.2276,1.2223,1.2225,1.2225,448
2016-12-30,1.2285,1.2387,1.227,1.2288,1.2288,965
2017-01-02,1.2349,1.2359,1.2284,1.2349,1.2349,634
2017-01-03,1.2282,1.2311,1.2204,1.2282,1.2282,885
2017-01-04,1.2246,1.2297,1.2223,1.2246,1.2246,619
2017-01-05,1.2328,1.2418,1.2271,1.2327,1.2327,1198
2017-01-06,1.2424,1.2425,1.2303,1.2425,1.2425,1004
2017-01-08,1.2246,1.227,1.2123,1.2159,1.2159,61749
2017-01-09,1.226,1.2273,1.2127,1.2261,1.2261,1208
2017-01-10,1.2171,1.2185,1.2112,1.2173,1.2173,613
2017-01-11,1.2176,1.2197,1.2044,1.2174,1.2174,1272
2017-01-12,1.2212,1.2317,1.217,1.2215,1.2215,1212
2017-01-13,1.2167,1.2226,1.2124,1.2165,1.2165,855
2017-01-15,1.1995,1.2085,1.1986,1.2042,1.2042,92623
2017-01-16,1.2038,1.2088,1.1995,1.2039,1.2039,783
2017-01-17,1.2041,1.2395,1.204,1.204,1.204,2884
2017-01-18,1.2389,1.24,1.2271,1.2388,1.2388,1063
2017-01-19,1.2262,1.2341,1.2254,1.226,1.226,723
2017-01-20,1.2341,1.2372,1.2263,1.2338,1.2338,902
2017-01-22,1.2374,1.2537,1.2368,1.2534,1.2534,67223
2017-01-23,1.2385,1.2496,1.2382,1.2387,1.2387,926
2017-01-24,1.2515,1.2546,1.2422,1.2517,1.2517,1003
2017-01-25,1.2532,1.2616,1.2493,1.2533,1.2533,993
2017-01-26,1.2639,1.2674,1.2562,1.2634,1.2634,906
2017-01-27,1.2596,1.2609,1.2522,1.2595,1.2595,707
2017-01-29,1.2584,1.26,1.2465,1.2483,1.2483,51948
2017-01-30,1.2594,1.26,1.2494,1.2592,1.2592,864
2017-01-31,1.2502,1.2588,1.2416,1.25,1.25,1383
2017-02-01,1.2587,1.266,1.2548,1.259,1.259,908
2017-02-02,1.2663,1.2706,1.2531,1.2661,1.2661,1392
2017-02-03,1.252,1.2541,1.2461,1.252,1.252,655
2017-02-05,1.2483,1.2498,1.2427,1.2466,1.2466,47552
2017-02-06,1.2482,1.25,1.2429,1.2484,1.2484,589
2017-02-07,1.247,1.2487,1.2348,1.2468,1.2468,1133
2017-02-08,1.2497,1.2545,1.2481,1.2496,1.2496,528
2017-02-09,1.2526,1.2583,1.2498,1.2528,1.2528,690
2017-02-10,1.2496,1.2521,1.2442,1.2498,1.2498,650
2017-02-12,1.247,1.2539,1.247,1.2523,1.2523,33095
2017-02-13,1.2483,1.2541,1.2483,1.2485,1.2485,480
2017-02-14,1.2523,1.2548,1.2451,1.2523,1.2523,791
2017-02-15,1.2469,1.2472,1.2385,1.247,1.247,716
2017-02-16,1.2466,1.2521,1.2457,1.247,1.247,527
2017-02-17,1.2482,1.2512,1.2391,1.2489,1.2489,983
2017-02-19,1.2402,1.2482,1.2402,1.2459,1.2459,26431
2017-02-20,1.2431,1.2483,1.241,1.2434,1.2434,602
2017-02-21,1.2474,1.2481,1.2403,1.2473,1.2473,648
2017-02-22,1.2487,1.2508,1.2428,1.2487,1.2487,657
2017-02-23,1.2454,1.2554,1.243,1.2454,1.2454,1010
2017-02-24,1.2555,1.2571,1.2485,1.2556,1.2556,702
2017-02-26,1.2467,1.2478,1.2382,1.2441,1.2441,39168
2017-02-27,1.2402,1.2473,1.2389,1.24,1.24,688
2017-02-28,1.2437,1.2472,1.2409,1.2439,1.2439,525
2017-03-01,1.238,1.2403,1.2285,1.2378,1.2378,969
2017-03-02,1.2271,1.2306,1.2261,1.2272,1.2272,384
2017-03-03,1.2275,1.2284,1.2217,1.2275,1.2275,562
2017-03-05,1.2279,1.23,1.2223,1.2234,1.2234,38986
2017-03-06,1.2292,1.23,1.2246,1.23,1.23,459
2017-03-07,1.224,1.225,1.2171,1.2243,1.2243,668
2017-03-08,1.2204,1.2216,1.214,1.2205,1.2205,642
2017-03-09,1.2175,1.2195,1.2141,1.2177,1.2177,461
2017-03-10,1.216,1.2187,1.2141,1.2157,1.2157,397
2017-03-12,1.216,1.2251,1.2146,1.2217,1.2217,102821
2017-03-13,1.217,1.2251,1.2159,1.2171,1.2171,772
2017-03-14,1.2215,1.2219,1.2113,1.2206,1.2206,885
2017-03-15,1.2159,1.2241,1.2156,1.2158,1.2158,721
2017-03-16,1.2284,1.2371,1.2244,1.2284,1.2284,1044
2017-03-17,1.2353,1.2399,1.2325,1.2351,1.2351,609
2017-03-19,1.238,1.2435,1.2334,1.2357,1.2357,78463
2017-03-20,1.2379,1.2436,1.2366,1.2385,1.2385,584
2017-03-21,1.2366,1.2485,1.2344,1.2367,1.2367,1150
2017-03-22,1.2483,1.2503,1.2431,1.2482,1.2482,599
2017-03-23,1.2471,1.2528,1.2467,1.2475,1.2475,506
2017-03-24,1.2519,1.2519,1.2471,1.2519,1.2519,401
2017-03-26,1.2513,1.2616,1.2511,1.2515,1.2515,0
2017-03-27,1.2513,1.2616,1.2511,1.2515,1.2515,850
2017-03-28,1.256,1.2597,1.2505,1.2558,1.2558,749
2017-03-29,1.2424,1.2472,1.2381,1.2421,1.2421,743
2017-03-30,1.2441,1.2523,1.2405,1.244,1.244,961
2017-03-31,1.2477,1.2537,1.2435,1.2479,1.2479,834
2017-04-02,1.2539,1.2555,1.2467,1.2541,1.2541,0
2017-04-03,1.2539,1.2555,1.2467,1.2541,1.2541,717
2017-04-04,1.2489,1.2497,1.2422,1.2492,1.2492,618
2017-04-05,1.2442,1.2495,1.2425,1.244,1.244,581
2017-04-06,1.2488,1.2503,1.2452,1.2489,1.2489,420
2017-04-07,1.2469,1.2478,1.2386,1.2469,1.2469,758
2017-04-09,1.2377,1.2429,1.2369,1.2375,1.2375,0
2017-04-10,1.2377,1.2429,1.2369,1.2375,1.2375,502
2017-04-11,1.2427,1.249,1.2406,1.2425,1.2425,694
2017-04-12,1.2492,1.252,1.2481,1.2492,1.2492,331
2017-04-13,1.2549,1.2577,1.2511,1.255,1.255,541
2017-04-14,1.2506,1.2538,1.2502,1.2508,1.2508,304
2017-04-16,1.2538,1.2596,1.2532,1.2535,1.2535,0
2017-04-17,1.2538,1.2596,1.2532,1.2535,1.2535,525
2017-04-18,1.2558,1.2768,1.252,1.2558,1.2558,1963
2017-04-19,1.2847,1.2859,1.2788,1.2845,1.2845,574
2017-04-20,1.2781,1.2847,1.2773,1.2782,1.2782,595
2017-04-21,1.2799,1.2834,1.2762,1.2802,1.2802,579
2017-04-23,1.2829,1.2832,1.2773,1.2826,1.2826,0
2017-04-24,1.2829,1.2832,1.2773,1.2826,1.2826,477
2017-04-25,1.2781,1.2846,1.2776,1.2777,1.2777,562
2017-04-26,1.2834,1.2864,1.2807,1.2832,1.2832,463
2017-04-27,1.285,1.2913,1.2844,1.2848,1.2848,558
2017-04-28,1.2895,1.2953,1.2893,1.2894,1.2894,488
2017-04-30,1.2932,1.2938,1.2903,1.2932,1.2932,0
2017-05-01,1.2932,1.2938,1.2903,1.2932,1.2932,292
2017-05-02,1.2898,1.2928,1.2867,1.2897,1.2897,497
2017-05-03,1.2943,1.295,1.2885,1.2942,1.2942,518
2017-05-04,1.2873,1.2923,1.2832,1.2872,1.2872,722
2017-05-05,1.2926,1.2968,1.2903,1.2925,1.2925,522
2017-05-07,1.2969,1.2987,1.2932,1.2966,1.2966,0
2017-05-08,1.2969,1.2987,1.2932,1.2966,1.2966,446
2017-05-09,1.2942,1.2959,1.2905,1.2943,1.2943,437
2017-05-10,1.295,1.299,1.2929,1.2949,1.2949,493
2017-05-11,1.2929,1.295,1.2851,1.2931,1.2931,788
2017-05-12,1.2889,1.2902,1.2846,1.2892,1.2892,454
2017-05-14,1.2885,1.2942,1.2885,1.2887,1.2887,0
2017-05-15,1.2885,1.2942,1.2885,1.2887,1.2887,460
2017-05-16,1.2903,1.2949,1.2869,1.2903,1.2903,643
2017-05-17,1.2917,1.299,1.291,1.2917,1.2917,639
2017-05-18,1.297,1.3048,1.2937,1.297,1.297,867
2017-05-19,1.2953,1.3035,1.2943,1.2958,1.2958,724
2017-05-21,1.3009,1.3043,1.2966,1.3012,1.3012,0
2017-05-22,1.3009,1.3043,1.2967,1.3012,1.3012,603
2017-05-23,1.2992,1.3027,1.2955,1.2995,1.2995,578
2017-05-24,1.2958,1.2999,1.2932,1.2957,1.2957,538
2017-05-25,1.2978,1.3007,1.2934,1.298,1.298,581
2017-05-26,1.293,1.2933,1.2779,1.2933,1.2933,1212
2017-05-28,1.2814,1.285,1.2812,1.2814,1.2814,0
2017-05-29,1.2814,1.285,1.2813,1.2814,1.2814,313
2017-05-30,1.2815,1.2888,1.2796,1.2814,1.2814,737
2017-05-31,1.2809,1.2917,1.2772,1.2809,1.2809,1146
2017-06-01,1.2876,1.2913,1.2832,1.2876,1.2876,649
2017-06-02,1.2887,1.2903,1.2847,1.2888,1.2888,454
2017-06-04,1.2866,1.294,1.2862,1.287,1.287,0
2017-06-05,1.2866,1.294,1.2862,1.287,1.287,625
2017-06-06,1.2907,1.2949,1.2875,1.2907,1.2907,593
2017-06-07,1.2907,1.2966,1.2889,1.2907,1.2907,613
2017-06-08,1.2962,1.298,1.291,1.2962,1.2962,563
2017-06-09,1.2726,1.2799,1.2642,1.2723,1.2723,1244
2017-06-11,1.2744,1.277,1.265,1.2739,1.2739,0
2017-06-12,1.2744,1.277,1.265,1.2739,1.2739,957
2017-06-13,1.267,1.2747,1.2643,1.267,1.267,833
2017-06-14,1.2751,1.2812,1.2725,1.2751,1.2751,694
2017-06-15,1.2757,1.2795,1.2692,1.2755,1.2755,822
2017-06-16,1.2761,1.2803,1.2758,1.2758,1.2758,368
2017-06-18,1.2775,1.2815,1.2727,1.278,1.278,0
2017-06-19,1.2775,1.2815,1.2727,1.278,1.278,706
2017-06-20,1.2731,1.2755,1.2606,1.2732,1.2732,1187
2017-06-21,1.2633,1.2709,1.2591,1.2633,1.2633,950
2017-06-22,1.2676,1.2687,1.2655,1.2676,1.2676,273
2017-06-23,1.2681,1.2744,1.2677,1.2678,1.2678,541
2017-06-25,1.2744,1.276,1.2708,1.2743,1.2743,0
2017-06-26,1.2744,1.276,1.2708,1.2743,1.2743,429
2017-06-27,1.2724,1.2795,1.2718,1.2725,1.2725,623
2017-06-28,1.2813,1.2972,1.2797,1.2813,1.2813,1369
2017-06-29,1.2939,1.3001,1.2939,1.2942,1.2942,496
2017-06-30,1.3009,1.3031,1.2956,1.3011,1.3011,594
2017-07-02,1.3017,1.3023,1.2933,1.3016,1.3016,0
2017-07-03,1.3017,1.3023,1.2933,1.3016,1.3016,704
2017-07-04,1.2946,1.2958,1.2918,1.2949,1.2949,332
2017-07-05,1.2937,1.2948,1.2896,1.2935,1.2935,426
2017-07-06,1.293,1.2972,1.2921,1.2932,1.2932,417
2017-07-07,1.2969,1.2977,1.2868,1.2974,1.2974,856
2017-07-09,1.289,1.291,1.2861,1.2891,1.2891,0
2017-07-10,1.289,1.291,1.2861,1.2891,1.2891,401
2017-07-11,1.286,1.2905,1.2813,1.286,1.286,0
2017-07-12,1.286,1.2905,1.2813,1.286,1.286,737
2017-07-13,1.2892,1.2953,1.2891,1.2894,1.2894,499
2017-07-14,1.2948,1.3094,1.2937,1.2947,1.2947,1222
2017-07-16,1.311,1.3113,1.3051,1.3111,1.3111,0
2017-07-17,1.311,1.3113,1.3051,1.3111,1.3111,490
2017-07-18,1.3051,1.3124,1.3007,1.3053,1.3053,912
2017-07-19,1.3037,1.3052,1.3013,1.3039,1.3039,317
2017-07-20,1.3031,1.3036,1.2935,1.3033,1.3033,792
2017-07-21,1.2966,1.302,1.2956,1.2966,1.2966,513
2017-07-23,1.3005,1.3053,1.2992,1.3005,1.3005,0
2017-07-24,1.3005,1.3053,1.2992,1.3005,1.3005,483
2017-07-25,1.3027,1.3084,1.3012,1.3031,1.3031,574
2017-07-26,1.3028,1.3066,1.3004,1.3028,1.3028,496
2017-07-27,1.3115,1.3156,1.3063,1.3115,1.3115,725
2017-07-28,1.3075,1.3132,1.3071,1.3077,1.3077,484
2017-07-30,1.3143,1.3196,1.31,1.3145,1.3145,0
2017-07-31,1.3143,1.3196,1.31,1.3145,1.3145,748
2017-08-01,1.3198,1.3244,1.3195,1.3195,1.3195,383
2017-08-02,1.3208,1.3243,1.3193,1.3208,1.3208,401
2017-08-03,1.3229,1.3261,1.3115,1.3228,1.3228,1120
2017-08-04,1.3146,1.3167,1.3033,1.3144,1.3144,1033
2017-08-06,1.3045,1.3062,1.3016,1.3047,1.3047,0
2017-08-07,1.3046,1.3062,1.3016,1.3047,1.3047,370
2017-08-08,1.3035,1.3055,1.2955,1.3038,1.3038,784
2017-08-09,1.2986,1.3028,1.297,1.2986,1.2986,467
2017-08-10,1.3016,1.3017,1.2957,1.3014,1.3014,486
2017-08-11,1.2978,1.301,1.2946,1.2977,1.2977,509
2017-08-13,1.3008,1.3023,1.2961,1.3006,1.3006,0
2017-08-14,1.3008,1.3023,1.2961,1.3006,1.3006,493
2017-08-15,1.2966,1.2974,1.2848,1.2965,1.2965,987
2017-08-16,1.2868,1.2903,1.2845,1.2867,1.2867,474
2017-08-17,1.2891,1.2912,1.2854,1.2892,1.2892,465
2017-08-18,1.2866,1.2915,1.2836,1.2865,1.2865,633
2017-08-20,1.2873,1.2915,1.2852,1.2874,1.2874,0
2017-08-21,1.2873,1.2915,1.2852,1.2874,1.2874,507
2017-08-22,1.2899,1.2912,1.2812,1.2898,1.2898,791
2017-08-23,1.2825,1.2834,1.2783,1.2824,1.2824,416
2017-08-24,1.2803,1.2837,1.2777,1.2804,1.2804,484
2017-08-25,1.2802,1.2887,1.2796,1.2804,1.2804,721
2017-08-27,1.2906,1.2931,1.2874,1.2905,1.2905,0
2017-08-28,1.2906,1.2931,1.2874,1.2905,1.2905,456
2017-08-29,1.2928,1.2979,1.2927,1.2927,1.2927,419
2017-08-30,1.2923,1.294,1.2884,1.2927,1.2927,455
2017-08-31,1.2919,1.2933,1.2855,1.2921,1.2921,624
2017-09-01,1.294,1.2995,1.2906,1.2942,1.2942,704
2017-09-03,1.2965,1.2968,1.2933,1.2965,1.2965,0
2017-09-04,1.2965,1.2969,1.2933,1.2965,1.2965,295
2017-09-05,1.2925,1.3031,1.2911,1.2924,1.2924,937
2017-09-06,1.3041,1.3082,1.3021,1.3041,1.3041,489
2017-09-07,1.3046,1.3116,1.3034,1.305,1.305,645
2017-09-08,1.3105,1.3221,1.31,1.3105,1.3105,941
2017-09-10,1.3195,1.3222,1.3168,1.3198,1.3198,0
2017-09-11,1.3195,1.3222,1.3168,1.3198,1.3198,432
2017-09-12,1.3172,1.3287,1.3162,1.317,1.317,961
2017-09-13,1.3291,1.3329,1.3206,1.3289,1.3289,939
2017-09-14,1.3209,1.3398,1.3193,1.3206,1.3206,1554
2017-09-15,1.3401,1.3616,1.3384,1.3399,1.3399,1723
2017-09-17,1.3579,1.3616,1.3483,1.3575,1.3575,0
2017-09-18,1.3579,1.3616,1.3483,1.3575,1.3575,997
2017-09-19,1.3515,1.3552,1.3473,1.3517,1.3517,606
2017-09-20,1.3515,1.3599,1.351,1.3515,1.3515,675
2017-09-21,1.3489,1.3579,1.3473,1.349,1.349,802
2017-09-22,1.358,1.3598,1.3494,1.358,1.358,781
2017-09-24,1.3508,1.357,1.3463,1.3507,1.3507,0
2017-09-25,1.3508,1.357,1.3464,1.3507,1.3507,806
2017-09-26,1.3477,1.3513,1.3411,1.3478,1.3478,777
2017-09-27,1.3441,1.345,1.3366,1.3448,1.3448,645
2017-09-28,1.3399,1.3453,1.3349,1.3399,1.3399,794
2017-09-29,1.343,1.3432,1.3353,1.343,1.343,607
2017-10-01,1.3394,1.3397,1.3259,1.3394,1.3394,0
2017-10-02,1.3394,1.3397,1.3259,1.3394,1.3394,1047
2017-10-03,1.3274,1.3287,1.3226,1.3276,1.3276,482
2017-10-04,1.3242,1.3289,1.3241,1.3241,1.3241,379
2017-10-05,1.3235,1.3249,1.3123,1.3233,1.3233,973
2017-10-06,1.3115,1.3115,1.3029,1.3113,1.3113,674
2017-10-08,1.3084,1.3184,1.3077,1.3084,1.3084,0
2017-10-09,1.3084,1.3184,1.3077,1.3084,1.3084,837
2017-10-10,1.3141,1.3223,1.3141,1.3144,1.3144,641
2017-10-11,1.321,1.3222,1.3175,1.3211,1.3211,376
2017-10-12,1.3239,1.3266,1.3127,1.324,1.324,1067
2017-10-13,1.3264,1.3337,1.326,1.3264,1.3264,591
2017-10-15,1.3289,1.3312,1.3256,1.3289,1.3289,0
2017-10-16,1.3289,1.3312,1.3256,1.3289,1.3289,437
2017-10-17,1.3256,1.3286,1.3156,1.3253,1.3253,995
2017-10-18,1.3194,1.3201,1.3145,1.3195,1.3195,447
2017-10-19,1.3212,1.3229,1.3139,1.3213,1.3213,701
2017-10-20,1.3155,1.3201,1.3091,1.3151,1.3151,855
2017-10-22,1.3192,1.3222,1.3162,1.319,1.319,0
2017-10-23,1.3192,1.3222,1.3162,1.319,1.319,479
2017-10-24,1.3203,1.3229,1.3114,1.3207,1.3207,893
2017-10-25,1.313,1.3271,1.3112,1.3132,1.3132,1218
2017-10-26,1.3273,1.3282,1.3163,1.3274,1.3274,913
2017-10-27,1.3129,1.314,1.3075,1.313,1.313,511
2017-10-29,1.3116,1.3214,1.3111,1.3205,1.3205,85390
2017-10-30,1.3137,1.3201,1.3129,1.3134,1.3134,571
2017-10-31,1.3211,1.3285,1.3193,1.3213,1.3213,709
2017-11-01,1.3291,1.3318,1.3254,1.3292,1.3292,502
2017-11-02,1.3256,1.33,1.3065,1.3255,1.3255,1783
2017-11-03,1.3055,1.3123,1.3042,1.3053,1.3053,642
2017-11-05,1.3063,1.3174,1.3058,1.3167,1.3167,68962
2017-11-06,1.308,1.3153,1.306,1.308,1.308,727
2017-11-07,1.3174,1.3177,1.3112,1.3175,1.3175,514
2017-11-08,1.3173,1.3179,1.3088,1.3172,1.3172,707
2017-11-09,1.3115,1.3152,1.3087,1.3113,1.3113,512
2017-11-10,1.3143,1.3229,1.3117,1.3144,1.3144,872
2017-11-12,1.3157,1.3179,1.3061,1.3112,1.3112,81830
2017-11-13,1.3119,1.3137,1.3063,1.312,1.312,584
2017-11-14,1.3121,1.313,1.3078,1.3123,1.3123,422
2017-11-15,1.316,1.3209,1.3132,1.3158,1.3158,602
2017-11-16,1.3158,1.3158,1.3158,1.3158,1.3158,0
2017-11-17,1.32,1.326,1.3172,1.32,1.32,681
2017-11-19,1.3212,1.3279,1.3185,1.3228,1.3228,95967
2017-11-20,1.3201,1.3275,1.3187,1.3203,1.3203,680
2017-11-21,1.3243,1.3268,1.3223,1.3245,1.3245,359
2017-11-22,1.3247,1.3296,1.3218,1.3246,1.3246,606
2017-11-23,1.3317,1.3339,1.3289,1.3317,1.3317,392
2017-11-24,1.3306,1.336,1.3281,1.3307,1.3307,608
2017-11-26,1.3312,1.3382,1.3309,1.3311,1.3311,72948
2017-11-27,1.3325,1.3382,1.3312,1.3325,1.3325,544
2017-11-28,1.3321,1.3344,1.3224,1.3322,1.3322,924
2017-11-29,1.3367,1.3446,1.3354,1.3365,1.3365,709
2017-11-30,1.3415,1.3549,1.3412,1.3417,1.3417,1031
2017-12-01,1.3531,1.355,1.3462,1.353,1.353,671
2017-12-03,1.3424,1.3538,1.3412,1.3477,1.3477,133713
2017-12-04,1.3491,1.3539,1.3423,1.3494,1.3494,877
2017-12-05,1.3475,1.3481,1.3376,1.3475,1.3475,795
2017-12-06,1.3416,1.3437,1.3361,1.3415,1.3415,590
2017-12-07,1.3392,1.3431,1.3323,1.3392,1.3392,821
2017-12-08,1.3483,1.352,1.3358,1.3484,1.3484,1212
2017-12-10,1.3379,1.343,1.3329,1.3336,1.3336,92782
2017-12-11,1.3392,1.3426,1.335,1.3392,1.3392,588
2017-12-12,1.3347,1.3377,1.3313,1.3349,1.3349,502
2017-12-13,1.332,1.3376,1.3314,1.332,1.332,488
2017-12-14,1.3411,1.3456,1.3395,1.341,1.341,470
2017-12-15,1.3433,1.345,1.3308,1.3433,1.3433,1074
2017-12-17,1.331,1.3417,1.3309,1.3379,1.3379,100895
2017-12-18,1.3318,1.3418,1.3311,1.3317,1.3317,813
2017-12-19,1.3379,1.3399,1.3336,1.3381,1.3381,496
2017-12-20,1.3386,1.3419,1.3379,1.3387,1.3387,315
2017-12-21,1.337,1.3389,1.3336,1.3372,1.3372,413
2017-12-22,1.3378,1.3399,1.3364,1.338,1.338,281
2017-12-25,1.3367,1.3396,1.3363,1.3365,1.3365,264
2017-12-26,1.3375,1.338,1.3349,1.3376,1.3376,247
2017-12-27,1.3374,1.3432,1.337,1.3375,1.3375,477
2017-12-28,1.3403,1.3457,1.3399,1.3404,1.3404,449
2017-12-29,1.3443,1.3542,1.3439,1.3441,1.3441,775
2018-01-01,1.3516,1.3516,1.3482,1.3516,1.3516,272
2018-01-02,1.3511,1.3597,1.3509,1.3511,1.3511,662
2018-01-03,1.3595,1.3615,1.3499,1.3596,1.3596,872
2018-01-04,1.3512,1.3561,1.3507,1.3511,1.3511,422
2018-01-05,1.3554,1.358,1.3527,1.3553,1.3553,414
2018-01-07,1.3557,1.3585,1.3522,1.3564,1.3564,73938
2018-01-08,1.3576,1.3586,1.3526,1.3576,1.3576,459
2018-01-09,1.357,1.3585,1.351,1.3571,1.3571,573
2018-01-10,1.3532,1.356,1.3485,1.3532,1.3532,572
2018-01-11,1.3513,1.3555,1.3459,1.3513,1.3513,728
2018-01-12,1.3542,1.3695,1.354,1.3542,1.3542,1151
2018-01-14,1.3726,1.3818,1.3722,1.3789,1.3789,103540
2018-01-15,1.3732,1.382,1.3732,1.3733,1.3733,657
2018-01-16,1.3794,1.3806,1.3743,1.3798,1.3798,481
2018-01-17,1.3797,1.3845,1.3759,1.3799,1.3799,641
2018-01-18,1.3826,1.391,1.3807,1.3828,1.3828,764
2018-01-19,1.3894,1.3947,1.3844,1.3895,1.3895,760
2018-01-21,1.389,1.399,1.3856,1.3982,1.3982,100239
2018-01-22,1.389,1.3969,1.3858,1.3892,1.3892,815
2018-01-23,1.3985,1.4029,1.3918,1.3985,1.3985,813
2018-01-24,1.4013,1.424,1.4002,1.4017,1.4017,1691
2018-01-25,1.4224,1.434,1.4217,1.4221,1.4221,877
2018-01-26,1.415,1.4281,1.4147,1.415,1.415,958
2018-01-28,1.4134,1.4158,1.4025,1.4071,1.4071,141243
2018-01-29,1.4149,1.4158,1.4027,1.4149,1.4149,945
2018-01-30,1.4073,1.415,1.3983,1.4077,1.4077,1197
2018-01-31,1.4153,1.4225,1.413,1.4156,1.4156,687
2018-02-01,1.42,1.4273,1.4163,1.4201,1.4201,796
2018-02-02,1.4267,1.4276,1.4104,1.4267,1.4267,1224
2018-02-04,1.4098,1.415,1.3952,1.3957,1.3957,174813
2018-02-05,1.4112,1.415,1.399,1.4111,1.4111,1153
2018-02-06,1.3941,1.3999,1.384,1.3944,1.3944,1150
2018-02-07,1.396,1.3992,1.3872,1.3959,1.3959,881
2018-02-08,1.3879,1.4064,1.3848,1.3879,1.3879,1553
2018-02-09,1.3934,1.3987,1.3788,1.3935,1.3935,1439
2018-02-11,1.3807,1.3875,1.3795,1.3834,1.3834,111061
2018-02-12,1.3826,1.3875,1.3799,1.3827,1.3827,569
2018-02-13,1.3848,1.3924,1.3833,1.3852,1.3852,671
2018-02-14,1.3887,1.398,1.3807,1.3887,1.3887,1259
2018-02-15,1.4015,1.4098,1.4001,1.4016,1.4016,708
2018-02-16,1.4106,1.4145,1.4006,1.4104,1.4104,997
2018-02-18,1.4014,1.4049,1.3958,1.3996,1.3996,79796
2018-02-19,1.4033,1.4053,1.3962,1.4032,1.4032,663
2018-02-20,1.3993,1.4024,1.3934,1.3993,1.3993,659
2018-02-21,1.3999,1.401,1.3911,1.4001,1.4001,725
2018-02-22,1.391,1.3952,1.3858,1.391,1.391,693
2018-02-23,1.3951,1.4005,1.3925,1.3953,1.3953,589
2018-02-25,1.3985,1.407,1.3927,1.3963,1.3963,96416
2018-02-26,1.3969,1.4073,1.3933,1.3968,1.3968,1009
2018-02-27,1.3965,1.3994,1.3862,1.3967,1.3967,968
2018-02-28,1.3903,1.3916,1.3778,1.3906,1.3906,1013
2018-03-01,1.3753,1.3777,1.3715,1.3754,1.3754,467
2018-03-02,1.3775,1.3816,1.3759,1.3775,1.3775,428
2018-03-04,1.3792,1.3877,1.3766,1.3845,1.3845,128242
2018-03-05,1.3799,1.3877,1.3769,1.3795,1.3795,798
2018-03-06,1.385,1.3928,1.3821,1.3852,1.3852,793
2018-03-07,1.39,1.391,1.3849,1.39,1.39,461
2018-03-08,1.3906,1.3912,1.3815,1.3906,1.3906,720
2018-03-09,1.3803,1.3887,1.3789,1.3806,1.3806,720
2018-03-11,1.3848,1.3917,1.384,1.3903,1.3903,75281
2018-03-12,1.3858,1.3906,1.3844,1.3855,1.3855,468
2018-03-13,1.3908,1.3988,1.3876,1.3908,1.3908,822
2018-03-14,1.3973,1.3998,1.3927,1.3972,1.3972,525
2018-03-15,1.3971,1.3988,1.3925,1.3972,1.3972,473
2018-03-16,1.3938,1.398,1.3893,1.3939,1.3939,645
2018-03-18,1.3935,1.4088,1.3912,1.4022,1.4022,122657
2018-03-19,1.3944,1.4088,1.3914,1.3944,1.3944,1251
2018-03-20,1.4023,1.4069,1.3985,1.4025,1.4025,612
2018-03-21,1.4004,1.4079,1.4004,1.4005,1.4005,555
2018-03-22,1.4144,1.42,1.408,1.4146,1.4146,865
2018-03-23,1.4113,1.4171,1.4088,1.4115,1.4115,604
2018-03-25,1.4146,1.4245,1.4146,1.4148,1.4148,0
2018-03-26,1.4146,1.4245,1.4146,1.4148,1.4148,712
2018-03-27,1.4237,1.4243,1.4069,1.4239,1.4239,1240
2018-03-28,1.4176,1.4205,1.4093,1.4176,1.4176,802
2018-03-29,1.4085,1.4096,1.4021,1.408,1.408,555
2018-03-30,1.4029,1.4062,1.4014,1.4029,1.4029,356
2018-04-01,1.4036,1.4077,1.4028,1.4038,1.4038,0
2018-04-02,1.4036,1.4077,1.4028,1.4038,1.4038,373
2018-04-03,1.4051,1.4089,1.4023,1.4047,1.4047,482
2018-04-04,1.4071,1.4098,1.4017,1.4069,1.4069,594
2018-04-05,1.4088,1.4096,1.3968,1.4088,1.4088,930
2018-04-06,1.4008,1.4103,1.3984,1.4009,1.4009,860
2018-04-08,1.4091,1.4164,1.4081,1.4092,1.4092,0
2018-04-09,1.4091,1.4164,1.4081,1.4092,1.4092,605
2018-04-10,1.4134,1.4188,1.4122,1.4138,1.4138,480
2018-04-11,1.4182,1.4223,1.4162,1.4182,1.4182,444
2018-04-12,1.4188,1.4247,1.4147,1.4189,1.4189,718
2018-04-13,1.424,1.4296,1.4223,1.4238,1.4238,529
2018-04-15,1.4246,1.4337,1.4238,1.4247,1.4247,0
2018-04-16,1.4246,1.4337,1.4238,1.4247,1.4247,707
2018-04-17,1.4342,1.4377,1.4294,1.4342,1.4342,597
2018-04-18,1.4298,1.4316,1.4175,1.4297,1.4297,1009
2018-04-19,1.4203,1.4247,1.4167,1.4204,1.4204,583
2018-04-20,1.4084,1.4089,1.4009,1.4087,1.4087,584
2018-04-22,1.4003,1.4043,1.3939,1.4002,1.4002,0
2018-04-23,1.4003,1.4043,1.3939,1.4002,1.4002,762
2018-04-24,1.3938,1.3982,1.392,1.3938,1.3938,464
2018-04-25,1.3992,1.3994,1.3927,1.3994,1.3994,495
2018-04-26,1.3936,1.3996,1.3896,1.3939,1.3939,735
2018-04-27,1.3917,1.3935,1.375,1.3919,1.3919,1348
2018-04-29,1.377,1.3793,1.3717,1.3771,1.3771,0
2018-04-30,1.377,1.3793,1.3717,1.3771,1.3771,573
2018-05-01,1.3772,1.3776,1.3591,1.3772,1.3772,1362
2018-05-02,1.3611,1.3665,1.3583,1.3609,1.3609,621
2018-05-03,1.3574,1.3629,1.354,1.3574,1.3574,671
2018-05-04,1.3572,1.3587,1.3495,1.3572,1.3572,700
2018-05-06,1.3533,1.3576,1.3517,1.3532,1.3532,0
2018-05-07,1.3533,1.3576,1.3517,1.3532,1.3532,452
2018-05-08,1.3569,1.3591,1.3486,1.357,1.357,796
2018-05-09,1.3554,1.3606,1.35,1.3553,1.3553,799
2018-05-10,1.3547,1.3618,1.3462,1.3545,1.3545,1164
2018-05-11,1.3525,1.3596,1.3504,1.3523,1.3523,701
2018-05-13,1.355,1.3607,1.3545,1.3554,1.3554,0
2018-05-14,1.355,1.3607,1.3545,1.3554,1.3554,479
2018-05-15,1.3561,1.3574,1.3453,1.3562,1.3562,911
2018-05-16,1.3503,1.3522,1.3458,1.35,1.35,491
2018-05-17,1.355,1.3569,1.3476,1.3548,1.3548,710
2018-05-18,1.3512,1.3528,1.3456,1.3515,1.3515,551
2018-05-20,1.3476,1.3477,1.3393,1.3477,1.3477,0
2018-05-21,1.3476,1.3477,1.3393,1.3477,1.3477,644
2018-05-22,1.3431,1.3491,1.3414,1.3432,1.3432,587
2018-05-23,1.3445,1.3445,1.3308,1.3441,1.3441,1035
2018-05-24,1.3372,1.3423,1.3351,1.3371,1.3371,552
2018-05-25,1.3384,1.3385,1.3307,1.3384,1.3384,605
2018-05-27,1.3308,1.3348,1.3297,1.3309,1.3309,0
2018-05-28,1.3308,1.3348,1.3297,1.3309,1.3309,396
2018-05-29,1.3314,1.3326,1.3208,1.3316,1.3316,908
2018-05-30,1.3256,1.3309,1.3243,1.3254,1.3254,509
2018-05-31,1.3287,1.3349,1.3279,1.3284,1.3284,550
2018-06-01,1.3289,1.3362,1.3256,1.3289,1.3289,809
2018-06-03,1.3355,1.3399,1.3297,1.3356,1.3356,0
2018-06-04,1.3355,1.3399,1.3297,1.3357,1.3357,784
2018-06-05,1.3318,1.3392,1.3303,1.3317,1.3317,684
2018-06-06,1.3407,1.3445,1.34,1.3406,1.3406,350
2018-06-07,1.3425,1.3474,1.3375,1.3422,1.3422,750
2018-06-08,1.3416,1.3436,1.3358,1.3419,1.3419,604
2018-06-10,1.3411,1.344,1.3346,1.3414,1.3414,0
2018-06-11,1.3411,1.3441,1.3346,1.3414,1.3414,724
2018-06-12,1.3372,1.3423,1.3347,1.3374,1.3374,581
2018-06-13,1.3375,1.3382,1.3314,1.3373,1.3373,524
2018-06-14,1.3383,1.3446,1.3307,1.3383,1.3383,1047
2018-06-15,1.3255,1.3298,1.3213,1.3257,1.3257,655
2018-06-17,1.3275,1.3277,1.3228,1.3275,1.3275,0
2018-06-18,1.3275,1.3277,1.3228,1.3275,1.3275,385
2018-06-19,1.3256,1.3275,1.3152,1.3259,1.3259,947
2018-06-20,1.3174,1.3216,1.315,1.3173,1.3173,520
2018-06-21,1.3173,1.327,1.3103,1.3175,1.3175,1278
2018-06-22,1.3249,1.3316,1.3246,1.3248,1.3248,539
2018-06-24,1.3263,1.3291,1.3223,1.3262,1.3262,0
2018-06-25,1.3263,1.3291,1.3223,1.3262,1.3262,531
2018-06-26,1.3279,1.3294,1.3214,1.3278,1.3278,627
2018-06-27,1.322,1.3234,1.3128,1.3221,1.3221,824
2018-06-28,1.312,1.3122,1.3052,1.312,1.312,551
2018-06-29,1.3078,1.3208,1.3071,1.3075,1.3075,1063
2018-07-01,1.3208,1.3208,1.3096,1.3208,1.3208,0
2018-07-02,1.3208,1.3208,1.3096,1.3208,1.3208,867
2018-07-03,1.3141,1.3208,1.3118,1.3144,1.3144,704
2018-07-04,1.3194,1.3228,1.3173,1.3194,1.3194,435
2018-07-05,1.3229,1.3274,1.3206,1.3229,1.3229,527
2018-07-06,1.3223,1.328,1.3205,1.3226,1.3226,587
2018-07-08,1.3294,1.336,1.321,1.3298,1.3298,0
2018-07-09,1.3294,1.336,1.321,1.3298,1.3298,1140
2018-07-10,1.3256,1.3301,1.3227,1.3256,1.3256,577
2018-07-11,1.326,1.3284,1.3231,1.3257,1.3257,413
2018-07-12,1.3207,1.3243,1.3182,1.321,1.321,478
2018-07-13,1.3178,1.322,1.3104,1.318,1.318,900
2018-07-15,1.3229,1.3293,1.3224,1.3228,1.3228,0
2018-07-16,1.3229,1.3293,1.3224,1.3228,1.3228,536
2018-07-17,1.3236,1.327,1.3146,1.3236,1.3236,949
2018-07-18,1.3109,1.312,1.3012,1.3106,1.3106,839
2018-07-19,1.3078,1.3084,1.2959,1.3078,1.3078,973
2018-07-20,1.3023,1.3115,1.2998,1.3023,1.3023,910
2018-07-22,1.3149,1.3158,1.3099,1.3147,1.3147,0
2018-07-23,1.3149,1.3158,1.3099,1.3147,1.3147,465
2018-07-24,1.3104,1.3158,1.3074,1.3103,1.3103,660
2018-07-25,1.3153,1.3177,1.3134,1.3152,1.3152,345
2018-07-26,1.32,1.3213,1.3116,1.32,1.32,754
2018-07-27,1.311,1.313,1.3084,1.3109,1.3109,376
2018-07-29,1.3111,1.3153,1.3099,1.3112,1.3112,0
2018-07-30,1.3111,1.3153,1.3099,1.3112,1.3112,427
2018-07-31,1.3137,1.3175,1.3095,1.3135,1.3135,626
2018-08-01,1.3118,1.3146,1.3098,1.3122,1.3122,386
2018-08-02,1.3125,1.3129,1.3019,1.3126,1.3126,854
2018-08-03,1.3016,1.3043,1.2976,1.3018,1.3018,532
2018-08-05,1.3002,1.3007,1.2921,1.3004,1.3004,0
2018-08-06,1.3002,1.3007,1.2921,1.3004,1.3004,685
2018-08-07,1.2943,1.2974,1.2938,1.2945,1.2945,291
2018-08-08,1.2947,1.2962,1.2856,1.2947,1.2947,840
2018-08-09,1.288,1.2911,1.2844,1.2882,1.2882,545
2018-08-10,1.283,1.2839,1.2726,1.2828,1.2828,897
2018-08-12,1.2759,1.2793,1.2733,1.2759,1.2759,0
2018-08-13,1.2759,1.2793,1.2733,1.2759,1.2759,485
2018-08-14,1.2759,1.2818,1.2735,1.2763,1.2763,666
2018-08-15,1.2719,1.2733,1.2663,1.2718,1.2718,562
2018-08-16,1.2697,1.2755,1.2689,1.2694,1.2694,530
2018-08-17,1.2713,1.2749,1.27,1.2715,1.2715,401
2018-08-19,1.2746,1.2777,1.273,1.2747,1.2747,0
2018-08-20,1.2746,1.2777,1.273,1.2747,1.2747,383
2018-08-21,1.2803,1.2877,1.28,1.2804,1.2804,617
2018-08-22,1.2907,1.2937,1.2872,1.2906,1.2906,521
2018-08-23,1.2906,1.2909,1.2818,1.2905,1.2905,729
2018-08-24,1.2811,1.288,1.2801,1.2811,1.2811,635
2018-08-26,1.2857,1.2893,1.283,1.2861,1.2861,0
2018-08-27,1.2857,1.2893,1.283,1.2861,1.2861,509
2018-08-28,1.2895,1.2932,1.2863,1.2897,1.2897,551
2018-08-29,1.2872,1.3014,1.2846,1.2868,1.2868,1310
2018-08-30,1.3036,1.3043,1.299,1.3036,1.3036,424
2018-08-31,1.3012,1.3029,1.2962,1.3011,1.3011,532
2018-09-02,1.2922,1.2935,1.2856,1.2923,1.2923,0
2018-09-03,1.2922,1.2935,1.2856,1.2923,1.2923,627
2018-09-04,1.2868,1.287,1.2814,1.2869,1.2869,455
2018-09-05,1.2859,1.2979,1.2793,1.2858,1.2858,1453
2018-09-06,1.2914,1.296,1.2897,1.2915,1.2915,503
2018-09-07,1.2928,1.3024,1.2919,1.2925,1.2925,830
2018-09-09,1.2928,1.3052,1.2898,1.293,1.293,0
2018-09-10,1.2928,1.3052,1.2898,1.293,1.293,1199
2018-09-11,1.3028,1.308,1.2977,1.3026,1.3026,812
2018-09-12,1.3017,1.3044,1.2984,1.3016,1.3016,482
2018-09-13,1.3045,1.312,1.3028,1.3046,1.3046,725
2018-09-14,1.3111,1.3143,1.3074,1.3111,1.3111,551
2018-09-16,1.3071,1.3157,1.307,1.3073,1.3073,0
2018-09-17,1.3071,1.3157,1.307,1.3073,1.3073,677
2018-09-18,1.3147,1.3171,1.3121,1.3146,1.3146,401
2018-09-19,1.3167,1.3212,1.312,1.3169,1.3169,711
2018-09-20,1.3141,1.3296,1.314,1.3141,1.3141,1193
2018-09-21,1.3271,1.3278,1.3058,1.3271,1.3271,1676
2018-09-23,1.3081,1.3167,1.3065,1.308,1.308,0
2018-09-24,1.3081,1.3167,1.3065,1.308,1.308,794
2018-09-25,1.3117,1.3176,1.3097,1.3117,1.3117,616
2018-09-26,1.318,1.3196,1.3141,1.318,1.318,436
2018-09-27,1.317,1.318,1.3097,1.3173,1.3173,651
2018-09-28,1.3078,1.3091,1.3003,1.3079,1.3079,693
2018-09-30,1.304,1.3098,1.3014,1.3039,1.3039,0
2018-10-01,1.304,1.3098,1.3014,1.3039,1.3039,657
2018-10-02,1.3044,1.305,1.2944,1.3044,1.3044,829
2018-10-03,1.298,1.302,1.2965,1.2982,1.2982,447
2018-10-04,1.2942,1.3037,1.2925,1.2941,1.2941,882
2018-10-05,1.3022,1.3108,1.3006,1.3024,1.3024,797
2018-10-07,1.3126,1.3133,1.303,1.3127,1.3127,0
2018-10-08,1.3126,1.3133,1.303,1.3127,1.3127,800
2018-10-09,1.3093,1.3147,1.3035,1.3093,1.3093,870
2018-10-10,1.3156,1.321,1.3138,1.3157,1.3157,566
2018-10-11,1.3205,1.3246,1.3185,1.3207,1.3207,478
2018-10-12,1.3232,1.3257,1.3152,1.3234,1.3234,811
2018-10-14,1.3103,1.3179,1.3103,1.3104,1.3104,0
2018-10-15,1.3103,1.3179,1.3103,1.3104,1.3104,600
2018-10-16,1.3155,1.3237,1.3143,1.3155,1.3155,732
2018-10-17,1.3188,1.3193,1.3102,1.3187,1.3187,707
2018-10-18,1.3102,1.3132,1.3058,1.3104,1.3104,582
2018-10-19,1.302,1.3058,1.3013,1.3024,1.3024,362
2018-10-21,1.3068,1.309,1.2961,1.3065,1.3065,0
2018-10-22,1.3069,1.309,1.2961,1.3065,1.3065,1002
2018-10-23,1.2965,1.3041,1.294,1.2966,1.2966,793
2018-10-24,1.2981,1.2992,1.2891,1.2981,1.2981,799
2018-10-25,1.2886,1.2919,1.2812,1.2888,1.2888,846
2018-10-26,1.2823,1.2834,1.2779,1.2825,1.2825,448
2018-10-28,1.282,1.2852,1.2789,1.2791,1.2791,127622
2018-10-29,1.2831,1.2852,1.2801,1.2831,1.2831,417
2018-10-30,1.2802,1.2816,1.2731,1.2803,1.2803,683
2018-10-31,1.2707,1.2829,1.2702,1.2709,1.2709,1008
2018-11-01,1.2766,1.2974,1.2765,1.2769,1.2769,1631
2018-11-02,1.2999,1.304,1.2962,1.3004,1.3004,611
2018-11-04,1.302,1.3055,1.2961,1.3041,1.3041,115597
2018-11-05,1.3006,1.3035,1.2967,1.3006,1.3006,543
2018-11-06,1.306,1.3096,1.3024,1.3058,1.3058,569
2018-11-07,1.3115,1.3174,1.3076,1.3113,1.3113,769
2018-11-08,1.3127,1.315,1.3089,1.3129,1.3129,483
2018-11-09,1.3066,1.307,1.2974,1.3067,1.3067,752
2018-11-11,1.291,1.2945,1.2826,1.2847,1.2847,176664
2018-11-12,1.2939,1.2948,1.2828,1.2939,1.2939,947
2018-11-13,1.2856,1.304,1.2853,1.2858,1.2858,1454
2018-11-14,1.3018,1.303,1.2893,1.3014,1.3014,1066
2018-11-15,1.2985,1.3029,1.2745,1.2986,1.2986,2196
2018-11-16,1.2766,1.2877,1.2766,1.2767,1.2767,881
2018-11-18,1.2843,1.2883,1.2793,1.2846,1.2846,120041
2018-11-19,1.2855,1.2881,1.2805,1.2833,1.2833,611
2018-11-20,1.2857,1.2881,1.2804,1.286,1.286,616
2018-11-21,1.2788,1.2821,1.2775,1.2789,1.2789,374
2018-11-22,1.2777,1.2921,1.2774,1.2777,1.2777,1160
2018-11-23,1.2876,1.2885,1.2801,1.2876,1.2876,672
2018-11-25,1.282,1.2864,1.2795,1.2806,1.2806,116881
2018-11-26,1.2819,1.2863,1.2798,1.2812,1.2812,519
2018-11-27,1.2812,1.2821,1.2727,1.2812,1.2812,746
2018-11-28,1.2742,1.2806,1.2734,1.2744,1.2744,584
2018-11-29,1.2823,1.2852,1.2757,1.2824,1.2824,759
2018-11-30,1.2784,1.2807,1.2737,1.2785,1.2785,566
2018-12-02,1.2764,1.2824,1.2698,1.2721,1.2721,133777
2018-12-03,1.275,1.2824,1.27,1.2754,1.2754,989
2018-12-04,1.2729,1.2834,1.2717,1.2726,1.2726,930
2018-12-05,1.272,1.2793,1.2673,1.2721,1.2721,952
2018-12-06,1.2727,1.28,1.27,1.2728,1.2728,800
2018-12-07,1.2781,1.2789,1.2734,1.2779,1.2779,447
2018-12-09,1.2696,1.2759,1.2505,1.2558,1.2558,208901
2018-12-10,1.272,1.2757,1.2514,1.2721,1.2721,1926
2018-12-11,1.256,1.2635,1.2504,1.2561,1.2561,1056
2018-12-12,1.2494,1.2671,1.2481,1.2493,1.2493,1514
2018-12-13,1.2625,1.2687,1.2611,1.2629,1.2629,616
2018-12-14,1.2654,1.2655,1.2535,1.2655,1.2655,969
2018-12-16,1.2598,1.2646,1.2568,1.2612,1.2612,147557
2018-12-17,1.2586,1.2645,1.2576,1.2586,1.2586,563
2018-12-18,1.2615,1.2705,1.2612,1.2616,1.2616,753
2018-12-19,1.2655,1.2679,1.2608,1.2655,1.2655,577
2018-12-20,1.2625,1.2705,1.2615,1.2628,1.2628,730
2018-12-21,1.267,1.2697,1.2634,1.267,1.267,521
2018-12-23,1.2641,1.2738,1.2634,1.2711,1.2711,147968
2018-12-24,1.265,1.2737,1.2637,1.2649,1.2649,801
2018-12-25,1.2713,1.2778,1.2668,1.2711,1.2711,881
2018-12-26,1.2689,1.272,1.2665,1.2689,1.2689,449
2018-12-27,1.2649,1.2671,1.2619,1.2649,1.2649,433
2018-12-28,1.2646,1.27,1.2637,1.2646,1.2646,520
2018-12-30,1.2691,1.2813,1.2679,1.2754,1.2754,130108
2018-12-31,1.2689,1.2814,1.2682,1.2694,1.2694,1050
2019-01-01,1.275,1.2757,1.2715,1.2738,1.2738,350
2019-01-02,1.2752,1.2773,1.2585,1.2754,1.2754,1497
2019-01-03,1.2519,1.2638,1.2519,1.2522,1.2522,964
2019-01-04,1.2629,1.274,1.2618,1.2629,1.2629,976
2019-01-06,1.2723,1.2786,1.2709,1.2774,1.2774,105811
2019-01-07,1.2733,1.2788,1.2724,1.2735,1.2735,515
2019-01-08,1.2787,1.2792,1.2715,1.2786,1.2786,625
2019-01-09,1.2739,1.2803,1.2718,1.2738,1.2738,685
2019-01-10,1.28,1.2801,1.2731,1.28,1.28,570
2019-01-11,1.2758,1.2838,1.2717,1.2754,1.2754,960
2019-01-13,1.2849,1.293,1.2817,1.2864,1.2864,153564
2019-01-14,1.285,1.2928,1.2821,1.285,1.285,845
2019-01-15,1.2876,1.2917,1.2756,1.2875,1.2875,1261
2019-01-16,1.2873,1.2896,1.2827,1.2872,1.2872,550
2019-01-17,1.2885,1.294,1.2836,1.2886,1.2886,822
2019-01-18,1.2983,1.2994,1.2892,1.2984,1.2984,802
2019-01-20,1.287,1.291,1.283,1.2891,1.2891,101033
2019-01-21,1.2854,1.2911,1.2832,1.2854,1.2854,631
2019-01-22,1.2893,1.2967,1.2856,1.2892,1.2892,877
2019-01-23,1.2957,1.308,1.2946,1.2958,1.2958,1048
2019-01-24,1.3083,1.3096,1.3014,1.3082,1.3082,647
2019-01-25,1.3112,1.3177,1.3064,1.3122,1.3122,878
2019-01-27,1.3183,1.321,1.3136,1.3155,1.3155,115496
2019-01-28,1.3208,1.321,1.3139,1.3209,1.3209,559
2019-01-29,1.316,1.3197,1.3132,1.316,1.316,513
2019-01-30,1.3081,1.312,1.3058,1.308,1.308,491
2019-01-31,1.3117,1.3161,1.3101,1.3117,1.3117,472
2019-02-01,1.3109,1.3115,1.3046,1.3109,1.3109,546
2019-02-03,1.3064,1.3102,1.3028,1.3033,1.3033,25608
2019-02-04,1.3079,1.3099,1.3042,1.3077,1.3077,452
2019-02-05,1.3031,1.3051,1.293,1.3031,1.3031,950
2019-02-06,1.2958,1.2979,1.293,1.2957,1.2957,395
2019-02-07,1.2934,1.2995,1.2856,1.2934,1.2934,1085
2019-02-08,1.2949,1.2977,1.2925,1.2949,1.2949,423
2019-02-10,1.2923,1.2938,1.2844,1.2858,1.2858,31438
2019-02-11,1.2937,1.294,1.286,1.2937,1.2937,637
2019-02-12,1.2865,1.2897,1.2834,1.2864,1.2864,503
2019-02-13,1.2891,1.2957,1.2861,1.2892,1.2892,762
2019-02-14,1.2857,1.2879,1.2774,1.2857,1.2857,831
2019-02-15,1.2799,1.286,1.2787,1.2798,1.2798,589
2019-02-17,1.2903,1.2938,1.2891,1.2922,1.2922,28431
2019-02-18,1.2903,1.2937,1.2894,1.2906,1.2906,355
2019-02-19,1.2923,1.3047,1.2897,1.2924,1.2924,1170
2019-02-20,1.3062,1.3085,1.3014,1.3061,1.3061,567
2019-02-21,1.3044,1.3092,1.3028,1.3045,1.3045,514
2019-02-22,1.3041,1.3081,1.2972,1.3041,1.3041,848
2019-02-24,1.307,1.3113,1.3048,1.3093,1.3093,32460
2019-02-25,1.3064,1.3096,1.3057,1.3066,1.3066,317
2019-02-26,1.3127,1.328,1.3123,1.3127,1.3127,1200
2019-02-27,1.3261,1.3349,1.3235,1.3258,1.3258,876
2019-02-28,1.3316,1.3321,1.3265,1.3318,1.3318,438
2019-03-01,1.3265,1.3286,1.3215,1.3265,1.3265,558
2019-03-03,1.3245,1.3254,1.3166,1.3178,1.3178,31842
2019-03-04,1.3238,1.3255,1.3169,1.324,1.324,668
2019-03-05,1.3179,1.3197,1.31,1.3179,1.3179,761
2019-03-06,1.3156,1.3171,1.3126,1.3157,1.3157,361
2019-03-07,1.318,1.3187,1.3089,1.3182,1.3182,763
2019-03-08,1.3092,1.3108,1.3006,1.3092,1.3092,798
2019-03-10,1.2965,1.3169,1.296,1.3148,1.3148,52220
2019-03-11,1.2984,1.3098,1.2962,1.2988,1.2988,1053
2019-03-12,1.3246,1.3249,1.3011,1.3249,1.3249,1814
2019-03-13,1.3065,1.3231,1.3065,1.3067,1.3067,1273
2019-03-14,1.3284,1.3332,1.3211,1.3286,1.3286,923
2019-03-15,1.3257,1.3296,1.3207,1.3259,1.3259,688
2019-03-17,1.3293,1.3299,1.3183,1.3251,1.3251,37157
2019-03-18,1.3298,1.33,1.3132,1.3297,1.3297,1280
2019-03-19,1.3264,1.3309,1.3243,1.3264,1.3264,515
2019-03-20,1.3269,1.3271,1.315,1.3271,1.3271,935
2019-03-21,1.3207,1.3229,1.3068,1.3205,1.3205,1239
2019-03-22,1.313,1.3222,1.3084,1.3132,1.3132,1064
2019-03-24,1.3213,1.3245,1.3159,1.3196,1.3196,44474
2019-03-25,1.3207,1.3246,1.3163,1.3207,1.3207,645
2019-03-26,1.3208,1.3262,1.3165,1.3215,1.3215,749
2019-03-27,1.321,1.3246,1.3168,1.3211,1.3211,610
2019-03-28,1.3153,1.32,1.3076,1.3153,1.3153,954
2019-03-29,1.3054,1.3128,1.298,1.3057,1.3057,1147
2019-03-31,1.3022,1.3148,1.3012,1.3023,1.3023,0
2019-04-01,1.3022,1.3148,1.3012,1.3023,1.3023,1057
2019-04-02,1.3069,1.3084,1.3017,1.3069,1.3069,532
2019-04-03,1.3125,1.3196,1.3124,1.3128,1.3128,567
2019-04-04,1.3178,1.3191,1.3069,1.3177,1.3177,947
2019-04-05,1.3073,1.3119,1.3006,1.3077,1.3077,885
2019-04-07,1.3037,1.3072,1.3035,1.3038,1.3038,0
2019-04-08,1.3037,1.3072,1.3035,1.3038,1.3038,299
2019-04-09,1.3062,1.3117,1.3034,1.3063,1.3063,648
2019-04-10,1.3053,1.3104,1.3049,1.3057,1.3057,435
2019-04-11,1.3098,1.311,1.3064,1.3099,1.3099,364
2019-04-12,1.3055,1.313,1.3051,1.3056,1.3056,620
2019-04-14,1.3085,1.312,1.3081,1.3084,1.3084,0
2019-04-15,1.3085,1.312,1.3081,1.3084,1.3084,319
2019-04-16,1.3099,1.3104,1.3045,1.3103,1.3103,472
2019-04-17,1.3045,1.3068,1.3032,1.3046,1.3046,296
2019-04-18,1.3039,1.3052,1.2998,1.3039,1.3039,439
2019-04-19,1.2994,1.301,1.2989,1.2994,1.2994,183
2019-04-21,1.2994,1.3001,1.2977,1.2994,1.2994,0
2019-04-22,1.2994,1.3001,1.2977,1.2994,1.2994,201
2019-04-23,1.2982,1.3019,1.2929,1.2981,1.2981,706
2019-04-24,1.2939,1.2963,1.2917,1.2938,1.2938,380
2019-04-25,1.2904,1.2917,1.2867,1.2905,1.2905,404
2019-04-26,1.2898,1.2943,1.2888,1.2896,1.2896,444
2019-04-28,1.2921,1.2947,1.2906,1.292,1.292,0
2019-04-29,1.2921,1.2947,1.2906,1.292,1.292,335
2019-04-30,1.2932,1.3046,1.2928,1.2932,1.2932,926
2019-05-01,1.3041,1.3092,1.3035,1.304,1.304,456
2019-05-02,1.3055,1.308,1.3019,1.3053,1.3053,487
2019-05-03,1.3032,1.3177,1.2992,1.3033,1.3033,1426
2019-05-05,1.315,1.3151,1.3083,1.3151,1.3151,0
2019-05-06,1.3151,1.3151,1.3083,1.3151,1.3151,536
2019-05-07,1.3097,1.313,1.3042,1.3099,1.3099,686
2019-05-08,1.3068,1.3082,1.2991,1.3069,1.3069,716
2019-05-09,1.3014,1.3026,1.2968,1.3012,1.3012,463
2019-05-10,1.301,1.3046,1.2993,1.301,1.301,427
2019-05-12,1.3009,1.3041,1.2951,1.3011,1.3011,0
2019-05-13,1.3009,1.3041,1.2951,1.3011,1.3011,710
2019-05-14,1.2964,1.2972,1.2909,1.2963,1.2963,503
2019-05-15,1.2906,1.2923,1.2829,1.2907,1.2907,743
2019-05-16,1.2846,1.2855,1.279,1.2848,1.2848,524
2019-05-17,1.2798,1.2799,1.2721,1.2798,1.2798,627
2019-05-19,1.273,1.2758,1.2717,1.2732,1.2732,0
2019-05-20,1.273,1.2758,1.2717,1.2732,1.2732,339
2019-05-21,1.2728,1.2794,1.2686,1.2729,1.2729,864
2019-05-22,1.2663,1.2683,1.2606,1.2664,1.2664,0
2019-05-23,1.2663,1.2683,1.2606,1.2664,1.2664,631
2019-05-24,1.2665,1.2717,1.2649,1.2665,1.2665,552
2019-05-26,1.2723,1.2749,1.2668,1.2725,1.2725,0
2019-05-27,1.2723,1.2749,1.2668,1.2725,1.2725,649
2019-05-28,1.2681,1.27,1.2656,1.2682,1.2682,368
2019-05-29,1.266,1.267,1.2613,1.266,1.266,469
2019-05-30,1.263,1.2641,1.2584,1.263,1.263,467
2019-05-31,1.2607,1.2637,1.256,1.261,1.261,624
2019-06-02,1.264,1.2658,1.2613,1.264,1.264,0
2019-06-03,1.2641,1.2658,1.2613,1.264,1.264,377
2019-06-04,1.2663,1.2706,1.2645,1.2664,1.2664,501
2019-06-05,1.2704,1.2744,1.2693,1.2703,1.2703,417
2019-06-06,1.2687,1.2742,1.267,1.2689,1.2689,587
2019-06-07,1.2698,1.2762,1.2689,1.2698,1.2698,587
2019-06-09,1.2723,1.2729,1.2656,1.2723,1.2723,0
2019-06-10,1.2723,1.2729,1.2656,1.2723,1.2723,593
2019-06-11,1.2692,1.2728,1.2673,1.2691,1.2691,449
2019-06-12,1.2723,1.2759,1.2688,1.2724,1.2724,570
2019-06-13,1.2694,1.2706,1.2665,1.2693,1.2693,340
2019-06-14,1.268,1.2684,1.259,1.268,1.268,758
2019-06-16,1.2594,1.2606,1.2555,1.2596,1.2596,0
2019-06-17,1.2595,1.2606,1.2555,1.2596,1.2596,419
2019-06-18,1.2541,1.2561,1.2507,1.2542,1.2542,447
2019-06-19,1.2566,1.2639,1.2546,1.2567,1.2567,755
2019-06-20,1.2654,1.2726,1.2654,1.2657,1.2657,585
2019-06-21,1.2706,1.2724,1.2645,1.2708,1.2708,644
2019-06-23,1.2751,1.2767,1.2711,1.2751,1.2751,0
2019-06-24,1.2751,1.2767,1.2711,1.2751,1.2751,456
2019-06-25,1.274,1.2784,1.2713,1.274,1.274,579
2019-06-26,1.2691,1.2707,1.2664,1.2691,1.2691,356
2019-06-27,1.2696,1.2724,1.2667,1.2698,1.2698,471
2019-06-28,1.2674,1.2734,1.2666,1.2678,1.2678,553
2019-06-30,1.2694,1.2708,1.2633,1.2695,1.2695,0
2019-07-01,1.2694,1.2708,1.2633,1.2695,1.2695,610
2019-07-02,1.2644,1.2649,1.2586,1.2645,1.2645,511
2019-07-03,1.2598,1.2602,1.2559,1.2598,1.2598,365
2019-07-04,1.2584,1.2593,1.2571,1.2583,1.2583,197
2019-07-05,1.2583,1.2587,1.2483,1.2583,1.2583,846
2019-07-07,1.2526,1.2541,1.2501,1.2526,1.2526,0
2019-07-08,1.2526,1.2541,1.2501,1.2526,1.2526,335
2019-07-09,1.2519,1.252,1.2441,1.2516,1.2516,651
2019-07-10,1.2457,1.2521,1.2445,1.2459,1.2459,626
2019-07-11,1.2506,1.2572,1.2506,1.2508,1.2508,544
2019-07-12,1.2523,1.2563,1.2523,1.2524,1.2524,338
2019-07-14,1.2572,1.2576,1.2512,1.2572,1.2572,0
2019-07-15,1.2572,1.2576,1.2512,1.2572,1.2572,532
2019-07-16,1.252,1.252,1.2397,1.2518,1.2518,1001
2019-07-17,1.2409,1.2439,1.2383,1.2412,1.2412,470
2019-07-18,1.2435,1.2496,1.2429,1.2435,1.2435,550
2019-07-19,1.2544,1.2555,1.2496,1.2542,1.2542,485
2019-07-21,1.251,1.2516,1.2458,1.2513,1.2513,0
2019-07-22,1.251,1.2516,1.2458,1.2513,1.2513,483
2019-07-23,1.2473,1.2482,1.242,1.2475,1.2475,511
2019-07-24,1.2438,1.2521,1.243,1.2439,1.2439,753
2019-07-25,1.2486,1.2518,1.2465,1.2486,1.2486,440
2019-07-26,1.2454,1.246,1.2378,1.2454,1.2454,675
2019-07-28,1.2378,1.2384,1.2216,1.2377,1.2377,0
2019-07-29,1.2378,1.2384,1.2216,1.2377,1.2377,1375
2019-07-30,1.2218,1.222,1.2121,1.2218,1.2218,830
2019-07-31,1.2158,1.2247,1.2147,1.2162,1.2162,832
2019-08-01,1.2155,1.2155,1.2082,1.2154,1.2154,618
2019-08-02,1.2127,1.2145,1.2092,1.2124,1.2124,457
2019-08-04,1.2149,1.2188,1.2103,1.2152,1.2152,0
2019-08-05,1.2149,1.2188,1.2103,1.2152,1.2152,716
2019-08-06,1.2156,1.221,1.2143,1.2158,1.2158,567
2019-08-07,1.2172,1.2191,1.2122,1.217,1.217,587
2019-08-08,1.2142,1.2183,1.2098,1.2143,1.2143,721
2019-08-09,1.2145,1.2148,1.2057,1.2144,1.2144,764
2019-08-11,1.2022,1.2101,1.2019,1.2022,1.2022,0
2019-08-12,1.2022,1.2101,1.2019,1.2022,1.2022,693
2019-08-13,1.208,1.2098,1.2044,1.2079,1.2079,466
2019-08-14,1.2064,1.21,1.2047,1.2064,1.2064,459
2019-08-15,1.206,1.2143,1.2051,1.206,1.206,773
2019-08-16,1.2092,1.2177,1.2083,1.2092,1.2092,793
2019-08-18,1.216,1.2173,1.2106,1.2161,1.2161,0
2019-08-19,1.216,1.2173,1.2106,1.2161,1.2161,569
2019-08-20,1.213,1.2167,1.2067,1.2132,1.2132,844
2019-08-21,1.2165,1.2176,1.2115,1.2162,1.2162,520
2019-08-22,1.2132,1.227,1.211,1.2132,1.2132,1325
2019-08-23,1.2251,1.2278,1.2197,1.2252,1.2252,682
2019-08-25,1.2262,1.2284,1.2209,1.2262,1.2262,0
2019-08-26,1.2262,1.2284,1.2209,1.2262,1.2262,625
2019-08-27,1.2222,1.2305,1.221,1.2222,1.2222,794
2019-08-28,1.2282,1.229,1.2164,1.2283,1.2283,1043
2019-08-29,1.2218,1.2231,1.2185,1.2219,1.2219,400
2019-08-30,1.2185,1.2224,1.2162,1.2187,1.2187,523
2019-09-01,1.2159,1.2176,1.2039,1.2159,1.2159,0
2019-09-02,1.2159,1.2176,1.2039,1.2159,1.2159,1142
2019-09-03,1.2065,1.2102,1.1959,1.2067,1.2067,1201
2019-09-04,1.2092,1.2221,1.2087,1.209,1.209,1114
2019-09-05,1.2245,1.2353,1.2213,1.2249,1.2249,1155
2019-09-06,1.2326,1.2344,1.2289,1.2324,1.2324,467
2019-09-08,1.2287,1.2381,1.2237,1.2283,1.2283,0
2019-09-09,1.2287,1.2381,1.2237,1.2283,1.2283,1184
2019-09-10,1.2346,1.2375,1.2308,1.2345,1.2345,559
2019-09-11,1.2353,1.2371,1.2323,1.2355,1.2355,410
2019-09-12,1.2335,1.2359,1.2286,1.2335,1.2335,609
2019-09-13,1.2331,1.247,1.2329,1.2329,1.2329,1157
2019-09-15,1.2498,1.2498,1.2402,1.2497,1.2497,0
2019-09-16,1.2498,1.2498,1.2402,1.2497,1.2497,791
2019-09-17,1.2427,1.2495,1.2395,1.2429,1.2429,825
2019-09-18,1.2503,1.2506,1.2441,1.2503,1.2503,538
2019-09-19,1.247,1.2499,1.2443,1.2471,1.2471,468
2019-09-20,1.2527,1.2583,1.2465,1.2525,1.2525,959
2019-09-22,1.2471,1.2492,1.2415,1.2472,1.2472,0
2019-09-23,1.2471,1.2492,1.2415,1.2472,1.2472,631
2019-09-24,1.2436,1.2502,1.2416,1.2435,1.2435,712
2019-09-25,1.2486,1.2488,1.2357,1.2486,1.2486,1069
2019-09-26,1.2359,1.2381,1.2305,1.236,1.236,632
2019-09-27,1.2331,1.2337,1.2273,1.2332,1.2332,533
2019-09-29,1.2293,1.2344,1.2285,1.2293,1.2293,0
2019-09-30,1.2293,1.2344,1.2285,1.2293,1.2293,497
2019-10-01,1.2291,1.2314,1.2211,1.229,1.229,858
2019-10-02,1.2293,1.2318,1.2229,1.2292,1.2292,744
2019-10-03,1.2305,1.2413,1.2267,1.2304,1.2304,1193
2019-10-04,1.234,1.2358,1.2278,1.2342,1.2342,670
2019-10-06,1.2335,1.2338,1.229,1.2334,1.2334,0
2019-10-07,1.2335,1.2338,1.229,1.2334,1.2334,413
2019-10-08,1.2289,1.2303,1.2199,1.2288,1.2288,863
2019-10-09,1.2221,1.2283,1.22,1.222,1.222,694
2019-10-10,1.2213,1.2385,1.221,1.2213,1.2213,1434
2019-10-11,1.2432,1.27,1.243,1.2433,1.2433,2147
2019-10-13,1.2611,1.2647,1.2522,1.2619,1.2619,0
2019-10-14,1.2611,1.2647,1.2522,1.2619,1.2619,1004
2019-10-15,1.2609,1.279,1.2604,1.2612,1.2612,1472
2019-10-16,1.2759,1.2862,1.2668,1.2761,1.2761,1524
2019-10-17,1.282,1.2978,1.2756,1.2824,1.2824,1735
2019-10-18,1.2867,1.2915,1.2841,1.2869,1.2869,593
2019-10-20,1.2903,1.3013,1.2891,1.29,1.29,0
2019-10-21,1.2903,1.3013,1.2891,1.29,1.29,956
2019-10-22,1.2972,1.2989,1.2894,1.2972,1.2972,748
2019-10-23,1.2885,1.2895,1.2843,1.2885,1.2885,425
2019-10-24,1.2921,1.2948,1.2808,1.2923,1.2923,1099
2019-10-25,1.2841,1.286,1.2805,1.284,1.284,447
2019-10-27,1.281,1.2876,1.281,1.2855,1.2855,26979
2019-10-28,1.2829,1.2875,1.2812,1.2832,1.2832,507
2019-10-29,1.2857,1.2905,1.281,1.2857,1.2857,755
2019-10-30,1.2867,1.2905,1.2859,1.2867,1.2867,374
2019-10-31,1.2903,1.2975,1.2902,1.2902,1.2902,587
2019-11-01,1.2939,1.2974,1.2935,1.294,1.294,318
2019-11-03,1.2927,1.2942,1.2875,1.288,1.288,21816
2019-11-04,1.294,1.2945,1.2901,1.2938,1.2938,358
2019-11-05,1.2887,1.2915,1.2861,1.2892,1.2892,434
2019-11-06,1.2878,1.2898,1.2868,1.2881,1.2881,252
2019-11-07,1.2857,1.2877,1.2796,1.2857,1.2857,648
2019-11-08,1.2812,1.2822,1.277,1.278,1.278,428
2019-11-10,1.2794,1.2896,1.2783,1.2852,1.2852,23441
2019-11-11,1.2797,1.2892,1.2787,1.2796,1.2796,834
2019-11-12,1.2855,1.2868,1.2817,1.2858,1.2858,417
2019-11-13,1.2854,1.286,1.2825,1.2852,1.2852,292
2019-11-14,1.2852,1.2892,1.2826,1.2854,1.2854,529
2019-11-15,1.2883,1.2917,1.2869,1.2882,1.2882,393
2019-11-17,1.2922,1.2984,1.2908,1.295,1.295,23620
2019-11-18,1.292,1.2982,1.2917,1.2921,1.2921,524
2019-11-19,1.295,1.2972,1.2925,1.2951,1.2951,378
2019-11-20,1.2929,1.293,1.2892,1.293,1.293,312
2019-11-21,1.2927,1.297,1.29,1.2927,1.2927,560
2019-11-22,1.2919,1.293,1.2827,1.292,1.292,817
2019-11-24,1.2853,1.2911,1.284,1.2897,1.2897,21653
2019-11-25,1.2851,1.2913,1.2842,1.2854,1.2854,572
2019-11-26,1.2898,1.2905,1.2839,1.2897,1.2897,534
2019-11-27,1.2859,1.2893,1.2828,1.2861,1.2861,520
2019-11-28,1.2931,1.2952,1.2901,1.293,1.293,409
2019-11-29,1.2911,1.2943,1.2882,1.2913,1.2913,493
2019-12-01,1.2907,1.2948,1.2896,1.2939,1.2939,21893
2019-12-02,1.2911,1.2943,1.2898,1.2913,1.2913,369
2019-12-03,1.2939,1.3008,1.2931,1.2941,1.2941,609
2019-12-04,1.2997,1.312,1.2985,1.2998,1.2998,1052
2019-12-05,1.3111,1.3167,1.3106,1.3111,1.3111,478
2019-12-06,1.3159,1.3165,1.3102,1.3158,1.3158,500
2019-12-08,1.3133,1.318,1.3131,1.314,1.314,22903
2019-12-09,1.3144,1.318,1.3137,1.314,1.314,347
2019-12-10,1.3146,1.3189,1.3135,1.3146,1.3146,430
2019-12-11,1.3132,1.3187,1.3113,1.3131,1.3131,579
2019-12-12,1.32,1.3229,1.3117,1.32,1.32,872
2019-12-13,1.3477,1.351,1.331,1.3475,1.3475,1502
2019-12-15,1.3337,1.3421,1.3319,1.3331,1.3331,35327
2019-12-16,1.3355,1.3417,1.3326,1.3353,1.3353,697
2019-12-17,1.3272,1.3305,1.3104,1.3273,1.3273,1529
2019-12-18,1.3122,1.3126,1.3062,1.3122,1.3122,502
2019-12-19,1.3085,1.313,1.2997,1.3087,1.3087,1032
2019-12-20,1.3016,1.3078,1.3008,1.3017,1.3017,555
2019-12-22,1.2997,1.3031,1.2904,1.2933,1.2933,32282
2019-12-23,1.3005,1.3033,1.2907,1.3005,1.3005,982
2019-12-24,1.2945,1.297,1.2923,1.2945,1.2945,377
2019-12-25,1.2935,1.2987,1.2923,1.2935,1.2935,512
2019-12-26,1.2972,1.3016,1.2961,1.2974,1.2974,437
2019-12-27,1.3003,1.3118,1.2972,1.3002,1.3002,1132
2019-12-29,1.3088,1.3149,1.3068,1.3107,1.3107,30187
2019-12-30,1.3091,1.3153,1.3088,1.3092,1.3092,514
2019-12-31,1.3117,1.3282,1.311,1.3113,1.3113,1317
2020-01-01,1.3254,1.3271,1.3219,1.3263,1.3263,413
2020-01-02,1.3251,1.3268,1.3125,1.325,1.325,1096
2020-01-03,1.3144,1.3161,1.3055,1.3153,1.3153,828
2020-01-05,1.3084,1.3174,1.3058,1.3166,1.3166,31414
2020-01-06,1.3081,1.3174,1.3065,1.308,1.308,844
2020-01-07,1.3172,1.3212,1.3096,1.317,1.317,895
2020-01-08,1.3111,1.317,1.3083,1.3114,1.3114,679
2020-01-09,1.3106,1.3125,1.3015,1.3105,1.3105,854
2020-01-10,1.3069,1.3096,1.3049,1.307,1.307,373
2020-01-12,1.303,1.3044,1.296,1.2984,1.2984,30808
2020-01-13,1.3044,1.3046,1.2962,1.3046,1.3046,666
2020-01-14,1.2988,1.3019,1.2957,1.2988,1.2988,498
2020-01-15,1.3023,1.3041,1.2989,1.3023,1.3023,418
2020-01-16,1.3041,1.3082,1.3029,1.3041,1.3041,422
2020-01-17,1.3078,1.3116,1.3018,1.3079,1.3079,767
2020-01-19,1.2989,1.3012,1.2961,1.3008,1.3008,16563
2020-01-20,1.3007,1.301,1.2965,1.3007,1.3007,365
2020-01-21,1.3007,1.3084,1.2996,1.3006,1.3006,692
2020-01-22,1.3046,1.315,1.3038,1.3048,1.3048,871
2020-01-23,1.3148,1.3152,1.3098,1.3145,1.3145,426
2020-01-24,1.312,1.3161,1.306,1.312,1.312,785
2020-01-26,1.3078,1.3104,1.3039,1.3054,1.3054,23538
2020-01-27,1.3062,1.3103,1.3051,1.3062,1.3062,414
2020-01-28,1.306,1.3069,1.2978,1.306,1.306,715
2020-01-29,1.3024,1.3031,1.2991,1.3025,1.3025,325
2020-01-30,1.3023,1.311,1.298,1.3022,1.3022,1005
2020-01-31,1.3086,1.3196,1.3086,1.3089,1.3089,852
2020-02-02,1.3173,1.3183,1.2982,1.2996,1.2996,33182
2020-02-03,1.3181,1.3183,1.3001,1.3182,1.3182,1400
2020-02-04,1.2997,1.3043,1.2944,1.2998,1.2998,775
2020-02-05,1.3031,1.307,1.2959,1.3033,1.3033,872
2020-02-06,1.2997,1.3001,1.2924,1.2997,1.2997,607
2020-02-07,1.293,1.2955,1.29,1.293,1.293,443
2020-02-09,1.2889,1.2946,1.2871,1.2912,1.2912,26248
2020-02-10,1.2889,1.2948,1.2874,1.2892,1.2892,592
2020-02-11,1.2917,1.2969,1.2896,1.2918,1.2918,578
2020-02-12,1.2957,1.2992,1.2953,1.2957,1.2957,317
2020-02-13,1.2959,1.3069,1.2945,1.2958,1.2958,963
2020-02-14,1.3045,1.3063,1.3004,1.3047,1.3047,475
2020-02-16,1.3032,1.3053,1.2997,1.3002,1.3002,16419
2020-02-17,1.3051,1.3053,1.3004,1.3053,1.3053,393
2020-02-18,1.3005,1.3049,1.2973,1.3009,1.3009,606
2020-02-19,1.3,1.3022,1.2928,1.3002,1.3002,738
2020-02-20,1.2928,1.293,1.2852,1.2928,1.2928,630
2020-02-21,1.2882,1.2977,1.288,1.2883,1.2883,769
2020-02-23,1.2943,1.2954,1.2886,1.2928,1.2928,33796
2020-02-24,1.2952,1.2955,1.2889,1.2954,1.2954,530
2020-02-25,1.2925,1.3018,1.2917,1.2927,1.2927,798
2020-02-26,1.3002,1.3011,1.2913,1.3003,1.3003,769
2020-02-27,1.2907,1.2945,1.2863,1.2907,1.2907,658
2020-02-28,1.2889,1.2919,1.2755,1.2889,1.2889,1292
2020-03-01,1.2772,1.285,1.2739,1.275,1.275,67645
2020-03-02,1.2806,1.2852,1.2742,1.2807,1.2807,875
2020-03-03,1.2766,1.2838,1.276,1.2767,1.2767,625
2020-03-04,1.2821,1.2846,1.2772,1.2821,1.2821,599
2020-03-05,1.2872,1.2946,1.2862,1.2875,1.2875,669
2020-03-06,1.295,1.305,1.295,1.2951,1.2951,784
2020-03-08,1.3075,1.32,1.3034,1.3117,1.3117,132263
2020-03-09,1.3097,1.32,1.3037,1.3099,1.3099,1257
2020-03-10,1.3075,1.3088,1.2934,1.3075,1.3075,1195
2020-03-11,1.2907,1.2977,1.2856,1.291,1.291,959
2020-03-12,1.2818,1.2852,1.2543,1.2818,1.2818,2422
2020-03-13,1.2573,1.2625,1.2401,1.257,1.257,1797
2020-03-15,1.2264,1.2419,1.2201,1.2268,1.2268,136812
2020-03-16,1.24,1.24,1.2223,1.24,1.24,1451
2020-03-17,1.2269,1.2271,1.2009,1.2267,1.2267,2148
2020-03-18,1.2116,1.213,1.1747,1.2122,1.2122,3183
2020-03-19,1.1611,1.1789,1.1477,1.1625,1.1625,2664
2020-03-20,1.1496,1.1924,1.1482,1.1494,1.1494,3729
2020-03-22,1.1667,1.1712,1.1445,1.1539,1.1539,126081
2020-03-23,1.1609,1.1712,1.148,1.1623,1.1623,1995
2020-03-24,1.1598,1.179,1.1584,1.1596,1.1596,1767
2020-03-25,1.1792,1.1973,1.1647,1.1792,1.1792,2743
2020-03-26,1.1844,1.2139,1.1823,1.1851,1.1851,2628
2020-03-27,1.2193,1.238,1.2154,1.2201,1.2201,1848
2020-03-29,1.2449,1.2467,1.232,1.2453,1.2453,0
2020-03-30,1.2449,1.2467,1.232,1.2453,1.2453,1203
2020-03-31,1.2366,1.247,1.2267,1.2372,1.2372,1640
2020-04-01,1.2412,1.2438,1.2335,1.2409,1.2409,851
2020-04-02,1.2382,1.2466,1.2355,1.2382,1.2382,907
2020-04-03,1.2392,1.2395,1.2207,1.2395,1.2395,1534
2020-04-05,1.222,1.2327,1.2213,1.222,1.222,0
2020-04-06,1.222,1.2327,1.2213,1.222,1.222,949
2020-04-07,1.2235,1.2382,1.2221,1.2241,1.2241,1327
2020-04-08,1.2338,1.2418,1.229,1.2339,1.2339,1054
2020-04-09,1.2392,1.2475,1.2363,1.2393,1.2393,923
2020-04-10,1.246,1.2488,1.245,1.2455,1.2455,328
2020-04-12,1.2459,1.2533,1.2456,1.2461,1.2461,0
2020-04-13,1.2459,1.2533,1.2456,1.2461,1.2461,639
2020-04-14,1.252,1.2621,1.2512,1.2524,1.2524,884
2020-04-15,1.2624,1.2628,1.2441,1.2626,1.2626,1501
2020-04-16,1.2522,1.2527,1.2414,1.2521,1.2521,916
2020-04-17,1.2488,1.2523,1.2409,1.2488,1.2488,935
2020-04-19,1.2488,1.2492,1.2418,1.2488,1.2488,0
2020-04-20,1.2488,1.2492,1.2418,1.2488,1.2488,607
2020-04-21,1.2443,1.2444,1.2264,1.2443,1.2443,1470
2020-04-22,1.2302,1.2383,1.2276,1.2299,1.2299,884
2020-04-23,1.2323,1.2416,1.2309,1.2324,1.2324,876
2020-04-24,1.2353,1.2374,1.23,1.2352,1.2352,622
2020-04-26,1.2369,1.2454,1.2361,1.2367,1.2367,0
2020-04-27,1.2369,1.2454,1.2361,1.2367,1.2367,763
2020-04-28,1.2422,1.2519,1.2406,1.2423,1.2423,921
2020-04-29,1.2434,1.2486,1.2391,1.2436,1.2436,787
2020-04-30,1.2469,1.2638,1.243,1.2472,1.2472,1665
2020-05-01,1.2581,1.2582,1.2504,1.2582,1.2582,635
2020-05-03,1.2457,1.2469,1.2406,1.2454,1.2454,0
2020-05-04,1.2457,1.2469,1.2407,1.2454,1.2454,519
2020-05-05,1.2448,1.248,1.2422,1.2446,1.2446,485
2020-05-06,1.2445,1.245,1.2338,1.2444,1.2444,922
2020-05-07,1.2327,1.2415,1.227,1.2326,1.2326,1185
2020-05-08,1.2374,1.2464,1.2358,1.2376,1.2376,868
2020-05-10,1.2416,1.2438,1.2286,1.2417,1.2417,0
2020-05-11,1.2416,1.2438,1.2286,1.2417,1.2417,1242
2020-05-12,1.2332,1.2376,1.2289,1.2334,1.2334,727
2020-05-13,1.2254,1.2338,1.2222,1.2255,1.2255,956
2020-05-14,1.224,1.2242,1.2169,1.2242,1.2242,613
2020-05-15,1.2234,1.2238,1.2116,1.2234,1.2234,1014
2020-05-17,1.2086,1.2224,1.2086,1.2086,1.2086,0
2020-05-18,1.2086,1.2224,1.2086,1.2086,1.2086,1152
2020-05-19,1.2203,1.2269,1.2185,1.22,1.22,707
2020-05-20,1.2259,1.2287,1.2223,1.2256,1.2256,540
2020-05-21,1.2235,1.225,1.2187,1.2237,1.2237,534
2020-05-22,1.2226,1.2235,1.2163,1.2223,1.2223,608
2020-05-24,1.2187,1.2204,1.2165,1.2186,1.2186,0
2020-05-25,1.2187,1.2204,1.2165,1.2186,1.2186,338
2020-05-26,1.2201,1.2363,1.2199,1.2201,1.2201,1348
2020-05-27,1.2335,1.2349,1.2209,1.2335,1.2335,1152
2020-05-28,1.2263,1.2335,1.2235,1.2265,1.2265,827
2020-05-29,1.232,1.2392,1.2293,1.2322,1.2322,818
2020-05-31,1.2345,1.2485,1.2345,1.2348,1.2348,0
2020-06-01,1.2345,1.2485,1.2345,1.2348,1.2348,1138
2020-06-02,1.2488,1.2576,1.248,1.2487,1.2487,782
2020-06-03,1.2579,1.2613,1.2555,1.2582,1.2582,480
2020-06-04,1.2575,1.2622,1.2502,1.2575,1.2575,976
2020-06-05,1.2603,1.273,1.2584,1.2609,1.2609,1162
2020-06-07,1.2714,1.2726,1.2629,1.2726,1.2726,0
2020-06-08,1.2714,1.2726,1.2629,1.2726,1.2726,782
2020-06-09,1.2732,1.2755,1.2627,1.2735,1.2735,1023
2020-06-10,1.2711,1.28,1.2707,1.2711,1.2711,745
2020-06-11,1.2714,1.275,1.2625,1.2711,1.2711,1003
2020-06-12,1.2576,1.2651,1.2523,1.2577,1.2577,1028
2020-06-14,1.2512,1.2578,1.2456,1.2509,1.2509,0
2020-06-15,1.2512,1.2579,1.2456,1.2509,1.2509,992
2020-06-16,1.2638,1.2687,1.256,1.2638,1.2638,1019
2020-06-17,1.2584,1.2587,1.2514,1.2585,1.2585,600
2020-06-18,1.2552,1.2563,1.2405,1.2553,1.2553,1283
2020-06-19,1.2425,1.2455,1.2351,1.2427,1.2427,855
2020-06-21,1.2346,1.2455,1.2337,1.2348,1.2348,0
2020-06-22,1.2346,1.2455,1.2337,1.2348,1.2348,965
2020-06-23,1.2499,1.2532,1.2434,1.2502,1.2502,800
2020-06-24,1.2528,1.2543,1.2417,1.2525,1.2525,1024
2020-06-25,1.2415,1.2464,1.2394,1.2413,1.2413,586
2020-06-26,1.2424,1.2437,1.2317,1.2425,1.2425,982
2020-06-28,1.2341,1.239,1.2254,1.2342,1.2342,0
2020-06-29,1.2341,1.239,1.2254,1.2342,1.2342,1116
2020-06-30,1.2311,1.2392,1.226,1.2311,1.2311,1085
2020-07-01,1.2389,1.2477,1.236,1.2389,1.2389,958
2020-07-02,1.2468,1.253,1.2462,1.2465,1.2465,562
2020-07-03,1.2467,1.2486,1.2441,1.2466,1.2466,384
2020-07-05,1.2478,1.252,1.2476,1.2476,1.2476,0
2020-07-06,1.2478,1.252,1.2476,1.2476,1.2476,374
2020-07-07,1.2495,1.2591,1.2464,1.2496,1.2496,1029
2020-07-08,1.2538,1.26,1.251,1.2543,1.2543,735
2020-07-09,1.2613,1.267,1.2602,1.2614,1.2614,551
2020-07-10,1.2607,1.2664,1.2569,1.2605,1.2605,769
2020-07-12,1.2627,1.2666,1.2593,1.2628,1.2628,0
2020-07-13,1.2627,1.2666,1.2593,1.2628,1.2628,599
2020-07-14,1.255,1.256,1.2482,1.2552,1.2552,639
2020-07-15,1.2571,1.265,1.2564,1.2569,1.2569,694
2020-07-16,1.259,1.2624,1.2521,1.2591,1.2591,838
2020-07-17,1.256,1.2572,1.2514,1.256,1.256,487
2020-07-19,1.2572,1.2659,1.2519,1.2571,1.2571,0
2020-07-20,1.2572,1.2659,1.2519,1.2571,1.2571,1127
2020-07-21,1.2665,1.2751,1.2653,1.2662,1.2662,793
2020-07-22,1.2735,1.2741,1.2646,1.2731,1.2731,766
2020-07-23,1.2731,1.276,1.2674,1.273,1.273,690
2020-07-24,1.2731,1.2795,1.272,1.2731,1.2731,603
2020-07-26,1.2798,1.29,1.2796,1.2796,1.2796,0
2020-07-27,1.2798,1.29,1.2796,1.2796,1.2796,823
2020-07-28,1.2889,1.2949,1.2841,1.289,1.289,849
2020-07-29,1.2927,1.2994,1.2913,1.2924,1.2924,644
2020-07-30,1.2983,1.307,1.2946,1.2983,1.2983,969
2020-07-31,1.3118,1.317,1.3107,1.3118,1.3118,498
2020-08-02,1.3101,1.3112,1.3006,1.3102,1.3102,0
2020-08-03,1.3101,1.3112,1.3006,1.3102,1.3102,826
2020-08-04,1.3078,1.3106,1.2984,1.3079,1.3079,951
2020-08-05,1.3087,1.3162,1.3061,1.3086,1.3086,791
2020-08-06,1.3127,1.3185,1.312,1.3127,1.3127,516
2020-08-07,1.3134,1.3148,1.3012,1.3138,1.3138,1056
2020-08-09,1.3053,1.3102,1.302,1.3052,1.3052,0
2020-08-10,1.3053,1.3102,1.302,1.3052,1.3052,648
2020-08-11,1.3076,1.3131,1.3057,1.3077,1.3077,582
2020-08-12,1.3054,1.3067,1.3007,1.3051,1.3051,475
2020-08-13,1.305,1.3122,1.3045,1.3048,1.3048,603
2020-08-14,1.307,1.3142,1.3051,1.3071,1.3071,711
2020-08-16,1.3104,1.3121,1.3075,1.3107,1.3107,0
2020-08-17,1.3104,1.3121,1.3075,1.3107,1.3107,374
2020-08-18,1.3108,1.3241,1.3107,1.3108,1.3108,1026
2020-08-19,1.3253,1.3267,1.3174,1.3254,1.3254,726
2020-08-20,1.3108,1.3194,1.3066,1.3111,1.3111,987
2020-08-21,1.3222,1.3255,1.3064,1.322,1.322,1460
2020-08-23,1.3093,1.3149,1.3065,1.3094,1.3094,0
2020-08-24,1.3093,1.3149,1.3065,1.3094,1.3094,663
2020-08-25,1.3072,1.3171,1.306,1.3071,1.3071,860
2020-08-26,1.3149,1.3213,1.3118,1.3152,1.3152,733
2020-08-27,1.3219,1.328,1.3167,1.322,1.322,871
2020-08-28,1.32,1.3354,1.3188,1.32,1.32,1257
2020-08-30,1.3355,1.3393,1.3303,1.3356,1.3356,0
2020-08-31,1.3355,1.3393,1.3303,1.3357,1.3357,696
2020-09-01,1.3365,1.3481,1.3357,1.3365,1.3365,941
2020-09-02,1.3401,1.3401,1.3285,1.3399,1.3399,886
2020-09-03,1.335,1.3351,1.3247,1.3351,1.3351,801
2020-09-04,1.3267,1.3318,1.3178,1.3262,1.3262,1072
2020-09-06,1.3248,1.3259,1.3143,1.3246,1.3246,0
2020-09-07,1.3248,1.3259,1.3143,1.3246,1.3246,895
2020-09-08,1.3163,1.3167,1.3012,1.3162,1.3162,1192
2020-09-09,1.2968,1.3018,1.2887,1.2969,1.2969,1023
2020-09-10,1.2999,1.3034,1.2844,1.2999,1.2999,1473
2020-09-11,1.2811,1.286,1.2766,1.2808,1.2808,753
2020-09-13,1.281,1.2915,1.2792,1.2807,1.2807,0
2020-09-14,1.281,1.2915,1.2792,1.2807,1.2807,973
2020-09-15,1.2847,1.2925,1.2817,1.285,1.285,853
2020-09-16,1.2883,1.3006,1.2878,1.2885,1.2885,1000
2020-09-17,1.2961,1.2995,1.2867,1.296,1.296,1009
2020-09-18,1.2984,1.2999,1.2937,1.2976,1.2976,501
2020-09-20,1.2933,1.2966,1.2782,1.2933,1.2933,0
2020-09-21,1.2933,1.2966,1.2782,1.2933,1.2933,1442
2020-09-22,1.2817,1.2866,1.2714,1.2821,1.2821,1199
2020-09-23,1.2744,1.2776,1.268,1.2744,1.2744,772
2020-09-24,1.2718,1.2775,1.2693,1.2718,1.2718,659
2020-09-25,1.2757,1.2804,1.2691,1.2757,1.2757,898
2020-09-27,1.2765,1.2919,1.2753,1.2767,1.2767,0
2020-09-28,1.2765,1.2919,1.2753,1.2767,1.2767,1304
2020-09-29,1.2873,1.2899,1.2837,1.2874,1.2874,502
2020-09-30,1.2865,1.294,1.2808,1.2867,1.2867,1037
2020-10-01,1.2918,1.298,1.2823,1.2918,1.2918,1231
2020-10-02,1.2886,1.2951,1.284,1.2886,1.2886,880
2020-10-04,1.2928,1.2988,1.2902,1.2931,1.2931,0
2020-10-05,1.2928,1.2988,1.2902,1.2931,1.2931,681
2020-10-06,1.2992,1.3009,1.2923,1.2993,1.2993,678
2020-10-07,1.2885,1.2929,1.285,1.2883,1.2883,631
2020-10-08,1.2917,1.2969,1.2897,1.2918,1.2918,580
2020-10-09,1.2939,1.3015,1.2927,1.2941,1.2941,699
2020-10-11,1.3029,1.308,1.3006,1.3032,1.3032,0
2020-10-12,1.3029,1.308,1.3006,1.3032,1.3032,587
2020-10-13,1.3066,1.3068,1.2962,1.3066,1.3066,828
2020-10-14,1.2933,1.3063,1.2867,1.2935,1.2935,1520
2020-10-15,1.3014,1.3029,1.2893,1.3012,1.3012,1069
2020-10-16,1.2903,1.2962,1.2873,1.2902,1.2902,702
2020-10-18,1.2928,1.3023,1.2925,1.2928,1.2928,0
2020-10-19,1.2928,1.3023,1.2925,1.2928,1.2928,772
2020-10-20,1.2947,1.2978,1.2913,1.2949,1.2949,522
2020-10-21,1.2957,1.3171,1.2954,1.2954,1.2954,1670
2020-10-22,1.3131,1.315,1.3072,1.3132,1.3132,614
2020-10-23,1.3078,1.3114,1.3023,1.3078,1.3078,719
2020-10-25,1.3055,1.3074,1.2992,1.3021,1.3021,43980
2020-10-26,1.3054,1.3073,1.2996,1.3055,1.3055,609
2020-10-27,1.3017,1.3078,1.3003,1.3016,1.3016,596
2020-10-28,1.3032,1.3064,1.2918,1.3032,1.3032,1130
2020-10-29,1.2988,1.3025,1.2884,1.299,1.299,1107
2020-10-30,1.2932,1.2988,1.29,1.2932,1.2932,692
2020-11-01,1.2919,1.2942,1.2853,1.2916,1.2916,42673
2020-11-02,1.2927,1.2943,1.2857,1.2927,1.2927,682
2020-11-03,1.2924,1.3077,1.2916,1.2924,1.2924,1250
2020-11-04,1.3133,1.3138,1.2918,1.3122,1.3122,1693
2020-11-05,1.2961,1.3133,1.2943,1.2967,1.2967,1466
2020-11-06,1.3138,1.3176,1.3096,1.3139,1.3139,630
2020-11-08,1.3157,1.3207,1.3117,1.3161,1.3161,87082
2020-11-09,1.3179,1.3206,1.3122,1.3181,1.3181,658
2020-11-10,1.3168,1.3276,1.3159,1.317,1.317,905
2020-11-11,1.3262,1.3295,1.3194,1.3262,1.3262,772
2020-11-12,1.3224,1.3229,1.3126,1.3224,1.3224,799
2020-11-13,1.3124,1.3187,1.3111,1.3122,1.3122,593
2020-11-15,1.3169,1.3242,1.3165,1.3201,1.3201,41828
2020-11-16,1.322,1.3242,1.3169,1.3221,1.3221,573
2020-11-17,1.3223,1.3271,1.3194,1.3222,1.3222,604
2020-11-18,1.3259,1.3311,1.3245,1.3259,1.3259,516
2020-11-19,1.3245,1.3264,1.32,1.3256,1.3256,501
2020-11-20,1.3251,1.3296,1.3249,1.3249,1.3249,368
2020-11-22,1.3291,1.3397,1.3263,1.3321,1.3321,41779
2020-11-23,1.3303,1.3398,1.3267,1.3305,1.3305,997
2020-11-24,1.3324,1.338,1.3296,1.3329,1.3329,646
2020-11-25,1.3362,1.3394,1.3307,1.3363,1.3363,665
2020-11-26,1.3385,1.3399,1.3323,1.3385,1.3385,584
2020-11-27,1.3352,1.3381,1.3296,1.3355,1.3355,656
2020-11-29,1.3328,1.3383,1.3299,1.3321,1.3321,48535
2020-11-30,1.3331,1.3381,1.3306,1.3332,1.3332,579
2020-12-01,1.3337,1.3439,1.3319,1.3337,1.3337,908
2020-12-02,1.3422,1.3441,1.3292,1.3423,1.3423,1133
2020-12-03,1.3371,1.35,1.3354,1.3371,1.3371,1099
2020-12-04,1.3453,1.3538,1.3418,1.3455,1.3455,903
2020-12-06,1.3407,1.3437,1.3223,1.3374,1.3374,67774
2020-12-07,1.3416,1.3437,1.3227,1.3417,1.3417,1576
2020-12-08,1.3357,1.3385,1.3292,1.3357,1.3357,716
2020-12-09,1.3367,1.3477,1.3363,1.3366,1.3366,864
2020-12-10,1.3367,1.339,1.325,1.3367,1.3367,1063
2020-12-11,1.3302,1.3325,1.3137,1.3306,1.3306,1430
2020-12-13,1.3216,1.3445,1.3216,1.3325,1.3325,48236
2020-12-14,1.3318,1.3444,1.3293,1.3318,1.3318,1139
2020-12-15,1.3325,1.3449,1.3285,1.3331,1.3331,1234
2020-12-16,1.3448,1.355,1.3435,1.3445,1.3445,866
2020-12-17,1.3503,1.3622,1.3497,1.3503,1.3503,939
2020-12-18,1.3569,1.3572,1.3475,1.357,1.357,739
2020-12-20,1.3398,1.3497,1.3187,1.346,1.346,78652
2020-12-21,1.3403,1.3412,1.3192,1.3402,1.3402,1656
2020-12-22,1.3448,1.3457,1.331,1.345,1.345,1112
2020-12-23,1.3398,1.3561,1.3373,1.3399,1.3399,1409
2020-12-24,1.3511,1.362,1.3505,1.3505,1.3505,864
2020-12-25,1.357,1.3613,1.3515,1.3552,1.3552,737
2020-12-27,1.3544,1.3575,1.3428,1.3448,1.3448,39046
2020-12-28,1.3574,1.3578,1.3436,1.3572,1.3572,1063
2020-12-29,1.3466,1.3521,1.3462,1.3466,1.3466,454
2020-12-30,1.3498,1.3618,1.3495,1.35,1.35,923
2020-12-31,1.363,1.3685,1.3609,1.3631,1.3631,570
2021-01-01,1.369,1.369,1.3666,1.3673,1.3673,195
2021-01-03,1.3645,1.3703,1.3541,1.3569,1.3569,60202
2021-01-04,1.3683,1.3704,1.3549,1.3684,1.3684,1149
2021-01-05,1.3573,1.3626,1.3556,1.3572,1.3572,535
2021-01-06,1.3626,1.367,1.3543,1.363,1.363,947
2021-01-07,1.3622,1.3634,1.3541,1.3625,1.3625,698
2021-01-08,1.3568,1.3632,1.354,1.357,1.357,690
2021-01-10,1.3561,1.3565,1.345,1.3514,1.3514,50312
2021-01-11,1.3521,1.353,1.3454,1.3516,1.3516,578
2021-01-12,1.3526,1.3636,1.3508,1.3524,1.3524,958
2021-01-13,1.3669,1.37,1.3623,1.3671,1.3671,584
2021-01-14,1.3647,1.3693,1.3617,1.3649,1.3649,574
2021-01-15,1.3684,1.3698,1.3574,1.3684,1.3684,924
2021-01-17,1.3597,1.3598,1.3519,1.3583,1.3583,27579
2021-01-18,1.3574,1.359,1.3521,1.3575,1.3575,526
2021-01-19,1.3583,1.3628,1.3581,1.3581,1.3581,362
2021-01-20,1.3645,1.3715,1.3624,1.3644,1.3644,679
2021-01-21,1.3667,1.3745,1.3661,1.3669,1.3669,636
2021-01-22,1.373,1.3737,1.3637,1.373,1.373,749
2021-01-24,1.3676,1.3723,1.3648,1.3673,1.3673,36124
2021-01-25,1.3687,1.3723,1.3651,1.3688,1.3688,543
2021-01-26,1.3676,1.3744,1.361,1.3679,1.3679,993
2021-01-27,1.3742,1.376,1.3662,1.3742,1.3742,729
2021-01-28,1.3674,1.3733,1.3632,1.3669,1.3669,756
2021-01-29,1.3727,1.3751,1.3659,1.3725,1.3725,691
2021-01-31,1.37,1.3757,1.3656,1.3659,1.3659,45269
2021-02-01,1.3698,1.3757,1.3658,1.3698,1.3698,738
2021-02-02,1.3676,1.371,1.3614,1.3679,1.3679,719
2021-02-03,1.3662,1.3682,1.3621,1.3659,1.3659,468
2021-02-04,1.365,1.3699,1.3572,1.3649,1.3649,947
2021-02-05,1.3673,1.374,1.3668,1.3676,1.3676,546
2021-02-07,1.371,1.3748,1.368,1.3738,1.3738,28860
2021-02-08,1.3739,1.375,1.3683,1.3739,1.3739,510
2021-02-09,1.3746,1.3799,1.3744,1.3746,1.3746,418
2021-02-10,1.3817,1.3866,1.3805,1.3818,1.3818,463
2021-02-11,1.3832,1.3856,1.3811,1.3833,1.3833,347
2021-02-12,1.3811,1.3857,1.3777,1.381,1.381,595
2021-02-14,1.3846,1.3918,1.3842,1.3901,1.3901,22638
2021-02-15,1.3872,1.392,1.3867,1.3872,1.3872,399
2021-02-16,1.3914,1.3952,1.3871,1.3915,1.3915,599
2021-02-17,1.3886,1.3903,1.3832,1.3888,1.3888,531
2021-02-18,1.3866,1.3984,1.3841,1.3866,1.3866,1048
2021-02-19,1.3968,1.4035,1.3952,1.3968,1.3968,611
2021-02-21,1.4011,1.4086,1.398,1.4061,1.4061,33765
2021-02-22,1.4028,1.4076,1.3982,1.4031,1.4031,691
2021-02-23,1.407,1.4115,1.4057,1.4071,1.4071,425
2021-02-24,1.4121,1.4217,1.4087,1.412,1.412,934
2021-02-25,1.4146,1.4182,1.4101,1.4148,1.4148,595
2021-02-26,1.4005,1.402,1.3891,1.4008,1.4008,942
2021-02-28,1.3929,1.3998,1.3903,1.3921,1.3921,46493
2021-03-01,1.3976,1.4,1.3906,1.3973,1.3973,691
2021-03-02,1.3929,1.3962,1.386,1.393,1.393,753
2021-03-03,1.3955,1.4003,1.3923,1.3955,1.3955,593
2021-03-04,1.3924,1.4011,1.3918,1.3927,1.3927,685
2021-03-05,1.3895,1.3905,1.3782,1.3894,1.3894,908
2021-03-07,1.3811,1.3865,1.3798,1.3821,1.3821,53623
2021-03-08,1.3848,1.386,1.3803,1.3854,1.3854,432
2021-03-09,1.3824,1.3921,1.3803,1.3824,1.3824,866
2021-03-10,1.3887,1.3934,1.3847,1.389,1.389,647
2021-03-11,1.3931,1.3981,1.3922,1.3932,1.3932,439
2021-03-12,1.3986,1.4004,1.3868,1.399,1.399,991
2021-03-14,1.3913,1.3949,1.3852,1.389,1.389,32048
2021-03-15,1.3931,1.3949,1.3854,1.393,1.393,698
2021-03-16,1.39,1.3901,1.3811,1.3899,1.3899,665
2021-03-17,1.3903,1.3927,1.3869,1.3902,1.3902,437
2021-03-18,1.3973,1.4001,1.3898,1.3976,1.3976,749
2021-03-19,1.3923,1.3957,1.3833,1.3925,1.3925,906
2021-03-21,1.3831,1.3876,1.3817,1.3861,1.3861,25496
2021-03-22,1.3835,1.3875,1.3819,1.3833,1.3833,426
2021-03-23,1.386,1.3863,1.3756,1.3863,1.3863,793
2021-03-24,1.3736,1.3743,1.3675,1.373,1.373,512
2021-03-25,1.369,1.3739,1.3671,1.3689,1.3689,517
2021-03-26,1.3748,1.381,1.3743,1.3749,1.3749,501
2021-03-28,1.3789,1.3847,1.3757,1.3791,1.3791,0
2021-03-29,1.3789,1.3847,1.3757,1.3791,1.3791,665
2021-03-30,1.3775,1.3784,1.3708,1.3775,1.3775,567
2021-03-31,1.3748,1.381,1.3718,1.3747,1.3747,686
2021-04-01,1.3789,1.3837,1.3749,1.3786,1.3786,653
2021-04-02,1.3835,1.3854,1.3814,1.3835,1.3835,307
2021-04-04,1.383,1.3914,1.3814,1.3831,1.3831,0
2021-04-05,1.383,1.3914,1.3814,1.3831,1.3831,735
2021-04-06,1.3913,1.392,1.3819,1.3914,1.3914,741
2021-04-07,1.3831,1.384,1.373,1.3831,1.3831,811
2021-04-08,1.374,1.3784,1.372,1.3744,1.3744,478
2021-04-09,1.3736,1.3753,1.3672,1.3734,1.3734,612
2021-04-11,1.3709,1.3777,1.3671,1.3712,1.3712,0
2021-04-12,1.3709,1.3777,1.3671,1.3712,1.3712,793
2021-04-13,1.3754,1.3769,1.3703,1.3754,1.3754,500
2021-04-14,1.3763,1.3809,1.3751,1.376,1.376,442
2021-04-15,1.3778,1.3809,1.3763,1.3779,1.3779,354
2021-04-16,1.3785,1.3828,1.3719,1.3786,1.3786,806
2021-04-18,1.3819,1.3992,1.381,1.3818,1.3818,0
2021-04-19,1.3819,1.3992,1.381,1.3819,1.3819,1317
2021-04-20,1.3992,1.401,1.3936,1.3994,1.3994,545
2021-04-21,1.3937,1.3949,1.3887,1.3939,1.3939,463
2021-04-22,1.3933,1.3951,1.3829,1.3932,1.3932,896
2021-04-23,1.3844,1.3897,1.3837,1.384,1.384,447
2021-04-25,1.3867,1.3929,1.3866,1.3866,1.3866,0
2021-04-26,1.3867,1.3929,1.3866,1.3866,1.3866,471
2021-04-27,1.3895,1.3924,1.3859,1.3896,1.3896,480
2021-04-28,1.3903,1.3922,1.3863,1.3904,1.3904,447
2021-04-29,1.3957,1.3976,1.3933,1.3957,1.3957,326
2021-04-30,1.3951,1.3959,1.381,1.3953,1.3953,1083
2021-05-02,1.3819,1.3931,1.3805,1.382,1.382,0
2021-05-03,1.3819,1.3931,1.3806,1.382,1.382,921
2021-05-04,1.3904,1.3906,1.3841,1.3904,1.3904,492
2021-05-05,1.3889,1.3926,1.3878,1.3888,1.3888,368
2021-05-06,1.3913,1.3938,1.3867,1.391,1.391,535
2021-05-07,1.3896,1.4001,1.3892,1.3899,1.3899,796
2021-05-09,1.4037,1.4158,1.4016,1.4041,1.4041,0
2021-05-10,1.4038,1.4158,1.4016,1.4041,1.4041,1022
2021-05-11,1.4132,1.4158,1.4107,1.4131,1.4131,382
2021-05-12,1.4137,1.415,1.4078,1.4138,1.4138,528
2021-05-13,1.406,1.4079,1.4008,1.4064,1.4064,527
2021-05-14,1.4047,1.411,1.4037,1.4051,1.4051,538
2021-05-16,1.41,1.4128,1.4079,1.4102,1.4102,0
2021-05-17,1.41,1.4128,1.4079,1.4102,1.4102,371
2021-05-18,1.4149,1.4221,1.4147,1.4149,1.4149,537
2021-05-19,1.419,1.4202,1.4134,1.4188,1.4188,498
2021-05-20,1.4108,1.4181,1.4103,1.4106,1.4106,571
2021-05-21,1.4187,1.4234,1.4154,1.4186,1.4186,576
2021-05-23,1.414,1.4171,1.4119,1.4143,1.4143,0
2021-05-24,1.414,1.4171,1.4119,1.4143,1.4143,392
2021-05-25,1.4157,1.421,1.4118,1.4156,1.4156,672
2021-05-26,1.4143,1.4176,1.4119,1.4144,1.4144,422
2021-05-27,1.4113,1.4195,1.4092,1.4116,1.4116,743
2021-05-28,1.4204,1.4207,1.4137,1.4204,1.4204,509
2021-05-30,1.4182,1.4217,1.4166,1.418,1.418,0
2021-05-31,1.4182,1.4217,1.4166,1.418,1.418,378
2021-06-01,1.4228,1.4247,1.4156,1.4227,1.4227,662
2021-06-02,1.4157,1.4184,1.4115,1.4157,1.4157,508
2021-06-03,1.4172,1.4202,1.4093,1.4172,1.4172,786
2021-06-04,1.411,1.4201,1.4086,1.411,1.411,826
2021-06-06,1.4162,1.4184,1.4112,1.4164,1.4164,0
2021-06-07,1.4162,1.4184,1.4112,1.4164,1.4164,525
2021-06-08,1.4177,1.4186,1.4124,1.4177,1.4177,461
2021-06-09,1.4148,1.4188,1.4116,1.415,1.415,532
2021-06-10,1.4111,1.4171,1.4076,1.4112,1.4112,689
2021-06-11,1.4171,1.4186,1.4106,1.417,1.417,583
2021-06-13,1.412,1.4124,1.4072,1.4119,1.4119,0
2021-06-14,1.412,1.4124,1.4072,1.4119,1.4119,393
2021-06-15,1.411,1.4129,1.4037,1.411,1.411,668
2021-06-16,1.4083,1.4132,1.4077,1.4082,1.4082,411
2021-06-17,1.3984,1.401,1.3912,1.3991,1.3991,715
2021-06-18,1.3939,1.3945,1.3797,1.3939,1.3939,1081
2021-06-20,1.3817,1.392,1.3787,1.3817,1.3817,0
2021-06-21,1.3817,1.392,1.3787,1.3817,1.3817,972
2021-06-22,1.3923,1.3931,1.3863,1.3925,1.3925,502
2021-06-23,1.3949,1.4002,1.3925,1.395,1.395,568
2021-06-24,1.3968,1.3987,1.3892,1.3968,1.3968,699
2021-06-25,1.3918,1.3937,1.3892,1.3917,1.3917,343
2021-06-27,1.3897,1.3939,1.3877,1.3895,1.3895,0
2021-06-28,1.3897,1.3939,1.3877,1.3895,1.3895,468
2021-06-29,1.3879,1.3881,1.3816,1.3879,1.3879,489
2021-06-30,1.3842,1.3872,1.3805,1.3843,1.3843,497
2021-07-01,1.3828,1.3833,1.3764,1.3829,1.3829,520
2021-07-02,1.376,1.3798,1.3739,1.376,1.376,447
2021-07-04,1.3829,1.3864,1.3819,1.3831,1.3831,0
2021-07-05,1.3829,1.3864,1.3819,1.3831,1.3831,342
2021-07-06,1.3853,1.3899,1.379,1.3856,1.3856,801
2021-07-07,1.3801,1.3841,1.3757,1.3806,1.3806,620
2021-07-08,1.38,1.3803,1.3743,1.3801,1.3801,456
2021-07-09,1.3793,1.3877,1.3761,1.3791,1.3791,861
2021-07-11,1.3899,1.391,1.384,1.39,1.39,0
2021-07-12,1.3899,1.391,1.384,1.39,1.39,521
2021-07-13,1.389,1.3906,1.3802,1.3887,1.3887,772
2021-07-14,1.3804,1.3891,1.3802,1.3806,1.3806,657
2021-07-15,1.3857,1.3898,1.3814,1.3858,1.3858,620
2021-07-16,1.383,1.3862,1.3774,1.383,1.383,651
2021-07-18,1.3762,1.3764,1.3666,1.3764,1.3764,0
2021-07-19,1.3762,1.3764,1.3666,1.3764,1.3764,733
2021-07-20,1.3669,1.3689,1.3574,1.367,1.367,860
2021-07-21,1.3635,1.3695,1.3592,1.3633,1.3633,772
2021-07-22,1.3713,1.3788,1.3693,1.3714,1.3714,706
2021-07-23,1.3774,1.3781,1.3721,1.3774,1.3774,453
2021-07-25,1.3757,1.3833,1.3738,1.3758,1.3758,0
2021-07-26,1.3757,1.3833,1.3738,1.3758,1.3758,706
2021-07-27,1.3826,1.3893,1.3768,1.3829,1.3829,917
2021-07-28,1.3887,1.3897,1.3846,1.3883,1.3883,381
2021-07-29,1.3908,1.3982,1.39,1.3907,1.3907,607
2021-07-30,1.3964,1.3984,1.3897,1.3964,1.3964,641
2021-08-01,1.3897,1.3933,1.3885,1.3896,1.3896,0
2021-08-02,1.3897,1.3933,1.3885,1.3896,1.3896,367
2021-08-03,1.3891,1.394,1.3886,1.3893,1.3893,407
2021-08-04,1.3916,1.3957,1.3901,1.3918,1.3918,417
2021-08-05,1.389,1.3948,1.3876,1.389,1.389,533
2021-08-06,1.3928,1.3933,1.3863,1.3928,1.3928,527
2021-08-08,1.3868,1.3894,1.3847,1.3868,1.3868,0
2021-08-09,1.3868,1.3894,1.3847,1.3869,1.3869,357
2021-08-10,1.3849,1.3871,1.3834,1.3849,1.3849,286
2021-08-11,1.3837,1.3872,1.3805,1.3836,1.3836,501
2021-08-12,1.3869,1.3878,1.3824,1.3867,1.3867,412
2021-08-13,1.3812,1.3862,1.3793,1.3812,1.3812,517
2021-08-15,1.3866,1.3874,1.383,1.3864,1.3864,0
2021-08-16,1.3866,1.3874,1.383,1.3864,1.3864,340
2021-08-17,1.3843,1.3843,1.3737,1.3843,1.3843,786
2021-08-18,1.374,1.377,1.3734,1.374,1.374,283
2021-08-19,1.3744,1.375,1.3654,1.3744,1.3744,715
2021-08-20,1.3632,1.3643,1.3604,1.3631,1.3631,305
2021-08-22,1.3628,1.372,1.3625,1.3625,1.3625,0
2021-08-23,1.3628,1.372,1.3625,1.3625,1.3625,710
2021-08-24,1.3725,1.3748,1.3696,1.3725,1.3725,396
2021-08-25,1.3728,1.3743,1.3699,1.3726,1.3726,337
2021-08-26,1.3765,1.377,1.3711,1.3767,1.3767,447
2021-08-27,1.3696,1.3781,1.3681,1.3702,1.3702,744
2021-08-29,1.3765,1.3777,1.3736,1.3763,1.3763,0
2021-08-30,1.3765,1.3777,1.3736,1.3763,1.3763,313
2021-08-31,1.3761,1.3804,1.3744,1.3761,1.3761,455
2021-09-01,1.3754,1.3798,1.3732,1.3753,1.3753,501
2021-09-02,1.3774,1.3836,1.3768,1.3772,1.3772,509
2021-09-03,1.3838,1.3875,1.382,1.3837,1.3837,414
2021-09-05,1.3859,1.386,1.3819,1.3859,1.3859,0
2021-09-06,1.3859,1.386,1.3819,1.3859,1.3859,312
2021-09-07,1.384,1.3857,1.377,1.384,1.384,646
2021-09-08,1.378,1.3791,1.3729,1.378,1.378,474
2021-09-09,1.3767,1.3854,1.3754,1.3768,1.3768,742
2021-09-10,1.3839,1.3889,1.3834,1.384,1.384,413
2021-09-12,1.384,1.3852,1.3798,1.3841,1.3841,0
2021-09-13,1.384,1.3852,1.3798,1.3841,1.3841,412
2021-09-14,1.3841,1.3913,1.3831,1.3838,1.3838,608
2021-09-15,1.3809,1.3852,1.3793,1.381,1.381,445
2021-09-16,1.3847,1.385,1.3765,1.3849,1.3849,639
2021-09-17,1.3799,1.3814,1.3744,1.3797,1.3797,530
2021-09-19,1.3729,1.373,1.3647,1.373,1.373,0
2021-09-20,1.3729,1.373,1.3647,1.373,1.373,620
2021-09-21,1.3661,1.3694,1.3642,1.3663,1.3663,395
2021-09-22,1.3659,1.3678,1.3618,1.3658,1.3658,459
2021-09-23,1.362,1.375,1.3613,1.3617,1.3617,1013
2021-09-24,1.3722,1.3738,1.366,1.3723,1.3723,589
2021-09-26,1.3669,1.3729,1.3659,1.3669,1.3669,0
2021-09-27,1.3669,1.3729,1.3659,1.3669,1.3669,525
2021-09-28,1.3701,1.3718,1.3525,1.3702,1.3702,1422
2021-09-29,1.3542,1.3555,1.3424,1.3542,1.3542,982
2021-09-30,1.3426,1.3517,1.3417,1.3426,1.3426,758
2021-10-01,1.347,1.3574,1.3436,1.347,1.347,1030
2021-10-03,1.3571,1.364,1.3534,1.3571,1.3571,0
2021-10-04,1.3571,1.364,1.3534,1.3571,1.3571,798
2021-10-05,1.3608,1.365,1.3586,1.3608,1.3608,490
2021-10-06,1.3626,1.3631,1.3545,1.3628,1.3628,656
2021-10-07,1.3593,1.3637,1.3572,1.3592,1.3592,501
2021-10-08,1.362,1.3654,1.3585,1.362,1.362,523
2021-10-10,1.3618,1.3674,1.3613,1.3617,1.3617,0
2021-10-11,1.3618,1.3674,1.3613,1.3617,1.3617,469
2021-10-12,1.3593,1.3637,1.357,1.3591,1.3591,511
2021-10-13,1.3577,1.3648,1.3577,1.3579,1.3579,537
2021-10-14,1.3671,1.3734,1.3659,1.3669,1.3669,568
2021-10-15,1.3669,1.3774,1.3669,1.3669,1.3669,780
2021-10-17,1.376,1.3764,1.3711,1.3762,1.3762,0
2021-10-18,1.376,1.3764,1.3711,1.3762,1.3762,407
2021-10-19,1.3738,1.3832,1.3737,1.3737,1.3737,710
2021-10-20,1.3795,1.3824,1.3743,1.3793,1.3793,601
2021-10-21,1.3824,1.3834,1.3787,1.3823,1.3823,358
2021-10-22,1.3791,1.3814,1.3743,1.3791,1.3791,535
2021-10-24,1.3767,1.3792,1.3743,1.3763,1.3763,0
2021-10-25,1.3767,1.3792,1.3743,1.3763,1.3763,370
2021-10-26,1.3766,1.383,1.3758,1.3764,1.3764,535
2021-10-27,1.3768,1.378,1.3711,1.3766,1.3766,525
2021-10-28,1.3733,1.3815,1.3723,1.3733,1.3733,686
2021-10-29,1.3801,1.3805,1.3682,1.3801,1.3801,908
2021-10-31,1.3676,1.3692,1.3641,1.3661,1.3661,29957
2021-11-01,1.3686,1.3692,1.3642,1.3683,1.3683,385
2021-11-02,1.3659,1.3667,1.3611,1.3655,1.3655,432
2021-11-03,1.3618,1.3665,1.3611,1.3617,1.3617,409
2021-11-04,1.3694,1.3695,1.3473,1.3695,1.3695,1638
2021-11-05,1.351,1.351,1.3426,1.3509,1.3509,641
2021-11-07,1.3474,1.3579,1.3449,1.356,1.356,28675
2021-11-08,1.349,1.358,1.3452,1.3491,1.3491,961
2021-11-09,1.3564,1.3605,1.3526,1.3565,1.3565,601
2021-11-10,1.3561,1.3567,1.3468,1.356,1.356,744
2021-11-11,1.3413,1.3433,1.337,1.3413,1.3413,485
2021-11-12,1.3367,1.3423,1.3354,1.3367,1.3367,532
2021-11-14,1.3412,1.3449,1.3403,1.3412,1.3412,27088
2021-11-15,1.3417,1.345,1.3404,1.3417,1.3417,359
2021-11-16,1.3411,1.3474,1.3408,1.3408,1.3408,503
2021-11-17,1.3424,1.349,1.3403,1.3425,1.3425,668
2021-11-18,1.349,1.3514,1.3465,1.3492,1.3492,378
2021-11-19,1.3498,1.351,1.3408,1.35,1.35,771
2021-11-21,1.3441,1.3449,1.3384,1.3392,1.3392,40413
2021-11-22,1.3434,1.345,1.3392,1.3435,1.3435,448
2021-11-23,1.3398,1.3408,1.3344,1.3398,1.3398,498
2021-11-24,1.3376,1.339,1.3325,1.3376,1.3376,504
2021-11-25,1.3331,1.3353,1.3307,1.3331,1.3331,368
2021-11-26,1.3314,1.3349,1.3281,1.3314,1.3314,528
2021-11-28,1.3333,1.3362,1.3287,1.3313,1.3313,35403
2021-11-29,1.334,1.3363,1.329,1.3341,1.3341,564
2021-11-30,1.3317,1.3369,1.3206,1.3315,1.3315,1239
2021-12-01,1.3296,1.3351,1.3277,1.3296,1.3296,573
2021-12-02,1.3279,1.3333,1.3273,1.328,1.328,470
2021-12-03,1.3301,1.3308,1.3211,1.33,1.33,746
2021-12-05,1.3242,1.3286,1.3222,1.3261,1.3261,28337
2021-12-06,1.3233,1.3286,1.3224,1.3237,1.3237,484
2021-12-07,1.3264,1.329,1.3211,1.3264,1.3264,615
2021-12-08,1.3249,1.3263,1.3175,1.3246,1.3246,682
2021-12-09,1.321,1.3217,1.3176,1.321,1.321,327
2021-12-10,1.3225,1.3271,1.3191,1.3224,1.3224,623
2021-12-12,1.3255,1.3268,1.3207,1.3211,1.3211,27355
2021-12-13,1.3258,1.3269,1.3222,1.3257,1.3257,369
2021-12-14,1.3213,1.3257,1.3191,1.323,1.323,187
2021-12-15,1.323,1.3283,1.3172,1.3262,1.3262,456
2021-12-16,1.3262,1.3375,1.3242,1.3323,1.3323,176
2021-12-17,1.3323,1.334,1.3232,1.3244,1.3244,705
2021-12-19,1.324,1.3246,1.3223,1.3229,1.3229,152
2021-12-20,1.3229,1.3245,1.3174,1.321,1.321,440
2021-12-21,1.321,1.3271,1.3198,1.3269,1.3269,110
2021-12-22,1.3268,1.3364,1.3241,1.3351,1.3351,230
2021-12-23,1.3351,1.3438,1.3343,1.3406,1.3406,78
2021-12-24,1.3406,1.342,1.3388,1.3394,1.3394,157
2021-12-26,1.3393,1.3409,1.3392,1.3403,1.3403,30
2021-12-27,1.3403,1.3445,1.3392,1.3442,1.3442,100
2021-12-28,1.3442,1.3462,1.3415,1.3434,1.3434,218
2021-12-29,1.3433,1.35,1.3409,1.3497,1.3497,200
2021-12-30,1.3497,1.3522,1.3455,1.3498,1.3498,334
2021-12-31,1.3498,1.355,1.3466,1.353,1.353,255
2022-01-02,1.3529,1.3535,1.3521,1.3522,1.3522,79
2022-01-03,1.3522,1.353,1.3431,1.3483,1.3483,690
2022-01-04,1.3483,1.3558,1.346,1.353,1.353,189
2022-01-05,1.353,1.3599,1.3523,1.3555,1.3555,74
2022-01-06,1.3555,1.3559,1.3491,1.3533,1.3533,495
2022-01-07,1.3533,1.3598,1.3528,1.3589,1.3589,61
2022-01-09,1.3583,1.3594,1.3579,1.3592,1.3592,43
2022-01-10,1.3592,1.3604,1.3532,1.358,1.358,459
2022-01-11,1.358,1.3637,1.3562,1.3633,1.3633,154
2022-01-12,1.3633,1.3715,1.3621,1.3706,1.3706,106
2022-01-13,1.3706,1.3749,1.3701,1.3713,1.3713,57
2022-01-14,1.3713,1.3743,1.3654,1.3676,1.3676,456
2022-01-16,1.3676,1.3681,1.3666,1.3673,1.3673,94
2022-01-17,1.3673,1.369,1.3638,1.3648,1.3648,280
2022-01-18,1.3648,1.3662,1.3573,1.36,1.36,565
2022-01-19,1.36,1.3649,1.3588,1.3609,1.3609,105
2022-01-20,1.361,1.3662,1.3587,1.3597,1.3597,187
2022-01-21,1.3597,1.3602,1.3546,1.3553,1.3553,396
2022-01-23,1.3553,1.3556,1.3547,1.3555,1.3555,65
2022-01-24,1.3555,1.3566,1.3441,1.3489,1.3489,866
2022-01-25,1.3488,1.3519,1.3436,1.351,1.351,405
2022-01-26,1.351,1.3525,1.3445,1.3468,1.3468,502
2022-01-27,1.3467,1.3467,1.3358,1.3388,1.3388,831
2022-01-28,1.3388,1.3433,1.3365,1.34,1.34,186
2022-01-30,1.3397,1.3405,1.3387,1.3403,1.3403,95
2022-01-31,1.3403,1.3461,1.3393,1.3445,1.3445,90
2022-02-01,1.3445,1.3528,1.3435,1.3525,1.3525,95
2022-02-02,1.3525,1.3588,1.3517,1.3564,1.3564,78
2022-02-03,1.3564,1.3628,1.3538,1.3598,1.3598,211
2022-02-04,1.3598,1.3615,1.3505,1.3533,1.3533,700
2022-02-06,1.3538,1.3548,1.3531,1.3533,1.3533,74
2022-02-07,1.3533,1.3551,1.3491,1.3537,1.3537,334
2022-02-08,1.3537,1.3564,1.3508,1.3547,1.3547,236
2022-02-09,1.3547,1.3589,1.3527,1.3533,1.3533,169
2022-02-10,1.3533,1.3644,1.3524,1.3549,1.3549,88
2022-02-11,1.3549,1.361,1.3514,1.3557,1.3557,277
2022-02-13,1.3554,1.3572,1.3553,1.3569,1.3569,31
2022-02-14,1.3569,1.3572,1.3495,1.3532,1.3532,564
2022-02-15,1.3532,1.3567,1.3487,1.3541,1.3541,358
2022-02-16,1.3541,1.3601,1.3539,1.3582,1.3582,33
2022-02-17,1.3582,1.3638,1.3556,1.3615,1.3615,210
2022-02-18,1.3615,1.3643,1.3573,1.3588,1.3588,324
2022-02-20,1.3592,1.3599,1.3588,1.3591,1.3591,51
2022-02-21,1.3592,1.3639,1.3582,1.3595,1.3595,90
2022-02-22,1.3595,1.3605,1.3539,1.3589,1.3589,436
2022-02-23,1.3589,1.3621,1.3536,1.3545,1.3545,410
2022-02-24,1.3545,1.3547,1.3273,1.3372,1.3372,2028
2022-02-25,1.3372,1.3439,1.3367,1.341,1.341,56
2022-02-27,1.3337,1.3375,1.3329,1.3372,1.3372,82
2022-02-28,1.3372,1.3432,1.3342,1.3422,1.3422,248
2022-03-01,1.3422,1.3438,1.3302,1.3336,1.3336,911
2022-03-02,1.3336,1.3408,1.3272,1.3397,1.3397,498
2022-03-03,1.3397,1.3418,1.3318,1.3351,1.3351,609
2022-03-04,1.335,1.3352,1.3203,1.323,1.323,1127
2022-03-06,1.3227,1.3244,1.3202,1.3212,1.3212,207
2022-03-07,1.3212,1.3229,1.3102,1.3114,1.3114,849
2022-03-08,1.3114,1.3145,1.3082,1.3099,1.3099,258
2022-03-09,1.3099,1.319,1.3099,1.3185,1.3185,20
2022-03-10,1.3185,1.3195,1.3082,1.3103,1.3103,802
2022-03-11,1.3103,1.3125,1.3028,1.3035,1.3035,593
2022-03-13,1.3043,1.3053,1.3032,1.305,1.305,101
2022-03-14,1.305,1.3079,1.3001,1.301,1.301,391
2022-03-15,1.301,1.3089,1.3001,1.3044,1.3044,92
2022-03-16,1.3044,1.3157,1.3036,1.314,1.314,83
2022-03-17,1.314,1.3211,1.3088,1.3159,1.3159,418
2022-03-18,1.3159,1.3197,1.3122,1.3178,1.3178,298
2022-03-20,1.3179,1.318,1.3159,1.316,1.316,168
2022-03-21,1.316,1.321,1.3127,1.3169,1.3169,268
2022-03-22,1.3169,1.3272,1.3155,1.3266,1.3266,127
2022-03-23,1.3266,1.3299,1.3175,1.3206,1.3206,704
2022-03-24,1.3206,1.3214,1.3157,1.3194,1.3194,386
2022-03-25,1.3194,1.3225,1.3159,1.3182,1.3182,284
2022-03-27,1.3182,1.3187,1.3169,1.3173,1.3173,119
2022-03-28,1.3173,1.3177,1.3067,1.3099,1.3099,827
2022-03-29,1.3099,1.3106,1.3079,1.3093,1.3093,179
2022-03-30,1.3093,1.3183,1.3089,1.3138,1.3138,52
2022-03-31,1.3138,1.3176,1.3106,1.3146,1.3146,256
2022-04-01,1.3146,1.3147,1.3087,1.3115,1.3115,470
2022-04-03,1.3106,1.3112,1.31,1.3105,1.3105,70
2022-04-04,1.3105,1.3137,1.3093,1.3113,1.3113,106
2022-04-05,1.3113,1.3167,1.3067,1.3077,1.3077,369
2022-04-06,1.3077,1.3108,1.3046,1.3069,1.3069,257
2022-04-07,1.3069,1.3107,1.3052,1.3069,1.3069,152
2022-04-08,1.3069,1.3077,1.2982,1.3037,1.3037,684
2022-04-10,1.3031,1.304,1.3025,1.303,1.303,69
2022-04-11,1.303,1.3057,1.2989,1.3023,1.3023,333
2022-04-12,1.3023,1.3054,1.2994,1.3002,1.3002,242
2022-04-13,1.3002,1.3123,1.2973,1.3119,1.3119,242
2022-04-14,1.3119,1.3148,1.3034,1.3076,1.3076,669
2022-04-15,1.3054,1.3075,1.3051,1.3062,1.3062,37
2022-04-17,1.3055,1.3065,1.305,1.3057,1.3057,54
2022-04-18,1.3057,1.3058,1.3001,1.3008,1.3008,446
2022-04-19,1.3008,1.3041,1.2981,1.3014,1.3014,228
2022-04-20,1.3014,1.3074,1.2997,1.3068,1.3068,154
2022-04-21,1.3068,1.3091,1.3023,1.3025,1.3025,367
2022-04-22,1.3025,1.3033,1.2823,1.2838,1.2838,1569
2022-04-24,1.2839,1.2843,1.2826,1.2828,1.2828,116
2022-04-25,1.2828,1.283,1.2698,1.2738,1.2738,1039
2022-04-26,1.2738,1.2772,1.256,1.2582,1.2582,1414
2022-04-27,1.2582,1.2602,1.2503,1.254,1.254,647
2022-04-28,1.254,1.257,1.2412,1.2465,1.2465,1043
2022-04-29,1.2465,1.2615,1.2465,1.2576,1.2576,20
2022-05-01,1.2584,1.2589,1.257,1.2571,1.2571,131
2022-05-02,1.2571,1.2597,1.2473,1.25,1.25,796
2022-05-03,1.25,1.2567,1.2471,1.2499,1.2499,252
2022-05-04,1.2499,1.2638,1.2452,1.2617,1.2617,393
2022-05-05,1.2617,1.2633,1.2325,1.2363,1.2363,2330
2022-05-06,1.2363,1.2381,1.2276,1.2339,1.2339,717
2022-05-08,1.234,1.2348,1.2325,1.2326,1.2326,140
2022-05-09,1.2326,1.2406,1.2261,1.2336,1.2336,545
2022-05-10,1.2336,1.2376,1.2292,1.2307,1.2307,381
2022-05-11,1.2307,1.2401,1.2232,1.2234,1.2234,631
2022-05-12,1.2234,1.2249,1.2165,1.2205,1.2205,576
2022-05-13,1.2205,1.2263,1.2156,1.2262,1.2262,419
2022-05-15,1.2262,1.2297,1.2219,1.2259,1.2259,0
2022-05-16,1.2261,1.233,1.2217,1.2326,1.2326,373
2022-05-17,1.2326,1.2499,1.2321,1.2487,1.2487,59
2022-05-18,1.2487,1.2501,1.233,1.2345,1.2345,1280
2022-05-19,1.2344,1.2525,1.2338,1.2463,1.2463,69
2022-05-20,1.2463,1.2497,1.2438,1.2494,1.2494,225
2022-05-22,1.2483,1.251,1.2476,1.2504,1.2504,73
2022-05-23,1.2504,1.2601,1.25,1.2567,1.2567,47
2022-05-24,1.2566,1.2599,1.2472,1.2542,1.2542,772
2022-05-25,1.2542,1.2595,1.2481,1.2586,1.2586,501
2022-05-26,1.2586,1.2621,1.2552,1.2617,1.2617,291
2022-05-27,1.2617,1.2617,1.2617,1.2617,1.2617,20
2022-05-29,1.2625,1.2637,1.2623,1.2625,1.2625,33
2022-05-30,1.2625,1.266,1.2616,1.2646,1.2646,86
2022-05-31,1.2646,1.2649,1.2561,1.261,1.261,694
2022-06-01,1.261,1.2617,1.2459,1.2484,1.2484,1217
2022-06-02,1.2484,1.2587,1.247,1.2579,1.2579,134
2022-06-03,1.2578,1.259,1.2486,1.2489,1.2489,756
2022-06-05,1.249,1.2503,1.2487,1.249,1.249,42
2022-06-06,1.2491,1.2578,1.2477,1.2524,1.2524,128
2022-06-07,1.2524,1.26,1.2431,1.2588,1.2588,761
2022-06-08,1.2588,1.2589,1.2516,1.2541,1.2541,593
2022-06-09,1.2541,1.2559,1.2487,1.2493,1.2493,451
2022-06-10,1.2493,1.2518,1.2301,1.2317,1.2317,1552
2022-06-12,1.2319,1.2326,1.2272,1.2277,1.2277,402
2022-06-13,1.2277,1.2301,1.2108,1.2143,1.2143,1401
2022-06-14,1.2143,1.2209,1.1934,1.2011,1.2011,1739
2022-06-15,1.2011,1.2205,1.199,1.2175,1.2175,199
2022-06-16,1.2175,1.2407,1.2041,1.2351,1.2351,1115
2022-06-17,1.2351,1.2351,1.2173,1.2221,1.2221,1458
2022-06-19,1.2225,1.2232,1.2208,1.2228,1.2228,152
2022-06-20,1.2228,1.2281,1.22,1.2248,1.2248,251
2022-06-21,1.2248,1.2325,1.2245,1.2264,1.2264,46
2022-06-22,1.2264,1.2315,1.2161,1.2253,1.2253,858
2022-06-23,1.2252,1.2295,1.217,1.226,1.226,692
2022-06-24,1.226,1.2321,1.2241,1.2276,1.2276,174
2022-06-26,1.2268,1.2297,1.2266,1.2283,1.2283,35
2022-06-27,1.2283,1.2333,1.2261,1.2267,1.2267,192
2022-06-28,1.2267,1.2292,1.2175,1.2188,1.2188,763
2022-06-29,1.2188,1.2214,1.2106,1.2129,1.2129,694
2022-06-30,1.2129,1.2189,1.2092,1.2161,1.2161,325
2022-07-01,1.2161,1.2162,1.1976,1.2102,1.2102,1540
2022-07-03,1.2103,1.2124,1.2098,1.21,1.21,56
2022-07-04,1.21,1.2165,1.2085,1.2114,1.2114,145
2022-07-05,1.2113,1.2126,1.1899,1.1952,1.1952,1791
2022-07-06,1.1951,1.199,1.1876,1.1922,1.1922,649
2022-07-07,1.1922,1.2034,1.1909,1.2029,1.2029,129
2022-07-08,1.2029,1.2056,1.192,1.2034,1.2034,928
2022-07-10,1.2018,1.202,1.1869,1.2017,1.2017,0
2022-07-11,1.201,1.2012,1.1867,1.1899,1.1899,1216
2022-07-12,1.1899,1.1916,1.1807,1.1878,1.1878,792
2022-07-13,1.1878,1.1968,1.1828,1.1864,1.1864,439
2022-07-14,1.1864,1.1885,1.176,1.1841,1.1841,896
2022-07-15,1.1841,1.1875,1.1805,1.1869,1.1869,326
2022-07-17,1.1869,1.1891,1.1863,1.189,1.189,69
2022-07-18,1.189,1.2034,1.1875,1.1949,1.1949,149
2022-07-19,1.1949,1.2046,1.1925,1.2003,1.2003,219
2022-07-20,1.2003,1.2038,1.1954,1.1968,1.1968,426
2022-07-21,1.1968,1.2005,1.189,1.1996,1.1996,669
2022-07-22,1.1996,1.2064,1.1917,1.2007,1.2007,676
2022-07-24,1.1992,1.1992,1.1985,1.1986,1.1986,72
2022-07-25,1.1986,1.2087,1.1961,1.2054,1.2054,228
2022-07-26,1.2054,1.209,1.1964,1.2036,1.2036,765
2022-07-27,1.2035,1.2186,1.2021,1.2162,1.2162,142
2022-07-28,1.2162,1.2192,1.2104,1.2173,1.2173,503
2022-07-29,1.2173,1.2246,1.2063,1.2181,1.2181,923
2022-07-31,1.2173,1.2179,1.2157,1.2168,1.2168,147
2022-08-01,1.2168,1.2294,1.2163,1.2257,1.2257,60
2022-08-02,1.2258,1.2279,1.2141,1.2144,1.2144,972
2022-08-03,1.2144,1.2208,1.21,1.2139,1.2139,381
2022-08-04,1.2142,1.2217,1.2066,1.2159,1.2159,644
2022-08-05,1.2159,1.2169,1.2004,1.2072,1.2072,1294
2022-08-07,1.2069,1.2072,1.2057,1.2061,1.2061,116
2022-08-08,1.2061,1.2138,1.2048,1.2086,1.2086,131
2022-08-09,1.2085,1.213,1.2063,1.2072,1.2072,202
2022-08-10,1.2072,1.2277,1.2065,1.221,1.221,73
2022-08-11,1.221,1.225,1.2183,1.2195,1.2195,248
2022-08-12,1.2195,1.2216,1.21,1.2138,1.2138,798
2022-08-14,1.2136,1.214,1.2127,1.2127,1.2127,97
2022-08-15,1.2127,1.2148,1.205,1.2057,1.2057,654
2022-08-16,1.2056,1.2118,1.2008,1.2095,1.2095,421
2022-08-17,1.2095,1.2144,1.2028,1.2046,1.2046,570
2022-08-18,1.2046,1.208,1.1923,1.1931,1.1931,1038
2022-08-19,1.1931,1.1934,1.1792,1.183,1.183,1183
2022-08-21,1.1823,1.1834,1.1811,1.1819,1.1819,119
2022-08-22,1.1819,1.1837,1.1742,1.1766,1.1766,669
2022-08-23,1.1766,1.1878,1.1718,1.183,1.183,428
2022-08-24,1.183,1.1836,1.1756,1.1791,1.1791,647
2022-08-25,1.1791,1.1864,1.1784,1.1823,1.1823,76
2022-08-26,1.1823,1.1901,1.1734,1.174,1.174,776
2022-08-28,1.1693,1.1693,1.1688,1.1689,1.1689,55
2022-08-29,1.1691,1.1744,1.1648,1.1722,1.1722,381
2022-08-30,1.1722,1.1761,1.1622,1.1659,1.1659,870
2022-08-31,1.1659,1.1694,1.1594,1.1597,1.1597,574
2022-09-01,1.1597,1.1617,1.1499,1.1547,1.1547,864
2022-09-02,1.1547,1.1589,1.1496,1.1515,1.1515,462
2022-09-04,1.1479,1.1521,1.1445,1.1475,1.1475,0
2022-09-05,1.1479,1.1567,1.1444,1.1565,1.1565,323
2022-09-06,1.1565,1.161,1.1495,1.1511,1.1511,624
2022-09-07,1.1511,1.1541,1.1405,1.1522,1.1522,934
2022-09-08,1.1522,1.1561,1.1461,1.152,1.152,556
2022-09-09,1.152,1.1648,1.1516,1.1588,1.1588,59
2022-09-11,1.1627,1.1639,1.1603,1.162,1.162,230
2022-09-12,1.162,1.1711,1.1601,1.1689,1.1689,186
2022-09-13,1.1689,1.1738,1.1482,1.1503,1.1503,1792
2022-09-14,1.1503,1.159,1.148,1.1545,1.1545,213
2022-09-15,1.1545,1.1548,1.1451,1.1452,1.1452,829
2022-09-16,1.1452,1.1481,1.1351,1.1424,1.1424,904
2022-09-18,1.1418,1.1441,1.1412,1.1434,1.1434,71
2022-09-19,1.1434,1.1446,1.1356,1.1445,1.1445,708
2022-09-20,1.1445,1.1461,1.1358,1.1381,1.1381,782
2022-09-21,1.1381,1.1385,1.1237,1.1257,1.1257,1284
2022-09-22,1.1258,1.1365,1.1212,1.1263,1.1263,431
2022-09-23,1.1263,1.1274,1.084,1.0851,1.0851,3776
2022-09-25,1.0814,1.0846,1.078,1.0793,1.0793,329
2022-09-26,1.0793,1.0931,1.0344,1.0766,1.0766,4185
2022-09-27,1.0767,1.0838,1.0659,1.0726,1.0726,1017
2022-09-28,1.0726,1.0916,1.054,1.0831,1.0831,1756
2022-09-29,1.0831,1.1204,1.0762,1.1172,1.1172,656
2022-09-30,1.1172,1.1235,1.1026,1.1163,1.1163,1329
2022-10-02,1.1171,1.1195,1.1128,1.1136,1.1136,400
2022-10-03,1.1136,1.1342,1.1086,1.1338,1.1338,467
2022-10-04,1.1338,1.1489,1.1281,1.1451,1.1451,528
2022-10-05,1.1451,1.1496,1.1227,1.1356,1.1356,1973
2022-10-06,1.1356,1.1384,1.1113,1.1162,1.1162,2162
2022-10-07,1.1162,1.1225,1.1056,1.1094,1.1094,968
2022-10-09,1.1093,1.1095,1.1062,1.1073,1.1073,301
2022-10-10,1.1073,1.1112,1.102,1.1079,1.1079,498
2022-10-11,1.1079,1.118,1.0953,1.0964,1.0964,1159
2022-10-12,1.0964,1.1134,1.0924,1.1101,1.1101,387
2022-10-13,1.1101,1.1381,1.1057,1.1302,1.1302,413
2022-10-14,1.1302,1.1367,1.1152,1.118,1.118,1342
2022-10-16,1.1226,1.1251,1.1213,1.1242,1.1242,132
2022-10-17,1.1242,1.144,1.1216,1.1352,1.1352,247
2022-10-18,1.1352,1.1411,1.1256,1.1343,1.1343,866
2022-10-19,1.1343,1.1351,1.1185,1.1218,1.1218,1405
2022-10-20,1.1225,1.1293,1.1064,1.1221,1.1221,0
2022-10-21,1.1105,1.1315,1.1061,1.1298,1.1298,418
2022-10-23,1.1381,1.1409,1.1308,1.1336,1.1336,661
2022-10-24,1.1337,1.1383,1.1258,1.1306,1.1306,711
2022-10-25,1.1306,1.15,1.1272,1.1459,1.1459,326
2022-10-26,1.1459,1.1641,1.1431,1.1639,1.1639,264
2022-10-27,1.1639,1.1646,1.1549,1.1565,1.1565,792
2022-10-28,1.1565,1.1624,1.1504,1.1614,1.1614,546
2022-10-30,1.1594,1.1607,1.1587,1.1595,1.1595,82
2022-10-31,1.1595,1.1614,1.1459,1.1468,1.1468,1192
2022-11-01,1.1468,1.1566,1.1437,1.1489,1.1489,285
2022-11-02,1.1489,1.1565,1.1375,1.1384,1.1384,1011
2022-11-03,1.1384,1.1422,1.115,1.117,1.117,2077
2022-11-04,1.1171,1.1382,1.1147,1.1375,1.1375,233
2022-11-06,1.1314,1.1342,1.1306,1.1331,1.1331,96
2022-11-07,1.1331,1.1542,1.1291,1.1513,1.1513,376
2022-11-08,1.1513,1.1599,1.143,1.1552,1.1552,739
2022-11-09,1.1552,1.1567,1.1334,1.1368,1.1368,1907
2022-11-10,1.1368,1.1732,1.1363,1.1695,1.1695,63
2022-11-11,1.1695,1.1855,1.1648,1.1836,1.1836,422
2022-11-13,1.1818,1.1818,1.1767,1.1797,1.1797,448
2022-11-14,1.1797,1.1829,1.1711,1.1752,1.1752,753
2022-11-15,1.1752,1.203,1.1741,1.188,1.188,111
2022-11-16,1.188,1.1942,1.1832,1.1914,1.1914,425
2022-11-17,1.1914,1.1958,1.1763,1.1859,1.1859,1290
2022-11-18,1.1859,1.1951,1.1859,1.1883,1.1883,25
2022-11-20,1.1902,1.1902,1.1881,1.1885,1.1885,193
2022-11-21,1.1885,1.1887,1.1779,1.1827,1.1827,915
2022-11-22,1.1827,1.1903,1.1822,1.1894,1.1894,55
2022-11-23,1.1894,1.2081,1.1873,1.2077,1.2077,196
2022-11-24,1.2077,1.2154,1.2059,1.2113,1.2113,169
2022-11-25,1.2113,1.2128,1.2059,1.2097,1.2097,466
2022-11-27,1.2072,1.2079,1.2051,1.2054,1.2054,193
2022-11-28,1.2054,1.2118,1.1941,1.196,1.196,961
2022-11-29,1.196,1.2065,1.1942,1.1946,1.1946,167
2022-11-30,1.1946,1.2089,1.1901,1.2075,1.2075,404
2022-12-01,1.2075,1.2307,1.207,1.2259,1.2259,63
2022-12-02,1.2259,1.23,1.2135,1.2293,1.2293,1033
2022-12-04,1.2279,1.2297,1.2271,1.2297,1.2297,84
2022-12-05,1.2296,1.2345,1.2162,1.2193,1.2193,1113
2022-12-06,1.2193,1.227,1.2127,1.2133,1.2133,559
2022-12-07,1.2133,1.2235,1.2107,1.221,1.221,234
2022-12-08,1.221,1.2247,1.2155,1.2234,1.2234,470
2022-12-09,1.2234,1.2323,1.2203,1.2265,1.2265,269
2022-12-11,1.2261,1.2272,1.2233,1.2236,1.2236,249
2022-12-12,1.2236,1.2299,1.2207,1.2269,1.2269,255
2022-12-13,1.2269,1.2444,1.2249,1.2355,1.2355,189
2022-12-14,1.2355,1.2447,1.2342,1.2419,1.2419,120
2022-12-15,1.2419,1.2426,1.2156,1.2191,1.2191,2131
2022-12-16,1.2191,1.2223,1.212,1.2144,1.2144,599
2022-12-18,1.2153,1.217,1.2153,1.216,1.216,24
2022-12-19,1.216,1.2242,1.2121,1.2155,1.2155,339
2022-12-20,1.2155,1.2224,1.2086,1.2189,1.2189,586
2022-12-21,1.2189,1.219,1.2055,1.2077,1.2077,1112
2022-12-22,1.2077,1.2148,1.1993,1.2038,1.2038,711
2022-12-23,1.2038,1.209,1.2019,1.2052,1.2052,181
2022-12-25,1.2068,1.2069,1.2054,1.2067,1.2067,136
2022-12-26,1.2066,1.2093,1.2053,1.2083,1.2083,130
2022-12-27,1.2083,1.2113,1.2003,1.2027,1.2027,683
2022-12-28,1.2027,1.2126,1.2003,1.2028,1.2028,222
2022-12-29,1.2028,1.2079,1.2015,1.2055,1.2055,129
2022-12-30,1.2055,1.2108,1.201,1.2094,1.2094,397
2023-01-01,1.2069,1.2099,1.2031,1.2043,1.2043,46975
2023-01-02,1.2087,1.21,1.2035,1.2063,1.2063,450
2023-01-03,1.2063,1.2085,1.1901,1.1967,1.1967,1368
2023-01-04,1.1967,1.2088,1.1966,1.2057,1.2057,24
2023-01-05,1.2057,1.2078,1.1873,1.1909,1.1909,1539
2023-01-06,1.191,1.21,1.1841,1.2094,1.2094,591
2023-01-08,1.2088,1.2121,1.2087,1.212,1.212,29
2023-01-09,1.212,1.221,1.2094,1.2184,1.2184,234
2023-01-10,1.2184,1.2198,1.211,1.2154,1.2154,626
2023-01-11,1.2154,1.2179,1.21,1.2159,1.2159,458
2023-01-12,1.2159,1.2247,1.2088,1.2217,1.2217,607
2023-01-13,1.2217,1.2249,1.2151,1.2235,1.2235,563
2023-01-15,1.2223,1.2234,1.2221,1.2224,1.2224,33
2023-01-16,1.2224,1.229,1.2172,1.2208,1.2208,445
2023-01-17,1.2208,1.2299,1.217,1.2284,1.2284,337
2023-01-18,1.2284,1.2436,1.2255,1.2347,1.2347,256
2023-01-19,1.2347,1.2399,1.2313,1.2393,1.2393,294
2023-01-20,1.2393,1.2405,1.2336,1.24,1.24,478
2023-01-22,1.2401,1.2415,1.2398,1.2406,1.2406,37
2023-01-23,1.2406,1.2448,1.2324,1.2379,1.2379,686
2023-01-24,1.2379,1.2414,1.2263,1.2332,1.2332,955
2023-01-25,1.2332,1.2419,1.2283,1.2411,1.2411,412
2023-01-26,1.2411,1.2431,1.2345,1.2414,1.2414,549
2023-01-27,1.2415,1.2419,1.2346,1.2399,1.2399,574
2023-01-29,1.2392,1.2401,1.2378,1.2401,1.2401,130
2023-01-30,1.2401,1.2418,1.2337,1.235,1.235,530
2023-01-31,1.235,1.2371,1.2285,1.2309,1.2309,549
2023-02-01,1.2309,1.2402,1.2273,1.2388,1.2388,307
2023-02-02,1.2388,1.2401,1.222,1.2221,1.2221,1376
2023-02-03,1.2221,1.2266,1.2048,1.2054,1.2054,1442
2023-02-05,1.2037,1.2057,1.2036,1.2044,1.2044,29
2023-02-06,1.2043,1.2078,1.2006,1.2027,1.2027,331
2023-02-07,1.2027,1.2096,1.1961,1.2054,1.2054,562
2023-02-08,1.2054,1.211,1.2039,1.2071,1.2071,145
2023-02-09,1.2071,1.2194,1.2057,1.2116,1.2116,133
2023-02-10,1.2116,1.2139,1.2047,1.2059,1.2059,585
2023-02-12,1.2066,1.2066,1.2047,1.2052,1.2052,176
2023-02-13,1.2051,1.2152,1.2031,1.215,1.215,190
2023-02-14,1.2151,1.2269,1.2118,1.2174,1.2174,291
2023-02-15,1.2174,1.2182,1.199,1.2037,1.2037,1529
2023-02-16,1.2037,1.2074,1.1966,1.1974,1.1974,612
2023-02-17,1.1974,1.2049,1.1915,1.2043,1.2043,515
2023-02-19,1.2029,1.2038,1.2025,1.2029,1.2029,53
2023-02-20,1.2029,1.2057,1.2015,1.2039,1.2039,137
2023-02-21,1.2039,1.2148,1.1986,1.2109,1.2109,455
2023-02-22,1.2109,1.2136,1.2035,1.2047,1.2047,635
2023-02-23,1.2047,1.2075,1.1992,1.2017,1.2017,474
2023-02-24,1.2017,1.2042,1.1928,1.1941,1.1941,756
2023-02-26,1.1952,1.1957,1.1945,1.195,1.195,77
2023-02-27,1.195,1.2068,1.1923,1.2063,1.2063,249
2023-02-28,1.2062,1.2144,1.2014,1.2033,1.2033,424
2023-03-01,1.2033,1.2089,1.1965,1.2027,1.2027,584
2023-03-02,1.2027,1.2037,1.1925,1.195,1.195,863
2023-03-03,1.1949,1.2049,1.1949,1.2044,1.2044,27
2023-03-05,1.2041,1.2041,1.2027,1.2028,1.2028,137
2023-03-06,1.2028,1.2049,1.1993,1.2025,1.2025,307
2023-03-07,1.2025,1.2065,1.1822,1.1827,1.1827,1712
2023-03-08,1.1827,1.1859,1.1803,1.1849,1.1849,223
2023-03-09,1.185,1.1939,1.1832,1.1923,1.1923,165
2023-03-10,1.1923,1.2114,1.1908,1.2031,1.2031,143
2023-03-12,1.2074,1.2104,1.2069,1.2076,1.2076,58
2023-03-13,1.2076,1.22,1.2047,1.2167,1.2167,260
2023-03-14,1.2167,1.2204,1.2137,1.2151,1.2151,271
2023-03-15,1.2151,1.2182,1.2011,1.2067,1.2067,1174
2023-03-16,1.2067,1.2128,1.2028,1.211,1.211,350
2023-03-17,1.211,1.2201,1.2102,1.2178,1.2178,83
2023-03-19,1.2212,1.2214,1.2178,1.2187,1.2187,295
2023-03-20,1.2188,1.2285,1.2167,1.2274,1.2274,186
2023-03-21,1.2274,1.2283,1.2179,1.2225,1.2225,793
2023-03-22,1.2225,1.2335,1.2209,1.2278,1.2278,154
2023-03-23,1.2278,1.2344,1.2262,1.2281,1.2281,153
2023-03-24,1.2281,1.2289,1.2191,1.2231,1.2231,752
2023-03-26,1.2234,1.225,1.223,1.2245,1.2245,54
2023-03-27,1.2245,1.2298,1.2219,1.2297,1.2297,231
2023-03-28,1.2297,1.2349,1.2281,1.233,1.233,147
2023-03-29,1.2331,1.2362,1.2303,1.2311,1.2311,242
2023-03-30,1.2311,1.2393,1.2294,1.2387,1.2387,154
2023-03-31,1.2387,1.2423,1.2324,1.2329,1.2329,525
2023-04-02,1.2332,1.2333,1.2284,1.2286,1.2286,402
2023-04-03,1.2286,1.2426,1.2275,1.2421,1.2421,115
2023-04-04,1.2421,1.2525,1.2395,1.25,1.25,224
2023-04-05,1.2499,1.2514,1.2433,1.2463,1.2463,548
2023-04-06,1.2463,1.2487,1.2413,1.2438,1.2438,417
2023-04-07,1.2438,1.2456,1.239,1.2417,1.2417,411
2023-04-09,1.2417,1.2432,1.2417,1.2431,1.2431,20
2023-04-10,1.2431,1.2443,1.2345,1.2392,1.2392,714
2023-04-11,1.2392,1.2456,1.2387,1.243,1.243,59
2023-04-12,1.243,1.2496,1.2399,1.2492,1.2492,268
2023-04-13,1.2492,1.2538,1.2479,1.2525,1.2525,125
2023-04-14,1.2525,1.2547,1.2399,1.2415,1.2415,1021
2023-04-16,1.2413,1.2421,1.2398,1.2402,1.2402,142
2023-04-17,1.2401,1.2438,1.2354,1.2374,1.2374,403
2023-04-18,1.2374,1.245,1.2368,1.2425,1.2425,69
2023-04-19,1.2425,1.2474,1.2393,1.2428,1.2428,282
2023-04-20,1.2428,1.2468,1.2405,1.2441,1.2441,207
2023-04-21,1.244,1.2448,1.2367,1.2442,1.2442,607
2023-04-23,1.2448,1.2468,1.2414,1.245,1.245,0
2023-04-24,1.2447,1.25,1.2443,1.2499,1.2499,56
2023-04-25,1.2499,1.2507,1.2387,1.2414,1.2414,916
2023-04-26,1.2414,1.2515,1.2403,1.2471,1.2471,110
2023-04-27,1.2471,1.25,1.2437,1.2497,1.2497,295
2023-04-28,1.2497,1.2584,1.2447,1.2567,1.2567,421
2023-04-30,1.2562,1.2571,1.2557,1.2558,1.2558,66
2023-05-01,1.2558,1.2569,1.2481,1.2485,1.2485,637
2023-05-02,1.2485,1.2513,1.2436,1.2477,1.2477,411
2023-05-03,1.2477,1.259,1.2468,1.2569,1.2569,91
2023-05-04,1.257,1.2599,1.2548,1.2583,1.2583,190
2023-05-05,1.2583,1.2653,1.256,1.2632,1.2632,200
2023-05-07,1.2637,1.2638,1.2625,1.263,1.263,112
2023-05-08,1.263,1.2669,1.2611,1.2613,1.2613,171
2023-05-09,1.2613,1.264,1.2578,1.2624,1.2624,292
2023-05-10,1.2624,1.268,1.2603,1.2626,1.2626,190
2023-05-11,1.2626,1.2641,1.2497,1.2508,1.2508,1040
2023-05-12,1.2508,1.2541,1.2445,1.2448,1.2448,520
2023-05-14,1.2459,1.246,1.2445,1.2451,1.2451,131
2023-05-15,1.2451,1.2535,1.2445,1.2525,1.2525,67
2023-05-16,1.2525,1.2547,1.2466,1.2484,1.2484,492
2023-05-17,1.2484,1.2511,1.2422,1.2483,1.2483,520
2023-05-18,1.2482,1.2493,1.2392,1.2412,1.2412,746
2023-05-19,1.2412,1.2484,1.2392,1.2447,1.2447,175
2023-05-21,1.2448,1.2461,1.2447,1.2461,1.2461,31
2023-05-22,1.2461,1.2472,1.2414,1.2434,1.2434,397
2023-05-23,1.2434,1.2447,1.2373,1.2416,1.2416,513
2023-05-24,1.2417,1.247,1.2358,1.237,1.237,490
2023-05-25,1.237,1.2387,1.2308,1.2317,1.2317,518
2023-05-26,1.2317,1.2396,1.2311,1.2348,1.2348,64
2023-05-28,1.2344,1.2352,1.2343,1.2346,1.2346,30
2023-05-29,1.2345,1.2372,1.2335,1.2348,1.2348,101
2023-05-30,1.2348,1.2446,1.2327,1.2413,1.2413,185
2023-05-31,1.2413,1.245,1.2348,1.2446,1.2446,539
2023-06-01,1.2446,1.254,1.2401,1.2527,1.2527,375
2023-06-02,1.2527,1.2545,1.2442,1.2451,1.2451,696
2023-06-04,1.2455,1.2456,1.2427,1.2431,1.2431,244
2023-06-05,1.2431,1.2444,1.2369,1.2432,1.2432,517
2023-06-06,1.2432,1.2459,1.2392,1.2429,1.2429,344
2023-06-07,1.2429,1.25,1.2395,1.2445,1.2445,294
2023-06-08,1.2445,1.2564,1.2442,1.2558,1.2558,43
2023-06-09,1.2558,1.259,1.2534,1.258,1.258,210
2023-06-11,1.2573,1.2584,1.2572,1.258,1.258,23
2023-06-12,1.258,1.26,1.2487,1.2515,1.2515,757
2023-06-13,1.2515,1.2625,1.2514,1.2607,1.2607,31
2023-06-14,1.2607,1.2699,1.2601,1.2671,1.2671,66
2023-06-15,1.2671,1.2791,1.263,1.2785,1.2785,341
2023-06-16,1.2785,1.2848,1.2769,1.2823,1.2823,149
2023-06-18,1.2822,1.2833,1.2822,1.2831,1.2831,20
2023-06-19,1.2831,1.2837,1.277,1.2793,1.2793,491
2023-06-20,1.2793,1.2806,1.2714,1.2766,1.2766,639
2023-06-21,1.2766,1.2803,1.2691,1.2771,1.2771,601
2023-06-22,1.2771,1.2845,1.2726,1.2747,1.2747,371
2023-06-23,1.2747,1.2749,1.2686,1.2716,1.2716,500
2023-06-25,1.2712,1.2732,1.271,1.2729,1.2729,36
2023-06-26,1.2729,1.2749,1.2688,1.2711,1.2711,342
2023-06-27,1.2711,1.276,1.2704,1.2746,1.2746,77
2023-06-28,1.2746,1.2752,1.2607,1.2642,1.2642,1113
2023-06-29,1.2642,1.2667,1.2591,1.2613,1.2613,418
2023-06-30,1.2613,1.2728,1.26,1.2699,1.2699,129
2023-07-02,1.2704,1.2706,1.2693,1.2694,1.2694,107
2023-07-03,1.2694,1.2723,1.2659,1.2692,1.2692,297
2023-07-04,1.2692,1.2739,1.2684,1.2717,1.2717,86
2023-07-05,1.2717,1.2735,1.2688,1.2704,1.2704,248
2023-07-06,1.2704,1.2781,1.2674,1.2742,1.2742,262
2023-07-07,1.2742,1.285,1.2726,1.284,1.284,147
2023-07-09,1.2835,1.2842,1.2831,1.2838,1.2838,48
2023-07-10,1.2838,1.2869,1.2751,1.2864,1.2864,700
2023-07-11,1.2864,1.294,1.2858,1.2934,1.2934,66
2023-07-12,1.2934,1.3001,1.2904,1.2996,1.2996,250
2023-07-13,1.2996,1.3141,1.2985,1.3129,1.3129,108
2023-07-14,1.3129,1.3142,1.309,1.3093,1.3093,314
2023-07-16,1.3099,1.31,1.3086,1.309,1.309,113
2023-07-17,1.309,1.3109,1.3051,1.3072,1.3072,313
2023-07-18,1.3072,1.3126,1.3028,1.3034,1.3034,354
2023-07-19,1.3034,1.3039,1.2868,1.2937,1.2937,1293
2023-07-20,1.2937,1.2965,1.284,1.2873,1.2873,771
2023-07-21,1.2873,1.2904,1.2816,1.2853,1.2853,458
2023-07-23,1.2853,1.2858,1.2848,1.2852,1.2852,58
2023-07-24,1.2853,1.2884,1.2798,1.2812,1.2812,443
2023-07-25,1.2812,1.2905,1.281,1.2894,1.2894,40
2023-07-26,1.2894,1.2961,1.2876,1.2927,1.2927,158
2023-07-27,1.2927,1.2996,1.2782,1.2794,1.2794,1141
2023-07-28,1.2793,1.2887,1.2763,1.2848,1.2848,256
2023-07-30,1.2849,1.2859,1.2849,1.2854,1.2854,23
2023-07-31,1.2854,1.2873,1.2829,1.2832,1.2832,214
2023-08-01,1.2832,1.2839,1.2741,1.2795,1.2795,724
2023-08-02,1.2795,1.2799,1.268,1.2719,1.2719,914
2023-08-03,1.2719,1.2728,1.2621,1.2716,1.2716,795
2023-08-04,1.2716,1.2793,1.2686,1.2751,1.2751,255
2023-08-06,1.2753,1.2762,1.2746,1.2749,1.2749,76
2023-08-07,1.2749,1.2789,1.2713,1.2782,1.2782,298
2023-08-08,1.2782,1.2786,1.2685,1.2744,1.2744,779
2023-08-09,1.2744,1.2782,1.2712,1.272,1.272,266
2023-08-10,1.272,1.2819,1.267,1.2671,1.2671,412
2023-08-11,1.267,1.2739,1.2667,1.2698,1.2698,50
2023-08-13,1.2693,1.2707,1.2687,1.2694,1.2694,69
2023-08-14,1.2694,1.2715,1.2617,1.2686,1.2686,631
2023-08-15,1.2685,1.2753,1.2676,1.2701,1.2701,98
2023-08-16,1.2701,1.2766,1.2688,1.2728,1.2728,123
2023-08-17,1.2728,1.2788,1.2703,1.2748,1.2748,214
2023-08-18,1.2747,1.2766,1.2689,1.2734,1.2734,474
2023-08-20,1.2734,1.2743,1.2732,1.2741,1.2741,34
2023-08-21,1.2741,1.2767,1.2711,1.276,1.276,260
2023-08-22,1.276,1.28,1.2719,1.2732,1.2732,342
2023-08-23,1.2732,1.2765,1.2615,1.272,1.272,936
2023-08-24,1.272,1.2729,1.2586,1.2593,1.2593,1071
2023-08-25,1.2593,1.2655,1.2548,1.258,1.258,374
2023-08-27,1.2592,1.2611,1.2567,1.259,1.259,0
2023-08-28,1.2598,1.2616,1.2573,1.2611,1.2611,217
2023-08-29,1.2611,1.2655,1.2563,1.2636,1.2636,401
2023-08-30,1.2636,1.2747,1.2619,1.2711,1.2711,152
2023-08-31,1.2712,1.2735,1.2653,1.2672,1.2672,482
2023-09-01,1.2671,1.2713,1.2578,1.2588,1.2588,761
2023-09-03,1.2593,1.2594,1.2587,1.2591,1.2591,71
2023-09-04,1.2591,1.2643,1.2588,1.2623,1.2623,46
2023-09-05,1.2623,1.2632,1.2528,1.257,1.257,767
2023-09-06,1.257,1.2588,1.2482,1.2498,1.2498,720
2023-09-07,1.2498,1.2509,1.2446,1.2475,1.2475,440
2023-09-08,1.2476,1.2514,1.2451,1.2463,1.2463,213
2023-09-10,1.2473,1.2493,1.2472,1.2489,1.2489,26
2023-09-11,1.2489,1.2548,1.2482,1.2508,1.2508,73
2023-09-12,1.2508,1.253,1.246,1.2491,1.2491,408
2023-09-13,1.2491,1.2512,1.2435,1.249,1.249,472
2023-09-14,1.249,1.2506,1.2397,1.2401,1.2401,764
2023-09-15,1.2401,1.2446,1.2379,1.2384,1.2384,199
2023-09-17,1.2386,1.2398,1.2385,1.2398,1.2398,30
2023-09-18,1.2397,1.241,1.237,1.2383,1.2383,237
2023-09-19,1.2383,1.2425,1.237,1.2393,1.2393,126
2023-09-20,1.2393,1.2421,1.2324,1.2327,1.2327,576
2023-09-21,1.2327,1.2332,1.2234,1.2293,1.2293,773
2023-09-22,1.2293,1.2294,1.2231,1.2238,1.2238,525
2023-09-24,1.2248,1.2256,1.2239,1.2241,1.2241,91
2023-09-25,1.2241,1.2251,1.2194,1.2213,1.2213,404
2023-09-26,1.2213,1.2215,1.2144,1.2146,1.2146,583
2023-09-27,1.2146,1.2165,1.2111,1.2136,1.2136,313
2023-09-28,1.2136,1.2225,1.212,1.2204,1.2204,146
2023-09-29,1.2204,1.2272,1.2181,1.2204,1.2204,214
2023-10-01,1.2204,1.2209,1.218,1.2193,1.2193,213
2023-10-02,1.2193,1.222,1.2084,1.209,1.209,912
2023-10-03,1.209,1.2102,1.2053,1.2078,1.2078,332
2023-10-04,1.2078,1.2177,1.2037,1.2137,1.2137,352
2023-10-05,1.2137,1.2196,1.2108,1.2187,1.2187,261
2023-10-06,1.2187,1.2262,1.2106,1.2238,1.2238,687
2023-10-08,1.2204,1.2222,1.2201,1.222,1.222,46
2023-10-09,1.222,1.2252,1.2163,1.225,1.225,483
2023-10-10,1.225,1.2295,1.2212,1.229,1.229,326
2023-10-11,1.229,1.2338,1.2269,1.2315,1.2315,190
2023-10-12,1.2315,1.2332,1.2172,1.2183,1.2183,1186
2023-10-13,1.2183,1.2225,1.2123,1.2139,1.2139,513
2023-10-15,1.2144,1.2158,1.2136,1.2155,1.2155,84
2023-10-16,1.2155,1.222,1.2143,1.2212,1.2212,119
2023-10-17,1.2212,1.2216,1.2133,1.2178,1.2178,662
2023-10-18,1.2178,1.2211,1.2137,1.2142,1.2142,355
2023-10-19,1.2142,1.2192,1.209,1.2136,1.2136,442
2023-10-20,1.2136,1.217,1.2093,1.2164,1.2164,368
2023-10-22,1.2163,1.2166,1.2158,1.2163,1.2163,56
2023-10-23,1.2163,1.2259,1.2143,1.2249,1.2249,181
2023-10-24,1.2249,1.2289,1.2154,1.2162,1.2162,801
2023-10-25,1.2162,1.2176,1.2095,1.2102,1.2102,573
2023-10-26,1.2103,1.214,1.207,1.2136,1.2136,290
2023-10-27,1.2136,1.2163,1.2106,1.2123,1.2123,272
2023-10-29,1.2123,1.2127,1.2111,1.2113,1.2113,125
2023-10-30,1.2113,1.2175,1.209,1.2164,1.2164,207
2023-10-31,1.2164,1.2201,1.212,1.215,1.215,380
2023-11-01,1.2151,1.2182,1.2096,1.2182,1.2182,469
2023-11-02,1.2182,1.2226,1.2155,1.219,1.219,239
2023-11-03,1.219,1.239,1.2185,1.238,1.238,60
2023-11-05,1.2374,1.2378,1.2368,1.2372,1.2372,74
2023-11-06,1.2372,1.2429,1.2338,1.2344,1.2344,294
2023-11-07,1.2344,1.2347,1.2263,1.2291,1.2291,677
2023-11-08,1.2291,1.2302,1.2242,1.2285,1.2285,421
2023-11-09,1.2285,1.2309,1.2213,1.2216,1.2216,610
2023-11-10,1.2216,1.2238,1.2187,1.2227,1.2227,257
2023-11-12,1.2226,1.2232,1.2216,1.223,1.223,105
2023-11-13,1.223,1.2281,1.2223,1.228,1.228,72
2023-11-14,1.228,1.2506,1.2265,1.2494,1.2494,141
2023-11-15,1.2494,1.2498,1.2404,1.2422,1.2422,740
2023-11-16,1.2422,1.2456,1.2377,1.2414,1.2414,384
2023-11-17,1.2415,1.2465,1.2374,1.2462,1.2462,345
2023-11-19,1.2451,1.2518,1.2446,1.2504,1.2504,92328
2023-11-20,1.247,1.2518,1.2461,1.2508,1.2508,85
2023-11-21,1.2508,1.2559,1.2505,1.2544,1.2544,48
2023-11-22,1.2544,1.255,1.2449,1.2489,1.2489,772
2023-11-23,1.2489,1.2573,1.2489,1.2533,1.2533,22
2023-11-24,1.2533,1.2615,1.2525,1.2609,1.2609,86
2023-11-26,1.2603,1.2607,1.2599,1.26,1.26,58
2023-11-27,1.26,1.2644,1.2591,1.2635,1.2635,86
2023-11-28,1.2635,1.2715,1.2607,1.2713,1.2713,240
2023-11-29,1.2713,1.2733,1.2665,1.2695,1.2695,397
2023-11-30,1.2695,1.2711,1.2604,1.2631,1.2631,741
2023-12-01,1.2631,1.2716,1.2614,1.2711,1.2711,158
2023-12-03,1.2706,1.2725,1.2698,1.2711,1.2711,83
2023-12-04,1.2712,1.2713,1.2604,1.2634,1.2634,865
2023-12-05,1.2634,1.2652,1.2577,1.2595,1.2595,464
2023-12-06,1.2595,1.2614,1.2552,1.2558,1.2558,359
2023-12-07,1.2558,1.2613,1.2545,1.2588,1.2588,128
2023-12-08,1.2588,1.2602,1.2503,1.2549,1.2549,698
2023-12-10,1.2541,1.2555,1.2536,1.2554,1.2554,61
2023-12-11,1.2555,1.2591,1.2535,1.2554,1.2554,173
2023-12-12,1.2554,1.2616,1.2514,1.2569,1.2569,333
2023-12-13,1.2569,1.2635,1.2501,1.2621,1.2621,561
2023-12-14,1.2621,1.2794,1.2612,1.2771,1.2771,92
2023-12-15,1.2771,1.279,1.2669,1.2681,1.2681,819
2023-12-17,1.2676,1.2678,1.2666,1.2672,1.2672,97
2023-12-18,1.2672,1.2704,1.2629,1.2653,1.2653,358
2023-12-19,1.2653,1.2762,1.265,1.273,1.273,47
2023-12-20,1.273,1.273,1.2625,1.264,1.264,844
2023-12-21,1.264,1.2696,1.2612,1.2683,1.2683,239
2023-12-22,1.2683,1.2744,1.2679,1.2698,1.2698,53
2023-12-25,1.269,1.2713,1.2688,1.2704,1.2704,34
2023-12-26,1.2704,1.2731,1.2685,1.2726,1.2726,175
2023-12-27,1.2726,1.2803,1.2699,1.28,1.28,234
2023-12-28,1.28,1.2828,1.2713,1.2735,1.2735,702
2023-12-29,1.2735,1.2773,1.2701,1.2731,1.2731,286
2024-01-01,1.2728,1.2735,1.2721,1.2728,1.2728,74
2024-01-02,1.2728,1.276,1.2611,1.2623,1.2623,936
2024-01-03,1.2623,1.2677,1.2616,1.2673,1.2673,73
2024-01-04,1.2673,1.273,1.2657,1.2682,1.2682,147
2024-01-05,1.2682,1.2771,1.2612,1.2719,1.2719,571
2024-01-07,1.2721,1.2722,1.2709,1.2717,1.2717,119
2024-01-08,1.2717,1.2767,1.2674,1.2742,1.2742,364
2024-01-09,1.2741,1.2765,1.269,1.2711,1.2711,425
2024-01-10,1.2711,1.2745,1.2686,1.2744,1.2744,216
2024-01-11,1.2745,1.2786,1.269,1.2779,1.2779,445
2024-01-12,1.2779,1.2786,1.272,1.2754,1.2754,484
2024-01-14,1.2747,1.2752,1.2735,1.2736,1.2736,110
2024-01-15,1.2736,1.2766,1.2713,1.2716,1.2716,199
2024-01-16,1.2715,1.2717,1.262,1.2638,1.2638,772
2024-01-17,1.2638,1.2697,1.2597,1.2677,1.2677,346
2024-01-18,1.2677,1.2712,1.2648,1.2711,1.2711,247
2024-01-19,1.2711,1.2715,1.2662,1.2704,1.2704,412
2024-01-21,1.2692,1.2709,1.2691,1.27,1.27,25
2024-01-22,1.27,1.2733,1.2687,1.2706,1.2706,118
2024-01-23,1.2706,1.2747,1.2649,1.2692,1.2692,468
2024-01-24,1.2691,1.2775,1.2686,1.2718,1.2718,64
2024-01-25,1.2718,1.2743,1.2682,1.2706,1.2706,306
2024-01-26,1.2706,1.2759,1.2676,1.2702,1.2702,260
2024-01-28,1.2699,1.2705,1.2691,1.2697,1.2697,80
2024-01-29,1.2697,1.2719,1.2662,1.2713,1.2713,293
2024-01-30,1.2713,1.2721,1.264,1.2695,1.2695,588
2024-01-31,1.2695,1.2751,1.2658,1.268,1.268,308
2024-02-01,1.268,1.2756,1.2626,1.2746,1.2746,448
2024-02-02,1.2746,1.2772,1.2614,1.2633,1.2633,1056
2024-02-04,1.2635,1.2639,1.2611,1.2622,1.2622,209
2024-02-05,1.2622,1.263,1.2518,1.2534,1.2534,837
2024-02-06,1.2534,1.2606,1.2534,1.2604,1.2604,22
2024-02-07,1.2604,1.2642,1.2597,1.2627,1.2627,73
2024-02-08,1.2627,1.2639,1.2572,1.2621,1.2621,454
2024-02-09,1.2621,1.2643,1.2599,1.2628,1.2628,190
2024-02-11,1.2625,1.2637,1.2624,1.2637,1.2637,26
2024-02-12,1.2637,1.2655,1.2606,1.2627,1.2627,260
2024-02-13,1.2627,1.2695,1.2573,1.259,1.259,445
2024-02-14,1.259,1.2611,1.2536,1.2568,1.2568,452
2024-02-15,1.2568,1.2605,1.2541,1.2599,1.2599,230
2024-02-16,1.2599,1.2625,1.2551,1.2603,1.2603,399
2024-02-18,1.2607,1.2611,1.2599,1.2611,1.2611,81
2024-02-19,1.2611,1.263,1.2584,1.2588,1.2588,234
2024-02-20,1.2587,1.2669,1.258,1.2625,1.2625,81
2024-02-21,1.2625,1.2642,1.2603,1.2639,1.2639,196
2024-02-22,1.2638,1.271,1.2612,1.2662,1.2662,231
2024-02-23,1.2662,1.2701,1.2649,1.2671,1.2671,124
2024-02-25,1.2677,1.2683,1.2669,1.267,1.267,80
2024-02-26,1.2671,1.27,1.2657,1.2684,1.2684,128
2024-02-27,1.2684,1.2697,1.266,1.268,1.268,208
2024-02-28,1.2681,1.2684,1.2622,1.2662,1.2662,482
2024-02-29,1.2662,1.2682,1.2613,1.2627,1.2627,405
2024-03-01,1.2627,1.2664,1.26,1.2652,1.2652,233
2024-03-03,1.2654,1.2662,1.2651,1.2661,1.2661,39
2024-03-04,1.266,1.2707,1.2656,1.269,1.269,53
2024-03-05,1.269,1.2735,1.2671,1.2704,1.2704,164
2024-03-06,1.2704,1.2762,1.269,1.2736,1.2736,131
2024-03-07,1.2736,1.2814,1.2723,1.2813,1.2813,119
2024-03-08,1.2813,1.2894,1.2801,1.2858,1.2858,114
2024-03-10,1.2862,1.2864,1.2848,1.2856,1.2856,124
2024-03-11,1.2856,1.2862,1.2795,1.2818,1.2818,489
2024-03-12,1.2818,1.2824,1.2746,1.2795,1.2795,581
2024-03-13,1.2795,1.2811,1.2775,1.2801,1.2801,178
2024-03-14,1.2801,1.2823,1.2731,1.2745,1.2745,571
2024-03-15,1.2745,1.2759,1.2725,1.2736,1.2736,176
2024-03-17,1.2732,1.2738,1.273,1.2731,1.2731,37
2024-03-18,1.2731,1.2747,1.2718,1.2727,1.2727,125
2024-03-19,1.2727,1.2733,1.2668,1.2718,1.2718,482
2024-03-20,1.2718,1.2798,1.2685,1.2798,1.2798,282
2024-03-21,1.2798,1.2804,1.2651,1.2661,1.2661,1170
2024-03-22,1.2661,1.2675,1.2575,1.26,1.26,695
2024-03-24,1.2605,1.2607,1.2593,1.2598,1.2598,109
2024-03-25,1.2598,1.2652,1.2592,1.2637,1.2637,65
2024-03-26,1.2637,1.2668,1.2622,1.2628,1.2628,133
2024-03-27,1.2628,1.2641,1.2606,1.2617,1.2617,195
2024-03-28,1.2617,1.2655,1.2586,1.2622,1.2622,265
2024-03-29,1.2622,1.2645,1.261,1.2624,1.2624,115
2024-03-31,1.263,1.2643,1.2625,1.2638,1.2638,58
2024-04-01,1.2638,1.2642,1.254,1.2546,1.2546,795
2024-04-02,1.2546,1.2581,1.254,1.2576,1.2576,70
2024-04-03,1.2576,1.2656,1.2563,1.2651,1.2651,125
2024-04-04,1.2651,1.2684,1.2635,1.2639,1.2639,145
2024-04-05,1.2639,1.2649,1.2575,1.2638,1.2638,532
2024-04-07,1.263,1.2635,1.2621,1.2624,1.2624,93
2024-04-08,1.2624,1.2664,1.2614,1.2658,1.2658,103
2024-04-09,1.2658,1.2709,1.2649,1.2677,1.2677,89
2024-04-10,1.2677,1.2708,1.2521,1.2537,1.2537,1253
2024-04-11,1.2537,1.2579,1.2511,1.2555,1.2555,224
2024-04-12,1.2555,1.2559,1.2427,1.245,1.245,1039
2024-04-14,1.2446,1.2463,1.2442,1.246,1.246,57
2024-04-15,1.246,1.2499,1.2436,1.2446,1.2446,211
2024-04-16,1.2446,1.2472,1.2406,1.2431,1.2431,343
2024-04-17,1.2431,1.2482,1.2417,1.2453,1.2453,127
2024-04-18,1.2453,1.2484,1.2432,1.2435,1.2435,188
2024-04-19,1.2435,1.2468,1.2367,1.2371,1.2371,566
2024-04-21,1.2377,1.2383,1.2366,1.2376,1.2376,107
2024-04-22,1.2376,1.2393,1.23,1.235,1.235,635
2024-04-23,1.235,1.2459,1.2332,1.2454,1.2454,164
2024-04-24,1.2454,1.247,1.2423,1.2459,1.2459,272
2024-04-25,1.2459,1.2528,1.2454,1.2508,1.2508,60
2024-04-26,1.2508,1.2541,1.2449,1.2494,1.2494,485
2024-04-28,1.2484,1.251,1.2483,1.2509,1.2509,27
2024-04-29,1.251,1.257,1.2507,1.256,1.256,36
2024-04-30,1.256,1.2561,1.2488,1.2489,1.2489,587
2024-05-01,1.2489,1.255,1.2467,1.2537,1.2537,201
2024-05-02,1.2536,1.2545,1.2472,1.254,1.254,533
2024-05-03,1.254,1.2635,1.253,1.2547,1.2547,98
2024-05-05,1.2546,1.2554,1.2541,1.2541,1.2541,61
2024-05-06,1.2541,1.2595,1.2539,1.2559,1.2559,37
2024-05-07,1.2559,1.2571,1.2499,1.2502,1.2502,503
2024-05-08,1.2502,1.2505,1.2468,1.2494,1.2494,289
2024-05-09,1.2493,1.253,1.2446,1.2525,1.2525,397
2024-05-10,1.2525,1.2541,1.2503,1.2524,1.2524,198
2024-05-12,1.2519,1.2528,1.2518,1.2522,1.2522,31
2024-05-13,1.2522,1.2569,1.2518,1.256,1.256,53
2024-05-14,1.256,1.2593,1.251,1.2584,1.2584,422
2024-05-15,1.2584,1.2694,1.2584,1.2689,1.2689,22
2024-05-16,1.2689,1.2701,1.2644,1.2671,1.2671,377
2024-05-17,1.2672,1.2712,1.2645,1.2701,1.2701,229
2024-05-19,1.2697,1.2708,1.2694,1.2706,1.2706,47
2024-05-20,1.2706,1.2726,1.2689,1.271,1.271,151
2024-05-21,1.271,1.2727,1.2687,1.271,1.271,204
2024-05-22,1.271,1.2761,1.27,1.272,1.272,95
2024-05-23,1.272,1.2747,1.2686,1.2693,1.2693,292
2024-05-24,1.2693,1.2751,1.2676,1.2737,1.2737,156
2024-05-26,1.2737,1.2743,1.2734,1.2734,1.2734,44
2024-05-27,1.2734,1.2778,1.2734,1.2772,1.2772,20
2024-05-28,1.2772,1.2801,1.2754,1.2758,1.2758,159
2024-05-29,1.2758,1.2772,1.2696,1.2698,1.2698,502
2024-05-30,1.2698,1.2747,1.2681,1.2729,1.2729,153
2024-05-31,1.2729,1.2766,1.27,1.2742,1.2742,246
2024-06-02,1.274,1.2746,1.2737,1.2744,1.2744,43
2024-06-03,1.2744,1.2813,1.2695,1.281,1.281,409
2024-06-04,1.281,1.2818,1.2743,1.2773,1.2773,541
2024-06-05,1.2773,1.2795,1.2756,1.2794,1.2794,153
2024-06-06,1.2794,1.2809,1.2763,1.2792,1.2792,263
2024-06-07,1.2792,1.2816,1.2716,1.2718,1.2718,615
2024-06-09,1.2729,1.2732,1.2718,1.2728,1.2728,102
2024-06-10,1.2728,1.2737,1.2688,1.2726,1.2726,336
2024-06-11,1.2726,1.2752,1.2706,1.274,1.274,177
2024-06-12,1.274,1.286,1.2733,1.2796,1.2796,72
2024-06-13,1.2796,1.2808,1.2738,1.2754,1.2754,474
2024-06-14,1.2754,1.2764,1.2657,1.2686,1.2686,778
2024-06-16,1.2689,1.2689,1.2678,1.2684,1.2684,99
2024-06-17,1.2683,1.2714,1.2659,1.2714,1.2714,211
2024-06-18,1.2714,1.2721,1.2669,1.2707,1.2707,373
2024-06-19,1.2707,1.274,1.27,1.272,1.272,72
2024-06-20,1.272,1.2721,1.2655,1.266,1.266,534
2024-06-21,1.266,1.2678,1.2622,1.2644,1.2644,316
2024-06-23,1.2641,1.2646,1.2636,1.2638,1.2638,57
2024-06-24,1.2638,1.2698,1.2633,1.2682,1.2682,64
2024-06-25,1.2682,1.2703,1.267,1.2684,1.2684,112
2024-06-26,1.2684,1.2694,1.2616,1.2621,1.2621,558
2024-06-27,1.2621,1.2671,1.2613,1.2644,1.2644,84
2024-06-28,1.2645,1.2666,1.262,1.2645,1.2645,215
2024-06-30,1.2657,1.2658,1.2641,1.2649,1.2649,145
2024-07-01,1.2649,1.2711,1.2633,1.2645,1.2645,142
2024-07-02,1.2645,1.2692,1.2616,1.2688,1.2688,256
2024-07-03,1.2688,1.2777,1.2678,1.2747,1.2747,93
2024-07-04,1.2748,1.2768,1.2741,1.2755,1.2755,67
2024-07-05,1.2755,1.2817,1.2755,1.2815,1.2815,20
2024-07-07,1.2799,1.2816,1.2793,1.2806,1.2806,72
2024-07-08,1.2806,1.2846,1.28,1.2815,1.2815,67
2024-07-09,1.2816,1.2825,1.2778,1.2788,1.2788,312
2024-07-10,1.2788,1.2854,1.2784,1.2854,1.2854,49
2024-07-11,1.2854,1.2949,1.285,1.2924,1.2924,55
2024-07-12,1.2924,1.2991,1.2902,1.2989,1.2989,185
2024-07-14,1.2972,1.2984,1.2963,1.2967,1.2967,90
2024-07-15,1.2967,1.2995,1.2962,1.297,1.297,60
2024-07-16,1.297,1.298,1.2939,1.2978,1.2978,259
2024-07-17,1.2978,1.3044,1.2966,1.3008,1.3008,106
2024-07-18,1.3008,1.3013,1.294,1.2949,1.2949,542
2024-07-19,1.2949,1.2949,1.2901,1.2913,1.2913,389
2024-07-21,1.2918,1.294,1.2911,1.2933,1.2933,72
2024-07-22,1.2933,1.2942,1.2906,1.2931,1.2931,228
2024-07-23,1.2931,1.2935,1.2888,1.2901,1.2901,354
2024-07-24,1.2901,1.2938,1.2878,1.2898,1.2898,202
2024-07-25,1.2898,1.2914,1.285,1.2855,1.2855,393
2024-07-26,1.2855,1.2878,1.285,1.2867,1.2867,62
2024-07-28,1.2863,1.2874,1.2863,1.2867,1.2867,20
2024-07-29,1.2866,1.2888,1.2807,1.286,1.286,483
2024-07-30,1.286,1.2865,1.282,1.2838,1.2838,326
2024-07-31,1.2838,1.2864,1.2821,1.2853,1.2853,150
2024-08-01,1.2853,1.2861,1.2727,1.2728,1.2728,1001
2024-08-02,1.2728,1.284,1.2707,1.2804,1.2804,181
2024-08-04,1.281,1.2812,1.2782,1.2788,1.2788,240
2024-08-05,1.2788,1.2817,1.271,1.2788,1.2788,627
2024-08-06,1.2788,1.2803,1.2673,1.2684,1.2684,922
2024-08-07,1.2684,1.2736,1.2678,1.2683,1.2683,66
2024-08-08,1.2683,1.2753,1.2665,1.2746,1.2746,160
2024-08-09,1.2746,1.2774,1.2726,1.2758,1.2758,171
2024-08-11,1.2763,1.2766,1.2749,1.2749,1.2749,128
2024-08-12,1.2749,1.2794,1.2747,1.2771,1.2771,34
2024-08-13,1.2771,1.2873,1.2764,1.2865,1.2865,76
2024-08-14,1.2866,1.2869,1.2817,1.2825,1.2825,393
2024-08-15,1.2825,1.2872,1.2799,1.2859,1.2859,219
2024-08-16,1.2859,1.2946,1.2858,1.2945,1.2945,31
2024-08-18,1.2939,1.2951,1.2937,1.2947,1.2947,35
2024-08-19,1.2947,1.2997,1.294,1.2989,1.2989,68
2024-08-20,1.299,1.3053,1.2975,1.3034,1.3034,135
2024-08-21,1.3034,1.312,1.3011,1.3093,1.3093,194
2024-08-22,1.3092,1.313,1.3077,1.3097,1.3097,139
2024-08-23,1.3097,1.323,1.3092,1.3217,1.3217,56
2024-08-25,1.3217,1.3222,1.3204,1.3214,1.3214,117
2024-08-26,1.3214,1.3222,1.318,1.3192,1.3192,278
2024-08-27,1.3192,1.3267,1.318,1.3255,1.3255,107
2024-08-28,1.3255,1.3261,1.3168,1.3193,1.3193,680
2024-08-29,1.3193,1.3227,1.3146,1.3165,1.3165,381
2024-08-30,1.3166,1.32,1.311,1.3126,1.3126,443
2024-09-01,1.3134,1.3136,1.3126,1.313,1.313,80
2024-09-02,1.313,1.3155,1.312,1.314,1.314,93
2024-09-03,1.3141,1.3147,1.3088,1.3113,1.3113,421
2024-09-04,1.3113,1.3175,1.3101,1.3144,1.3144,108
2024-09-05,1.3144,1.3186,1.3137,1.3176,1.3176,73
2024-09-06,1.3176,1.3239,1.311,1.313,1.313,520
2024-09-08,1.3125,1.3139,1.3125,1.3132,1.3132,20
2024-09-09,1.3131,1.3143,1.3068,1.3071,1.3071,501
2024-09-10,1.3071,1.3108,1.305,1.308,1.308,181
2024-09-11,1.308,1.3111,1.3002,1.3038,1.3038,612
2024-09-12,1.3038,1.3133,1.3032,1.3133,1.3133,65
2024-09-13,1.3133,1.3158,1.3115,1.3125,1.3125,156
2024-09-15,1.3123,1.3137,1.3121,1.3135,1.3135,36
2024-09-16,1.3135,1.3219,1.3135,1.321,1.321,20
2024-09-17,1.321,1.323,1.3146,1.3167,1.3167,505
2024-09-18,1.3168,1.3298,1.3157,1.3203,1.3203,102
2024-09-19,1.3203,1.3315,1.3154,1.3281,1.3281,394
2024-09-20,1.3281,1.334,1.3268,1.3323,1.3323,117
2024-09-22,1.3316,1.3323,1.3312,1.3312,1.3312,50
2024-09-23,1.3312,1.336,1.3249,1.3349,1.3349,495
2024-09-24,1.3349,1.3428,1.3332,1.3427,1.3427,148
2024-09-25,1.3427,1.343,1.3313,1.3314,1.3314,872
2024-09-26,1.3314,1.3434,1.3313,1.3411,1.3411,28
2024-09-27,1.3411,1.3428,1.336,1.3373,1.3373,397
2024-09-29,1.3375,1.3384,1.3372,1.3383,1.3383,39
2024-09-30,1.3383,1.3423,1.335,1.3377,1.3377,263
2024-10-01,1.3378,1.339,1.3237,1.3274,1.3274,1068
2024-10-02,1.3274,1.3306,1.3246,1.3263,1.3263,234
2024-10-03,1.3263,1.3265,1.3092,1.3129,1.3129,1305
2024-10-04,1.3129,1.3175,1.307,1.3125,1.3125,467
2024-10-06,1.3115,1.3125,1.3111,1.3123,1.3123,52
2024-10-07,1.3123,1.3135,1.3059,1.3084,1.3084,506
2024-10-08,1.3085,1.3113,1.3064,1.3093,1.3093,174
2024-10-09,1.3093,1.3103,1.3056,1.3066,1.3066,304
2024-10-10,1.3067,1.3094,1.3022,1.3061,1.3061,360
2024-10-11,1.3061,1.3083,1.3042,1.3069,1.3069,168
2024-10-13,1.3069,1.3069,1.3047,1.3049,1.3049,187
2024-10-14,1.3048,1.3072,1.303,1.3067,1.3067,159
2024-10-15,1.3067,1.3103,1.3036,1.3065,1.3065,262
2024-10-16,1.3065,1.3078,1.2977,1.2991,1.2991,692
2024-10-17,1.2991,1.3023,1.2974,1.3015,1.3015,151
2024-10-18,1.3015,1.3071,1.3011,1.3053,1.3053,48
2024-10-20,1.3046,1.3058,1.3043,1.3052,1.3052,44
2024-10-21,1.3052,1.3053,1.2977,1.2983,1.2983,593
2024-10-22,1.2983,1.3015,1.2945,1.2981,1.2981,311
2024-10-23,1.2981,1.2995,1.2907,1.2916,1.2916,586
2024-10-24,1.2916,1.2988,1.2912,1.2972,1.2972,50
2024-10-25,1.2972,1.2999,1.2956,1.2962,1.2962,141
2024-10-27,1.2965,1.2969,1.2956,1.2958,1.2958,84
2024-10-28,1.2957,1.3002,1.294,1.2975,1.2975,156
2024-10-29,1.2975,1.3017,1.2958,1.3011,1.3011,145
2024-10-30,1.3011,1.3044,1.2937,1.2958,1.2958,589
2024-10-31,1.2958,1.3,1.2844,1.2897,1.2897,903
2024-11-01,1.2897,1.298,1.2885,1.292,1.292,115
2024-11-03,1.297,1.2971,1.295,1.2953,1.2953,174
2024-11-04,1.2953,1.2993,1.2934,1.2954,1.2954,160
2024-11-05,1.2954,1.3048,1.2948,1.3043,1.3043,64
2024-11-06,1.3043,1.3044,1.2834,1.2883,1.2883,1617
2024-11-07,1.2883,1.3009,1.2876,1.2983,1.2983,70
2024-11-08,1.2983,1.2984,1.2884,1.292,1.292,785
2024-11-10,1.2909,1.2918,1.2906,1.2916,1.2916,42
2024-11-11,1.2915,1.2926,1.2856,1.2874,1.2874,478
2024-11-12,1.2874,1.2874,1.2719,1.2737,1.2737,1217
2024-11-13,1.2737,1.277,1.2687,1.2707,1.2707,417
2024-11-14,1.2708,1.272,1.263,1.2667,1.2667,631
2024-11-15,1.2667,1.2697,1.2597,1.262,1.262,570
2024-11-17,1.2625,1.2625,1.261,1.2619,1.2619,138
2024-11-18,1.2619,1.2687,1.2613,1.2679,1.2679,68
2024-11-19,1.2679,1.2694,1.2613,1.2694,1.2694,535
2024-11-20,1.2694,1.2715,1.2631,1.2656,1.2656,517
2024-11-21,1.2656,1.266,1.2577,1.2585,1.2585,644
2024-11-22,1.2585,1.2594,1.2487,1.2533,1.2533,794
2024-11-24,1.2592,1.2597,1.2575,1.2593,1.2593,155
2024-11-25,1.2593,1.2613,1.253,1.2532,1.2532,519
2024-11-26,1.2532,1.2617,1.2507,1.2574,1.2574,219
2024-11-27,1.2574,1.2695,1.2567,1.2677,1.2677,75
2024-11-28,1.2677,1.2696,1.2645,1.2696,1.2696,273
2024-11-29,1.2696,1.275,1.2672,1.2737,1.2737,203
2024-12-01,1.273,1.2736,1.2696,1.2701,1.2701,282
2024-12-02,1.2702,1.2723,1.2617,1.2659,1.2659,682
2024-12-03,1.2659,1.27,1.2637,1.2674,1.2674,191
2024-12-04,1.2674,1.2722,1.263,1.2701,1.2701,367
2024-12-05,1.2701,1.2771,1.2693,1.276,1.276,82
2024-12-06,1.2761,1.2811,1.2722,1.2741,1.2741,325
2024-12-08,1.2737,1.2752,1.2737,1.2748,1.2748,21
2024-12-09,1.2749,1.2799,1.2717,1.2749,1.2749,266
2024-12-10,1.2749,1.278,1.2724,1.278,1.278,212
2024-12-11,1.278,1.2782,1.2713,1.2765,1.2765,537
2024-12-12,1.2765,1.2788,1.2667,1.2677,1.2677,793
2024-12-13,1.2677,1.2679,1.2609,1.2618,1.2618,7114569
2024-12-14,1.2618,1.2622,1.2618,1.2622,1.2622,86070
2024-12-15,1.2619,1.2627,1.2612,1.2627,1.2627,13124
2024-12-16,1.2627,1.2698,1.2627,1.269,1.269,4167626
2024-12-17,1.269,1.2728,1.2666,1.271,1.271,4079276
2024-12-18,1.271,1.2722,1.2562,1.2567,1.2567,4887081
2024-12-19,1.2567,1.2667,1.2495,1.2497,1.2497,4995070
2024-12-20,1.2497,1.2614,1.2475,1.2566,1.2566,4629708
2024-12-21,1.2566,1.2568,1.2566,1.2566,1.2566,83870
2024-12-23,1.2574,1.2584,1.251,1.2533,1.2533,4713109
2024-12-24,1.2533,1.2574,1.2519,1.2538,1.2538,4708173
2024-12-25,1.2539,1.2554,1.2531,1.2544,1.2544,621230
2024-12-26,1.2544,1.2548,1.2501,1.2528,1.2528,5956362
2024-12-27,1.2528,1.2592,1.2505,1.2572,1.2572,7112719
2024-12-28,1.2573,1.2575,1.2572,1.2575,1.2575,83363
2024-12-29,1.2577,1.2587,1.2567,1.2578,1.2578,11270
2024-12-30,1.2578,1.2607,1.2507,1.2548,1.2548,4585654
2024-12-31,1.2548,1.2569,1.2506,1.2514,1.2514,5115863
2025-01-01,1.2516,1.2522,1.2506,1.252,1.252,152474
2025-01-02,1.252,1.254,1.2355,1.238,1.238,9859237
2025-01-03,1.238,1.2434,1.2378,1.2419,1.2419,8656463
2025-01-04,1.2419,1.2422,1.2419,1.2421,1.2421,77361
2025-01-05,1.2419,1.2434,1.2417,1.2425,1.2425,15229
2025-01-06,1.2425,1.2551,1.2418,1.251,1.251,6001528
2025-01-07,1.251,1.2575,1.2473,1.2477,1.2477,4517404
2025-01-08,1.2476,1.2494,1.2321,1.2358,1.2358,4998513
2025-01-09,1.2358,1.2365,1.2239,1.2298,1.2298,3570878
2025-01-10,1.2298,1.2322,1.2194,1.2207,1.2207,7588292
2025-01-11,1.2207,1.2207,1.2206,1.2207,1.2207,115491
2025-01-12,1.2207,1.2211,1.2189,1.2204,1.2204,790298
2025-01-13,1.2204,1.225,1.21,1.2232,1.2232,20603268
2025-01-14,1.2232,1.2246,1.2139,1.2211,1.2211,22499840
2025-01-15,1.221,1.2306,1.2163,1.2242,1.2242,24635307
2025-01-16,1.2243,1.226,1.2176,1.2235,1.2235,30737000
2025-01-17,1.2234,1.2244,1.2161,1.2163,1.2163,23349369
2025-01-18,1.2163,1.2165,1.2163,1.2163,1.2163,3962
2025-01-19,1.2163,1.2177,1.2161,1.2174,1.2174,773795
2025-01-20,1.2174,1.2344,1.2166,1.2332,1.2332,2114264
2025-01-21,1.2331,1.236,1.2229,1.2339,1.2339,25458874
2025-01-22,1.2339,1.2376,1.2307,1.2314,1.2314,26287111
2025-01-23,1.2314,1.2375,1.2293,1.2354,1.2354,26734091
2025-01-24,1.2354,1.2502,1.2348,1.2479,1.2479,26288478
2025-01-25,1.2479,1.2484,1.2479,1.2479,1.2479,2913
2025-01-26,1.2479,1.2482,1.2456,1.2458,1.2458,1206803
2025-01-27,1.2458,1.2523,1.2426,1.245,1.245,22498948
2025-01-28,1.2451,1.2465,1.2415,1.2441,1.2441,21808077
2025-01-29,1.2441,1.2463,1.2393,1.2455,1.2455,24413669
2025-01-30,1.2455,1.2476,1.2408,1.2423,1.2423,27003657
2025-01-31,1.2423,1.2471,1.2386,1.239,1.239,29018124
2025-02-01,1.239,1.2392,1.239,1.239,1.239,3328
2025-02-02,1.239,1.2391,1.2275,1.229,1.229,2158692
2025-02-03,1.229,1.2455,1.2249,1.2433,1.2433,29623995
2025-02-04,1.2433,1.2493,1.2379,1.2475,1.2475,18026793
2025-02-05,1.2476,1.255,1.2463,1.2501,1.2501,18933851
2025-02-06,1.2501,1.2509,1.2363,1.2434,1.2434,19751460
2025-02-07,1.2434,1.249,1.2377,1.2397,1.2397,21201659
2025-02-08,1.2397,1.24,1.2397,1.24,1.24,1370
2025-02-09,1.2409,1.2409,1.2372,1.2389,1.2389,1150980
2025-02-10,1.239,1.2422,1.2354,1.236,1.236,11378067
2025-02-11,1.236,1.2454,1.2333,1.2451,1.2451,16777273
2025-02-12,1.2452,1.2484,1.2378,1.2451,1.2451,23177482
2025-02-13,1.245,1.257,1.2443,1.2565,1.2565,26298154
2025-02-14,1.2565,1.263,1.255,1.2585,1.2585,19045867
2025-02-15,1.2585,1.2585,1.2585,1.2585,1.2585,3468
2025-02-16,1.2585,1.2591,1.2578,1.2584,1.2584,976939
2025-02-17,1.2584,1.2635,1.2579,1.2621,1.2621,13207811
2025-02-18,1.2621,1.264,1.2583,1.2624,1.2624,13938780
2025-02-19,1.2624,1.2635,1.2563,1.2583,1.2583,14524990
2025-02-20,1.2583,1.2674,1.258,1.2669,1.2669,13932420
2025-02-21,1.2669,1.2678,1.2625,1.2632,1.2632,11793762
2025-02-22,1.2632,1.2632,1.2631,1.2632,1.2632,1974
2025-02-23,1.2631,1.2658,1.263,1.2649,1.2649,855425
2025-02-24,1.2649,1.269,1.2612,1.2617,1.2617,14827497
2025-02-25,1.2617,1.2677,1.2606,1.2672,1.2672,13290295
2025-02-26,1.2672,1.2715,1.2636,1.2681,1.2681,13359708
2025-02-27,1.2681,1.2689,1.2596,1.2597,1.2597,12636640
2025-02-28,1.2597,1.2622,1.2559,1.2577,1.2577,20608538
2025-03-01,1.2577,1.2578,1.2577,1.2577,1.2577,3479
2025-03-02,1.2577,1.2608,1.257,1.2602,1.2602,703841
2025-03-03,1.2602,1.2722,1.2583,1.2702,1.2702,23604774
2025-03-04,1.2702,1.28,1.2679,1.2795,1.2795,27097058
2025-03-05,1.2796,1.2901,1.2768,1.289,1.289,26925922
2025-03-06,1.289,1.2924,1.2866,1.2884,1.2884,25740524
2025-03-07,1.2884,1.2945,1.2876,1.292,1.292,24447341
2025-03-08,1.292,1.2922,1.292,1.292,1.292,2676
2025-03-09,1.2922,1.2938,1.2899,1.2932,1.2932,804241
2025-03-10,1.2932,1.2947,1.2861,1.2875,1.2875,23241022
2025-03-11,1.2875,1.2966,1.2873,1.2944,1.2944,23030069
2025-03-12,1.2944,1.2988,1.2914,1.2964,1.2964,18868242
2025-03-13,1.2964,1.2973,1.2921,1.2957,1.2957,21048831
2025-03-14,1.2957,1.2959,1.2911,1.2932,1.2932,20303855
2025-03-15,1.2932,1.2934,1.2932,1.2934,1.2934,726
2025-03-16,1.2934,1.2936,1.2923,1.2927,1.2927,1076218
2025-03-17,1.2927,1.2999,1.2927,1.2984,1.2984,17482609
2025-03-18,1.2984,1.301,1.2952,1.3,1.3,16641681
2025-03-19,1.3,1.3012,1.2955,1.301,1.301,14063020
2025-03-20,1.301,1.3015,1.2936,1.2965,1.2965,16258545
2025-03-21,1.2965,1.2971,1.2888,1.2911,1.2911,17049749
2025-03-22,1.2911,1.2918,1.2911,1.2918,1.2918,1992
2025-03-23,1.2915,1.2926,1.2887,1.2925,1.2925,558253
2025-03-24,1.2925,1.2974,1.2896,1.2923,1.2923,19013553
2025-03-25,1.2923,1.2967,1.2902,1.2945,1.2945,18218077
2025-03-26,1.2945,1.2946,1.2871,1.2877,1.2877,19631714
2025-03-27,1.2877,1.2992,1.2877,1.2951,1.2951,18969659
2025-03-28,1.2951,1.2968,1.2923,1.2938,1.2938,14028993
2025-03-29,1.2941,1.2941,1.2938,1.2938,1.2938,4043
2025-03-30,1.2938,1.2943,1.2922,1.2938,1.2938,1503312
2025-03-31,1.2938,1.2973,1.2887,1.292,1.292,18924675
2025-04-01,1.292,1.2941,1.2879,1.2921,1.2921,15079273
2025-04-02,1.2921,1.3052,1.2901,1.3046,1.3046,19954393
2025-04-03,1.3046,1.3205,1.3026,1.3089,1.3089,21873923
2025-04-04,1.3089,1.3114,1.2853,1.2891,1.2891,22803966
2025-04-05,1.2891,1.2892,1.2887,1.289,1.289,1144
2025-04-06,1.2889,1.2932,1.2825,1.2909,1.2909,2952866
2025-04-07,1.2909,1.2934,1.2709,1.2733,1.2733,21737304
2025-04-08,1.2733,1.2814,1.2725,1.2786,1.2786,20854262
2025-04-09,1.2787,1.2863,1.2744,1.2825,1.2825,23259420
2025-04-10,1.2825,1.2997,1.2822,1.2991,1.2991,16182849
2025-04-11,1.2991,1.3145,1.2985,1.3085,1.3085,20378181
2025-04-12,1.308,1.3085,1.3077,1.3085,1.3085,3462
2025-04-13,1.308,1.3102,1.3063,1.3084,1.3084,1991094
2025-04-14,1.3084,1.3201,1.3084,1.3173,1.3173,19049639
2025-04-15,1.3173,1.3252,1.3164,1.3231,1.3231,18840874
2025-04-16,1.3231,1.3292,1.3214,1.3233,1.3233,15614716
2025-04-17,1.3233,1.3273,1.3203,1.3268,1.3268,18878826
2025-04-18,1.3268,1.3299,1.3258,1.3294,1.3294,24554195
2025-04-19,1.3294,1.3295,1.3294,1.3294,1.3294,3206
2025-04-20,1.3294,1.332,1.3273,1.3315,1.3315,1625040
2025-04-21,1.3315,1.3422,1.3315,1.338,1.338,19284058
2025-04-22,1.338,1.3424,1.3234,1.3273,1.3273,21770605
2025-04-23,1.3273,1.3339,1.325,1.3265,1.3265,23802765
2025-04-24,1.3265,1.3349,1.3259,1.3327,1.3327,28304288
2025-04-25,1.3327,1.3332,1.3274,1.3314,1.3314,15959129
2025-04-26,1.3314,1.3314,1.3314,1.3314,1.3314,894
2025-04-27,1.3314,1.3314,1.3288,1.329,1.329,589795
2025-04-28,1.329,1.3444,1.328,1.3435,1.3435,19825549
2025-04-29,1.3435,1.3442,1.338,1.3412,1.3412,18189268
2025-04-30,1.3412,1.3415,1.3309,1.3321,1.3321,18364040
2025-05-01,1.3321,1.3345,1.326,1.3286,1.3286,19265131
2025-05-02,1.3286,1.3331,1.3262,1.3264,1.3264,20257757
2025-05-03,1.3264,1.3266,1.3264,1.3264,1.3264,1512
2025-05-04,1.3265,1.3276,1.3257,1.327,1.327,603926
2025-05-05,1.327,1.3337,1.3262,1.3291,1.3291,20608054
2025-05-06,1.3291,1.3402,1.326,1.3352,1.3352,18980320
2025-05-07,1.3352,1.3377,1.328,1.329,1.329,21972806
2025-05-08,1.329,1.3356,1.3233,1.324,1.324,21285292
2025-05-09,1.324,1.3323,1.3212,1.3298,1.3298,20780953
2025-05-10,1.3298,1.3298,1.3298,1.3298,1.3298,1186
2025-05-11,1.3298,1.3304,1.3258,1.3285,1.3285,1416308
2025-05-12,1.3285,1.3299,1.314,1.3178,1.3178,20092250
2025-05-13,1.3178,1.3316,1.3174,1.3304,1.3304,18055767
2025-05-14,1.3304,1.336,1.3254,1.3264,1.3264,21253288
2025-05-15,1.3264,1.3319,1.3259,1.3303,1.3303,18259140
2025-05-16,1.3303,1.3333,1.3251,1.3277,1.3277,15900749
2025-05-17,1.3277,1.3281,1.3272,1.3272,1.3272,3935
2025-05-18,1.3278,1.3305,1.327,1.3305,1.3305,551356
2025-05-19,1.3305,1.3404,1.3291,1.3359,1.3359,21924670
2025-05-20,1.3359,1.3398,1.3335,1.3397,1.3397,17729426
2025-05-21,1.3397,1.3469,1.3389,1.3421,1.3421,25975628
2025-05-22,1.3421,1.3441,1.3391,1.342,1.342,17333010
2025-05-23,1.342,1.3542,1.3419,1.3534,1.3534,27355803
2025-05-24,1.3534,1.3535,1.3534,1.3535,1.3535,1420
2025-05-25,1.3535,1.3542,1.3522,1.3538,1.3538,1423814
2025-05-26,1.3538,1.3593,1.3536,1.3565,1.3565,13801990
2025-05-27,1.3566,1.3587,1.35,1.3514,1.3514,16634756
2025-05-28,1.3514,1.3522,1.3416,1.3428,1.3428,19705141
2025-05-29,1.3428,1.3507,1.3419,1.3499,1.3499,21513306
2025-05-30,1.3499,1.3511,1.3448,1.3451,1.3451,19476119
2025-05-31,1.3451,1.3456,1.3451,1.3452,1.3452,4066
2025-06-01,1.3457,1.3474,1.345,1.3469,1.3469,1113774
2025-06-02,1.3469,1.3559,1.3468,1.3557,1.3557,16708555
2025-06-03,1.3557,1.3558,1.3492,1.353,1.353,11773533
2025-06-04,1.3531,1.358,1.3501,1.3551,1.3551,16816982
2025-06-05,1.3551,1.3616,1.354,1.3579,1.3579,15720862
2025-06-06,1.3579,1.3585,1.3507,1.3521,1.3521,13901978
2025-06-07,1.3521,1.3524,1.3521,1.3522,1.3522,1776
2025-06-08,1.3523,1.354,1.3521,1.3537,1.3537,733267
2025-06-09,1.3537,1.3581,1.3525,1.3554,1.3554,13555957
2025-06-10,1.3554,1.3564,1.3457,1.3507,1.3507,15721210
2025-06-11,1.3508,1.3573,1.3464,1.3568,1.3568,17457990
2025-06-12,1.3568,1.363,1.3523,1.3629,1.3629,19901382
2025-06-13,1.3629,1.3632,1.3517,1.357,1.357,19527751
2025-06-14,1.357,1.3571,1.357,1.357,1.357,888
2025-06-15,1.357,1.357,1.3539,1.3549,1.3549,852120
2025-06-16,1.3549,1.3622,1.3534,1.3568,1.3568,18241944
2025-06-17,1.3568,1.358,1.3415,1.3429,1.3429,15758056
2025-06-18,1.3429,1.3476,1.3401,1.3414,1.3414,20591367
2025-06-19,1.3414,1.348,1.3383,1.3477,1.3477,17861748
2025-06-20,1.3477,1.3511,1.3441,1.3445,1.3445,18617346
2025-06-21,1.3445,1.3447,1.3445,1.3446,1.3446,1636
2025-06-22,1.3447,1.3449,1.3399,1.3435,1.3435,1605063
2025-06-23,1.3435,1.3555,1.3371,1.3545,1.3545,24247252
2025-06-24,1.3545,1.3648,1.3535,1.3615,1.3615,19957305
2025-06-25,1.3615,1.3692,1.3591,1.369,1.369,16117859
2025-06-26,1.369,1.3771,1.3677,1.3725,1.3725,19760739
2025-06-27,1.3725,1.3753,1.3683,1.3714,1.3714,21986533
2025-06-28,1.3714,1.3716,1.3714,1.3714,1.3714,796
2025-06-29,1.3717,1.3728,1.3705,1.3719,1.3719,1296050
2025-06-30,1.3719,1.3741,1.3675,1.3731,1.3731,22676414
2025-07-01,1.3731,1.3789,1.3704,1.3746,1.3746,24658733
2025-07-02,1.3746,1.3753,1.3563,1.3649,1.3649,22438830
2025-07-03,1.3649,1.3676,1.3586,1.3666,1.3666,22373230
2025-07-04,1.3666,1.3681,1.3635,1.364,1.364,17749657
2025-07-05,1.3639,1.3652,1.3638,1.3652,1.3652,2783
2025-07-06,1.3652,1.3661,1.363,1.3651,1.3651,1060375
2025-07-07,1.3651,1.3658,1.3575,1.3624,1.3624,22465228
2025-07-08,1.3624,1.3647,1.3526,1.3585,1.3585,23250541
2025-07-09,1.3585,1.362,1.3564,1.3598,1.3598,22123659
2025-07-10,1.3598,1.3619,1.3533,1.358,1.358,23846419
2025-07-11,1.358,1.3581,1.3482,1.3486,1.3486,20288727
2025-07-12,1.3486,1.3488,1.3485,1.3485,1.3485,1270
2025-07-13,1.3487,1.3499,1.3481,1.3496,1.3496,1663854
2025-07-14,1.3495,1.3504,1.3421,1.3428,1.3428,23213350
2025-07-15,1.3428,1.3467,1.3379,1.3393,1.3393,20457252
2025-07-16,1.3393,1.3482,1.3365,1.341,1.341,15713987
2025-07-17,1.341,1.3435,1.3375,1.3431,1.3431,15426351
2025-07-18,1.3431,1.3475,1.3404,1.3404,1.3404,12511245
2025-07-19,1.3404,1.3406,1.3404,1.3404,1.3404,2536
2025-07-20,1.3404,1.3433,1.3402,1.3415,1.3415,1412550
2025-07-21,1.3415,1.351,1.3402,1.3489,1.3489,19200504
2025-07-22,1.3489,1.3535,1.3462,1.3521,1.3521,20539424
2025-07-23,1.3521,1.3587,1.3515,1.3579,1.3579,17449920
2025-07-24,1.3579,1.3589,1.3503,1.3509,1.3509,18000074
2025-07-25,1.3509,1.3512,1.3417,1.3434,1.3434,17293968
2025-07-26,1.3434,1.3434,1.343,1.3434,1.3434,3019
2025-07-27,1.3433,1.3448,1.3425,1.3438,1.3438,1685539
2025-07-28,1.3438,1.3453,1.3351,1.336,1.336,18443465
2025-07-29,1.336,1.3364,1.3308,1.3354,1.3354,21705721
2025-07-30,1.3354,1.3385,1.3229,1.3256,1.3256,24682170
2025-07-31,1.3256,1.3282,1.3186,1.3208,1.3208,29364786
2025-08-01,1.3208,1.331,1.3141,1.3278,1.3278,25021717
2025-08-02,1.3278,1.328,1.3278,1.3278,1.3278,2036
2025-08-03,1.3278,1.3292,1.3265,1.3291,1.3291,1803448
2025-08-04,1.3291,1.3331,1.3254,1.3297,1.3297,25709888
2025-08-05,1.3298,1.3316,1.326,1.3299,1.3299,27982789
2025-08-06,1.3298,1.3368,1.3282,1.3358,1.3358,21414020
2025-08-07,1.3358,1.3453,1.3346,1.3451,1.3451,25469522
2025-08-08,1.3451,1.3459,1.3418,1.3449,1.3449,21147690
2025-08-09,1.3449,1.3449,1.3447,1.3449,1.3449,1516
2025-08-10,1.3448,1.3453,1.3432,1.3443,1.3443,997316
2025-08-11,1.3443,1.3477,1.34,1.3434,1.3434,20517542
2025-08-12,1.3434,1.3524,1.342,1.3504,1.3504,28056978
2025-08-13,1.3504,1.3586,1.3493,1.3585,1.3585,20206084
2025-08-14,1.3585,1.3595,1.3521,1.353,1.353,25071575
2025-08-15,1.353,1.3575,1.3527,1.355,1.355,19852828
2025-08-16,1.3551,1.3554,1.3551,1.3551,1.3551,3446
2025-08-17,1.3551,1.3568,1.3541,1.3556,1.3556,1149583
2025-08-18,1.3556,1.3565,1.3501,1.3508,1.3508,15661141
2025-08-19,1.3508,1.3531,1.3477,1.3485,1.3485,19420975
2025-08-20,1.3485,1.3509,1.3448,1.3466,1.3466,19268839
2025-08-21,1.3466,1.3483,1.3406,1.3418,1.3418,21008056
2025-08-22,1.3418,1.3544,1.3391,1.3523,1.3523,17951994
2025-08-23,1.3523,1.3527,1.3522,1.3522,1.3522,1499
2025-08-24,1.3523,1.3529,1.3508,1.3509,1.3509,1411340
2025-08-25,1.3509,1.3527,1.3446,1.3455,1.3455,15261375
2025-08-26,1.3455,1.3493,1.3435,1.3477,1.3477,22431838
2025-08-27,1.3477,1.3506,1.3417,1.3504,1.3504,19098175
2025-08-28,1.3504,1.3531,1.3483,1.3508,1.3508,22812339
2025-08-29,1.3508,1.3517,1.3446,1.3503,1.3503,21520578
2025-08-30,1.3503,1.3504,1.3503,1.3503,1.3503,1741
2025-08-31,1.3504,1.3509,1.3492,1.3503,1.3503,1171503
2025-09-01,1.3503,1.355,1.3502,1.3546,1.3546,17067412
2025-09-02,1.3546,1.3548,1.334,1.3382,1.3382,28755066
2025-09-03,1.3382,1.3458,1.3333,1.3441,1.3441,26781805
2025-09-04,1.3441,1.3459,1.3416,1.3444,1.3444,28321450
2025-09-05,1.3444,1.3554,1.3442,1.3506,1.3506,24217373
2025-09-06,1.3506,1.3506,1.3506,1.3506,1.3506,1706
2025-09-07,1.3506,1.3507,1.3482,1.3493,1.3493,2293683
2025-09-08,1.3493,1.3558,1.3484,1.3553,1.3553,26228835
2025-09-09,1.3553,1.3591,1.3518,1.3521,1.3521,30862791
2025-09-10,1.3521,1.3564,1.3514,1.3534,1.3534,21545617
2025-09-11,1.3534,1.3583,1.3494,1.3574,1.3574,27161704
2025-09-12,1.3574,1.3576,1.3524,1.3556,1.3556,25464162
2025-09-13,1.3556,1.3559,1.3556,1.3557,1.3557,616
2025-09-14,1.3556,1.3565,1.3547,1.3553,1.3553,1362277
2025-09-15,1.3553,1.362,1.3549,1.3602,1.3602,21402775
2025-09-16,1.3601,1.3672,1.3598,1.3653,1.3653,30157620
2025-09-17,1.3653,1.3726,1.3619,1.3629,1.3629,20713449
2025-09-18,1.3629,1.366,1.3534,1.3555,1.3555,27887084
2025-09-19,1.3555,1.3559,1.3463,1.3466,1.3466,23290446
2025-09-20,1.3466,1.3467,1.3466,1.3466,1.3466,830
2025-09-21,1.3467,1.3473,1.3463,1.3463,1.3463,1810938
2025-09-22,1.3463,1.3521,1.3453,1.3514,1.3514,18495272
2025-09-23,1.3514,1.3537,1.3487,1.3524,1.3524,17068708
2025-09-24,1.3524,1.3526,1.3427,1.3449,1.3449,20286412
2025-09-25,1.3449,1.3467,1.3324,1.3335,1.3335,21649709
2025-09-26,1.3335,1.3413,1.3329,1.3399,1.3399,15601638
2025-09-27,1.3399,1.3404,1.3399,1.3399,1.3399,1328
2025-09-28,1.3402,1.3411,1.3394,1.3407,1.3407,751326
2025-09-29,1.3408,1.3457,1.3407,1.3435,1.3435,14822417
2025-09-30,1.3435,1.3467,1.3413,1.3443,1.3443,17189070
2025-10-01,1.3443,1.3527,1.3435,1.3478,1.3478,17541878
2025-10-02,1.3478,1.351,1.3401,1.3446,1.3446,17529077
2025-10-03,1.3446,1.3486,1.3429,1.3478,1.3478,14401618
2025-10-04,1.3478,1.348,1.3478,1.3479,1.3479,1251
2025-10-05,1.3479,1.348,1.3423,1.3432,1.3432,2143362
2025-10-06,1.3432,1.349,1.3416,1.3484,1.3484,16432488
2025-10-07,1.3484,1.3484,1.3392,1.342,1.342,16734860
2025-10-08,1.342,1.3439,1.3371,1.34,1.34,21788344
2025-10-09,1.34,1.3419,1.328,1.3303,1.3303,22447932
2025-10-10,1.3303,1.337,1.3262,1.336,1.336,18609200
2025-10-11,1.336,1.336,1.3357,1.3358,1.3358,843
2025-10-12,1.3356,1.3358,1.3331,1.3336,1.3336,1236438
2025-10-13,1.3336,1.3366,1.3315,1.3332,1.3332,22046239
2025-10-14,1.3332,1.3352,1.3249,1.3322,1.3322,31825889
2025-10-15,1.3322,1.3408,1.332,1.3403,1.3403,26385457
2025-10-16,1.3403,1.3455,1.34,1.3444,1.3444,27889457
2025-10-17,1.3444,1.3471,1.3391,1.3424,1.3424,20359312
2025-10-18,1.3424,1.3427,1.3424,1.3426,1.3426,1082
2025-10-19,1.3426,1.3433,1.3421,1.3425,1.3425,1240160
2025-10-20,1.3425,1.3443,1.34,1.3404,1.3404,19460919
2025-10-21,1.3404,1.3416,1.3361,1.3365,1.3365,23062190
2025-10-22,1.3365,1.3387,1.3306,1.335,1.335,22263319
2025-10-23,1.3351,1.3357,1.3308,1.3327,1.3327,21332638
2025-10-24,1.3327,1.3359,1.3287,1.3304,1.3304,19352721
2025-10-25,1.3308,1.331,1.3304,1.3306,1.3306,1287
2025-10-26,1.3308,1.3328,1.3308,1.3321,1.3321,1569679
2025-10-27,1.3321,1.3353,1.3311,1.334,1.334,18002185
2025-10-28,1.334,1.337,1.3248,1.3278,1.3278,19631270
2025-10-29,1.3278,1.328,1.314,1.3195,1.3195,22837452
2025-10-30,1.3195,1.3219,1.3117,1.3159,1.3159,25315988
2025-10-31,1.3159,1.3165,1.3097,1.3151,1.3151,29959344
2025-11-01,1.3151,1.3151,1.3144,1.3144,1.3144,2806
2025-11-02,1.3144,1.3151,1.3125,1.3134,1.3134,1790561
2025-11-03,1.3134,1.3162,1.3109,1.3134,1.3134,24273926
2025-11-04,1.3135,1.3139,1.301,1.3021,1.3021,32534979
2025-11-05,1.3021,1.3054,1.301,1.3052,1.3052,28629418
2025-11-06,1.3052,1.3143,1.305,1.314,1.314,30575197
2025-11-07,1.314,1.3175,1.3095,1.3157,1.3157,30831270
2025-11-08,1.3157,1.316,1.3157,1.316,1.316,2753
2025-11-09,1.316,1.3164,1.314,1.3141,1.3141,1417725
2025-11-10,1.3141,1.3191,1.3137,1.3172,1.3172,30380317
2025-11-11,1.3172,1.3185,1.3117,1.3152,1.3152,34943819
2025-11-12,1.3152,1.3155,1.3085,1.3128,1.3128,31073666
2025-11-13,1.3128,1.3216,1.3101,1.3153,1.3153,39595734
2025-11-14,1.3153,1.3199,1.3108,1.3168,1.3168,32532362
2025-11-15,1.3168,1.3169,1.3168,1.3168,1.3168,861
2025-11-16,1.3169,1.3174,1.3156,1.3159,1.3159,1548641
2025-11-17,1.3159,1.3193,1.3136,1.3155,1.3155,29522848
2025-11-18,1.3156,1.3177,1.3134,1.3147,1.3147,34664781
2025-11-19,1.3147,1.3155,1.3044,1.306,1.306,32183096
2025-11-20,1.306,1.3124,1.3038,1.3083,1.3083,38648306
2025-11-21,1.3083,1.311,1.3039,1.3094,1.3094,39701534
2025-11-22,1.3094,1.3102,1.3094,1.3094,1.3094,1794
2025-11-23,1.3099,1.3104,1.3091,1.3096,1.3096,1109458
2025-11-24,1.3096,1.3118,1.3081,1.3106,1.3106,31034339
2025-11-25,1.3106,1.3215,1.3095,1.3158,1.3158,35070053
2025-11-26,1.3158,1.3247,1.3125,1.3245,1.3245,35712055
2025-11-27,1.3245,1.3269,1.321,1.324,1.324,26969975
2025-11-28,1.324,1.3255,1.32,1.3235,1.3235,41349857
2025-11-29,1.3234,1.3235,1.3233,1.3235,1.3235,241
2025-11-30,1.3234,1.3249,1.3225,1.3239,1.3239,1732125
2025-12-01,1.3239,1.3275,1.3205,1.3209,1.3209,36537518
2025-12-02,1.3209,1.3222,1.318,1.322,1.322,34952266
2025-12-03,1.322,1.3354,1.3218,1.3348,1.3348,30617058
2025-12-04,1.3348,1.3385,1.3321,1.3322,1.3322,31945124
2025-12-05,1.3322,1.3363,1.3317,1.3333,1.3333,28991440
2025-12-06,1.3333,1.3333,1.3329,1.3329,1.3329,2344
2025-12-07,1.3329,1.3333,1.3323,1.3326,1.3326,1565635
2025-12-08,1.3326,1.3347,1.3306,1.3327,1.3327,28002823
2025-12-09,1.3327,1.3356,1.3288,1.3303,1.3303,28116686
2025-12-10,1.3303,1.3392,1.3296,1.3389,1.3389,30666357
2025-12-11,1.3389,1.3438,1.335,1.3393,1.3393,33016060
2025-12-12,1.3393,1.34,1.3343,1.3372,1.3372,25667084
2025-12-13,1.3366,1.3375,1.3364,1.3372,1.3372,99
2025-12-14,1.3371,1.338,1.3364,1.3367,1.3367,1155693
2025-12-15,1.3367,1.3402,1.3355,1.3379,1.3379,29260713
2025-12-16,1.3379,1.3456,1.3355,1.3426,1.3426,33649561
2025-12-17,1.3426,1.3427,1.3312,1.3374,1.3374,30921956
2025-12-18,1.3374,1.3447,1.3341,1.3383,1.3383,31163437
2025-12-19,1.3383,1.3394,1.3357,1.3377,1.3377,28318640
2025-12-20,1.3376,1.3376,1.3376,1.3376,1.3376,2099
2025-12-21,1.3376,1.3387,1.3374,1.3379,1.3379,2155061
2025-12-22,1.3379,1.3478,1.3379,1.3468,1.3468,26821326
2025-12-23,1.3468,1.3524,1.3468,1.3513,1.3513,30208227
2025-12-24,1.3513,1.3534,1.3492,1.3503,1.3503,27327861
2025-12-25,1.3503,1.3524,1.3502,1.3508,1.3508,1935375
2025-12-26,1.3508,1.3527,1.3478,1.3499,1.3499,24069484
2025-12-27,1.3499,1.3499,1.3499,1.3499,1.3499,1411
2025-12-28,1.3499,1.3503,1.349,1.3497,1.3497,1501645
2025-12-29,1.3497,1.3516,1.3469,1.3509,1.3509,32312987
2025-12-30,1.3509,1.3531,1.345,1.3466,1.3466,30450962
2025-12-31,1.3466,1.3484,1.3402,1.3476,1.3476,26856495
2026-01-01,1.3476,1.3479,1.343,1.3474,1.3474,916834
2026-01-02,1.3474,1.3502,1.3434,1.3459,1.3459,26592429
2026-01-03,1.346,1.3461,1.346,1.3461,1.3461,2762
2026-01-04,1.3461,1.3461,1.3437,1.3438,1.3438,1203038
2026-01-05,1.3438,1.3548,1.3414,1.3533,1.3533,31814135
2026-01-06,1.3533,1.3568,1.3492,1.35,1.35,32904129
2026-01-07,1.35,1.3517,1.3456,1.3459,1.3459,29567893
2026-01-08,1.3459,1.3466,1.3416,1.3436,1.3436,31297364
2026-01-09,1.3436,1.3451,1.3393,1.3407,1.3407,27082873
2026-01-10,1.3407,1.341,1.3399,1.3409,1.3409,15311
2026-01-11,1.3405,1.3428,1.3392,1.3394,1.3394,888825
2026-01-12,1.3394,1.3486,1.3391,1.3466,1.3466,29326822
2026-01-13,1.3466,1.3495,1.3421,1.3426,1.3426,28894138
2026-01-14,1.3426,1.3464,1.342,1.344,1.344,24075502
2026-01-15,1.344,1.3445,1.3363,1.3381,1.3381,26868840
2026-01-16,1.3381,1.3413,1.3367,1.3372,1.3372,21668126
2026-01-17,1.3375,1.3382,1.3344,1.3381,1.3381,18736
2026-01-18,1.3381,1.3407,1.3333,1.3402,1.3402,1636136
2026-01-19,1.3402,1.3435,1.3382,1.3419,1.3419,15075307
2026-01-20,1.3419,1.3491,1.3411,1.3441,1.3441,30640385
2026-01-21,1.344,1.3459,1.3402,1.3418,1.3418,24125042
2026-01-22,1.3418,1.3509,1.3402,1.35,1.35,26305973
2026-01-23,1.35,1.3647,1.3483,1.3644,1.3644,24373602
2026-01-24,1.3643,1.3648,1.3619,1.3635,1.3635,18664
2026-01-25,1.3634,1.3683,1.361,1.3664,1.3664,1460664
2026-01-26,1.3664,1.3713,1.3643,1.3675,1.3675,29088976
2026-01-27,1.3675,1.3868,1.3664,1.3827,1.3827,34176343
2026-01-28,1.3827,1.3831,1.375,1.3825,1.3825,32218210
2026-01-29,1.3825,1.3848,1.3743,1.3808,1.3808,36550356
2026-01-30,1.3808,1.3814,1.368,1.3689,1.3689,33887749
2026-01-31,1.3689,1.37,1.3684,1.3694,1.3694,18439
2026-02-01,1.369,1.3719,1.3663,1.3676,1.3676,1910627
2026-02-02,1.3676,1.3715,1.3623,1.3673,1.3673,36431266
2026-02-03,1.3673,1.3707,1.3651,1.3697,1.3697,33434518
2026-02-04,1.3697,1.3733,1.3643,1.3646,1.3646,28156809
2026-02-05,1.3646,1.3654,1.3518,1.3521,1.3521,35319589
2026-02-06,1.3521,1.3623,1.3509,1.3611,1.3611,25472228
2026-02-07,1.3611,1.3613,1.361,1.3611,1.3611,5884
2026-02-08,1.361,1.3611,1.3588,1.361,1.361,1315079
2026-02-09,1.361,1.37,1.3587,1.3683,1.3683,27975662
2026-02-10,1.3683,1.3697,1.3632,1.3633,1.3633,25318387
2026-02-11,1.3633,1.3712,1.361,1.3623,1.3623,26433101
2026-02-12,1.3623,1.3671,1.3605,1.3619,1.3619,30381375
2026-02-13,1.3619,1.366,1.3591,1.3653,1.3653,24869612
2026-02-14,1.3653,1.3656,1.3647,1.3647,1.3647,8851
2026-02-15,1.365,1.3653,1.364,1.3647,1.3647,1454857
2026-02-16,1.3647,1.3662,1.3623,1.3627,1.3627,16709243
2026-02-17,1.3627,1.3629,1.3496,1.3563,1.3563,30849689
2026-02-18,1.3563,1.3582,1.3492,1.3495,1.3495,23695138
2026-02-19,1.3495,1.3517,1.3434,1.346,1.346,28119236
2026-02-20,1.346,1.3515,1.3435,1.3482,1.3482,29893343
2026-02-21,1.3481,1.3492,1.3478,1.3492,1.3492,17871
2026-02-22,1.3489,1.3533,1.3472,1.3532,1.3532,1709737
2026-02-23,1.3532,1.3535,1.3476,1.3496,1.3496,24273447
2026-02-24,1.3496,1.3536,1.347,1.3496,1.3496,23706228
2026-02-25,1.3496,1.3566,1.3491,1.3558,1.3558,21075431
2026-02-26,1.3558,1.3575,1.3445,1.3491,1.3491,23836558
2026-02-27,1.3491,1.3508,1.344,1.3484,1.3484,24254486
2026-02-28,1.3484,1.3489,1.3483,1.3488,1.3488,99801
2026-03-01,1.3489,1.3489,1.3403,1.3406,1.3406,2258824
2026-03-02,1.3406,1.3456,1.3315,1.3409,1.3409,28230755
2026-03-03,1.3409,1.3425,1.3253,1.3352,1.3352,41983491
2026-03-04,1.3352,1.3403,1.3304,1.337,1.337,27832885
2026-03-05,1.3369,1.3387,1.3298,1.3356,1.3356,37916738
2026-03-06,1.3357,1.3414,1.3312,1.341,1.341,37026422
2026-03-07,1.341,1.3417,1.3394,1.3403,1.3403,432922
2026-03-08,1.3403,1.3415,1.33,1.3306,1.3306,2876654
2026-03-09,1.3306,1.3447,1.3283,1.3424,1.3424,34601523
2026-03-10,1.3424,1.3483,1.341,1.3419,1.3419,32936173
2026-03-11,1.3419,1.3457,1.3377,1.3382,1.3382,24605998
2026-03-12,1.3382,1.341,1.3336,1.3352,1.3352,30056642
2026-03-13,1.3353,1.337,1.3211,1.3218,1.3218,33625554
2026-03-14,1.3218,1.3369,1.3215,1.3236,1.3236,435663
2026-03-15,1.3229,1.3275,1.3191,1.3247,1.3247,2530516
2026-03-16,1.3247,1.334,1.3231,1.3313,1.3313,22424817
2026-03-17,1.3313,1.3365,1.3274,1.3358,1.3358,26292167
2026-03-18,1.3358,1.3375,1.3251,1.3264,1.3264,28755727
2026-03-19,1.3264,1.3467,1.3246,1.3425,1.3425,35644777
2026-03-20,1.3425,1.3437,1.3299,1.3336,1.3336,24292592
2026-03-21,1.3336,1.3349,1.3331,1.3333,1.3333,433002
2026-03-22,1.3333,1.3351,1.33,1.3332,1.3332,1672828
2026-03-23,1.3333,1.3479,1.3257,1.3426,1.3426,41800310
2026-03-24,1.3426,1.3445,1.3353,1.3415,1.3415,37429821
2026-03-25,1.3416,1.3436,1.3358,1.3363,1.3363,31480893
2026-03-26,1.3363,1.3378,1.331,1.3335,1.3335,29440733
2026-03-27,1.3335,1.3347,1.3252,1.3262,1.3262,23402847
2026-03-28,1.3263,1.3268,1.3261,1.3261,1.3261,149909
2026-03-29,1.3271,1.3349,1.3235,1.3264,1.3264,871
2026-03-30,1.3238,1.3282,1.3169,1.3172,1.3172,33028668
2026-03-31,1.3172,1.3264,1.316,1.3243,1.3243,33052137
2026-04-01,1.3243,1.3347,1.322,1.3302,1.3302,37044699
2026-04-02,1.3302,1.332,1.3182,1.3231,1.3231,27714984
2026-04-03,1.3231,1.3243,1.319,1.3199,1.3199,12782283
2026-04-04,1.3198,1.32,1.3192,1.3193,1.3193,88437
2026-04-05,1.3196,1.321,1.3156,1.3187,1.3187,2425506
2026-04-06,1.3187,1.3268,1.3186,1.3234,1.3234,24733027
2026-04-07,1.3234,1.3409,1.3212,1.3401,1.3401,29748651
2026-04-08,1.34,1.3484,1.338,1.3393,1.3393,35176236
2026-04-09,1.3393,1.3458,1.3381,1.343,1.343,29143292
2026-04-10,1.343,1.3479,1.3411,1.3454,1.3454,22607043
2026-04-11,1.3455,1.3464,1.3452,1.3459,1.3459,436775
2026-04-12,1.3463,1.3467,1.3381,1.3394,1.3394,2933992
2026-04-13,1.3394,1.3516,1.3386,1.3516,1.3516,25997350
2026-04-14,1.3516,1.359,1.3504,1.3575,1.3575,26830384
2026-04-15,1.3575,1.3579,1.3544,1.3573,1.3573,21996656
2026-04-16,1.3573,1.3595,1.3517,1.3526,1.3526,19520487
2026-04-17,1.3529,1.3601,1.3503,1.3517,1.3517,0
2026-04-18,1.3522,1.3522,1.3516,1.3518,1.3518,117746
2026-04-19,1.3517,1.3528,1.3475,1.3483,1.3483,2629102
2026-04-20,1.3514,1.3546,1.3474,1.3535,1.3535,0
2026-04-21,1.3534,1.3543,1.3474,1.3509,1.3509,0
2026-04-22,1.3504,1.3537,1.3491,1.3503,1.3503,0
2026-04-23,1.3504,1.352,1.3446,1.3468,1.3468,0
2026-04-24,1.3466,1.3539,1.3452,1.3533,1.3533,0
2026-04-25,1.3532,1.3535,1.3531,1.3533,1.3533,171468
2026-04-26,1.3535,1.3535,1.3493,1.3514,1.3514,1538662
2026-04-27,1.3502,1.3578,1.3502,1.3533,1.3533,0
2026-04-28,1.3535,1.3543,1.3462,1.3518,1.3518,0
2026-04-29,1.3518,1.353,1.3457,1.3476,1.3476,0
2026-04-30,1.3475,1.3613,1.3453,1.3605,1.3605,0
2026-05-01,1.3605,1.366,1.3567,1.3576,1.3576,0
2026-05-02,1.3574,1.3591,1.3574,1.3576,1.3576,454761
2026-05-03,1.3576,1.3606,1.3572,1.3581,1.3581,1945425
2026-05-04,1.3579,1.3606,1.3511,1.3532,1.3532,0
2026-05-05,1.3535,1.358,1.3512,1.3542,1.3542,0
2026-05-06,1.3545,1.3645,1.3535,1.3592,1.3592,0
2026-05-07,1.3595,1.3634,1.3548,1.3552,1.3552,0
2026-05-08,1.3556,1.3639,1.3545,1.3634,1.3634,0
2026-05-09,1.3632,1.3633,1.3628,1.363,1.363,454601
2026-05-10,1.3556,1.3598,1.3556,1.3594,1.3594,0
2026-05-11,1.3615,1.3655,1.3562,1.3611,1.3611,0
2026-05-12,1.3615,1.3617,1.35,1.3539,1.3539,0
2026-05-13,1.3541,1.3553,1.3484,1.3523,1.3523,0
2026-05-14,1.3523,1.3534,1.3394,1.3402,1.3402,0
2026-05-15,1.3404,1.3412,1.3314,1.3325,1.3325,0
2026-05-17,1.3325,1.333,1.3308,1.331,1.331,0
2026-05-18,1.3323,1.3451,1.3302,1.3434,1.3434,0
2026-05-19,1.3434,1.3441,1.3377,1.3396,1.3396,0
2026-05-20,1.3396,1.3464,1.3374,1.3435,1.3435,0
2026-05-21,1.3436,1.3456,1.339,1.3432,1.3432,0
2026-05-22,1.3432,1.3465,1.3413,1.343,1.343,0
2026-05-24,1.346,1.3489,1.3449,1.3482,1.3482,0
2026-05-25,1.3453,1.3511,1.3447,1.3503,1.3503,0
2026-05-26,1.3503,1.3514,1.3433,1.3447,1.3447,0
2026-05-27,1.3446,1.3462,1.3415,1.3428,1.3428,0
2026-05-28,1.3427,1.3451,1.3366,1.3445,1.3445,0
2026-05-29,1.3447,1.3487,1.3407,1.3461,1.3461,0
2026-05-31,1.3458,1.3472,1.3446,1.3451,1.3451,0
2026-06-01,1.3468,1.3478,1.3406,1.3453,1.3453,0
2026-06-02,1.3453,1.3483,1.3446,1.3466,1.3466,0
2026-06-03,1.3466,1.3476,1.3411,1.3418,1.3418,0
2026-06-04,1.3418,1.3464,1.341,1.3425,1.3425,0
2026-06-05,1.3426,1.3485,1.3329,1.3341,1.3341,0
2026-06-07,1.3333,1.3338,1.3317,1.3335,1.3335,0
2026-06-08,1.3341,1.3371,1.3305,1.334,1.334,0
2026-06-09,1.334,1.3412,1.3329,1.3379,1.3379,0
2026-06-10,1.3372,1.3423,1.3369,1.3372,1.3372,0
2026-06-11,1.3366,1.3392,1.3326,1.3362,1.3362,0
2026-06-12,1.3412,1.3426,1.3385,1.3414,1.3414,0
2026-06-14,1.3408,1.3455,1.3405,1.3449,1.3449,0
2026-06-15,1.3453,1.3461,1.3418,1.345,1.345,0
2026-06-16,1.3417,1.3441,1.3392,1.3416,1.3416,0
2026-06-17,1.3425,1.3435,1.3389,1.3426,1.3426,0
2026-06-18,1.3305,1.3326,1.3207,1.3301,1.3301,0
2026-06-19,1.3206,1.3242,1.3164,1.3202,1.3202,0
2026-06-20,1.3234,1.3237,1.3234,1.3237,1.3237,0
2026-06-21,1.3234,1.3237,1.3183,1.32,1.32,0
2026-06-22,1.3208,1.3272,1.3185,1.3208,1.3208,0
2026-06-23,1.3246,1.325,1.3186,1.3247,1.3247,0
2026-06-24,1.3201,1.3209,1.3143,1.32,1.32,0
2026-06-25,1.3163,1.3217,1.3153,1.3167,1.3167,0
2026-06-26,1.319,1.3232,1.3181,1.3188,1.3188,0
2026-06-28,1.3206,1.3209,1.3194,1.3203,1.3203,0
2026-06-29,1.3196,1.3256,1.3195,1.3197,1.3197,0
2026-06-30,1.3253,1.3276,1.3215,1.3254,1.3254,0
2026-07-01,1.325,1.329,1.3222,1.3251,1.3251,0
2026-07-02,1.3279,1.3385,1.3276,1.3279,1.3279,0
2026-07-03,1.334,1.3382,1.3335,1.3339,1.3339,0
2026-07-04,1.3351,1.3351,1.335,1.335,1.335,0
2026-07-05,1.3351,1.3356,1.3349,1.3353,1.3353,0
2026-07-06,1.3351,1.3368,1.333,1.3353,1.3353,0
2026-07-07,1.3395,1.3402,1.3362,1.3398,1.3398,0
2026-07-08,1.3345,1.3378,1.3324,1.3349,1.3349,0
2026-07-09,1.3394,1.343,1.3385,1.3396,1.3396,0
2026-07-10,1.3414,1.3452,1.3401,1.3416,1.3416,0
2026-07-12,1.3401,1.3401,1.3385,1.3388,1.3388,0
2026-07-13,1.3387,1.3411,1.3367,1.3387,1.3387,0
2026-07-14,1.3351,1.3437,1.3343,1.3348,1.3348,0
2026-07-15,1.3395,1.3498,1.3383,1.3397,1.3397,0
2026-07-16,1.3539,1.3545,1.3481,1.3541,1.3541,0
2026-07-17,1.3479,1.3483,1.3427,1.3479,1.3479,0
2026-07-18,1.3452,1.3452,1.3452,1.3452,1.3452,0
2026-07-19,1.3452,1.3453,1.3439,1.3446,1.3446,0
2026-07-20,1.3444,1.3481,1.3415,1.3446,1.3446,0
2026-07-21,1.3432,1.3455,1.3361,1.3432,1.3432,0
2026-07-22,1.3379,1.3393,1.3357,1.3379,1.3379,0
2026-07-23,1.3376,1.3394,1.3301,1.3375,1.3375,0
2026-07-24,1.3313,1.3349,1.3307,1.3313,1.3313,0
2026-07-25,1.3321,1.3321,1.3321,1.3321,1.3321,0
2026-07-26,1.3321,1.3347,1.3321,1.3336,1.3336,0
2026-07-27,1.3353,1.3364,1.33,1.3351,1.3351,0
2026-07-28,1.3289,1.3311,1.3273,1.329,1.329,0
2026-07-29,1.3284,1.3309,1.328,1.3287,1.3287,0
2026-07-30,1.3369,1.3463,1.3333,1.3367,1.3367,0
2026-07-31,1.3461,1.3472,1.3404,1.3461,1.3461,0
2026-08-01,1.3482,1.3482,1.3482,1.3482,1.3482,0
2026-08-02,1.3482,1.3497,1.348,1.3488,1.3488,0
2026-08-03,1.3489,1.3501,1.3425,1.3492,1.3492,0
2026-08-04,1.3428,1.3457,1.342,1.3427,1.3427,0
2026-08-05,1.3452,1.3485,1.3444,1.3451,1.3451,0
2026-08-06,1.3468,1.3479,1.3452,1.347,1.347,0
2026-08-07,1.3454,1.3508,1.3435,1.3455,1.3455,0
2026-08-08,1.3492,1.3492,1.3492,1.3492,1.3492,0
2026-08-09,1.3492,1.3504,1.3486,1.3494,1.3494,0
2026-08-10,1.3489,1.353,1.3484,1.3491,1.3491,0
2026-08-11,1.3511,1.3517,1.3493,1.3511,1.3511,0
2026-08-12,1.3509,1.354,1.3502,1.351,1.351,0
2026-08-13,1.3499,1.3513,1.3476,1.3498,1.3498,0
2026-08-14,1.3492,1.356,1.3489,1.3491,1.3491,0

