Date,Open,High,Low,Close,Adjusted_close,Volume
2015-01-02,870.0007,874.5007,859.5007,864.5007,262.3632,7643306
2015-01-05,860.0007,870.5007,844.0007,853.5007,259.0249,15802756
2015-01-06,853.5007,861.0007,839.8607,854.0007,259.1766,18523645
2015-01-07,860.0007,863.5007,853.0007,859.5007,260.8458,16098288
2015-01-08,868.0007,886.5007,865.5007,882.0007,267.6742,20458977
2015-01-09,882.0007,885.0007,856.0007,862.0007,261.6045,15340743
2015-01-12,862.5007,873.5007,858.5007,868.5007,263.5771,10444826
2015-01-13,850.0007,868.5435,849.8307,862.5007,261.7562,20192510
2015-01-14,845.5007,857.8582,844.9007,852.5007,258.7214,25906009
2015-01-15,858.5007,862.5007,841.5007,853.0007,258.8731,30508178
2015-01-16,850.0007,863.5007,832.1326,861.0007,261.301,17625266
2015-01-19,860.0007,873.5007,860.0007,869.5007,263.8806,14314616
2015-01-20,873.5007,885.0007,869.5007,882.5007,267.8259,12686746
2015-01-21,884.5007,893.0007,880.5007,892.0007,270.709,16597967
2015-01-22,892.0007,901.5008,876.5007,899.0008,272.8334,20481103
2015-01-23,901.0008,904.5008,895.5008,902.0008,273.7439,14729905
2015-01-26,900.0008,907.5008,897.0008,903.0008,274.0474,12475747
2015-01-27,900.0008,903.0008,878.0007,879.0007,266.7637,19248477
2015-01-28,883.5007,884.5007,858.5007,882.5007,267.8259,18713969
2015-01-29,880.5007,890.0007,878.0007,887.5007,269.3434,15793824
2015-01-30,890.0007,898.5008,884.0007,891.5007,270.5573,18180682
2015-02-02,886.0007,889.6507,871.0007,884.0007,268.2812,20348993
2015-02-03,887.5007,899.5008,884.0007,894.0008,271.316,17820925
2015-02-04,892.5007,900.0008,885.5007,899.5008,272.9852,21928476
2015-02-05,893.0007,922.0008,888.0007,918.0008,278.5997,22313526
2015-02-06,917.5008,925.4508,908.0008,912.0008,276.7788,22539524
2015-02-09,905.5008,921.5726,896.5008,902.0008,273.7439,22682628
2015-02-10,904.5008,919.5008,903.0008,918.0008,278.5997,16070561
2015-02-11,914.5008,919.5008,901.5008,905.0008,274.6544,14067609
2015-02-12,900.5008,915.7155,897.0008,905.0008,274.6544,24592993
2015-02-13,880.0007,950.0808,873.0007,944.5008,286.642,65404119
2015-02-16,935.0008,943.5008,929.5508,936.5008,284.2141,18432287
2015-02-17,932.5008,941.5008,916.3829,922.5008,279.9654,26520673
2015-02-18,923.0008,936.5008,915.1008,934.5008,283.6072,20794912
2015-02-19,950.0008,970.0008,938.2508,962.0008,291.953,34290815
2015-02-20,955.0008,964.0008,953.0008,956.0008,290.1321,38375811
2015-02-23,960.5008,961.7808,947.0008,950.0008,288.3112,35343973
2015-02-24,950.0008,950.0008,930.5008,936.5008,284.2141,26028649
2015-02-25,937.5008,945.753,933.0008,939.0008,284.9729,13082394
2015-02-26,937.5008,947.3908,936.5008,943.5008,286.3385,14195977
2015-02-27,942.0008,958.5008,937.0008,949.0008,288.0077,23347204
2015-03-02,947.0008,950.0008,930.5008,934.5008,283.6072,23892715
2015-03-03,934.0008,948.5008,929.5008,937.0008,284.3659,24437576
2015-03-04,936.5008,951.4258,936.5008,950.0008,288.3112,23279030
2015-03-05,955.0008,988.5008,952.6258,985.0008,298.9332,27804682
2015-03-06,982.5008,998.1008,982.0758,987.0008,299.5402,27845295
2015-03-09,983.0008,1001.2508,982.0008,995.5008,302.1198,27093789
2015-03-10,990.5008,1000.2508,973.0008,973.0008,295.2914,18845776
2015-03-11,973.5008,979.8758,970.5008,976.0008,296.2018,15063415
2015-03-12,980.0008,1002.0008,967.0008,970.0008,294.3809,18941350
2015-03-13,974.0008,977.5008,962.0008,969.5008,294.2292,21039873
2015-03-16,972.5008,973.0008,960.5008,970.5008,294.5327,15228827
2015-03-17,970.0008,976.0508,921.0827,966.5008,293.3187,17977268
2015-03-18,965.0008,986.0008,964.5758,984.0008,298.6297,13821120
2015-03-19,987.5008,994.5008,981.0008,982.5008,298.1745,11139821
2015-03-20,982.5008,990.0008,975.0008,987.5008,299.6919,15439328
2015-03-23,987.0008,993.5008,978.0008,987.0008,299.5402,11432800
2015-03-24,986.5008,999.0008,981.0008,988.5008,299.9954,18524682
2015-03-25,988.0008,991.6943,976.5008,981.0008,297.7193,11317850
2015-03-26,972.5008,980.0008,958.6656,962.0008,291.953,22222011
2015-03-27,960.5008,970.5008,944.5008,947.5008,287.5525,20860276
2015-03-30,956.5008,969.0008,950.0008,961.5008,291.8013,13202394
2015-03-31,959.0008,972.0008,952.5008,953.0008,289.2217,17010943
2015-04-01,938.5008,956.8758,935.2393,950.0008,288.3112,16915902
2015-04-02,947.5008,951.2508,939.3124,943.5008,286.3385,14553251
2015-04-07,949.5008,954.5008,946.5008,952.0008,288.9182,13549049
2015-04-08,950.0008,956.7508,943.5008,944.0008,286.4903,12222926
2015-04-09,951.0008,953.5008,941.5008,950.0008,288.3112,14232519
2015-04-10,952.5008,976.5008,951.7008,975.0008,295.8983,13901393
2015-04-13,972.5008,975.1258,959.0008,969.0008,294.0774,10966547
2015-04-14,964.5008,976.0008,964.5008,973.5008,295.4431,10608466
2015-04-15,976.5008,989.0508,973.5008,986.5008,299.3884,14288640
2015-04-16,991.0008,991.0008,971.0008,980.0008,297.4158,16021660
2015-04-17,979.0008,1003.5008,971.0008,978.5008,296.9605,20290031
2015-04-20,978.5008,990.0008,976.5008,982.0008,298.0227,11951246
2015-04-21,983.0008,1014.0009,983.0008,1007.0008,305.6099,17927071
2015-04-22,1044.0009,1061.0009,1035.0009,1048.0009,318.0528,43671497
2015-04-23,1053.0009,1056.0009,1031.0009,1035.0009,318.3915,23386091
2015-04-24,1038.0009,1051.0009,1038.0009,1050.0009,323.0058,26792295
2015-04-27,1049.0009,1058.0009,1036.0009,1054.0009,324.2363,18775492
2015-04-28,1048.0009,1049.0009,1033.0009,1038.0009,319.3143,22127236
2015-04-29,1043.0009,1051.0009,1028.6609,1030.0009,316.8533,22069803
2015-04-30,1030.0009,1047.0009,1023.0009,1046.0009,321.7753,22070578
2015-05-01,1044.0009,1045.0009,1030.6609,1043.0009,320.8525,8375501
2015-05-05,1060.0009,1061.0009,1035.0009,1035.0009,318.3915,21972349
2015-05-06,1031.0009,1040.3409,1016.0009,1023.0009,314.7,34453884
2015-05-07,1020.0009,1025.0009,994.5008,1017.0009,312.8542,28881085
2015-05-08,1030.0009,1039.0809,1016.0009,1030.0009,316.8533,18557261
2015-05-11,1023.0009,1030.3409,1013.6609,1020.0009,313.7771,12527290
2015-05-12,1018.0009,1023.0009,999.3308,1005.0008,309.1627,12272520
2015-05-13,1005.0008,1014.0009,1000.0008,1005.0008,309.1627,12331127
2015-05-14,1006.0008,1015.0009,1000.0008,1013.0009,311.6237,7262431
2015-05-15,1014.0009,1020.0009,1006.0008,1013.0009,311.6237,9857123
2015-05-18,1012.0008,1020.0009,1002.0008,1010.0008,310.7008,13050541
2015-05-19,1012.0008,1021.0009,1003.0008,1009.0008,310.3932,17801328
2015-05-20,1013.0009,1018.0009,1003.0008,1004.0008,308.8551,12757306
2015-05-21,1001.0008,1013.0009,996.5008,1011.0008,311.0085,11990792
2015-05-22,1010.0008,1025.0009,1005.0008,1019.0009,313.4695,8849197
2015-05-26,1019.0009,1022.0009,1005.0008,1009.0008,310.3932,10460492
2015-05-27,1007.0008,1021.0009,1004.0308,1018.0009,313.1618,10844077
2015-05-28,1014.0009,1023.0009,1011.0008,1015.0009,312.239,8063351
2015-05-29,1015.0009,1015.0009,993.0008,998.0008,307.0094,16729844
2015-06-01,997.5008,1007.2808,994.0008,997.5008,306.8555,13444439
2015-06-02,1003.0008,1003.0008,982.2009,987.0008,303.6255,11592016
2015-06-03,990.0008,995.0008,980.5008,987.0008,303.6255,10687439
2015-06-04,985.0008,989.5008,967.5008,972.5008,299.1649,15329612
2015-06-05,969.0008,977.0008,963.0008,971.5008,298.8573,13507402
2015-06-08,969.0008,972.0008,962.0008,965.5008,297.0116,11446936
2015-06-09,965.0008,969.5008,955.5008,962.0008,295.9349,10509856
2015-06-10,961.5008,986.3158,955.5008,984.0008,302.7026,13227192
2015-06-11,982.0008,996.0008,979.3708,981.5008,301.9335,13415182
2015-06-12,976.5008,980.5008,964.0008,970.0008,298.3959,10795850
2015-06-15,964.5008,969.3908,944.5008,945.0008,290.7052,14449433
2015-06-16,943.5008,944.6008,930.3708,941.5008,289.6286,20092095
2015-06-17,942.0008,947.0008,917.0008,918.5008,282.5532,19163512
2015-06-18,916.0008,918.2608,903.8708,909.0008,279.6308,23739528
2015-06-19,915.0008,918.0008,906.0008,906.0008,278.7079,36878323
2015-06-22,919.0008,920.5008,908.5008,914.0008,281.1689,14769385
2015-06-23,915.5008,921.0008,908.5008,911.5008,280.3998,18075835
2015-06-24,910.0008,919.0008,908.0008,908.0008,279.3231,21446610
2015-06-25,906.0008,913.9008,902.0008,903.5008,277.9388,16424402
2015-06-26,901.5008,903.0008,889.0007,898.0008,276.2469,14835909
2015-06-29,878.0007,898.0008,878.0007,892.0007,274.4011,17105966
2015-06-30,887.5007,890.5007,870.0007,870.0007,267.6334,36017170
2015-07-01,875.5007,894.0008,872.3707,890.0007,273.7859,25694506
2015-07-02,890.0007,893.0007,873.5007,876.5007,269.633,18872212
2015-07-03,873.5007,874.0557,855.5007,856.5007,263.4805,14502326
2015-07-06,774.0006,806.5007,771.9006,802.5007,246.8687,95760738
2015-07-07,796.0007,797.1007,748.5006,759.5006,233.6409,87572821
2015-07-08,763.5006,770.5006,754.2006,758.5006,233.3333,33454781
2015-07-09,761.0006,761.5006,748.0006,757.0006,232.8718,50854160
2015-07-10,762.0006,770.0006,755.0006,769.0006,236.5633,20961576
2015-07-13,775.0007,781.5007,765.0006,778.0007,239.3319,24919877
2015-07-14,777.5007,780.0007,773.0006,778.0007,239.3319,19299023
2015-07-15,780.0007,785.6507,775.5007,781.5007,240.4086,18804446
2015-07-16,779.0007,787.0007,771.5006,782.0007,240.5624,19276428
2015-07-17,781.5007,786.836,778.5007,780.0007,239.9472,19901722
2015-07-20,784.0007,787.8907,780.0007,783.0007,240.8701,12467780
2015-07-21,785.0007,786.1257,763.0006,765.5006,235.4866,26164745
2015-07-22,765.0006,766.5006,752.0006,760.5006,233.9485,39167231
2015-07-23,764.5006,764.5006,752.3156,753.5006,231.7951,17370930
2015-07-24,751.5006,760.3156,736.0006,736.0006,226.4117,10601481
2015-07-27,732.0006,738.5006,717.5006,718.0006,220.8745,15937975
2015-07-28,721.0006,736.0006,718.8206,735.0006,226.1041,19884168
2015-07-29,740.0006,747.0006,730.5006,730.5006,224.7198,20965507
2015-07-30,745.0006,757.0006,733.0006,749.5006,230.5646,25413154
2015-07-31,749.0006,800.0007,746.5006,794.0007,244.2539,39788297
2015-08-03,799.0007,849.0007,795.0007,841.0007,258.7123,53204610
2015-08-04,837.5007,842.0007,817.0007,824.0007,253.4827,23967571
2015-08-05,830.5007,833.5007,802.3307,817.5007,251.4831,28564074
2015-08-06,822.0007,825.5107,806.8357,817.5007,251.4831,12968666
2015-08-07,814.0007,818.0007,803.3357,804.0007,247.3302,22196951
2015-08-10,809.0007,814.5007,798.5007,807.5007,248.4069,10556920
2015-08-11,808.5007,810.5007,797.0007,798.0007,245.4844,15051439
2015-08-12,791.5007,802.5007,790.4957,800.0007,246.0997,28500546
2015-08-13,810.0007,814.5007,794.0007,798.0007,245.4844,13985395
2015-08-14,799.5007,804.0007,796.0007,797.5007,245.3306,19412405
2015-08-17,803.5007,809.5007,793.5007,796.5007,245.023,8391246
2015-08-18,796.0007,800.5007,780.5007,790.0007,243.0234,11150358
2015-08-19,790.0007,790.5007,761.0006,762.0006,234.4099,15420249
2015-08-20,756.0006,772.0006,755.0006,761.0006,234.1023,14811058
2015-08-21,750.5006,764.8356,735.0006,735.0006,226.1041,16846667
2015-08-24,741.0006,741.5006,685.5006,719.5006,221.3359,33579880
2015-08-25,730.5006,732.0006,715.6328,724.0006,222.7202,27031726
2015-08-26,717.0006,724.0006,707.8306,714.5006,219.7978,21272861
2015-08-27,730.0006,734.5648,725.5006,730.5006,224.7198,26262068
2015-08-28,729.5006,743.5006,721.5006,743.5006,228.7189,20374957
2015-09-01,734.0006,739.5006,718.5106,727.0006,223.6431,23290616
2015-09-02,731.5006,742.5006,725.0006,732.0006,225.1812,14438646
2015-09-03,741.0006,745.6706,733.0006,737.0006,226.7193,13816446
2015-09-04,730.0006,731.0006,719.5006,721.0006,221.7973,29598477
2015-09-07,728.5006,729.0006,717.3606,719.0006,221.1821,7562579
2015-09-08,722.5006,735.6706,715.0006,725.5006,223.1816,17159453
2015-09-09,736.5006,738.5006,728.5006,731.0006,224.8736,10585702
2015-09-10,725.5006,732.5006,720.5006,725.0006,223.0278,10775043
2015-09-11,728.0006,728.5006,717.5006,721.0006,221.7973,9734031
2015-09-14,721.0006,727.5006,713.9806,717.0006,220.5668,11706922
2015-09-15,718.5006,726.8356,705.5006,723.0006,222.4126,13717206
2015-09-16,724.5006,727.5006,710.5006,720.0006,221.4897,17358845
2015-09-17,719.5006,719.5006,709.5006,710.5006,218.5673,16060161
2015-09-18,709.5006,709.5006,684.5006,692.0006,212.8762,25739790
2015-09-21,687.5006,700.0006,686.5006,696.5006,214.2605,21524869
2015-09-22,696.0006,696.5006,682.5006,685.5006,210.8767,24820669
2015-09-23,684.5006,695.1463,679.5006,679.5006,209.0309,18743173
2015-09-24,680.0006,680.0006,636.0005,650.5005,200.1098,61118343
2015-09-25,661.0006,676.0006,655.0005,663.5006,204.1089,27549985
2015-09-28,659.5006,663.0006,648.0005,660.0006,203.0322,21282390
2015-09-29,653.0005,656.5006,646.0005,651.0005,200.2636,25046232
2015-09-30,665.5006,678.5006,661.0006,677.0006,208.2619,20937125
2015-10-01,686.5006,694.0006,683.0006,686.5006,211.1843,21550460
2015-10-02,691.5006,704.5006,688.5006,704.5006,216.7215,17688098
2015-10-05,717.5006,732.0006,714.0006,728.5006,224.1045,19138903
2015-10-06,730.5006,741.0006,725.0006,738.0006,227.027,16493540
2015-10-07,738.5006,743.673,730.0006,734.0006,225.7965,18309007
2015-10-08,733.5006,750.5006,733.5006,745.5006,229.3341,13146031
2015-10-09,753.5006,763.8088,747.0006,755.5006,232.4104,15561932
2015-10-12,746.5006,747.0006,719.5006,726.0006,223.3355,19344077
2015-10-13,725.5006,728.0006,704.5006,711.0006,218.7211,15202991
2015-10-14,705.5006,707.0006,695.5006,698.5006,214.8758,14009115
2015-10-15,701.5006,703.0006,692.3006,697.0006,214.4143,11226732
2015-10-16,700.0006,706.0006,680.8356,685.5006,210.8767,16379546
2015-10-19,682.0006,689.1506,664.2506,669.5006,205.9547,15816140
2015-10-20,672.0006,675.5806,663.0006,674.0006,207.339,15349978
2015-10-21,675.0006,688.0006,670.5006,681.5006,209.6462,13683310
2015-10-22,674.5006,676.0056,664.5006,670.0006,208.9506,18520923
2015-10-23,676.0006,701.5006,674.5006,688.0006,214.5641,18728443
2015-10-26,685.0006,699.5006,682.0006,683.0006,213.0048,9517913
2015-10-27,681.0006,686.5006,668.5006,674.5006,210.354,16441609
2015-10-28,668.0006,677.0006,655.0005,673.5006,210.0421,18331107
2015-10-29,675.0006,680.0006,671.3606,679.0006,211.7574,15286155
2015-10-30,683.0006,697.5006,676.2506,687.5006,214.4082,16642945
2015-11-02,679.5006,692.5006,679.5006,691.5006,215.6557,11634791
2015-11-03,692.0006,698.0006,689.5006,695.0006,216.7472,10942722
2015-11-04,697.0006,716.5006,697.0006,709.5006,221.2693,14069034
2015-11-05,706.5006,709.5006,693.5006,700.0006,218.3065,18612494
2015-11-06,700.0006,703.0006,693.5006,699.0006,217.9947,26219508
2015-11-09,704.0006,708.0006,696.0006,698.5006,217.8387,25646591
2015-11-10,699.5006,701.0006,666.9442,672.0006,209.5743,20280091
2015-11-11,675.0006,690.0006,664.0006,667.0006,208.015,16111765
2015-11-12,547.0005,567.0005,511.4754,536.5005,167.3164,203953478
2015-11-13,534.5004,536.8605,510.5004,513.5004,160.1434,57930662
2015-11-16,505.0004,536.3505,504.5004,528.0004,164.6655,46554284
2015-11-17,532.5004,557.8344,532.0004,555.0005,173.0859,34335924
2015-11-18,551.5005,554.5005,538.0005,543.0005,169.3435,21316373
2015-11-19,543.5005,555.0005,536.0005,541.0005,168.7198,37181119
2015-11-20,542.0005,553.5005,539.0005,552.0005,172.1503,41025126
2015-11-23,552.0005,574.8451,552.0005,569.0005,177.452,28881773
2015-11-24,567.0005,590.4379,556.0005,588.0005,183.3775,38168333
2015-11-25,588.0005,616.5005,560.0005,607.0005,189.303,30294638
2015-11-26,607.0005,614.0005,596.5005,601.5005,187.5877,20158739
2015-11-27,599.5005,613.0005,598.0005,606.5005,189.147,18470621
2015-11-30,607.0005,610.0005,600.0005,606.5005,189.147,29321732
2015-12-01,603.5005,615.7505,601.0005,604.0005,188.3674,18054691
2015-12-02,603.5005,606.5005,600.7505,601.0005,187.4318,14398805
2015-12-03,600.0005,606.5005,597.5005,598.5005,186.6521,22663836
2015-12-04,592.0005,603.5005,587.5005,594.5005,185.4046,16547843
2015-12-07,599.0005,616.0005,596.9505,610.5005,190.3945,17328606
2015-12-08,599.0005,603.0005,577.5905,590.0005,184.0012,35667167
2015-12-09,594.0005,598.0005,573.0005,578.5005,180.4148,42805624
2015-12-10,577.5005,586.5005,565.0005,567.0005,176.8283,32372221
2015-12-11,567.5005,569.5005,547.2342,552.0005,172.1503,23583767
2015-12-14,557.5005,566.5005,537.5005,537.5005,167.6282,22655353
2015-12-15,542.5005,542.5005,530.0504,540.0005,168.4079,27040806
2015-12-16,543.5005,567.5005,542.0005,566.5005,176.6724,29672027
2015-12-17,577.0005,580.0005,570.7518,573.5005,178.8554,19080127
2015-12-18,567.5005,576.5055,565.5005,576.5005,179.791,26978259
2015-12-21,571.5005,578.5005,566.0205,569.5005,177.608,13524883
2015-12-22,576.0005,577.0005,559.0005,565.5005,176.3605,16579568
2015-12-23,571.0005,598.5005,567.5355,590.5005,184.1572,21768274
2015-12-24,596.0005,597.0005,589.0486,595.0005,185.5606,1610004
2015-12-29,596.0005,596.0005,583.5005,586.5005,182.9097,12764034
2015-12-30,587.0005,587.0005,578.5005,579.5005,180.7266,10548507
2015-12-31,580.5005,583.1605,573.5005,575.0005,179.3232,3128439
2016-01-04,565.5005,569.1805,558.0005,560.0005,174.6452,12384340
2016-01-05,563.5005,569.2205,556.0005,564.5005,176.0486,11555411
2016-01-06,564.0005,568.0005,554.7805,560.0005,174.6452,11865917
2016-01-07,544.0005,548.5005,541.0005,546.0005,170.2791,22145504
2016-01-08,550.0005,564.0005,547.0005,559.5005,174.4893,33260620
2016-01-11,558.0005,562.5005,552.0005,552.0005,172.1503,26615023
2016-01-12,554.5005,564.0005,549.5005,556.0005,173.3978,14043728
2016-01-13,563.0005,568.8705,556.6855,560.5005,174.8012,9160129
2016-01-14,554.0005,560.5005,544.1855,556.5005,173.5537,16740049
2016-01-15,554.0005,559.5005,535.5004,544.0005,169.6554,24465880
2016-01-18,542.0005,550.0005,536.5005,538.5005,167.9401,13374100
2016-01-19,548.5005,557.5005,547.5005,550.0005,171.5266,12826033
2016-01-20,539.0005,541.5005,528.0004,531.0004,165.6011,26985090
2016-01-21,530.0004,535.5004,513.7104,534.5004,166.6926,35132997
2016-01-22,545.0005,552.0005,540.0005,543.0005,169.3435,17949229
2016-01-25,546.5005,549.5005,540.5005,544.0005,169.6554,14376679
2016-01-26,537.5005,546.0005,535.5004,543.5005,169.4994,14826269
2016-01-27,542.5005,548.0005,534.5004,539.5005,168.252,20719893
2016-01-28,540.0005,549.0005,535.0004,542.5005,169.1876,18935233
2016-01-29,550.0005,555.0005,537.5005,555.0005,173.0859,21839761
2016-02-01,560.5005,564.0005,543.3205,555.0005,173.0859,17302121
2016-02-02,552.5005,552.5005,522.0004,531.5004,165.757,20998208
2016-02-03,531.0004,532.5004,504.0004,513.0004,159.9875,19863522
2016-02-04,522.0004,526.5004,510.0004,523.0004,163.1062,24554677
2016-02-05,527.0004,541.0005,517.0004,529.0004,164.9774,24363406
2016-02-08,521.5004,527.5004,506.5004,515.0004,160.6112,29819360
2016-02-09,515.0004,518.5004,497.0004,512.5004,159.8316,22157067
2016-02-10,514.0004,528.0004,507.0004,528.0004,164.6655,28714724
2016-02-11,521.5004,536.7505,506.5004,530.0004,165.2892,30258970
2016-02-12,600.0005,629.0005,585.0005,606.0005,188.9911,65559876
2016-02-15,619.5005,624.5005,594.0005,615.0005,191.7979,35550781
2016-02-16,618.5005,632.0005,611.5005,631.5005,196.9437,28520798
2016-02-17,631.0005,678.0006,629.0005,678.0006,211.4455,42051504
2016-02-18,681.0006,691.5006,656.1256,661.0006,206.1438,27035027
2016-02-19,658.5006,663.0006,638.0005,642.0005,200.2183,22440540
2016-02-22,647.0005,659.5006,644.2005,658.5006,205.3641,8619271
2016-02-23,658.0006,677.0006,639.633,663.5006,206.9234,20206733
2016-02-24,660.5006,666.0006,642.5005,653.5005,203.8048,20781035
2016-02-25,661.0006,687.0006,659.0006,670.0006,208.9506,18555009
2016-02-26,672.5006,689.5006,671.5006,679.0006,211.7574,14668393
2016-02-29,672.5006,682.0006,670.5006,679.0006,211.7574,21738581
2016-03-01,673.0006,690.5006,669.5006,683.0006,213.0048,15991984
2016-03-02,689.0006,693.0006,674.0006,680.0006,212.0692,48370566
2016-03-03,683.0006,738.0006,680.0006,716.0006,223.2964,34351893
2016-03-04,720.0006,728.5006,714.0006,722.5006,225.3235,17778398
2016-03-07,723.0006,732.2341,707.0506,721.5006,225.0117,18965615
2016-03-08,714.5006,720.5006,697.502,706.5006,220.3337,16164016
2016-03-09,706.5006,707.5006,696.5006,700.0006,218.3065,25965601
2016-03-10,697.5006,701.5006,681.5006,682.0006,212.693,18027719
2016-03-11,690.5006,694.0006,682.1006,686.0006,213.9404,8798076
2016-03-14,688.0006,698.0006,678.0006,681.5006,212.537,15685539
2016-03-15,676.0006,682.0006,673.0006,676.0006,210.8218,9778692
2016-03-16,680.0006,680.0006,665.5006,675.5006,210.6658,17099713
2016-03-17,680.0006,703.0006,673.0006,701.5006,218.7743,14188861
2016-03-18,700.0006,723.5006,698.5006,716.5006,223.4523,20876650
2016-03-21,712.5006,715.0006,700.0006,702.5006,219.0862,11034196
2016-03-22,699.0006,700.5006,684.1597,694.5006,216.5913,13091463
2016-03-23,696.0006,696.5006,671.0006,679.0006,211.7574,12189240
2016-03-24,674.0006,683.0006,664.5006,678.5006,211.6014,11492028
2016-03-29,678.0006,686.0006,670.0006,674.5006,210.354,7345318
2016-03-30,681.5006,699.5006,679.7006,690.0006,215.1879,10828402
2016-03-31,687.5006,690.5006,674.0006,682.0006,212.693,12258807
2016-04-01,675.0006,676.0006,649.2767,662.5006,206.6116,19772535
2016-04-04,652.5005,662.0006,648.5005,659.5006,205.676,12125560
2016-04-05,652.5005,661.6206,643.5005,652.0005,203.337,14936381
2016-04-06,654.5005,659.5006,647.5005,658.0006,205.2082,8768624
2016-04-07,660.0006,665.5006,651.158,655.0005,204.2726,11802234
2016-04-08,658.5006,673.5006,655.5006,667.0006,208.015,8388714
2016-04-11,666.0006,670.2822,661.0006,664.0006,207.0794,6198337
2016-04-12,663.5006,665.0006,650.4505,657.5006,205.0522,8649286
2016-04-13,663.5006,674.5006,663.1521,674.5006,210.354,13715230
2016-04-14,676.5006,676.5006,662.5006,672.0006,209.5743,9764002
2016-04-15,672.0006,674.5006,663.5006,665.0006,207.3912,10451027
2016-04-18,660.0006,666.0006,654.0005,665.5006,207.5472,7664517
2016-04-19,664.5006,702.0006,664.5006,696.5006,217.215,16302322
2016-04-20,691.5006,695.0006,677.9506,684.0006,213.3167,11947160
2016-04-21,683.0006,692.5006,679.0006,692.0006,215.8116,8681034
2016-04-22,688.5006,691.0006,680.0006,684.0006,213.3167,6510074
2016-04-25,682.5006,686.5006,672.0006,673.0006,209.8862,8479690
2016-04-26,673.5006,677.5006,665.0006,669.0006,208.6387,8847783
2016-04-27,670.0006,673.0006,661.2903,673.0006,209.8862,9784336
2016-04-28,674.5006,694.5006,674.0006,694.0006,218.7435,16018245
2016-04-29,687.5006,687.5006,669.5006,669.5006,211.0213,14466000
2016-05-03,667.0006,668.0169,635.5005,642.0005,202.3535,16225706
2016-05-04,640.5005,654.5005,637.0005,645.0005,203.2991,11215953
2016-05-05,621.0005,632.0005,602.0005,630.0005,198.5712,25631991
2016-05-06,629.0005,648.0005,623.8775,646.5005,203.7719,15059074
2016-05-09,652.5005,652.5005,636.6074,642.0005,202.3535,20163498
2016-05-10,645.5005,656.6406,644.5005,648.5005,204.4023,11388183
2016-05-11,649.5005,659.0006,646.5005,658.5006,207.5542,26913332
2016-05-12,654.0005,660.5006,641.5005,643.5005,202.8263,26773039
2016-05-13,642.5005,650.0005,636.1823,650.0005,204.8751,6187095
2016-05-16,647.0005,663.0006,644.0005,663.0006,208.9726,7106595
2016-05-17,669.5006,671.5006,661.5006,664.0006,209.2878,8265063
2016-05-18,660.5006,664.0006,646.0005,656.0006,206.7662,10006501
2016-05-19,650.5005,656.0989,633.5005,634.5005,199.9896,11650224
2016-05-20,639.5005,645.0005,634.5005,643.0005,202.6687,9721475
2016-05-23,642.0005,644.0005,633.0005,635.0005,200.1472,8483944
2016-05-24,633.5005,642.1705,630.3305,638.5005,201.2503,9045351
2016-05-25,642.5005,643.0005,620.0005,624.0005,196.6801,16035117
2016-05-26,623.5005,629.5005,612.5005,625.5005,197.1528,17305262
2016-05-27,625.0005,628.5005,613.0005,615.0005,193.8433,11693256
2016-05-31,616.5005,626.0005,613.0005,619.0005,195.1041,17172686
2016-06-01,616.0005,617.0005,593.0005,605.0005,190.6914,25329752
2016-06-02,604.5005,614.1873,604.3742,607.0005,191.3218,10341626
2016-06-03,609.0005,623.5005,600.0005,605.5005,190.849,14855013
2016-06-06,604.5005,616.5005,604.1505,612.5005,193.0553,11820359
2016-06-07,615.0005,626.5005,604.0005,606.5005,191.1642,12197895
2016-06-08,603.5005,612.5005,602.2005,611.5005,192.7402,12967873
2016-06-09,602.5005,603.0005,588.0005,599.5005,188.9578,27131930
2016-06-10,594.0005,606.0005,592.0005,603.5005,190.2186,19660479
2016-06-13,596.5005,603.0005,595.3145,600.5005,189.273,14302747
2016-06-14,594.5005,607.0005,594.5005,600.0005,189.1154,21097551
2016-06-15,604.0005,618.8205,601.0005,612.5005,193.0553,18548233
2016-06-16,604.0005,610.0005,598.0005,603.0005,190.061,12833977
2016-06-17,606.0005,621.0005,601.0005,615.0005,193.8433,53238270
2016-06-20,628.5005,639.0005,617.5005,634.0005,199.832,12412189
2016-06-21,634.0005,637.5005,626.5005,631.0005,198.8864,11464041
2016-06-22,633.0005,642.5005,623.0005,635.5005,200.3048,12667466
2016-06-23,639.0005,651.5005,634.0005,644.5005,203.1415,10200765
2016-06-24,614.0005,675.0006,606.0005,649.0005,204.5599,45501592
2016-06-27,636.0005,656.0006,636.0005,652.0005,205.5054,34688026
2016-06-28,660.0006,672.5006,647.7476,669.5006,211.0213,23010313
2016-06-29,677.5006,704.5006,676.0006,704.5006,222.053,23592393
2016-06-30,700.0006,718.5006,693.5006,711.5006,224.2594,26451526
2016-07-01,714.0006,718.0006,704.5056,711.5006,224.2594,24379803
2016-07-04,714.0006,718.5006,703.0006,706.5006,222.6834,10677665
2016-07-05,708.5006,717.5006,695.0006,711.0006,224.1018,25671867
2016-07-06,709.5006,717.5006,694.5006,699.0006,220.3195,23395941
2016-07-07,706.0006,733.0006,701.5006,728.5006,229.6177,18534302
2016-07-08,724.5006,736.0006,723.5006,735.0006,231.6664,15635077
2016-07-11,736.0006,738.0006,716.0006,724.0006,228.1993,18160895
2016-07-12,721.5006,726.5006,712.0006,724.0006,228.1993,20810875
2016-07-13,724.0006,755.5006,649.1688,746.5006,235.2911,23431877
2016-07-14,748.0006,749.5006,730.5006,746.5006,235.2911,12564864
2016-07-15,744.0006,752.5006,736.0006,744.5006,234.6607,13736654
2016-07-18,744.0006,748.5006,734.0006,738.0006,232.612,8316935
2016-07-19,736.0006,742.0006,729.5006,739.5006,233.0848,10467174
2016-07-20,742.5006,746.5006,734.0006,743.0006,234.188,8318355
2016-07-21,743.0006,748.5006,736.5006,744.0006,234.5031,9222413
2016-07-22,741.0006,743.5006,719.0006,720.5006,227.0961,11373852
2016-07-25,715.0006,726.5006,708.1106,718.0006,226.3081,16881583
2016-07-26,721.0006,736.5006,716.5006,727.0006,229.1449,11180530
2016-07-27,728.5006,747.5006,728.5006,732.0006,230.7208,10387790
2016-07-28,755.0006,875.5007,755.0006,831.0007,261.9249,54003493
2016-07-29,824.5007,827.5007,791.0007,791.0007,249.3172,34517934
2016-08-01,790.0007,803.2207,780.0007,791.5007,249.4748,11015908
2016-08-02,789.0007,809.5007,754.5006,760.5006,239.7038,17174358
2016-08-03,761.0006,769.0006,746.0006,751.0006,236.7095,20740839
2016-08-04,755.5006,767.5006,739.0006,757.5006,238.7582,17541502
2016-08-05,750.0006,760.0006,738.0006,759.0006,239.231,17133684
2016-08-08,763.5006,769.0006,756.3493,756.5006,238.443,13744126
2016-08-09,758.0006,768.5006,753.9506,763.5006,240.6494,11037294
2016-08-10,770.0006,799.7807,767.0006,797.0007,251.2083,17201348
2016-08-11,799.0007,800.5007,785.0007,799.0007,251.8387,13567131
2016-08-12,799.5007,814.5007,795.0007,799.5007,251.9963,13396908
2016-08-15,798.0007,801.5007,789.0007,796.0007,250.8931,8372421
2016-08-16,791.0007,795.0007,785.0007,788.0007,248.3716,11295963
2016-08-17,789.5007,792.5007,782.0007,782.5007,246.6381,17930186
2016-08-18,784.5007,794.5007,783.5007,789.0007,248.6868,8684379
2016-08-19,789.0007,796.5007,786.5007,792.0007,249.6324,8332747
2016-08-22,791.5007,795.9007,780.5007,784.5007,247.2684,7598649
2016-08-23,786.5007,796.0007,783.5007,794.0007,250.2628,6391692
2016-08-24,789.5007,794.0007,781.5007,788.5007,248.5292,7756344
2016-08-25,786.0007,787.5007,769.8549,774.0006,243.9589,24139154
2016-08-26,775.5007,786.0007,770.5006,784.5007,247.2684,6231505
2016-08-30,778.0007,784.0007,767.0006,767.5006,241.9102,9680652
2016-08-31,767.0006,772.5006,762.0006,770.0006,242.6981,11269023
2016-09-01,769.0006,777.0007,757.5006,760.0006,239.5462,15668349
2016-09-02,765.0006,789.0007,762.5006,783.5007,246.9532,14753317
2016-09-05,781.5007,785.5007,774.5007,783.0007,246.7956,6508159
2016-09-06,785.0007,788.3189,773.5006,774.0006,243.9589,8683977
2016-09-07,761.0006,773.1269,752.8499,767.0006,241.7526,15825107
2016-09-08,764.5006,774.0006,748.0006,750.0006,236.3943,16238132
2016-09-09,747.0006,751.3891,722.8756,725.5006,228.6721,15212523
2016-09-12,715.0006,718.0006,705.0006,718.0006,226.3081,15924271
2016-09-13,723.5006,729.5006,716.0006,719.5006,226.7809,11391674
2016-09-14,720.0006,732.5006,717.873,726.0006,228.8297,12647062
2016-09-15,725.5006,733.0006,723.0006,729.5006,229.9329,9150268
2016-09-16,730.0006,730.5006,721.0006,727.5006,229.3025,54143858
2016-09-19,732.0006,744.5006,726.1642,739.5006,233.0848,7189493
2016-09-20,736.5006,742.5006,733.0006,733.0006,231.036,11693556
2016-09-21,735.5006,737.5006,722.6256,726.0006,228.8297,12471181
2016-09-22,716.0006,740.5006,709.011,733.0006,231.036,11455104
2016-09-23,735.0006,735.3006,721.5006,722.5006,227.7265,11950255
2016-09-26,718.0006,722.5006,710.0006,712.0006,224.417,8315854
2016-09-27,718.0006,720.0006,702.0006,711.0006,224.1018,49963690
2016-09-28,712.0006,722.5006,708.0006,717.5006,226.1505,8757259
2016-09-29,718.0006,725.0006,709.5006,712.5006,224.5746,12053277
2016-09-30,706.5006,720.0006,702.0006,720.0006,226.9385,14006542
2016-10-03,720.0006,741.5006,718.0006,737.5006,232.4544,10474777
2016-10-04,743.5006,765.0006,742.5006,760.5006,239.7038,23935971
2016-10-05,761.0006,765.1269,751.2506,754.5006,237.8127,13630117
2016-10-06,755.0006,766.1256,754.5006,760.0006,239.5462,9967719
2016-10-07,763.5006,778.5007,763.5006,775.5007,244.4317,19212107
2016-10-10,780.0007,794.5007,778.5007,785.5007,247.5836,12394964
2016-10-11,786.5007,792.0007,768.8354,774.5007,244.1165,50718486
2016-10-12,772.0006,777.0007,752.5006,754.0006,237.6551,13470333
2016-10-13,753.5006,762.7506,747.5006,751.5006,236.8671,14369790
2016-10-14,753.0006,767.5006,749.4006,764.5006,240.9646,11207336
2016-10-17,761.0006,775.5007,756.5006,773.5006,243.8013,24631280
2016-10-18,776.5007,784.1807,754.8744,761.0006,239.8614,22906807
2016-10-19,759.0006,767.0006,753.0006,766.0006,241.4374,7857775
2016-10-20,761.5006,767.1256,748.0006,766.0006,242.8964,11858533
2016-10-21,764.0006,768.0006,752.5006,755.0006,239.4084,11855135
2016-10-24,760.5006,765.5006,744.0006,746.0006,236.5545,8263379
2016-10-25,746.0006,748.5006,733.0006,739.0006,234.3348,16176287
2016-10-26,733.5006,739.5006,722.5006,736.5006,233.5421,11125370
2016-10-27,733.0006,741.0006,728.0006,740.5006,234.8104,9791980
2016-10-28,737.5006,740.0006,729.5006,734.5006,232.9079,10936818
2016-10-31,732.5006,732.5006,725.2506,726.5006,230.3711,12631537
2016-11-01,726.5006,732.0006,719.2506,726.0006,230.2125,10125295
2016-11-02,723.5006,725.5006,713.0006,720.0006,228.3099,8735203
2016-11-03,720.0006,724.0006,703.0006,707.5006,224.3462,17728833
2016-11-04,713.0006,717.5006,706.5006,712.5006,225.9317,15116186
2016-11-07,722.0006,728.5006,718.5006,724.0006,229.5783,13382787
2016-11-08,722.5006,727.0006,713.5006,718.5006,227.8343,12397972
2016-11-09,703.0006,763.0006,699.5006,758.0006,240.3596,24207692
2016-11-10,758.5006,794.0507,757.6066,770.5006,244.3234,19649149
2016-11-11,768.0006,769.0006,736.0006,740.5006,234.8104,13223760
2016-11-14,747.5006,766.0006,741.5006,746.0006,236.5545,29423286
2016-11-15,740.0006,754.5006,738.5006,754.5006,239.2498,28029677
2016-11-16,754.0006,779.5007,719.5006,738.5006,234.1762,29332427
2016-11-17,743.0006,773.6945,699.0006,699.0006,221.6509,24924900
2016-11-18,705.0006,705.0006,652.0005,657.5006,208.4914,36264134
2016-11-21,656.0006,662.0006,643.5005,657.0006,208.3328,41744686
2016-11-22,663.5006,663.5006,651.9505,660.0006,209.2841,20581325
2016-11-23,662.0006,675.0006,653.7005,670.5006,212.6136,23120021
2016-11-24,670.0006,680.5906,666.5006,672.5006,213.2478,9807121
2016-11-25,671.0006,673.5006,664.0006,666.0006,211.1867,6130901
2016-11-28,665.0006,674.5006,658.5006,672.5006,213.2478,9721568
2016-11-29,674.0006,679.5006,667.0006,673.0006,213.4064,12433832
2016-11-30,675.0006,684.0006,672.5006,676.5006,214.5162,26862232
2016-12-01,672.0006,697.0006,672.0006,682.0006,216.2603,15458819
2016-12-02,675.5006,676.0006,652.5005,661.0006,209.6012,12813818
2016-12-05,660.5006,677.0006,659.402,665.5006,211.0282,9260642
2016-12-06,663.0006,664.0006,650.3905,661.5006,209.7598,9357300
2016-12-07,668.0006,683.0006,664.5006,672.5006,213.2478,14447627
2016-12-08,672.0006,677.1274,656.5006,658.5006,208.8085,23981363
2016-12-09,659.0006,673.0006,656.0006,668.0006,211.8209,10109125
2016-12-12,668.5006,674.0006,646.0005,651.0005,206.4302,12486587
2016-12-13,651.5005,681.1117,646.0005,678.0006,214.9919,36132362
2016-12-14,678.5006,690.5006,670.0006,670.0006,212.4551,18960536
2016-12-15,672.0006,677.0006,659.0006,671.5006,212.9307,12129080
2016-12-16,674.5006,684.0006,670.5006,675.0006,214.0406,14241145
2016-12-19,676.0006,677.0006,667.5006,673.0006,213.4064,8062655
2016-12-20,674.0006,677.5006,667.0006,676.0006,214.3577,12004925
2016-12-21,675.0006,691.0006,673.0006,685.0006,217.2115,19383253
2016-12-22,682.5006,684.0006,676.5006,682.5006,216.4188,7077534
2016-12-23,684.5006,686.5006,680.5006,680.5006,215.7846,1750583
2016-12-28,666.0006,687.5006,664.5006,686.5006,217.6872,9841364
2016-12-29,682.0006,684.5006,671.8906,678.0006,214.9919,4621556
2016-12-30,676.0006,678.5006,668.0006,668.0006,211.8209,9784429
2017-01-03,674.0006,683.0006,667.0006,670.0006,212.4551,10961771
2017-01-04,673.5006,674.5006,658.5006,667.5006,211.6623,10589298
2017-01-05,662.0006,663.5006,635.0005,639.5005,202.7836,33210936
2017-01-06,644.0005,651.0005,635.5005,650.5005,206.2717,19916496
2017-01-09,653.0005,661.5606,644.0005,661.0006,209.6012,15149682
2017-01-10,660.0006,670.5006,657.4806,667.5006,211.6623,16093573
2017-01-11,667.0006,671.5006,661.0006,670.0006,212.4551,12659546
2017-01-12,669.0006,677.136,664.8631,677.0006,214.6748,16840903
2017-01-13,679.0006,680.0006,657.5006,661.5006,209.7598,15166954
2017-01-16,657.5006,666.2106,653.5005,665.0006,210.8696,9463840
2017-01-17,690.0006,719.2506,688.5006,694.5006,220.224,43246866
2017-01-18,696.5006,701.0006,691.5006,693.5006,219.9069,17929580
2017-01-19,693.5006,707.0006,691.5006,702.5006,222.7607,14915234
2017-01-20,703.0006,705.0006,686.0006,688.5006,218.3214,14953656
2017-01-23,685.5006,692.6106,678.5006,691.5006,219.2727,11729564
2017-01-24,686.5006,690.0006,668.0006,680.5006,215.7846,24920060
2017-01-25,685.0006,693.0006,678.5006,686.0006,217.5286,11167070
2017-01-26,689.0006,692.5006,677.0006,692.0006,219.4312,14331885
2017-01-27,693.5006,695.0006,679.0006,686.0006,217.5286,16290881
2017-01-30,684.0006,686.1006,658.5006,660.0006,209.2841,15840262
2017-01-31,662.0006,675.0006,660.0006,667.5006,211.6623,22033028
2017-02-01,682.0006,689.0006,667.5006,668.0006,211.8209,17136059
2017-02-02,666.5006,680.5006,665.5006,674.0006,213.7235,14120288
2017-02-03,677.5006,677.5006,665.5006,671.0006,212.7722,10234667
2017-02-06,671.5006,681.5006,664.3188,680.5006,215.7846,18564505
2017-02-07,680.0006,705.5006,676.5006,700.5006,222.1266,21160103
2017-02-08,700.0006,730.0006,700.0006,720.0006,228.3099,26679120
2017-02-09,720.0006,723.0006,708.5006,718.0006,227.6758,13451797
2017-02-10,717.0006,739.5006,713.0006,732.5006,232.2737,22600910
2017-02-13,730.5006,744.3621,726.0006,740.0006,234.6519,33421299
2017-02-14,746.5006,749.5006,693.5006,710.5006,225.2975,78092770
2017-02-15,712.5006,722.5601,701.0006,704.5006,223.3949,34084648
2017-02-16,704.0006,704.0006,688.8906,693.5006,219.9069,22821292
2017-02-17,694.5006,695.5006,664.0006,666.0006,211.1867,53641425
2017-02-20,683.5006,710.5006,673.3706,708.0006,224.5048,25776003
2017-02-21,710.0006,735.0006,707.5006,732.5006,232.2737,29600284
2017-02-22,738.0006,753.1806,735.0006,751.5006,238.2985,32312221
2017-02-23,749.5006,764.0006,740.0006,764.0006,242.2622,34442781
2017-02-24,759.5006,769.0006,758.0006,763.5006,242.1037,24973492
2017-02-27,765.5006,771.0006,761.0006,768.0006,243.5306,13079547
2017-02-28,767.0006,788.5007,761.0006,787.0007,249.5555,27298834
2017-03-01,788.5007,792.5007,778.5007,782.5007,248.1285,26461233
2017-03-02,780.0007,781.5007,771.5006,776.5007,246.2259,19920276
2017-03-03,775.5007,775.5007,765.0006,770.5006,244.3234,16443104
2017-03-06,770.5006,773.1706,759.5006,760.0006,240.9938,11258760
2017-03-07,762.0006,763.5006,755.0006,757.0006,240.0425,40457328
2017-03-08,756.0006,758.0006,749.0006,749.0006,237.5058,15507906
2017-03-09,750.0006,753.5006,740.1656,747.5006,237.0301,23722472
2017-03-10,749.0006,758.5006,742.8846,754.5006,239.2498,27042114
2017-03-13,754.0006,767.0006,753.3356,762.0006,241.628,19095307
2017-03-14,764.5006,772.5006,763.0006,767.0006,243.2135,15457992
2017-03-15,771.0006,774.0006,765.5006,773.0006,245.1161,19114542
2017-03-16,778.0007,783.1657,770.5006,774.5007,245.5917,14399679
2017-03-17,771.5006,778.0007,766.5006,772.5006,244.9576,22313150
2017-03-20,771.0006,777.2407,765.0006,775.0007,245.7503,11316120
2017-03-21,779.5007,783.5007,764.5006,778.0007,246.7016,16491107
2017-03-22,779.0007,779.5007,757.3356,758.0006,240.3596,15345618
2017-03-23,756.5006,762.2406,741.5006,754.0006,239.0913,23975150
2017-03-24,755.0006,765.5006,751.9231,756.5006,239.884,21653363
2017-03-27,755.0006,755.0006,733.5006,743.0006,235.6032,12045611
2017-03-28,744.0006,753.5006,740.5006,753.5006,238.9327,11396914
2017-03-29,753.5006,763.0006,746.0006,759.0006,240.6767,16220910
2017-03-30,758.5006,766.0006,752.0006,766.0006,242.8964,10769000
2017-03-31,767.5006,769.0006,754.0006,754.0006,239.0913,15809111
2017-04-03,760.0006,760.0006,749.3356,750.5006,237.9814,11776262
2017-04-04,752.0006,770.5006,751.0006,766.5006,243.055,16067105
2017-04-05,768.5006,780.1657,766.3306,778.5007,246.8601,21263356
2017-04-06,774.0006,789.6657,770.0006,784.0007,248.6042,23226205
2017-04-07,785.0007,798.5007,781.5007,797.0007,252.7264,12901355
2017-04-10,800.0007,801.5007,794.5007,797.0007,252.7264,13154907
2017-04-11,794.0007,816.0007,793.0007,810.5007,257.0072,20211197
2017-04-12,814.0007,845.0007,811.0007,830.5007,263.3492,35700474
2017-04-13,829.5007,836.7539,821.0007,828.5007,262.715,25158031
2017-04-18,832.5007,837.0007,811.0007,815.5007,258.5927,21469814
2017-04-19,815.0007,819.0007,795.5007,801.0007,253.9948,22141858
2017-04-20,802.5007,808.5007,797.2207,805.0007,255.2632,52270027
2017-04-21,803.0007,811.0007,799.5007,806.5007,255.7389,19045969
2017-04-24,822.5007,823.0007,802.5007,810.0007,256.8487,11798236
2017-04-25,813.0007,814.0007,809.0007,812.5007,257.6414,10666939
2017-04-26,810.0007,829.5007,807.0007,826.0007,261.9222,11167877
2017-04-27,812.5007,813.0007,804.5007,809.0007,263.1223,14833799
2017-04-28,811.0007,817.5007,806.5007,812.0007,264.098,13305588
2017-05-02,812.0007,825.1657,807.5007,823.5007,267.8383,11242779
2017-05-03,822.0007,825.0007,811.0007,824.5007,268.1635,18609818
2017-05-04,824.0007,825.0007,807.5007,812.5007,264.2606,42498865
2017-05-05,814.0007,854.0007,806.8107,853.5007,277.5956,29561353
2017-05-08,849.5007,851.5007,832.5007,850.5007,276.6199,17996746
2017-05-09,850.0007,890.5007,850.0007,890.0007,289.467,29087815
2017-05-10,891.0007,895.0008,871.0007,874.5007,284.4257,38305000
2017-05-11,871.5007,878.5007,867.0007,871.5007,283.45,16572767
2017-05-12,870.0007,872.0007,858.5007,863.5007,280.848,18651906
2017-05-15,867.5007,867.5007,838.5007,854.0007,277.7582,23133148
2017-05-16,854.0007,865.5007,848.0007,865.0007,281.3359,24057835
2017-05-17,859.5007,862.5007,841.0007,842.5007,274.0179,20503221
2017-05-18,833.0007,862.0007,826.0007,850.5007,276.6199,26052007
2017-05-19,852.5007,869.5007,838.0007,851.0007,276.7825,23927054
2017-05-22,852.5007,862.5007,846.0007,853.5007,277.5956,10493817
2017-05-23,855.5007,869.0007,855.5007,862.0007,280.3602,16078705
2017-05-24,862.0007,863.5007,849.0007,854.5007,277.9209,14482851
2017-05-25,856.0007,861.5007,843.0007,851.5007,276.9451,13700328
2017-05-26,853.5007,873.5007,852.2207,873.0007,283.9379,18587101
2017-05-30,871.0007,875.9007,863.0007,868.5007,282.4743,16351779
2017-05-31,872.5007,876.7107,862.5007,867.5007,282.149,54954193
2017-06-01,871.5007,889.5007,870.0007,885.5007,288.0034,25768280
2017-06-02,890.0007,895.5008,880.5007,891.5007,289.9549,13185554
2017-06-05,891.0007,898.0008,881.9907,894.5008,290.9306,11686049
2017-06-06,890.0007,894.5008,880.5007,894.0008,290.768,16505651
2017-06-07,897.0008,904.0008,882.0007,888.0007,288.8165,19380426
2017-06-08,891.5007,892.5868,877.0007,888.0007,288.8165,14484509
2017-06-09,895.0008,917.0008,892.5007,908.5008,295.484,26678680
2017-06-12,904.5008,907.0008,884.5007,892.0007,290.1175,13747969
2017-06-13,896.0008,898.0008,880.0007,891.5007,289.9549,11893691
2017-06-14,893.5008,899.6508,891.5007,896.0008,291.4185,22179167
2017-06-15,896.5008,898.5008,887.0007,895.0008,291.0932,15424215
2017-06-16,900.5008,916.5008,894.5008,907.5008,295.1588,30511092
2017-06-19,915.0008,927.0008,913.0008,924.5008,300.6879,11331549
2017-06-20,925.0008,930.5008,923.0008,925.5008,301.0132,10908278
2017-06-21,924.5008,933.5008,923.0008,932.5008,303.2899,12670413
2017-06-22,932.0008,934.5008,926.0008,930.5008,302.6394,11535441
2017-06-23,929.5008,942.5008,925.5008,942.0008,306.3797,14118721
2017-06-26,942.0008,944.0008,927.5008,930.5008,302.6394,9905245
2017-06-27,926.0008,933.0008,918.0008,919.0008,298.8991,10622576
2017-06-28,918.0008,921.0008,904.5008,910.0008,295.9719,15582392
2017-06-29,911.5008,913.0008,891.5007,896.5008,291.5811,12622191
2017-06-30,893.5008,904.5008,883.5007,891.0007,289.7923,14711576
2017-07-03,891.0007,897.5008,886.0007,896.5008,291.5811,7196190
2017-07-04,891.5007,899.5008,887.5007,897.0008,291.7437,6931491
2017-07-05,901.0008,917.0008,896.5008,908.5008,295.484,9911845
2017-07-06,909.0008,916.0008,904.0008,915.5008,297.7607,11015637
2017-07-07,915.0008,936.5008,915.0008,936.5008,304.5908,12209912
2017-07-10,937.5008,940.0008,927.5008,932.0008,303.1273,8736272
2017-07-11,931.5008,934.5008,915.0008,922.5008,300.0374,8150699
2017-07-12,926.5008,934.5008,921.5008,929.5008,302.3141,10328268
2017-07-13,931.0008,931.0008,918.5008,926.0008,301.1758,9180276
2017-07-14,929.0008,929.0008,910.0008,914.5008,297.4355,9420057
2017-07-17,914.0008,917.5008,900.5008,916.0008,297.9233,11027602
2017-07-18,915.5008,917.0008,907.0008,916.0008,297.9233,7875026
2017-07-19,919.5008,926.0008,911.5008,924.0008,300.5253,7766724
2017-07-20,923.5008,932.5008,915.0008,916.5008,298.086,7580486
2017-07-21,914.0008,929.0008,912.5008,922.0008,299.8748,11946397
2017-07-24,919.5008,927.0008,915.5008,925.0008,300.8505,12975170
2017-07-25,926.5008,928.5008,923.5008,925.0008,300.8505,8884293
2017-07-26,927.0008,929.0008,918.5008,921.0008,299.5496,10863312
2017-07-27,921.0008,932.5008,919.0008,931.5008,302.9646,11122873
2017-07-28,922.0008,933.0008,921.0008,929.0008,302.1515,13479567
2017-07-31,904.0008,909.0008,885.0007,888.0007,288.8165,27711705
2017-08-01,919.5008,994.5008,916.5008,979.0008,318.4137,37831151
2017-08-02,974.0008,978.0008,938.5008,943.0008,306.7049,29144064
2017-08-03,942.5008,961.0008,941.0008,955.0008,310.6079,12696406
2017-08-04,957.0008,963.5008,942.0008,962.0008,312.8846,11006257
2017-08-07,962.0008,969.0008,954.5008,957.0008,311.2583,8833388
2017-08-08,957.0008,959.0008,947.0008,950.0008,308.9816,7592284
2017-08-09,946.0008,946.0008,932.5008,940.5008,305.8918,10065557
2017-08-10,935.0008,940.5008,917.0008,919.0008,298.8991,18823215
2017-08-11,912.0008,917.5008,903.5008,910.0008,295.9719,11506942
2017-08-14,911.0008,915.0928,903.5008,903.5008,293.8578,7557631
2017-08-15,911.0008,923.0008,909.9416,910.0008,295.9719,10405860
2017-08-16,915.0008,921.0008,907.5008,913.0008,296.9476,10479276
2017-08-17,912.0008,920.6658,907.5008,911.5008,296.4598,5999968
2017-08-18,907.5008,907.5008,896.0008,901.0008,293.0447,9568002
2017-08-21,896.0008,905.8358,896.0008,902.0008,293.3699,5328711
2017-08-22,908.5008,919.0008,905.5008,917.0008,298.2486,12372459
2017-08-23,919.0008,920.0008,910.5008,917.0008,298.2486,5778097
2017-08-24,919.0008,920.5008,910.0008,910.0008,295.9719,6540188
2017-08-25,913.5008,914.0008,904.0008,906.5008,294.8335,9470697
2017-08-29,904.0008,906.0008,889.5007,897.0008,291.7437,7839493
2017-08-30,905.0008,914.0008,900.5008,909.5008,295.8093,6045951
2017-08-31,915.5008,918.3408,910.5008,914.0008,297.2729,8496066
2017-09-01,919.0008,925.0008,914.0008,920.0008,299.2243,9042685
2017-09-04,915.0008,917.5008,906.0008,911.5008,296.4598,4404406
2017-09-05,910.5008,913.5008,899.0008,900.5008,292.8821,8320412
2017-09-06,898.5008,898.5008,886.0007,892.0007,290.1175,9826225
2017-09-07,891.0007,895.0008,881.5007,884.0007,287.5155,9759888
2017-09-08,883.0007,895.0008,879.3777,892.0007,290.1175,8563739
2017-09-11,891.0007,905.5008,881.5007,902.0008,293.3699,7485564
2017-09-12,904.0008,905.5008,897.0008,900.0008,292.7194,8503115
2017-09-13,894.5008,908.5008,889.4957,903.0008,293.6952,10334656
2017-09-14,903.5008,910.0008,892.5007,902.5008,293.5326,17016013
2017-09-15,899.5008,899.5008,879.5007,885.5007,288.0034,23025845
2017-09-18,889.5007,899.0008,888.0007,889.5007,289.3044,7510922
2017-09-19,887.5007,897.5008,887.5007,896.5008,291.5811,15154400
2017-09-20,894.0008,907.0008,890.0007,900.5008,292.8821,6284814
2017-09-21,899.5008,902.0008,883.0007,886.0007,288.166,12049652
2017-09-22,885.0007,894.5008,883.5007,892.0007,290.1175,6963863
2017-09-25,889.5007,889.5007,877.0007,883.5007,287.3529,8179143
2017-09-26,881.0007,882.5007,869.0007,873.5007,284.1005,8452656
2017-09-27,874.0007,876.2507,860.5007,861.5007,280.1976,13039214
2017-09-28,863.5007,884.5007,861.5007,884.0007,287.5155,12182223
2017-09-29,886.5007,895.0008,879.5007,887.0007,288.4913,12346254
2017-10-02,890.0007,903.0275,886.5007,903.0008,293.6952,15993974
2017-10-03,905.0008,921.0008,902.8204,921.0008,299.5496,22937856
2017-10-04,921.0008,925.0008,914.5008,925.0008,300.8505,13192684
2017-10-05,925.0008,926.0008,914.5008,921.0008,299.5496,25955454
2017-10-06,924.5008,928.2508,919.0008,919.5008,299.0617,10748972
2017-10-09,915.0008,920.6108,910.1658,919.5008,299.0617,5483125
2017-10-10,916.5008,918.5008,901.0008,912.0008,296.6224,7296864
2017-10-11,900.0008,912.5083,898.5008,911.0008,296.2971,9287559
2017-10-12,908.5008,922.0008,908.5008,920.5008,299.3869,9285499
2017-10-13,916.5008,921.5008,910.0008,913.0008,296.9476,6521940
2017-10-16,913.0008,913.0008,900.5008,907.0008,294.9962,7794783
2017-10-17,908.0008,912.5008,899.5008,907.5008,295.1588,23234035
2017-10-18,912.5008,931.5008,905.5008,930.0008,302.4768,10929149
2017-10-19,929.0008,931.6658,924.0008,927.0008,301.501,10406982
2017-10-20,930.0008,933.0008,922.0008,926.0008,301.1758,24616576
2017-10-23,924.5008,934.0008,922.0008,934.0008,303.7777,5101172
2017-10-24,929.5008,936.5008,925.3308,936.5008,304.5908,9026975
2017-10-25,932.5008,939.0008,923.0008,939.0008,305.404,12627104
2017-10-26,938.0008,944.0513,932.0008,944.0008,308.5421,9184712
2017-10-27,945.0008,965.5008,942.5008,964.5008,315.2424,17042519
2017-10-30,960.5008,970.0008,955.5008,966.0008,315.7327,13094899
2017-10-31,957.0008,973.0008,956.5008,973.0008,318.0206,18276236
2017-11-01,974.0008,974.0008,956.5008,960.0008,313.7716,13660135
2017-11-02,955.5008,967.0008,953.5008,965.0008,315.4058,65406919
2017-11-03,963.5008,977.0008,962.5008,977.0008,319.328,55849647
2017-11-06,975.0008,984.0508,972.0008,981.0008,320.6354,8287262
2017-11-07,980.0008,981.0008,970.0008,976.0008,319.0011,9201724
2017-11-08,974.5008,978.0008,954.8358,959.5008,313.6082,25073510
2017-11-09,955.0008,957.0008,930.5008,939.0008,306.9079,19925967
2017-11-10,939.0008,940.0808,924.0008,928.0008,303.3126,10499353
2017-11-13,923.5008,924.0008,904.0008,907.0008,296.4488,11725560
2017-11-14,906.0008,916.5008,901.5008,904.5008,295.6317,11586218
2017-11-15,901.0008,916.0008,901.0008,907.0008,296.4488,8208336
2017-11-16,908.5008,908.5008,895.5008,897.0008,293.1803,11498197
2017-11-17,895.0008,901.5008,885.0007,889.0007,290.5656,10865844
2017-11-20,889.0007,900.5008,888.5007,897.0008,293.1803,6486896
2017-11-21,897.5008,899.0008,887.0007,891.0007,291.2193,7625563
2017-11-22,891.0007,899.0008,887.5007,889.0007,290.5656,8924976
2017-11-23,887.0007,894.5008,884.5007,890.5007,291.0559,7829008
2017-11-24,889.5007,891.0007,886.0007,886.5007,289.7485,3646951
2017-11-27,887.0007,891.5007,882.3307,882.5007,288.4411,7003264
2017-11-28,880.0007,880.0007,855.0007,870.0007,284.3555,13834583
2017-11-29,867.5007,871.5007,855.0007,861.0007,281.4139,15080949
2017-11-30,858.5007,864.0007,848.5007,857.0007,280.1065,26101881
2017-12-01,854.0007,854.0007,833.5007,838.0007,273.8965,14907804
2017-12-04,853.0007,860.0007,837.5007,840.5007,274.7136,12147975
2017-12-05,846.5007,857.5007,839.2766,845.0007,276.1844,9587103
2017-12-06,838.5007,846.5007,833.5007,840.5007,274.7136,14594403
2017-12-07,844.5007,845.5007,837.0007,843.5007,275.6941,10030947
2017-12-08,842.0007,844.5007,832.3307,838.5007,274.0599,10361680
2017-12-11,839.5007,843.0007,829.0007,830.0007,271.2817,10563625
2017-12-12,833.0007,837.5007,830.5007,836.0007,273.2428,11730182
2017-12-13,832.5007,844.5007,832.0007,837.5007,273.733,14415986
2017-12-14,835.0007,838.5007,820.5007,823.0007,268.9938,9966384
2017-12-15,824.0007,841.0007,821.0007,831.0007,271.6085,20390253
2017-12-18,834.0007,856.0007,830.8297,855.5007,279.6163,10712940
2017-12-19,854.5007,872.0007,854.2507,862.0007,281.7408,18275583
2017-12-20,860.0007,863.0007,852.1657,854.0007,279.126,9013507
2017-12-21,855.5007,856.5007,850.5007,853.0007,278.7991,8643120
2017-12-22,843.5007,859.5007,843.5007,859.5007,280.9236,3727883
2017-12-27,861.0007,862.0007,841.0007,849.5007,277.6552,7843672
2017-12-28,851.5007,851.5007,844.0007,846.5007,276.6747,5890208
2017-12-29,848.5007,853.0007,846.5007,847.0007,276.8381,5969039
2018-01-02,844.0007,845.1327,830.0007,842.4007,275.3346,9934802
2018-01-03,843.8007,854.0007,842.4007,851.2007,278.2108,5850514
2018-01-04,854.2007,864.8007,851.2007,859.2007,280.8256,10470869
2018-01-05,857.2008,865.6007,848.4007,864.0007,282.3944,9379756
2018-01-08,863.8007,871.2007,863.0007,868.6007,283.8979,11091201
2018-01-09,871.6007,872.0007,860.0007,866.8007,283.3096,6611896
2018-01-10,862.6007,866.2007,836.8007,839.0007,274.2233,12339012
2018-01-11,840.0007,848.8007,836.6007,847.2007,276.9034,10138836
2018-01-12,849.8007,868.8007,848.6007,860.8007,281.3485,11638341
2018-01-15,862.4007,865.4007,852.8007,855.6007,279.6489,4009197
2018-01-16,858.6007,859.4007,850.4007,853.6007,278.9953,5918466
2018-01-17,855.8007,926.4008,855.0007,900.0008,294.1609,21477662
2018-01-18,908.0008,909.8008,881.2007,883.4007,288.7352,10331409
2018-01-19,884.0007,906.4008,882.0007,892.8006,291.8076,9116247
2018-01-22,886.2007,888.0007,874.8007,875.6007,286.1859,6449556
2018-01-23,877.4007,878.4007,865.0007,876.8007,286.5781,9404015
2018-01-24,874.2007,874.2007,861.0007,861.6007,281.61,9625239
2018-01-25,861.2007,862.2007,838.0007,844.0007,275.8575,8509142
2018-01-26,847.8007,861.0179,842.6007,855.8007,279.7143,8418673
2018-01-29,855.8007,876.4007,853.2007,862.0007,281.7408,10312937
2018-01-30,856.4007,874.2007,855.0007,859.4007,280.891,9298207
2018-01-31,864.8007,878.0007,861.2007,872.0007,285.0092,8343223
2018-02-01,874.4007,881.6007,868.6007,872.0007,285.0092,9314840
2018-02-02,874.4007,883.8007,863.0007,865.0007,282.7213,7745215
2018-02-05,855.4007,855.4007,833.2007,840.0007,274.5502,10717121
2018-02-06,809.0007,833.6007,802.0007,820.0007,268.0132,13229200
2018-02-07,827.6007,834.6007,817.4007,828.4007,270.7587,10181113
2018-02-08,825.8007,831.4007,821.6007,825.0007,269.6475,11580017
2018-02-09,818.0007,826.0007,810.8007,814.0007,266.0522,7629223
2018-02-12,823.4007,833.8007,822.8007,825.4007,269.7782,8444258
2018-02-13,824.0007,835.4007,823.8007,827.2007,270.3665,6684659
2018-02-14,829.2007,835.0007,815.0007,820.6007,268.2094,13715921
2018-02-15,826.8007,841.2007,824.0007,840.2007,274.6155,11579798
2018-02-16,846.4007,848.2007,829.2007,832.2007,272.0008,13187022
2018-02-19,833.4007,835.7287,826.6007,829.4007,271.0856,5714394
2018-02-20,833.2007,842.4007,832.8007,840.6007,274.7463,6917274
2018-02-21,831.4007,847.4007,831.4007,843.8007,275.7922,7331264
2018-02-22,840.6007,842.8007,830.6007,839.6007,274.4194,6954745
2018-02-23,839.0007,842.4007,830.4007,836.8007,273.5043,5470519
2018-02-26,832.6007,853.2007,831.0007,849.8007,277.7532,14622387
2018-02-27,849.6007,855.6007,846.2007,852.4007,278.603,14153345
2018-02-28,847.8007,853.2007,839.6007,839.6007,274.4194,9759287
2018-03-01,830.2007,845.4007,822.0007,828.0007,270.628,12279068
2018-03-02,817.6007,821.4007,811.0007,817.4007,267.1635,13600292
2018-03-05,817.0007,821.6007,800.0007,819.4007,267.8171,26259562
2018-03-06,825.4007,843.0007,819.4007,829.0007,270.9549,14014798
2018-03-07,905.0008,952.6008,881.8007,924.0008,302.0052,43807000
2018-03-08,927.0008,947.4008,911.6008,921.8008,301.2861,26446010
2018-03-09,918.2008,926.0008,906.0008,925.8008,302.5935,19553843
2018-03-12,928.2008,930.6008,909.8008,911.0008,297.7562,13678895
2018-03-13,912.6008,919.2688,899.0008,903.4008,295.2722,17002751
2018-03-14,900.4008,908.4008,898.8008,903.0008,295.1414,13986712
2018-03-15,902.6008,914.6008,900.8008,909.6008,297.2986,13099570
2018-03-16,915.0008,918.6008,900.0008,901.6008,294.6838,18889967
2018-03-19,900.0008,900.0008,889.7007,892.4007,291.6769,7526168
2018-03-20,895.0008,908.4008,893.6715,903.4008,295.2722,9224447
2018-03-21,901.6008,902.0008,887.0007,892.2007,291.6115,9653450
2018-03-22,888.2007,891.4007,876.8007,881.6007,288.1469,13757047
2018-03-23,875.2007,879.2007,859.6007,861.2007,281.4793,15218284
2018-03-26,865.6007,877.4007,855.4007,867.6007,283.5711,12481980
2018-03-27,879.4007,887.8007,867.8006,874.4007,285.7936,14590440
2018-03-28,867.2007,879.0007,861.0007,872.8007,285.2707,12318264
2018-03-29,873.4007,877.6007,871.6007,871.6007,284.8785,13481450
2018-04-03,863.0007,868.0007,852.4007,854.6007,279.3221,16290371
2018-04-04,852.6007,857.6007,825.4007,838.0007,273.8965,24745825
2018-04-05,852.2007,865.4007,851.0613,864.6007,282.5906,14826269
2018-04-06,864.0007,871.4007,856.0007,868.0007,283.7018,9768431
2018-04-09,881.0007,903.4008,872.8007,878.8007,287.2318,16997404
2018-04-10,882.2008,887.0007,876.4007,886.8007,289.8465,8382988
2018-04-11,886.4007,889.4007,881.6007,885.6007,289.4543,10045978
2018-04-12,884.6007,887.4007,878.0007,881.2007,288.0162,8748966
2018-04-13,875.8007,882.0007,859.4007,866.8007,283.3096,38936236
2018-04-16,869.2007,888.8007,865.8007,877.8007,286.9049,15394661
2018-04-17,874.6007,875.0007,852.6007,860.6007,281.2832,14975546
2018-04-18,866.8007,872.8007,861.0007,869.8007,284.2902,70666818
2018-04-19,870.4007,882.6007,869.6007,876.8007,286.5781,10513111
2018-04-20,875.8007,879.2007,853.8007,866.2007,283.1135,17824177
2018-04-23,865.0007,870.0007,851.2007,852.4007,278.603,15326220
2018-04-24,857.2008,862.0007,849.2007,853.0007,278.7991,16590350
2018-04-25,849.4007,849.6007,836.8007,842.6007,275.4,12983828
2018-04-26,840.6007,844.8007,835.4007,842.4007,277.6748,10349616
2018-04-27,844.8007,845.8007,831.6007,839.4007,276.686,12349817
2018-04-30,842.0007,847.8007,838.4007,840.0007,276.8837,8456319
2018-05-01,839.8007,853.1207,838.8007,839.0007,276.5541,75324566
2018-05-02,845.2007,846.4007,831.6007,836.8007,275.829,18069535
2018-05-03,828.0007,833.4007,805.0007,830.0007,273.5875,18190114
2018-05-04,835.8007,844.0407,833.8007,835.8007,275.4993,19686632
2018-05-08,836.0007,845.2007,824.0407,843.0007,277.8726,12771634
2018-05-09,843.0007,844.8007,829.0007,830.0007,273.5875,17503591
2018-05-10,836.2007,842.2007,824.2007,824.6007,271.8075,13295608
2018-05-11,825.6007,839.6007,818.6007,836.0007,275.5653,14027136
2018-05-14,838.6007,839.0007,824.0007,825.6007,272.1372,9174308
2018-05-15,826.4007,846.4007,826.2007,840.8007,277.1474,15173405
2018-05-16,838.2007,845.0007,831.2007,840.0007,276.8837,12136493
2018-05-17,837.6007,840.0007,828.8007,839.6007,276.7519,16460212
2018-05-18,840.8007,858.6007,837.6007,857.2008,282.5533,16647946
2018-05-21,860.0007,863.2007,850.6007,862.0007,284.1355,7709035
2018-05-22,862.6007,870.2007,860.6007,865.0007,285.1243,13926899
2018-05-23,864.6007,867.0007,847.0007,851.8007,280.7733,14709184
2018-05-24,852.6007,857.2008,847.4007,849.4007,279.9822,27335673
2018-05-25,854.0007,855.0007,839.8007,843.4007,278.0045,14568999
2018-05-29,838.2007,838.2007,822.2007,827.0007,272.5986,18985052
2018-05-30,827.4007,827.4007,818.2007,822.0007,270.9505,14378812
2018-05-31,820.0007,830.8007,817.6007,824.6007,271.8075,18257332
2018-06-01,830.0007,841.4007,824.6007,837.0007,275.8949,28804782
2018-06-04,838.4007,841.6007,835.2007,839.2007,276.62,14055577
2018-06-05,834.8007,840.8007,832.6007,833.0007,274.5764,14522086
2018-06-06,832.2007,834.2007,824.0007,829.0007,273.2579,10696723
2018-06-07,836.4007,841.4007,831.2007,834.6007,275.1038,16974430
2018-06-08,829.6007,839.2007,819.2007,835.4007,275.3675,13239405
2018-06-11,839.2007,839.2007,817.2007,832.8007,274.5105,16176523
2018-06-12,833.2007,846.0007,829.6007,841.4007,277.3452,19983172
2018-06-13,840.0007,843.2007,827.4007,828.6007,273.126,18458085
2018-06-14,855.0007,883.6007,845.0007,882.8007,290.9916,35651635
2018-06-15,1000.0008,1010.5008,948.4008,950.0008,313.1423,79279134
2018-06-18,952.0008,952.0008,911.4008,927.4008,305.6928,28270938
2018-06-19,924.4008,925.4008,913.6008,916.6008,302.1329,18640328
2018-06-20,918.6008,929.6008,913.8008,927.2008,305.6269,41201133
2018-06-21,941.8008,941.8008,919.6008,926.0008,305.2314,14339053
2018-06-22,928.8008,941.8008,927.0628,940.2008,309.912,13279779
2018-06-25,940.0008,940.6008,916.0008,916.0008,301.9351,13132070
2018-06-26,919.0008,934.6008,913.2008,930.0008,306.5499,13356756
2018-06-27,930.8008,961.2008,924.2008,961.2008,316.8341,26446403
2018-06-28,959.8008,973.8008,954.2008,959.6008,316.3067,18826599
2018-06-29,970.0008,995.2008,965.2008,988.2008,325.734,21433570
2018-07-02,980.4008,986.8008,970.0008,975.0008,321.3829,14339674
2018-07-03,976.0008,981.2008,965.2008,978.6008,322.5696,20159447
2018-07-04,974.4008,976.0008,964.8008,974.8008,321.317,7861829
2018-07-05,976.2008,989.8008,974.8008,985.6008,324.8769,18027891
2018-07-06,975.0008,986.0008,972.6008,985.6008,324.8769,11929691
2018-07-09,985.6008,993.4008,980.4008,989.2008,326.0636,12017044
2018-07-10,988.0008,999.6008,977.2008,994.2008,327.7117,25608420
2018-07-11,982.8008,987.6008,970.2008,981.2008,323.4266,8181929
2018-07-12,983.4008,996.0008,980.3218,991.0008,326.6569,10366759
2018-07-13,996.8008,1003.5008,990.2008,990.8008,326.591,14436999
2018-07-16,989.4008,1001.5008,977.2008,983.8008,324.2836,11040514
2018-07-17,982.4008,989.0008,972.0008,982.8008,323.954,21738706
2018-07-18,985.6008,993.8008,983.6008,987.8008,325.6021,10630021
2018-07-19,982.6008,999.0008,982.6008,995.0008,327.9754,22078729
2018-07-20,997.0008,997.0008,973.2008,990.0008,326.3273,9120405
2018-07-23,989.6008,989.6008,978.6008,982.8008,323.954,5118648
2018-07-24,986.0008,991.2008,973.2008,988.4008,325.7999,26710003
2018-07-25,985.0008,992.4008,981.0008,989.6008,326.1954,10847425
2018-07-26,995.0008,1000.2128,986.4008,995.0008,327.9754,9342451
2018-07-27,999.0008,1000.2128,986.2008,994.0008,327.6458,10340624
2018-07-30,988.0008,994.0008,980.2008,990.2008,326.3932,8229366
2018-07-31,992.4008,1000.0948,987.6008,991.0008,326.6569,11089694
2018-08-01,992.8007,1000.5008,980.0008,987.8008,325.6021,12796328
2018-08-02,1037.0009,1065.5009,966.4008,1058.0009,348.7417,44343530
2018-08-03,1064.0009,1104.5009,1061.4889,1094.0009,360.6081,66230796
2018-08-06,1093.5009,1094.0009,1080.0009,1081.5009,356.4878,15042458
2018-08-07,1080.0009,1098.5009,1071.0009,1083.5009,357.1471,21187926
2018-08-08,1084.5009,1093.0009,1082.5009,1089.0009,358.96,14736619
2018-08-09,1086.0009,1088.0009,1076.0009,1084.0009,357.3119,9708478
2018-08-10,1050.0009,1061.0009,1040.5009,1044.0009,344.1269,16207668
2018-08-13,1036.0009,1041.4509,1034.5009,1037.0009,341.8196,9521491
2018-08-14,1041.5009,1047.0009,1033.0009,1033.5009,340.6659,8538258
2018-08-15,1036.5009,1039.0009,999.4008,1005.0008,331.2716,14220403
2018-08-16,1010.5008,1021.5009,1009.5008,1015.0009,334.5679,10456812
2018-08-17,1012.0008,1024.5009,1012.0008,1023.5009,337.3697,12177450
2018-08-20,1023.0009,1034.0009,1016.0009,1029.5009,339.3474,8146514
2018-08-21,1029.5009,1030.1009,1020.0009,1023.5009,337.3697,7425002
2018-08-22,1014.5009,1023.0009,1008.5008,1016.0009,334.8975,11903252
2018-08-23,1019.0009,1019.5009,1005.0008,1007.0008,331.9309,8440665
2018-08-24,1009.0008,1014.5009,1003.5008,1010.0008,332.9197,12902191
2018-08-28,1024.0009,1024.0009,1002.4508,1011.0008,333.2494,12074191
2018-08-29,1014.0009,1021.0009,1011.0008,1016.0009,334.8975,10941207
2018-08-30,1017.0009,1018.5009,1003.5008,1016.5009,335.0623,10462581
2018-08-31,1012.5009,1013.5009,1005.0008,1005.0008,331.2716,24461512
2018-09-03,1006.5008,1013.0009,1005.0008,1009.5008,332.7549,10738134
2018-09-04,1012.0008,1015.0009,998.4008,1000.0008,329.6235,12246967
2018-09-05,1000.0008,1004.0008,963.8008,966.6008,318.6141,25312297
2018-09-06,964.8008,986.6008,963.2008,974.2008,321.1192,48106063
2018-09-07,977.8008,981.8008,957.8008,970.0008,319.7348,22727059
2018-09-10,972.4008,977.8008,962.2008,973.2008,320.7896,14888408
2018-09-11,974.4008,975.0008,965.6008,975.0008,321.3829,18886412
2018-09-12,972.0008,973.6008,928.8008,964.4008,317.8889,30910313
2018-09-13,955.0008,958.8008,945.8008,955.0008,314.7905,16460711
2018-09-14,957.6008,982.8008,957.6008,981.2008,323.4266,18745423
2018-09-17,980.0008,985.0008,970.4008,982.8008,323.954,10292650
2018-09-18,980.2008,985.0008,977.6008,978.4008,322.5036,9696213
2018-09-19,980.0008,992.9008,976.4008,988.0008,325.668,10019816
2018-09-20,987.6008,995.8008,983.2008,995.6008,328.1732,10207945
2018-09-21,998.8008,1000.0008,985.0008,992.2008,327.0524,33039474
2018-09-24,985.0008,997.4008,981.2008,997.4008,328.7665,14047729
2018-09-25,996.2008,997.2008,984.8008,989.6008,326.1954,10533133
2018-09-26,989.2008,996.0008,983.4008,990.4008,326.4591,18151250
2018-09-27,985.2008,997.6008,964.4008,966.0008,318.4163,20146258
2018-09-28,965.2008,995.2008,963.6008,987.4008,325.4703,22232362
2018-10-01,986.6008,986.6008,973.4008,983.6008,324.2177,11639093
2018-10-02,980.0008,987.6008,974.6008,983.8008,324.2836,8147150
2018-10-03,985.0008,987.4008,980.8008,983.2008,324.0858,7597311
2018-10-04,980.0008,980.0008,963.0008,968.4008,319.2074,8774233
2018-10-05,967.4008,972.0008,959.0008,960.2008,316.5045,9215105
2018-10-08,957.4008,958.6008,916.6008,922.0008,303.9129,14338677
2018-10-09,926.4008,930.0008,919.6008,929.8008,306.4839,16701508
2018-10-10,924.6008,924.9826,885.8007,886.2007,292.1124,28182381
2018-10-11,878.0007,880.2007,866.6007,871.6007,287.2999,35249208
2018-10-12,876.8007,881.2007,871.8411,875.8007,288.6843,15868563
2018-10-15,872.4007,880.4007,863.6007,866.6007,285.6517,16214983
2018-10-16,867.6007,897.8008,864.8007,897.8008,295.936,17063885
2018-10-17,902.0008,906.2008,887.2007,892.2007,294.0901,13981045
2018-10-18,893.6008,894.6008,873.4007,873.4007,287.8932,10900349
2018-10-19,874.0007,883.6007,868.0007,872.0007,287.4317,11241139
2018-10-22,875.2007,876.4007,859.8007,860.4007,283.6081,20334624
2018-10-23,852.0007,854.0007,835.2407,841.4007,277.3452,21194261
2018-10-24,851.0007,868.0007,837.4007,840.0007,276.8837,14726700
2018-10-25,831.6007,875.8007,831.6007,872.0007,289.0148,15913780
2018-10-26,862.6007,866.0007,747.0006,855.0007,283.3804,51455962
2018-10-29,851.0007,871.8007,831.2007,831.4007,275.5584,26578254
2018-10-30,833.6007,837.8007,805.1977,820.0007,271.78,27776655
2018-10-31,828.8007,855.8007,826.4007,839.0007,278.0773,42288560
2018-11-01,832.0007,845.4007,822.4937,837.8007,277.6796,17450459
2018-11-02,852.0007,856.2007,825.6815,834.0007,276.4201,26616026
2018-11-05,841.4007,841.4007,823.0007,823.0007,272.7743,16829655
2018-11-06,825.8007,836.8007,815.6007,828.4007,274.5641,12034919
2018-11-07,832.8007,846.8007,832.6007,838.4007,277.8785,12648680
2018-11-08,843.8007,843.9207,830.0007,833.4007,276.2213,9916149
2018-11-09,831.0007,831.0007,810.0007,814.4007,269.9239,14829766
2018-11-12,822.6007,838.4007,819.0007,820.4007,271.9126,12923583
2018-11-13,820.6007,831.8007,813.4007,821.2007,272.1777,11442632
2018-11-14,816.2007,820.2007,797.7583,808.0007,267.8027,15080451
2018-11-15,812.4007,830.0007,807.2007,809.6007,268.333,15211838
2018-11-16,816.2007,820.4007,797.6007,804.2007,266.5433,15421773
2018-11-19,803.6007,808.2007,787.0007,796.8007,264.0906,10147581
2018-11-20,793.2007,797.2007,780.4007,785.0007,260.1796,17970863
2018-11-21,788.0007,818.2007,779.9007,814.4007,269.9239,19767750
2018-11-22,818.2007,818.2007,795.2007,799.6007,265.0186,11683709
2018-11-23,800.0007,814.0007,791.4007,812.4007,269.2611,12096259
2018-11-26,821.2007,841.6007,816.0007,839.6007,278.2762,16251093
2018-11-27,842.0007,842.8007,830.0007,836.0007,277.083,40142526
2018-11-28,836.8007,838.9007,825.6007,831.4007,275.5584,45903116
2018-11-29,837.4007,854.6007,833.2007,847.6007,280.9277,15721653
2018-11-30,851.6007,855.5007,841.0007,849.6007,281.5906,27038008
2018-12-03,861.8007,885.0007,860.4007,883.0007,292.6607,21392042
2018-12-04,860.0007,873.6007,852.2007,857.0007,284.0432,33858956
2018-12-05,846.2007,858.8007,828.8007,829.4007,274.8955,24210527
2018-12-06,820.0007,823.0007,788.0007,795.2007,263.5603,18446120
2018-12-07,802.0007,818.2007,788.4007,788.4007,261.3065,18503081
2018-12-10,792.4007,792.4007,758.6006,759.2006,251.6285,28048024
2018-12-11,764.4006,786.8007,762.8006,780.8007,258.7876,30291374
2018-12-12,793.0007,820.4007,785.4007,816.0007,270.4542,40255823
2018-12-13,816.0007,826.2007,808.8007,818.0007,271.1171,18199492
2018-12-14,807.4007,814.4007,792.0007,808.6007,268.0016,20942055
2018-12-17,807.4007,810.3407,797.6007,807.8007,267.7364,10759217
2018-12-18,806.2007,817.4007,798.2007,811.2007,268.8633,8597119
2018-12-19,812.2007,823.4007,809.8007,820.6007,271.9789,9120390
2018-12-20,807.2007,811.4007,800.0007,803.8007,266.4107,28350960
2018-12-21,804.8007,813.2007,801.4007,810.0007,268.4656,37353397
2018-12-24,796.6007,808.0007,795.6007,801.0007,265.4827,7912655
2018-12-27,822.4007,823.6007,803.2007,808.8007,268.0679,20808473
2018-12-28,816.8007,820.8277,808.6007,817.6007,270.9845,6494289
2018-12-31,816.4007,836.2007,816.4007,830.0007,275.0944,4085932
2019-01-02,820.8007,823.0007,803.0007,809.4007,268.2667,9175932
2019-01-03,801.6007,808.8007,788.2007,788.2007,261.2402,10602166
2019-01-04,802.8007,825.8007,792.2007,825.8007,273.7023,15059831
2019-01-07,834.4007,834.4007,802.2007,809.6007,268.333,24397800
2019-01-08,812.2007,862.2007,812.2007,850.0007,281.7232,19104626
2019-01-09,862.8007,878.2007,853.6007,864.8007,286.6285,13488394
2019-01-10,859.0007,859.8007,844.0007,859.8007,284.9713,10585900
2019-01-11,879.6007,884.2007,866.2007,871.0007,288.6834,12746920
2019-01-14,864.0007,868.6007,859.0007,863.4007,286.1645,8246879
2019-01-15,866.2007,887.8007,866.2007,886.0007,293.655,24101202
2019-01-16,889.0007,889.0007,870.4007,886.0007,293.655,20002480
2019-01-17,876.8007,883.4007,854.0007,864.0007,286.3633,15909558
2019-01-18,869.2007,895.6008,869.2007,895.2008,296.7042,11508792
2019-01-21,892.0007,901.0008,890.0007,900.0008,298.2951,5176237
2019-01-22,900.4008,900.4008,883.2007,890.2007,295.047,8128057
2019-01-23,888.2007,888.2007,871.2007,873.4007,289.4788,20779753
2019-01-24,880.0007,880.0007,867.0007,873.0007,289.3463,13060513
2019-01-25,876.6007,880.8007,867.8006,868.8007,287.9542,8088703
2019-01-28,859.8007,870.2027,858.2007,858.2007,284.441,12208575
2019-01-29,862.2007,877.4007,858.0007,871.4007,288.816,11139215
2019-01-30,874.0007,888.0007,870.4007,886.2007,293.7213,9615486
2019-01-31,890.0007,898.4008,878.8007,884.4007,293.1247,11091553
2019-02-01,888.2007,906.8008,888.2007,900.0008,298.2951,15384296
2019-02-04,900.0008,906.8008,890.4067,898.0008,297.6322,7511563
2019-02-05,899.8008,917.8008,887.0007,915.0008,303.2667,12804563
2019-02-06,910.0008,916.0008,903.2008,909.6008,301.4769,12049603
2019-02-07,903.4008,917.2008,902.8008,902.8008,299.2232,12956019
2019-02-08,899.4008,910.2008,896.8008,901.6008,298.8254,7168763
2019-02-11,910.0008,916.8008,902.4008,914.4008,303.0678,7572991
2019-02-12,914.6008,916.1008,902.2008,913.6008,302.8027,9591090
2019-02-13,932.0008,949.2008,927.0008,941.6008,312.083,12638953
2019-02-14,945.4008,960.8008,945.2008,948.8008,314.4693,9105771
2019-02-15,950.8008,971.4008,943.8008,971.4008,321.9599,12670587
2019-02-18,968.6008,972.0028,961.8128,972.0008,322.1587,7365238
2019-02-19,968.4008,977.2008,960.6008,974.8008,323.0868,14486701
2019-02-20,977.2008,989.6008,973.8008,988.4008,327.5943,14006420
2019-02-21,990.8008,990.8008,975.2008,981.6008,325.3405,10990235
2019-02-22,982.0008,990.8008,979.4008,981.8008,325.4068,19513851
2019-02-25,982.0008,983.4008,971.8008,977.6008,324.0148,8791519
2019-02-26,972.2008,976.4008,961.6008,976.0008,323.4845,11260284
2019-02-27,955.0008,982.8008,948.4008,982.8008,325.7383,11806594
2019-02-28,997.6008,1003.5008,928.2248,955.0008,316.5243,51665544
2019-03-01,972.4008,972.4008,899.7988,905.0008,299.9523,40505963
2019-03-04,904.6008,910.6008,877.6007,895.2008,296.7042,29718506
2019-03-05,891.2007,914.6008,889.2052,913.0008,302.6038,12199305
2019-03-06,910.8008,918.8008,896.2008,900.0008,298.2951,16892170
2019-03-07,894.2008,903.0008,890.3717,900.0008,298.2951,11441079
2019-03-08,892.8006,896.8008,874.4007,881.8007,292.2629,10536539
2019-03-11,896.6008,900.2008,878.0007,885.4007,293.4561,9458627
2019-03-12,887.4007,890.0007,876.0007,887.2007,294.0527,9581575
2019-03-13,885.0007,891.0007,876.6007,889.2007,294.7156,12582936
2019-03-14,890.0007,899.2008,884.8007,898.6008,297.8311,16452184
2019-03-15,897.6008,904.8008,894.2008,897.6008,297.4997,21093719
2019-03-18,917.4008,917.4008,898.2008,908.4008,301.0792,12194724
2019-03-19,907.4008,922.0008,905.4008,918.8008,304.5262,7983591
2019-03-20,920.4008,924.0008,914.8008,921.4008,305.3879,12420561
2019-03-21,918.2008,930.6008,915.8008,925.0008,306.5811,13546634
2019-03-22,926.2008,930.8008,903.0008,904.0008,299.6209,12509384
2019-03-25,901.6008,903.6008,877.4007,895.0008,296.6379,13526705
2019-03-26,880.0007,898.8008,871.2007,891.6007,295.511,15753110
2019-03-27,899.0008,904.0008,889.8007,891.8007,295.5773,7869857
2019-03-28,893.8008,905.6008,891.6007,899.6008,298.1625,9542956
2019-03-29,904.6008,909.4008,899.8008,903.2008,299.3557,11426450
2019-04-01,908.0008,919.0008,907.6008,917.2008,303.9959,16139399
2019-04-02,907.0008,917.0008,892.6007,907.0008,300.6152,22350771
2019-04-03,906.6008,910.0008,892.0007,910.0008,301.6095,29269018
2019-04-04,909.2008,909.9968,901.2008,904.0008,299.6209,16845234
2019-04-05,903.4008,927.6008,903.4008,926.8008,307.1777,26503291
2019-04-08,922.4008,929.4008,907.2008,910.8008,301.8747,11247156
2019-04-09,905.6008,907.4008,897.6008,898.8008,297.8974,10343680
2019-04-10,899.6008,899.8008,885.8007,889.0007,294.6493,14619977
2019-04-11,891.2007,893.4008,876.5407,880.0007,291.6663,16865690
2019-04-12,880.8007,894.6008,880.8007,891.8007,295.5773,13650411
2019-04-15,890.4007,898.2008,889.5967,891.0007,295.3122,10764043
2019-04-16,892.8006,901.2008,888.7967,901.2008,298.6928,55095407
2019-04-17,901.4008,913.6328,899.2828,907.0008,300.6152,8895072
2019-04-18,908.2008,910.6008,903.6008,907.8008,300.8803,6895497
2019-04-23,910.6008,920.8008,904.8008,915.2008,303.333,87392533
2019-04-24,918.4008,922.6008,912.4008,922.2008,305.6531,14010331
2019-04-25,918.0008,927.0008,914.0017,927.0008,309.6283,11855004
2019-04-26,923.8008,925.8008,913.6008,916.0008,305.9542,18000172
2019-04-29,916.8008,924.8008,915.1018,922.8008,308.2254,13388250
2019-04-30,917.2008,921.6088,910.6008,914.6008,305.4866,14404892
2019-05-01,920.0008,920.0008,905.8008,915.8008,305.8874,6577414
2019-05-02,910.6008,932.4008,907.4008,921.4008,307.7578,14159864
2019-05-03,919.0008,942.6008,916.4008,934.2008,312.0332,20703056
2019-05-07,931.2008,931.2008,910.6008,912.6008,304.8185,14439164
2019-05-08,911.8008,919.8008,901.2008,914.4008,305.4198,17200045
2019-05-09,907.2008,920.0008,901.6008,913.8008,305.2193,13218144
2019-05-10,920.0008,928.6008,914.4008,918.6008,306.8226,29195817
2019-05-13,917.2008,920.4008,896.4008,897.8008,299.8752,15740731
2019-05-14,901.2008,908.8008,895.9225,907.6008,303.1485,16126294
2019-05-15,910.0008,917.6008,909.0008,916.0008,305.9542,11995661
2019-05-16,915.8008,934.6008,913.0008,934.6008,312.1668,14112336
2019-05-17,934.6008,940.6008,929.9138,937.0008,312.9684,17112389
2019-05-20,935.8008,944.0008,925.8008,941.2008,314.3713,14033063
2019-05-21,943.4008,945.6008,913.6008,918.0008,306.6222,14021002
2019-05-22,923.2008,926.0008,909.0008,919.4008,307.0898,15468785
2019-05-23,917.8008,917.8008,886.2007,890.0007,297.2699,13201540
2019-05-24,891.4007,899.0008,881.0007,888.2007,296.6687,15093462
2019-05-28,893.6008,894.9008,874.2007,874.2007,291.9925,26849987
2019-05-29,868.6007,873.6007,854.4007,864.0007,288.5856,12829402
2019-05-30,865.6007,873.6007,865.6007,870.4007,290.7233,11205037
2019-05-31,863.4007,863.8007,849.0007,860.0007,287.2495,12406425
2019-06-03,853.6007,869.2007,844.4007,867.4007,289.7212,10171258
2019-06-04,863.4007,882.8007,859.4007,879.0007,293.5958,13527692
2019-06-05,878.6007,891.8007,877.4007,883.0007,294.9318,10447373
2019-06-06,888.2007,902.2008,885.8007,894.0008,298.6059,11003561
2019-06-07,897.0008,911.8008,893.6008,909.4008,303.7497,10873584
2019-06-10,911.8008,913.2008,896.8008,900.2008,300.6768,15016249
2019-06-11,901.4008,913.2008,900.0008,902.0008,301.278,12230669
2019-06-12,894.2008,899.0008,886.2007,893.6008,298.4723,28765990
2019-06-13,893.4008,900.2008,890.2007,897.0008,299.608,17221000
2019-06-14,894.4008,902.4008,888.8007,891.8007,297.8711,10217681
2019-06-17,896.6008,910.4008,893.0007,907.0008,302.9481,13751522
2019-06-18,907.8008,930.2008,906.0008,923.8008,308.5595,11640468
2019-06-19,921.8008,925.6008,906.2008,908.4008,303.4157,16358437
2019-06-20,910.8008,920.8808,909.2008,913.0008,304.9521,7151238
2019-06-21,912.0008,913.0008,876.8007,882.0007,294.5978,44618818
2019-06-24,882.4007,901.0008,882.4007,887.0007,296.2678,10212616
2019-06-25,882.0007,885.0007,874.2007,874.2007,291.9925,11181935
2019-06-26,871.0007,874.6607,850.2007,850.2007,283.9762,24033448
2019-06-27,851.6007,854.6007,837.6007,844.2007,281.9722,19962150
2019-06-28,844.0007,846.6007,833.6007,840.4007,280.7029,16970924
2019-07-01,849.4007,858.6007,847.0007,857.4007,286.3811,14343436
2019-07-02,860.4007,868.2007,850.8007,857.8007,286.5147,11684149
2019-07-03,858.6007,880.4007,858.6007,873.6007,291.7921,8755761
2019-07-04,872.6007,875.6007,868.4007,872.6007,291.4581,8099313
2019-07-05,869.2007,873.8007,859.0007,863.8007,288.5188,9884958
2019-07-08,866.0007,866.8127,851.4007,853.2007,284.9783,10212339
2019-07-09,851.4007,857.4007,848.6007,855.0007,285.5795,8644786
2019-07-10,856.0007,861.2007,845.6007,845.6007,282.4398,11961704
2019-07-11,847.2007,848.8007,837.2007,843.6007,281.7718,13764871
2019-07-12,843.6007,854.0007,841.6007,846.8007,282.8406,6775440
2019-07-15,846.6007,854.2007,845.2047,852.4007,284.7111,8397502
2019-07-16,851.6007,870.6007,850.2007,865.8007,289.1868,14442510
2019-07-17,866.0007,877.8007,866.0007,870.0007,290.5897,12873025
2019-07-18,862.2007,865.4007,855.4007,856.0007,285.9135,14671706
2019-07-19,861.0007,865.3107,856.0007,863.2007,288.3184,6622823
2019-07-22,860.6007,873.8007,858.2007,866.8007,289.5208,4889145
2019-07-23,867.6007,880.8007,867.6007,877.2007,292.9945,5797388
2019-07-24,880.8007,880.8007,858.6007,873.8007,291.8589,6402812
2019-07-25,880.0007,882.2008,863.6007,868.0007,289.9216,28469395
2019-07-26,869.4007,870.0007,862.6007,868.4007,290.0552,9365072
2019-07-29,864.8007,887.4007,864.8007,887.0007,296.2678,8558936
2019-07-30,893.0007,899.6008,887.4007,891.2007,297.6707,8261502
2019-07-31,882.8007,885.2007,859.1785,862.0007,287.9176,21155601
2019-08-01,859.4007,863.0007,846.4007,857.2008,286.3144,6575456
2019-08-02,844.2007,845.8007,826.0007,828.4007,276.6948,9312197
2019-08-05,817.2007,819.6007,800.0007,815.0007,272.219,15643875
2019-08-06,804.0007,814.0007,759.0006,759.0006,253.5144,28292549
2019-08-07,762.8006,768.6006,723.4006,730.0006,243.8281,28200430
2019-08-08,744.0006,773.6006,742.2006,773.6006,258.391,26924210
2019-08-09,773.8006,790.8007,768.4006,779.4007,260.3283,21664591
2019-08-12,772.0006,776.3207,746.2006,752.2006,251.2432,16219083
2019-08-13,740.0006,755.0679,726.9086,752.6006,251.3768,18179280
2019-08-14,752.2006,767.8006,747.4006,752.0006,251.1764,15831730
2019-08-15,762.0006,767.6006,746.2006,753.6006,251.7108,13469578
2019-08-16,760.0006,761.8006,742.2006,754.0006,251.8444,12341113
2019-08-19,762.0006,766.4006,756.2006,762.8006,254.7837,14290214
2019-08-20,764.8006,775.0368,761.4006,769.0006,256.8545,29190776
2019-08-21,769.2006,791.6007,769.0006,784.2007,261.9315,21292781
2019-08-22,781.4007,781.4007,758.0006,761.4006,254.3161,43352587
2019-08-23,763.0006,765.6006,749.6006,750.0006,250.5083,12144460
2019-08-27,754.0006,757.6006,741.4006,748.6006,250.0407,12386654
2019-08-28,748.6006,748.8418,731.4006,745.0006,248.8383,19536490
2019-08-29,740.8006,756.6006,730.2006,754.2006,251.9112,10573597
2019-08-30,757.8006,774.0006,757.0006,771.2006,257.5894,17536569
2019-09-02,769.4006,780.8007,769.4006,773.8006,258.4578,10907911
2019-09-03,766.0006,773.4006,751.2006,765.0006,255.5185,14612424
2019-09-04,767.0006,772.2006,763.6006,769.0006,256.8545,19949871
2019-09-05,773.8006,779.6007,769.2006,776.2007,259.2594,10676200
2019-09-06,775.0007,790.6007,772.0006,787.0007,262.8667,14582048
2019-09-09,795.0007,796.6007,780.6007,786.4007,262.6663,8900792
2019-09-10,779.0007,814.4007,777.6007,814.4007,272.0186,31135363
2019-09-11,817.4007,858.6007,814.2007,832.0007,277.8972,39575399
2019-09-12,840.0007,840.0182,816.6007,829.2007,276.962,34277206
2019-09-13,825.8007,839.0007,825.0807,831.8007,277.8304,12669436
2019-09-16,823.4007,824.6007,804.6007,805.6007,269.0793,13222964
2019-09-17,805.6007,812.0007,800.6007,810.0007,270.549,10681646
2019-09-18,808.0007,810.6007,795.4007,803.0007,268.2109,7056803
2019-09-19,801.4007,810.2007,796.4007,809.8007,270.4822,6795596
2019-09-20,789.0007,799.2007,769.0006,792.8007,264.804,27844258
2019-09-23,789.4007,790.0007,773.6006,775.0007,258.8586,21086664
2019-09-24,779.8007,781.6007,768.0006,775.4007,258.9922,13358504
2019-09-25,769.6006,780.8007,765.8006,780.8007,260.7959,32835842
2019-09-26,782.4007,797.0007,779.6007,785.6007,262.3991,31849154
2019-09-27,791.0007,803.2007,791.0007,792.0007,264.5368,10003045
2019-09-30,793.0007,799.4702,791.0007,792.4007,264.6704,9395973
2019-10-01,792.4007,793.4007,773.2006,775.4007,258.9922,16794868
2019-10-02,769.6006,770.6006,740.0006,740.0006,247.1682,14376082
2019-10-03,738.0006,741.6006,713.8006,722.0006,241.156,13920424
2019-10-04,729.6006,733.0006,720.2006,730.0006,243.8281,7925282
2019-10-07,725.2006,734.8006,721.6006,732.0006,244.4961,22484367
2019-10-08,734.0006,736.0006,720.2006,726.4006,242.6257,12148033
2019-10-09,726.4006,741.2006,723.4006,731.6006,244.3625,7947574
2019-10-10,734.6006,738.6006,722.6006,734.0006,245.1642,8236855
2019-10-11,729.2006,743.6006,718.6006,743.2006,248.2371,17955509
2019-10-14,744.2006,756.2006,737.0006,752.4006,251.31,72298757
2019-10-15,759.0006,762.4006,736.2006,746.2006,249.2391,19513551
2019-10-16,745.0006,747.3456,738.0006,741.8006,247.7694,5788544
2019-10-17,743.6006,748.0006,729.6006,729.6006,243.6945,11235168
2019-10-18,715.4006,725.5931,702.8006,711.6006,237.6823,21881866
2019-10-21,714.6006,716.8006,701.0006,706.4006,235.9454,16620166
2019-10-22,710.0006,730.1706,705.4936,724.8006,242.0912,10396080
2019-10-23,723.8006,729.235,710.8006,726.6006,242.6925,15761085
2019-10-24,710.0006,711.8006,694.4006,702.0006,235.9701,19082435
2019-10-25,702.8006,713.2006,701.2006,712.8006,239.6004,9282401
2019-10-28,712.0006,729.6006,708.4006,721.4006,242.4912,8853399
2019-10-29,722.6006,725.6006,711.8006,715.4006,240.4744,9573285
2019-10-30,713.6006,719.8006,704.8006,712.4006,239.4659,9710230
2019-10-31,718.0006,723.4006,707.4006,709.0006,238.3231,20496690
2019-11-01,707.2006,724.6006,687.8006,724.6006,243.5669,27094217
2019-11-04,728.6006,745.0398,726.8006,736.2006,247.4661,11005406
2019-11-05,740.0006,769.0006,732.2006,769.0006,258.4915,30566954
2019-11-06,763.8006,778.6007,762.2006,776.4007,260.9789,24158066
2019-11-07,750.0006,792.0007,746.4006,779.6007,262.0545,41105116
2019-11-08,775.6007,782.4007,768.4006,776.8007,261.1133,12517505
2019-11-11,767.4006,770.2006,739.6006,739.6006,248.6089,23907836
2019-11-12,744.0006,748.4006,736.6006,744.0006,250.088,19686571
2019-11-13,746.8006,746.8006,731.9246,736.0006,247.3988,12997547
2019-11-14,734.2006,740.2006,728.2006,729.6006,245.2475,11979579
2019-11-15,732.2006,737.6006,721.8006,733.2006,246.4577,9202822
2019-11-18,730.0006,735.0006,720.0006,728.6006,244.9114,12969295
2019-11-19,728.2006,741.8006,727.6006,729.2006,245.1131,11770104
2019-11-20,721.0006,726.2006,711.2006,720.0006,242.0206,46742297
2019-11-21,714.0006,718.2006,704.4006,715.0006,240.3399,8491966
2019-11-22,715.2006,738.8006,713.8006,733.2006,246.4577,10232752
2019-11-25,733.2006,742.0006,727.6006,742.0006,249.4157,9076683
2019-11-26,744.0006,746.2006,737.4006,741.0006,249.0795,9459332
2019-11-27,725.0006,732.2006,714.0006,715.8006,240.6088,12846810
2019-11-28,714.4006,719.8006,705.0006,718.6006,241.55,4573562
2019-11-29,715.0006,720.6006,709.2006,711.6006,239.197,7660196
2019-12-02,709.0006,722.4006,696.6006,696.6006,234.1549,13907227
2019-12-03,696.0006,697.395,679.8006,692.2006,232.6759,15437605
2019-12-04,691.8006,705.4006,688.6006,701.8006,235.9029,14051494
2019-12-05,700.0006,706.8006,697.2006,703.0006,236.3062,9284698
2019-12-06,701.0006,718.4006,698.6006,717.6006,241.2139,6548329
2019-12-09,714.8006,726.0006,711.8006,725.0006,243.7013,9762061
2019-12-10,715.0006,718.6006,688.6006,701.0006,235.634,18436725
2019-12-11,700.0006,710.0006,693.8006,703.4006,236.4407,20439925
2019-12-12,701.0006,715.8006,697.0006,704.4006,236.7768,15353361
2019-12-13,705.0006,708.8006,685.6006,686.4006,230.7263,16444066
2019-12-16,692.4006,710.4006,686.2006,705.0006,236.9785,15777841
2019-12-17,703.0006,707.6406,684.2211,690.0006,231.9364,13091046
2019-12-18,690.0006,701.6006,687.5706,698.4006,234.76,11834318
2019-12-19,701.4006,703.6406,691.0006,695.8006,233.886,28502288
2019-12-20,693.8006,698.8006,692.2006,695.8006,233.886,19658591
2019-12-23,697.0006,704.4006,694.8006,704.4006,236.7768,11533593
2019-12-24,703.0006,703.8006,698.0006,698.0006,234.6255,2765736
2019-12-27,700.4006,709.4006,700.4006,701.4006,235.7684,6394087
2019-12-30,700.0006,703.8006,687.8006,687.8006,231.1969,6349884
2019-12-31,687.0006,694.2006,682.2006,683.2006,229.6507,4833889
2020-01-02,688.8006,696.0006,678.6006,681.2006,228.9784,11219732
2020-01-03,678.0006,680.8006,667.4006,677.8006,227.8355,12363024
2020-01-06,674.0006,681.2006,667.1126,677.0006,227.5666,11385517
2020-01-07,682.0006,682.6406,663.4006,668.2006,224.6086,9566798
2020-01-08,662.4006,669.0006,657.2006,665.6006,223.7346,11775530
2020-01-09,671.0006,685.4006,670.6006,685.4006,230.3902,10784065
2020-01-10,692.0006,696.4006,682.6006,682.6006,229.449,9272147
2020-01-13,682.4006,686.6006,671.0006,675.6006,227.096,10644804
2020-01-14,675.8006,684.8006,673.2006,673.6006,226.4237,10725152
2020-01-15,676.0006,680.2006,673.6006,676.8006,227.4994,12543900
2020-01-16,680.0006,682.2006,667.0006,677.4006,227.7011,10710177
2020-01-17,682.8006,684.6406,675.0006,675.8006,227.1632,32818941
2020-01-20,677.6006,678.2406,663.2006,664.4006,223.3312,8401025
2020-01-21,658.8006,669.2006,652.2005,664.0006,223.1968,12584414
2020-01-22,662.8006,665.0006,649.0005,649.0005,218.1547,12542702
2020-01-23,650.8005,665.4006,649.6005,652.4005,219.2976,18277631
2020-01-24,661.6006,662.4406,653.0005,658.0006,221.1799,10471370
2020-01-27,644.0005,650.4005,619.7405,636.6005,213.9866,18529744
2020-01-28,638.6005,665.0006,634.6005,651.0005,218.827,20441359
2020-01-29,652.0005,673.4006,647.8005,673.4006,226.3565,16323142
2020-01-30,667.6006,675.8006,662.8006,674.0006,226.5582,18223200
2020-01-31,677.4006,681.6006,667.0006,670.0006,225.2136,14572828
2020-02-03,672.8006,680.6006,671.2006,675.2006,226.9615,16838610
2020-02-04,677.2006,685.4006,676.2006,685.4006,230.3902,10877448
2020-02-05,681.0006,688.8006,677.7296,686.6006,230.7935,10599264
2020-02-06,689.6006,704.6006,687.9851,693.6006,233.1465,17258431
2020-02-07,694.4006,696.0006,685.9501,687.0006,230.928,10077878
2020-02-10,684.0006,693.0006,680.4006,692.0006,232.6087,13724395
2020-02-11,693.6006,697.0006,687.1016,697.0006,234.2894,9604063
2020-02-12,695.2006,702.8006,692.8006,699.0006,234.9617,12476368
2020-02-13,690.2006,711.0006,620.0005,667.4006,224.3397,64180228
2020-02-14,675.0006,686.2006,664.4006,677.2006,227.6338,17107980
2020-02-17,676.0006,683.6006,670.7626,683.0006,229.5834,5678781
2020-02-18,679.6006,679.6006,666.2006,675.0006,226.8943,11594155
2020-02-19,677.6006,678.4006,654.0005,662.2006,222.5917,24603079
2020-02-20,665.0006,675.0006,661.8006,664.6006,223.3985,12422455
2020-02-21,666.6006,666.6006,644.0005,645.6005,217.0118,15747168
2020-02-24,630.0005,634.2005,613.2815,628.4005,211.2302,18957351
2020-02-25,629.4005,630.8005,609.4005,609.4005,204.8436,17123287
2020-02-26,610.0005,619.8005,596.4005,616.6005,207.2638,30263021
2020-02-27,602.0005,617.5905,586.2005,600.6005,201.8855,38790827
2020-02-28,625.2005,644.0005,610.2005,620.0005,208.4066,162527452
2020-03-02,645.8005,651.0005,601.2005,615.8005,206.9948,52046984
2020-03-03,622.0005,649.0005,617.4005,635.8005,213.7176,36047098
2020-03-04,637.0005,639.8005,604.2005,607.4005,204.1713,46502239
2020-03-05,607.2005,614.0005,564.8005,587.2005,197.3813,30602883
2020-03-06,572.0005,597.4005,566.0005,588.2005,197.7174,30328645
2020-03-09,560.0005,579.0005,551.4005,568.2005,190.9946,31554866
2020-03-10,567.6005,586.0005,550.4005,557.4005,187.3643,33864988
2020-03-11,561.8005,564.8005,532.4004,537.6005,180.7087,51212964
2020-03-12,452.0004,495.4004,451.2004,451.2004,151.6662,54795058
2020-03-13,468.6004,498.8004,455.0004,480.0004,161.3471,38216531
2020-03-16,450.0004,454.5004,347.3003,430.0004,144.5401,34083365
2020-03-17,443.0004,449.0004,372.9003,388.5003,130.5903,34500945
2020-03-18,372.1003,378.2003,312.6003,346.4003,116.4388,49171777
2020-03-19,347.9003,374.5003,306.1003,365.3003,122.7918,63970940
2020-03-20,379.4003,384.1003,344.4003,359.4003,120.8086,86335153
2020-03-23,333.0003,344.2003,300.0003,336.1003,112.9766,140638152
2020-03-24,351.3003,355.0003,322.2003,350.1003,117.6825,56664023
2020-03-25,362.0003,397.1003,342.2003,397.0003,133.4475,37677727
2020-03-26,389.9003,407.1003,380.0003,405.2003,136.2038,45344293
2020-03-27,397.3003,407.3063,361.9003,364.7003,122.5902,34786607
2020-03-30,350.0003,355.0003,307.1003,321.3003,108.0017,50541162
2020-03-31,325.1003,346.9003,324.1003,340.6003,114.4892,41481054
2020-04-01,328.8003,331.6003,300.4003,305.0003,102.5226,53832786
2020-04-02,300.0003,300.7003,262.5002,278.3002,93.5477,60513543
2020-04-03,280.0002,290.2002,249.0002,251.6002,84.5728,49389368
2020-04-06,261.6002,304.9003,261.4002,297.7002,100.0688,94655125
2020-04-07,305.0003,356.0023,300.2291,335.7003,112.8421,63837481
2020-04-08,323.0003,331.2668,301.0893,326.2003,109.6488,77421207
2020-04-09,332.1003,354.6003,324.7003,350.2003,117.7161,69550598
2020-04-14,350.2003,350.2003,325.5003,335.5003,112.7749,39936505
2020-04-15,338.0003,339.1478,309.0003,310.0003,104.2033,30917860
2020-04-16,317.7003,330.0003,307.2003,309.1003,103.9008,29381179
2020-04-17,327.6003,346.6003,322.1003,334.5003,112.4387,40604195
2020-04-20,336.4003,340.5003,323.2003,327.4003,110.0521,74773696
2020-04-21,324.2003,327.2003,306.061,307.4003,103.3294,26825416
2020-04-22,309.6003,318.5003,301.1003,312.6003,105.0773,81875005
2020-04-23,310.0003,318.4003,306.5003,317.6003,106.758,15502119
2020-04-24,305.0003,312.8003,302.6003,310.2003,104.2705,55482535
2020-04-27,320.0003,325.4091,304.7003,307.8003,103.4638,31709980
2020-04-28,311.0003,322.7003,308.6003,319.5003,107.3966,50630768
2020-04-29,321.9003,357.6003,318.7738,357.6003,120.2036,39196430
2020-04-30,361.5003,378.0003,325.5003,330.0003,110.9261,41278879
2020-05-01,320.0003,326.2003,312.1003,313.1003,105.2454,14524111
2020-05-04,315.4003,317.7003,278.0002,291.4002,97.9511,48077707
2020-05-05,295.0002,306.9733,290.6002,300.0003,100.8419,30571325
2020-05-06,295.0002,304.6003,291.2314,293.7002,98.7242,20176448
2020-05-07,294.3002,301.5003,277.1002,287.1002,96.5057,72532202
2020-05-11,289.6002,291.4002,273.2002,282.6002,94.9931,37877542
2020-05-12,282.5002,282.7002,273.0002,279.0002,93.783,24778229
2020-05-13,274.5002,283.1002,256.2002,257.9002,86.6904,91684836
2020-05-14,255.0002,261.0002,235.5002,247.0002,83.0265,44465220
2020-05-15,251.4002,256.9738,238.8652,249.7002,83.9341,55252327
2020-05-18,251.6002,272.9002,249.5002,272.2002,91.4972,30819512
2020-05-19,273.5002,277.7002,259.6002,267.6002,89.951,56207369
2020-05-20,264.5002,284.8002,254.4002,273.7002,92.0014,64260510
2020-05-21,271.2002,297.0002,270.0002,283.3002,95.2284,40620980
2020-05-22,281.5002,286.1272,273.3302,280.6002,94.3208,81330721
2020-05-26,294.6002,319.4003,291.9002,314.8003,105.8168,47524916
2020-05-27,322.0003,369.8003,320.7179,346.1003,116.338,77212006
2020-05-28,320.0003,332.3003,303.2003,319.0003,107.2286,133343209
2020-05-29,301.0003,302.9003,271.6002,271.6002,91.2956,160135038
2020-06-01,278.2002,292.4002,274.9002,286.5002,96.304,53967009
2020-06-02,290.3002,305.5003,285.2682,300.4003,100.9764,46690952
2020-06-03,310.0003,333.9003,304.5003,328.2003,110.3211,78465943
2020-06-04,328.0003,329.3003,310.138,324.0003,108.9093,54349504
2020-06-05,329.9003,356.9092,322.1003,355.9003,119.6321,70058516
2020-06-08,353.8003,412.1003,349.0003,398.4003,133.9181,112358440
2020-06-09,414.8003,426.8004,364.3033,370.0003,124.3717,135709922
2020-06-10,369.9003,388.9862,340.4003,353.3003,118.7582,84184102
2020-06-11,342.8003,347.1003,315.3353,321.6003,108.1025,58847654
2020-06-12,315.2003,345.7003,308.0003,327.5003,110.0858,49443134
2020-06-15,314.6003,326.4003,304.1003,323.8003,108.842,39339683
2020-06-16,339.9003,353.7003,328.8003,336.2003,113.0102,38850477
2020-06-17,336.0003,347.7003,324.6003,332.1003,111.632,26466530
2020-06-18,329.9003,337.1003,321.3003,335.5003,112.7749,23653433
2020-06-19,337.3003,340.1003,332.3733,334.2003,112.3379,32296893
2020-06-22,328.8003,337.4003,318.7003,319.3003,107.3294,74848359
2020-06-23,323.9003,334.9003,317.5003,317.8003,106.8252,24903625
2020-06-24,317.8003,327.5003,300.2003,300.2003,100.9091,37605897
2020-06-25,297.6002,300.2003,287.1002,295.4002,99.2957,45209053
2020-06-26,300.9003,305.9003,284.5002,285.0002,95.7998,38830924
2020-06-29,283.4002,295.3002,279.7002,289.6002,97.3461,29727102
2020-06-30,290.7002,293.8002,280.4002,285.4002,95.9343,28226604
2020-07-01,283.6002,292.9002,269.3002,285.6002,96.0015,54460589
2020-07-02,291.9002,305.9003,285.5002,292.5002,98.3209,33150003
2020-07-03,294.3002,297.5002,258.5002,263.2002,88.472,65021539
2020-07-06,273.8002,283.5002,271.3002,280.9002,94.4217,54169301
2020-07-07,280.0002,284.7553,274.8002,277.5002,93.2788,41204572
2020-07-08,279.2002,289.4002,274.3002,287.8002,96.741,41854079
2020-07-09,292.8002,297.5002,256.3002,256.3002,86.1526,91162462
2020-07-10,255.0002,266.7002,251.702,266.7002,89.6485,40797162
2020-07-13,271.0002,276.8002,265.655,267.8002,90.0182,25904077
2020-07-14,265.1002,267.6002,253.8002,258.2002,86.7913,27933173
2020-07-15,263.5002,273.9259,262.3952,272.2002,91.4972,40389665
2020-07-16,275.0002,278.8502,262.0762,267.7002,89.9846,31150196
2020-07-17,272.0002,272.276,258.7002,264.4002,88.8753,30081448
2020-07-20,264.6002,266.1002,257.3002,264.8002,89.0098,20755284
2020-07-21,268.3002,285.6002,265.5002,285.6002,96.0015,117792277
2020-07-22,286.0002,292.9241,273.6002,281.5002,94.6233,31257985
2020-07-23,281.0002,288.0002,271.2002,271.6002,91.2956,22412361
2020-07-24,266.2002,271.1002,262.0002,268.1002,90.1191,21838829
2020-07-27,267.5002,267.5002,251.5002,260.0002,87.3963,33012724
2020-07-28,261.7002,264.6202,251.855,262.6002,88.2703,23419568
2020-07-29,262.0002,268.6002,253.0002,253.1002,85.077,31957584
2020-07-30,254.0002,255.2002,238.2002,245.3002,82.4551,30576949
2020-07-31,245.7002,247.0002,231.6002,231.6002,77.85,30744971
2020-08-03,231.7002,232.2002,212.1002,230.4002,77.4466,40554977
2020-08-04,230.6002,248.8002,230.3002,245.3002,82.4551,27835216
2020-08-05,246.1002,258.5002,246.1002,258.5002,86.8921,37669947
2020-08-06,260.9002,262.4002,245.4002,253.1002,85.077,24499937
2020-08-07,251.0002,252.8342,242.1002,252.6002,84.9089,17185840
2020-08-10,255.7002,265.7002,252.7002,265.7002,89.3123,19016436
2020-08-11,267.9002,282.5502,267.2369,273.7002,92.0014,76676266
2020-08-12,273.0002,279.7002,264.7002,271.4002,91.2283,24415590
2020-08-13,270.0002,273.9002,265.1002,267.7002,89.9846,22043294
2020-08-14,267.0002,268.8002,252.8002,257.1002,86.4215,18530706
2020-08-17,257.0002,260.5002,247.3915,257.3002,86.4888,19883941
2020-08-18,254.0002,259.8002,250.5631,255.0002,85.7156,19466326
2020-08-19,256.4002,262.4497,250.5002,262.3002,88.1695,10645492
2020-08-20,255.2002,256.9002,251.7002,256.0002,86.0518,17473177
2020-08-21,256.8002,261.5002,253.4002,258.3002,86.8249,33443271
2020-08-24,260.1002,265.2002,254.8002,261.5002,87.9005,14994213
2020-08-25,264.6002,272.6002,257.2002,257.2002,86.4551,19299443
2020-08-26,260.6002,260.6002,250.1367,253.0002,85.0434,17847518
2020-08-27,243.5002,260.4002,227.5662,250.0002,84.0349,84495119
2020-08-28,249.0002,252.2002,238.4002,241.1002,81.0433,46552273
2020-09-01,236.5002,238.2002,206.7002,206.7002,69.4801,114135380
2020-09-02,212.0002,221.9002,209.6002,217.6002,73.144,52272681
2020-09-03,219.5002,233.4002,216.5002,218.3002,73.3793,50693161
2020-09-04,217.5002,225.2002,214.7002,217.5002,73.1104,31186737
2020-09-07,220.0002,227.5002,211.6002,225.5002,75.7995,19224820
2020-09-08,225.5002,228.9002,214.1002,218.9002,73.581,28528494
2020-09-09,216.5002,217.907,207.8002,210.7002,70.8246,96503459
2020-09-10,211.0002,215.7002,204.7002,208.3002,70.0179,32896104
2020-09-11,210.6002,213.2447,205.4002,210.0002,70.5893,21265594
2020-09-14,212.9002,212.9002,204.5977,210.3002,70.6902,21407189
2020-09-15,210.6002,212.2882,203.3002,203.3002,68.3372,29027227
2020-09-16,203.2002,203.9002,182.6002,192.3502,64.6565,76314898
2020-09-17,188.7002,192.5002,187.1502,189.9002,63.8329,38071063
2020-09-18,188.3002,189.0502,176.1501,180.1502,60.5556,68685748
2020-09-21,176.6501,177.7001,159.2501,160.7001,54.0177,62393025
2020-09-22,162.1501,163.1501,155.7001,160.7001,54.0177,57385542
2020-09-23,160.2001,173.0001,157.9501,162.4001,54.5891,53359117
2020-09-24,157.9001,160.3501,150.1001,150.1001,50.4546,43512508
2020-09-25,151.9501,171.0001,141.6001,154.7501,52.0176,73495494
2020-09-28,154.2501,154.3001,144.2501,149.2501,50.1689,44574321
2020-09-29,149.9501,149.9501,140.4001,140.4001,47.194,43322864
2020-09-30,139.4501,139.9501,129.7501,130.0001,43.6982,69768690
2020-10-01,120.0001,129.0001,112.5501,116.8001,39.2611,179219338
2020-10-02,114.0001,114.0001,100.8047,113.6001,38.1855,93164666
2020-10-05,115.9001,123.4001,109.6501,123.4001,41.4796,116878320
2020-10-06,124.7001,151.1319,120.457,150.0001,50.421,129574032
2020-10-07,149.2001,164.5001,143.2001,156.6501,52.6563,161986434
2020-10-08,157.9001,201.0002,157.5501,195.3502,65.6649,188852227
2020-10-09,195.9002,252.4002,195.5002,223.2002,75.0264,218124106
2020-10-12,225.7002,237.3342,186.6542,194.8502,65.4968,188090710
2020-10-13,195.0002,200.0002,177.0001,183.1002,61.5472,77169118
2020-10-14,182.9502,186.8002,173.0001,180.0002,60.5052,47783597
2020-10-15,183.8002,198.8702,173.1501,195.1002,65.5809,50306443
2020-10-16,201.9002,221.9002,196.9502,221.9002,74.5894,77626413
2020-10-19,224.1002,237.6002,212.3002,220.0002,73.9507,64807181
2020-10-20,218.9002,231.9002,210.1002,227.0002,76.3037,45853082
2020-10-21,225.6002,233.0002,222.0002,224.6002,75.497,38288449
2020-10-22,221.6002,227.8002,216.1002,226.9002,76.2701,35246615
2020-10-23,232.0002,243.7002,227.0002,243.7002,81.9173,60999690
2020-10-26,234.9002,241.6002,226.1002,226.1002,76.0012,36248894
2020-10-27,226.3002,235.8002,218.6002,219.0002,73.6146,52844996
2020-10-28,77,101.95,70.2035,84.54,82.8086,211643203
2020-10-29,84,84.7,71.74,72.4,70.9172,99090484
2020-10-30,70,74.9719,64.86,71.32,69.8593,74632930
2020-11-02,69.42,77.26,66.5,76.56,74.992,50408754
2020-11-03,75,84,74.696,84,82.2796,73734227
2020-11-04,79.14,86.4,78.2,83.9,82.1817,73683602
2020-11-05,78.58,81.72,72.08,74.52,72.9938,82070398
2020-11-06,72.92,73.2,67.32,69.56,68.1354,86207070
2020-11-09,69.58,137.45,69,100,97.9519,273517188
2020-11-10,104.65,128.8025,101.75,107,104.8086,141284297
2020-11-11,109,114.45,96.76,98.42,96.4043,96648953
2020-11-12,95.98,106.6,89.1513,90,88.1568,149794891
2020-11-13,89.38,96.15,86.38,93.7,91.781,109640000
2020-11-16,95.78,104.4223,95.64,103,100.8905,167541500
2020-11-17,104.45,105,97.9,102.7,100.5967,87319594
2020-11-18,104.75,104.75,100.2,102.6,100.4987,64319078
2020-11-19,100.15,102.85,98.122,98.56,96.5414,72678766
2020-11-20,99.56,101.2,98.6662,99.44,97.4034,45155090
2020-11-23,101,108.127,100.5,107,104.8086,82517938
2020-11-24,108.8,118.9,108.5,115.75,113.3794,126871602
2020-11-25,121,122,109,110.9,108.6287,78583938
2020-11-26,111.05,112.8,106.5,108.3,106.082,39317848
2020-11-27,108,111.4,102.603,107.65,105.4453,75209219
2020-11-30,107.3,110.3,105.7,105.7,103.5352,54663820
2020-12-01,105,112.4,103.05,112.1,109.8041,41118602
2020-12-02,116.6,118,109.75,116.75,114.3589,80221406
2020-12-03,120,134.9,119.3,134.9,132.1372,171564297
2020-12-04,133.85,134.5,127.4,130.25,127.5824,112258203
2020-12-07,130.7,133.229,127.4757,130.85,128.1701,56197141
2020-12-08,129,130.4,125.1,126.25,123.6643,43340719
2020-12-09,128,132.05,128,129.65,126.9947,77884094
2020-12-10,129.55,130.45,125.25,127,124.399,35231953
2020-12-11,125.5,125.85,114.1,117,114.6038,92092625
2020-12-14,118.8,124.4041,117.4,118.75,116.3179,80854602
2020-12-15,117.2,117.3,112.2,115.3,112.9386,55739539
2020-12-16,113,117.9023,113,114.8,112.4488,71740250
2020-12-17,116.5,117.7,111.75,112.45,110.147,43667312
2020-12-18,111.85,114.6697,109,113.95,111.6162,90483430
2020-12-21,104.55,111.4,95.1,110.25,107.992,153227109
2020-12-22,109.6,113.7,107.5182,112.65,110.3429,37373559
2020-12-23,112.45,116.4,111.45,115.6,113.2325,36332633
2020-12-24,117.3,120.75,114.6202,115.75,113.3794,21508180
2020-12-29,120.55,121.1,112.65,112.85,110.5388,49485688
2020-12-30,113,115.03,111.9,112.05,109.7552,21556311
2020-12-31,111.75,112.65,109.14,111.25,108.9715,15415460
2021-01-04,112,113,102.2,103.2,101.0864,79652531
2021-01-05,102.65,108.25,101.15,107.75,105.5432,96349875
2021-01-06,109.55,111.7,106.65,111.05,108.7756,36904781
2021-01-07,113.05,113.4,108.05,111.1,108.8246,49868922
2021-01-08,112.5,112.5,106.85,107.3,105.1024,38353992
2021-01-11,107.95,108.25,104.2,105.75,103.5842,42569359
2021-01-12,106.15,108.9,105.35,107.75,105.5432,23311199
2021-01-13,108.55,108.8,103.75,105.6,103.4373,40257711
2021-01-14,106.95,109.2,104.7,106.65,104.4658,29157150
2021-01-15,106.1,106.7814,104,105.9,103.7311,35871289
2021-01-18,105.5,105.65,103.65,104.25,102.1149,26624131
2021-01-19,106.5,109.25,104.4,104.65,102.5067,51765832
2021-01-20,105.3,108.65,104.35,107.4,105.2004,41279031
2021-01-21,108.3,108.35,103.3,103.3,101.1844,45447160
2021-01-22,103.1,103.8,100.35,102.95,100.8415,39661207
2021-01-25,103.6,103.9,95.5606,98,95.9929,78202242
2021-01-26,96.5,98.24,86.7,96.32,94.3473,128922203
2021-01-27,94.62,99.46,92.06,95.16,93.2111,58815578
2021-01-28,94.56,99.78,91.58,96.94,94.9546,56342262
2021-01-29,94.62,96.46,91.12,91.7,89.8219,111939797
2021-02-01,93.32,95.5,92.02,94.1,92.1728,48381129
2021-02-02,96.48,96.82,94.2,94.76,92.8193,52354910
2021-02-03,95.36,96.443,90.56,91.88,89.9983,58482793
2021-02-04,92.52,95.12,91.98,93.9,91.9769,43147168
2021-02-05,94.2,95.2,92.2,93.9,91.9769,47764359
2021-02-08,94.4,94.9,91.14,93,91.0953,40071770
2021-02-09,93.42,93.42,91.44,91.58,89.7044,39344594
2021-02-10,93.1,95.22,91.2,92.8,90.8994,96274609
2021-02-11,92.84,93.26,90.7,92.6,90.7035,38191000
2021-02-12,91.74,93.08,90.7,92.86,90.9582,27054551
2021-02-15,93.9,97.6,92.26,96.08,94.1122,51964719
2021-02-16,97.26,100.25,96.36,99.94,97.8932,61688441
2021-02-17,102.5,102.8,100.1,102.3,100.2048,56930121
2021-02-18,102,102.27,93.28,93.34,91.4283,57722406
2021-02-19,94.94,99.86,94.26,98.66,96.6394,75707352
2021-02-22,97.48,105.6503,96.28,105.45,103.2903,82699711
2021-02-23,106,115.5,104.55,106.65,104.4658,130456602
2021-02-24,109,112.28,106.25,111.9,109.6082,58165273
2021-02-25,117.45,118.95,112.05,112.05,109.7552,81938477
2021-02-26,110,113.2,105.7,107.7,105.4942,71533594
2021-03-01,110.5,113.45,107.8244,111.4,109.1185,48409641
2021-03-02,110.8,112.2,109.15,110.15,107.8941,27420410
2021-03-03,111,114.45,110.15,114.45,112.106,42463047
2021-03-04,113.1,115.85,111.9804,114.35,112.0081,42311953
2021-03-05,113.5,114.7,108.15,108.55,106.3268,60860191
2021-03-08,111.3,116.5,109.45,116.5,114.114,102980305
2021-03-09,115.65,118.29,112.45,113.85,111.5183,45799449
2021-03-10,115.6,115.85,112.05,113,110.6857,61019941
2021-03-11,117.55,117.65,112.382,113.8,111.4693,50945719
2021-03-12,114.5,114.85,113.15,114.85,112.4978,40282871
2021-03-15,114.6,119.1159,114.45,118,115.5833,64553480
2021-03-16,119.15,125.34,118.2265,122.85,120.334,75769727
2021-03-17,128.55,128.55,125.05,127.2,124.5949,74363695
2021-03-18,128.3,128.708,123.1,124.55,121.9992,59445941
2021-03-19,123,123.85,117,117,114.6038,86618914
2021-03-22,115.85,115.85,108.7,111.9,109.6082,73655648
2021-03-23,110.5,113.15,104.85,105.3,103.1434,81043172
2021-03-24,103.7,110,99,108,105.7881,76788125
2021-03-25,107.6,108.35,102.8,106.05,103.878,39039840
2021-03-26,106.05,109.95,105.1,106.2,104.025,47153070
2021-03-29,106.25,106.9413,104.75,106.05,103.878,38109480
2021-03-30,106.2,109.25,105.8914,108.55,106.3268,38498473
2021-03-31,108.55,109.65,105.3,105.3,103.1434,45301191
2021-04-01,105.32,109.84,105.3,108.92,106.6893,42760059
2021-04-06,111.46,113.9906,110.5,111.76,109.4711,59606090
2021-04-07,112.6,113.941,111.56,111.88,109.5886,44466992
2021-04-08,112.1,113.2631,108.58,111.12,108.8442,38189059
2021-04-09,111.34,113.6,110.52,111.88,109.5886,39746473
2021-04-12,112.4,112.8,106.82,108.22,106.0036,36773539
2021-04-13,108.1,109.9418,106.08,107.7,105.4942,27769980
2021-04-14,107.54,108.9,106.9304,107.74,105.5334,24383109
2021-04-15,108.8,109.88,106.6,107,104.8086,38660500
2021-04-16,107,108.23,104.38,104.56,102.4186,53048129
2021-04-19,106.06,106.957,104.56,105.18,103.0259,30950369
2021-04-20,104.32,105.72,99.28,99.28,97.2467,68603070
2021-04-21,99.9,102.04,96.5,99.87,97.8246,58919660
2021-04-22,101.74,102.88,100.14,102.82,100.7142,41011121
2021-04-23,101.4,102.4,99.33,101.76,99.6759,34408969
2021-04-26,102.24,107.82,102.16,107.82,105.6118,42402441
2021-04-27,107.56,107.76,102.94,102.94,100.8317,51134922
2021-04-28,102,104.48,101.44,102.76,100.6554,39356262
2021-04-29,103.1,104.64,100.94,102.02,99.9306,33746219
2021-04-30,102.4,105.5,101.46,104.62,102.4773,35820680
2021-05-04,105,106.64,100.5,101.22,99.147,56543473
2021-05-05,102.08,103.2,100.62,101.76,99.6759,33696090
2021-05-06,102.62,104.32,102,103.4,101.2823,37055367
2021-05-07,104.64,106.89,104.02,106.74,104.5539,39761594
2021-05-10,107,110.42,105.16,109.68,107.4337,45288219
2021-05-11,108,108.477,102.12,104.34,102.2031,63816992
2021-05-12,106,106.46,103.9132,104.86,102.7124,24789240
2021-05-13,103.46,105.94,100.58,104.3,102.1639,34621301
2021-05-14,105.16,107.759,102.4378,107.64,105.4355,35353289
2021-05-17,107.7,108.68,102.52,102.98,100.8709,39596230
2021-05-18,104.64,105,101.84,102.94,100.8317,33419320
2021-05-19,101.4,103.66,99.9453,103.36,101.2431,43630480
2021-05-20,104.12,104.98,100.5378,103.26,101.1452,31088990
2021-05-21,103.18,105.28,102.18,105.2,103.0454,56221551
2021-05-24,105,106,104.078,105.72,103.5548,18948830
2021-05-25,105.9,106.87,104.959,105.42,103.2609,23763820
2021-05-26,105.76,105.94,102.58,103.04,100.9297,28971551
2021-05-27,103.08,109.32,102.32,107.06,104.8674,79688008
2021-05-28,108.42,109.18,105.88,107.02,104.8282,34976648
2021-06-01,106.54,109.48,106.24,108.94,106.7089,44497160
2021-06-02,109,112.64,108.96,112.3,110,46285020
2021-06-03,112.32,112.556,109.4,109.68,107.4337,35872512
2021-06-04,109.5,110.3655,105.82,107.32,105.122,39848230
2021-06-07,108.1,110.76,105.8494,110.12,107.8647,75895891
2021-06-08,110.24,112.76,109.32,111.4,109.1185,39237289
2021-06-09,111.4,113.2,110.32,112.56,110.2547,31100490
2021-06-10,112.44,113.44,110.94,111.04,108.7658,22080830
2021-06-11,111.76,112.44,110.8772,111.94,109.6474,34108910
2021-06-14,112,112.5,107.22,107.36,105.1612,96220094
2021-06-15,107.84,110,107.16,108,105.7881,32482061
2021-06-16,108.2,110.32,108.14,110,107.7471,21291971
2021-06-17,109.12,113.48,109.12,111.92,109.6278,32574480
2021-06-18,112.04,112.24,106.7,107.52,105.3179,54500340
2021-06-21,106.32,109.72,104.02,109.26,107.0223,36844340
2021-06-22,109.8,112.46,107.82,108.2,105.984,34202391
2021-06-23,108.76,110.66,107.9,109.44,107.1986,26743330
2021-06-24,109.9,110.7,107.7,107.78,105.5726,26858801
2021-06-25,108.42,109.5,105.4,106.5,104.3188,39517922
2021-06-28,106.42,107,100.5,100.5,98.4417,74198109
2021-06-29,100.1,103.1,98.04,98.58,96.561,92294766
2021-06-30,98.63,99.9,94.69,98.92,96.8941,80524016
2021-07-01,99.7,101.94,99.16,100.86,98.7943,61514980
2021-07-02,101.5,103.48,101.06,102.58,100.4791,45208246
2021-07-05,102.5,105.46,101.48,104.98,102.83,29593369
2021-07-06,105,106.293,102.24,103.66,101.537,30657619
2021-07-07,103.88,104.78,100.34,100.88,98.8139,32911578
2021-07-08,100.2,101.662,98.16,100.72,98.6572,51353992
2021-07-09,101.32,103,100.64,101,98.9315,34263754
2021-07-12,100.8,100.8,95.74,95.74,93.7792,56885660
2021-07-13,96.23,97.581,93.52,93.61,91.6928,59253633
2021-07-14,93,94.35,90.55,92.76,90.8602,51974680
2021-07-15,93,93.1,91.05,91.14,89.2734,36680352
2021-07-16,91.61,94.97,91.0712,93.06,91.1541,48974180
2021-07-19,92.7,92.98,86.69,87,85.2182,80560961
2021-07-20,88.22,90.86,87.48,90.02,88.1763,46922441
2021-07-21,90.79,97.3,90.79,97,95.0134,58146930
2021-07-22,97.46,99.15,95.16,95.28,93.3286,33227621
2021-07-23,96.61,98.86,95.33,95.63,93.6714,27430221
2021-07-26,95,98.04,94.7,97.02,95.033,24293330
2021-07-27,96.28,98.39,94.7092,98.27,96.2574,42938559
2021-07-28,98,103.28,97.72,101.7,99.6171,45174879
2021-07-29,101.9,104.43,101.6,102.18,100.0873,33575594
2021-07-30,100.48,101.22,98.3,99.71,97.6679,34598633
2021-08-02,101,104.31,101,103.48,101.3607,40770578
2021-08-03,103.12,104.12,101.8683,103.14,101.0276,31802240
2021-08-04,103.74,105.34,103.1,104.54,102.399,44352406
2021-08-05,105.5,110.68,103.846,110.68,108.4132,97643477
2021-08-06,111.38,112.8,109.4,112.42,110.1176,61814793
2021-08-09,112.32,112.38,108.74,109.08,106.846,35415633
2021-08-10,108.6,110.18,106.74,110.02,107.7667,32975969
2021-08-11,110.78,111.6,108.78,111.6,109.3144,26418949
2021-08-12,111.48,112.42,108.74,109.56,107.3162,25667090
2021-08-13,109.8,112.42,109.38,111.18,108.903,33545230
2021-08-16,109.44,110.46,108.52,109.7,107.4533,29794170
2021-08-17,108.8,111.46,107.8954,111.46,109.1772,27753500
2021-08-18,111.36,113,110.76,113,110.6857,28383510
2021-08-19,110,112.923,108.76,111.22,108.9422,32093039
2021-08-20,111.2,111.52,109.6,110.16,107.9039,22923230
2021-08-23,112,114.3,110.963,113.74,111.4105,46712141
2021-08-24,114.3,118.28,114.1,118.28,115.8576,46354379
2021-08-25,118.54,120.57,113.7958,116.48,114.0944,55529078
2021-08-26,115.68,117.94,114.5,116.06,113.683,26115670
2021-08-27,115.68,116.78,114.14,116.74,114.3491,23153721
2021-08-31,115.4,116.24,113.38,114.86,112.5076,45427809
2021-09-01,115.76,117.06,114.62,114.94,112.586,31972439
2021-09-02,114.9,115.542,113.44,114.24,111.9003,26275420
2021-09-03,113.92,114.38,111.6513,111.7,109.4123,20848869
2021-09-06,112.58,113.98,112.04,112.04,109.7454,13227170
2021-09-07,112.54,113.46,109.2,110.88,108.6091,18397650
2021-09-08,110.88,113.64,109.86,111.26,108.9813,20066779
2021-09-09,110,111.88,108.1515,111.02,108.7463,23476570
2021-09-10,111.06,111.66,108.64,109.18,106.9439,19281199
2021-09-13,109.74,112.14,109.2,111.94,109.6474,35903000
2021-09-14,111.06,111.3,109.0737,109.16,106.9243,22788270
2021-09-15,109,109.36,104.94,105.5,103.3393,57219539
2021-09-16,106.36,110.36,106.1,109.06,106.8264,50087449
2021-09-17,109.92,112.94,109.4285,111,108.7267,172599812
2021-09-20,109.1,117.3,100.16,115.7,113.3304,71596367
2021-09-21,116.14,120.44,115.74,119.58,117.1309,64109809
2021-09-22,119.9,122.18,119.281,122.18,119.6777,44820141
2021-09-23,123.3,127.38,122.68,126.94,124.3402,64345820
2021-09-24,127,134.22,126.7513,132.5,129.7863,78220969
2021-09-27,135.98,148.4489,135.74,147.48,144.4595,145272188
2021-09-28,147.66,148,138.14,142.66,139.7382,85407273
2021-09-29,141,145.68,138.253,144.6,141.6385,50306527
2021-09-30,141.48,145.24,138.1,140.14,137.2699,52496281
2021-10-01,137.44,144.08,135.6659,142.88,139.9537,47965320
2021-10-04,144,145.68,141.1,142.14,139.2289,35949820
2021-10-05,143,144.46,141.4,144.04,141.09,32333789
2021-10-06,143.56,144,137.56,140.5,137.6225,46016422
2021-10-07,143.56,143.74,140.38,141.22,138.3277,28173070
2021-10-08,141.44,144.24,141.38,143.7,140.7569,27997320
2021-10-11,142.48,145.48,141.06,145.48,142.5005,25187480
2021-10-12,144.2,144.433,141.66,143.9,140.9529,49212461
2021-10-13,143.48,144.42,141.06,143.32,140.3847,21466400
2021-10-14,143.98,145.24,141.62,143.44,140.5023,29669881
2021-10-15,143.48,145.44,143.04,144.56,141.5993,26744850
2021-10-18,143.1,143.9967,141.5,142.64,139.7187,28173680
2021-10-19,142.84,143.06,138.56,139.44,136.5842,51320488
2021-10-20,139.96,139.96,132.76,138.28,135.448,39260848
2021-10-21,137.78,139.34,135.36,138,135.1737,20997449
2021-10-22,138,139.12,135.06,135.1,132.3331,22365330
2021-10-25,135.62,136.34,131.24,132.54,129.8255,31818830
2021-10-26,132.54,137.5,131.4,134.96,132.1959,23333971
2021-10-27,134.04,135.4,133.5,133.92,131.1772,18310881
2021-10-28,133,136.26,131.12,132.02,129.3162,21605840
2021-10-29,132.08,134,131.2734,131.84,129.1398,23526141
2021-11-01,132.92,135,132,133.42,130.6875,17559369
2021-11-02,133.08,134.413,131.968,132.9,130.1781,14304680
2021-11-03,132.48,133.28,131.5,132.6,129.8843,15275670
2021-11-04,133.28,137.74,133,135.08,132.3135,19218740
2021-11-05,135.1,143.94,132.8,142.94,140.0125,51747230
2021-11-08,143.34,144.2,140.48,141.76,138.8567,28273301
2021-11-09,142,150.48,142,146.86,143.8522,65677211
2021-11-10,147.1,148.88,145.6923,147.2,144.1853,41345711
2021-11-11,146.68,147.949,143.84,145.4,142.4221,27335510
2021-11-12,145,145.5283,142.44,143.28,140.3456,25603570
2021-11-15,142.12,146.4,141.86,144,141.0508,16980830
2021-11-16,143.42,145.86,142.4,143.92,140.9724,19505461
2021-11-17,142.8,144.24,140.44,140.44,137.5637,19933189
2021-11-18,140.4,142.58,138,141.48,138.5824,17084789
2021-11-19,142.26,142.66,132.504,136,133.2146,74157320
2021-11-22,136.32,139.74,134.28,135.82,133.0383,26956811
2021-11-23,134.78,138.58,134.22,135.86,133.0775,17563490
2021-11-24,135.56,136.844,131.72,135.02,132.2547,35207398
2021-11-25,136.94,137.71,134.6113,137.54,134.7231,15515270
2021-11-26,124.56,127.96,116.469,121.56,119.0704,117186602
2021-11-29,123.44,125.38,121,122.5,119.9911,51169660
2021-11-30,120.76,126.6,118.04,122.5,119.9911,82792062
2021-12-01,123.42,128.16,123.28,126.14,123.5566,47520738
2021-12-02,123.88,126.93,122.6322,125.44,122.8709,23878971
2021-12-03,126.74,127.96,124.5,124.9,122.342,22257369
2021-12-06,124.9,129.7,124.0748,129.7,127.0437,33875727
2021-12-07,130.74,133,129.48,131.8,129.1007,30225000
2021-12-08,130.94,131.457,124.8,128.64,126.0054,42177578
2021-12-09,129.96,131,122.66,124.3,121.7543,40545359
2021-12-10,122.5,161.9083,121.796,122.8,120.285,34668441
2021-12-13,122.9,123.36,116.38,116.94,114.545,42067941
2021-12-14,117.2,122.5,116.131,117.14,114.7409,42089199
2021-12-15,117.64,118,112.7,113.02,110.7053,29174490
2021-12-16,116.4,117.54,112.92,113.38,111.0579,30283689
2021-12-17,113.3,115.94,112.72,114.3,111.9591,35573898
2021-12-20,112.3,112.6,107.12,110.48,108.2173,61855641
2021-12-21,113.46,114.86,111.36,114.56,112.2138,36799848
2021-12-22,114.88,118.34,114.7,118.34,115.9163,29730359
2021-12-23,118.48,123.8,118.32,120.84,118.3651,31442439
2021-12-24,122.02,123.24,120.6781,121.62,119.1292,5480584
2021-12-29,123.92,125.86,121.78,121.88,119.3838,24630670
2021-12-30,122,123.32,120.88,123.08,120.5593,11207780
2021-12-31,121.7,122.88,121.02,122.88,120.3634,5261705
2022-01-04,126.62,128.34,126.1,127.08,124.4773,38946719
2022-01-05,126.74,128.8751,124.94,128.54,125.9074,25212461
2022-01-06,125.48,129.38,125,126.28,123.6937,25022670
2022-01-07,126.6,127.5,123.46,127.14,124.5361,22908000
2022-01-10,127.48,129.62,126.22,127.66,125.0455,33344301
2022-01-11,128.1,129.0013,125.38,127,124.399,26391961
2022-01-12,128,128.5,126.6,126.88,124.2814,22263350
2022-01-13,126.02,127.9,125.74,127.7,125.0846,24820721
2022-01-14,125.54,126.6606,125.16,125.24,122.675,28278760
2022-01-17,126.66,126.98,125.44,125.9,123.3215,14345120
2022-01-18,126,127.06,123.34,125.66,123.0864,25345641
2022-01-19,124.48,125.16,122.78,123.14,120.618,28830051
2022-01-20,123.94,124.86,122.78,123.72,121.1862,21634520
2022-01-21,123.5,123.52,118.3935,119.72,117.2681,23958420
2022-01-24,118.52,119,112.24,113,110.6857,60870859
2022-01-25,115,117.78,114.08,115.84,113.4675,51174801
2022-01-26,117.48,119.94,116.9,117.68,115.2699,34337648
2022-01-27,114.94,118.023,114.7,115.5,113.1345,23679859
2022-01-28,114.48,115.2136,111.52,113.02,110.7053,51618871
2022-01-31,114.78,115.58,112.78,114.5,112.155,27112869
2022-02-01,115.54,117.24,115.14,117.22,114.8193,25425340
2022-02-02,118,118.36,115.02,115.2,112.8406,21938680
2022-02-03,114.94,117.32,114.62,116.66,114.2707,23459461
2022-02-04,117.5,117.98,111.94,113.6,111.2734,42482199
2022-02-07,114.6,115.58,113.24,115.58,113.2129,24527150
2022-02-08,115,117.78,114.7,117.22,114.8193,43362500
2022-02-09,118.34,121.14,117.92,119.86,117.4052,40747910
2022-02-10,120.06,122.72,119.66,122.72,120.2066,38618406
2022-02-11,121.1,122.12,119.3312,120.9,118.4239,22797070
2022-02-14,117.62,119,113.64,117.7,115.2894,42429609
2022-02-15,117.06,120.32,116.14,120.32,117.8558,23416131
2022-02-16,121.02,121.72,119.18,121.72,119.2271,81515797
2022-02-17,119.8,121.7,118.02,118.02,115.6029,21791230
2022-02-18,117.96,119.64,116.92,117.06,114.6626,32293500
2022-02-21,117.94,119.4,114.72,114.72,112.3705,19718699
2022-02-22,111.44,119.2,110.56,118.02,115.6029,30155000
2022-02-23,118.1,122.1,117.3,117.7,115.2894,41688152
2022-02-24,102,107.652,95.07,102.38,100.2832,225538594
2022-02-25,105.28,108.16,102.1,106.08,103.9074,86773531
2022-02-28,104.84,105.644,99.93,103.5,101.3803,83595375
2022-03-01,102.62,104.94,92,92,90.1158,100521398
2022-03-02,91.69,98.67,87.02,98.23,96.2182,114508898
2022-03-03,99.3,99.3609,94.65,95,93.0544,46842141
2022-03-04,93.32,94.4707,87.3,90.23,88.382,92849312
2022-03-07,86.72,92.59,83.4851,88.21,86.4034,66690930
2022-03-08,86,94.82,85.5,91.38,89.5085,62927219
2022-03-09,93.09,98.635,93.09,94.38,92.447,46702328
2022-03-10,95.58,96.3792,89.5,91.73,89.8513,47418289
2022-03-11,92.28,96.3,91.55,93.51,91.5949,34078391
2022-03-14,95.66,97.24,92.42,93.78,91.8593,36611352
2022-03-15,93.3,94.25,90.22,92.27,90.3803,46417578
2022-03-16,93.8,96.99,93.2339,94.38,92.447,85690367
2022-03-17,95.24,96.19,90.89,94.18,92.2511,70475203
2022-03-18,94.81,94.81,90.9,93.18,91.2716,50517793
2022-03-21,93.83,94.011,92.1,93.1,91.1933,29122930
2022-03-22,93.5,94.95,92.19,94.79,92.8487,38257762
2022-03-23,94.78,95.5,92.06,92.06,90.1746,29548689
2022-03-24,92.14,93.35,90.38,92.3,90.4096,29501221
2022-03-25,92.33,111,91.03,110.14,107.8843,139583594
2022-03-28,100.2,103.67,96.848,98.38,96.3651,159095297
2022-03-29,99.42,104.16,97.61,102.38,100.2832,60054688
2022-03-30,101.94,103.384,99.57,103.06,100.9493,45935738
2022-03-31,103.98,105.3,99.72,101.1,99.0294,38591770
2022-04-01,101.2,101.76,99.2,99.37,97.3349,32598939
2022-04-04,101.24,102.1572,98.0552,100.36,98.3046,42124801
2022-04-05,100.12,100.5396,97,98.66,96.6394,42864660
2022-04-06,98.66,99.688,94.9,96.46,94.4844,41744719
2022-04-07,96.91,97.77,94.75,94.75,92.8095,34175793
2022-04-08,96.25,96.5077,94.28,94.28,92.3491,50595801
2022-04-11,94.18,96.82,92.1384,95,93.0544,30544711
2022-04-12,90,91.38,88.06,89.79,87.9511,91530281
2022-04-13,89,90.03,87.85,90.03,88.1861,46586859
2022-04-14,90.32,93.52,89.6,93.43,91.5165,53922129
2022-04-19,93.5,95.85,93,95.5,93.5441,39404020
2022-04-20,95.35,96.75,93.39,93.42,91.5067,107908305
2022-04-21,94.07,97.449,93.8,96.6,94.6216,35334551
2022-04-22,95,95.81,91.57,91.57,89.6946,35688820
2022-04-25,90,91.52,86.83,86.83,85.0517,64466551
2022-04-26,88.21,89.01,84.11,84.11,82.3874,49558367
2022-04-27,84.4,85.79,82.37,82.38,80.6928,52761660
2022-04-28,83.2,84.89,82.11,83.31,81.6038,41356160
2022-04-29,85,86.19,82.35,83.29,81.5842,35423961
2022-05-03,82.99,84.6,82.2349,84.2,82.4755,41494527
2022-05-04,85.4,85.42,83.22,83.22,81.5156,33702961
2022-05-05,85.24,86.22,81.69,81.74,80.0659,27009949
2022-05-06,81.5,82,78.44,80.31,78.6652,49341711
2022-05-09,80.2,80.71,78.5,78.5,76.8923,34503594
2022-05-10,79.76,80.7,78.14,78.25,76.6474,38987289
2022-05-11,78.91,81.88,77.865,80.5,78.8513,50353992
2022-05-12,79.63,83.27,78.31,81.38,79.7133,40624078
2022-05-13,82,84.77,81.24,83.85,82.1327,34762039
2022-05-16,84,84.25,80.67,80.68,79.0276,39566301
2022-05-17,81.21,81.55,78.91,81.21,79.5468,45440367
2022-05-18,81.65,86.13,81.22,84.78,83.0437,43140633
2022-05-19,83.22,83.65,80.3928,83.03,81.3295,39627711
2022-05-20,83.37,85.11,82.39,83.31,81.6038,42166910
2022-05-23,84.66,84.8325,82.04,83.14,81.4372,24904990
2022-05-24,82.21,82.3194,80.02,80.08,78.4399,43225961
2022-05-25,81,83.52,80.18,83.52,81.8095,28545420
2022-05-26,83.9,86.49,83.27,86.44,84.6697,26385711
2022-05-27,86.03,87.5,85.1924,86.91,85.13,20696730
2022-05-30,88.43,89.99,87.04,88.99,87.1674,36551539
2022-05-31,88.4,89.598,86.14,86.69,84.9145,52757461
2022-06-01,87.92,89.78,87.31,88.73,86.9128,24408910
2022-06-06,90,93.81,89.03,92.92,91.017,43645340
2022-06-07,91.5,93.27,91.38,91.86,89.9787,26031029
2022-06-08,92.22,94.22,92.22,92.39,90.4978,28060330
2022-06-09,91.96,93.4077,90.53,91.69,89.8121,37795398
2022-06-10,90.64,90.8548,87.99,87.99,86.1879,31027020
2022-06-13,87.56,89.89,85.71,86.17,84.4052,42629559
2022-06-14,87.57,89.67,85.77,87.92,86.1194,25494750
2022-06-15,87.71,91.7,87.71,90.69,88.8326,34660238
2022-06-16,90.11,90.5,86.54,87.09,85.3064,35142738
2022-06-17,87.11,90.43,84.53,87.71,85.9137,40797102
2022-06-20,88.46,91.87,87.4,91.5,89.626,80120430
2022-06-21,92.36,93,90.83,90.83,88.9698,18973830
2022-06-22,89.72,89.72,84.57,86.11,84.3464,43418660
2022-06-23,86,86.03,81.85,81.85,80.1737,42480289
2022-06-24,82.17,82.6825,79.08,80.94,79.2823,46659031
2022-06-27,81.29,84.2,81,81.81,80.1345,48517379
2022-06-28,83,89.1,82.7156,87.14,85.3553,39811340
2022-06-29,85.92,86.52,84.02,84.2,82.4755,26970090
2022-06-30,82.83,83.98,81.77,82.95,81.2511,33259961
2022-07-01,82.64,87.66,81.76,86.08,84.317,31136400
2022-07-04,86.48,88.53,85.95,86.54,84.7676,15921340
2022-07-05,88,88,79.12,79.12,77.4996,61267262
2022-07-06,79.3,82.93,79.3,82.12,80.4381,30748010
2022-07-07,82.33,85.72,82.33,85.26,83.5138,29744910
2022-07-08,86.22,87.52,85.08,87.13,85.3455,24038779
2022-07-11,85.5,87.5497,83.9761,86.74,84.9635,20691721
2022-07-12,85.13,88.78,85.13,88.78,86.9617,19665811
2022-07-13,88.65,90.2,87.14,88.58,86.7658,33150422
2022-07-14,88.51,89.58,85.12,85.32,83.5726,34455566
2022-07-15,85.48,90.49,84.85,89.79,87.9511,30074721
2022-07-18,88.41,92.77,88.41,92.19,90.3019,26995721
2022-07-19,91.38,94.4149,90.27,93.85,91.9279,19068449
2022-07-20,94.8,94.8,91.5605,92.03,90.1452,28348420
2022-07-21,93.03,94.1,91.4,92.35,90.4586,19689471
2022-07-22,92.18,94.17,91.4,92.6,90.7035,16156350
2022-07-25,92.18,93.09,90.96,91.95,90.0668,17370381
2022-07-26,91.32,93.64,87.69,87.69,85.8941,66967484
2022-07-27,88.36,88.81,87.07,87.37,85.5806,23842801
2022-07-28,87.51,88.36,84.44,86.44,84.6697,25179260
2022-07-29,88.36,90.8993,88.18,89.27,87.4417,33958727
2022-08-01,89.57,90.77,88.84,89.04,87.2164,18794359
2022-08-02,88.16,89.73,87.7982,87.8,86.0018,20959529
2022-08-03,88.34,91.39,88.28,90.79,88.9306,25596600
2022-08-04,88,88.96,79.8,82.65,80.9573,144463016
2022-08-05,82.65,84.25,81.7409,83,81.3001,40662328
2022-08-08,83.15,87.0656,82.96,86.7,84.9243,44093941
2022-08-09,86.34,87.081,84.14,84.66,82.9261,36623473
2022-08-10,84.16,86.14,83.51,85.55,83.7979,30052949
2022-08-11,85.96,86.6781,84.49,84.76,83.0241,24490301
2022-08-12,84.97,85.89,84.2054,85.01,83.269,16914590
2022-08-15,85.57,85.89,84.72,85.75,83.9938,14193660
2022-08-16,85.73,87.6599,85.54,85.9,84.1407,21331199
2022-08-17,86,86.19,82.72,83.5,81.7899,37278352
2022-08-18,83.76,84.5291,83.1648,83.6,81.8878,13854750
2022-08-19,83.01,83.7798,81.08,81.26,79.5958,28233230
2022-08-22,81.48,82,79.9,80.4,78.7534,31905689
2022-08-23,80.04,81.39,79.5,80.13,78.4889,20046910
2022-08-24,80,80.31,78.73,80.31,78.6652,23059109
2022-08-25,80.22,81.77,79.86,80.53,78.8807,13438650
2022-08-26,81.2,81.28,78.48,78.48,76.8727,22534381
2022-08-30,78.55,80.1,77.37,78.2,76.5984,25551160
2022-08-31,78.55,78.55,76.3,77,75.423,63097922
2022-09-01,75.75,75.9908,69.57,71.31,69.8495,84867047
2022-09-02,72.65,75.2284,71.88,75.07,73.5325,57327070
2022-09-05,73.98,74.17,72.215,74.12,72.602,32556891
2022-09-06,74.66,78.7,74,76.71,75.1389,81963047
2022-09-07,76.36,78.3,75.39,76.75,75.1781,19141199
2022-09-08,77.2,79.2098,76.75,78.28,76.6768,57178422
2022-09-09,79,79.7372,78.44,78.44,76.8335,22276471
2022-09-12,79.65,81.2611,79.1172,80.67,79.0178,21115381
2022-09-13,81.17,81.17,78.18,78.27,76.667,22057891
2022-09-14,77.98,78.63,74.1558,75.16,73.6207,39445809
2022-09-15,76.66,79.75,76.06,76.86,75.2859,36468551
2022-09-16,75.86,77.24,74.84,75.77,74.2182,41252832
2022-09-20,76,77.74,75.41,75.82,74.2672,23451689
2022-09-21,74.5,76.4,73.74,74.32,72.7979,18404869
2022-09-22,73,74.6,72.0865,73.27,71.7694,29995760
2022-09-23,73.34,75.279,70.47,71.88,70.4079,58175660
2022-09-26,71.04,74.61,71,72.67,71.1817,48993699
2022-09-27,72.66,72.97,69.23,69.23,67.8121,37680832
2022-09-28,68.14,68.47,64.44,66.7,65.3339,67051797
2022-09-29,67.41,68.43,65.78,68.26,66.862,39354648
2022-09-30,69,71.05,68.39,69.59,68.1648,45994328
2022-10-03,70,70.244,66.44,69.77,68.3411,33872246
2022-10-04,70.4,74.49,70.21,74.47,72.9448,39848711
2022-10-05,73.74,75.37,73.12,73.92,72.4061,21912230
2022-10-06,74.43,75.23,70.75,71.29,69.8299,24574830
2022-10-07,70.81,72.12,69.88,70.6,69.1541,25910570
2022-10-10,69.81,70.94,68.3433,68.89,67.4791,29299660
2022-10-11,68.47,71.41,68.08,69.49,68.0668,19504869
2022-10-12,69.2,69.8,66.07,66.24,64.8834,29096930
2022-10-13,65.71,70.86,65.21,70.01,68.5762,30441949
2022-10-14,71.33,72.01,69.5,70.05,68.6153,32096070
2022-10-17,71.05,71.7,70.09,71.57,70.1042,21642430
2022-10-18,73.12,74.89,71.61,74.28,72.7587,83013320
2022-10-19,74.89,75.66,72.6,74,72.4844,23620910
2022-10-20,74,74.0764,72.11,73.15,71.6519,18380471
2022-10-21,72.11,73.72,70.89,73.58,72.073,22192570
2022-10-24,74.13,75.94,73.07,73.5,71.9947,24265301
2022-10-25,74.66,74.66,72.41,73.69,72.1808,19458109
2022-10-26,72.72,75.04,72.53,74.47,72.9448,23578150
2022-10-27,74.84,76.7,73.86,76.34,74.7765,22582580
2022-10-28,75.32,77.57,74.7725,76.99,75.4132,24188150
2022-10-31,77.11,79.423,77,78.15,76.5494,38761594
2022-11-01,79.19,82.42,79.05,81.5,79.8308,49877449
2022-11-02,81.6,83.06,81.14,83.06,81.3589,40179059
2022-11-03,80.87,81.23,78.22,80.16,78.5183,39633809
2022-11-04,80.58,85.53,80.3506,85.11,83.3669,56656910
2022-11-07,84.39,86.35,82.8644,86.35,84.5815,33193301
2022-11-08,85.36,88.44,84.2354,88.44,86.6287,25569961
2022-11-09,87.54,89.53,87.02,88.62,86.805,22483061
2022-11-10,87.74,90.27,85.96,85.96,84.1995,40197641
2022-11-11,87.08,90.81,86.88,89.31,87.4809,48070461
2022-11-14,89,92.76,88.97,91.6,89.724,54578238
2022-11-15,91.23,92.07,89.3,91.11,89.244,31866949
2022-11-16,91.29,91.49,86.88,87.22,85.4337,31469180
2022-11-17,87.59,87.85,85.89,86.6,84.8264,21661061
2022-11-18,86.54,86.99,85.1,85.49,83.7391,25787471
2022-11-21,85.71,85.9,83.41,84.81,83.073,34885887
2022-11-22,85.16,85.98,84.03,85.29,83.5432,29820311
2022-11-23,85.46,88.41,84.8,88.41,86.5993,23250400
2022-11-24,88.74,91.05,88.07,91.05,89.1852,24203939
2022-11-25,90.78,91.65,90.48,90.85,88.9893,17772471
2022-11-28,90.3,91.96,88.525,88.62,86.805,28954260
2022-11-29,88.91,90.26,88.3753,89.12,87.2948,21040590
2022-11-30,90.43,91.95,90,90.92,89.0579,54046922
2022-12-01,91.75,91.95,86.25,86.93,85.1496,44739801
2022-12-02,87.06,90.28,86.58,90.25,88.4016,44499711
2022-12-05,90.03,91.07,88.47,90.59,88.7347,23064029
2022-12-06,91.57,94.5,91.22,93.49,91.5753,57578672
2022-12-07,93.18,93.66,90.22,90.53,88.6759,25954510
2022-12-08,90.45,92.11,90.16,91.39,89.5183,19230010
2022-12-09,92,94.05,90.82,94.05,92.1238,35958473
2022-12-12,93.98,94.68,92.35,92.84,90.9386,20761420
2022-12-13,93.11,93.338,88.8176,90.61,88.7543,49918648
2022-12-14,90.28,91.1855,89.51,90.29,88.4408,20404340
2022-12-15,89.66,91,88.83,89.13,87.3046,21483051
2022-12-16,89.37,90.3873,86.53,87.33,85.5414,43746398
2022-12-19,87.46,89.24,87,88.84,87.0205,16057950
2022-12-20,87.66,88.6,86.45,88.43,86.6189,18056471
2022-12-21,89.17,91.14,88.4,91.12,89.2538,24664420
2022-12-22,91.58,93.16,90.61,91.1,89.2342,21040561
2022-12-23,91.04,92.5,90.86,91.68,89.8023,8154052
2022-12-28,92.19,93.53,92.16,92.64,90.7427,25714119
2022-12-29,91.85,92.62,91.02,92.45,90.5566,17748910
2022-12-30,91.75,93.2,91.26,93.2,91.2912,9029750
2023-01-03,94.76,99.58,94.6,98.91,96.8843,94742594
2023-01-04,97.8,101.4,95.75,101.4,99.3233,62168660
2023-01-05,101.78,104.26,101.36,102.66,100.5575,53910898
2023-01-06,103.24,104.8248,102.76,102.9,100.7926,29053430
2023-01-09,103,104.26,100.92,103.76,101.6349,31156119
2023-01-10,103.2,105,100.4798,101.02,98.9511,40463059
2023-01-11,101.72,103.86,101.4,102.58,100.4791,28401211
2023-01-12,103.5,104.8,102.66,104,101.87,31432131
2023-01-13,104.3,109.56,104.18,108.76,106.5325,54578008
2023-01-16,108.48,108.66,106.36,107.16,104.9653,57832770
2023-01-17,107.3,109.04,107.22,108.54,106.317,61277633
2023-01-18,108.96,109.46,107.88,108.26,106.0428,47629488
2023-01-19,107.78,109.38,104.64,105.08,102.9279,44729848
2023-01-20,106.06,107.41,104.2136,106.6,104.4168,26124230
2023-01-23,107,108.2,105.76,108.2,105.984,35895180
2023-01-24,109.72,112.08,108.56,111.4,109.1185,65665156
2023-01-25,111.3,112.86,110.9056,111.72,109.4319,33908020
2023-01-26,113,115,111.72,113.48,111.1559,41667871
2023-01-27,112.2,112.5,108.3,110.2,107.943,75400625
2023-01-30,109.54,109.74,107.2,109.12,106.8852,49218441
2023-01-31,108.4,108.6176,105.42,105.74,103.5744,56822680
2023-02-01,105.42,106.34,103.2,105.18,103.0259,41208391
2023-02-02,105.5,108.9,105.44,108.74,106.5129,25445750
2023-02-03,108.74,109.44,107.26,109.08,106.846,26628119
2023-02-06,108.44,108.6678,106.24,108.08,105.8665,26303949
2023-02-07,108.06,109.28,107.14,107.96,105.7489,60727160
2023-02-08,109.02,110.6,107.9,109.22,106.9831,20061119
2023-02-09,109.38,110.4,108.64,108.72,106.4934,20437680
2023-02-10,108.82,109,106.13,107.48,105.2788,22069170
2023-02-13,108.06,110.46,107.12,109.46,107.2182,19855590
2023-02-14,109,109.241,106.48,108.36,106.1407,24583020
2023-02-15,108.68,112.24,108.44,112,109.7062,42282398
2023-02-16,113,114.82,112.54,113.8,111.4693,33897660
2023-02-17,112.84,112.88,110.98,112.46,110.1568,22917020
2023-02-20,113,113.92,111.08,111.8,109.5103,16060410
2023-02-21,111.36,111.8167,109.8979,109.98,107.7276,20426551
2023-02-22,109.28,109.857,106.69,107.62,105.4159,35690887
2023-02-23,124,134.68,118,133.1,130.374,271613000
2023-02-24,131.5,142.38,129.82,136.04,133.2538,146380609
2023-02-27,140.84,145,139.12,145,142.0303,85825516
2023-02-28,144.58,147.56,143,144.94,141.9716,62199367
2023-03-01,145.08,149.38,143.8,148.42,145.3803,79963391
2023-03-02,146.68,148.16,145.24,148.16,145.1256,64863711
2023-03-03,149.16,150,148,149.64,146.5753,43048398
2023-03-06,150,155.06,149.7215,152.78,149.651,35345090
2023-03-07,151.1,154.9,150.66,153.18,150.0428,42631898
2023-03-08,156.02,158.8,154.28,156.86,153.6474,59788602
2023-03-09,156.02,160,155.02,158.04,154.8033,67071109
2023-03-10,154.9,154.9,148.7,150.1,147.0259,69984195
2023-03-13,151,152.82,142.1,145,142.0303,74404180
2023-03-14,146.98,156.8,145.86,155.2,152.0214,68289344
2023-03-15,154.14,157.46,143.979,144.14,141.1879,58378121
2023-03-16,148.58,151.5,142.54,146.3,143.3037,42686641
2023-03-17,147.98,149.3986,138.8643,140.3,137.4266,69283828
2023-03-20,137.44,142.4701,132.26,140.98,138.0927,60056898
2023-03-21,142.3,150.5,142.3,150,146.9279,68978156
2023-03-22,148.86,149.9605,147.3,149.22,146.1639,31301881
2023-03-23,149.14,149.1478,145.32,147.34,144.3224,37993367
2023-03-24,145.38,146.2,141.5678,143.54,140.6002,33784500
2023-03-27,145.56,145.98,143.12,144.34,141.3838,15552600
2023-03-28,145.04,146.06,143.0223,145.34,142.3634,64632480
2023-03-29,145.08,148.5,144.56,148,144.9689,16243250
2023-03-30,149.38,150.94,149.0567,150.2,147.1238,26539150
2023-03-31,150.22,152.8,148.66,149.02,145.968,34987238
2023-04-03,148,151.9,147.55,149.65,146.5851,129721297
2023-04-04,151.1,151.1,144.8,145.5,142.5201,57266352
2023-04-05,146.35,147.5051,142.5755,143.75,140.8059,25273080
2023-04-06,143.75,147.95,143,147.95,144.9199,22848990
2023-04-11,149.75,150.05,145.35,147.15,144.1363,69225984
2023-04-12,147.5,148.3423,145.7,147.6,144.5771,21108301
2023-04-13,146.75,150.8,146.75,149.15,146.0953,26045529
2023-04-14,149.9,151.342,147.05,149.75,146.683,119506703
2023-04-17,149.55,151.45,148.4001,151,147.9074,34531391
2023-04-18,152,155.85,151.525,155.85,152.6581,32623289
2023-04-19,155.1,156.3534,153.6,155.35,152.1684,40799859
2023-04-20,155.05,155.65,153.35,155,151.8255,52655609
2023-04-21,154,155.3,152.3,154.35,151.1888,19659029
2023-04-24,153.65,155.5,152.75,153.6,150.4542,25554699
2023-04-25,152.5,154.6,150.7,152.9,149.7685,26353240
2023-04-26,153,153.5974,150,151.95,148.838,18974340
2023-04-27,151.25,153.65,150.45,152,148.887,13067480
2023-04-28,152.45,153.5,149.8,152.15,149.0339,20066561
2023-05-02,152.35,154.7,149.85,150.5,147.4177,53793230
2023-05-03,150.8,153.55,150.5904,151.9,148.789,33091641
2023-05-04,150.65,152.9,148.2,149.2,146.1443,32226180
2023-05-05,150.45,152.5,148.925,151.15,148.0544,28065590
2023-05-09,150.9,153,149.774,151.65,148.5441,24779770
2023-05-10,152.5,156.3183,152.315,156.3,153.0989,76845875
2023-05-11,153,156.3,145.3,145.9,142.9119,87960930
2023-05-12,145.95,150.05,145.95,148.3,145.2627,32974441
2023-05-15,148.45,149,144.75,145.1,142.1283,61153301
2023-05-16,147.15,151,146.95,148.15,145.1158,92843391
2023-05-17,148.7,152.85,148.35,152.85,149.7196,53254672
2023-05-18,155,156.05,153.6312,155.55,152.3643,28572020
2023-05-19,155.55,157.3,155,156,152.805,23113980
2023-05-22,157.15,158.55,156.3,157.3,154.0784,19587670
2023-05-23,157.5,158.1,153.025,153.2,150.0624,22848779
2023-05-24,150.3,150.6276,146,146.85,143.8424,33835340
2023-05-25,147.4,150.9689,145.95,148.8,145.7525,31882570
2023-05-26,149.45,150.3,147.4,149.05,145.9974,48710379
2023-05-30,149.85,149.85,143.45,144.4,141.4426,23234850
2023-05-31,143.45,146.65,142.4807,143.3,140.3651,53809887
2023-06-01,143.85,146.4,143.556,146.4,143.4017,15491830
2023-06-02,146.7,150,146.2,150,146.9279,52556246
2023-06-05,150.55,151.35,146.4,147.3,144.2832,38119289
2023-06-06,146.3,148.76,146.1,148.05,145.0179,19999150
2023-06-07,147.9,150.15,147.3264,150.15,147.0749,21022750
2023-06-08,149.4,150.05,146.75,149.45,146.3892,11900740
2023-06-09,149.2,150.4721,147.95,149.25,146.1933,22006260
2023-06-12,148.05,151.37,148.05,150.15,147.0749,12403860
2023-06-13,151,151.95,149.1,150.9,147.8095,41099090
2023-06-14,150.4,151.62,150,150.75,147.6626,15491410
2023-06-15,150.35,151.02,149.1,150.05,146.9769,14763950
2023-06-16,150.3,151.4,149.0515,151.2,148.1033,43000969
2023-06-19,151,154.6,150.75,153.8,150.6501,27121561
2023-06-20,153.95,158.4,152.95,157,153.7846,28564150
2023-06-21,155.7,159.65,155.5,157.55,154.3233,22535131
2023-06-22,156.25,157.75,154.15,156.05,152.854,21248410
2023-06-23,155.35,155.7,152.4,154.65,151.4827,19918080
2023-06-26,154.1,156,152.6,154.8,151.6296,22938010
2023-06-27,155.5,155.85,153.483,155.45,152.2663,9434531
2023-06-28,155.75,156.7,154.8,155.8,152.6091,28998641
2023-06-29,155.25,155.412,148.45,148.7,145.6545,33796754
2023-06-30,148.45,151.95,146,151.05,147.9564,22660311
2023-07-03,151.65,153.6,150.85,153.6,150.4542,16448900
2023-07-04,153.95,153.95,150.7263,152.25,149.1318,12380090
2023-07-05,151.4,152.1,149.633,151,147.9074,13482810
2023-07-06,150.3,150.3,145.2,145.2,142.2262,23789391
2023-07-07,145.4,149.401,145.1,148.5,145.4586,13483050
2023-07-10,146.6,148.45,146.392,147.9,144.8709,10336440
2023-07-11,148.35,148.635,145.35,145.65,142.667,22573289
2023-07-12,146.45,149.46,145.476,148.45,145.4097,16723381
2023-07-13,148,149.75,146.65,149.3,146.2423,22605039
2023-07-14,148.25,148.9,145.9,145.9,142.9119,61482168
2023-07-17,145,146.843,143.75,146.15,143.1568,25049410
2023-07-18,146.2,147.274,145.1,146.4,143.4017,13633710
2023-07-19,148,151.88,147.55,150.95,147.8585,34383578
2023-07-20,150.1,154.4,149.55,154.4,151.2378,28550391
2023-07-21,154,155.8,152.9875,155.8,152.6091,24329631
2023-07-24,154.5,156.7784,152.1775,156.7,153.4907,21972061
2023-07-25,156.65,157.7,152.35,152.65,149.5236,25005500
2023-07-26,175,190.95,172.35,185,181.2111,159155391
2023-07-27,187,191.26,185.3,189.6,185.7169,51748941
2023-07-28,188.9,194.7605,186.45,193.3,189.3411,33138578
2023-07-31,192.05,192.85,184.85,184.85,181.0642,37426406
2023-08-01,184.9,189.4,183.4,185.25,181.456,26376920
2023-08-02,183.25,187.05,181.55,183.9,180.1336,41885793
2023-08-03,185.85,193.45,178.142,192.2,188.2636,66560398
2023-08-04,194.05,206.79,192.8,206.5,202.2708,76666148
2023-08-07,208,211.21,205.1,209.5,205.2093,47985422
2023-08-08,207,209.4,203.2,207.9,203.6421,56960129
2023-08-09,207.7,210.61,206.1,209.1,204.8175,74331117
2023-08-10,210.3,212,206.9,207.8,203.5441,31587811
2023-08-11,206.6,209.2,206.1,207.7,203.4462,44908020
2023-08-14,208.9,209,205.3,209,204.7196,51321602
2023-08-15,208.2,208.2,203.807,205.5,201.2913,18476420
2023-08-16,204.1,207.59,203.6,204.2,200.0179,26011480
2023-08-17,200.5,204.1,198.8375,202.4,198.2547,18204711
2023-08-18,200.6,201.4105,197.522,201.2,197.0793,19426391
2023-08-21,201.5,203.8,199.65,201.9,197.765,24479240
2023-08-22,202.7,205.1,200.3,201.1,196.9814,18772330
2023-08-23,202,203,200.7,201.8,197.667,16925619
2023-08-24,206,207.5,201.6,201.7,197.5691,15808390
2023-08-25,202.5,205.3,201.9,203,198.8425,16442551
2023-08-29,206.5,212.92,204.9,212.9,208.5397,64981719
2023-08-30,212.9,218.54,212.3,216.8,212.3598,49949992
2023-08-31,217.2,224.47,216.3,222.3,217.7472,52953141
2023-09-01,222.5,223.492,218.5,219.1,214.6127,22086730
2023-09-04,220.8,223.8,218.7,219.9,215.3963,31037850
2023-09-05,219,221.3,217.3,219.2,214.7107,19987750
2023-09-06,216.7,218.8759,213.7,214.7,210.3028,24156801
2023-09-07,213.5,223.8,213.4,223.8,219.2165,25143490
2023-09-08,225.2,225.412,217.9,220.4,215.8861,25045109
2023-09-11,221.1,224.341,220.506,223.6,219.0206,21811779
2023-09-12,223.8,226.48,222.8,224.4,219.8042,15156040
2023-09-13,224.3,226.8,223.5,225.3,220.6857,24433750
2023-09-14,224.2,226.6,222.808,225.8,221.1755,22979740
2023-09-15,227.8,233,226.3,227.4,222.7427,54377969
2023-09-18,227.4,228.7,222.0522,224.4,219.8042,26660119
2023-09-19,222.9,226.799,222.6,226,221.3714,16138940
2023-09-20,226.5,229.1,223.3,223.7,219.1185,30410570
2023-09-21,222.2,224,219.9,220.4,215.8861,65237520
2023-09-22,219.7,224.07,218.2,220.6,216.082,24871480
2023-09-25,221.7,221.7,216.9569,219.8,215.2984,26505770
2023-09-26,217.6,221.86,216.6,219.7,215.2004,14816400
2023-09-27,219.4,220.3,215.1,218.8,214.3189,17513561
2023-09-28,219.9,221.5,212.8,221.5,216.9636,24872359
2023-09-29,222.4,222.9,219.1,220.9,216.3759,19556900
2023-10-02,221.4,223.3,216.1,216.6,212.1639,13670300
2023-10-03,216,218.5,211.6,212.1,207.7561,13955220
2023-10-04,210,213.9,208.3,210.8,206.4827,62243031
2023-10-05,211.8,212.6,207.8,210.5,206.1889,47150281
2023-10-06,211.1,211.9,204.3,208.8,204.5237,29942039
2023-10-09,207.5,210,204.401,205.2,200.9974,22798980
2023-10-10,208.3,212.3,203.7,212.3,207.952,34769621
2023-10-11,211,214,209.4,213.1,208.7356,16525750
2023-10-12,214,215.3,210.5,211.8,207.4622,18043920
2023-10-13,210.5,216.0182,210.0714,213.2,208.8336,20979320
2023-10-16,214.6,216.2,210.9,213.5,209.1274,23323980
2023-10-17,213.5,218.8,211.2,215.6,211.1844,28649779
2023-10-18,214.4,217.1,207.8,207.8,203.5441,24478350
2023-10-19,206,210,203.3,205.6,201.3892,21218320
2023-10-20,203.7,203.9,198.4,198.95,194.8754,33958887
2023-10-23,197.95,204,196.45,203.5,199.3322,21112150
2023-10-24,203.7,207.8,200,204.4,200.2138,25476471
2023-10-25,204.3,205,201.7,203,198.8425,33815199
2023-10-26,201.5,204.8,199,200.5,196.3937,23081600
2023-10-27,201.1,202.3,197.2,200.4,196.2957,19721930
2023-10-30,201.4,203.2,200.4,202,197.8629,55754602
2023-10-31,207.6,215.4,200.4,215.4,210.9885,70932242
2023-11-01,216.5,221,214.7,220.3,215.7881,58604199
2023-11-02,223.3,225.6,218.7,223.6,219.0206,29447330
2023-11-03,223.6,225.1,220,220.9,216.3759,57707609
2023-11-06,221,226,218.8,224.1,219.5103,26537439
2023-11-07,224.5,227.1068,223.5,226,221.3714,19678221
2023-11-08,228,236.7,227.7,232.4,227.6403,120596398
2023-11-09,231.4,233.9,227.9,232.8,228.0321,22945900
2023-11-10,230.5,233.7,229.3,232,227.2485,21326920
2023-11-13,232.7,240.2,232.5,240.2,235.2806,37517922
2023-11-14,237.7,241.7,230.1,239,234.1052,49856809
2023-11-15,239.4,244.1,238,243.6,238.6109,25027311
2023-11-16,243.2,246.9,240.9,244.5,239.4925,98375508
2023-11-17,245.4,248.2,242.4,244,239.0028,28448789
2023-11-20,243.8,247.7,242.6,245.5,240.472,18772811
2023-11-21,245.5,246.9,242.6,243,238.0232,16148820
2023-11-22,244.2,246,235.6,237.5,232.6359,22481520
2023-11-23,237.5,240.7,234.5,240.7,235.7703,11131070
2023-11-24,240.6,245,238.7,241,236.0642,34291781
2023-11-27,240,243.3,238.1,243.2,238.2191,25582910
2023-11-28,243.4,261.6,241.3,258.3,253.0099,71038094
2023-11-29,258.4,267,257.7,263.4,258.0054,34078641
2023-11-30,265.3,271.6091,264.5038,268.8,263.2948,59612141
2023-12-01,271.9,276.7,271.2,276.7,271.033,30882609
2023-12-04,281.5,288.542,275.1,285.4,279.5549,97363328
2023-12-05,282.9,289.5383,280.3,284.7,278.8692,26563900
2023-12-06,286.7,289,282.9,288.6,282.6893,17585061
2023-12-07,287.9,290.8,285,286.2,280.3385,25948971
2023-12-08,288.3,293.659,284.5,289.3,283.375,39410992
2023-12-11,291.5,298.4,291,296.9,290.8193,57882602
2023-12-12,297.1,306,296.004,304.7,298.4596,32217320
2023-12-13,306.8,313.1,297.9,301.8,295.619,38724340
2023-12-14,305,310.3,300,300,293.8558,33300449
2023-12-15,300.1,301.3,288.504,290.1,284.1586,56628887
2023-12-18,289,296.8,287.3,292.4,286.4115,24958279
2023-12-19,293.1,296.8,290.7,295,288.9582,35670289
2023-12-20,299.6,300.9,292.7,298.9,292.7784,14521310
2023-12-21,297.9,300.6,294.3943,299.8,293.6599,10475280
2023-12-22,299.6,303.6,297.2,302.4,296.2067,7838526
2023-12-27,302.2,303.7,298,298.8,292.6804,13605500
2023-12-28,299.3,300,297.7,298.1,291.9948,10884820
2023-12-29,297.8,300.5,296.7278,299.7,293.562,9303474
2024-01-02,299.3,305.3,297.3,298.1,291.9948,23479711
2024-01-03,296.1,299,293.1,294.8,288.7623,45508719
2024-01-04,294.5,299.3,294,297.8,291.7009,103963102
2024-01-05,295,296.9,292,296.6,290.5255,29036189
2024-01-08,295.1,305.6,295.1,305.2,298.9493,79642062
2024-01-09,306.4,312.4,306.2,308.8,302.4756,20612900
2024-01-10,309.1,310.1,305.3,309.2,302.8674,12525260
2024-01-11,310,310,295.1,297,290.9173,124449398
2024-01-12,300,307.2,298.916,305,298.7534,19828850
2024-01-15,306,307,299.8,300,293.8558,11570560
2024-01-16,295,300.1,292.3,298.2,292.0927,39936340
2024-01-17,299,300.4,295.2,296.6,290.5255,22886471
2024-01-18,295.3,306.5,293.5,306.5,300.2227,30253439
2024-01-19,306.5,308.8,302.5,305,298.7534,74175586
2024-01-22,307.6,310.8,305.3,308.9,302.5736,70953961
2024-01-23,308.1,308.8,300.3,301.8,295.619,94018328
2024-01-24,304,309.3,303.1,307.1,300.8104,21546189
2024-01-25,305,308.8,303.5,306.5,300.2227,9809833
2024-01-26,305.2,307.4,302.1,305.4,299.1453,102268094
2024-01-29,305.1,306.9,302.1,304,297.7739,22285750
2024-01-30,305.7,312.9,304.3,307.1,300.8104,24447939
2024-01-31,306.6,307.4,300.9,301.2,295.0313,20469750
2024-02-01,300.2,305.5,297,298.8,292.6804,55868168
2024-02-02,303.5,310.2,301.2,310.2,303.8469,97473555
2024-02-05,312.5,318.861,308.7,309.8,303.4551,66935820
2024-02-06,313.9,321.84,312.2,317.8,311.2913,61617480
2024-02-07,318.8,324.6,316.5,322.9,316.2868,46811688
2024-02-08,323.8,325.7,316.6,317.7,311.1933,17678730
2024-02-09,317.7,320.744,315.2,318.1,311.5851,47548090
2024-02-12,318.6,319.5581,305.2,309.1,302.7695,22754811
2024-02-13,308.8,309.145,300.5,306.3,300.0268,40313488
2024-02-14,310.5,316.171,309.4407,312.2,305.806,68582000
2024-02-15,315.9,322.4,315,320,313.4462,34094422
2024-02-16,323,323.4617,315.8,323.3,316.6786,36623594
2024-02-19,323.5,334.8,322,334.2,327.3554,40775008
2024-02-20,333.5,335.4,330.1,330.5,323.7312,27598289
2024-02-21,331.3,332.4,323.9,329.5,322.7517,135509500
2024-02-22,355,369.1,346.9305,356.8,349.4926,78233391
2024-02-23,355.6,358.5,349.0506,353.1,345.8683,53206039
2024-02-26,353.3,363.64,353.1,361.2,353.8024,57698219
2024-02-27,360.7,360.827,353.9,358.6,351.2557,58529641
2024-02-28,360.1,373.58,360.1,370.5,362.912,48769000
2024-02-29,367.6,371.2,361.3,369.1,361.5406,60796406
2024-03-01,375,376.2,368.1,374.8,367.1239,45020672
2024-03-04,375,380.3,372.7,376.4,368.6911,18910900
2024-03-05,376,380,372.4491,374.9,367.2219,21703400
2024-03-06,376.7,380.42,374,379,371.2379,37638621
2024-03-07,379.3,390.36,378.5,390,382.0126,43446047
2024-03-08,391.3,393.58,384,386.4,378.4863,27144600
2024-03-11,382,385.9,378.5,383.2,375.3519,32245961
2024-03-12,386.7,391.8,383.4,391.8,383.7757,50549441
2024-03-13,392.3,397.6,388.6182,393.8,385.7348,30055939
2024-03-14,395,396.3986,388.1,389.4,381.4249,39388578
2024-03-15,388.9,396.5,383.2,393.5,385.4409,92456625
2024-03-18,390.5,398.4,388,390,382.0126,63149078
2024-03-19,390.3,402.42,388.3,400.7,392.4935,66330805
2024-03-20,400,407.7,396.4815,406.7,398.3706,106653203
2024-03-21,420,423.6,414.3,420.2,411.5941,60052609
2024-03-22,421.9,425.7,417.55,419.9,411.3002,22107141
2024-03-25,420.9,424.343,418,421.1,412.4757,72280477
2024-03-26,422.6,429.7,420.8,428,419.2343,32450631
2024-03-27,427.2,429.2,421.9359,422,413.3572,25435730
2024-03-28,421.1,430.5,411.4,426.7,417.961,20613160
2024-04-02,427.5,435,412.818,418.9,410.3207,47006391
2024-04-03,419.8,429.7,417.4,424,415.3163,72925211
2024-04-04,424.2,424.595,416.5,419,410.4187,20652381
2024-04-05,410,422,407.5,421.1,412.4757,26479711
2024-04-08,420,432.8,418.4,429.1,420.3118,21856070
2024-04-09,426.4,428.266,404.7,412.2,403.7579,46463281
2024-04-10,410.4,415.8,400.7,408.5,400.1337,36949461
2024-04-11,406.9,409.6,395.7,406.9,398.5665,51801859
2024-04-12,410.4,415,402.1,404.7,396.4115,22520551
2024-04-15,404,413.3,400.6,406.8,398.4685,28695150
2024-04-16,399,402.3,394,397.8,389.6529,22240131
2024-04-17,395,409,394.75,401.4,393.1791,90815555
2024-04-18,406.2,406.7091,398,402.5,394.2566,35276398
2024-04-19,398.4,399.3,392,395.5,387.4,43758559
2024-04-22,401.5,408.55,398.8,406.3,397.9788,25401881
2024-04-23,407.5,417.8,406.6,417.2,408.6555,64561422
2024-04-24,417.2,424.2,414.5,417,408.4596,144490297
2024-04-25,414.1,414.802,400.5,405.7,397.3911,96112148
2024-04-26,411.7,421.8,409,421.1,412.4757,36051379
2024-04-29,421.3,424.2,411.399,414.8,406.3047,43510770
2024-04-30,415.8,423.7,411.6,413.1,404.6395,54039781
2024-05-01,413,417.8,407.5,407.5,399.1542,18458711
2024-05-02,406,413.1,402.092,406.5,398.1747,62297473
2024-05-03,412.2,418.1,404,418.1,409.5371,13155810
2024-05-07,424,425.9,416,418.4,409.831,29887430
2024-05-08,418.9,428.7,417.4,428.7,419.92,32806199
2024-05-09,428,436.7,425.2,433.9,425.0135,100297000
2024-05-10,434.2,440.4,423.6,423.6,414.9245,16823461
2024-05-13,422.3,426.2,418.2,420.7,412.0838,19215350
2024-05-14,418.6,423.3,415.2,419.6,411.0064,49667500
2024-05-15,421.8,428.4,417,426.5,417.7651,25430590
2024-05-16,427,429.5,420.1,420.4,411.79,15321850
2024-05-17,419.5,420.8,413.2,418.1,409.5371,18659789
2024-05-20,418.4,437.9,417.7,436.8,427.8541,70841281
2024-05-21,435.7,439.5,431,433,424.1319,28192920
2024-05-22,431.7,439.8,424.3999,428,419.2343,63080461
2024-05-23,429,446.7,419.8,440.4,431.3804,136516609
2024-05-24,437,445.3,435.2897,444.8,435.6903,25762439
2024-05-28,448.7,460.2,442.1001,451,441.7633,138754500
2024-05-29,449.3,453.8,442.5,447,437.8452,50721871
2024-05-30,443,451.8,441.015,451,441.7633,19315320
2024-05-31,451.1,457.2,448,453.4,444.1141,44051059
2024-06-03,459.3,468.1,458.6,460.9,451.4605,51917078
2024-06-04,460.2,462.7,448,448,438.8247,31952811
2024-06-05,450.7,458,448.8,453.3,444.0162,19116760
2024-06-06,458,463.1,450.5,458.2,448.8158,19410820
2024-06-07,458.2,462.3,451,456.9,447.5425,15420780
2024-06-10,456.7,467.3,455.405,465,455.4766,29278150
2024-06-11,467.9,470.1,459.3,465,455.4766,72423922
2024-06-12,468.9,472.1001,461.6,469.4,459.7864,31182619
2024-06-13,469.3,471.8,465.4,467.8,458.2192,25356189
2024-06-14,468,469,452.4,457.8,448.424,19594180
2024-06-17,457.4,466,455.5,461.6,452.1462,31122359
2024-06-18,465,469.3,463.1,467.9,458.3172,15613500
2024-06-19,467.9,474.6,467.9,472.5,462.823,10991330
2024-06-20,478,488.4384,469.6001,485.5,475.5567,44742961
2024-06-21,484.5,488.5,468,473.2,463.5086,55391480
2024-06-24,476.3,488.5,471.3,471.3,461.6475,42204102
2024-06-25,459.8,474.2,448.1,466,456.4561,94495844
2024-06-26,467.5,472.15,461.7,461.7,452.2441,41719969
2024-06-27,465,467.1001,453.5,454.7,445.3875,17818580
2024-06-28,457.5,463.6,455.3,456.8,447.4445,34208672
2024-07-01,458.3,462.1001,451.9,452.8,443.5264,20244670
2024-07-02,450.7,455.6001,445.3999,446.2,437.0616,24082600
2024-07-03,450,457,445.8999,455.8,446.465,34330219
2024-07-04,460.7,464.2,453,461.9,452.44,10827260
2024-07-05,463,465.8999,452.5,454.2,444.8977,9892615
2024-07-08,453.1,465.9,451.3,461.3,451.8523,33111641
2024-07-09,461.3,464.2,447.7,447.7,438.5309,115290000
2024-07-10,447.4,455.8,441.6,454.2,444.8977,19012160
2024-07-11,454.2,457.6001,450.2,453.2,443.9182,7831109
2024-07-12,454.6,456.8,445.7,450,440.7838,11254760
2024-07-15,446,452.8,443.9,449.5,440.294,12177510
2024-07-16,448.4,460.4,444.1001,458.9,449.5015,16247270
2024-07-17,458.7,461.2,446.2,447.2,438.0411,29850090
2024-07-18,449.3,452.3999,434.6,434.6,425.6992,20595311
2024-07-19,431.2,449.8999,427.7,446.1,436.9636,66891523
2024-07-22,445.3,449.9,440.4,443.3,434.221,13013150
2024-07-23,442,460,436.7,460,450.579,53930930
2024-07-24,455.8,462.9,441.1,443.9,434.8087,20703689
2024-07-25,433.8,436,423.4,431,422.1729,24114699
2024-07-26,430,445.3,429.9,441.8,432.7517,24148480
2024-07-29,448,450.4,439.6,439.8,430.7927,21256980
2024-07-30,441,451.2,438.3,444.7,435.5923,12519880
2024-07-31,452.8,453.5,443.9,449.6,440.392,16291040
2024-08-01,493,503,477.5,481.1,471.2468,62248488
2024-08-02,475,480.1,447.5,463.9,454.3991,93934656
2024-08-05,444,454.4,425.9,443.8,434.7107,138193594
2024-08-06,451.5,469.4,449.2549,468.5,458.9049,150362797
2024-08-07,473.2,482.5,472.5,479.7,469.8755,43695422
2024-08-08,473.9,479.4,464.7,476.8,467.0349,21384801
2024-08-09,480.7,488.4221,407.04,485,475.0669,19209570
2024-08-12,486.6,490,480.3,486.7,476.7321,62764328
2024-08-13,490.8,492,483.3,492,481.9236,24200859
2024-08-14,496.9,499.9,492.5,499.1,488.8782,56235031
2024-08-15,500,503,492,503,492.6983,55111820
2024-08-16,504,505,498,501,490.7393,15605180
2024-08-19,495,501.2,489.2,500,489.7597,26051490
2024-08-20,500,502.6,493,493,482.9031,12191110
2024-08-21,493.9,496.5407,488.4,492.5,482.4133,67459531
2024-08-22,493.8,498.5,493,497.6,487.4089,9863278
2024-08-23,495.9,499.4,493,498.9,488.6823,14711540
2024-08-27,500,500,489.652,494.2,484.0785,74620609
2024-08-28,496.9,500.2,492.8,500.2,489.9556,23591369
2024-08-29,501.2,502.0522,497.1,500.2,489.9556,22024650
2024-08-30,501.2,501.8,494.1,496.4,486.2335,22664760
2024-09-02,499.5,499.5,455.8,464.3,454.7909,34847941
2024-09-03,474.7,486.4,469.7,472.3,462.6271,36903473
2024-09-04,460.7,484.1,460.4,480.7,470.855,25431711
2024-09-05,477.6,481.5,464.4,477.9,468.1124,31700270
2024-09-06,475.3,476.8,461.2721,462.7,453.2237,19921520
2024-09-09,465.6,476.6,463.1,475.6,465.8595,19779539
2024-09-10,473.8,479.4,471.6,474.8,465.0759,22363850
2024-09-11,475.3,481.2,472,479.1,469.2878,17057520
2024-09-12,487.4,495,484,493.8,483.6867,56978168
2024-09-13,492.4,501.2,488.5,501.2,490.9352,22317189
2024-09-16,496.8,500.1,492.9,495.8,485.6458,15217810
2024-09-17,495.8,501.4,489.1,495,484.8621,14484780
2024-09-18,492.5,497.2,491.2,496,485.8417,42135090
2024-09-19,500.6,526.2384,498.8913,525,514.2477,78255859
2024-09-20,518.8,528,517.264,526.2,515.4232,79866781
2024-09-23,523.4,532.8816,521.8,530.2,519.3412,36149480
2024-09-24,532.2,535.3519,520.4,526.6,515.815,15285780
2024-09-25,522,532.044,520.6,531.8,520.9085,15307530
2024-09-26,534.8,535.9609,525.8,526.8,516.0109,22057439
2024-09-27,519,528.0462,518.4,525,514.2477,21008971
2024-09-30,521.8,528.6895,521.2,527.2,516.4027,44755379
2024-10-01,525.6,535.75,524.6,524.8,514.0518,41290180
2024-10-02,523.8,528.2,514,518.8,508.1747,30582680
2024-10-03,520.6,533.8,520.4,533.4,522.4757,60925000
2024-10-04,532.6,533.6,521.4,530.2,519.3412,15743250
2024-10-07,533,535.4,525,526.6,515.815,12232850
2024-10-08,524.4,532,523,527.6,516.7945,12509670
2024-10-09,528.8,532.8,520,531,520.1248,12199280
2024-10-10,530.2,535.6,522.6,530,519.1453,24238939
2024-10-11,531.4,537.2,522.8,537.2,526.1979,18691359
2024-10-14,533.6,539,526.8,538.6,527.5692,52657434
2024-10-15,540,550,532.6,540.6,529.5282,27193119
2024-10-16,547.8,560,546.8,560,548.5309,29877660
2024-10-17,560.2,572.8,560.2,569,557.3466,20843400
2024-10-18,563.4,568.2,557.4,567.4,555.7794,43804289
2024-10-21,566.2,572.4,562,567,555.3875,17624930
2024-10-22,567.8,571.2,561.2,561.2,549.7063,14742390
2024-10-23,560.8,565,556.2,561.4,549.9022,30531260
2024-10-24,559,561.4,550.4,554.8,543.4374,102371297
2024-10-25,552,563.6,552,556.2,544.8087,65456566
2024-10-28,558.4,563.8,555,560.4,548.9227,79329453
2024-10-29,562.6,564.2,541.4,554.6,543.2415,25733080
2024-10-30,554.6,558.6,547,555.2,543.8292,31563840
2024-10-31,551.2,552.2,532.8,535.4,524.4347,22841240
2024-11-01,538,550.0782,535.6,548.8,537.5603,60456566
2024-11-04,547.8,555.8,545.6,549.6,538.3439,70334109
2024-11-05,546.6,560.4,541.4,560,548.5309,70942203
2024-11-06,570,592.1978,570,574,562.2442,54569539
2024-11-07,570,571.6,545.8,552.8,541.4784,35214754
2024-11-08,554.2,558.6,546,553.2,541.8702,16251040
2024-11-11,561,573.8,560.15,572,560.2851,24901811
2024-11-12,568.8,574,558,558,546.5719,25377400
2024-11-13,553.4,563.4,553.4,557.6,546.1801,69325922
2024-11-14,556.8,559.6,544.6,545.2,534.034,31254689
2024-11-15,541.2,543,534,538.8,527.7651,26922510
2024-11-18,539,544,532.324,539.2,528.1569,11104090
2024-11-19,540,541.2,521,527.6,516.7945,23901369
2024-11-20,526,531.8,523,526.2,515.4232,37026301
2024-11-21,526.2,545.4,517.2,540.8,529.7241,24308439
2024-11-22,540.2,546.4,535.8,545.6,534.4258,15593140
2024-11-25,549.2,550.6,535,542.6,531.4873,31097840
2024-11-26,540.6,544.8,529,542,530.8996,16715289
2024-11-27,540.6,548.2,538,539.6,528.5487,11143920
2024-11-28,541.8,548,540,545.6,534.4258,6103950
2024-11-29,544.6,560,541.944,558.6,547.1596,24886529
2024-12-02,560.8,573,554.4,573,561.2647,15108640
2024-12-03,571.8,591.4,570.2,591.4,579.2878,30776279
2024-12-04,593.8,599.8,590.2,594.8,582.6182,20669150
2024-12-05,590,595.6,583,588.6,576.5452,24770801
2024-12-06,588.2,591.8,582,586.4,574.3902,76888469
2024-12-09,587.2,588,577,582.4,570.4721,63254922
2024-12-10,578.6,582.4,564.6,565.8,554.2121,22921949
2024-12-11,564.4,577.2,562.4,577,565.1827,38399191
2024-12-12,577.8,583.2,575.4,575.4,563.6155,18755100
2024-12-13,574.2,581,570,572.6,560.8729,8075119
2024-12-16,573,586.4,572.2,583.8,571.8435,10297100
2024-12-17,586.2,589,576.6,581,569.1008,16452029
2024-12-18,581,590,578.6,586.8,574.782,17620381
2024-12-19,577.8,586.44,571.8,579.6,567.7295,16171540
2024-12-20,577.8,579,562.6,575.4,563.6155,23870840
2024-12-23,575.2,585,572.2,575.6,563.8114,6533098
2024-12-24,581.6,583.8,574.6,575.6,563.8114,3908851
2024-12-27,575.6,581.2,571.2,578,566.1623,8634980
2024-12-30,575.2,575.4,567.2,570.4,558.7179,8792531
2024-12-31,566.4,572.2,565,568.6,556.9548,9132951
2025-01-02,569,588.5394,567,588.4,576.3493,16730520
2025-01-03,587.2,588.2,580.6,585,573.0189,6438560
2025-01-06,579.8,580,558.4,570,558.3261,19109869
2025-01-07,569.8,580.104,565.6,576.6,564.7909,16269990
2025-01-08,574.4,584.4,572.2,578,566.1623,12009380
2025-01-09,572.8,584.8,571.2,581.4,569.4926,18361100
2025-01-10,584,588.2,574.2,580,568.1213,12840740
2025-01-13,577.2,577.8,561.8,567.4,555.7794,27535439
2025-01-14,569.8,580.4,564.8,566.4,554.7998,32926422
2025-01-15,566.8,569.2,557,563.4,551.8613,16406340
2025-01-16,568.8,583,567.2,578.8,566.9459,21546641
2025-01-17,581.2,588.8,577.5684,588,575.9575,27940141
2025-01-20,588,596.7993,584.8,595.4,583.2059,13318670
2025-01-21,596.2,599.4,589.6,594,581.8346,13632740
2025-01-22,599.6,608.6,596,603.4,591.0421,55831512
2025-01-23,605,611.6,598,611.6,599.0741,70632078
2025-01-24,622.4,624.8,604.6,605.6,593.197,54606727
2025-01-27,597,599.4,576,589.8,577.7206,18996801
2025-01-28,589.8,591.2,579.4,582.8,570.864,23574080
2025-01-29,582.8,593.2,581.6,584.2,572.2353,14744220
2025-01-30,585.4,597.4,584,596,583.7936,26399850
2025-01-31,599.2,608.8,597.6,606,593.5888,35061641
2025-02-03,596.8,599,585.8236,595.4,583.2059,52027566
2025-02-04,594.8,600.6,588.192,593.6,581.4428,52647781
2025-02-05,589.2,602,585.6,601.8,589.4748,60713078
2025-02-06,606.6,608.8,594.2,606,593.5888,10351120
2025-02-07,606,607.8,598.8,602.8,590.4543,12475570
2025-02-10,603,614.8,598.2,613.4,600.8373,27722699
2025-02-11,615,620,610.9109,620,607.3021,12391230
2025-02-12,620.6,621.2,612,620.8,608.0857,9664031
2025-02-13,624.6,630.4,619.8,624.4,611.612,82017469
2025-02-14,622.2,626.6,617.6,624.6,611.8079,29913551
2025-02-17,633.6,639.4,628.8,635.4,622.3867,23038320
2025-02-18,642.8,647,637.2,644.4,631.2024,17128801
2025-02-19,642.4,649.8,638.8,642.6,629.4392,11238890
2025-02-20,641.8,642,618.4,618.4,605.7348,41403289
2025-02-21,611.8,620.8,608.4,611.4,598.8782,18066410
2025-02-24,612,619.4,604.6,606.2,593.7847,32289930
2025-02-25,602.6,619.8,602.6,615,602.4045,18028891
2025-02-26,621,632.6,619.2,631,618.0768,28670359
2025-02-27,735,761.2,674.292,731.6,716.6165,141250297
2025-02-28,735.2,758.4,732.2,744,728.7625,77890562
2025-03-03,775.4,798.4,766.6,776.8,760.8907,37579520
2025-03-04,784.8,798,776.6,786.4,770.2941,32908629
2025-03-05,805,816.2,796.2,805.2,788.7091,48724969
2025-03-06,810.6,812.4,792.6,804.8,788.3173,32645529
2025-03-07,806.4,813.2,800.8,801.4,784.9869,31808180
2025-03-10,808.4,812,732.8,732.8,717.7919,109187000
2025-03-11,738.2,748.6,719.6,747.4,732.0929,32601471
2025-03-12,756.2,781,750.4,781,765.0047,24028439
2025-03-13,783.4,786,766.4,771.4,755.6013,17464221
2025-03-14,779,798.4,773,796.4,780.0893,21962650
2025-03-17,795.8,806.6,788.4,801.6,785.1828,39386160
2025-03-18,802,814,795.4,811.2,794.5862,15554290
2025-03-19,808.6,818,802.677,812.8,796.1534,18681270
2025-03-20,811,815.6,783.4,796.6,780.2852,28678740
2025-03-21,792.2,805.6,791.6,800.6,784.2033,24201520
2025-03-24,801.6,809.2,787.6,790,773.8204,13026530
2025-03-25,790,805.2,786,801.8,785.3787,42392551
2025-03-26,803,815.2,793.6,801.6,785.1828,16023150
2025-03-27,795,798.2,783,797,780.677,10855880
2025-03-28,790,791.8,769.8,771.2,755.4054,13973470
2025-03-31,756.6,761.4,734.6,749,733.6601,28326859
2025-04-01,756.6,785.63,752.4,779.4,763.4375,31386449
2025-04-02,774.8,778.4,748.6,755.8,740.3208,13297550
2025-04-03,734.6,748.6,727.2,746,730.7215,20386189
2025-04-04,743.6,746,650,659,645.5033,56625801
2025-04-07,592,726,562.094,635.8,622.7785,65354727
2025-04-08,642.6,690,640.2,679.2,665.2896,38882648
2025-04-09,664.2,680,644.4,663.6,650.0091,47280961
2025-04-10,790,790,691.4,693.6,679.3947,32741350
2025-04-11,695.6,699.2,674.2,693.8,679.5906,70247719
2025-04-14,710.2,719.6,693.8,709.6,695.067,12695560
2025-04-15,710.4,733.8,710.4,731.8,716.8124,21759801
2025-04-16,727.2,729.4,712.8,724.2,709.368,44747969
2025-04-17,724.4,724.8,701.6,714.4,705.6147,38524512
2025-04-22,710.2,716.8,698.2,716,707.1951,29309410
2025-04-23,724.2,732,718.4,727.8,718.85,13393070
2025-04-24,727.4,738,714.2,735.2,726.159,16153290
2025-04-25,744,757.6,738.3768,755.4,746.1105,12818830
2025-04-28,757.6,764.4,752.2,754.4,745.1228,26625830
2025-04-29,768.4,768.4,752.4,752.8,743.5425,9023717
2025-04-30,753,761.6,738.2,754.2,744.9253,53386488
2025-05-01,783,783,756.8,767,757.5679,65408719
2025-05-02,770,784.6,763.8,784,774.3588,63007566
2025-05-06,787.8,790,770.6,781.2,771.5933,44093039
2025-05-07,776.4,780,766,766,756.5802,44678879
2025-05-08,778,805.4,773.8,794,784.2359,24458789
2025-05-09,804.6,805.4,789.4,791.6,781.8654,49835809
2025-05-12,788.6,794.8,761.8,785,775.3465,13924750
2025-05-13,786.4,801,783.2,801,791.1498,19255289
2025-05-14,809.6,809.8,791.2,797,787.199,27434529
2025-05-15,797,816,795.6,816,805.9653,47698527
2025-05-16,815,822.4,806.6,809.6,799.644,21065250
2025-05-19,804,819.2,802,819.2,809.126,48110953
2025-05-20,820,825.4,814.88,817.6,807.5456,17714000
2025-05-21,825.8,834.4,824.2,824.4,814.262,44005191
2025-05-22,822,839,821.4,839,828.6825,20613609
2025-05-23,839.8,858.4,818.4,835.8,825.5218,26928789
2025-05-27,850,862,841.4,851.6,841.1275,15595000
2025-05-28,856.8,870.8,855.584,857.8,847.2513,11083100
2025-05-29,866.2,871.2,847.2,851,840.5349,35269609
2025-05-30,851,867.6,850.6,866.2,855.548,24781131
2025-06-02,871.6,880,853.8,868.8,858.116,12342480
2025-06-03,874.2,895.2,867.2,894.2,883.2037,28058490
2025-06-04,900,901.0992,880.349,891.2,880.2406,15174370
2025-06-05,888.8,893.6,874.6,876.4,865.6226,20877760
2025-06-06,881,890,867.2,885,874.1168,13535150
2025-06-09,881.2,890.2,869.6,888.2,877.2775,9857457
2025-06-10,891.6,912.6,880,880,869.1783,17789910
2025-06-11,879.8,903.8,878.6,893.4,882.4135,13557370
2025-06-12,895.2,898,868,887.4,876.4873,15188520
2025-06-13,873.6,881.8,868.4,870,859.3013,17595400
2025-06-16,870,886.6,868.208,885.4,874.5119,20036590
2025-06-17,879,895,872.2,890.6,879.6479,23654730
2025-06-18,891.6,903.4,890.2,891,880.043,10433490
2025-06-19,890,893.6,882.4,882.8,871.9439,6531116
2025-06-20,885.6,896,885.6,887.8,876.8824,26022590
2025-06-23,886.4,892.7999,874,886.6,875.6971,16511811
2025-06-24,896.4,912.8,888.323,909.2,898.0192,21780760
2025-06-25,915,929.4,913.6,916.8,905.5257,16865900
2025-06-26,910,934.4,909.6,933.8,922.3167,60381520
2025-06-27,936.8,954.2,925.3804,954.2,942.4658,25455500
2025-06-30,961,983.2,958.8,967.6,955.701,34906930
2025-07-01,974.2,981.4,936.4,939.6,928.0454,21101211
2025-07-02,939.6,950.8,929.6,943.4,931.7986,24475439
2025-07-03,943.2,970,927,954.4,942.6634,9770302
2025-07-04,951.6,965.4,951.2,962.6,950.7625,13392330
2025-07-07,965.8,982.502,963,969.8,957.874,20386920
2025-07-08,974.2,977.3,959.4,966.4,954.5158,14703560
2025-07-09,971.2,987.6,971,984.4,972.2944,14346510
2025-07-10,989,990,973.6,975.4,963.4051,17511990
2025-07-11,975.6,990.2,975.2,988,975.8502,17886770
2025-07-14,986,999.4,980.6,998.4,986.1223,9055126
2025-07-15,998.4,999.8882,985.2,990.4,978.2207,9296274
2025-07-16,989.8,999.8,987.4,988.4,976.2453,6815804
2025-07-17,988.4,1010,985.2,1010,997.5796,14094990
2025-07-18,1004.5,1012.715,996,1005,992.6411,19732180
2025-07-21,1004,1011.5,993.2,1000,987.7026,29086199
2025-07-22,997,1006,968.2,983.2,971.1092,23375840
2025-07-23,987.6,989.2,975.6,983.4,971.3067,11832220
2025-07-24,989.6,1006,982.4,985.6,973.4797,17480811
2025-07-25,987.4,989.4,974.4,977.2,965.183,33353359
2025-07-28,978,993.2,970.2,981.4,969.3313,48615859
2025-07-29,982.8,1008.189,981.4,1006,993.6288,25352689
2025-07-30,996,1003.5,988,988,975.8502,15746220
2025-07-31,1053,1108.5,1047.5,1072,1058.8172,53131398
2025-08-01,1077,1079.676,1037.5,1065,1051.9033,16590689
2025-08-04,1066,1094,1062,1090,1076.5958,64270328
2025-08-05,1109.5,1109.5,1071.5,1073,1059.8049,19465279
2025-08-06,1091.5,1092.863,1077.017,1088,1074.6204,9560948
2025-08-07,1091.5,1095.5,1067.5,1077,1068.1737,58989262
2025-08-08,1078,1084.37,1063,1071.5,1062.7188,51876754
2025-08-11,1071.5,1082,1051,1082,1073.1327,23366740
2025-08-12,1080,1091,1077,1090.5,1081.5631,30126820
2025-08-13,1102,1104.27,1081.5,1081.5,1072.6368,34254953
2025-08-14,1088.5,1111.5,1088,1101.5,1092.4729,12998630
2025-08-15,1105.5,1106.125,1068.5,1074,1065.1983,18669580
2025-08-18,1075,1083.767,1068,1082,1073.1327,67865266
2025-08-19,1085.5,1090.5,1053,1059.5,1050.8171,107047000
2025-08-20,1050,1055.5,1026,1026,1017.5917,41373129
2025-08-21,1033.5,1044.24,1028.5,1040.5,1031.9728,31216119
2025-08-22,1038.5,1048.849,1033.5,1043,1034.4523,19697449
2025-08-26,1077.5,1077.5,1040,1057.5,1048.8335,36324441
2025-08-27,1062,1062.5,1048.5,1056.5,1047.8417,32114449
2025-08-28,1057,1069,1039.5,1058.5,1049.8253,20205961
2025-08-29,1061,1081.104,1056,1070,1061.2311,51650660
2025-09-01,1079,1102,1076.071,1100,1090.9852,15566490
2025-09-02,1100.5,1100.5,1066,1069,1060.2393,15091640
2025-09-03,1070.5,1083.5,1064.5,1082,1073.1327,9038194
2025-09-04,1084.5,1085,1064.5,1069.5,1060.7352,9666836
2025-09-05,1070,1090,1066.5,1075.5,1066.686,16485510
2025-09-08,1084,1095.5,1079.5,1092.5,1083.5467,16031670
2025-09-09,1087.5,1090.5,1071.5,1087,1078.0917,18980670
2025-09-10,1100,1103.5,1085,1099.5,1090.4893,27928350
2025-09-11,1103.5,1123.5,1097,1123.5,1114.2926,37670281
2025-09-12,1122,1140.669,1112.25,1130,1120.7394,28261199
2025-09-15,1135,1154.5,1134,1145.5,1136.1123,97142992
2025-09-16,1146,1150,1123.5,1130.5,1121.2353,28533980
2025-09-17,1130.5,1142,1116,1116,1106.8541,26338500
2025-09-18,1132.5,1140,1124,1129.5,1120.2435,31819850
2025-09-19,1146,1154,1133,1150,1140.5754,26641250
2025-09-22,1151,1159,1144,1149,1139.5836,16104570
2025-09-23,1151.5,1172,1144,1164,1154.4607,16716980
2025-09-24,1173,1177,1153.588,1173.5,1163.8829,45546078
2025-09-25,1172,1179,1152.5,1170.5,1160.9074,11992710
2025-09-26,1174.5,1191,1172,1182.5,1172.8091,19971100
2025-09-29,1193.5,1196,1163.5,1163.5,1153.9648,17770211
2025-09-30,1168,1194,1166,1190,1180.2476,19770480
2025-10-01,1190,1191.455,1155,1177,1167.3542,28677051
2025-10-02,1184.5,1188,1164,1167.5,1157.932,10318060
2025-10-03,1175,1182.5,1168,1168.5,1158.9238,30233520
2025-10-06,1171,1174.5,1154.5,1154.5,1145.0386,35037719
2025-10-07,1154.5,1161,1146,1153.5,1144.0468,12463630
2025-10-08,1165,1174.5,1146.5,1152.5,1143.055,11928400
2025-10-09,1149.5,1166,1137,1155,1145.5345,9279118
2025-10-10,1154.5,1155,1124,1138.5,1129.1697,14957490
2025-10-13,1138,1142,1118.5,1128.5,1119.2516,42174367
2025-10-14,1121,1128,1087,1124,1114.7885,81873641
2025-10-15,1126,1128.5,1110,1112.5,1103.3828,19816859
2025-10-16,1106,1140.5,1105,1140,1130.6574,11168390
2025-10-17,1115.5,1125.5,1094,1103,1093.9606,19048131
2025-10-20,1128.5,1134.5,1121.995,1127,1117.7639,31791250
2025-10-21,1134,1142,1121.5,1134.5,1125.2025,27696730
2025-10-22,1142,1146,1102.5,1102.5,1093.4647,79387852
2025-10-23,1111,1118.5,1104,1108.5,1099.4156,18429551
2025-10-24,1122,1123,1094,1121,1111.8131,21565430
2025-10-27,1129.5,1137,1117.5,1120,1110.8213,31165590
2025-10-28,1120,1155.5,1108.5,1146,1136.6082,30780859
2025-10-29,1139,1162,1126,1159.5,1149.9976,45110441
2025-10-30,1159,1182,1152.5,1168,1158.4279,45387840
2025-10-31,1173,1181,1156.5,1167,1157.4361,12397140
2025-11-03,1177,1181,1165,1165,1155.4525,77114242
2025-11-04,1148.5,1159,1137,1147.5,1138.0959,47146762
2025-11-05,1142,1159.5,1140,1157,1147.5181,44744578
2025-11-06,1160,1160,1131.5,1131.5,1122.2271,21460010
2025-11-07,1126.5,1142.592,1116.5,1138.5,1129.1697,39724793
2025-11-10,1153,1171.5,1125,1161,1151.4853,44449273
2025-11-11,1163.5,1169,1133.5,1152.5,1143.055,26863471
2025-11-12,1147,1162,1136.754,1152.5,1143.055,12189970
2025-11-13,1136,1163.5,1120.444,1120.5,1111.3172,15919880
2025-11-14,1094,1112.5,1083,1106,1096.936,19588029
2025-11-17,1102.5,1107.5,1090,1094.5,1085.5303,45034238
2025-11-18,1072,1088.5,1057.5,1073.5,1064.7024,26758320
2025-11-19,1066.5,1080,1050.5,1066.5,1057.7598,43673770
2025-11-20,1078.5,1102.75,1075.5,1079,1070.1573,46535641
2025-11-21,1053,1058,1020.5,1038,1029.4933,31928000
2025-11-24,1034,1039.795,1019.5,1029,1020.5671,37006312
2025-11-25,1027,1045,1018.5,1045,1036.436,36425520
2025-11-26,1054.5,1060,1044,1058,1049.3294,27451939
2025-11-27,1058,1062,1050.5,1058.5,1049.8253,71113320
2025-11-28,1062,1078,1060.5,1068,1059.2475,10706610
2025-12-01,1053.5,1061.159,1033,1037,1028.5015,16524189
2025-12-02,1035,1055,1034.5,1046,1037.4278,15439780
2025-12-03,1045,1072.5,1037,1063,1054.2884,23002430
2025-12-04,1074,1093.5,1060,1091,1082.059,38390961
2025-12-05,1111,1115.5,1073,1084.5,1075.6122,21149580
2025-12-08,1093.5,1112,1090,1107,1097.9278,22298641
2025-12-09,1118.5,1127,1105.5,1111,1101.8951,13290150
2025-12-10,1100.5,1121,1099,1106,1096.936,16792080
2025-12-11,1099,1109.5,1092.5,1100,1090.9852,12288670
2025-12-12,1105,1120,1095.52,1096.5,1087.5139,18270551
2025-12-15,1099,1115.5,1091.875,1114,1104.8705,11200680
2025-12-16,1100,1109,1086.5,1098,1089.0016,12562650
2025-12-17,1108,1129.5,1101,1102,1092.9688,23721039
2025-12-18,1107.5,1149,1104,1144,1134.6246,16842150
2025-12-19,1148.5,1178,1144.5,1170,1160.4115,33928633
2025-12-22,1169,1174.706,1141.5,1155,1145.5345,11681030
2025-12-23,1155,1163,1146,1160,1150.4935,19343520
2025-12-24,1160.5,1160.5,1146.5,1149.5,1140.0795,2526465
2025-12-29,1147,1149.5,1132,1137,1127.682,14374260
2025-12-30,1131,1155,1131,1153,1143.5509,8603715
2025-12-31,1152,1156,1144,1150,1140.5754,3474648
2026-01-02,1160,1198,1155.78,1197,1187.1903,37950879
2026-01-05,1214,1240,1197,1231.5,1221.4075,27313619
2026-01-06,1246,1269.5,1234.5,1244.5,1234.301,20949410
2026-01-07,1251,1268,1243.5,1259,1248.6822,13812450
2026-01-08,1269,1286.5,1262.5,1272.5,1262.0715,21986320
2026-01-09,1285,1297,1273,1293.5,1282.8994,21433750
2026-01-12,1300,1304,1285.5,1287,1276.4527,20494561
2026-01-13,1299,1305,1288.5,1305,1294.3052,31813430
2026-01-14,1305,1306.599,1268,1275,1264.551,23299570
2026-01-15,1286,1299.75,1261,1273,1262.5674,57592527
2026-01-16,1283,1295,1274.5,1285.5,1274.965,36516887
2026-01-19,1279,1290.5,1267,1267,1256.6166,14996470
2026-01-20,1263.5,1281,1239,1281,1270.5019,36874059
2026-01-21,1267,1278.5,1246.5,1255,1244.7149,23179330
2026-01-22,1255,1280,1236.5,1244,1233.8051,15053970
2026-01-23,1255,1263,1245.5,1253,1242.7313,37721738
2026-01-26,1258.5,1258.5,1230.271,1235.5,1225.3748,42309461
2026-01-27,1244,1258.5,1234.5,1240,1229.8379,65283301
2026-01-28,1250,1250,1207.5,1208,1198.1001,34901809
2026-01-29,1211.5,1227,1191,1201,1191.1575,16872580
2026-01-30,1202,1223.5,1198.5,1211,1201.0755,13561700
2026-02-02,1200,1235.5,1191,1230.5,1220.4157,25735930
2026-02-03,1260,1264.5,1233.5,1235.5,1225.3748,18198420
2026-02-04,1248.5,1265,1217.5,1217.5,1207.5223,16821891
2026-02-05,1217.5,1237,1199,1207.5,1197.6042,14030740
2026-02-06,1205.5,1229,1192.5,1229,1218.928,11086430
2026-02-09,1237,1275,1235.45,1275,1264.551,16946760
2026-02-10,1283,1285,1243.5,1243.5,1233.3092,15964510
2026-02-11,1243.5,1265.25,1236.5,1248,1237.7723,21144699
2026-02-12,1265,1270,1223,1226,1215.9526,28179250
2026-02-13,1240,1280,1238.5,1271,1260.5838,38388441
2026-02-16,1271,1299,1266.5,1298,1287.3625,11519120
2026-02-17,1298,1300,1267.5,1297,1286.3707,23524510
2026-02-18,1298.5,1333,1297.793,1324.5,1313.6454,48505527
2026-02-19,1329,1331.5,1306.5,1324,1313.1495,49433527
2026-02-20,1327,1351.5,1324,1336,1325.0511,30994939
2026-02-23,1327,1337.273,1313.5,1333,1322.0757,18967600
2026-02-24,1325,1331.5,1304.5,1310,1299.2642,23721490
2026-02-25,1320,1336.5,1305,1310,1299.2642,35732793
2026-02-26,1420,1420,1352.5,1352.5,1341.4159,48708930
2026-02-27,1369,1372,1333.367,1333.5,1322.5716,43601246
2026-03-02,1333.5,1354,1288,1354,1342.9036,64472121
2026-03-03,1353.5,1367.5,1263,1303,1292.3216,90846141
2026-03-04,1293.5,1363,1293.5,1363,1351.8299,53428461
2026-03-05,1380,1380.5,1288.5,1290,1279.4281,61113090
2026-03-06,1300.5,1316,1250,1265,1254.633,26015811
2026-03-09,1210,1242.19,1168.5,1238.5,1228.3502,42491609
2026-03-10,1290,1313,1285.5,1311,1300.256,32401189
2026-03-11,1293,1303,1263.5,1300.5,1289.8421,26591240
2026-03-12,1300.5,1327,1254.5,1283.5,1272.9814,37179910
2026-03-13,1272,1288,1213.5,1215.5,1205.5387,25895721
2026-03-16,1220,1240,1208.5,1230,1219.9198,13932240
2026-03-17,1224.5,1257,1215.5,1247,1236.7805,34041246
2026-03-18,1254,1287,1245,1255.5,1245.2108,29853510
2026-03-19,1231,1234,1172.77,1190,1180.2476,23656150
2026-03-20,1199.5,1211,1148.5,1161,1151.4853,57889008
2026-03-23,1118,1230,1093,1183,1173.305,58449832
2026-03-24,1186,1186.046,1145,1165.5,1155.9484,41198520
2026-03-25,1185.5,1205.5,1178.5,1194,1184.2149,24061600
2026-03-26,1177.5,1178.5,1141,1150,1140.5754,23082480
2026-03-27,1157,1159.5,1104.5,1108.5,1099.4156,32346381
2026-03-30,1104,1123,1090,1106.5,1097.4319,35041727
2026-03-31,1082.5,1135.5,1078,1132,1122.723,21974711
2026-04-01,1245,1249.5,1188.5,1207,1197.1083,48769879
2026-04-02,1178.5,1207.5,1165,1188.5,1178.7599,31838240
2026-04-07,1200.6,1200.6,1133,1142.6,1133.2361,26829100
2026-04-08,1268.8,1282.609,1244.6,1278,1267.5265,52556434
2026-04-09,1270,1284.9,1265.8,1279.8,1269.3117,29175119
2026-04-10,1279.8,1288.798,1256.8,1267.2,1256.815,16396961
2026-04-13,1250.2,1278.903,1236.4,1269.4,1258.9969,33296961
2026-04-14,1277,1319.2,1272.2,1312.2,1301.4462,48782559
2026-04-15,1310.6,1310.6,1282.2,1286.8,1276.2543,16082070
2026-04-16,1289,1293.4,1233.6,1250.2,1239.9543,33670941
2026-04-17,1242.8,1328.6,1234.2,1310.6,1299.8593,61689840
2026-04-20,1284.8,1288.678,1256.4,1262.4,1252.0543,77421680
2026-04-21,1272.8,1279.8,1180.4,1180.4,1170.7263,43975422
2026-04-22,1187.4,1196.8,1136,1138.6,1129.2689,44509770
2026-04-23,1130,1164,1109.4,1160.2,1155.7672,25600420
2026-04-24,1145.6,1161.4,1128.2,1129.4,1125.0849,19111330
2026-04-27,1127.4,1149.8,1126.6,1130.4,1126.0811,60163770
2026-04-28,1130.4,1135.2,1105.8,1134.4,1130.0658,113568203
2026-04-29,1134.4,1138.8,1098.6,1098.6,1094.4026,22056211
2026-04-30,1098.6,1206.9,1094.8,1182,1177.484,75000195
2026-05-01,1182.4,1207,1165.4,1199.2,1194.6182,13446540
2026-05-05,1187.4,1206.717,1169.8,1202,1197.4075,31127039
2026-05-06,1221,1330,1212.4,1279.2,1274.3126,47065078
2026-05-07,1288.4,1317.2,1259,1259,1254.1898,24598211
2026-05-08,1247.2,1314.2,1216.8,1219.8,1215.1395,13911850
2026-05-11,1219.8,1231.045,1191.2,1227.6,1222.9097,32959871
2026-05-12,1200.6,1208.2,1183.8,1191,1186.4496,16366430
2026-05-13,1206.4,1215.6,1184,1205,1200.3961,25691990
2026-05-14,1209.2,1220,1181.4,1197.2,1192.6259,9708306
2026-05-15,1180,1209.4,1140,1140,1135.6444,59138367
2026-05-18,1117.4,1182.648,1115.8,1157.6,1153.1772,18336000
2026-05-19,1157.6,1190.6,1154.6,1164.6,1160.1504,26729539
2026-05-20,1169.8,1228.4,990,1224.6,1219.9212,23252930
2026-05-21,1224.6,1229,1198.2,1208.2,1203.5839,20589250
2026-05-22,1228.4,1248.8,1051.2,1248.8,1244.0287,21034641
2026-05-26,1268.8,1287,1253.4,1261.2,1256.3814,17197381
2026-05-27,1263,1303.676,1263,1297.2,1292.2438,38398820
2026-05-28,1285.4,1327.2,1270.8,1314.6,1309.5773,36285473
2026-05-29,1326,1420,1315,1337.4,1332.2902,70584812
2026-06-01,1323,1331,1230.4,1272.8,1267.937,47838859
2026-06-02,1291.2,1300.6,1107.4,1280.6,1275.7072,30549100
2026-06-03,1265.8,1273,1250.2,1258.2,1253.3928,32661721
2026-06-04,1252.8,1270,1244.8,1263.2,1258.3737,14383220
2026-06-05,1267.8,1277.2,1253.2,1260,1255.1859,29097230
2026-06-08,1217.8,1264.6,1202.6,1259,1254.1898,26098881
2026-06-09,1268,1276.8,1225.2,1225.2,1220.5189,42428180
2026-06-10,1225.2,1252.4,1210,1233.6,1228.8868,35030898
2026-06-11,1236.4,1260.8,1234.4,1252.8,1248.0134,17787551
2026-06-12,1306.4,1324.2,1283.4,1308,1303.0025,25448699
2026-06-15,1367.6,1387.4,1345.8,1358.4,1353.21,22141119
2026-06-16,1381.6,1407.8,1374,1393,1387.6778,17806289
2026-06-17,1398.2,1424.2,1381.4,1390,1384.6893,16292470
2026-06-18,1402.2,1413.5,1383.2,1409.6,1404.2144,18298570
2026-06-19,1407.2,1421.2,1396.4,1408.2,1402.8197,34174527
2026-06-22,1405,1420.2,1389.674,1411.8,1406.406,44378254
2026-06-23,1398,1411.6,1379.2,1391.2,1385.8847,65452512
2026-06-24,1382,1419.2,1377.4,1419.2,1413.7777,40618949
2026-06-25,1420,1532.6,1416.2,1432,1426.5288,35715777
2026-06-26,1417,1437.2,1393.8,1406.2,1400.8274,26078557
2026-06-29,1415,1421.4,1397.6,1415.2,1409.793,17668400
2026-06-30,1420,1461,1415,1444.6,1439.0806,20018572
2026-07-01,1450,1477.6,1437,1461,1455.418,22093357
2026-07-02,1440.4,1499.2,1440.4,1475.2,1469.5637,31176508
2026-07-03,1488.8,1504.2,1478.6,1504.2,1498.4529,10723721
2026-07-06,1504.2,1510,1480.4,1504,1498.2537,18755252
2026-07-07,1493.8,1493.8,1438.4,1447.8,1442.2684,14985417
2026-07-08,1430,1441.2,1387.6,1399.4,1394.0533,18457408
2026-07-09,1430.6,1439.4,1414.8,1436.4,1430.912,9009155
2026-07-10,1439.2,1447.8,1415.6,1438.4,1432.9043,7271649
2026-07-13,1423.4,1435.6,1399.4,1415.4,1409.9922,7488979
2026-07-14,1400.2,1410.6,1375.8,1402.2,1396.8426,10460590
2026-07-15,1398.8,1409.8,1383.8,1391.4,1386.0839,23493381
2026-07-16,1401,1401,1280.2,1378.4,1373.1336,12273683
2026-07-17,1358.6,1370.295,1334.361,1365.6,1360.3825,13336167
2026-07-20,1357.2,1374.4,1340.6,1358,1352.8115,32985594
2026-07-21,1358.6,1385.8,1358.6,1372.6,1367.3557,12411649
2026-07-22,1376.8,1418,1376.4,1392,1386.6816,10324493
2026-07-23,1395,1399.4,1359,1359,1353.8077,21298588
2026-07-24,1360.2,1415.6,1355,1415.6,1410.1914,28452543
2026-07-27,1440.2,1467,1413.2,1413.6,1408.1991,75505023
2026-07-28,1415,1440.554,1394,1419.4,1413.9769,11912959
2026-07-29,1407,1419.8,1378,1380,1374.7275,29918240
2026-07-30,1447.2,1466,1402.6,1463,1457.4103,22432191
2026-07-31,1489.8,1520.2,1445.6,1467.8,1462.192,26126504
2026-08-03,1513.4,1527.8,1495.8,1506.8,1501.043,55672191
2026-08-04,1531.8,1548.2,1517.2,1529.4,1523.5566,31362158
2026-08-05,1550,1581.2,1544.4,1570.4,1564.4,19595232
2026-08-06,1569.8,1586,1533.4,1533.4,1533.4,17338430
2026-08-07,1526.8,1559.8,1526,1530,1530,10788338
2026-08-10,1522.6,1553.8,1507.8,1540,1540,25673957
2026-08-11,1535,1546.8,1522.6,1533,1533,8732001
2026-08-12,1542,1563,1540.6,1546,1546,32815039
2026-08-13,1554.8,1555.6,1525,1525,1525,16495656
2026-08-14,1539,1548.2,1529,1541,1541,7160789

