date,tonnes,ounces
2004-11-18,8.09,260000
2004-11-19,57.85,1859994.06
2004-11-22,87.09,2799952.98
2004-11-23,87.09,2799952.98
2004-11-24,96.42,3099933.30
2004-11-26,100.46,3229921.97
2004-11-29,103.57,3329909.96
2004-11-30,103.57,3329909.96
2004-12-01,103.57,3329909.96
2004-12-02,103.56,3329699.18
2004-12-03,103.56,3329699.18
2004-12-06,103.56,3329699.18
2004-12-07,88.02,2829802.88
2004-12-08,91.13,2929780.58
2004-12-09,91.13,2929780.58
2004-12-10,91.13,2929780.58
2004-12-13,91.13,2929780.58
2004-12-14,91.13,2929780.58
2004-12-15,91.13,2929780.58
2004-12-16,91.13,2929780.58
2004-12-17,88.64,2849806.22
2004-12-20,88.64,2849806.22
2004-12-21,88.64,2849806.22
2004-12-22,91.75,2949768.83
2004-12-23,91.75,2949768.83
2004-12-27,91.75,2949768.83
2004-12-28,91.75,2949768.83
2004-12-29,91.75,2949768.83
2004-12-30,94.86,3049722.19
2004-12-31,94.86,3049722.19
2005-01-03,109.16,3509488.41
2005-01-04,109.14,3508826.93
2005-01-05,109.14,3508826.93
2005-01-06,112.24,3608771.80
2005-01-07,123.12,3958574.65
2005-01-10,123.12,3958574.65
2005-01-11,139.60,4488252.67
2005-01-12,142.71,4588191.09
2005-01-13,142.71,4588191.09
2005-01-14,142.71,4588191.09
2005-01-18,142.71,4588191.09
2005-01-19,142.71,4588191.09
2005-01-20,142.71,4588191.09
2005-01-21,142.71,4588191.09
2005-01-24,148.92,4788041.91
2005-01-25,152.03,4887966
2005-01-26,152.03,4887966
2005-01-27,152.03,4887966
2005-01-28,152.03,4887966
2005-01-31,152.03,4887966
2005-02-01,151.98,4886269.77
2005-02-02,151.98,4886269.77
2005-02-03,151.98,4886269.77
2005-02-04,151.98,4886269.77
2005-02-07,151.98,4886269.77
2005-02-08,155.09,4986177.93
2005-02-09,155.09,4986177.93
2005-02-10,155.09,4986177.93
2005-02-11,155.09,4986177.93
2005-02-14,155.09,4986177.93
2005-02-15,155.09,4986177.93
2005-02-16,155.09,4986177.93
2005-02-17,155.09,4986177.93
2005-02-18,155.09,4986177.93
2005-02-22,159.75,5136018.84
2005-02-23,157.88,5076083.15
2005-02-24,157.88,5076083.15
2005-02-25,157.88,5076083.15
2005-02-28,157.88,5076083.15
2005-03-01,157.84,5074620.61
2005-03-02,157.84,5074620.61
2005-03-03,160.94,5174504.67
2005-03-04,164.05,5274387.71
2005-03-07,164.05,5274387.71
2005-03-08,164.05,5274387.71
2005-03-09,164.05,5274387.71
2005-03-10,164.05,5274387.71
2005-03-11,164.05,5274387.71
2005-03-14,164.05,5274387.71
2005-03-15,164.05,5274387.71
2005-03-16,164.05,5274387.71
2005-03-17,164.05,5274387.71
2005-03-18,164.05,5274387.71
2005-03-21,164.05,5274387.71
2005-03-22,164.05,5274387.71
2005-03-23,164.05,5274387.71
2005-03-24,164.05,5274387.71
2005-03-28,164.05,5274387.71
2005-03-29,164.05,5274387.71
2005-03-30,164.05,5274387.71
2005-03-31,164.05,5274387.71
2005-04-01,163.99,5272503.84
2005-04-04,163.99,5272503.84
2005-04-05,167.10,5372351.06
2005-04-06,166.79,5362366.45
2005-04-07,169.89,5462211.57
2005-04-08,173,5562055.51
2005-04-11,173,5562055.51
2005-04-12,173,5562055.51
2005-04-13,177.66,5711813.33
2005-04-14,177.66,5711813.33
2005-04-15,177.66,5711813.33
2005-04-18,177.66,5711813.33
2005-04-19,177.66,5711813.33
2005-04-20,177.66,5711813.33
2005-04-21,177.66,5711813.33
2005-04-22,177.66,5711813.33
2005-04-25,177.66,5711813.33
2005-04-26,178.90,5751743.31
2005-04-27,178.90,5751743.31
2005-04-28,178.90,5751743.31
2005-04-29,178.90,5751743.31
2005-05-02,178.90,5751743.31
2005-05-03,178.84,5750026.91
2005-05-04,178.84,5750026.91
2005-05-05,178.84,5750026.91
2005-05-06,178.84,5750026.91
2005-05-09,178.84,5750026.91
2005-05-10,178.84,5750026.91
2005-05-11,178.84,5750026.91
2005-05-12,178.84,5750026.91
2005-05-13,178.84,5750026.91
2005-05-16,178.84,5750026.91
2005-05-17,178.84,5750026.91
2005-05-18,178.84,5750026.91
2005-05-19,178.84,5750026.91
2005-05-20,178.84,5750026.91
2005-05-23,177.60,5710109.25
2005-05-24,177.60,5710109.25
2005-05-25,177.60,5710109.25
2005-05-26,177.60,5710109.25
2005-05-27,177.60,5710109.25
2005-05-31,179.15,5760001.78
2005-06-01,179.10,5758157.38
2005-06-02,179.10,5758157.38
2005-06-03,179.10,5758157.38
2005-06-06,179.10,5758157.38
2005-06-07,179.10,5758157.38
2005-06-08,179.10,5758157.38
2005-06-09,179.10,5758157.38
2005-06-10,179.10,5758157.38
2005-06-13,179.10,5758157.38
2005-06-14,179.10,5758157.38
2005-06-15,179.10,5758157.38
2005-06-16,179.10,5758157.38
2005-06-17,179.10,5758157.38
2005-06-20,179.10,5758157.38
2005-06-21,179.10,5758157.38
2005-06-22,179.10,5758157.38
2005-06-23,175.99,5658396.24
2005-06-24,175.99,5658396.24
2005-06-27,175.37,5638444.88
2005-06-28,175.37,5638444.88
2005-06-29,175.37,5638444.88
2005-06-30,175.37,5638444.88
2005-07-01,175.31,5636319.23
2005-07-05,175.31,5636319.23
2005-07-06,175.31,5636319.23
2005-07-07,178.41,5736064.30
2005-07-08,178.41,5736064.30
2005-07-11,178.41,5736064.30
2005-07-12,178.41,5736064.30
2005-07-13,181.51,5835802.79
2005-07-14,181.51,5835802.79
2005-07-15,181.51,5835802.79
2005-07-18,181.51,5835802.79
2005-07-19,181.51,5835802.79
2005-07-20,181.51,5835802.79
2005-07-21,184.61,5935532.60
2005-07-22,184.61,5935532.60
2005-07-25,184.61,5935532.60
2005-07-26,187.72,6035256.86
2005-07-27,187.72,6035256.86
2005-07-28,187.72,6035256.86
2005-07-29,187.72,6035256.86
2005-08-01,187.66,6033300.61
2005-08-02,191.38,6152961.34
2005-08-03,191.38,6152961.34
2005-08-04,191.38,6152961.34
2005-08-05,191.38,6152961.34
2005-08-08,191.38,6152961.34
2005-08-09,191.38,6152961.34
2005-08-10,191.38,6152961.34
2005-08-11,191.38,6152961.34
2005-08-12,191.38,6152961.34
2005-08-15,191.38,6152961.34
2005-08-16,191.38,6152961.34
2005-08-17,191.38,6152961.34
2005-08-18,191.38,6152961.34
2005-08-19,191.38,6152961.34
2005-08-22,191.38,6152961.34
2005-08-23,191.38,6152961.34
2005-08-24,191.38,6152961.34
2005-08-25,191.38,6152961.34
2005-08-26,191.38,6152961.34
2005-08-29,191.38,6152961.34
2005-08-30,191.38,6152961.34
2005-08-31,194.48,6252646.55
2005-09-01,194.41,6250630.06
2005-09-02,194.41,6250630.06
2005-09-06,194.41,6250630.06
2005-09-07,194.41,6250630.06
2005-09-08,198.14,6370242.72
2005-09-09,201.24,6469918.83
2005-09-12,201.24,6469918.83
2005-09-13,201.24,6469918.83
2005-09-14,201.24,6469918.83
2005-09-15,201.24,6469918.83
2005-09-16,204.34,6569587.69
2005-09-19,204.34,6569587.69
2005-09-20,204.34,6569587.69
2005-09-21,204.34,6569587.69
2005-09-22,207.44,6669250.46
2005-09-23,207.44,6669250.46
2005-09-26,207.44,6669250.46
2005-09-27,207.44,6669250.46
2005-09-28,207.44,6669250.46
2005-09-29,207.44,6669250.46
2005-09-30,207.44,6669250.46
2005-10-03,207.36,6666956.70
2005-10-04,207.36,6666956.70
2005-10-05,207.36,6666956.70
2005-10-06,207.36,6666956.70
2005-10-07,207.36,6666956.70
2005-10-10,207.36,6666956.70
2005-10-11,207.36,6666956.70
2005-10-12,207.36,6666956.70
2005-10-13,207.36,6666956.70
2005-10-14,207.36,6666956.70
2005-10-17,207.36,6666956.70
2005-10-18,207.36,6666956.70
2005-10-19,207.36,6666956.70
2005-10-20,207.36,6666956.70
2005-10-21,207.36,6666956.70
2005-10-24,207.36,6666956.70
2005-10-25,207.36,6666956.70
2005-10-26,207.36,6666956.70
2005-10-27,207.36,6666956.70
2005-10-28,208.29,6696843.76
2005-10-31,208.29,6696843.76
2005-11-01,211.32,6794072.74
2005-11-02,211.32,6794072.74
2005-11-03,211.32,6794072.74
2005-11-04,211.32,6794072.74
2005-11-07,211.32,6794072.74
2005-11-08,211.32,6794072.74
2005-11-09,211.32,6794072.74
2005-11-10,211.32,6794072.74
2005-11-11,211.32,6794072.74
2005-11-14,215.04,6913597.90
2005-11-15,215.04,6913597.90
2005-11-16,215.04,6913597.90
2005-11-17,218.13,7013199.58
2005-11-18,221.23,7112800.15
2005-11-21,221.23,7112800.15
2005-11-22,221.23,7112800.15
2005-11-23,226.19,7272152.44
2005-11-25,226.19,7272152.44
2005-11-28,226.19,7272152.44
2005-11-29,229.28,7371741.47
2005-11-30,229.28,7371741.47
2005-12-01,229.22,7369639.28
2005-12-02,229.22,7369639.28
2005-12-05,229.22,7369639.28
2005-12-06,229.22,7369639.28
2005-12-07,229.22,7369639.28
2005-12-08,232.32,7469218.93
2005-12-09,232.32,7469218.93
2005-12-12,232.32,7469218.93
2005-12-13,232.32,7469218.93
2005-12-14,232.32,7469218.93
2005-12-15,232.32,7469218.93
2005-12-16,235.41,7568789.46
2005-12-19,238.51,7668356.79
2005-12-20,238.51,7668356.79
2005-12-21,241.61,7767921.03
2005-12-22,241.61,7767921.03
2005-12-23,241.61,7767921.03
2005-12-27,247.80,7967037.85
2005-12-28,253.99,8166154.13
2005-12-29,255.54,8215932.52
2005-12-30,263.28,8464821.69
2006-01-03,263.28,8464821.69
2006-01-04,263.21,8462451.04
2006-01-05,282.10,9069706.96
2006-01-06,282.10,9069706.96
2006-01-09,285.19,9169253.01
2006-01-10,285.19,9169253.01
2006-01-11,285.19,9169253.01
2006-01-12,285.19,9169253.01
2006-01-13,285.19,9169253.01
2006-01-17,286.12,9199114.29
2006-01-18,286.12,9199114.29
2006-01-19,289.22,9298649.80
2006-01-20,289.22,9298649.80
2006-01-23,290.46,9338462.22
2006-01-24,293.55,9437992.32
2006-01-25,312.13,10035167.64
2006-01-26,312.13,10035167.64
2006-01-27,328.84,10572613.71
2006-01-30,333.80,10731852.02
2006-01-31,333.80,10731852.02
2006-02-01,333.70,10728788.03
2006-02-02,339.89,10927829.75
2006-02-03,342.99,11027349.50
2006-02-06,342.99,11027349.50
2006-02-07,342.99,11027349.50
2006-02-08,342.99,11027349.50
2006-02-09,342.99,11027349.50
2006-02-10,342.99,11027349.50
2006-02-13,342.99,11027349.50
2006-02-14,342.99,11027349.50
2006-02-15,342.99,11027349.50
2006-02-16,342.99,11027349.50
2006-02-17,342.99,11027349.50
2006-02-21,342.99,11027349.50
2006-02-22,342.99,11027349.50
2006-02-23,342.99,11027349.50
2006-02-24,342.99,11027349.50
2006-02-27,342.99,11027349.50
2006-02-28,342.99,11027349.50
2006-03-01,343.17,11033329.16
2006-03-02,343.17,11033329.16
2006-03-03,343.17,11033329.16
2006-03-06,350.91,11282045.14
2006-03-07,350.91,11282045.14
2006-03-08,350.91,11282045.14
2006-03-09,350.91,11282045.14
2006-03-10,350.93,11282724.52
2006-03-13,350.93,11282724.52
2006-03-14,350.93,11282724.52
2006-03-15,350.93,11282724.52
2006-03-16,350.93,11282724.52
2006-03-17,350.93,11282724.52
2006-03-20,350.93,11282724.52
2006-03-21,350.93,11282724.52
2006-03-22,350.93,11282724.52
2006-03-23,350.92,11282361.21
2006-03-24,347.82,11182894.22
2006-03-27,347.82,11182894.22
2006-03-28,347.82,11182894.22
2006-03-29,347.82,11182894.22
2006-03-30,347.82,11182894.22
2006-03-31,347.82,11182894.22
2006-04-03,350.92,11282351.86
2006-04-04,350.81,11278868.61
2006-04-05,350.81,11278868.61
2006-04-06,350.81,11278868.61
2006-04-07,350.81,11278868.61
2006-04-10,350.81,11278868.61
2006-04-11,350.81,11278868.61
2006-04-12,350.81,11278868.61
2006-04-13,355.45,11428038.88
2006-04-17,355.45,11428038.88
2006-04-18,355.45,11428038.88
2006-04-19,355.45,11428038.88
2006-04-20,355.45,11428038.88
2006-04-21,355.45,11428038.88
2006-04-24,358.54,11527474.60
2006-04-25,358.54,11527474.60
2006-04-26,358.54,11527474.60
2006-04-27,358.54,11527474.60
2006-04-28,358.54,11527474.60
2006-05-01,358.54,11527474.60
2006-05-02,358.54,11527474.60
2006-05-03,358.44,11524191
2006-05-04,356.89,11474477.45
2006-05-05,353.80,11375051.40
2006-05-08,353.80,11375051.40
2006-05-09,353.80,11375051.40
2006-05-10,353.80,11375051.40
2006-05-11,353.80,11375051.40
2006-05-12,353.80,11375051.40
2006-05-15,349.47,11235870.35
2006-05-16,349.47,11235870.35
2006-05-17,346.38,11136457.18
2006-05-18,344.52,11076810.03
2006-05-19,341.43,10977400.55
2006-05-22,341.43,10977400.55
2006-05-23,341.43,10977400.55
2006-05-24,343.29,11037042.88
2006-05-25,343.29,11037042.88
2006-05-26,343.29,11037042.88
2006-05-30,344.22,11066862.29
2006-05-31,347.31,11166258.82
2006-06-01,351.63,11305410.18
2006-06-02,351.51,11301455.03
2006-06-05,355.53,11430662.03
2006-06-06,355.53,11430662.03
2006-06-07,355.53,11430662.03
2006-06-08,355.53,11430662.03
2006-06-09,355.53,11430662.03
2006-06-12,355.53,11430662.03
2006-06-13,355.53,11430662.03
2006-06-14,358.62,11530040.62
2006-06-15,361.71,11629418.17
2006-06-16,361.71,11629418.17
2006-06-19,363.88,11698979.43
2006-06-20,365.73,11758602.62
2006-06-21,365.73,11758602.62
2006-06-22,365.73,11758602.62
2006-06-23,365.73,11758602.62
2006-06-26,365.73,11758602.62
2006-06-27,365.73,11758602.62
2006-06-28,365.73,11758602.62
2006-06-29,365.73,11758602.62
2006-06-30,371.91,11957329.04
2006-07-03,371.91,11957329.04
2006-07-05,375,12056689.72
2006-07-06,376.13,12092813.17
2006-07-07,376.13,12092813.17
2006-07-10,383.54,12331267.62
2006-07-11,384.47,12361073.28
2006-07-12,384.47,12361073.28
2006-07-13,387.56,12460423.70
2006-07-14,387.56,12460423.70
2006-07-17,387.56,12460423.70
2006-07-18,387.56,12460423.70
2006-07-19,387.56,12460423.70
2006-07-20,387.56,12460423.70
2006-07-21,387.56,12460423.70
2006-07-24,387.56,12460423.70
2006-07-25,387.56,12460423.70
2006-07-26,387.56,12460423.70
2006-07-27,384.78,12371022.27
2006-07-28,384.78,12371022.27
2006-07-31,384.78,12371022.27
2006-08-01,384.78,12371022.27
2006-08-02,384.78,12371022.27
2006-08-03,387.74,12466344.84
2006-08-04,387.74,12466344.84
2006-08-07,387.74,12466344.84
2006-08-08,387.74,12466344.84
2006-08-09,387.74,12466344.84
2006-08-10,387.74,12466344.84
2006-08-11,388.98,12506072.82
2006-08-14,388.98,12506072.82
2006-08-15,388.98,12506072.82
2006-08-16,388.98,12506072.82
2006-08-17,388.98,12506072.82
2006-08-18,388.98,12506072.82
2006-08-21,388.98,12506072.82
2006-08-22,388.98,12506072.82
2006-08-23,390.52,12555725.55
2006-08-24,390.52,12555725.55
2006-08-25,390.52,12555725.55
2006-08-28,390.52,12555725.55
2006-08-29,390.52,12555725.55
2006-08-30,392.07,12605374.23
2006-08-31,392.07,12605374.23
2006-09-01,392.07,12605374.23
2006-09-05,392.07,12605374.23
2006-09-06,392.07,12605374.23
2006-09-07,391.94,12601187.39
2006-09-08,391.94,12601187.39
2006-09-11,391.94,12601187.39
2006-09-12,390.70,12561473.98
2006-09-13,393.79,12660756.37
2006-09-14,393.79,12660756.37
2006-09-15,393.79,12660756.37
2006-09-18,393.79,12660756.37
2006-09-19,390.70,12561480.61
2006-09-20,388.85,12501915.89
2006-09-21,388.85,12501915.89
2006-09-22,386.38,12422497.68
2006-09-25,386.38,12422497.68
2006-09-26,386.38,12422497.68
2006-09-27,386.38,12422497.68
2006-09-28,386.38,12422497.68
2006-09-29,386.38,12422497.68
2006-10-02,386.38,12422497.68
2006-10-03,386.38,12422497.68
2006-10-04,389.34,12517589.11
2006-10-05,389.34,12517589.11
2006-10-06,389.34,12517589.11
2006-10-09,389.34,12517589.11
2006-10-10,389.34,12517589.11
2006-10-11,390.26,12547364.41
2006-10-12,390.26,12547364.41
2006-10-13,390.26,12547364.41
2006-10-16,390.26,12547364.41
2006-10-17,390.26,12547364.41
2006-10-18,390.26,12547364.41
2006-10-19,390.26,12547364.41
2006-10-20,390.26,12547364.41
2006-10-23,390.26,12547364.41
2006-10-24,388.72,12497746.11
2006-10-25,388.72,12497746.11
2006-10-26,388.72,12497746.11
2006-10-27,388.72,12497746.11
2006-10-30,388.72,12497746.11
2006-10-31,388.72,12497746.11
2006-11-01,396.74,12755744.16
2006-11-02,399.83,12854973.49
2006-11-03,402.92,12954201.85
2006-11-06,404.03,12989976.43
2006-11-07,404.03,12989976.43
2006-11-08,409.59,13168577.97
2006-11-09,409.59,13168577.97
2006-11-10,409.59,13168577.97
2006-11-13,409.59,13168577.97
2006-11-14,412.67,13267794.60
2006-11-15,415.76,13367009.86
2006-11-16,415.76,13367009.86
2006-11-17,415.76,13367009.86
2006-11-20,415.76,13367009.86
2006-11-21,415.76,13367009.86
2006-11-22,418.84,13466218.05
2006-11-24,423.47,13615027.58
2006-11-27,425.32,13674549.41
2006-11-28,425.32,13674549.41
2006-11-29,435.50,14001912.44
2006-11-30,441.68,14200312.84
2006-12-01,441.68,14200312.84
2006-12-04,441.68,14200312.84
2006-12-05,441.68,14200312.84
2006-12-06,441.68,14200312.84
2006-12-07,441.52,14195232.96
2006-12-08,441.52,14195232.96
2006-12-11,441.52,14195232.96
2006-12-12,446.15,14344012.08
2006-12-13,448.92,14433278.50
2006-12-14,448.92,14433278.50
2006-12-15,448.92,14433278.50
2006-12-18,448.92,14433278.50
2006-12-19,448.92,14433278.50
2006-12-20,452.01,14532456.81
2006-12-21,452.01,14532456.81
2006-12-22,452.01,14532456.81
2006-12-26,452.01,14532456.81
2006-12-27,452.01,14532456.81
2006-12-28,453.24,14572124.43
2006-12-29,453.24,14572124.43
2007-01-03,453.24,14572124.43
2007-01-04,453.24,14572124.43
2007-01-05,453.24,14572124.43
2007-01-08,453.08,14566908.36
2007-01-09,453.08,14566908.36
2007-01-10,453.08,14566908.36
2007-01-11,453.08,14566908.36
2007-01-12,448.76,14428096.26
2007-01-16,448.76,14428096.26
2007-01-17,451.84,14527242.44
2007-01-18,451.84,14527242.46
2007-01-19,451.84,14527242.46
2007-01-22,451.84,14527242.46
2007-01-23,450.30,14477672.37
2007-01-24,450.30,14477672.37
2007-01-25,450.30,14477672.37
2007-01-26,450.30,14477672.37
2007-01-29,450.30,14477672.37
2007-01-30,450.30,14477672.37
2007-01-31,450.30,14477672.37
2007-02-01,454,14596630.40
2007-02-02,458.63,14745324.47
2007-02-05,458.63,14745324.47
2007-02-06,458.63,14745324.47
2007-02-07,461.71,14844448.85
2007-02-08,461.71,14844448.85
2007-02-09,461.58,14840144.92
2007-02-12,466.20,14988824.26
2007-02-13,467.74,15038383.53
2007-02-14,467.74,15038383.53
2007-02-15,475.76,15296085.91
2007-02-16,475.76,15296085.91
2007-02-20,475.76,15296085.91
2007-02-21,479.77,15424928.47
2007-02-22,485.93,15623146.63
2007-02-23,487.47,15672700.73
2007-02-26,487.47,15672700.73
2007-02-27,487.47,15672700.73
2007-02-28,481.31,15474496.75
2007-03-01,481.31,15474496.75
2007-03-02,481.31,15474496.75
2007-03-05,481.31,15474496.75
2007-03-06,481.16,15469741.55
2007-03-07,481.16,15469741.55
2007-03-08,487.32,15667926.37
2007-03-09,483.01,15529198.55
2007-03-12,483.01,15529198.55
2007-03-13,483.01,15529198.55
2007-03-14,476.84,15331027.21
2007-03-15,476.84,15331027.21
2007-03-16,476.84,15331027.21
2007-03-19,476.84,15331027.21
2007-03-20,476.84,15331027.21
2007-03-21,476.84,15331027.21
2007-03-22,479.31,15410289.26
2007-03-23,479.31,15410289.26
2007-03-26,479.31,15410289.26
2007-03-27,479.31,15410289.26
2007-03-28,479.31,15410289.26
2007-03-29,483.93,15558894.11
2007-03-30,483.93,15558894.11
2007-04-02,483.93,15558894.11
2007-04-03,485.16,15598519.96
2007-04-04,488.40,15702424.81
2007-04-05,494.56,15900550.65
2007-04-09,494.56,15900550.65
2007-04-10,494.56,15900550.65
2007-04-11,494.56,15900550.65
2007-04-12,494.56,15900550.65
2007-04-13,494.56,15900550.65
2007-04-16,494.56,15900550.65
2007-04-17,500.72,16098651.03
2007-04-18,500.72,16098651.03
2007-04-19,500.72,16098651.03
2007-04-20,494.87,15910461.65
2007-04-23,494.87,15910461.65
2007-04-24,493.33,15860940.36
2007-04-25,493.33,15860940.36
2007-04-26,493.33,15860940.36
2007-04-27,493.33,15860940.36
2007-04-30,493.33,15860940.36
2007-05-01,493.33,15860940.36
2007-05-02,485.93,15623260.96
2007-05-03,485.93,15623260.96
2007-05-04,485.78,15618263.31
2007-05-07,485.78,15618263.31
2007-05-08,485.78,15618263.31
2007-05-09,485.78,15618263.31
2007-05-10,480.23,15440017.95
2007-05-11,480.23,15440017.95
2007-05-14,483.01,15529139.57
2007-05-15,485.78,15618263.31
2007-05-16,477.77,15360808.01
2007-05-17,469.15,15083559.96
2007-05-18,469.15,15083559.96
2007-05-21,469.15,15083559.96
2007-05-22,469.15,15083559.96
2007-05-23,469.15,15083559.96
2007-05-24,472.23,15182569.60
2007-05-25,472.23,15182569.60
2007-05-29,472.23,15182569.60
2007-05-30,463.60,14905361.70
2007-05-31,468.22,15053864.84
2007-06-01,477.77,15360769.21
2007-06-04,477.77,15360769.21
2007-06-05,477.77,15360769.21
2007-06-06,477.77,15360769.21
2007-06-07,477.61,15355634.11
2007-06-08,469.91,15108149.79
2007-06-11,469.91,15108149.74
2007-06-12,472.99,15207139
2007-06-13,472.99,15207139
2007-06-14,472.99,15207139
2007-06-15,472.99,15207139
2007-06-18,474.53,15256630.48
2007-06-19,474.53,15256630.48
2007-06-20,474.53,15256630.48
2007-06-21,474.53,15256630.48
2007-06-22,474.53,15256630.48
2007-06-25,474.53,15256630.48
2007-06-26,463.45,14900324.44
2007-06-27,463.45,14900324.44
2007-06-28,464.37,14930015.97
2007-06-29,464.37,14930015.97
2007-07-02,464.37,14930015.97
2007-07-03,464.37,14930015.97
2007-07-05,464.22,14925042.21
2007-07-06,473.45,15221931.90
2007-07-09,481.15,15469332.35
2007-07-10,481.15,15469332.35
2007-07-11,481.15,15469332.35
2007-07-12,484.84,15588080.81
2007-07-13,484.84,15588080.81
2007-07-16,487.92,15687033.50
2007-07-17,487.92,15687033.50
2007-07-18,489.46,15736508.77
2007-07-19,497.15,15983883.02
2007-07-20,497.15,15983883.02
2007-07-23,497.15,15983883.02
2007-07-24,497.15,15983883.02
2007-07-25,497.15,15983883.02
2007-07-26,496.53,15964094.65
2007-07-27,496.53,15964094.65
2007-07-30,496.53,15964094.65
2007-07-31,496.53,15964094.65
2007-08-01,506.69,16290580.78
2007-08-02,506.52,16285132.92
2007-08-03,506.52,16285132.92
2007-08-06,509.60,16384062.75
2007-08-07,509.60,16384062.75
2007-08-08,509.29,16374169.98
2007-08-09,509.29,16374169.98
2007-08-10,509.29,16374169.98
2007-08-13,509.29,16374169.98
2007-08-14,510.21,16403846.32
2007-08-15,510.21,16403846.32
2007-08-16,507.14,16304927.53
2007-08-17,507.14,16304927.53
2007-08-20,514.21,16532430.62
2007-08-21,514.21,16532430.62
2007-08-22,514.21,16532430.62
2007-08-23,514.21,16532430.62
2007-08-24,515.44,16571994.66
2007-08-27,515.44,16571994.66
2007-08-28,515.44,16571994.66
2007-08-29,515.44,16571994.66
2007-08-30,515.44,16571994.66
2007-08-31,515.44,16571994.66
2007-09-04,515.44,16571994.66
2007-09-05,528.36,16987366.64
2007-09-06,542.35,17436962
2007-09-07,549.42,17664423.95
2007-09-10,558.65,17961103.82
2007-09-11,566.95,18228112.81
2007-09-12,566.95,18228112.81
2007-09-13,566.95,18228112.81
2007-09-14,566.95,18228112.81
2007-09-17,567.88,18257778.62
2007-09-18,575.57,18504990.69
2007-09-19,577.10,18554432.70
2007-09-20,577.10,18554432.70
2007-09-21,577.10,18554432.70
2007-09-24,578.03,18584096.31
2007-09-25,578.03,18584096.31
2007-09-26,578.03,18584096.31
2007-09-27,578.03,18584096.31
2007-09-28,578.03,18584096.31
2007-10-01,578.03,18584096.31
2007-10-02,578.03,18584096.31
2007-10-03,577.85,18578347.19
2007-10-04,577.85,18578347.19
2007-10-05,577.85,18578347.19
2007-10-08,577.85,18578347.19
2007-10-09,585.53,18825503.24
2007-10-10,585.53,18825503.24
2007-10-11,591.68,19023224.16
2007-10-12,593.22,19072653.86
2007-10-15,593.22,19072653.86
2007-10-16,594.45,19112195.94
2007-10-17,594.45,19112195.94
2007-10-18,594.45,19112195.94
2007-10-19,594.45,19112195.94
2007-10-22,594.45,19112195.94
2007-10-23,594.45,19112195.94
2007-10-24,594.45,19112195.94
2007-10-25,597.53,19211041.73
2007-10-26,597.53,19211041.73
2007-10-29,597.53,19211041.73
2007-10-30,597.53,19211041.73
2007-10-31,597.53,19211041.73
2007-11-01,597.53,19211041.73
2007-11-02,597.53,19211041.73
2007-11-05,597.53,19211041.73
2007-11-06,597.35,19205266.36
2007-11-07,597.35,19205266.36
2007-11-08,599.50,19274449.54
2007-11-09,599.50,19274449.54
2007-11-13,588.74,18928554.59
2007-11-14,588.74,18928554.59
2007-11-15,588.74,18928554.59
2007-11-16,588.74,18928554.59
2007-11-19,588.74,18928554.59
2007-11-20,588.74,18928554.59
2007-11-21,588.74,18928554.59
2007-11-23,588.74,18928554.59
2007-11-26,591.20,19007605.81
2007-11-27,609.33,19590598.09
2007-11-28,609.33,19590598.09
2007-11-29,609.33,19590598.09
2007-11-30,601.65,19343578.31
2007-12-03,601.65,19343578.31
2007-12-04,601.45,19337313.49
2007-12-05,601.45,19337313.49
2007-12-06,602.37,19366954.13
2007-12-07,602.37,19366954.13
2007-12-10,614.67,19762145.93
2007-12-11,614.67,19762145.93
2007-12-12,615.90,19801664.27
2007-12-13,615.90,19801664.27
2007-12-14,615.90,19801664.27
2007-12-17,617.43,19851059.27
2007-12-18,617.43,19851059.27
2007-12-19,617.43,19851059.27
2007-12-20,617.43,19851059.27
2007-12-21,617.43,19851059.27
2007-12-24,617.43,19851059.27
2007-12-26,627.88,20186913.99
2007-12-27,627.88,20186913.99
2007-12-28,627.88,20186913.99
2007-12-31,627.88,20186913.99
2008-01-02,627.88,20186913.99
2008-01-03,627.88,20186913.99
2008-01-04,629.72,20246177.65
2008-01-07,639.35,20555672.94
2008-01-08,639.35,20555672.94
2008-01-09,639.35,20555672.94
2008-01-10,641.81,20634686.31
2008-01-11,641.81,20634686.31
2008-01-14,652.56,20980355.55
2008-01-15,652.56,20980355.55
2008-01-16,631.05,20289033.87
2008-01-17,629.83,20249530.22
2008-01-18,622.76,20022387.02
2008-01-22,622.76,20022387.02
2008-01-23,630.44,20269268.77
2008-01-24,630.75,20279143.99
2008-01-25,630.75,20279143.99
2008-01-28,630.75,20279143.99
2008-01-29,630.75,20279143.99
2008-01-30,630.75,20279143.99
2008-01-31,631.98,20318642.01
2008-02-01,631.36,20298893.28
2008-02-04,631.15,20292099.86
2008-02-05,631.15,20292099.86
2008-02-06,631.15,20292099.86
2008-02-07,631.15,20292099.86
2008-02-08,631.15,20292099.86
2008-02-11,631.15,20292099.86
2008-02-12,631.15,20292099.86
2008-02-13,631.15,20292099.86
2008-02-14,631.15,20292099.86
2008-02-15,631.15,20292099.86
2008-02-19,631.15,20292099.86
2008-02-20,631.15,20292099.86
2008-02-21,631.15,20292099.86
2008-02-22,631.15,20292099.86
2008-02-25,639.44,20558637.30
2008-02-26,639.44,20558637.30
2008-02-27,639.44,20558637.30
2008-02-28,639.44,20558637.30
2008-02-29,639.44,20558637.30
2008-03-03,647.73,20825158.51
2008-03-04,647.73,20825158.51
2008-03-05,647.73,20825158.51
2008-03-06,647.56,20819829.29
2008-03-07,647.56,20819829.29
2008-03-10,654.93,21056717.67
2008-03-11,652.48,20977755.73
2008-03-12,652.48,20977755.73
2008-03-13,652.48,20977755.73
2008-03-14,653.40,21007365.66
2008-03-17,663.83,21342934.37
2008-03-18,663.83,21342934.37
2008-03-19,648.79,20859337.40
2008-03-20,637.13,20484310.61
2008-03-24,634.06,20385623.67
2008-03-25,634.06,20385623.67
2008-03-26,634.06,20385623.67
2008-03-27,642.04,20642203.21
2008-03-28,642.04,20642203.21
2008-03-31,642.04,20642203.21
2008-04-01,642.04,20642203.21
2008-04-02,642.04,20642203.21
2008-04-03,642.04,20642203.21
2008-04-04,642.04,20642203.21
2008-04-07,642.04,20642203.21
2008-04-08,642.04,20642203.21
2008-04-09,641.82,20635087.48
2008-04-10,641.82,20635087.48
2008-04-11,641.82,20635087.48
2008-04-14,641.82,20635087.48
2008-04-15,641.82,20635087.48
2008-04-16,641.82,20635087.48
2008-04-17,641.82,20635087.48
2008-04-18,641.82,20635087.48
2008-04-21,641.82,20635087.48
2008-04-22,623.41,20043157
2008-04-23,611.75,19668274.35
2008-04-24,591.19,19007305.08
2008-04-25,591.19,19007305.08
2008-04-28,591.19,19007305.08
2008-04-29,580.45,18662043.94
2008-04-30,580.45,18662043.94
2008-05-01,580.45,18662043.94
2008-05-02,580.45,18662043.94
2008-05-05,580.45,18662043.94
2008-05-06,584.44,18790274.18
2008-05-07,590.57,18987547.96
2008-05-08,590.37,18981086.77
2008-05-09,590.37,18981086.77
2008-05-12,590.37,18981086.77
2008-05-13,590.37,18981086.77
2008-05-14,583.93,18773964.69
2008-05-15,583.93,18773964.69
2008-05-16,583.93,18773964.69
2008-05-19,583.93,18773964.69
2008-05-20,583.93,18773964.69
2008-05-21,583.93,18773964.69
2008-05-22,591.60,19020521.22
2008-05-23,591.60,19020521.22
2008-05-27,591.60,19020521.22
2008-05-28,591.60,19020521.22
2008-05-29,597.73,19217747.92
2008-05-30,597.73,19217747.92
2008-06-02,597.73,19217747.92
2008-06-03,597.73,19217747.92
2008-06-04,597.73,19217747.92
2008-06-05,597.73,19217747.92
2008-06-06,597.55,19211763.90
2008-06-09,597.55,19211763.90
2008-06-10,597.55,19211763.90
2008-06-11,597.55,19211763.90
2008-06-12,605.21,19458258.60
2008-06-13,605.21,19458258.60
2008-06-16,605.21,19458258.60
2008-06-17,617.48,19852630.88
2008-06-18,611.35,19655446.50
2008-06-19,614.41,19754038.13
2008-06-20,615.95,19803333.48
2008-06-23,628.21,20197679.24
2008-06-24,628.21,20197679.24
2008-06-25,628.21,20197679.24
2008-06-26,628.21,20197679.24
2008-06-27,644.16,20710314.37
2008-06-30,644.16,20710314.37
2008-07-01,644.16,20710314.37
2008-07-02,658.57,21173635.39
2008-07-03,658.38,21167477.36
2008-07-07,658.99,21187191.99
2008-07-08,658.99,21187191.99
2008-07-09,658.99,21187191.99
2008-07-10,659.91,21216763.11
2008-07-11,705.90,22695310.41
2008-07-14,701.91,22567173.70
2008-07-15,701.91,22567173.70
2008-07-16,701.91,22567173.70
2008-07-17,702.53,22586886.38
2008-07-18,702.53,22586886.38
2008-07-21,705.59,22685445.29
2008-07-22,690.26,22192655.99
2008-07-23,673.40,21650600.41
2008-07-24,673.40,21650600.41
2008-07-25,673.40,21650600.41
2008-07-28,673.40,21650600.41
2008-07-29,673.40,21650600.41
2008-07-30,673.40,21650600.41
2008-07-31,673.40,21650600.41
2008-08-01,674.02,21670309.45
2008-08-04,674.63,21690017.78
2008-08-05,659.31,21197321.63
2008-08-06,659.31,21197321.63
2008-08-07,659.31,21197321.63
2008-08-08,659.03,21188547.02
2008-08-11,659.03,21188547.02
2008-08-12,659.03,21188547.02
2008-08-13,659.03,21188547.02
2008-08-14,659.03,21188547.02
2008-08-15,659.03,21188547.02
2008-08-18,659.03,21188547.02
2008-08-19,651.37,20942245.90
2008-08-20,651.37,20942245.90
2008-08-21,651.37,20942245.90
2008-08-22,651.37,20942245.90
2008-08-25,651.37,20942245.90
2008-08-26,651.37,20942245.90
2008-08-27,651.37,20942245.90
2008-08-28,651.37,20942245.90
2008-08-29,651.37,20942245.90
2008-09-02,651.37,20942245.90
2008-09-03,642.18,20646732.67
2008-09-04,642.18,20646732.67
2008-09-05,642.18,20646732.67
2008-09-08,641.93,20638581.97
2008-09-09,631.20,20293839.92
2008-09-10,614.35,19752109.06
2008-09-11,614.35,19752109.06
2008-09-12,614.35,19752109.06
2008-09-15,614.35,19752109.06
2008-09-16,614.35,19752109.06
2008-09-17,650.81,20924142.68
2008-09-18,655.10,21062029.32
2008-09-19,679.60,21849945.56
2008-09-22,709.62,22815116.69
2008-09-23,724.94,23307546.84
2008-09-24,724.94,23307546.84
2008-09-25,723.71,23268153.41
2008-09-26,724.63,23297698.28
2008-09-29,752.20,24184016.12
2008-09-30,755.26,24282494.12
2008-10-01,755.26,24282494.12
2008-10-02,755.26,24282494.12
2008-10-03,739.95,23790131.42
2008-10-06,744.54,23937838.58
2008-10-07,745.22,23959644.90
2008-10-08,763.90,24560309.22
2008-10-09,765.74,24619390.20
2008-10-10,770.64,24776938.02
2008-10-13,770.64,24776938.02
2008-10-14,767.58,24678475.94
2008-10-15,767.58,24678475.94
2008-10-16,756.86,24333868.46
2008-10-17,756.86,24333868.46
2008-10-20,756.25,24314177.50
2008-10-21,755.64,24294486.88
2008-10-22,755.64,24294486.88
2008-10-23,747.06,24018829.46
2008-10-24,747.06,24018829.46
2008-10-27,749.21,24087741.15
2008-10-28,749.21,24087741.15
2008-10-29,749.21,24087741.15
2008-10-30,749.21,24087741.15
2008-10-31,749.21,24087741.15
2008-11-03,749.21,24087741.15
2008-11-04,749.21,24087741.15
2008-11-05,749.21,24087741.15
2008-11-06,749.21,24087741.15
2008-11-07,749.21,24087741.15
2008-11-10,749.21,24087741.15
2008-11-11,749.21,24087741.15
2008-11-12,748.94,24079044.08
2008-11-13,748.94,24079044.08
2008-11-14,748.94,24079044.08
2008-11-17,748.94,24079044.08
2008-11-18,748.94,24079044.08
2008-11-19,752,24177464.86
2008-11-20,752,24177464.86
2008-11-21,755.06,24275883.88
2008-11-24,755.06,24275883.88
2008-11-25,755.06,24275883.88
2008-11-26,758.12,24374298.68
2008-11-28,758.12,24374298.68
2008-12-01,758.12,24374298.68
2008-12-02,758.12,24374298.68
2008-12-03,758.12,24374298.68
2008-12-04,757.89,24366840.07
2008-12-05,757.89,24366840.07
2008-12-08,757.89,24366840.07
2008-12-09,757.89,24366840.07
2008-12-10,757.89,24366840.07
2008-12-11,762.17,24504597.25
2008-12-12,762.17,24504597.25
2008-12-15,765.23,24602990.89
2008-12-16,769.21,24730901.57
2008-12-17,775.33,24927686.47
2008-12-18,775.33,24927686.47
2008-12-19,775.33,24927686.47
2008-12-22,775.33,24927686.47
2008-12-23,775.33,24927686.47
2008-12-24,775.33,24927686.47
2008-12-26,775.33,24927686.47
2008-12-29,780.23,25085094.92
2008-12-30,780.23,25085094.92
2008-12-31,780.23,25085094.92
2009-01-02,780.23,25085094.92
2009-01-05,780.23,25085094.92
2009-01-06,787.88,25331020.67
2009-01-07,787.88,25331020.67
2009-01-08,787.60,25322280.92
2009-01-09,787.60,25322280.92
2009-01-12,787.60,25322280.92
2009-01-13,787.60,25322280.92
2009-01-14,790.66,25420642.49
2009-01-15,795.25,25568182.89
2009-01-16,795.25,25568182.89
2009-01-20,802.90,25814072.47
2009-01-21,805.96,25912427.12
2009-01-22,819.11,26335348.67
2009-01-23,832.57,26768102.67
2009-01-26,832.88,26777937.76
2009-01-27,832.88,26777937.76
2009-01-28,832.88,26777937.76
2009-01-29,843.59,27122152.75
2009-01-30,843.59,27122152.75
2009-02-02,853.37,27436852.36
2009-02-03,853.37,27436852.36
2009-02-04,859.49,27633534.38
2009-02-05,867.19,27881022.07
2009-02-06,867.19,27881022.07
2009-02-09,881.87,28353034.67
2009-02-10,894.72,28766041.84
2009-02-11,935.09,30064054.34
2009-02-12,970.57,31204720.15
2009-02-13,985.86,31696380.60
2009-02-17,1008.80,32433842.78
2009-02-18,1024.09,32925478.53
2009-02-19,1028.98,33082800.69
2009-02-20,1028.98,33082800.69
2009-02-23,1028.98,33082800.69
2009-02-24,1028.98,33082800.69
2009-02-25,1028.98,33082800.69
2009-02-26,1029.29,33092632.45
2009-02-27,1029.29,33092632.45
2009-03-02,1029.29,33092632.45
2009-03-03,1029.29,33092632.45
2009-03-04,1029.29,33092632.45
2009-03-05,1029.29,33092632.45
2009-03-06,1028.99,33083178.88
2009-03-09,1028.99,33083178.88
2009-03-10,1028.99,33083178.88
2009-03-11,1038.17,33378088.72
2009-03-12,1041.53,33486221.52
2009-03-13,1056.82,33977729.02
2009-03-16,1069.05,34370921.50
2009-03-17,1069.05,34370921.50
2009-03-18,1084.33,34862398.70
2009-03-19,1103.29,35471831.67
2009-03-20,1114.60,35835521.39
2009-03-23,1114.29,35825692.27
2009-03-24,1124.99,36169705.38
2009-03-25,1124.99,36169705.38
2009-03-26,1124.99,36169705.38
2009-03-27,1127.44,36248334.35
2009-03-30,1127.44,36248334.35
2009-03-31,1127.44,36248334.35
2009-04-01,1127.44,36248334.35
2009-04-02,1127.44,36248334.35
2009-04-03,1127.37,36246127.18
2009-04-06,1127.37,36246127.18
2009-04-07,1127.37,36246127.18
2009-04-08,1127.37,36246127.18
2009-04-09,1127.68,36255954.32
2009-04-13,1127.68,36255954.32
2009-04-14,1127.68,36255954.32
2009-04-15,1127.68,36255954.32
2009-04-16,1119.43,35990641.95
2009-04-17,1105.98,35558286.69
2009-04-20,1105.98,35558286.69
2009-04-21,1105.98,35558286.69
2009-04-22,1105.98,35558286.69
2009-04-23,1104.45,35509158.30
2009-04-24,1104.45,35509158.30
2009-04-27,1104.45,35509158.30
2009-04-28,1104.45,35509158.30
2009-04-29,1104.45,35509158.30
2009-04-30,1104.45,35509158.30
2009-05-01,1104.45,35509158.30
2009-05-04,1104.45,35509158.30
2009-05-05,1104.45,35509158.30
2009-05-06,1104.09,35497611.03
2009-05-07,1104.09,35497611.03
2009-05-08,1104.09,35497611.03
2009-05-11,1104.09,35497611.03
2009-05-12,1104.09,35497611.03
2009-05-13,1105.62,35546729.02
2009-05-14,1105.62,35546729.02
2009-05-15,1105.62,35546729.02
2009-05-18,1105.62,35546729.02
2009-05-19,1105.62,35546729.02
2009-05-20,1105.62,35546729.02
2009-05-21,1105.62,35546729.02
2009-05-22,1118.76,35969105.42
2009-05-26,1118.76,35969105.42
2009-05-27,1118.76,35969105.42
2009-05-28,1118.76,35969105.42
2009-05-29,1118.76,35969105.42
2009-06-01,1134.03,36460190.42
2009-06-02,1134.03,36460190.42
2009-06-03,1132.50,36411083.08
2009-06-04,1132.50,36411083.08
2009-06-05,1132.15,36399884.31
2009-06-08,1132.15,36399884.31
2009-06-09,1132.15,36399884.31
2009-06-10,1132.15,36399884.31
2009-06-11,1132.15,36399884.31
2009-06-12,1132.15,36399884.31
2009-06-15,1132.15,36399884.31
2009-06-16,1132.15,36399884.31
2009-06-17,1132.15,36399884.31
2009-06-18,1132.15,36399884.31
2009-06-19,1132.15,36399884.31
2009-06-22,1131.24,36370426.42
2009-06-23,1131.24,36370426.42
2009-06-24,1131.24,36370426.42
2009-06-25,1125.74,36193683.99
2009-06-26,1125.74,36193683.99
2009-06-29,1125.74,36193683.99
2009-06-30,1120.55,36026769.92
2009-07-01,1120.55,36026769.92
2009-07-02,1120.55,36026769.92
2009-07-06,1120.19,36015305.45
2009-07-07,1120.19,36015305.45
2009-07-08,1109.81,35681507.35
2009-07-09,1109.81,35681507.35
2009-07-10,1109.81,35681507.35
2009-07-13,1109.81,35681507.35
2009-07-14,1094.54,35190659.25
2009-07-15,1094.54,35190659.25
2009-07-16,1094.85,35200476.02
2009-07-17,1094.54,35190659.35
2009-07-20,1094.54,35190659.35
2009-07-21,1092.41,35121945.53
2009-07-22,1086.61,34935438.63
2009-07-23,1086.61,34935438.63
2009-07-24,1086.61,34935438.63
2009-07-27,1086.61,34935438.63
2009-07-28,1083.25,34827468.21
2009-07-29,1072.87,34493746.76
2009-07-30,1072.87,34493746.76
2009-07-31,1072.87,34493746.76
2009-08-03,1072.87,34493746.76
2009-08-04,1072.87,34493746.76
2009-08-05,1072.87,34493746.76
2009-08-06,1072.87,34493746.76
2009-08-07,1068.90,34366158.67
2009-08-10,1068.55,34354829.98
2009-08-11,1065.49,34256690.18
2009-08-12,1065.49,34256690.18
2009-08-13,1065.49,34256690.18
2009-08-14,1065.49,34256690.18
2009-08-17,1065.49,34256690.18
2009-08-18,1065.49,34256690.18
2009-08-19,1065.49,34256690.18
2009-08-20,1065.49,34256690.18
2009-08-21,1066.41,34286128.97
2009-08-24,1066.41,34286128.97
2009-08-25,1061.83,34138941.59
2009-08-26,1061.83,34138941.59
2009-08-27,1061.83,34138941.59
2009-08-28,1061.83,34138941.59
2009-08-31,1061.83,34138941.59
2009-09-01,1061.83,34138941.59
2009-09-02,1063.36,34188000.03
2009-09-03,1078.01,34658959.47
2009-09-04,1077.63,34646882.42
2009-09-08,1077.63,34646882.42
2009-09-09,1077.63,34646882.42
2009-09-10,1077.63,34646882.42
2009-09-11,1077.63,34646882.42
2009-09-14,1078.85,34686124.43
2009-09-15,1078.85,34686124.43
2009-09-16,1086.48,34931382.41
2009-09-17,1086.48,34931382.41
2009-09-18,1086.48,34931382.41
2009-09-21,1101.73,35421869.36
2009-09-22,1101.73,35421869.36
2009-09-23,1101.73,35421869.36
2009-09-24,1094.11,35176633.21
2009-09-25,1094.11,35176633.21
2009-09-28,1094.11,35176633.21
2009-09-29,1094.11,35176633.21
2009-09-30,1095.33,35215868.27
2009-10-01,1095.33,35215868.27
2009-10-02,1096.55,35255102.57
2009-10-05,1098.07,35304143.88
2009-10-06,1100.51,35382610.12
2009-10-07,1109.31,35665560.48
2009-10-08,1109.31,35665560.48
2009-10-09,1109.31,35665560.48
2009-10-12,1109.31,35665560.48
2009-10-13,1109.31,35665560.48
2009-10-14,1109.31,35665560.48
2009-10-15,1109.31,35665560.48
2009-10-16,1109.31,35665560.48
2009-10-19,1109.31,35665560.48
2009-10-20,1109.31,35665560.48
2009-10-21,1108.09,35626333.74
2009-10-22,1108.09,35626333.74
2009-10-23,1108.09,35626333.74
2009-10-26,1106.87,35587109.16
2009-10-27,1105.65,35547885.20
2009-10-28,1104.43,35508661.73
2009-10-29,1104.43,35508661.73
2009-10-30,1103.52,35479244.70
2009-11-02,1103.52,35479244.70
2009-11-03,1108.40,35636129.80
2009-11-04,1108.40,35636129.80
2009-11-05,1108.34,35634373.02
2009-11-06,1108.34,35634373.02
2009-11-09,1114.44,35830468.66
2009-11-10,1114.44,35830468.66
2009-11-11,1114.44,35830468.66
2009-11-12,1114.44,35830468.66
2009-11-13,1113.83,35810859.97
2009-11-16,1113.83,35810859.97
2009-11-17,1113.83,35810859.97
2009-11-18,1117.49,35928506.52
2009-11-19,1117.49,35928506.52
2009-11-20,1117.49,35928506.52
2009-11-23,1121.46,36055950.55
2009-11-24,1122.37,36085360.35
2009-11-25,1127.86,36261817.86
2009-11-27,1127.86,36261817.86
2009-11-30,1129.99,36330436.41
2009-12-01,1130.60,36350041.59
2009-12-02,1131.21,36369646.66
2009-12-03,1131.49,36378539.33
2009-12-04,1129.97,36329527.82
2009-12-07,1129.97,36329527.82
2009-12-08,1116.25,35888444.98
2009-12-09,1116.25,35888444.98
2009-12-10,1116.25,35888444.98
2009-12-11,1116.25,35888444.98
2009-12-14,1116.55,35898246.15
2009-12-15,1116.55,35898246.15
2009-12-16,1120.51,36025658.89
2009-12-17,1120.51,36025658.89
2009-12-18,1126.61,36221673.01
2009-12-21,1132.71,36417680.73
2009-12-22,1132.71,36417680.73
2009-12-23,1132.71,36417680.73
2009-12-24,1132.71,36417680.73
2009-12-28,1132.71,36417680.73
2009-12-29,1133.62,36447079.33
2009-12-30,1133.62,36447079.33
2009-12-31,1133.62,36447079.33
2010-01-04,1128.75,36290296.21
2010-01-05,1128.75,36290296.21
2010-01-06,1123.87,36133516.05
2010-01-07,1123.50,36121730.98
2010-01-08,1119.54,35994349.93
2010-01-11,1119.54,35994349.93
2010-01-12,1115.88,35876772.21
2010-01-13,1115.88,35876772.21
2010-01-14,1113.75,35808186.83
2010-01-15,1112.84,35778793.47
2010-01-19,1111.92,35749401.37
2010-01-20,1111.92,35749401.37
2010-01-21,1111.92,35749401.37
2010-01-22,1111.92,35749401.37
2010-01-25,1111.92,35749401.37
2010-01-26,1111.92,35749401.37
2010-01-27,1111.92,35749401.37
2010-01-28,1111.92,35749401.37
2010-01-29,1111.92,35749401.37
2010-02-01,1111.92,35749401.37
2010-02-02,1111.92,35749401.37
2010-02-03,1110.34,35698496.20
2010-02-04,1104.55,35512379.40
2010-02-05,1106.38,35571152.36
2010-02-08,1106.38,35571152.36
2010-02-09,1106.38,35571152.36
2010-02-10,1106.38,35571152.36
2010-02-11,1106.38,35571152.36
2010-02-12,1106.38,35571152.36
2010-02-16,1109.42,35669096.40
2010-02-17,1109.42,35669096.40
2010-02-18,1109.42,35669096.40
2010-02-19,1107.60,35610331.94
2010-02-22,1107.90,35620125.70
2010-02-23,1106.99,35590744.80
2010-02-24,1106.99,35590744.80
2010-02-25,1106.99,35590744.80
2010-02-26,1106.99,35590744.80
2010-03-01,1106.99,35590744.80
2010-03-02,1111.56,35737638.93
2010-03-03,1115.51,35864803.61
2010-03-04,1115.51,35864803.61
2010-03-05,1116.12,35884388.91
2010-03-08,1116.12,35884388.91
2010-03-09,1116.12,35884388.91
2010-03-10,1115.51,35864804.72
2010-03-11,1115.51,35864804.72
2010-03-12,1115.51,35864804.72
2010-03-15,1115.51,35864804.72
2010-03-16,1115.51,35864804.72
2010-03-17,1115.51,35864804.72
2010-03-18,1115.51,35864804.72
2010-03-19,1115.51,35864804.72
2010-03-22,1115.51,35864804.72
2010-03-23,1120.08,36011664.68
2010-03-24,1120.08,36011664.68
2010-03-25,1124.65,36158521.05
2010-03-26,1124.65,36158521.05
2010-03-29,1129.82,36324951.78
2010-03-30,1129.82,36324951.78
2010-03-31,1129.82,36324951.78
2010-04-01,1129.82,36324951.78
2010-04-05,1129.82,36324951.78
2010-04-06,1129.82,36324951.78
2010-04-07,1130.74,36354319.39
2010-04-08,1140.43,36666045.44
2010-04-09,1141.04,36685623.48
2010-04-12,1141.04,36685623.48
2010-04-13,1141.04,36685623.48
2010-04-14,1141.04,36685623.48
2010-04-15,1141.04,36685623.48
2010-04-16,1141.04,36685623.48
2010-04-19,1141.04,36685623.48
2010-04-20,1141.04,36685623.48
2010-04-21,1141.04,36685623.48
2010-04-22,1140.13,36656260.74
2010-04-23,1140.13,36656260.74
2010-04-26,1146.22,36852004.94
2010-04-27,1146.83,36871579.11
2010-04-28,1152.91,37067319.43
2010-04-29,1159,37263057.95
2010-04-30,1159,37263057.95
2010-05-03,1159,37263057.95
2010-05-04,1159,37263057.95
2010-05-05,1166,37488142.16
2010-05-06,1185.79,38124247.57
2010-05-07,1188.50,38211394.86
2010-05-10,1192.15,38328825.17
2010-05-11,1192.15,38328825.17
2010-05-12,1209.50,38886610.58
2010-05-13,1209.50,38886610.58
2010-05-14,1214.06,39033392.98
2010-05-17,1217.11,39131244.68
2010-05-18,1217.11,39131244.68
2010-05-19,1220.15,39229093.35
2010-05-20,1220.15,39229093.35
2010-05-21,1220.15,39229093.35
2010-05-24,1236.89,39767230.56
2010-05-25,1267.32,40745654.26
2010-05-26,1267.63,40755438.43
2010-05-27,1267.93,40765222.49
2010-05-28,1267.93,40765222.49
2010-06-01,1268.23,40775006.06
2010-06-02,1268.54,40784789.49
2010-06-03,1289.84,41469621.89
2010-06-04,1286.36,41357740.75
2010-06-07,1286.36,41357740.75
2010-06-08,1298.53,41749052.31
2010-06-09,1298.53,41749052.31
2010-06-10,1306.14,41993615.81
2010-06-11,1306.14,41993615.81
2010-06-14,1306.14,41993615.81
2010-06-15,1306.14,41993615.81
2010-06-16,1306.14,41993615.81
2010-06-17,1307.96,42052306.83
2010-06-18,1307.96,42052306.83
2010-06-21,1307.96,42052306.83
2010-06-22,1313.13,42218588.54
2010-06-23,1313.13,42218588.54
2010-06-24,1316.18,42316394.92
2010-06-25,1316.18,42316394.92
2010-06-28,1316.18,42316394.92
2010-06-29,1320.44,42453322.14
2010-06-30,1320.44,42453322.14
2010-07-01,1319.22,42414200.94
2010-07-02,1318.91,42404420.86
2010-07-06,1316.48,42326183.77
2010-07-07,1316.48,42326183.77
2010-07-08,1316.04,42311864.02
2010-07-09,1314.51,42262967.38
2010-07-12,1314.82,42272746.38
2010-07-13,1314.82,42272746.38
2010-07-14,1314.82,42272746.38
2010-07-15,1314.21,42253189.02
2010-07-16,1314.21,42253189.02
2010-07-19,1314.21,42253189.02
2010-07-20,1308.13,42057627.04
2010-07-21,1308.13,42057627.04
2010-07-22,1302.05,41862068.58
2010-07-23,1302.05,41862068.58
2010-07-26,1301.74,41852291.13
2010-07-27,1300.83,41822959.22
2010-07-28,1282.28,41226552.46
2010-07-29,1282.28,41226552.46
2010-07-30,1282.28,41226552.46
2010-08-02,1282.28,41226552.46
2010-08-03,1282.28,41226552.46
2010-08-04,1281.83,41212238.29
2010-08-05,1282.75,41241567.62
2010-08-06,1282.75,41241567.62
2010-08-09,1282.75,41241567.62
2010-08-10,1282.75,41241567.62
2010-08-11,1285.79,41339325.75
2010-08-12,1286.70,41368652.91
2010-08-13,1286.70,41368652.91
2010-08-16,1286.70,41368652.91
2010-08-17,1294.60,41622808.60
2010-08-18,1295.52,41652133.84
2010-08-19,1299.47,41779208.89
2010-08-20,1299.47,41779208.89
2010-08-23,1299.47,41779204.46
2010-08-24,1297.95,41730332.24
2010-08-25,1297.95,41730332.24
2010-08-26,1297.95,41730332.24
2010-08-27,1298.56,41749880.55
2010-08-30,1298.56,41749880.55
2010-08-31,1302.51,41876939.41
2010-09-01,1304.03,41925807.68
2010-09-02,1294.91,41632601.12
2010-09-03,1294.44,41617619.74
2010-09-07,1294.44,41617619.74
2010-09-08,1294.44,41617619.74
2010-09-09,1293.53,41588301.38
2010-09-10,1293.53,41588301.38
2010-09-13,1292.62,41558984.34
2010-09-14,1298.70,41754429.68
2010-09-15,1294.75,41627391.58
2010-09-16,1294.75,41627391.58
2010-09-17,1300.83,41822830.74
2010-09-20,1304.47,41940090.49
2010-09-21,1304.17,41930319.19
2010-09-22,1304.17,41930319.19
2010-09-23,1301.43,41842377.06
2010-09-24,1300.52,41813063.31
2010-09-27,1300.52,41813063.31
2010-09-28,1305.69,41979167.20
2010-09-29,1305.69,41979167.20
2010-09-30,1304.78,41949855.29
2010-10-01,1302.34,41871690.89
2010-10-04,1301.91,41857791.69
2010-10-05,1301.91,41857791.69
2010-10-06,1301.91,41857791.69
2010-10-07,1288.54,41427915.52
2010-10-08,1288.24,41418145.72
2010-10-11,1287.33,41388837.25
2010-10-12,1287.33,41388837.25
2010-10-13,1285.20,41320452.21
2010-10-14,1304.34,41935911.30
2010-10-15,1301.91,41857758.67
2010-10-18,1301,41828452.40
2010-10-19,1300.09,41799146.57
2010-10-20,1299.18,41769841.07
2010-10-21,1298.27,41740535.86
2010-10-22,1298.27,41740535.86
2010-10-25,1298.27,41740535.86
2010-10-26,1298.27,41740535.86
2010-10-27,1298.27,41740535.86
2010-10-28,1293.10,41574486
2010-10-29,1293.10,41574486
2010-11-01,1293.10,41574486
2010-11-02,1292.19,41545184.57
2010-11-03,1292.19,41545184.57
2010-11-04,1292.19,41545184.57
2010-11-05,1291.77,41531577.31
2010-11-08,1294.20,41609710.25
2010-11-09,1292.98,41570644.12
2010-11-10,1291.77,41531578.51
2010-11-11,1290.86,41502279.61
2010-11-12,1290.86,41502279.61
2010-11-15,1290.86,41502279.61
2010-11-16,1290.86,41502279.61
2010-11-17,1290.86,41502279.61
2010-11-18,1286.30,41355797.12
2010-11-19,1289.34,41453450.92
2010-11-22,1285.08,41316739.74
2010-11-23,1285.08,41316739.74
2010-11-24,1285.08,41316739.74
2010-11-26,1285.08,41316739.74
2010-11-29,1286.60,41365561.40
2010-11-30,1286.60,41365561.40
2010-12-01,1293.89,41599901.82
2010-12-02,1298.45,41746363.11
2010-12-03,1298.03,41732948.79
2010-12-06,1298.03,41732948.79
2010-12-07,1297.73,41723185.20
2010-12-08,1295.30,41645077.46
2010-12-09,1293.78,41596260.64
2010-12-10,1289.83,41469338.46
2010-12-13,1289.83,41469338.46
2010-12-14,1286.79,41371710.11
2010-12-15,1286.19,41352184.66
2010-12-16,1283.76,41274084
2010-12-17,1298.94,41762208.15
2010-12-20,1298.94,41762208.15
2010-12-21,1298.03,41732921.91
2010-12-22,1288.62,41430300.63
2010-12-23,1284.97,41313158.46
2010-12-27,1284.97,41313158.46
2010-12-28,1284.06,41283874.49
2010-12-29,1284.06,41283874.49
2010-12-30,1280.72,41176501.67
2010-12-31,1280.72,41176501.67
2011-01-03,1280.72,41176501.67
2011-01-04,1276.47,41039853.50
2011-01-05,1272.68,40917984.67
2011-01-06,1272.68,40917984.67
2011-01-07,1271.16,40869183.64
2011-01-10,1272.68,40917983.07
2011-01-11,1271.47,40878943.94
2011-01-12,1271.47,40878943.94
2011-01-13,1265.09,40673992.87
2011-01-14,1259.33,40488563.26
2011-01-18,1256.90,40410491.03
2011-01-19,1251.43,40234830.36
2011-01-20,1251.43,40234830.36
2011-01-21,1271.77,40888661.11
2011-01-24,1260.84,40537360.66
2011-01-25,1229.58,39532265.85
2011-01-26,1229.58,39532265.85
2011-01-27,1226.55,39434685.74
2011-01-28,1224.12,39356622.80
2011-01-31,1227.15,39454198.48
2011-02-01,1227.15,39454198.48
2011-02-02,1227.15,39454198.48
2011-02-03,1229.28,39522499.21
2011-02-04,1228.86,39509197.04
2011-02-07,1228.86,39509197.04
2011-02-08,1228.56,39499440.25
2011-02-09,1226.44,39431143.42
2011-02-10,1225.53,39401873.70
2011-02-11,1225.53,39401873.70
2011-02-14,1225.53,39401873.70
2011-02-15,1224.01,39353093.41
2011-02-16,1224.01,39353093.41
2011-02-17,1224.01,39353093.41
2011-02-18,1223.10,39323826.15
2011-02-22,1218.24,39167740.52
2011-02-23,1218.24,39167740.52
2011-02-24,1211.57,38953127.07
2011-02-25,1211.57,38953127.07
2011-02-28,1210.96,38933617.61
2011-03-01,1210.96,38933617.61
2011-03-02,1210.96,38933617.61
2011-03-03,1210.62,38922671.15
2011-03-04,1210.62,38922671.15
2011-03-07,1217.30,39137259.44
2011-03-08,1217.30,39137259.44
2011-03-09,1217.30,39137259.44
2011-03-10,1217.30,39137259.44
2011-03-11,1215.48,39078738.05
2011-03-14,1213.65,39020218.52
2011-03-15,1212.74,38990959.15
2011-03-16,1217.30,39137254.39
2011-03-17,1217.30,39137254.39
2011-03-18,1226.40,39429839.26
2011-03-21,1215.78,39088500.75
2011-03-22,1214.87,39059243.51
2011-03-23,1214.87,39059243.51
2011-03-24,1213.96,39029986.80
2011-03-25,1213.96,39029986.80
2011-03-28,1211.84,38961724.59
2011-03-29,1211.84,38961724.59
2011-03-30,1211.84,38961724.59
2011-03-31,1211.23,38942221.63
2011-04-01,1211.23,38942221.63
2011-04-04,1211.23,38942221.63
2011-04-05,1212.75,38990976.30
2011-04-06,1205.47,38756954.58
2011-04-07,1217.21,39134493.46
2011-04-08,1217.21,39134493.46
2011-04-11,1217.21,39134493.46
2011-04-12,1216.30,39105242.72
2011-04-13,1212.96,38997991.10
2011-04-14,1212.96,38997991.10
2011-04-15,1231.16,39582988.58
2011-04-18,1231.16,39582988.58
2011-04-19,1230.25,39553739.93
2011-04-20,1230.25,39553739.93
2011-04-21,1229.64,39534241.22
2011-04-25,1229.64,39534241.22
2011-04-26,1229.64,39534241.22
2011-04-27,1229.64,39534241.22
2011-04-28,1229.64,39534241.22
2011-04-29,1229.64,39534241.22
2011-05-02,1229.64,39534241.22
2011-05-03,1224.49,39368522.63
2011-05-04,1219.94,39222301.93
2011-05-05,1208.42,38851883.13
2011-05-06,1205.39,38754406.24
2011-05-09,1201.95,38644033.41
2011-05-10,1201.95,38644033.41
2011-05-11,1201.04,38614791.80
2011-05-12,1193.16,38361367.72
2011-05-13,1192.25,38332126.74
2011-05-16,1192.25,38332126.74
2011-05-17,1192.25,38332126.74
2011-05-18,1191.34,38302887.40
2011-05-19,1191.34,38302887.40
2011-05-20,1201.95,38644005.21
2011-05-23,1209.53,38887653.68
2011-05-24,1214.08,39033841.61
2011-05-25,1214.08,39033841.61
2011-05-26,1214.08,39033841.61
2011-05-27,1213.17,39004604.95
2011-05-31,1210.74,38926643.87
2011-06-01,1212.87,38994859.03
2011-06-02,1212.87,38994859.03
2011-06-03,1212.87,38994859.03
2011-06-06,1212.87,38994859.03
2011-06-07,1212.87,38994859.03
2011-06-08,1211.57,38953088.82
2011-06-09,1211.57,38953088.82
2011-06-10,1200.96,38612046.72
2011-06-13,1200.05,38582815.51
2011-06-14,1200.05,38582815.51
2011-06-15,1200.05,38582815.51
2011-06-16,1200.05,38582815.51
2011-06-17,1209.14,38875115.29
2011-06-20,1209.14,38875115.29
2011-06-21,1209.14,38875115.29
2011-06-22,1209.14,38875115.29
2011-06-23,1209.14,38875115.29
2011-06-24,1209.14,38875115.29
2011-06-27,1209.14,38875115.29
2011-06-28,1209.14,38875115.29
2011-06-29,1208.23,38845889.36
2011-06-30,1208.23,38845889.36
2011-07-01,1205.81,38767955.66
2011-07-05,1205.81,38767955.66
2011-07-06,1205.81,38767955.66
2011-07-07,1205.81,38767955.66
2011-07-08,1205.41,38755260.40
2011-07-11,1205.41,38755260.40
2011-07-12,1225.41,39398147.13
2011-07-13,1225.41,39398147.13
2011-07-14,1225.41,39398147.13
2011-07-15,1236.01,39739062.08
2011-07-18,1249.34,40167627.45
2011-07-19,1246.01,40060487.25
2011-07-20,1246.01,40060487.25
2011-07-21,1242.68,39953349.38
2011-07-22,1241.77,39924130.28
2011-07-25,1241.77,39924130.28
2011-07-26,1241.77,39924130.28
2011-07-27,1244.80,40021522.37
2011-07-28,1262.97,40605867.17
2011-07-29,1263.58,40625345.17
2011-08-01,1263.58,40625345.17
2011-08-02,1281.75,41209660.99
2011-08-03,1286.30,41355739.38
2011-08-04,1286.30,41355739.38
2011-08-05,1286.30,41355739.38
2011-08-08,1309.92,42115309.93
2011-08-09,1296.90,41696572.58
2011-08-10,1296.52,41684377.27
2011-08-11,1272.89,40924818.03
2011-08-12,1260.17,40515829.88
2011-08-15,1260.17,40515829.88
2011-08-16,1262.90,40603466.80
2011-08-17,1271.98,40895586.88
2011-08-18,1286.83,41372712.96
2011-08-19,1290.76,41499296.41
2011-08-22,1284.40,41294821.40
2011-08-23,1259.57,40496404.13
2011-08-24,1232.31,39620116.07
2011-08-25,1232.31,39620116.07
2011-08-26,1230.80,39571434.30
2011-08-29,1230.80,39571434.30
2011-08-30,1232.31,39620114.28
2011-08-31,1232.31,39620114.28
2011-09-01,1232.31,39620114.28
2011-09-02,1232.31,39620114.28
2011-09-06,1232.31,39620114.28
2011-09-07,1232.31,39620114.28
2011-09-08,1231.41,39590909.01
2011-09-09,1241.92,39928871.72
2011-09-12,1241.92,39928871.72
2011-09-13,1241.31,39909402.68
2011-09-14,1241.31,39909402.68
2011-09-15,1241.31,39909402.68
2011-09-16,1251.91,40250098.70
2011-09-19,1251.91,40250098.70
2011-09-20,1252.21,40259832.45
2011-09-21,1252.21,40259832.45
2011-09-22,1252.21,40259832.45
2011-09-23,1252.21,40259832.45
2011-09-26,1246.76,40084643.04
2011-09-27,1241.92,39928918.69
2011-09-28,1241.92,39928918.69
2011-09-29,1231.93,39607747.74
2011-09-30,1231.93,39607747.74
2011-10-03,1232.23,39617479.87
2011-10-04,1229.51,39529892.02
2011-10-05,1229.51,39529892.02
2011-10-06,1229.51,39529892.02
2011-10-07,1229.51,39529892.02
2011-10-10,1227.99,39481234.95
2011-10-11,1227.99,39481234.95
2011-10-12,1227.99,39481234.95
2011-10-13,1227.51,39465715.88
2011-10-14,1227.51,39465715.88
2011-10-17,1227.51,39465715.88
2011-10-18,1227.51,39465715.88
2011-10-19,1227.51,39465715.88
2011-10-20,1227.51,39465715.88
2011-10-21,1227.51,39465715.88
2011-10-24,1233.56,39660313.92
2011-10-25,1244.16,40000856.99
2011-10-26,1244.16,40000856.99
2011-10-27,1243.55,39981397.61
2011-10-28,1243.55,39981397.61
2011-10-31,1243.55,39981397.61
2011-11-01,1243.55,39981397.61
2011-11-02,1243.55,39981397.61
2011-11-03,1243.55,39981397.61
2011-11-04,1245.06,40030042.09
2011-11-07,1255.65,40370544.81
2011-11-08,1264.13,40642944.80
2011-11-09,1267.15,40740229.20
2011-11-10,1268.67,40788870.54
2011-11-11,1268.67,40788870.54
2011-11-14,1268.28,40776411.02
2011-11-15,1268.28,40776411.02
2011-11-16,1277.36,41068240.79
2011-11-17,1289.46,41457342.31
2011-11-18,1293.09,41574071.17
2011-11-21,1291.27,41515708.78
2011-11-22,1297.32,41710247.84
2011-11-23,1297.32,41710247.84
2011-11-25,1297.32,41710247.84
2011-11-28,1297.32,41710247.84
2011-11-29,1297.32,41710247.84
2011-11-30,1298.53,41749152.61
2011-12-01,1297.93,41729700.42
2011-12-02,1297.93,41729700.42
2011-12-05,1297.93,41729700.42
2011-12-06,1297.93,41729700.42
2011-12-07,1295.81,41661622.43
2011-12-08,1295.81,41661622.43
2011-12-09,1295.40,41648427.39
2011-12-12,1294.80,41628977.81
2011-12-13,1294.80,41628977.81
2011-12-14,1294.80,41628977.81
2011-12-15,1279.98,41152483.53
2011-12-16,1279.98,41152483.53
2011-12-19,1279.98,41152483.53
2011-12-20,1279.98,41152483.53
2011-12-21,1267.88,40763532.25
2011-12-22,1254.57,40335690.64
2011-12-23,1254.57,40335690.64
2011-12-27,1254.57,40335690.64
2011-12-28,1254.57,40335690.64
2011-12-29,1254.57,40335690.64
2011-12-30,1254.57,40335690.64
2012-01-03,1254.57,40335690.64
2012-01-04,1254.57,40335690.64
2012-01-05,1254.57,40335690.64
2012-01-06,1254.57,40335690.64
2012-01-09,1254.57,40335690.64
2012-01-10,1254.57,40335690.64
2012-01-11,1254.16,40322451.77
2012-01-12,1254.16,40322451.77
2012-01-13,1254.16,40322451.77
2012-01-17,1255.67,40371056.92
2012-01-18,1255.67,40371056.92
2012-01-19,1255.67,40371056.92
2012-01-20,1255.67,40371055.31
2012-01-23,1250.53,40205808.06
2012-01-24,1250.53,40205808.06
2012-01-25,1259.60,40497413.10
2012-01-26,1261.11,40546014.10
2012-01-27,1271.09,40866777.14
2012-01-30,1271.09,40866777.14
2012-01-31,1271.09,40866777.14
2012-02-01,1271.09,40866777.14
2012-02-02,1277.14,41061167.24
2012-02-03,1277.14,41061167.24
2012-02-06,1277.14,41061167.24
2012-02-07,1277.14,41061167.24
2012-02-08,1277.14,41061167.24
2012-02-09,1278.34,41100042.28
2012-02-10,1278.65,41109760.84
2012-02-13,1278.65,41109760.84
2012-02-14,1278.26,41097402.56
2012-02-15,1278.26,41097402.56
2012-02-16,1281.28,41194581.96
2012-02-17,1281.28,41194581.96
2012-02-21,1281.59,41204299.42
2012-02-22,1281.59,41204299.42
2012-02-23,1282.80,41243168.61
2012-02-24,1284.61,41301471.76
2012-02-27,1284.61,41301471.76
2012-02-28,1284.61,41301471.76
2012-02-29,1293.68,41592971.14
2012-03-01,1293.68,41592971.14
2012-03-02,1293.68,41592971.14
2012-03-05,1293.68,41592971.14
2012-03-06,1293.68,41592971.14
2012-03-07,1293.68,41592971.14
2012-03-08,1293.68,41592971.14
2012-03-09,1293.68,41592971.14
2012-03-12,1293.68,41592971.14
2012-03-13,1293.27,41579862.59
2012-03-14,1293.27,41579862.59
2012-03-15,1293.27,41579862.59
2012-03-16,1293.27,41579862.59
2012-03-19,1293.27,41579862.59
2012-03-20,1290.25,41482719.52
2012-03-21,1290.25,41482719.52
2012-03-22,1282.69,41239868.12
2012-03-23,1282.69,41239868.12
2012-03-26,1288.74,41434142.48
2012-03-27,1286.62,41366147.03
2012-03-28,1286.62,41366147.03
2012-03-29,1286.62,41366147.03
2012-03-30,1286.62,41366147.03
2012-04-02,1286.62,41366147.03
2012-04-03,1286.62,41366147.03
2012-04-04,1286.62,41366147.03
2012-04-05,1286.62,41366147.03
2012-04-09,1286.62,41366147.03
2012-04-10,1286.17,41351565.79
2012-04-11,1286.17,41351565.79
2012-04-12,1286.17,41351565.79
2012-04-13,1286.17,41351565.79
2012-04-16,1286.17,41351565.79
2012-04-17,1286.17,41351565.79
2012-04-18,1286.17,41351565.79
2012-04-19,1286.17,41351565.79
2012-04-20,1286.17,41351565.79
2012-04-23,1281.94,41215617.02
2012-04-24,1281.94,41215617.02
2012-04-25,1281.94,41215617.02
2012-04-26,1281.94,41215617.02
2012-04-27,1284.36,41293299.18
2012-04-30,1278.31,41099100.68
2012-05-01,1274.09,40963162.81
2012-05-02,1274.09,40963162.81
2012-05-03,1274.09,40963162.81
2012-05-04,1274.09,40963162.81
2012-05-07,1274.99,40992291.26
2012-05-08,1274.99,40992291.26
2012-05-09,1274.99,40992291.26
2012-05-10,1277.11,41060252.25
2012-05-11,1277.11,41060252.25
2012-05-14,1277.11,41060252.25
2012-05-15,1277.11,41060252.25
2012-05-16,1276.60,41043999.31
2012-05-17,1278.71,41111953.95
2012-05-18,1282.94,41247862.42
2012-05-21,1282.94,41247862.42
2012-05-22,1265.43,40684838.33
2012-05-23,1268.15,40772202.66
2012-05-24,1270.26,40840152.20
2012-05-25,1270.26,40840152.20
2012-05-29,1270.26,40840152.20
2012-05-30,1270.26,40840152.20
2012-05-31,1270.26,40840152.20
2012-06-01,1273.88,40956627.98
2012-06-04,1273.88,40956627.98
2012-06-05,1273.88,40956627.98
2012-06-06,1274.79,40985745.55
2012-06-07,1274.79,40985745.55
2012-06-08,1274.79,40985745.55
2012-06-11,1274.79,40985745.55
2012-06-12,1274.37,40972422.45
2012-06-13,1274.37,40972422.45
2012-06-14,1277.39,41069471.89
2012-06-15,1277.39,41069471.89
2012-06-18,1281.62,41205335.16
2012-06-19,1281.62,41205335.16
2012-06-20,1281.62,41205335.16
2012-06-21,1281.62,41205335.16
2012-06-22,1281.62,41205335.16
2012-06-25,1281.62,41205335.16
2012-06-26,1281.62,41205335.16
2012-06-27,1281.62,41205335.16
2012-06-28,1281.62,41205335.16
2012-06-29,1279.51,41137411.76
2012-07-02,1279.51,41137411.76
2012-07-03,1279.51,41137411.76
2012-07-05,1279.51,41137411.76
2012-07-06,1279.08,41123771.62
2012-07-09,1275.46,41007344.64
2012-07-10,1271.24,40871514.53
2012-07-11,1271.24,40871514.53
2012-07-12,1269.73,40823005.02
2012-07-13,1269.73,40823005.02
2012-07-16,1266.11,40706586.88
2012-07-17,1266.11,40706586.88
2012-07-18,1266.11,40706586.88
2012-07-19,1257.05,40415551.30
2012-07-20,1254.64,40337942.74
2012-07-23,1254.64,40337942.74
2012-07-24,1254.64,40337942.74
2012-07-25,1252.53,40270038.66
2012-07-26,1252.53,40270038.66
2012-07-27,1248.61,40143933.39
2012-07-30,1248.61,40143933.39
2012-07-31,1251.92,40250633.27
2012-08-01,1251.92,40250633.27
2012-08-02,1251.92,40250633.27
2012-08-03,1254.94,40347629.53
2012-08-06,1254.94,40347629.53
2012-08-07,1254.94,40347629.53
2012-08-08,1254.94,40347629.53
2012-08-09,1254.94,40347629.53
2012-08-10,1258.15,40450726.44
2012-08-13,1258.15,40450726.44
2012-08-14,1258.15,40450726.44
2012-08-15,1258.15,40450726.44
2012-08-16,1263.58,40625295.43
2012-08-17,1274.74,40984128.24
2012-08-20,1274.74,40984128.24
2012-08-21,1278.96,41119897.41
2012-08-22,1281.98,41216874.37
2012-08-23,1286.50,41362338.79
2012-08-24,1286.50,41362338.79
2012-08-27,1286.50,41362338.79
2012-08-28,1289.52,41459309.82
2012-08-29,1289.52,41459309.82
2012-08-30,1289.52,41459309.82
2012-08-31,1289.52,41459309.82
2012-09-04,1293.14,41575666.98
2012-09-05,1293.14,41575666.98
2012-09-06,1293.14,41575666.98
2012-09-07,1293.14,41575666.98
2012-09-10,1293.14,41575666.98
2012-09-11,1293.14,41575666.98
2012-09-12,1289.42,41456017.61
2012-09-13,1292.43,41552973.31
2012-09-14,1301.48,41843838.49
2012-09-17,1301.48,41843838.49
2012-09-18,1303.29,41902008.94
2012-09-19,1305.40,41969873.70
2012-09-20,1308.41,42066822.19
2012-09-21,1317.76,42367360.31
2012-09-24,1326.81,42658193.12
2012-09-25,1331.33,42803608.14
2012-09-26,1320.78,42464311.67
2012-09-27,1320.78,42464311.67
2012-09-28,1320.78,42464311.67
2012-10-01,1322.59,42522474.05
2012-10-02,1322.59,42522474.05
2012-10-03,1324.40,42580635.02
2012-10-04,1333.44,42871437.71
2012-10-05,1333.44,42871437.71
2012-10-08,1340.52,43099106.50
2012-10-09,1340.52,43099106.50
2012-10-10,1340.52,43099106.50
2012-10-11,1340.52,43099106.50
2012-10-12,1340.52,43099106.50
2012-10-15,1333.89,42885878.49
2012-10-16,1333.89,42885878.49
2012-10-17,1333.89,42885878.49
2012-10-18,1333.89,42885878.49
2012-10-19,1334.19,42895570.25
2012-10-22,1336.90,42982793.06
2012-10-23,1336.90,42982793.06
2012-10-24,1336.90,42982793.06
2012-10-25,1336.90,42982793.06
2012-10-26,1336.30,42963411.10
2012-10-31,1336.30,42963411.10
2012-11-01,1336.30,42963411.10
2012-11-02,1336.30,42963411.10
2012-11-05,1332.38,42837442.99
2012-11-06,1334.49,42905271.36
2012-11-07,1337.21,42992478.82
2012-11-08,1339.62,43069995.75
2012-11-09,1338.71,43040927.06
2012-11-12,1338.71,43040927.06
2012-11-13,1338.71,43040927.06
2012-11-14,1336.30,42963415.08
2012-11-15,1339.62,43069992.38
2012-11-16,1342.63,43166879.89
2012-11-19,1342.20,43152988.94
2012-11-20,1342.20,43152988.94
2012-11-21,1342.20,43152988.94
2012-11-23,1342.20,43152988.94
2012-11-26,1342.20,43152988.94
2012-11-27,1345.81,43269240.87
2012-11-28,1347.02,43307990.81
2012-11-29,1347.02,43307990.81
2012-11-30,1348.83,43366114.66
2012-12-03,1348.83,43366114.66
2012-12-04,1351.24,43443609.22
2012-12-05,1351.54,43453295.92
2012-12-06,1351.54,43453295.92
2012-12-07,1353.35,43511414.99
2012-12-10,1353.35,43511414.99
2012-12-11,1351.42,43449599.66
2012-12-12,1351.42,43449599.66
2012-12-13,1351.42,43449599.66
2012-12-14,1351.42,43449599.66
2012-12-17,1350.52,43420543.29
2012-12-18,1350.52,43420543.29
2012-12-19,1350.52,43420543.29
2012-12-20,1350.52,43420543.29
2012-12-21,1350.82,43430228.26
2012-12-24,1350.82,43430228.26
2012-12-26,1350.82,43430228.26
2012-12-27,1350.82,43430228.26
2012-12-28,1350.82,43430228.26
2012-12-31,1350.82,43430228.26
2013-01-02,1349.92,43401176.89
2013-01-03,1340.28,43091300.19
2013-01-04,1342.09,43149400.96
2013-01-07,1340.74,43106141.92
2013-01-08,1339.84,43077092.80
2013-01-09,1339.84,43077092.80
2013-01-10,1337.73,43009312.88
2013-01-11,1337.73,43009312.88
2013-01-14,1337.73,43009312.88
2013-01-15,1336.83,42980265.90
2013-01-16,1334.42,42902808.18
2013-01-17,1332.61,42844715.54
2013-01-18,1332.61,42844715.54
2013-01-22,1335.92,42951213.14
2013-01-23,1334.11,42893124.18
2013-01-24,1331.71,42815673.37
2013-01-25,1329.90,42757586.04
2013-01-28,1328.09,42699500.65
2013-01-29,1328.09,42699500.65
2013-01-30,1328.09,42699500.65
2013-01-31,1328.09,42699500.65
2013-02-01,1328.09,42699500.65
2013-02-04,1328.09,42699500.65
2013-02-05,1328.09,42699500.65
2013-02-06,1328.09,42699500.65
2013-02-07,1329.90,42757579.81
2013-02-08,1326.89,42660782.25
2013-02-11,1326.89,42660782.25
2013-02-12,1326.89,42660782.25
2013-02-13,1325.99,42631744.80
2013-02-14,1322.97,42534954.30
2013-02-15,1322.97,42534954.30
2013-02-19,1319.96,42438170.44
2013-02-20,1299.19,41770374.36
2013-02-21,1290.31,41484641.62
2013-02-22,1280.67,41174947.45
2013-02-25,1272.85,40923328.62
2013-02-26,1270.44,40845908.22
2013-02-27,1258.40,40458809.10
2013-02-28,1254.49,40333003.77
2013-03-01,1253.88,40313649.35
2013-03-04,1253.28,40294295.61
2013-03-05,1244.86,40023345.77
2013-03-06,1244.86,40023345.77
2013-03-07,1243.05,39965286.37
2013-03-08,1239.74,39858845.22
2013-03-11,1236.73,39762083.81
2013-03-12,1236.31,39748497.42
2013-03-13,1236.31,39748497.42
2013-03-14,1236.31,39748497.42
2013-03-15,1233,39642063.95
2013-03-18,1219.45,39206667.98
2013-03-19,1222.16,39293746.33
2013-03-20,1222.16,39293746.33
2013-03-21,1221.26,39264720.83
2013-03-22,1221.26,39264720.83
2013-03-25,1221.26,39264720.83
2013-03-26,1221.26,39264720.83
2013-03-27,1221.26,39264720.83
2013-03-28,1221.26,39264720.83
2013-04-01,1217.05,39129285.28
2013-04-02,1208.92,38868092.11
2013-04-03,1206.22,38781028.89
2013-04-04,1206.22,38781028.89
2013-04-05,1205.31,38752008.51
2013-04-08,1205.31,38752008.51
2013-04-09,1200.38,38593255.69
2013-04-10,1183.53,38051570.10
2013-04-11,1181.42,37983860.22
2013-04-12,1158.56,37248735.63
2013-04-15,1154.34,37113325.95
2013-04-16,1145.92,36842510.43
2013-04-17,1134.79,36484650.02
2013-04-18,1132.99,36426619.21
2013-04-19,1123.06,36107452.35
2013-04-22,1104.71,35517493.78
2013-04-23,1097.19,35275711.20
2013-04-24,1092.98,35140313.66
2013-04-25,1090.27,35053272.79
2013-04-26,1083.05,34821165
2013-04-29,1080.64,34743798.37
2013-04-30,1078.54,34676103.28
2013-05-01,1075.23,34569726.95
2013-05-02,1069.21,34376316.61
2013-05-03,1065.61,34260271.68
2013-05-06,1062.30,34153900.65
2013-05-07,1057.79,34008852.21
2013-05-08,1051.47,33805784.75
2013-05-09,1054.18,33892812.62
2013-05-10,1051.65,33811468.47
2013-05-13,1051.65,33811468.47
2013-05-14,1051.65,33811468.47
2013-05-15,1047.13,33666434.30
2013-05-16,1041.42,33482727.36
2013-05-17,1038.41,33386040.80
2013-05-20,1031.50,33163669.76
2013-05-21,1023.08,32892959.74
2013-05-22,1020.07,32796277.52
2013-05-23,1018.57,32747937.28
2013-05-24,1016.16,32670593.55
2013-05-28,1012.25,32544916
2013-05-29,1013.15,32573918.24
2013-05-30,1013.15,32573918.24
2013-05-31,1013.15,32573918.24
2013-06-03,1013.15,32573918.24
2013-06-04,1010.45,32486916.77
2013-06-05,1010.45,32486916.77
2013-06-06,1007.74,32399917.19
2013-06-07,1007.14,32380584.27
2013-06-10,1009.85,32467579.48
2013-06-11,1009.85,32467579.48
2013-06-12,1009.85,32467579.48
2013-06-13,1003.53,32264597.16
2013-06-14,1003.53,32264597.16
2013-06-17,1003.17,32252855.33
2013-06-18,1001.66,32204529.04
2013-06-19,999.56,32136872.89
2013-06-20,995.35,32001564.66
2013-06-21,989.94,31827598.71
2013-06-24,985.73,31692296.65
2013-06-25,969.50,31170424.23
2013-06-26,969.50,31170424.23
2013-06-27,969.50,31170424.23
2013-06-28,969.50,31170424.23
2013-07-01,968.30,31131769.95
2013-07-02,964.69,31015807.97
2013-07-03,964.69,31015807.97
2013-07-05,961.99,30928840.80
2013-07-08,946.96,30445700.80
2013-07-09,939.75,30213793.99
2013-07-10,939.07,30192195.27
2013-07-11,939.07,30192195.27
2013-07-12,939.07,30192195.27
2013-07-15,939.07,30192195.27
2013-07-16,937.57,30143884.76
2013-07-17,936.07,30095574.72
2013-07-18,935.17,30066589.10
2013-07-19,932.46,29979632.96
2013-07-22,931.26,29940986.77
2013-07-23,929.76,29892679.48
2013-07-24,929.76,29892679.48
2013-07-25,927.36,29815389.67
2013-07-26,927.36,29815389.67
2013-07-29,927.36,29815389.67
2013-07-30,927.36,29815389.67
2013-07-31,927.36,29815389.67
2013-08-01,921.05,29612520.20
2013-08-02,918.64,29535237.59
2013-08-05,917.14,29486937.62
2013-08-06,915.04,29419319.03
2013-08-07,910.53,29274423.53
2013-08-08,909.33,29235784.91
2013-08-09,911.13,29293742.45
2013-08-12,911.13,29293742.45
2013-08-13,911.13,29293742.45
2013-08-14,913.23,29361356.37
2013-08-15,912.92,29351264.91
2013-08-16,915.32,29428536.91
2013-08-19,912.32,29331950.16
2013-08-20,914.12,29389901.67
2013-08-21,913.52,29370584.75
2013-08-22,913.52,29370584.75
2013-08-23,920.13,29583066.87
2013-08-26,920.13,29583066.87
2013-08-27,921.03,29612040.73
2013-08-28,921.03,29612040.73
2013-08-29,921.03,29612040.73
2013-08-30,921.03,29612040.73
2013-09-03,919.23,29554097.74
2013-09-04,919.23,29554097.74
2013-09-05,919.23,29554097.74
2013-09-06,919.23,29554097.74
2013-09-09,917.13,29486502.23
2013-09-10,917.13,29486502.23
2013-09-11,917.13,29486502.23
2013-09-12,917.13,29486502.23
2013-09-13,911.12,29293386.09
2013-09-16,911.12,29293386.09
2013-09-17,911.12,29293386.09
2013-09-18,911.12,29293386.09
2013-09-19,912,29321592.38
2013-09-20,910.19,29263660.89
2013-09-23,909.59,29244351.14
2013-09-24,909.59,29244351.14
2013-09-25,909.59,29244351.14
2013-09-26,909.59,29244351.14
2013-09-27,905.99,29128497.20
2013-09-30,905.99,29128497.20
2013-10-01,905.99,29128497.20
2013-10-02,901.79,28993343.07
2013-10-03,899.99,28935420.31
2013-10-04,899.99,28935420.31
2013-10-07,899.99,28935420.31
2013-10-08,898.18,28877500.45
2013-10-09,898.18,28877500.45
2013-10-10,896.38,28819582.53
2013-10-11,890.98,28645833.05
2013-10-14,889.13,28586470.34
2013-10-15,889.13,28586470.34
2013-10-16,885.53,28470642.88
2013-10-17,882.23,28364468.08
2013-10-18,882.23,28364468.08
2013-10-21,871.72,28026654.07
2013-10-22,878.32,28238992.63
2013-10-23,878.32,28238992.63
2013-10-24,876.52,28181083.24
2013-10-25,872.02,28036311.27
2013-10-28,872.02,28036311.27
2013-10-29,872.02,28036311.27
2013-10-30,872.02,28036311.27
2013-10-31,872.02,28036311.27
2013-11-01,866.32,27852949.60
2013-11-04,866.32,27852949.60
2013-11-05,866.32,27852949.60
2013-11-06,868.42,27920500.46
2013-11-07,868.42,27920500.46
2013-11-08,868.42,27920500.46
2013-11-11,868.42,27920500.46
2013-11-12,868.42,27920500.46
2013-11-13,865.71,27833532.95
2013-11-14,865.71,27833532.95
2013-11-15,865.71,27833532.95
2013-11-18,864.51,27794938.13
2013-11-19,863.01,27746695.20
2013-11-20,860.31,27659859.22
2013-11-21,856.71,27544079.59
2013-11-22,852.21,27399356.44
2013-11-25,848.91,27293229.72
2013-11-26,848.91,27293229.72
2013-11-27,843.21,27109923.84
2013-11-29,843.21,27109923.84
2013-12-02,843.21,27109923.84
2013-12-03,841.41,27052042.12
2013-12-04,838.71,26965220.18
2013-12-05,838.71,26965220.18
2013-12-06,835.71,26868753.28
2013-12-09,835.71,26868753.28
2013-12-10,835.71,26868753.28
2013-12-11,833.60,26801229.43
2013-12-12,827.60,26608309.07
2013-12-13,827.60,26608309.07
2013-12-16,818.90,26328585.62
2013-12-17,816.82,26261552.86
2013-12-18,812.62,26126517.15
2013-12-19,808.72,26001129.14
2013-12-20,814.12,26174741.36
2013-12-23,805.72,25904686.51
2013-12-24,805.72,25904686.51
2013-12-26,804.22,25856464.05
2013-12-27,801.22,25760019.68
2013-12-30,798.22,25663578.79
2013-12-31,798.22,25663578.79
2014-01-02,794.62,25547852.70
2014-01-03,794.62,25547852.70
2014-01-06,794.62,25547852.70
2014-01-07,794.62,25547852.70
2014-01-08,793.12,25499636.76
2014-01-09,793.12,25499636.76
2014-01-10,793.12,25499636.76
2014-01-13,793.12,25499636.76
2014-01-14,789.56,25385022.33
2014-01-15,789.56,25385022.33
2014-01-16,789.56,25385022.33
2014-01-17,797.05,25626081.26
2014-01-21,797.05,25626081.26
2014-01-22,795.85,25587514.02
2014-01-23,790.46,25413962.45
2014-01-24,790.46,25413962.45
2014-01-27,790.46,25413962.45
2014-01-28,790.46,25413962.45
2014-01-29,792.56,25481450.31
2014-01-30,793.16,25500732.22
2014-01-31,793.16,25500732.22
2014-02-03,793.16,25500732.22
2014-02-04,797.05,25626058.06
2014-02-05,797.05,25626058.06
2014-02-06,797.05,25626058.06
2014-02-07,797.05,25626058.06
2014-02-10,797.05,25626058.06
2014-02-11,798.85,25683897.01
2014-02-12,798.85,25683897.01
2014-02-13,806.35,25924888.71
2014-02-14,801.25,25761014.61
2014-02-18,801.25,25761014.61
2014-02-19,795.61,25579641.67
2014-02-20,795.61,25579641.67
2014-02-21,798.31,25666391.95
2014-02-24,801.61,25772416.90
2014-02-25,803.70,25839886.64
2014-02-26,803.70,25839886.64
2014-02-27,803.70,25839886.64
2014-02-28,803.70,25839886.64
2014-03-03,803.70,25839886.64
2014-03-04,803.70,25839886.64
2014-03-05,803.70,25839886.64
2014-03-06,803.70,25839886.64
2014-03-07,805.20,25888074
2014-03-10,812.70,26129003.57
2014-03-11,812.70,26129003.57
2014-03-12,811.20,26080818.34
2014-03-13,813.30,26148276.99
2014-03-14,816.59,26254282.89
2014-03-17,812.78,26131551.33
2014-03-18,812.78,26131551.33
2014-03-19,812.78,26131551.33
2014-03-20,812.78,26131551.33
2014-03-21,816.97,26266456.11
2014-03-24,821.47,26410991.27
2014-03-25,818.77,26324271.06
2014-03-26,816.97,26266458.38
2014-03-27,816.97,26266458.38
2014-03-28,816.97,26266458.38
2014-03-31,813.08,26141204.89
2014-04-01,810.98,26073761.63
2014-04-02,810.98,26073761.63
2014-04-03,810.98,26073761.63
2014-04-04,809.18,26015954.73
2014-04-07,809.18,26015954.73
2014-04-08,806.48,25929247.78
2014-04-09,806.48,25929247.78
2014-04-10,806.22,25920818.80
2014-04-11,804.42,25863015.83
2014-04-14,806.22,25920816.99
2014-04-15,806.82,25940083.72
2014-04-16,798.43,25670352.19
2014-04-17,795.14,25564387.45
2014-04-21,792.14,25468060.09
2014-04-22,792.14,25468060.09
2014-04-23,792.14,25468060.09
2014-04-24,792.14,25468060.09
2014-04-25,792.14,25468060.09
2014-04-28,792.14,25468060.09
2014-04-29,792.14,25468060.09
2014-04-30,787.94,25333215.54
2014-05-01,785.55,25256162.62
2014-05-02,782.85,25169478.95
2014-05-05,782.85,25169478.95
2014-05-06,782.85,25169478.95
2014-05-07,782.85,25169478.95
2014-05-08,782.85,25169478.95
2014-05-09,782.85,25169478.95
2014-05-12,780.46,25092434.69
2014-05-13,780.46,25092434.69
2014-05-14,780.46,25092434.69
2014-05-15,782.25,25150215.99
2014-05-16,781.98,25141595.87
2014-05-19,781.98,25141595.87
2014-05-20,780.19,25083817.90
2014-05-21,776.89,24977892.99
2014-05-22,776.89,24977892.99
2014-05-23,776.89,24977892.99
2014-05-27,785.28,25247501.26
2014-05-28,785.28,25247501.26
2014-05-29,785.28,25247501.26
2014-05-30,785.28,25247501.26
2014-06-02,785.28,25247501.26
2014-06-03,787.08,25305269.38
2014-06-04,787.08,25305269.38
2014-06-05,787.08,25305269.38
2014-06-06,787.08,25305269.38
2014-06-09,787.08,25305269.38
2014-06-10,787.08,25305269.38
2014-06-11,787.08,25305269.38
2014-06-12,787.08,25305269.38
2014-06-13,787.08,25305269.38
2014-06-16,782.88,25170494.31
2014-06-17,782.62,25162030.61
2014-06-18,782.62,25162030.61
2014-06-19,782.62,25162030.61
2014-06-20,782.62,25162030.61
2014-06-23,785.02,25239039.56
2014-06-24,785.02,25239039.56
2014-06-25,785.02,25239039.56
2014-06-26,785.02,25239039.56
2014-06-27,785.02,25239039.56
2014-06-30,790.70,25421921.83
2014-07-01,796.39,25604802.84
2014-07-02,796.39,25604802.84
2014-07-03,796.39,25604802.84
2014-07-07,798.19,25662550.64
2014-07-08,800.28,25729922.60
2014-07-09,800.28,25729922.60
2014-07-10,800.05,25722320.36
2014-07-11,800.05,25722320.36
2014-07-14,808.73,26001414.39
2014-07-15,808.73,26001414.39
2014-07-16,806.03,25914801
2014-07-17,803.34,25828188.53
2014-07-18,805.14,25885929.61
2014-07-21,803.34,25828190.36
2014-07-22,804.84,25876305.86
2014-07-23,805.44,25895551.83
2014-07-24,801.84,25780077.75
2014-07-25,801.84,25780077.75
2014-07-28,801.84,25780077.75
2014-07-29,801.84,25780077.75
2014-07-30,801.84,25780077.75
2014-07-31,801.84,25780077.75
2014-08-01,801.84,25780077.75
2014-08-04,800.05,25722347.73
2014-08-05,800.05,25722347.73
2014-08-06,797.65,25645375.56
2014-08-07,797.65,25645375.56
2014-08-08,795.86,25587647.61
2014-08-11,795.86,25587647.61
2014-08-12,795.86,25587647.61
2014-08-13,795.60,25579227.46
2014-08-14,795.60,25579227.46
2014-08-15,795.60,25579227.46
2014-08-18,797.69,25646569.19
2014-08-19,799.19,25694669.89
2014-08-20,800.08,25723529.99
2014-08-21,800.08,25723529.99
2014-08-22,800.08,25723529.99
2014-08-25,797.09,25627335.42
2014-08-26,795.60,25579238.52
2014-08-27,795.60,25579238.52
2014-08-28,795.60,25579238.52
2014-08-29,795,25560000.40
2014-09-02,793.20,25502288.99
2014-09-03,790.51,25415722.86
2014-09-04,785.72,25261828.85
2014-09-05,785.72,25261828.85
2014-09-08,785.72,25261828.85
2014-09-09,785.72,25261828.85
2014-09-10,788.72,25358005.39
2014-09-11,788.40,25347990.48
2014-09-12,788.40,25347990.48
2014-09-15,788.40,25347990.48
2014-09-16,784.22,25213353.04
2014-09-17,784.22,25213353.04
2014-09-18,784.22,25213353.04
2014-09-19,776.44,24963321.10
2014-09-22,774.65,24905623.42
2014-09-23,773.45,24867158.63
2014-09-24,773.45,24867158.63
2014-09-25,773.45,24867158.63
2014-09-26,772.25,24828695.19
2014-09-29,772.25,24828695.19
2014-09-30,769.86,24751771.63
2014-10-01,768.66,24713310.27
2014-10-02,767.47,24674849.40
2014-10-03,767.47,24674849.40
2014-10-06,767.47,24674849.40
2014-10-07,767.47,24674849.40
2014-10-08,762.08,24501786.36
2014-10-09,762.08,24501786.36
2014-10-10,759.44,24416747.43
2014-10-13,761.23,24474432.12
2014-10-14,761.23,24474432.12
2014-10-15,759.14,24407134.67
2014-10-16,760.93,24464817.57
2014-10-17,760.93,24464817.57
2014-10-20,751.96,24176415.15
2014-10-21,751.96,24176415.15
2014-10-22,749.87,24109122.75
2014-10-23,749.87,24109122.75
2014-10-24,745.39,23964928.38
2014-10-27,745.39,23964928.38
2014-10-28,743.59,23907253.23
2014-10-29,742.40,23868803.63
2014-10-30,741.20,23830354.76
2014-10-31,741.20,23830354.76
2014-11-03,741.21,23830654.76
2014-11-04,738.82,23753762.35
2014-11-05,735.82,23657349
2014-11-06,732.83,23561236.56
2014-11-07,727.15,23378624.06
2014-11-10,725.36,23320958.63
2014-11-11,724.46,23292126.31
2014-11-12,722.67,23234462.05
2014-11-13,720.62,23168508.44
2014-11-14,720.62,23168508.44
2014-11-17,723.01,23245390.23
2014-11-18,723.01,23245390.23
2014-11-19,720.91,23178119.88
2014-11-20,720.91,23178119.88
2014-11-21,720.91,23178119.88
2014-11-24,720.91,23178119.88
2014-11-25,720.91,23178119.88
2014-11-26,718.82,23110854.68
2014-11-28,717.63,23072418.47
2014-12-01,717.63,23072418.47
2014-12-02,720.02,23149287.90
2014-12-03,720.02,23149287.90
2014-12-04,720.02,23149287.90
2014-12-05,720.91,23178112.97
2014-12-08,719.12,23120464.76
2014-12-09,721.81,23206937.49
2014-12-10,724.80,23303017.34
2014-12-11,725.75,23333519.88
2014-12-12,725.75,23333519.88
2014-12-15,723.36,23256660.80
2014-12-16,721.56,23199017.22
2014-12-17,721.56,23199017.22
2014-12-18,721.56,23199017.22
2014-12-19,724.55,23295086.53
2014-12-22,724.55,23295086.53
2014-12-23,712.90,22920434.98
2014-12-24,712.90,22920434.98
2014-12-26,712.30,22901222.70
2014-12-29,712.30,22901222.70
2014-12-30,710.81,22853193.59
2014-12-31,709.02,22795559.43
2015-01-02,709.02,22795559.43
2015-01-05,710.81,22853190.49
2015-01-06,707.82,22757139.35
2015-01-07,704.83,22661089.25
2015-01-08,704.83,22661089.25
2015-01-09,707.82,22757137.56
2015-01-12,707.82,22757137.56
2015-01-13,707.82,22757137.56
2015-01-14,707.59,22749770.73
2015-01-15,717.15,23057109.38
2015-01-16,730.89,23498905.71
2015-01-20,742.24,23863852.96
2015-01-21,740.45,23806230.27
2015-01-22,740.45,23806230.27
2015-01-23,741.65,23844644.57
2015-01-26,743.44,23902263.88
2015-01-27,752.70,24199961.07
2015-01-28,752.70,24199961.07
2015-01-29,758.37,24382415.46
2015-01-30,758.37,24382415.46
2015-02-02,766.73,24651284.29
2015-02-03,764.94,24593670.35
2015-02-04,767.93,24689692.68
2015-02-05,773.31,24862530.37
2015-02-06,773.31,24862530.37
2015-02-09,773.31,24862530.37
2015-02-10,773.31,24862530.37
2015-02-11,773.31,24862530.37
2015-02-12,771.51,24804923.13
2015-02-13,768.26,24700421.88
2015-02-17,768.26,24700421.88
2015-02-18,767.96,24690821.32
2015-02-19,769.46,24738823.65
2015-02-20,771.25,24796425.78
2015-02-23,771.25,24796425.78
2015-02-24,771.25,24796425.78
2015-02-25,771.25,24796425.78
2015-02-26,771.25,24796425.78
2015-02-27,771.25,24796425.78
2015-03-02,763.49,24546843.49
2015-03-03,760.80,24460450.55
2015-03-04,760.80,24460450.55
2015-03-05,760.80,24460450.55
2015-03-06,756.32,24316469.21
2015-03-09,753.04,24210886.72
2015-03-10,753.04,24210886.72
2015-03-11,753.04,24210886.72
2015-03-12,750.95,24143700.59
2015-03-13,750.67,24134783.84
2015-03-16,750.67,24134783.84
2015-03-17,747.98,24048406.45
2015-03-18,749.77,24105990.70
2015-03-19,749.77,24105990.70
2015-03-20,744.40,23933240.20
2015-03-23,744.40,23933240.20
2015-03-24,744.40,23933240.20
2015-03-25,743.21,23894853.16
2015-03-26,737.24,23702919.66
2015-03-27,737.24,23702919.66
2015-03-30,737.24,23702919.66
2015-03-31,737.24,23702919.66
2015-04-01,737.24,23702919.66
2015-04-02,737.24,23702919.66
2015-04-06,735.45,23645346.62
2015-04-07,733.06,23568583.01
2015-04-08,733.06,23568583.01
2015-04-09,736.04,23664534.76
2015-04-10,734.29,23608157.09
2015-04-13,734.29,23608157.09
2015-04-14,736.08,23665725.18
2015-04-15,736.08,23665725.18
2015-04-16,736.08,23665725.18
2015-04-17,739.06,23761668.99
2015-04-20,739.06,23761668.99
2015-04-21,742.35,23867202.36
2015-04-22,742.35,23867202.36
2015-04-23,742.35,23867202.36
2015-04-24,742.35,23867202.36
2015-04-27,739.06,23761675.73
2015-04-28,739.06,23761675.73
2015-04-29,739.06,23761675.73
2015-04-30,739.36,23771268.68
2015-05-01,741.75,23848011.34
2015-05-04,741.75,23848011.34
2015-05-05,741.75,23848011.34
2015-05-06,741.75,23848011.34
2015-05-07,739.07,23761681.18
2015-05-08,728.32,23416364.46
2015-05-11,728.32,23416364.46
2015-05-12,728.32,23416364.46
2015-05-13,728.32,23416364.46
2015-05-14,723.91,23274469.36
2015-05-15,723.91,23274469.36
2015-05-18,718.24,23092235.74
2015-05-19,718.24,23092235.74
2015-05-20,715.26,22996325.69
2015-05-21,715.26,22996325.69
2015-05-22,715.26,22996325.69
2015-05-26,715.86,23015506.31
2015-05-27,715.86,23015506.31
2015-05-28,715.86,23015506.31
2015-05-29,715.86,23015506.31
2015-06-01,714.07,22957967.97
2015-06-02,709.89,22823713.65
2015-06-03,709.89,22823713.65
2015-06-04,709.89,22823713.65
2015-06-05,708.70,22785356.97
2015-06-08,708.70,22785356.97
2015-06-09,705.72,22689468.91
2015-06-10,704.22,22641525.17
2015-06-11,704.22,22641525.17
2015-06-12,703.98,22633793.87
2015-06-15,701.90,22566676.51
2015-06-16,701.90,22566676.51
2015-06-17,701.90,22566676.51
2015-06-18,701.90,22566676.51
2015-06-19,701.90,22566676.51
2015-06-22,705.48,22681726.06
2015-06-23,705.48,22681726.06
2015-06-24,706.37,22710487.72
2015-06-25,713.23,22930991.32
2015-06-26,711.44,22873469.31
2015-06-29,711.44,22873469.31
2015-06-30,711.44,22873469.31
2015-07-01,711.44,22873469.31
2015-07-02,709.65,22815951.19
2015-07-06,709.65,22815951.19
2015-07-07,709.65,22815951.19
2015-07-08,709.37,22806914.85
2015-07-09,707.58,22749401.28
2015-07-10,707.58,22749401.28
2015-07-13,709.07,22797327.10
2015-07-14,709.07,22797327.10
2015-07-15,709.07,22797327.10
2015-07-16,707.88,22758987.77
2015-07-17,696.25,22385184.15
2015-07-20,694.46,22327678.15
2015-07-21,689.69,22174330.45
2015-07-22,687.31,22097657.77
2015-07-23,684.63,22011401.74
2015-07-24,680.15,21867643.93
2015-07-27,680.15,21867643.93
2015-07-28,680.15,21867643.93
2015-07-29,680.15,21867643.93
2015-07-30,680.15,21867643.93
2015-07-31,672.70,21628064.60
2015-08-03,672.70,21628064.60
2015-08-04,670.62,21560985.54
2015-08-05,667.93,21474742.15
2015-08-06,667.93,21474742.15
2015-08-07,667.69,21467043.90
2015-08-10,667.69,21467043.90
2015-08-11,667.69,21467043.90
2015-08-12,671.87,21601190.91
2015-08-13,671.87,21601190.91
2015-08-14,671.87,21601190.91
2015-08-17,671.87,21601190.91
2015-08-18,671.87,21601190.91
2015-08-19,671.87,21601190.91
2015-08-20,675.44,21716164.67
2015-08-21,677.83,21792813.15
2015-08-24,681.10,21898201.59
2015-08-25,681.10,21898201.59
2015-08-26,681.10,21898201.59
2015-08-27,682.59,21946103.27
2015-08-28,682.59,21946103.27
2015-08-31,682.59,21946103.27
2015-09-01,682.59,21946103.27
2015-09-02,682.59,21946103.27
2015-09-03,682.59,21946103.27
2015-09-04,682.35,21938357.20
2015-09-08,682.35,21938357.20
2015-09-09,678.18,21804251.90
2015-09-10,678.18,21804251.90
2015-09-11,678.18,21804251.90
2015-09-14,678.18,21804251.90
2015-09-15,678.18,21804251.90
2015-09-16,678.18,21804251.90
2015-09-17,678.18,21804251.90
2015-09-18,678.18,21804251.90
2015-09-21,674.61,21689319.14
2015-09-22,675.80,21727629.56
2015-09-23,676.40,21746784.59
2015-09-24,680.27,21871291.63
2015-09-25,684.14,21995797.06
2015-09-28,684.14,21995797.06
2015-09-29,684.14,21995797.06
2015-09-30,687.42,22101141.06
2015-10-01,689.20,22158600.88
2015-10-02,689.20,22158600.88
2015-10-05,688.98,22151494.43
2015-10-06,688.98,22151494.43
2015-10-07,687.20,22094037.99
2015-10-08,687.20,22094037.99
2015-10-09,687.20,22094037.99
2015-10-12,687.20,22094037.99
2015-10-13,687.20,22094037.99
2015-10-14,694.94,22342997.69
2015-10-15,700,22505777.49
2015-10-16,693.75,22304698.85
2015-10-19,697.32,22419597.05
2015-10-20,697.32,22419597.05
2015-10-21,697.32,22419597.05
2015-10-22,697.32,22419597.05
2015-10-23,695.54,22362150.64
2015-10-26,695.54,22362150.64
2015-10-27,695.54,22362150.64
2015-10-28,694.34,22323854.94
2015-10-29,694.34,22323854.94
2015-10-30,692.26,22256839.62
2015-11-02,689.28,22161106.85
2015-11-03,686.30,22065375.48
2015-11-04,680.11,21866068.01
2015-11-05,671.77,21598026.97
2015-11-06,669.09,21511871.97
2015-11-09,666.11,21416147.32
2015-11-10,663.43,21329996.10
2015-11-11,663.43,21329996.10
2015-11-12,661.94,21282135.35
2015-11-13,661.94,21282135.35
2015-11-16,661.94,21282135.35
2015-11-17,661.94,21282135.35
2015-11-18,661.94,21282135.35
2015-11-19,661.94,21282135.35
2015-11-20,660.75,21243850.13
2015-11-23,655.69,21081143.71
2015-11-24,655.69,21081143.71
2015-11-25,655.69,21081143.71
2015-11-27,654.80,21052432.18
2015-11-30,654.80,21052432.18
2015-12-01,654.80,21052432.18
2015-12-02,639.02,20545223.29
2015-12-03,638.80,20537959.87
2015-12-04,638.80,20537959.87
2015-12-07,634.63,20403987.37
2015-12-08,634.63,20403987.37
2015-12-09,634.63,20403987.37
2015-12-10,634.63,20403987.37
2015-12-11,634.63,20403987.37
2015-12-14,634.63,20403987.37
2015-12-15,634.63,20403987.37
2015-12-16,634.63,20403987.37
2015-12-17,630.17,20260461.73
2015-12-18,648.91,20863264.38
2015-12-21,645.94,20767584.23
2015-12-22,645.94,20767584.23
2015-12-23,645.94,20767584.23
2015-12-24,644.75,20729313.48
2015-12-28,643.56,20691044.41
2015-12-29,643.56,20691044.41
2015-12-30,643.56,20691044.41
2015-12-31,642.37,20652776.70
2016-01-04,642.37,20652776.70
2016-01-05,642.37,20652776.70
2016-01-06,640.97,20607670.85
2016-01-07,645.13,20741599.15
2016-01-08,649.59,20885092.13
2016-01-11,651.68,20952053.32
2016-01-12,651.68,20952053.32
2016-01-13,654.06,21028578.61
2016-01-14,654.06,21028578.61
2016-01-15,657.92,21152929.59
2016-01-19,657.92,21152929.59
2016-01-20,660.30,21229449.21
2016-01-21,662.09,21286838.24
2016-01-22,664.17,21353791.37
2016-01-25,664.17,21353791.37
2016-01-26,669.23,21516385.43
2016-01-27,669.23,21516385.43
2016-01-28,669.23,21516385.43
2016-01-29,669.23,21516385.43
2016-02-01,681.43,21908499.83
2016-02-02,685.59,22042391.18
2016-02-03,690.05,22185844.79
2016-02-04,693.62,22300607.29
2016-02-05,698.46,22456245.42
2016-02-08,703.52,22618818.68
2016-02-09,702.03,22571003.55
2016-02-10,702.03,22571003.55
2016-02-11,716.01,23020458.01
2016-02-12,710.95,22857891.18
2016-02-16,710.95,22857891.18
2016-02-17,710.95,22857891.18
2016-02-18,713.63,22943950.01
2016-02-19,732.96,23565481.38
2016-02-22,752.29,24186990.06
2016-02-23,752.29,24186990.06
2016-02-24,760.32,24445151.50
2016-02-25,760.32,24445151.50
2016-02-26,762.40,24512080.46
2016-02-29,777.27,24990129.71
2016-03-01,786.20,25276956.23
2016-03-02,788.57,25353442.52
2016-03-03,793.33,25506413.85
2016-03-04,793.12,25499515.79
2016-03-07,793.12,25499515.79
2016-03-08,790.74,25423033.83
2016-03-09,792.82,25489954.71
2016-03-10,798.77,25681155.43
2016-03-11,798.77,25681155.43
2016-03-14,790.14,25403927.26
2016-03-15,792.23,25470843.58
2016-03-16,795.20,25566437.23
2016-03-17,807.09,25948809.75
2016-03-18,818.98,26331177.27
2016-03-21,821.66,26417207.03
2016-03-22,821.66,26417207.03
2016-03-23,821.66,26417207.03
2016-03-24,823.74,26484116.55
2016-03-28,823.74,26484116.55
2016-03-29,820.47,26378978.63
2016-03-30,819.28,26340746.98
2016-03-31,819.28,26340746.98
2016-04-01,818.09,26302516.40
2016-04-04,815.72,26226057.60
2016-04-05,815.43,26217040.51
2016-04-06,819.60,26350840.90
2016-04-07,819.60,26350840.90
2016-04-08,817.81,26293499.08
2016-04-11,817.81,26293499.08
2016-04-12,815.14,26207489.98
2016-04-13,810.08,26045030.28
2016-04-14,806.82,25939910.60
2016-04-15,812.46,26121478.83
2016-04-18,812.46,26121478.83
2016-04-19,805.03,25882582.66
2016-04-20,805.03,25882582.66
2016-04-21,805.03,25882582.66
2016-04-22,805.03,25882582.66
2016-04-25,802.65,25806141.13
2016-04-26,802.65,25806141.13
2016-04-27,802.65,25806141.13
2016-04-28,804.14,25853915.71
2016-04-29,804.14,25853915.71
2016-05-02,824.94,26522735.26
2016-05-03,824.94,26522735.26
2016-05-04,825.54,26541843.96
2016-05-05,829.44,26667316.22
2016-05-06,834.19,26820182.40
2016-05-09,836.87,26906166.66
2016-05-10,839.25,26982596.27
2016-05-11,841.92,27068578.74
2016-05-12,845.19,27173667.31
2016-05-13,851.13,27364735.09
2016-05-16,851.13,27364735.09
2016-05-17,855.89,27517582.83
2016-05-18,855.89,27517582.83
2016-05-19,860.34,27660873.78
2016-05-20,869.26,27947452.92
2016-05-23,872.52,28052528.33
2016-05-24,868.66,27928349.89
2016-05-25,868.66,27928349.89
2016-05-26,868.66,27928349.89
2016-05-27,868.66,27928349.89
2016-05-31,868.66,27928349.89
2016-06-01,870.74,27995209.02
2016-06-02,875.20,28138476.95
2016-06-03,881.44,28339051.50
2016-06-06,881.15,28329699.29
2016-06-07,881.15,28329699.29
2016-06-08,881.15,28329699.29
2016-06-09,887.38,28530261.16
2016-06-10,893.92,28740371.47
2016-06-13,896.29,28816772.76
2016-06-14,898.67,28893173.27
2016-06-15,900.75,28960022.94
2016-06-16,902.53,29017322.23
2016-06-17,907.88,29189217.78
2016-06-20,908.77,29217866.06
2016-06-21,912.33,29332457.75
2016-06-22,915.90,29447048.03
2016-06-23,915.90,29447048.03
2016-06-24,934.31,30039090.43
2016-06-27,947.38,30459236.57
2016-06-28,947.38,30459236.57
2016-06-29,950.05,30545173.63
2016-06-30,950.05,30545173.63
2016-07-01,953.91,30669302.74
2016-07-05,982.72,31595458.84
2016-07-06,982.44,31586554.16
2016-07-07,978.29,31452884.62
2016-07-08,981.26,31548361.81
2016-07-11,981.26,31548361.81
2016-07-12,965.22,31032808.10
2016-07-13,965.22,31032808.10
2016-07-14,962.85,30956431.59
2016-07-15,962.85,30956431.59
2016-07-18,965.22,31032804.87
2016-07-19,965.22,31032804.87
2016-07-20,965.22,31032804.87
2016-07-21,963.14,30965980.58
2016-07-22,963.14,30965980.58
2016-07-25,958.69,30822792.17
2016-07-26,954.23,30679605.02
2016-07-27,954.23,30679605.02
2016-07-28,954.23,30679605.02
2016-07-29,958.09,30803697
2016-08-01,964.03,30994601.86
2016-08-02,969.97,31185505.32
2016-08-03,969.65,31175168.44
2016-08-04,973.21,31289707.88
2016-08-05,980.34,31518784.09
2016-08-08,973.81,31308804.49
2016-08-09,972.62,31270626.79
2016-08-10,972.62,31270626.79
2016-08-11,972.32,31261082.57
2016-08-12,960.45,30879317.77
2016-08-15,960.45,30879317.77
2016-08-16,962.23,30936579.93
2016-08-17,957.78,30793426.09
2016-08-18,955.99,30736165.13
2016-08-19,955.99,30736165.13
2016-08-22,958.37,30812509.56
2016-08-23,958.37,30812509.56
2016-08-24,958.37,30812509.56
2016-08-25,956.59,30755253.28
2016-08-26,956.59,30755253.28
2016-08-29,956.59,30755253.28
2016-08-30,955.40,30717084.54
2016-08-31,943.23,30325860.13
2016-09-01,937.89,30154104.94
2016-09-02,937.89,30154104.94
2016-09-06,952.14,30612097.42
2016-09-07,951.81,30601670.14
2016-09-08,950.62,30563504.82
2016-09-09,939.94,30220020.93
2016-09-12,939.94,30220020.93
2016-09-13,935.49,30076908.99
2016-09-14,935.49,30076908.99
2016-09-15,932.22,29971962.69
2016-09-16,942.61,30305879
2016-09-19,942.61,30305879
2016-09-20,938.75,30181858.26
2016-09-21,944.39,30363117.73
2016-09-22,950.92,30572995.28
2016-09-23,951.22,30582535.07
2016-09-26,951.22,30582535.07
2016-09-27,949.14,30515759.67
2016-09-28,949.14,30515759.67
2016-09-29,949.14,30515759.67
2016-09-30,947.95,30477603.58
2016-10-03,947.95,30477603.58
2016-10-04,947.95,30477603.58
2016-10-05,947.63,30467217.51
2016-10-06,947.63,30467217.51
2016-10-07,958.90,30829666.87
2016-10-10,958.90,30829666.87
2016-10-11,958.90,30829666.87
2016-10-12,958.90,30829666.87
2016-10-13,961.57,30915504.52
2016-10-14,965.43,31039490.76
2016-10-17,967.21,31096713.32
2016-10-18,967.21,31096713.32
2016-10-19,967.21,31096713.32
2016-10-20,970.17,31192081.36
2016-10-21,953.56,30658026.66
2016-10-24,953.56,30658026.66
2016-10-25,956.83,30762925.73
2016-10-26,942.59,30305189.24
2016-10-27,942.59,30305189.24
2016-10-28,942.59,30305189.24
2016-10-31,942.59,30305189.24
2016-11-01,945.26,30391009.59
2016-11-02,945.26,30391009.59
2016-11-03,949.69,30533404.85
2016-11-04,949.69,30533404.85
2016-11-07,949.69,30533404.85
2016-11-08,949.69,30533404.85
2016-11-09,955.03,30705030.90
2016-11-10,941.68,30275970.93
2016-11-11,934.56,30047142.09
2016-11-14,928.93,29865992.39
2016-11-15,927.45,29818321.85
2016-11-16,926.26,29780185.83
2016-11-17,920.63,29599041.77
2016-11-18,915.29,29427433.93
2016-11-21,908.76,29217697.78
2016-11-22,904.91,29093764.19
2016-11-23,891.57,28664770.51
2016-11-25,885.04,28455044.75
2016-11-28,885.04,28455044.75
2016-11-29,885.04,28455044.75
2016-11-30,883.86,28416914.99
2016-12-01,870.22,27978429.74
2016-12-02,870.22,27978429.74
2016-12-05,869.90,27968046.17
2016-12-06,869.90,27968046.17
2016-12-07,863.67,27767881.19
2016-12-08,860.71,27672565.61
2016-12-09,857.45,27567719.68
2016-12-12,856.26,27529595.17
2016-12-13,856.26,27529595.17
2016-12-14,849.44,27310383.89
2016-12-15,842.33,27081645.32
2016-12-16,836.99,26910093.15
2016-12-19,828.10,26624182.02
2016-12-20,828.10,26624182.02
2016-12-21,824.54,26509820.12
2016-12-22,824.54,26509820.12
2016-12-23,824.54,26509820.12
2016-12-27,823.36,26471702.02
2016-12-28,823.36,26471702.02
2016-12-29,823.36,26471702.02
2016-12-30,822.17,26433584.87
2017-01-03,813.87,26166777.21
2017-01-04,813.87,26166777.21
2017-01-05,813.59,26157754.31
2017-01-06,813.59,26157754.31
2017-01-09,805,25881433.55
2017-01-10,805,25881433.55
2017-01-11,805,25881433.55
2017-01-12,805,25881433.55
2017-01-13,807.96,25976712.48
2017-01-17,807.96,25976712.48
2017-01-18,807.96,25976712.48
2017-01-19,807.96,25976712.48
2017-01-20,809.15,26014821.17
2017-01-23,807.07,25948132.99
2017-01-24,804.11,25852865.13
2017-01-25,799.07,25690912.30
2017-01-26,799.07,25690912.30
2017-01-27,799.07,25690912.30
2017-01-30,799.07,25690912.30
2017-01-31,799.07,25690912.30
2017-02-01,809.74,26033845.82
2017-02-02,811.22,26081475.20
2017-02-03,814.50,26187146.65
2017-02-06,818.65,26320502.88
2017-02-07,826.95,26587212.48
2017-02-08,832.58,26768192.14
2017-02-09,832.58,26768192.14
2017-02-10,836.72,26901542.50
2017-02-13,840.87,27034888.40
2017-02-14,840.87,27034888.40
2017-02-15,843.54,27120608.90
2017-02-16,843.54,27120608.90
2017-02-17,841.17,27044414.40
2017-02-21,841.17,27044414.40
2017-02-22,841.17,27044414.40
2017-02-23,841.17,27044414.40
2017-02-24,841.17,27044414.40
2017-02-27,841.17,27044414.40
2017-02-28,841.17,27044414.40
2017-03-01,843.54,27120598.82
2017-03-02,845.32,27177736.48
2017-03-03,840.58,27025371.53
2017-03-06,836.77,26902866.65
2017-03-07,836.77,26902866.65
2017-03-08,836.77,26902866.65
2017-03-09,834.10,26817167.02
2017-03-10,825.22,26531504.80
2017-03-13,832.03,26750505.34
2017-03-14,834.99,26845721.93
2017-03-15,839.43,26988545.14
2017-03-16,837.06,26912373.28
2017-03-17,834.10,26817159.50
2017-03-20,830.25,26693385.59
2017-03-21,834.40,26826679.33
2017-03-22,834.40,26826679.33
2017-03-23,834.40,26826679.33
2017-03-24,832.62,26769555.26
2017-03-27,835.28,26855238.73
2017-03-28,833.51,26798117.05
2017-03-29,833.51,26798117.05
2017-03-30,832.32,26760036.84
2017-03-31,832.32,26760036.84
2017-04-03,836.77,26902831.32
2017-04-04,836.77,26902831.32
2017-04-05,836.77,26902831.32
2017-04-06,836.77,26902831.32
2017-04-07,836.49,26893877.75
2017-04-10,838.26,26950991.23
2017-04-11,842.41,27084254.57
2017-04-12,842.41,27084254.57
2017-04-13,848.92,27293664.43
2017-04-17,848.92,27293664.43
2017-04-18,848.92,27293664.43
2017-04-19,860.76,27674384.31
2017-04-20,854.25,27464990.57
2017-04-21,858.69,27607757.45
2017-04-24,860.17,27655344.74
2017-04-25,854.25,27464997.76
2017-04-26,854.25,27464997.76
2017-04-27,853.36,27436446.37
2017-04-28,853.36,27436446.37
2017-05-01,853.36,27436446.37
2017-05-02,853.36,27436446.37
2017-05-03,853.36,27436446.37
2017-05-04,853.08,27427214.63
2017-05-05,853.08,27427214.63
2017-05-08,851.89,27389151.08
2017-05-09,851.89,27389151.08
2017-05-10,851.89,27389151.08
2017-05-11,851.89,27389151.08
2017-05-12,851.89,27389151.08
2017-05-15,851.89,27389151.08
2017-05-16,851.89,27389151.08
2017-05-17,851.89,27389151.08
2017-05-18,850.71,27351091.55
2017-05-19,850.71,27351091.55
2017-05-22,852.48,27408178.37
2017-05-23,847.45,27246434.10
2017-05-24,847.45,27246434.10
2017-05-25,847.45,27246434.10
2017-05-26,847.45,27246434.10
2017-05-30,847.45,27246434.10
2017-05-31,847.45,27246434.10
2017-06-01,847.45,27246434.10
2017-06-02,851,27360594.46
2017-06-05,851,27360594.46
2017-06-06,855.16,27494337.43
2017-06-07,864.93,27808262.90
2017-06-08,867,27874852.34
2017-06-09,867,27874852.34
2017-06-12,867,27874852.34
2017-06-13,867,27874852.34
2017-06-14,854.87,27484853.87
2017-06-15,853.68,27446805.75
2017-06-16,853.68,27446805.75
2017-06-19,853.68,27446805.75
2017-06-20,853.68,27446805.75
2017-06-21,853.98,27456317.13
2017-06-22,853.98,27456317.13
2017-06-23,851.02,27361205.12
2017-06-26,853.68,27446802.91
2017-06-27,853.68,27446802.91
2017-06-28,853.68,27446802.91
2017-06-29,853.68,27446802.91
2017-06-30,852.50,27408761.15
2017-07-03,846.29,27209049.20
2017-07-05,840.67,27028361.90
2017-07-06,840.67,27028361.90
2017-07-07,835.35,26857188.48
2017-07-10,832.39,26762195.16
2017-07-11,832.39,26762195.16
2017-07-12,832.39,26762195.16
2017-07-13,828.84,26648087.14
2017-07-14,828.84,26648087.14
2017-07-17,827.07,26591035.52
2017-07-18,821.45,26410373.85
2017-07-19,816.12,26239222.52
2017-07-20,816.12,26239222.52
2017-07-21,813.76,26163156.85
2017-07-24,809.62,26030046.11
2017-07-25,800.45,25735304.18
2017-07-26,795.42,25573673.52
2017-07-27,791.88,25459582.19
2017-07-28,791.88,25459582.19
2017-07-31,791.88,25459582.19
2017-08-01,791.88,25459582.19
2017-08-02,791.88,25459582.19
2017-08-03,791.88,25459582.19
2017-08-04,787.14,25307473.97
2017-08-07,786.87,25298624.46
2017-08-08,786.87,25298624.46
2017-08-09,786.87,25298624.46
2017-08-10,786.87,25298624.46
2017-08-11,786.87,25298624.46
2017-08-14,791.01,25431704.79
2017-08-15,791.01,25431704.79
2017-08-16,795.44,25574287.59
2017-08-17,795.44,25574287.59
2017-08-18,799.29,25697857.02
2017-08-21,799.29,25697857.02
2017-08-22,799.29,25697857.02
2017-08-23,799.29,25697857.02
2017-08-24,799.29,25697857.02
2017-08-25,805.20,25887948.92
2017-08-28,814.36,26182581.67
2017-08-29,816.43,26249111.42
2017-08-30,816.43,26249111.42
2017-08-31,816.43,26249111.42
2017-09-01,831.21,26724308.57
2017-09-05,840.08,27009415.49
2017-09-06,837.12,26914380.83
2017-09-07,836.87,26906087.55
2017-09-08,834.50,26830061.35
2017-09-11,835.68,26868073.16
2017-09-12,838.64,26963101.57
2017-09-13,838.64,26963101.57
2017-09-14,838.64,26963101.57
2017-09-15,838.64,26963101.57
2017-09-18,843.96,27134141.14
2017-09-19,846.03,27200655.77
2017-09-20,846.03,27200655.77
2017-09-21,852.23,27400194.68
2017-09-22,856.08,27523717.48
2017-09-25,856.08,27523717.48
2017-09-26,862.58,27732747.14
2017-09-27,864.65,27799255.59
2017-09-28,864.65,27799255.59
2017-09-29,864.65,27799255.59
2017-10-02,859.33,27628243.63
2017-10-03,854.30,27466734.22
2017-10-04,854.30,27466734.22
2017-10-05,851.06,27362534.90
2017-10-06,854.02,27457537.35
2017-10-09,858.45,27600036.51
2017-10-10,858.45,27600036.51
2017-10-11,858.45,27600036.51
2017-10-12,858.45,27600036.51
2017-10-13,853.13,27429044.71
2017-10-16,853.13,27429044.71
2017-10-17,853.13,27429044.71
2017-10-18,853.13,27429044.71
2017-10-19,853.13,27429044.71
2017-10-20,853.13,27429044.71
2017-10-23,853.13,27429044.71
2017-10-24,853.13,27429044.71
2017-10-25,853.13,27429044.71
2017-10-26,851.95,27391052.10
2017-10-27,850.77,27353059.97
2017-10-30,850.77,27353059.97
2017-10-31,850.77,27353059.97
2017-11-01,849.59,27315069.81
2017-11-02,846.04,27201100.53
2017-11-03,845.75,27191603.23
2017-11-06,845.45,27182211.91
2017-11-07,844.27,27144224.31
2017-11-08,843.09,27106237.10
2017-11-09,843.09,27106237.10
2017-11-10,843.09,27106237.10
2017-11-13,843.39,27115733.38
2017-11-14,843.39,27115733.38
2017-11-15,843.39,27115733.38
2017-11-16,843.39,27115733.38
2017-11-17,843.39,27115733.38
2017-11-20,843.39,27115733.38
2017-11-21,843.39,27115733.38
2017-11-22,843.39,27115733.38
2017-11-24,843.39,27115733.38
2017-11-27,842.21,27077753.99
2017-11-28,839.55,26992301.38
2017-11-29,839.55,26992301.38
2017-11-30,839.55,26992301.38
2017-12-01,848.11,27267638.54
2017-12-04,846.93,27229662.28
2017-12-05,845.47,27182656.95
2017-12-06,845.47,27182656.95
2017-12-07,842.81,27097213.39
2017-12-08,842.81,27097213.39
2017-12-11,842.81,27097213.39
2017-12-12,842.81,27097213.39
2017-12-13,844.29,27144678.87
2017-12-14,844.29,27144678.87
2017-12-15,837.20,26916849.25
2017-12-18,837.20,26916849.25
2017-12-19,836.02,26878879.27
2017-12-20,836.02,26878879.27
2017-12-21,836.02,26878879.27
2017-12-22,837.50,26926340.24
2017-12-26,837.50,26926340.24
2017-12-27,837.50,26926340.24
2017-12-28,837.50,26926340.24
2017-12-29,837.50,26926340.24
2018-01-02,836.32,26888375.64
2018-01-03,836.32,26888375.64
2018-01-04,836.04,26879537.02
2018-01-05,834.86,26841573.65
2018-01-08,834.86,26841573.65
2018-01-09,831.91,26746669.41
2018-01-10,828.96,26651766.15
2018-01-11,828.96,26651766.15
2018-01-12,828.96,26651766.15
2018-01-16,828.96,26651766.15
2018-01-17,828.96,26651766.15
2018-01-18,840.76,27031346.35
2018-01-19,846.67,27221134.45
2018-01-22,846.67,27221134.45
2018-01-23,849.32,27306535.32
2018-01-24,849.32,27306535.32
2018-01-25,849.32,27306535.32
2018-01-26,848.14,27268580.49
2018-01-29,846.67,27221138.60
2018-01-30,845.48,27183185.50
2018-01-31,841.35,27050351.11
2018-02-01,841.35,27050351.11
2018-02-02,841.35,27050351.11
2018-02-05,841.35,27050351.11
2018-02-06,829.26,26661696.01
2018-02-07,826.90,26585796.75
2018-02-08,826.31,26566822.15
2018-02-09,820.71,26386565.49
2018-02-12,820.71,26386565.49
2018-02-13,823.66,26481433.37
2018-02-14,823.66,26481433.37
2018-02-15,821.30,26405540.50
2018-02-16,824.54,26509892.05
2018-02-20,827.79,26614238.82
2018-02-21,827.79,26614238.82
2018-02-22,827.79,26614238.82
2018-02-23,829.26,26661667.52
2018-02-26,831.03,26718580.15
2018-02-27,831.03,26718580.15
2018-02-28,831.03,26718580.15
2018-03-01,833.98,26813430.87
2018-03-02,833.98,26813430.87
2018-03-05,833.98,26813430.87
2018-03-06,833.98,26813430.87
2018-03-07,833.73,26805240.94
2018-03-08,833.73,26805240.94
2018-03-09,833.73,26805240.94
2018-03-12,833.73,26805240.94
2018-03-13,833.73,26805240.94
2018-03-14,833.73,26805240.94
2018-03-15,838.15,26947495.86
2018-03-16,840.22,27013880.69
2018-03-19,850.84,27355277.29
2018-03-20,850.54,27345794.16
2018-03-21,850.54,27345794.16
2018-03-22,850.54,27345794.16
2018-03-23,850.54,27345794.16
2018-03-26,847.30,27241485.81
2018-03-27,846.12,27203556
2018-03-28,846.12,27203556
2018-03-29,846.12,27203556
2018-04-02,852.31,27402673.64
2018-04-03,852.31,27402673.64
2018-04-04,852.03,27393584.05
2018-04-05,854.09,27459954.63
2018-04-06,859.99,27649582.81
2018-04-09,859.99,27649582.81
2018-04-10,859.99,27649582.81
2018-04-11,859.99,27649582.81
2018-04-12,865.89,27839198.65
2018-04-13,865.89,27839198.65
2018-04-16,865.89,27839198.65
2018-04-17,865.89,27839198.65
2018-04-18,865.89,27839198.65
2018-04-19,865.89,27839198.65
2018-04-20,865.89,27839198.65
2018-04-23,865.89,27839198.65
2018-04-24,871.20,28009830.04
2018-04-25,871.20,28009830.04
2018-04-26,871.20,28009830.04
2018-04-27,871.20,28009830.04
2018-04-30,871.20,28009830.04
2018-05-01,866.77,27867648.82
2018-05-02,866.77,27867648.82
2018-05-03,865.59,27829734.58
2018-05-04,864.13,27782535.18
2018-05-07,864.13,27782535.18
2018-05-08,864.13,27782535.18
2018-05-09,862.95,27744623.47
2018-05-10,862.95,27744623.47
2018-05-11,857.64,27574024.41
2018-05-14,856.17,27526637.36
2018-05-15,856.17,27526637.36
2018-05-16,856.17,27526637.36
2018-05-17,856.17,27526637.36
2018-05-18,855.28,27498206.49
2018-05-21,852.04,27393963.38
2018-05-22,852.04,27393963.38
2018-05-23,852.04,27393963.38
2018-05-24,852.04,27393963.38
2018-05-25,848.50,27280248.28
2018-05-29,851.45,27375006.53
2018-05-30,851.45,27375006.53
2018-05-31,847.03,27232871.92
2018-06-01,836.42,26891753.56
2018-06-04,836.42,26891753.56
2018-06-05,836.13,26882300.71
2018-06-06,832.59,26768600.87
2018-06-07,832.59,26768600.87
2018-06-08,828.76,26645428.75
2018-06-11,828.76,26645428.75
2018-06-12,828.76,26645428.75
2018-06-13,828.76,26645428.75
2018-06-14,828.76,26645428.75
2018-06-15,828.76,26645428.75
2018-06-18,828.76,26645428.75
2018-06-19,828.76,26645428.75
2018-06-20,828.76,26645428.75
2018-06-21,824.63,26512801.38
2018-06-22,824.63,26512801.38
2018-06-25,820.21,26370706.78
2018-06-26,824.63,26512799.55
2018-06-27,821.69,26418072.20
2018-06-28,820.51,26380181.70
2018-06-29,819.04,26332819.11
2018-07-02,809.31,26020236.55
2018-07-03,803.42,25830794.43
2018-07-05,803.42,25830794.43
2018-07-06,802.24,25792907.21
2018-07-09,800.77,25745549.63
2018-07-10,799.02,25689236.19
2018-07-11,799.02,25689236.19
2018-07-12,795.19,25566110.98
2018-07-13,795.19,25566110.98
2018-07-16,794.01,25528227.98
2018-07-17,794.01,25528227.98
2018-07-18,794.01,25528227.98
2018-07-19,798.13,25660813.64
2018-07-20,798.13,25660813.64
2018-07-23,802.55,25802863.64
2018-07-24,802.55,25802863.64
2018-07-25,800.20,25727105.20
2018-07-26,800.20,25727105.20
2018-07-27,800.20,25727105.20
2018-07-30,800.20,25727105.20
2018-07-31,800.20,25727105.20
2018-08-01,796.96,25622945.66
2018-08-02,796.96,25622945.66
2018-08-03,794.89,25556663.82
2018-08-06,788.71,25357825.28
2018-08-07,787.53,25319951.65
2018-08-08,786.08,25273123.64
2018-08-09,786.08,25273123.64
2018-08-10,786.08,25273123.64
2018-08-13,784.60,25225784.82
2018-08-14,776.65,24970158.11
2018-08-15,774.59,24903885.38
2018-08-16,773.41,24866015.67
2018-08-17,772.24,24828146.38
2018-08-20,772.24,24828146.38
2018-08-21,768.70,24714543.25
2018-08-22,768.70,24714543.25
2018-08-23,767.23,24667209.63
2018-08-24,764.58,24582009.96
2018-08-27,764.58,24582009.96
2018-08-28,759.87,24430549.98
2018-08-29,759.87,24430549.98
2018-08-30,757.81,24364287.95
2018-08-31,755.16,24279094.73
2018-09-04,746.91,24014061.73
2018-09-05,746.91,24014061.73
2018-09-06,746.91,24014061.73
2018-09-07,745.44,23966735.84
2018-09-10,745.44,23966735.84
2018-09-11,745.18,23958155.88
2018-09-12,745.18,23958155.88
2018-09-13,742.53,23872974.99
2018-09-14,742.53,23872974.99
2018-09-17,742.53,23872974.99
2018-09-18,742.23,23863510.98
2018-09-19,742.23,23863510.98
2018-09-20,742.23,23863510.98
2018-09-21,742.23,23863510.98
2018-09-24,742.23,23863510.98
2018-09-25,742.23,23863510.98
2018-09-26,742.23,23863510.98
2018-09-27,742.23,23863510.98
2018-09-28,742.23,23863510.98
2018-10-01,740.17,23797272.49
2018-10-02,737.82,23721571.86
2018-10-03,731.64,23522860.09
2018-10-04,731.64,23522860.09
2018-10-05,730.17,23475548.77
2018-10-08,730.17,23475548.77
2018-10-09,730.17,23475548.77
2018-10-10,738.99,23759399.68
2018-10-11,738.99,23759399.68
2018-10-12,744.64,23940897.03
2018-10-15,748.76,24073355.22
2018-10-16,748.76,24073355.22
2018-10-17,748.76,24073355.22
2018-10-18,748.76,24073355.22
2018-10-19,745.82,23978746.40
2018-10-22,747.88,24044970.32
2018-10-23,747.88,24044970.32
2018-10-24,749.64,24101732.54
2018-10-25,749.64,24101732.54
2018-10-26,749.64,24101732.54
2018-10-29,754.94,24272009.84
2018-10-30,754.94,24272009.84
2018-10-31,754.06,24243631.03
2018-11-01,760.82,24461200.49
2018-11-02,759.06,24404443.85
2018-11-05,757.29,24347689.07
2018-11-06,756.70,24328771.02
2018-11-07,755.23,24281476.44
2018-11-08,755.23,24281476.44
2018-11-09,755.23,24281476.44
2018-11-12,762,24499017.71
2018-11-13,761.15,24471887.69
2018-11-14,761.15,24471887.69
2018-11-15,761.15,24471887.69
2018-11-16,759.68,24424598.12
2018-11-19,760.86,24462428.53
2018-11-20,760.86,24462428.53
2018-11-21,762.92,24528630.34
2018-11-23,762.92,24528630.34
2018-11-26,761.74,24490802.83
2018-11-27,761.74,24490802.83
2018-11-28,761.74,24490802.83
2018-11-29,761.74,24490802.83
2018-11-30,761.74,24490802.83
2018-12-03,758.21,24377328.74
2018-12-04,758.21,24377328.74
2018-12-06,758.21,24377328.74
2018-12-07,759.73,24426177.95
2018-12-10,760.32,24445088.93
2018-12-11,763.56,24549098.14
2018-12-12,763.56,24549098.14
2018-12-13,763.56,24549098.14
2018-12-14,763.56,24549098.14
2018-12-17,763.56,24549098.14
2018-12-18,771.79,24813828.68
2018-12-19,771.79,24813828.68
2018-12-20,769.14,24728738.40
2018-12-21,772.67,24842190.83
2018-12-24,774.14,24889461.14
2018-12-26,790.02,25399969.37
2018-12-27,787.67,25324339.24
2018-12-28,787.67,25324339.24
2018-12-31,787.67,25324339.24
2019-01-02,795.31,25570121.84
2019-01-03,795.31,25570121.84
2019-01-04,798.25,25664651.45
2019-01-07,796.78,25617388.03
2019-01-08,796.53,25609233.69
2019-01-09,799.18,25694305.86
2019-01-10,797.71,25647044.05
2019-01-11,797.71,25647044.05
2019-01-14,797.71,25647044.05
2019-01-15,797.71,25647044.05
2019-01-16,797.71,25647044.05
2019-01-17,797.71,25647044.05
2019-01-18,809.76,26034556.49
2019-01-22,809.76,26034556.49
2019-01-23,809.76,26034556.49
2019-01-24,809.76,26034556.49
2019-01-25,809.76,26034556.49
2019-01-28,815.64,26223566.97
2019-01-29,823.87,26488179.07
2019-01-30,823.87,26488179.07
2019-01-31,823.87,26488179.07
2019-02-01,817.40,26280275.86
2019-02-04,813.29,26147978.41
2019-02-05,811.82,26100729.81
2019-02-06,809.76,26034582.52
2019-02-07,803.29,25826693.50
2019-02-08,802.12,25788895.85
2019-02-11,802.12,25788895.85
2019-02-12,798.89,25684957.04
2019-02-13,796.85,25619645.09
2019-02-14,796.85,25619645.09
2019-02-15,793.03,25496812.17
2019-02-19,792.45,25477915.58
2019-02-20,794.50,25544053.02
2019-02-21,789.51,25383435.61
2019-02-22,789.51,25383435.61
2019-02-25,788.33,25345644.93
2019-02-26,788.33,25345644.93
2019-02-27,788.33,25345644.93
2019-02-28,784.22,25213382.24
2019-03-01,772.46,24835493.64
2019-03-04,766.59,24646556.94
2019-03-05,766.59,24646556.94
2019-03-06,766.59,24646556.94
2019-03-07,766.59,24646556.94
2019-03-08,766.59,24646556.94
2019-03-11,769.53,24741018.26
2019-03-12,772.46,24835478.68
2019-03-13,772.46,24835478.68
2019-03-14,772.46,24835478.68
2019-03-15,771.04,24789707.41
2019-03-18,779.27,25054179.90
2019-03-19,778.09,25016398.52
2019-03-20,778.09,25016398.52
2019-03-21,778.09,25016398.52
2019-03-22,781.03,25110848.93
2019-03-25,781.03,25110848.93
2019-03-26,784.26,25214739.93
2019-03-27,784.26,25214739.93
2019-03-28,784.26,25214739.93
2019-03-29,784.26,25214739.93
2019-04-01,772.80,24846425.25
2019-04-02,768.10,24695323.57
2019-04-03,764.29,24572554.80
2019-04-04,762.55,24516750.58
2019-04-05,761.67,24488420
2019-04-08,760.49,24450647.12
2019-04-09,757.85,24365659.04
2019-04-10,757.85,24365659.04
2019-04-11,757.85,24365659.04
2019-04-12,757.85,24365659.04
2019-04-15,754.03,24242906.77
2019-04-16,752.27,24186252.57
2019-04-17,752.86,24205137.09
2019-04-18,751.68,24167368.46
2019-04-22,751.68,24167368.46
2019-04-23,749.63,24101277.04
2019-04-24,747.87,24044627.85
2019-04-25,747.87,24044627.85
2019-04-26,746.69,24006862.45
2019-04-29,746.69,24006862.45
2019-04-30,746.69,24006862.45
2019-05-01,746.69,24006862.45
2019-05-02,745.52,23969099.67
2019-05-03,740.82,23818049.88
2019-05-06,739.64,23780288.67
2019-05-07,739.94,23789728.88
2019-05-08,739.94,23789728.88
2019-05-09,739.94,23789728.88
2019-05-10,733.23,23574066.26
2019-05-13,736.46,23677901.99
2019-05-14,736.46,23677901.99
2019-05-15,733.23,23574068.50
2019-05-16,733.23,23574068.50
2019-05-17,736.17,23668460.29
2019-05-20,736.17,23668460.29
2019-05-21,739.69,23781725.29
2019-05-22,738.81,23753409.33
2019-05-23,738.81,23753409.33
2019-05-24,738.81,23753409.33
2019-05-28,737.34,23706219.15
2019-05-29,740.86,23819474.43
2019-05-30,740.86,23819474.43
2019-05-31,743.21,23894976.57
2019-06-03,759.65,24423477.24
2019-06-04,759.65,24423477.24
2019-06-05,757.59,24357415.78
2019-06-06,757.59,24357415.78
2019-06-07,756.42,24319667.15
2019-06-10,756.42,24319667.15
2019-06-11,756.18,24311851.99
2019-06-12,759.70,24425091.19
2019-06-13,759.70,24425091.19
2019-06-14,764.10,24566637.35
2019-06-17,764.10,24566637.35
2019-06-18,764.10,24566637.35
2019-06-19,764.10,24566637.35
2019-06-20,764.10,24566637.35
2019-06-21,799.03,25689492.08
2019-06-24,801.96,25783846.65
2019-06-25,799.61,25708363.50
2019-06-26,797.85,25651752.03
2019-06-27,795.80,25585706.05
2019-06-28,794.04,25529095.77
2019-07-01,800.20,25727224.42
2019-07-02,798.44,25670616.84
2019-07-03,798.44,25670616.84
2019-07-05,796.97,25623445.46
2019-07-08,795.80,25585709.47
2019-07-09,794.08,25530590.82
2019-07-10,800.54,25738133.96
2019-07-11,800.54,25738133.96
2019-07-12,800.54,25738133.96
2019-07-15,800.54,25738133.96
2019-07-16,799.37,25700401.32
2019-07-17,803.18,25823031.07
2019-07-18,814.62,26190916.58
2019-07-19,820.49,26379574.32
2019-07-22,825.18,26530495.27
2019-07-23,823.13,26464468.10
2019-07-24,822.25,26436171.05
2019-07-25,819.32,26341848.76
2019-07-26,818.14,26304120.22
2019-07-29,824.89,26521052.11
2019-07-30,824.89,26521052.11
2019-07-31,823.42,26473893.95
2019-08-01,827.82,26615366.18
2019-08-02,830.76,26709680.76
2019-08-05,835.16,26851148.80
2019-08-06,836.92,26907735.40
2019-08-07,845.42,27181237.13
2019-08-08,839.85,27002048.77
2019-08-09,839.85,27002048.77
2019-08-12,847.77,27256674.33
2019-08-13,836.66,26899425.16
2019-08-14,844.29,27144614.65
2019-08-15,844.29,27144614.65
2019-08-16,843.41,27116324.17
2019-08-19,843.41,27116324.17
2019-08-20,845.17,27172902.58
2019-08-21,851.91,27389784.07
2019-08-22,854.84,27484079.32
2019-08-23,859.83,27644379.53
2019-08-26,859.83,27644379.53
2019-08-27,873.32,28078116.29
2019-08-28,882.41,28370414.17
2019-08-29,880.36,28304412.11
2019-08-30,878.31,28238410.92
2019-09-03,890.04,28615544.84
2019-09-04,895.90,28804110.08
2019-09-05,889.75,28606481.93
2019-09-06,889.75,28606481.93
2019-09-09,882.42,28370789.48
2019-09-10,882.42,28370789.48
2019-09-11,882.42,28370789.48
2019-09-12,880.37,28304797.72
2019-09-13,874.51,28116252.08
2019-09-16,874.51,28116252.08
2019-09-17,880.37,28304789.44
2019-09-18,883.60,28408483.86
2019-09-19,883.60,28408483.86
2019-09-20,894.15,28747839.92
2019-09-23,908.52,29209727.54
2019-09-24,908.52,29209727.54
2019-09-25,924.94,29737588.13
2019-09-26,924.94,29737588.13
2019-09-27,922.88,29671607.46
2019-09-30,920.83,29605629.02
2019-10-01,920.83,29605629.02
2019-10-02,923.76,29699882.03
2019-10-03,923.76,29699882.03
2019-10-04,923.76,29699882.03
2019-10-07,923.76,29699882.03
2019-10-08,923.76,29699882.03
2019-10-09,923.76,29699882.03
2019-10-10,921.71,29633808.57
2019-10-11,921.71,29633808.57
2019-10-14,921.71,29633808.57
2019-10-15,919.66,29567840.86
2019-10-16,918.19,29520721.59
2019-10-17,918.19,29520721.59
2019-10-18,924.64,29728041.96
2019-10-21,924.64,29728041.96
2019-10-22,919.66,29567846.98
2019-10-23,918.48,29530154.40
2019-10-24,918.48,29530154.40
2019-10-25,918.48,29530154.40
2019-10-28,918.48,29530154.40
2019-10-29,917.31,29492464.37
2019-10-30,915.55,29435929.87
2019-10-31,915.55,29435929.87
2019-11-01,914.67,29407663.14
2019-11-04,914.67,29407663.14
2019-11-05,915.85,29445350.28
2019-11-06,915.85,29445350.28
2019-11-07,914.38,29398242.45
2019-11-08,901.19,28974279.04
2019-11-11,901.19,28974279.04
2019-11-12,897.09,28842385.60
2019-11-13,896.77,28832133.69
2019-11-14,896.77,28832133.69
2019-11-15,896.77,28832133.69
2019-11-18,891.79,28671987.22
2019-11-19,891.79,28671987.22
2019-11-20,891.79,28671987.22
2019-11-21,891.79,28671987.22
2019-11-22,891.79,28671987.22
2019-11-25,896.48,28822701.54
2019-11-26,896.48,28822701.54
2019-11-27,896.48,28822701.54
2019-11-29,895.60,28794443.82
2019-12-02,889.16,28587227.34
2019-12-03,889.16,28587227.34
2019-12-04,888.57,28568389.83
2019-12-05,888.57,28568389.83
2019-12-06,886.23,28493041.73
2019-12-09,886.23,28493041.73
2019-12-10,885.93,28483504.93
2019-12-11,886.22,28492922.94
2019-12-12,886.22,28492922.94
2019-12-13,886.22,28492922.94
2019-12-16,886.22,28492922.94
2019-12-17,880.66,28313992.25
2019-12-18,883.29,28398747.95
2019-12-19,883.29,28398747.95
2019-12-20,885.93,28483501.86
2019-12-23,885.93,28483501.86
2019-12-24,888.86,28577668.94
2019-12-26,892.37,28690666.96
2019-12-27,893.25,28718916.27
2019-12-30,893.25,28718916.27
2019-12-31,893.25,28718916.27
2020-01-02,895.30,28784827.20
2020-01-03,895.30,28784827.20
2020-01-06,896.18,28813073.81
2020-01-07,896.18,28813073.81
2020-01-08,886.81,28511783.29
2020-01-09,882.12,28361140.50
2020-01-10,874.52,28116555.49
2020-01-13,874.52,28116555.49
2020-01-14,874.52,28116555.49
2020-01-15,878.32,28238944.77
2020-01-16,879.49,28276602.62
2020-01-17,898.82,28897950.58
2020-01-21,898.82,28897950.58
2020-01-22,898.82,28897950.58
2020-01-23,900.58,28954433.10
2020-01-24,900.58,28954433.10
2020-01-27,899.41,28916779.62
2020-01-28,899.41,28916779.62
2020-01-29,903.50,29048563.76
2020-01-30,903.50,29048563.76
2020-01-31,903.21,29039150.79
2020-02-03,912.58,29340355.24
2020-02-04,912.58,29340355.24
2020-02-05,914.91,29415318.56
2020-02-06,914.91,29415318.56
2020-02-07,916.08,29452967.31
2020-02-10,916.08,29452967.31
2020-02-11,922.23,29650614.58
2020-02-12,922.23,29650614.58
2020-02-13,922.23,29650614.58
2020-02-14,923.99,29707083.43
2020-02-18,929.84,29895304.89
2020-02-19,931.60,29951770.82
2020-02-20,933.94,30027058.02
2020-02-21,933.94,30027058.02
2020-02-24,933.94,30027058.02
2020-02-25,940.09,30224676.93
2020-02-26,935.69,30083522.46
2020-02-27,934.23,30036471.35
2020-02-28,934.23,30036471.35
2020-03-02,931.01,29932964.41
2020-03-03,934.52,30045880.21
2020-03-04,934.52,30045880.21
2020-03-05,947.40,30459899.57
2020-03-06,955.60,30723364.87
2020-03-09,963.79,30986820.87
2020-03-10,962.03,30930366.85
2020-03-11,953.26,30648099.94
2020-03-12,944.18,30356433.74
2020-03-13,931.59,29951667
2020-03-16,929.84,29895218.56
2020-03-17,929.84,29895218.56
2020-03-18,923.69,29697653.15
2020-03-19,922.23,29650614.44
2020-03-20,908.18,29199046.38
2020-03-23,923.99,29707046.46
2020-03-24,935.98,30092751.14
2020-03-25,949.15,30516080.90
2020-03-26,953.54,30657189.95
2020-03-27,964.66,31014661.27
2020-03-30,964.36,31005254.43
2020-03-31,967,31089914.85
2020-04-01,968.75,31146354.13
2020-04-02,971.97,31249825.91
2020-04-03,978.99,31475579.87
2020-04-06,984.26,31644891.14
2020-04-07,985.71,31691440.93
2020-04-08,988.63,31785500.71
2020-04-09,994.19,31964212.62
2020-04-13,1009.70,32462703.01
2020-04-14,1017.59,32716649.37
2020-04-15,1021.69,32848323.57
2020-04-16,1021.69,32848323.57
2020-04-17,1021.69,32848323.57
2020-04-20,1029.59,33102251.96
2020-04-21,1033.39,33224512.37
2020-04-22,1042.46,33516054.32
2020-04-23,1042.46,33516054.32
2020-04-24,1048.31,33704141.90
2020-04-27,1048.31,33704141.90
2020-04-28,1056.50,33967451.94
2020-04-29,1056.50,33967451.94
2020-04-30,1056.50,33967451.94
2020-05-01,1067.90,34334192.77
2020-05-04,1071.71,34456436.27
2020-05-05,1076.39,34606887.87
2020-05-06,1075.80,34588081.65
2020-05-07,1081.65,34776142.23
2020-05-08,1081.65,34776142.23
2020-05-11,1081.07,34757337
2020-05-12,1083.66,34840822.75
2020-05-13,1092.14,35113492.73
2020-05-14,1104.72,35517792.83
2020-05-15,1113.78,35809261.90
2020-05-18,1113.78,35809261.90
2020-05-19,1113.78,35809261.90
2020-05-20,1112.32,35762253.26
2020-05-21,1112.32,35762253.26
2020-05-22,1116.71,35903275.85
2020-05-26,1116.71,35903275.85
2020-05-27,1119.05,35978483.32
2020-05-28,1119.63,35997285.06
2020-05-29,1123.14,36110094.45
2020-06-01,1128.40,36279303.06
2020-06-02,1129.28,36307504.25
2020-06-03,1133.37,36439107.38
2020-06-04,1132.20,36401506.94
2020-06-05,1128.11,36269907.32
2020-06-08,1125.48,36185310.20
2020-06-09,1124.60,36157111.31
2020-06-10,1129.49,36314381.27
2020-06-11,1135.05,36492970.93
2020-06-12,1136.22,36530568.33
2020-06-15,1136.22,36530568.33
2020-06-16,1136.22,36530568.33
2020-06-17,1136.22,36530568.33
2020-06-18,1136.22,36530568.33
2020-06-19,1159.31,37273060.58
2020-06-22,1166.04,37489222.86
2020-06-23,1169.25,37592603.78
2020-06-24,1176.85,37836955.92
2020-06-25,1175.39,37789965.70
2020-06-26,1178.90,37902740.84
2020-06-29,1178.90,37902740.84
2020-06-30,1178.90,37902740.84
2020-07-01,1182.11,38006112.82
2020-07-02,1191.47,38306828.34
2020-07-06,1191.47,38306828.34
2020-07-07,1199.36,38560543.83
2020-07-08,1202.57,38663908.74
2020-07-09,1200.82,38607528.48
2020-07-10,1200.46,38595937.23
2020-07-13,1203.97,38708692.62
2020-07-14,1206.89,38802654.38
2020-07-15,1206.89,38802654.38
2020-07-16,1206.89,38802654.38
2020-07-17,1206.89,38802654.38
2020-07-20,1211.86,38962379.12
2020-07-21,1219.75,39216057.62
2020-07-22,1225.01,39385174.97
2020-07-23,1227.05,39450942.31
2020-07-24,1228.81,39507313.87
2020-07-27,1234.65,39695213.81
2020-07-28,1243.12,39967665.91
2020-07-29,1241.95,39930086.67
2020-07-30,1241.95,39930086.67
2020-07-31,1241.95,39930086.67
2020-08-03,1248.38,40136761.43
2020-08-04,1257.73,40437376.95
2020-08-05,1267.96,40766175.49
2020-08-06,1267.96,40766175.49
2020-08-07,1262.12,40578295.29
2020-08-10,1262.12,40578295.29
2020-08-11,1257.93,40443694.79
2020-08-12,1250.63,40208861.94
2020-08-13,1252.09,40255828.03
2020-08-14,1248.29,40133717.51
2020-08-17,1252.38,40265217.18
2020-08-18,1252.38,40265217.18
2020-08-19,1252.38,40265217.18
2020-08-20,1252.38,40265217.18
2020-08-21,1252.38,40265217.18
2020-08-24,1252.38,40265217.18
2020-08-25,1248.87,40152513.88
2020-08-26,1252.09,40255824.43
2020-08-27,1251.50,40237040.93
2020-08-28,1251.50,40237040.93
2020-08-31,1251.50,40237040.93
2020-09-01,1250.63,40208866.99
2020-09-02,1250.04,40190084.65
2020-09-03,1250.04,40190084.65
2020-09-04,1250.04,40190084.65
2020-09-08,1250.04,40190084.65
2020-09-09,1252.96,40283989.21
2020-09-10,1252.96,40283989.21
2020-09-11,1248,40124354.96
2020-09-14,1248,40124354.96
2020-09-15,1247.57,40110584.90
2020-09-16,1247.57,40110584.90
2020-09-17,1246.98,40091805.65
2020-09-18,1259.83,40504945.27
2020-09-21,1278.82,41115242.30
2020-09-22,1278.23,41096464.14
2020-09-23,1267.14,40739684.53
2020-09-24,1267.14,40739684.53
2020-09-25,1266.84,40730295.82
2020-09-28,1268.89,40796014.71
2020-09-29,1268.89,40796014.71
2020-09-30,1268.89,40796014.71
2020-10-01,1276.19,41030718.84
2020-10-02,1275.60,41011942.71
2020-10-05,1275.60,41011942.71
2020-10-06,1271.52,40880515.31
2020-10-07,1271.52,40880515.31
2020-10-08,1271.52,40880515.31
2020-10-09,1271.52,40880515.31
2020-10-12,1277.65,41077644.02
2020-10-13,1277.65,41077644.02
2020-10-14,1277.94,41087030.86
2020-10-15,1276.06,41026645.75
2020-10-16,1272.56,40914006.51
2020-10-19,1272.85,40923392.80
2020-10-20,1269.93,40829530.94
2020-10-21,1269.35,40810758.72
2020-10-22,1265.55,40688740.95
2020-10-23,1263.80,40632425.66
2020-10-26,1263.80,40632425.66
2020-10-27,1266.72,40726280.40
2020-10-28,1258.25,40454106.18
2020-10-29,1258.25,40454106.18
2020-10-30,1257.67,40435335.92
2020-11-02,1255.92,40379026.89
2020-11-03,1255.92,40379026.89
2020-11-04,1252.42,40266411.09
2020-11-05,1252.42,40266411.09
2020-11-06,1260.30,40519793.16
2020-11-09,1249.79,40181967.15
2020-11-10,1249.79,40181967.15
2020-11-11,1240.74,39891068.26
2020-11-12,1239.57,39853533.20
2020-11-13,1234.32,39684626.56
2020-11-16,1231.40,39590792.77
2020-11-17,1226.30,39426696.17
2020-11-18,1219,39192116.90
2020-11-19,1217.25,39135818.61
2020-11-20,1220.17,39229648.27
2020-11-23,1213.16,39004465.58
2020-11-24,1199.74,38572872.75
2020-11-25,1194.78,38413372.52
2020-11-27,1194.78,38413372.52
2020-11-30,1194.78,38413372.52
2020-12-01,1191.28,38300791.43
2020-12-02,1191.28,38300791.43
2020-12-03,1189.82,38253883.46
2020-12-04,1182.70,38024929.08
2020-12-07,1179.78,37931117
2020-12-08,1179.78,37931117
2020-12-09,1179.78,37931117
2020-12-10,1179.78,37931117
2020-12-11,1175.99,37809166.74
2020-12-14,1171.32,37659079.19
2020-12-15,1170.15,37621557.65
2020-12-16,1170.15,37621557.65
2020-12-17,1167.82,37546515.94
2020-12-18,1167.82,37546515.94
2020-12-21,1169.86,37612174.49
2020-12-22,1167.53,37537136.99
2020-12-23,1167.53,37537136.99
2020-12-24,1167.53,37537136.99
2020-12-28,1169.86,37612169.51
2020-12-29,1169.86,37612169.51
2020-12-30,1169.86,37612169.51
2020-12-31,1170.74,37640305.87
2021-01-04,1187.95,38193635.42
2021-01-05,1186.78,38156121.99
2021-01-06,1186.78,38156121.99
2021-01-07,1182.11,38006072.13
2021-01-08,1182.11,38006072.13
2021-01-11,1181.71,37993155
2021-01-12,1181.71,37993155
2021-01-13,1171.21,37655570.18
2021-01-14,1161,37327366.78
2021-01-15,1177.63,37861863.47
2021-01-19,1174.13,37749342.82
2021-01-20,1174.13,37749342.82
2021-01-21,1174.13,37749342.82
2021-01-22,1173.25,37721213.53
2021-01-25,1173.25,37721213.53
2021-01-26,1172.38,37693085.45
2021-01-27,1169.17,37589950.52
2021-01-28,1164.79,37449313.26
2021-01-29,1160.13,37299301.58
2021-02-01,1157.50,37214922.80
2021-02-02,1157.50,37214922.80
2021-02-03,1157.50,37214922.80
2021-02-04,1159.84,37289922.50
2021-02-05,1156.51,37182898.66
2021-02-08,1152.43,37051654.26
2021-02-09,1148.34,36920411.28
2021-02-10,1146.59,36864164.89
2021-02-11,1142.22,36723550.48
2021-02-12,1142.22,36723550.48
2021-02-16,1136.68,36545449.31
2021-02-17,1132.89,36423592.12
2021-02-18,1132.89,36423592.12
2021-02-19,1127.64,36254870.36
2021-02-22,1115.40,35861198.10
2021-02-23,1110.44,35701856.49
2021-02-24,1106.36,35570635.64
2021-02-25,1100.24,35373806.77
2021-02-26,1093.53,35158235.98
2021-03-01,1084.50,34867694.10
2021-03-02,1087.12,34952043.87
2021-03-03,1082.38,34799654.60
2021-03-04,1078.30,34668447.05
2021-03-05,1069.26,34377919.36
2021-03-08,1063.43,34190488.38
2021-03-09,1061.98,34143631.07
2021-03-10,1060.23,34087402.92
2021-03-11,1055.27,33928091.50
2021-03-12,1052.07,33825008.92
2021-03-15,1050.32,33768783.81
2021-03-16,1050.32,33768783.81
2021-03-17,1048.28,33703189.24
2021-03-18,1048.28,33703189.24
2021-03-19,1051.78,33815634.68
2021-03-22,1051.78,33815634.68
2021-03-23,1045.36,33609494.02
2021-03-24,1043.03,33534534.56
2021-03-25,1043.03,33534534.56
2021-03-26,1036.62,33328400.52
2021-03-29,1037.50,33356508.65
2021-03-30,1037.50,33356508.65
2021-03-31,1037.50,33356508.65
2021-04-01,1032.83,33206602.89
2021-04-05,1032.83,33206602.89
2021-04-06,1029.04,33084810.62
2021-04-07,1028.69,33073407.62
2021-04-08,1026.07,32989091.81
2021-04-09,1026.07,32989091.81
2021-04-12,1026.07,32989091.81
2021-04-13,1026.07,32989091.81
2021-04-14,1022.86,32886046.04
2021-04-15,1022.86,32886046.04
2021-04-16,1019.66,32783002.18
2021-04-19,1021.70,32848573.39
2021-04-20,1021.70,32848573.39
2021-04-21,1021.70,32848573.39
2021-04-22,1021.70,32848573.39
2021-04-23,1021.70,32848573.39
2021-04-26,1021.70,32848573.39
2021-04-27,1021.70,32848573.39
2021-04-28,1021.70,32848573.39
2021-04-29,1017.04,32698713.12
2021-04-30,1017.04,32698713.12
2021-05-03,1018.20,32736176.57
2021-05-04,1018.20,32736176.57
2021-05-05,1019.33,32772321.68
2021-05-06,1019.33,32772321.68
2021-05-07,1025.15,32959631.62
2021-05-10,1025.15,32959631.62
2021-05-11,1025.15,32959631.62
2021-05-12,1025.15,32959631.62
2021-05-13,1024.28,32931537
2021-05-14,1028.36,33062643.93
2021-05-17,1035.93,33306120.60
2021-05-18,1035.93,33306120.60
2021-05-19,1031.27,33156291.57
2021-05-20,1037.09,33343575.59
2021-05-21,1042.92,33530857.51
2021-05-24,1046.12,33633859.23
2021-05-25,1046.12,33633859.23
2021-05-26,1044.08,33568313.94
2021-05-27,1044.08,33568313.94
2021-05-28,1043.21,33540223.72
2021-06-01,1045.83,33624490.69
2021-06-02,1041.75,33493410.09
2021-06-03,1041.75,33493410.09
2021-06-04,1043.16,33538572.09
2021-06-07,1037.33,33351324.75
2021-06-08,1037.33,33351324.75
2021-06-09,1043.16,33538568.03
2021-06-10,1044.61,33585378.33
2021-06-11,1044.61,33585378.33
2021-06-14,1044.61,33585378.33
2021-06-15,1044.61,33585378.33
2021-06-16,1045.78,33622824.02
2021-06-17,1041.99,33501127.84
2021-06-18,1053.06,33856851.01
2021-06-21,1049.56,33744521.03
2021-06-22,1049.56,33744521.03
2021-06-23,1046.65,33650914.56
2021-06-24,1042.87,33529227.60
2021-06-25,1042.87,33529227.60
2021-06-28,1045.78,33622828.78
2021-06-29,1045.78,33622828.78
2021-06-30,1045.78,33622828.78
2021-07-01,1043.16,33538590.45
2021-07-02,1042.58,33519871.01
2021-07-06,1042.23,33508682.46
2021-07-07,1040.48,33452526.94
2021-07-08,1040.19,33443167.79
2021-07-09,1040.19,33443167.79
2021-07-12,1037.28,33349580.46
2021-07-13,1037.28,33349580.46
2021-07-14,1034.37,33255994.97
2021-07-15,1034.37,33255994.97
2021-07-16,1028.55,33068828.07
2021-07-19,1028.55,33068828.07
2021-07-20,1028.55,33068828.07
2021-07-21,1028.55,33068828.07
2021-07-22,1027.38,33031397.26
2021-07-23,1027.38,33031397.26
2021-07-26,1025.64,32975253.50
2021-07-27,1025.64,32975253.50
2021-07-28,1025.64,32975253.50
2021-07-29,1031.46,33162394.12
2021-07-30,1031.46,33162394.12
2021-08-02,1029.71,33106254.58
2021-08-03,1027.97,33050115.65
2021-08-04,1027.97,33050115.65
2021-08-05,1027.61,33038781.54
2021-08-06,1025.28,32963932.37
2021-08-09,1023.54,32907797.41
2021-08-10,1023.54,32907797.41
2021-08-11,1023.54,32907797.41
2021-08-12,1023.54,32907797.41
2021-08-13,1021.79,32851664.76
2021-08-16,1020.63,32814244.18
2021-08-17,1017.14,32701983.64
2021-08-18,1015.10,32636499.08
2021-08-19,1015.10,32636499.08
2021-08-20,1011.61,32524242.36
2021-08-23,1006.66,32365216.72
2021-08-24,1004.63,32299736.25
2021-08-25,1001.72,32206194
2021-08-26,1001.72,32206194
2021-08-27,1001.72,32206194
2021-08-30,1001.72,32206194
2021-08-31,1000.26,32159425.73
2021-09-01,1000.26,32159425.73
2021-09-02,998.52,32103305.07
2021-09-03,998.52,32103305.07
2021-09-07,998.52,32103305.07
2021-09-08,998.52,32103305.07
2021-09-09,998.17,32092220.73
2021-09-10,998.17,32092220.73
2021-09-13,1000.21,32157686.58
2021-09-14,1000.21,32157686.58
2021-09-15,998.46,32101574.21
2021-09-16,999.92,32148333.79
2021-09-17,1001.66,32204444.72
2021-09-20,1001.66,32204444.72
2021-09-21,1000.79,32176390.42
2021-09-22,1000.79,32176390.42
2021-09-23,992.65,31914556.93
2021-09-24,993.52,31942610.20
2021-09-27,990.32,31839751.45
2021-09-28,990.03,31830400.79
2021-09-29,990.03,31830400.79
2021-09-30,990.03,31830400.79
2021-10-01,986.54,31718196.10
2021-10-04,986.54,31718196.10
2021-10-05,986.54,31718196.10
2021-10-06,986.54,31718196.10
2021-10-07,986.54,31718196.10
2021-10-08,985.05,31670224.46
2021-10-11,985.05,31670224.46
2021-10-12,985.05,31670224.46
2021-10-13,982.72,31595430.81
2021-10-14,982.72,31595430.81
2021-10-15,980.10,31511289.89
2021-10-18,980.10,31511289.89
2021-10-19,980.10,31511289.89
2021-10-20,980.10,31511289.89
2021-10-21,978.07,31445851.21
2021-10-22,978.07,31445851.21
2021-10-25,978.07,31445851.21
2021-10-26,979.81,31501938.45
2021-10-27,983.01,31604764.09
2021-10-28,982.14,31576721
2021-10-29,982.14,31576721
2021-11-01,979.52,31492595.52
2021-11-02,979.52,31492595.52
2021-11-03,978.07,31445860.46
2021-11-04,975.41,31360470.13
2021-11-05,975.41,31360470.13
2021-11-08,975.41,31360470.13
2021-11-09,975.41,31360470.13
2021-11-10,975.41,31360470.13
2021-11-11,975.99,31379162.69
2021-11-12,975.99,31379162.69
2021-11-15,975.99,31379162.69
2021-11-16,975.99,31379162.69
2021-11-17,976.87,31407199.72
2021-11-18,976.87,31407199.72
2021-11-19,985,31668872.76
2021-11-22,990.53,31846429.80
2021-11-23,991.11,31865119.74
2021-11-24,991.11,31865119.74
2021-11-26,992.85,31921187.82
2021-11-29,992.85,31921187.82
2021-11-30,992.85,31921187.82
2021-12-01,990.82,31855778.77
2021-12-02,986.17,31706274.73
2021-12-03,984.38,31648856.47
2021-12-06,982.64,31592794.87
2021-12-07,982.64,31592794.87
2021-12-08,982.64,31592794.87
2021-12-09,982.64,31592794.87
2021-12-10,982.64,31592794.87
2021-12-13,982.64,31592794.87
2021-12-14,980.60,31527395.41
2021-12-15,977.70,31433968.70
2021-12-16,977.70,31433968.70
2021-12-17,978.57,31461996.20
2021-12-20,978.57,31461996.20
2021-12-21,978.57,31461996.20
2021-12-22,973.63,31303182.67
2021-12-23,973.63,31303182.67
2021-12-27,973.63,31303182.67
2021-12-28,975.66,31368572.11
2021-12-29,975.66,31368572.11
2021-12-30,975.66,31368572.11
2021-12-31,975.66,31368572.11
2022-01-03,975.66,31368572.11
2022-01-04,980.31,31518022.85
2022-01-05,979.99,31507548.84
2022-01-06,978.82,31470186.90
2022-01-07,977.08,31414144.60
2022-01-10,977.08,31414144.60
2022-01-11,976.21,31386124.66
2022-01-12,976.21,31386124.66
2022-01-13,976.21,31386124.66
2022-01-14,976.21,31386124.66
2022-01-18,976.21,31386124.66
2022-01-19,981.44,31554229.86
2022-01-20,980.86,31535551.67
2022-01-21,1008.45,32422755.15
2022-01-24,1008.45,32422755.15
2022-01-25,1013.10,32572172.54
2022-01-26,1014.26,32609526.42
2022-01-27,1014.26,32609526.42
2022-01-28,1014.26,32609526.42
2022-01-31,1017.75,32721581.24
2022-02-01,1018.04,32730919.04
2022-02-02,1016.59,32684230.49
2022-02-03,1014.84,32628204.96
2022-02-04,1011.60,32523972.84
2022-02-07,1011.60,32523972.84
2022-02-08,1015.96,32664029.44
2022-02-09,1015.96,32664029.44
2022-02-10,1015.96,32664029.44
2022-02-11,1019.44,32776071.08
2022-02-14,1019.44,32776071.08
2022-02-15,1019.44,32776071.08
2022-02-16,1019.44,32776071.08
2022-02-17,1019.44,32776071.08
2022-02-18,1024.09,32925449.26
2022-02-22,1024.09,32925449.26
2022-02-23,1029.31,33093490.72
2022-02-24,1029.31,33093490.72
2022-02-25,1026.99,33018807.47
2022-02-28,1029.02,33084153.41
2022-03-01,1042.38,33513565.67
2022-03-02,1050.22,33765609.48
2022-03-03,1050.22,33765609.48
2022-03-04,1054.28,33896035.62
2022-03-07,1062.70,34166735.56
2022-03-08,1067.34,34316085.95
2022-03-09,1063.28,34185406.07
2022-03-10,1061.53,34129401
2022-03-11,1064.15,34213407.61
2022-03-14,1064.15,34213407.61
2022-03-15,1061.83,34138738.72
2022-03-16,1070.53,34418743.99
2022-03-17,1073.44,34512078.36
2022-03-18,1082.44,34801411.37
2022-03-21,1083.60,34838743.43
2022-03-22,1083.60,34838743.43
2022-03-23,1087.66,34969402.74
2022-03-24,1087.66,34969402.74
2022-03-25,1093.18,35146722.69
2022-03-28,1093.18,35146722.69
2022-03-29,1091.44,35090729.75
2022-03-30,1091.44,35090729.75
2022-03-31,1091.44,35090729.75
2022-04-01,1091.73,35100061.63
2022-04-04,1089.98,35044072.19
2022-04-05,1087.30,34957696.40
2022-04-06,1087.30,34957696.40
2022-04-07,1088.75,35004352.85
2022-04-08,1090.49,35060339.99
2022-04-11,1090.49,35060339.99
2022-04-12,1093.10,35144317.12
2022-04-13,1104.42,35508214.38
2022-04-14,1099.49,35349594.38
2022-04-18,1100.36,35377584.92
2022-04-19,1106.74,35582846.61
2022-04-20,1106.74,35582846.61
2022-04-21,1104.13,35498877.94
2022-04-22,1104.13,35498877.94
2022-04-25,1101.23,35405584.12
2022-04-26,1099.49,35349608.36
2022-04-27,1095.71,35228329.24
2022-04-28,1095.71,35228329.24
2022-04-29,1094.55,35191013.25
2022-05-02,1092.23,35116383.72
2022-05-03,1089.04,35013770.05
2022-05-04,1089.04,35013770.05
2022-05-05,1084.98,34883173.10
2022-05-06,1082,34787291.11
2022-05-09,1075.90,34591404.87
2022-05-10,1068.65,34358209.57
2022-05-11,1066.62,34292915.62
2022-05-12,1060.82,34106363.72
2022-05-13,1055.89,33947796.65
2022-05-16,1053.28,33863852.14
2022-05-17,1049.21,33733273.04
2022-05-18,1049.21,33733273.04
2022-05-19,1056.18,33957118.52
2022-05-20,1063.43,34190288.09
2022-05-23,1068.07,34339512.14
2022-05-24,1068.07,34339512.14
2022-05-25,1069.81,34395469.86
2022-05-26,1069.81,34395469.86
2022-05-27,1069.81,34395469.86
2022-05-31,1068.36,34348841.57
2022-06-01,1067.20,34311539.31
2022-06-02,1066.04,34274237.45
2022-06-03,1066.04,34274237.45
2022-06-06,1063.06,34178594.78
2022-06-07,1063.06,34178594.78
2022-06-08,1065.39,34253193.64
2022-06-09,1065.39,34253193.64
2022-06-10,1068.87,34365089.34
2022-06-13,1068.87,34365089.34
2022-06-14,1063.94,34206577.53
2022-06-15,1063.94,34206577.53
2022-06-16,1063.94,34206577.53
2022-06-17,1075.54,34579535.05
2022-06-21,1073.80,34523593.88
2022-06-22,1071.77,34458329.89
2022-06-23,1063.07,34178630.11
2022-06-24,1061.04,34113367.69
2022-06-27,1056.40,33964201.34
2022-06-28,1054.37,33898941.85
2022-06-29,1052.63,33843005.78
2022-06-30,1050.31,33768425.17
2022-07-01,1041.90,33498074.41
2022-07-05,1032.04,33181127.13
2022-07-06,1024.43,32936297.08
2022-07-07,1024.43,32936297.08
2022-07-08,1023.27,32899010.57
2022-07-11,1023.27,32899010.57
2022-07-12,1021.53,32843083.29
2022-07-13,1019.79,32787156.64
2022-07-14,1016.89,32693946.79
2022-07-15,1014.28,32610058.80
2022-07-18,1009.06,32442288.09
2022-07-19,1009.06,32442288.09
2022-07-20,1005.87,32339763.91
2022-07-21,1005.87,32339763.91
2022-07-22,1005.87,32339763.91
2022-07-25,1005.29,32321124.15
2022-07-26,1005.29,32321124.15
2022-07-27,1005.29,32321124.15
2022-07-28,1005.29,32321124.15
2022-07-29,1005.87,32339763.21
2022-08-01,1005.87,32339763.21
2022-08-02,1002.97,32246571.56
2022-08-03,1000.65,32172019.33
2022-08-04,1000.32,32161167.79
2022-08-05,999.16,32123892.33
2022-08-08,999.16,32123892.33
2022-08-09,999.16,32123892.33
2022-08-10,997.42,32067982.16
2022-08-11,997.42,32067982.16
2022-08-12,995.97,32021391.37
2022-08-15,993.94,31956166.51
2022-08-16,992.20,31900260.10
2022-08-17,989.01,31797766.23
2022-08-18,985.83,31695273.50
2022-08-19,989.01,31797764.93
2022-08-22,987.56,31751179.55
2022-08-23,984.38,31648692.65
2022-08-24,984.38,31648692.65
2022-08-25,984.38,31648692.65
2022-08-26,982.64,31592792.51
2022-08-29,980.61,31527577.81
2022-08-30,976.26,31387834.12
2022-08-31,973.37,31294672.95
2022-09-01,973.08,31285356.98
2022-09-02,973.08,31285356.98
2022-09-06,971.05,31220148.64
2022-09-07,971.05,31220148.64
2022-09-08,968.15,31126995.75
2022-09-09,966.64,31078567.12
2022-09-12,964.91,31022677.73
2022-09-13,962.88,30957474.26
2022-09-14,960.56,30882956.84
2022-09-15,962.01,30929529.66
2022-09-16,960.85,30892271.90
2022-09-19,957.95,30799130.57
2022-09-20,953.32,30650106.09
2022-09-21,952.16,30612850.34
2022-09-22,950.13,30547653.49
2022-09-23,947.23,30454516.55
2022-09-26,943.47,30333442.51
2022-09-27,940.86,30249623.08
2022-09-28,943.18,30324128.68
2022-09-29,941.15,30258936.96
2022-09-30,939.70,30212371.81
2022-10-03,942.89,30314811.71
2022-10-04,944.63,30370687.96
2022-10-05,946.34,30425836.01
2022-10-06,946.34,30425836.01
2022-10-07,944.31,30360649.41
2022-10-10,944.31,30360649.41
2022-10-11,944.31,30360649.41
2022-10-12,945.47,30397896.79
2022-10-13,944.31,30360649.88
2022-10-14,941.13,30258221.98
2022-10-17,939.10,30193042.62
2022-10-18,938.81,30183731.40
2022-10-19,932.73,29988198.38
2022-10-20,930.99,29932332.40
2022-10-21,928.10,29839223.34
2022-10-24,928.39,29848533.94
2022-10-25,928.39,29848533.94
2022-10-26,928.39,29848533.94
2022-10-27,925.20,29746120.44
2022-10-28,922.59,29662328.66
2022-10-31,920.57,29597159.55
2022-11-01,919.12,29550610.63
2022-11-02,915.07,29420274.96
2022-11-03,911.59,29308560.43
2022-11-04,906.96,29159607.77
2022-11-07,905.48,29112236.13
2022-11-08,908.38,29205327.56
2022-11-09,908.38,29205327.56
2022-11-10,911.57,29307726.25
2022-11-11,910.12,29261181.86
2022-11-14,910.41,29270490.44
2022-11-15,904.62,29084320.86
2022-11-16,906.35,29140171.13
2022-11-17,906.35,29140171.13
2022-11-18,904.62,29084322.20
2022-11-21,906.06,29130861.38
2022-11-22,906.93,29158784.59
2022-11-23,906.93,29158784.59
2022-11-25,908.96,29223936.68
2022-11-28,908.09,29196015.30
2022-11-29,908.09,29196015.30
2022-11-30,908.09,29196015.30
2022-12-01,906.64,29149480.72
2022-12-02,905.49,29112253.58
2022-12-05,903.46,29047073.64
2022-12-06,906.06,29130830.87
2022-12-07,908.09,29195974.69
2022-12-08,908.09,29195974.69
2022-12-09,910.40,29270423.19
2022-12-12,910.40,29270423.19
2022-12-13,912.72,29344868.57
2022-12-14,911.56,29307646.33
2022-12-15,913.88,29382089.84
2022-12-16,910.40,29270425.72
2022-12-19,912.14,29326255.94
2022-12-20,913.88,29382085.69
2022-12-21,913.88,29382085.69
2022-12-22,913.88,29382085.69
2022-12-23,913.01,29354171.79
2022-12-27,918.51,29530952.08
2022-12-28,918.51,29530952.08
2022-12-29,918.51,29530952.08
2022-12-30,917.64,29503040.25
2023-01-03,917.64,29503040.25
2023-01-04,916.77,29475129.71
2023-01-05,916.77,29475129.71
2023-01-06,915.33,29428613.20
2023-01-09,915.33,29428613.20
2023-01-10,914.17,29391401.41
2023-01-11,912.43,29335584.41
2023-01-12,912.14,29326087.24
2023-01-13,912.14,29326087.24
2023-01-17,909.24,29233064.60
2023-01-18,910.98,29288877.61
2023-01-19,912.43,29335387.93
2023-01-20,917.05,29484219.44
2023-01-23,917.05,29484219.44
2023-01-24,917.34,29493520.99
2023-01-25,919.37,29558631.26
2023-01-26,919.37,29558631.26
2023-01-27,918.50,29530727.50
2023-01-30,917.05,29484222.76
2023-01-31,917.05,29484222.76
2023-02-01,918.50,29530726.50
2023-02-02,920.24,29586530.33
2023-02-03,920.24,29586530.33
2023-02-06,917.92,29512129.17
2023-02-07,920.82,29605129.55
2023-02-08,921.10,29614429.49
2023-02-09,920.79,29604353.98
2023-02-10,920.79,29604353.98
2023-02-13,920.79,29604353.98
2023-02-14,920.79,29604353.98
2023-02-15,921.08,29613653.19
2023-02-16,921.08,29613653.19
2023-02-17,919.92,29576457.16
2023-02-21,919.92,29576457.16
2023-02-22,919.06,29548561.66
2023-02-23,917.32,29492771.34
2023-02-24,917.32,29492771.34
2023-02-27,917.61,29502069.31
2023-02-28,915.30,29427686.30
2023-03-01,912.69,29344006.08
2023-03-02,912.69,29344006.08
2023-03-03,912.12,29325410.88
2023-03-06,912.12,29325410.88
2023-03-07,906.62,29148868.96
2023-03-08,906.62,29148868.96
2023-03-09,903.15,29037305.43
2023-03-10,901.42,28981524.18
2023-03-13,913.27,29362684.78
2023-03-14,913.27,29362684.78
2023-03-15,914.72,29409166.81
2023-03-16,914.72,29409166.81
2023-03-17,921.08,29613683.93
2023-03-20,924.55,29725235.14
2023-03-21,923.11,29678756.07
2023-03-22,923.11,29678756.07
2023-03-23,925.42,29753121.18
2023-03-24,923.97,29706643.40
2023-03-27,923.97,29706643.40
2023-03-28,927.73,29827479.82
2023-03-29,929.47,29883249.88
2023-03-30,929.47,29883249.88
2023-03-31,928.02,29836775.74
2023-04-03,930.04,29901837.44
2023-04-04,930.04,29901837.44
2023-04-05,930.91,29929720.65
2023-04-06,930.91,29929720.65
2023-04-10,933.22,30004071.40
2023-04-11,932.93,29994510.11
2023-04-12,934.08,30031684.69
2023-04-13,930.61,29920161.89
2023-04-14,927.72,29827227.42
2023-04-17,925.70,29762175.57
2023-04-18,924.25,29715710.45
2023-04-19,926.57,29790053.76
2023-04-20,926.57,29790053.76
2023-04-21,923.68,29697126.85
2023-04-24,927.43,29817927.93
2023-04-25,930.04,29901558.64
2023-04-26,930.04,29901558.64
2023-04-27,926.28,29780761.42
2023-04-28,926.28,29780761.42
2023-05-01,924.83,29734303.01
2023-05-02,928.30,29845802.22
2023-05-03,928.30,29845802.22
2023-05-04,930.03,29901551.08
2023-05-05,931.77,29957298.89
2023-05-08,937.55,30143118.81
2023-05-09,934.95,30059500.26
2023-05-10,938.99,30189572.32
2023-05-11,937.84,30152409.44
2023-05-12,937.54,30142706.90
2023-05-15,934.07,30031223.08
2023-05-16,934.94,30059093.70
2023-05-17,936.96,30124124.25
2023-05-18,936.96,30124124.25
2023-05-19,942.74,30309921.51
2023-05-22,943.89,30347079.78
2023-05-23,941.29,30263474.60
2023-05-24,941.29,30263474.60
2023-05-25,941.29,30263474.60
2023-05-26,941.29,30263474.60
2023-05-30,939.56,30207742.21
2023-05-31,939.56,30207742.21
2023-06-01,938.11,30161299.39
2023-06-02,938.11,30161299.39
2023-06-05,939.56,30207740.05
2023-06-06,938.11,30161299.93
2023-06-07,934.65,30049844.62
2023-06-08,934.65,30049844.62
2023-06-09,931.76,29956967.38
2023-06-12,931.43,29946561.36
2023-06-13,931.43,29946561.36
2023-06-14,929.70,29890838.15
2023-06-15,929.70,29890838.15
2023-06-16,934.03,30030143.16
2023-06-20,934.03,30030143.16
2023-06-21,932.30,29974424.42
2023-06-22,929.70,29890847.28
2023-06-23,927.10,29807270.94
2023-06-26,925.66,29760841.21
2023-06-27,925.66,29760841.21
2023-06-28,926.81,29797984.09
2023-06-29,924.50,29723699.25
2023-06-30,921.90,29640129.54
2023-07-03,921.90,29640129.54
2023-07-05,917.86,29510139.05
2023-07-06,917.86,29510139.05
2023-07-07,915.26,29426575.60
2023-07-10,915.26,29426575.60
2023-07-11,914.95,29416662.31
2023-07-12,914.66,29407377.95
2023-07-13,914.66,29407377.95
2023-07-14,914.66,29407377.95
2023-07-17,912.93,29351674.89
2023-07-18,912.07,29323823.60
2023-07-19,913.80,29379525.57
2023-07-20,913.80,29379525.57
2023-07-21,919,29546627.57
2023-07-24,919,29546627.57
2023-07-25,919,29546627.57
2023-07-26,917.26,29490929.91
2023-07-27,915.82,29444515.84
2023-07-28,912.93,29351688.61
2023-07-31,912.93,29351688.61
2023-08-01,909.18,29231018.66
2023-08-02,909.18,29231018.66
2023-08-03,906,29128915.77
2023-08-04,906,29128915.77
2023-08-07,903.69,29054662.45
2023-08-08,903.69,29054662.45
2023-08-09,903.38,29044532.03
2023-08-10,903.38,29044532.03
2023-08-11,899.63,28923875.96
2023-08-14,895.87,28803223.97
2023-08-15,894.43,28756819.87
2023-08-16,894.43,28756819.87
2023-08-17,887.50,28534085.20
2023-08-18,890.10,28617609.77
2023-08-21,889.23,28589769.18
2023-08-22,884.90,28450567.69
2023-08-23,884.90,28450567.69
2023-08-24,884.04,28422727.92
2023-08-25,884.04,28422727.92
2023-08-28,886.64,28506243.56
2023-08-29,889.23,28589758.48
2023-08-30,890.10,28617596.57
2023-08-31,890.10,28617596.57
2023-09-01,890.97,28645434
2023-09-05,889.81,28608319.15
2023-09-06,886.64,28506254.51
2023-09-07,886.64,28506254.51
2023-09-08,886.64,28506254.51
2023-09-11,884.89,28450111.04
2023-09-12,884.89,28450111.04
2023-09-13,882,28357332.12
2023-09-14,879.70,28283109.87
2023-09-15,880.27,28301665.27
2023-09-18,880.27,28301665.27
2023-09-19,878.83,28255278.77
2023-09-20,878.25,28236724.36
2023-09-21,878.83,28255278.51
2023-09-22,877.39,28208893.57
2023-09-25,876.52,28181063.54
2023-09-26,872.77,28060468.35
2023-09-27,873.64,28088297.62
2023-09-28,873.64,28088297.62
2023-09-29,873.64,28088297.62
2023-10-02,875.08,28134676.73
2023-10-03,873.35,28079022.52
2023-10-04,869.31,27949164.20
2023-10-05,867.58,27893511.24
2023-10-06,865.85,27837858.89
2023-10-09,861.81,27708006.85
2023-10-10,861.51,27698372.08
2023-10-11,862.37,27726197.01
2023-10-12,862.37,27726197.01
2023-10-13,862.37,27726197.01
2023-10-16,855.45,27503609.01
2023-10-17,853.43,27438688.16
2023-10-18,848.24,27271750.22
2023-10-19,848.24,27271750.22
2023-10-20,863.24,27754006.44
2023-10-23,860.07,27651994.22
2023-10-24,860.07,27651994.22
2023-10-25,861.80,27707636.11
2023-10-26,861.80,27707636.11
2023-10-27,861.80,27707636.11
2023-10-30,859.49,27633450.81
2023-10-31,859.49,27633450.81
2023-11-01,861.51,27698361.41
2023-11-02,861.51,27698361.41
2023-11-03,863.24,27753997.92
2023-11-06,867.57,27893084.38
2023-11-07,867.28,27883910.74
2023-11-08,867.28,27883910.74
2023-11-09,867.28,27883910.74
2023-11-10,868.14,27911726.66
2023-11-13,870.45,27985899.95
2023-11-14,870.45,27985899.95
2023-11-15,870.45,27985899.95
2023-11-16,870.45,27985899.95
2023-11-17,883.43,28403108.09
2023-11-20,883.43,28403108.09
2023-11-21,883.43,28403108.09
2023-11-22,882.28,28366024.89
2023-11-24,882.28,28366024.89
2023-11-27,882.28,28366024.89
2023-11-28,880.55,28310403.51
2023-11-29,878.53,28245512.40
2023-11-30,876.51,28180622.12
2023-12-01,878.82,28254781.74
2023-12-04,881.12,28328938.98
2023-12-05,880.83,28319669.47
2023-12-06,880.83,28319669.47
2023-12-07,880.55,28310661.77
2023-12-08,880.55,28310661.77
2023-12-11,878.54,28245779.52
2023-12-12,875.65,28153091.64
2023-12-13,877.96,28227241.14
2023-12-14,877.67,28217972.51
2023-12-15,879.69,28282852.13
2023-12-18,879.69,28282852.13
2023-12-19,877.67,28217975.29
2023-12-20,878.25,28236511.32
2023-12-21,878.25,28236511.32
2023-12-22,878.25,28236511.32
2023-12-26,878.25,28236511.32
2023-12-27,881.71,28347720.01
2023-12-28,880.55,28310651
2023-12-29,879.11,28264315.35
2024-01-02,878.54,28245781.89
2024-01-03,874.21,28106783.04
2024-01-04,874.21,28106783.04
2024-01-05,869.60,27958520.45
2024-01-08,869.60,27958520.45
2024-01-09,869.60,27958520.45
2024-01-10,864.99,27810266.85
2024-01-11,863.84,27773203.83
2024-01-12,863.84,27773203.83
2024-01-16,864.40,27791432.70
2024-01-17,862.10,27717311.58
2024-01-18,862.10,27717311.58
2024-01-19,860.95,27680251.77
2024-01-22,858.93,27615399.27
2024-01-23,858.93,27615399.27
2024-01-24,858.93,27615399.27
2024-01-25,858.93,27615399.27
2024-01-26,856.05,27522756.95
2024-01-29,854.89,27485701.22
2024-01-30,852.88,27420854.17
2024-01-31,851.15,27365271.51
2024-02-01,851.72,27383798.84
2024-02-02,851.72,27383798.84
2024-02-05,851.72,27383798.84
2024-02-06,847.69,27254114.97
2024-02-07,842.22,27078116.96
2024-02-08,843.66,27124431.59
2024-02-09,841.92,27068643.23
2024-02-12,841.92,27068643.23
2024-02-13,840.48,27022331.26
2024-02-14,839.04,26976019.84
2024-02-15,837.31,26920446.65
2024-02-16,837.89,26938970.83
2024-02-20,836.16,26883400.54
2024-02-21,829.82,26679645.05
2024-02-22,827.81,26614814.49
2024-02-23,827.81,26614814.49
2024-02-26,827.81,26614814.49
2024-02-27,826.94,26587031.44
2024-02-28,825.50,26540726.88
2024-02-29,822.91,26457379.39
2024-03-01,823.77,26485161.59
2024-03-04,821.47,26411077.55
2024-03-05,821.47,26411077.55
2024-03-06,817.44,26281432.34
2024-03-07,816.57,26253651.48
2024-03-08,815.13,26207350.41
2024-03-11,815.13,26207350.41
2024-03-12,815.13,26207350.41
2024-03-13,816.86,26262908.63
2024-03-14,816.86,26262908.63
2024-03-15,831.84,26744402.22
2024-03-18,833.32,26791945.53
2024-03-19,837.35,26921572.57
2024-03-20,838.50,26958608.47
2024-03-21,838.50,26958608.47
2024-03-22,835.33,26856761.83
2024-03-25,835.33,26856761.83
2024-03-26,830.15,26690110.81
2024-03-27,830.15,26690110.81
2024-03-28,830.15,26690110.81
2024-04-01,826.98,26588274.75
2024-04-02,829,26653079.30
2024-04-03,830.72,26708625.58
2024-04-04,832.45,26764171.36
2024-04-05,826.41,26569763.09
2024-04-08,827.85,26616049.43
2024-04-09,828.71,26643821.09
2024-04-10,828.45,26635496.50
2024-04-11,830.75,26709552.41
2024-04-12,826.72,26579955.63
2024-04-15,828.45,26635495.08
2024-04-16,830.18,26691034.03
2024-04-17,827.59,26607726.39
2024-04-18,827.59,26607726.39
2024-04-19,831.90,26746569.30
2024-04-22,831.90,26746569.30
2024-04-23,833.63,26802103.76
2024-04-24,833.63,26802103.76
2024-04-25,834.78,26839125.89
2024-04-26,832.19,26755826.78
2024-04-29,832.19,26755826.78
2024-04-30,832.19,26755826.78
2024-05-01,831.04,26718807.19
2024-05-02,829.60,26672533.29
2024-05-03,830.47,26700297.35
2024-05-06,832.19,26755823.64
2024-05-07,830.47,26700297.71
2024-05-08,830.47,26700297.71
2024-05-09,830.47,26700297.71
2024-05-10,831.92,26747207.80
2024-05-13,831.92,26747207.80
2024-05-14,831.92,26747207.80
2024-05-15,833.36,26793475.77
2024-05-16,833.36,26793475.77
2024-05-17,838.54,26960037.35
2024-05-20,838.54,26960037.35
2024-05-21,838.54,26960037.35
2024-05-22,838.54,26960037.35
2024-05-23,833.36,26793487.49
2024-05-24,832.21,26756476.87
2024-05-28,832.21,26756476.87
2024-05-29,832.21,26756476.87
2024-05-30,832.21,26756476.87
2024-05-31,832.21,26756476.87
2024-06-03,832.21,26756476.87
2024-06-04,832.21,26756476.87
2024-06-05,833.65,26802734.06
2024-06-06,837.10,26913750.47
2024-06-07,835.67,26867494.54
2024-06-10,835.67,26867494.54
2024-06-11,830.77,26710231.06
2024-06-12,830.77,26710231.06
2024-06-13,829.34,26663978.16
2024-06-14,825.31,26534572.50
2024-06-17,825.31,26534572.50
2024-06-18,825.31,26534572.50
2024-06-20,833.65,26802820.41
2024-06-21,831.93,26747321.53
2024-06-24,829.05,26654826.49
2024-06-25,829.05,26654826.49
2024-06-26,829.05,26654826.49
2024-06-27,829.05,26654826.49
2024-06-28,829.05,26654826.49
2024-07-01,827.61,26608582.50
2024-07-02,833.37,26793556.50
2024-07-03,834.80,26839799.70
2024-07-05,834.80,26839799.70
2024-07-08,834.80,26839799.70
2024-07-09,833.37,26793559.49
2024-07-10,833.37,26793559.49
2024-07-11,835.09,26849046.93
2024-07-12,835.09,26849046.93
2024-07-15,836.53,26895284.55
2024-07-16,842.02,27071893.37
2024-07-17,842.02,27071893.37
2024-07-18,840.01,27007162.47
2024-07-19,840.01,27007162.47
2024-07-22,840.01,27007162.47
2024-07-23,841.74,27062642.81
2024-07-24,841.74,27062642.81
2024-07-25,845.19,27173600.57
2024-07-26,843.17,27108875.75
2024-07-29,843.17,27108875.75
2024-07-30,843.17,27108875.75
2024-07-31,846.05,27201335.22
2024-08-01,845.47,27182843.45
2024-08-02,845.47,27182843.45
2024-08-05,844.90,27164352.68
2024-08-06,848.06,27266050.88
2024-08-07,844.04,27136618.14
2024-08-08,846.91,27229069.26
2024-08-09,846.91,27229069.26
2024-08-12,849.79,27321517
2024-08-13,845.76,27192091.08
2024-08-14,845.76,27192091.08
2024-08-15,847.78,27257116.61
2024-08-16,854.97,27488226.23
2024-08-19,859,27617643.46
2024-08-20,857.27,27562179.39
2024-08-21,856.70,27543691.61
2024-08-22,857.85,27580666.70
2024-08-23,856.12,27525204.52
2024-08-26,856.12,27525204.52
2024-08-27,856.12,27525204.52
2024-08-28,856.12,27525204.52
2024-08-29,857.27,27562176.92
2024-08-30,862.74,27737793.77
2024-09-03,862.74,27737793.77
2024-09-04,862.74,27737793.77
2024-09-05,862.74,27737793.77
2024-09-06,862.74,27737793.77
2024-09-09,862.74,27737793.77
2024-09-10,864.46,27793245.01
2024-09-11,866.18,27848695.67
2024-09-12,870.78,27996563.46
2024-09-13,870.51,27987661.72
2024-09-16,872.23,28043110.03
2024-09-17,872.23,28043110.03
2024-09-18,872.23,28043110.03
2024-09-19,873.96,28098556.49
2024-09-20,875.39,28144761.48
2024-09-23,875.39,28144761.48
2024-09-24,877.12,28200205.20
2024-09-25,877.12,28200205.20
2024-09-26,877.12,28200205.20
2024-09-27,871.94,28033879.11
2024-09-30,871.94,28033879.11
2024-10-01,874.82,28126278.52
2024-10-02,874.82,28126278.52
2024-10-03,877.40,28209435.97
2024-10-04,876.26,28172477.50
2024-10-07,876.26,28172477.50
2024-10-08,876.26,28172477.50
2024-10-09,876.26,28172477.50
2024-10-10,876.26,28172477.50
2024-10-11,877.98,28227910.96
2024-10-14,880.57,28311058.50
2024-10-15,884.59,28440397.57
2024-10-16,884.59,28440397.57
2024-10-17,884.59,28440397.57
2024-10-18,888.63,28570288.79
2024-10-21,891.79,28671907.01
2024-10-22,895.24,28782762.04
2024-10-23,893.80,28736572.95
2024-10-24,893.80,28736572.95
2024-10-25,889.78,28607246.40
2024-10-28,891.50,28662670.30
2024-10-29,889.78,28607246.84
2024-10-30,892.65,28699618.35
2024-10-31,891.79,28671907.35
2024-11-01,888.63,28570301.30
2024-11-04,888.63,28570301.30
2024-11-05,886.91,28514882.27
2024-11-06,883.46,28404046.74
2024-11-07,880.58,28311684.36
2024-11-08,876.85,28191614.60
2024-11-11,871.97,28034607.26
2024-11-12,870.53,27988429.29
2024-11-13,868.52,27923780.94
2024-11-14,867.37,27886839.66
2024-11-15,869.93,27969105.84
2024-11-18,871.65,28024515.53
2024-11-19,872.23,28042985.24
2024-11-20,875.39,28144567.71
2024-11-21,877.97,28227679.91
2024-11-22,877.97,28227679.91
2024-11-25,879.41,28273851.17
2024-11-26,879.41,28273851.17
2024-11-27,878.55,28246149
2024-11-29,878.55,28246149
2024-12-02,875.96,28163047.05
2024-12-03,873.66,28089179.47
2024-12-04,873.66,28089179.47
2024-12-05,871.94,28033780.01
2024-12-06,871.94,28033780.01
2024-12-09,870.79,27996852.59
2024-12-10,870.79,27996852.59
2024-12-11,873.38,28079946.85
2024-12-12,868.50,27922992.90
2024-12-13,863.90,27775273.33
2024-12-16,864.19,27784505.50
2024-12-17,864.19,27784505.50
2024-12-18,863.90,27775273.55
2024-12-19,860.74,27673723.53
2024-12-20,877.40,28209164.27
2024-12-23,873.95,28098387.09
2024-12-24,873.95,28098387.09
2024-12-26,872.80,28061462.58
2024-12-27,872.52,28052231.55
2024-12-30,872.52,28052231.55
2024-12-31,872.52,28052231.55
2025-01-02,872.52,28052231.55
2025-01-03,871.08,28006079.75
2025-01-06,871.08,28006079.75
2025-01-07,871.08,28006079.75
2025-01-08,871.08,28006079.75
2025-01-10,876.82,28190673.99
2025-01-13,874.52,28116838.95
2025-01-14,872.52,28052234.03
2025-01-15,872.52,28052234.03
2025-01-16,868.78,27932255
2025-01-17,879.12,28264500.87
2025-01-21,871.66,28024617.93
2025-01-22,869.36,27950789.14
2025-01-23,864.19,27784676.28
2025-01-24,860.17,27655478.44
2025-01-27,857.02,27553969.54
2025-01-28,861.04,27683161.40
2025-01-29,865.34,27821579.80
2025-01-30,864.19,27784668.50
2025-01-31,864.77,27803124
2025-02-03,865.63,27830806.38
2025-02-04,863.05,27747759.95
2025-02-05,864.19,27784669.21
2025-02-06,864.19,27784669.21
2025-02-07,868.50,27923075.95
2025-02-10,871.08,28006117.62
2025-02-11,871.94,28033797.84
2025-02-12,866.50,27858827.04
2025-02-13,864.20,27785014.71
2025-02-14,863.06,27748108.94
2025-02-18,869.94,27969533.97
2025-02-19,877.98,28227860.49
2025-02-20,883.72,28412377.37
2025-02-21,904.38,29076630.94
2025-02-24,907.53,29178110.77
2025-02-25,907.82,29187336.11
2025-02-26,906.96,29159660.47
2025-02-27,906.10,29131985.20
2025-02-28,904.38,29076635.51
2025-03-03,900.93,28965939.19
2025-03-04,901.80,28993613.05
2025-03-05,900.36,28947490.42
2025-03-06,898.64,28892143.82
2025-03-07,894.34,28753778.67
2025-03-10,891.75,28670762.56
2025-03-11,895.20,28781449.61
2025-03-12,898.64,28892135.57
2025-03-13,905.81,29122730.42
2025-03-14,906.41,29142001.79
2025-03-17,907.27,29169672.01
2025-03-18,907.27,29169672.01
2025-03-19,909.28,29234234.55
2025-03-20,910.43,29271127.05
2025-03-21,930.51,29916737.68
2025-03-24,929.07,29870624.17
2025-03-25,929.36,29879846.79
2025-03-26,929.36,29879846.79
2025-03-27,929.65,29889069.22
2025-03-28,931.94,29962848.01
2025-03-31,933.38,30008958.44
2025-04-01,931.37,29944404.43
2025-04-02,931.94,29962848.21
2025-04-03,936.24,30101174.98
2025-04-04,932.80,29990515.58
2025-04-07,926.78,29796868.99
2025-04-08,925.92,29769205.49
2025-04-09,937.09,30128415.34
2025-04-10,949.71,30534141.93
2025-04-11,953.15,30644793.74
2025-04-14,953.15,30644793.74
2025-04-15,953.15,30644793.74
2025-04-16,957.17,30773881.02
2025-04-17,952.29,30617134.03
2025-04-21,959.17,30838414.20
2025-04-22,947.70,30469614.96
2025-04-23,949.14,30515713.82
2025-04-24,948.56,30497274.41
2025-04-25,946.27,30423517.77
2025-04-28,946.27,30423517.77
2025-04-29,947.13,30451175.37
2025-04-30,944.26,30358984.43
2025-05-01,945.41,30395860.08
2025-05-02,944.26,30358984.70
2025-05-05,939.39,30202269.49
2025-05-06,937.95,30156176.54
2025-05-07,937.67,30146958.05
2025-05-08,939.67,30211486.47
2025-05-09,937.94,30155734.01
2025-05-12,939.09,30192605.53
2025-05-13,936.51,30109645.55
2025-05-14,931.92,29962163.01
2025-05-15,927.62,29823899.65
2025-05-16,918.73,29538158.64
2025-05-19,921.03,29611896.06
2025-05-20,921.60,29630330.25
2025-05-21,919.88,29575028.14
2025-05-22,923.89,29704064.84
2025-05-23,922.46,29657980.61
2025-05-27,922.46,29657980.61
2025-05-28,925.61,29759359.99
2025-05-29,930.20,29906819.45
2025-05-30,930.20,29906819.45
2025-06-02,933.07,29998978.15
2025-06-03,935.64,30081919.75
2025-06-04,935.64,30081919.75
2025-06-05,935.64,30081919.75
2025-06-06,934.21,30035842.58
2025-06-09,936.22,30100348.33
2025-06-10,935.91,30090360.73
2025-06-11,934.19,30035071.18
2025-06-12,937.91,30154864.16
2025-06-13,940.49,30237796.99
2025-06-16,941.93,30283869.19
2025-06-17,945.94,30412869.87
2025-06-18,947.37,30458941.04
2025-06-20,950.24,30551081.25
2025-06-23,957.40,30781424.40
2025-06-24,955.68,30726142.98
2025-06-25,953.39,30652435.12
2025-06-26,953.39,30652435.12
2025-06-27,954.82,30698501.33
2025-06-30,952.53,30624797.70
2025-07-01,948.23,30486604.07
2025-07-02,947.66,30468178.48
2025-07-03,947.66,30468178.48
2025-07-07,947.66,30468178.48
2025-07-08,946.51,30431329.81
2025-07-09,947.37,30458965.95
2025-07-10,948.80,30505025.77
2025-07-11,947.64,30467433.05
2025-07-14,947.64,30467433.05
2025-07-15,947.64,30467433.05
2025-07-16,950.79,30568758.37
2025-07-17,948.50,30495068.06
2025-07-18,943.62,30338477.54
2025-07-21,947.06,30449008.62
2025-07-22,954.80,30697701.19
2025-07-23,954.80,30697701.19
2025-07-24,957.09,30771386.03
2025-07-25,957.09,30771386.03
2025-07-28,956.23,30743755.57
2025-07-29,956.23,30743755.57
2025-07-30,955.37,30716125.71
2025-07-31,954.51,30688496.18
2025-08-01,953.08,30642447.23
2025-08-04,954.80,30697704.35
2025-08-05,955.94,30734542.01
2025-08-06,952.79,30633239.61
2025-08-07,959.09,30835842.47
2025-08-08,959.64,30853261.16
2025-08-11,964.22,31000602.25
2025-08-12,964.22,31000602.25
2025-08-13,964.22,31000602.25
2025-08-14,961.35,30908517.15
2025-08-15,965.36,31037434.83
2025-08-18,965.36,31037434.83
2025-08-19,962.21,30936146.81
2025-08-20,958.20,30807236.11
2025-08-21,956.77,30761197.10
2025-08-22,956.77,30761197.10
2025-08-25,958.49,30816441.48
2025-08-26,959.92,30862478.08
2025-08-27,962.50,30945343.11
2025-08-28,967.94,31120278.96
2025-08-29,977.68,31433319.20
2025-09-02,990.56,31847621.42
2025-09-03,984.26,31645074.62
2025-09-04,981.97,31571422.11
2025-09-05,981.97,31571422.11
2025-09-08,979.68,31497772.19
2025-09-09,979.68,31497772.19
2025-09-10,979.95,31506518.09
2025-09-11,977.95,31442076.44
2025-09-12,974.80,31340812.02
2025-09-15,976.80,31405250.91
2025-09-16,979.95,31506511.09
2025-09-17,975.66,31368430.63
2025-09-18,975.66,31368430.63
2025-09-19,994.56,31975970.80
2025-09-22,1000.57,32169273.34
2025-09-23,1000.57,32169273.34
2025-09-24,996.85,32049612.19
2025-09-25,996.85,32049612.19
2025-09-26,1005.72,32334951.97
2025-09-29,1011.73,32528241.13
2025-09-30,1012.88,32565057.71
2025-10-01,1018.89,32758343.33
2025-10-02,1015.74,32657099.53
2025-10-03,1014.88,32629487.88
2025-10-06,1013.16,32574266.06
2025-10-07,1013.15,32573855.39
2025-10-08,1014.58,32619872.74
2025-10-09,1013.44,32583059.28
2025-10-10,1017.16,32702701.58
2025-10-13,1018.88,32757919.50
2025-10-14,1021.45,32840745.56
2025-10-15,1022.60,32877556.84
2025-10-16,1034.62,33264071.83
2025-10-17,1047.21,33668987.29
2025-10-20,1058.66,34037081.29
2025-10-21,1058.66,34037081.29
2025-10-22,1052.37,33834636.30
2025-10-23,1052.37,33834636.30
2025-10-24,1046.93,33659800.96
2025-10-27,1038.92,33402159.74
2025-10-28,1038.92,33402159.74
2025-10-29,1036.05,33310146.78
2025-10-30,1040.35,33448164.57
2025-10-31,1039.20,33411360.18
2025-11-03,1041.78,33494167.45
2025-11-04,1038.63,33392960.38
2025-11-05,1038.63,33392960.38
2025-11-06,1040.35,33448163.21
2025-11-07,1042.06,33503365.49
2025-11-10,1042.06,33503365.49
2025-11-11,1046.36,33641367.05
2025-11-12,1046.64,33650567.07
2025-11-13,1048.93,33724166.86
2025-11-14,1044,33565765.57
2025-11-17,1041.43,33482970.58
2025-11-18,1041.43,33482970.58
2025-11-19,1043.72,33556564.70
2025-11-20,1039.43,33418577.50
2025-11-21,1040.57,33455373.65
2025-11-24,1040.86,33464572.39
2025-11-25,1040.86,33464572.39
2025-11-26,1045.43,33611749.56
2025-11-28,1045.43,33611749.56
2025-12-01,1050.01,33758919.70
2025-12-02,1048.30,33703731.61
2025-12-03,1046.58,33648544.14
2025-12-04,1050.58,33777313.39
2025-12-05,1050.25,33766727.08
2025-12-08,1049.11,33729937.38
2025-12-09,1047.97,33693148.07
2025-12-10,1046.82,33656359.17
2025-12-11,1050.83,33785119.02
2025-12-12,1053.11,33858695.51
2025-12-15,1051.68,33812711.76
2025-12-16,1051.68,33812711.76
2025-12-17,1052.54,33840301.43
2025-12-18,1052.54,33840301.43
2025-12-19,1052.54,33840301.43
2025-12-22,1064.56,34226537.25
2025-12-23,1064.56,34226537.25
2025-12-24,1068.27,34346084.19
2025-12-26,1071.13,34438041.35
2025-12-29,1071.99,34465627.32
2025-12-30,1071.99,34465627.32
2025-12-31,1070.56,34419651.81
2026-01-02,1065.13,34244948.06
2026-01-05,1065.13,34244948.06
2026-01-06,1067.13,34309310.53
2026-01-07,1067.13,34309310.53
2026-01-08,1067.13,34309310.53
2026-01-09,1064.56,34226561.45
2026-01-12,1070.80,34427214.43
2026-01-13,1074.23,34537542.98
2026-01-14,1074.23,34537542.98
2026-01-15,1074.80,34555930.66
2026-01-16,1085.67,34905292.82
2026-01-20,1081.66,34776585.36
2026-01-21,1077.66,34647878.67
2026-01-22,1079.66,34712231.22
2026-01-23,1086.53,34932867.25
2026-01-26,1086.53,34932867.25
2026-01-27,1087.38,34960445.71
2026-01-28,1089.96,35043181.18
2026-01-29,1086.53,34932867.90
2026-01-30,1087.10,34951252.82
2026-02-02,1087.10,34951252.82
2026-02-03,1083.38,34831756.51
2026-02-04,1081.95,34785796.68
2026-02-05,1077.95,34657111.90
2026-02-06,1076.23,34601961.46
2026-02-09,1079.66,34712259.54
2026-02-10,1079.32,34701272.90
2026-02-11,1081.32,34765612.07
2026-02-12,1076.18,34600170.45
2026-02-13,1077.03,34627743.71
2026-02-17,1075.61,34581790.50
2026-02-18,1075.61,34581790.50
2026-02-19,1078.75,34682885.90
2026-02-20,1078.75,34682885.90
2026-02-23,1086.47,34931020.33
2026-02-24,1094.19,35179151.22
2026-02-25,1097.62,35289430.79
2026-02-26,1097.90,35298620.64
2026-02-27,1101.33,35408897.98
2026-03-02,1101.33,35408897.98
2026-03-03,1099.04,35335383.86
2026-03-04,1081.04,34756462.12
2026-03-05,1075.89,34591058.23
2026-03-06,1073.32,34508357.05
2026-03-09,1070.71,34424310.28
2026-03-10,1073.57,34516196.38
2026-03-11,1077.28,34635646.93
2026-03-12,1075.85,34589704.97
2026-03-13,1071.56,34451880.92
2026-03-16,1070.71,34424317.06
2026-03-17,1069.56,34387565.62
2026-03-18,1066.99,34304876.27
2026-03-19,1062.13,34148688.91
2026-03-20,1056.99,33983316.17
2026-03-23,1052.70,33845510.90
2026-03-24,1052.99,33854697.79
2026-03-25,1052.42,33836324.04
2026-03-26,1052.70,33845510.75
2026-03-27,1049.56,33744457.71
2026-03-30,1046.13,33634221.45
2026-03-31,1047.28,33670966.69
2026-04-01,1050.99,33790388.65
2026-04-02,1050.99,33790388.65
2026-04-06,1054.42,33900617.38
2026-04-07,1054.42,33900617.38
2026-04-08,1052.99,33854689.10
2026-04-09,1052.42,33836318.04
2026-04-10,1052.42,33836318.04
2026-04-13,1047.19,33668274.33
2026-04-14,1049.48,33741754.68
2026-04-15,1051.76,33815234.29
2026-04-16,1052.91,33851973.66
2026-04-17,1060.62,34099962.34
2026-04-20,1059.76,34072409.01
2026-04-21,1055.48,33934644.12
2026-04-22,1050.91,33787696.76
2026-04-23,1049.19,33732592.17
2026-04-24,1046.62,33649936.22
2026-04-27,1044.34,33576466.77
2026-04-28,1040.91,33466264.74
2026-04-29,1039.20,33411164.49
2026-04-30,1035.77,33300964.48
2026-05-01,1035.77,33300964.48
2026-05-04,1035.77,33300964.48
2026-05-05,1034.05,33245867.67
2026-05-06,1033.20,33218319.26
2026-05-07,1033.48,33227501.99
2026-05-08,1034,33243983.11
2026-05-11,1036.28,33317441.71
2026-05-12,1038.28,33381717.18
2026-05-13,1039.99,33436809.84
2026-05-14,1039.99,33436809.84
2026-05-15,1037.42,33354173.08
2026-05-18,1038.85,33400080.95
2026-05-19,1036.85,33335810.82
2026-05-20,1036.85,33335810.82
2026-05-21,1037.71,33363354.57
2026-05-22,1034.85,33271543.08
2026-05-26,1034.85,33271543.08
2026-05-27,1034.85,33271543.08
2026-05-28,1032.57,33198099.14
2026-05-29,1029.14,33087933.45
2026-06-01,1028.86,33078753.35
2026-06-02,1028,33051213.22
2026-06-03,1026.86,33014493.63
2026-06-04,1025.14,32959414.60
2026-06-05,1019.92,32791477.75
2026-06-08,1019.92,32791477.75
2026-06-09,1016.49,32681327.11
2026-06-10,1013.64,32589536.27
2026-06-11,1013.64,32589536.27
2026-06-12,1013.64,32589536.27
2026-06-15,1012.21,32543643.04
2026-06-16,1012.21,32543643.04
2026-06-17,1013.07,32571178.36
2026-06-18,1020.49,32809814.06
2026-06-22,1022.20,32864881.34
2026-06-23,1017.64,32718037.42
2026-06-24,1013.35,32580373.73
2026-06-25,1007.08,32378469.52
2026-06-26,1005.08,32314227.65
2026-06-29,1005.08,32314227.65
2026-06-30,1005.08,32314227.65
2026-07-01,1005.36,32323404.58
2026-07-02,1001.37,32194928.64
2026-07-06,1002.79,32240810.93
2026-07-07,1002.51,32231634.56
2026-07-08,1002.51,32231634.56
2026-07-09,1005.65,32332572.19
2026-07-10,1002.45,32229732.15
2026-07-13,1002.45,32229732.15
2026-07-14,1004.45,32293961.41
2026-07-15,1001.88,32211381.88
2026-07-16,1001.88,32211381.88
2026-07-17,999.02,32119629.11
2026-07-20,1003.59,32266428.79
2026-07-21,1005.87,32339828.02
2026-07-22,1007.87,32404052.01
2026-07-23,1009.30,32449925.49
2026-07-24,1009.30,32449925.49
2026-07-27,1009.30,32449925.49
2026-07-28,1008.73,32431577.14
2026-07-29,1009.30,32449925.26
2026-07-30,1007.87,32404055.06
2026-07-31,1007.01,32376533.44
2026-08-03,1005.87,32339839.14
2026-08-04,1009.30,32449921.40
2026-08-05,1014.15,32605871.29
2026-08-06,1014.72,32624218.24
2026-08-07,1017.54,32714816.16
2026-08-10,1020.96,32824893.64
2026-08-11,1022.67,32879931.86
2026-08-12,1025.81,32980834.25
2026-08-13,1023.24,32898278.77
2026-08-14,1023.53,32907451.51
2026-08-17,1030.66,33136762.48
2026-08-18,1025.24,32962488.06
2026-08-19,1034.65,33265172.64
2026-08-20,1038.93,33402755.16
2026-08-21,1047.21,33668746.32
2026-08-24,1049.49,33742121.07
2026-08-25,1048.35,33705434.19
2026-08-26,1045.50,33613717.91
2026-08-27,1046.64,33650403.89
2026-08-28,1042.36,33512833.02
2026-08-31,1042.36,33512833.02
2026-09-01,1046.64,33650395.71
2026-09-02,1056.62,33971372.56
2026-09-03,1053.48,33870494.55
2026-09-04,1052.06,33824641.61
2026-09-08,1050.63,33778790.74
2026-09-09,1050.63,33778790.74
2026-09-10,1050.28,33767456.92
2026-09-11,1047.42,33675758.46
2026-09-14,1047.42,33675758.46
2026-09-15,1050.28,33767452.63
2026-09-16,1051.99,33822468.60
2026-09-17,1052.84,33849976.33
2026-09-18,1057.12,33987513.34
2026-09-21,1055.41,33932500.41
2026-09-22,1055.98,33950837.86
2026-09-23,1056.84,33978343.66
