date,ticker,close,adj_close,source
2006-01-03,GLD,53.12,53.12,yahoo
2006-01-04,GLD,53.30,53.30,yahoo
2006-01-05,GLD,52.34,52.34,yahoo
2006-01-06,GLD,53.72,53.72,yahoo
2006-01-09,GLD,54.60,54.60,yahoo
2006-01-10,GLD,54.06,54.06,yahoo
2006-01-11,GLD,54.53,54.53,yahoo
2006-01-12,GLD,54.43,54.43,yahoo
2006-01-13,GLD,55.44,55.44,yahoo
2006-01-17,GLD,55.26,55.26,yahoo
2006-01-18,GLD,54.07,54.07,yahoo
2006-01-19,GLD,55.59,55.59,yahoo
2006-01-20,GLD,55.20,55.20,yahoo
2006-01-23,GLD,55.77,55.77,yahoo
2006-01-24,GLD,55.73,55.73,yahoo
2006-01-25,GLD,56.14,56.14,yahoo
2006-01-26,GLD,55.88,55.88,yahoo
2006-01-27,GLD,55.63,55.63,yahoo
2006-01-30,GLD,56.68,56.68,yahoo
2006-01-31,GLD,56.70,56.70,yahoo
2006-02-01,GLD,56.70,56.70,yahoo
2006-02-02,GLD,56.98,56.98,yahoo
2006-02-03,GLD,56.50,56.50,yahoo
2006-02-06,GLD,56.72,56.72,yahoo
2006-02-07,GLD,54.60,54.60,yahoo
2006-02-08,GLD,54.83,54.83,yahoo
2006-02-09,GLD,56.18,56.18,yahoo
2006-02-10,GLD,54.79,54.79,yahoo
2006-02-13,GLD,53.72,53.72,yahoo
2006-02-14,GLD,54.49,54.49,yahoo
2006-02-15,GLD,53.76,53.76,yahoo
2006-02-16,GLD,54.52,54.52,yahoo
2006-02-17,GLD,54.96,54.96,yahoo
2006-02-21,GLD,55.12,55.12,yahoo
2006-02-22,GLD,55.34,55.34,yahoo
2006-02-23,GLD,54.64,54.64,yahoo
2006-02-24,GLD,55.64,55.64,yahoo
2006-02-27,GLD,55.22,55.22,yahoo
2006-02-28,GLD,56.07,56.07,yahoo
2006-03-01,GLD,56.10,56.10,yahoo
2006-03-02,GLD,56.74,56.74,yahoo
2006-03-03,GLD,56.28,56.28,yahoo
2006-03-06,GLD,55.23,55.23,yahoo
2006-03-07,GLD,54.95,54.95,yahoo
2006-03-08,GLD,53.97,53.97,yahoo
2006-03-09,GLD,54.24,54.24,yahoo
2006-03-10,GLD,53.83,53.83,yahoo
2006-03-13,GLD,54.31,54.31,yahoo
2006-03-14,GLD,54.87,54.87,yahoo
2006-03-15,GLD,55.12,55.12,yahoo
2006-03-16,GLD,55.34,55.34,yahoo
2006-03-17,GLD,55.12,55.12,yahoo
2006-03-20,GLD,55.17,55.17,yahoo
2006-03-21,GLD,54.83,54.83,yahoo
2006-03-22,GLD,54.75,54.75,yahoo
2006-03-23,GLD,54.70,54.70,yahoo
2006-03-24,GLD,55.71,55.71,yahoo
2006-03-27,GLD,56.39,56.39,yahoo
2006-03-28,GLD,56.06,56.06,yahoo
2006-03-29,GLD,57.07,57.07,yahoo
2006-03-30,GLD,58.60,58.60,yahoo
2006-03-31,GLD,58.10,58.10,yahoo
2006-04-03,GLD,58.47,58.47,yahoo
2006-04-04,GLD,58.33,58.33,yahoo
2006-04-05,GLD,58.66,58.66,yahoo
2006-04-06,GLD,59.28,59.28,yahoo
2006-04-07,GLD,58.59,58.59,yahoo
2006-04-10,GLD,59.60,59.60,yahoo
2006-04-11,GLD,59.01,59.01,yahoo
2006-04-12,GLD,59.43,59.43,yahoo
2006-04-13,GLD,59.50,59.50,yahoo
2006-04-17,GLD,61.09,61.09,yahoo
2006-04-18,GLD,61.85,61.85,yahoo
2006-04-19,GLD,63.75,63.75,yahoo
2006-04-20,GLD,60.96,60.96,yahoo
2006-04-21,GLD,63.20,63.20,yahoo
2006-04-24,GLD,61.65,61.65,yahoo
2006-04-25,GLD,62.78,62.78,yahoo
2006-04-26,GLD,63.65,63.65,yahoo
2006-04-27,GLD,62.96,62.96,yahoo
2006-04-28,GLD,65.09,65.09,yahoo
2006-05-01,GLD,65.16,65.16,yahoo
2006-05-02,GLD,66.55,66.55,yahoo
2006-05-03,GLD,66.46,66.46,yahoo
2006-05-04,GLD,67.48,67.48,yahoo
2006-05-05,GLD,67.99,67.99,yahoo
2006-05-08,GLD,67.56,67.56,yahoo
2006-05-09,GLD,69.68,69.68,yahoo
2006-05-10,GLD,70.38,70.38,yahoo
2006-05-11,GLD,71.03,71.03,yahoo
2006-05-12,GLD,71.12,71.12,yahoo
2006-05-15,GLD,67.41,67.41,yahoo
2006-05-16,GLD,68.61,68.61,yahoo
2006-05-17,GLD,68.15,68.15,yahoo
2006-05-18,GLD,67.46,67.46,yahoo
2006-05-19,GLD,65.58,65.58,yahoo
2006-05-22,GLD,65.30,65.30,yahoo
2006-05-23,GLD,66.38,66.38,yahoo
2006-05-24,GLD,64.06,64.06,yahoo
2006-05-25,GLD,64.70,64.70,yahoo
2006-05-26,GLD,65.10,65.10,yahoo
2006-05-30,GLD,65.11,65.11,yahoo
2006-05-31,GLD,64.23,64.23,yahoo
2006-06-01,GLD,62.56,62.56,yahoo
2006-06-02,GLD,63.50,63.50,yahoo
2006-06-05,GLD,63.29,63.29,yahoo
2006-06-06,GLD,62.55,62.55,yahoo
2006-06-07,GLD,62.28,62.28,yahoo
2006-06-08,GLD,60.91,60.91,yahoo
2006-06-09,GLD,60.45,60.45,yahoo
2006-06-12,GLD,60.03,60.03,yahoo
2006-06-13,GLD,55.92,55.92,yahoo
2006-06-14,GLD,55.62,55.62,yahoo
2006-06-15,GLD,57.32,57.32,yahoo
2006-06-16,GLD,57.68,57.68,yahoo
2006-06-19,GLD,56.36,56.36,yahoo
2006-06-20,GLD,57.30,57.30,yahoo
2006-06-21,GLD,58.33,58.33,yahoo
2006-06-22,GLD,57.73,57.73,yahoo
2006-06-23,GLD,57.99,57.99,yahoo
2006-06-26,GLD,58.28,58.28,yahoo
2006-06-27,GLD,57.68,57.68,yahoo
2006-06-28,GLD,57.54,57.54,yahoo
2006-06-29,GLD,59.52,59.52,yahoo
2006-06-30,GLD,61.23,61.23,yahoo
2006-07-03,GLD,62.18,62.18,yahoo
2006-07-05,GLD,62.50,62.50,yahoo
2006-07-06,GLD,63.02,63.02,yahoo
2006-07-07,GLD,62.63,62.63,yahoo
2006-07-10,GLD,62.02,62.02,yahoo
2006-07-11,GLD,63.81,63.81,yahoo
2006-07-12,GLD,64.92,64.92,yahoo
2006-07-13,GLD,65.55,65.55,yahoo
2006-07-14,GLD,65.85,65.85,yahoo
2006-07-17,GLD,63.95,63.95,yahoo
2006-07-18,GLD,62.90,62.90,yahoo
2006-07-19,GLD,64.03,64.03,yahoo
2006-07-20,GLD,62.54,62.54,yahoo
2006-07-21,GLD,61.71,61.71,yahoo
2006-07-24,GLD,61.14,61.14,yahoo
2006-07-25,GLD,61.55,61.55,yahoo
2006-07-26,GLD,62,62,yahoo
2006-07-27,GLD,62.90,62.90,yahoo
2006-07-28,GLD,63.11,63.11,yahoo
2006-07-31,GLD,63.16,63.16,yahoo
2006-08-01,GLD,64.32,64.32,yahoo
2006-08-02,GLD,64.75,64.75,yahoo
2006-08-03,GLD,64.12,64.12,yahoo
2006-08-04,GLD,64.28,64.28,yahoo
2006-08-07,GLD,64.50,64.50,yahoo
2006-08-08,GLD,63.97,63.97,yahoo
2006-08-09,GLD,64.63,64.63,yahoo
2006-08-10,GLD,63.25,63.25,yahoo
2006-08-11,GLD,62.71,62.71,yahoo
2006-08-14,GLD,62.25,62.25,yahoo
2006-08-15,GLD,62.01,62.01,yahoo
2006-08-16,GLD,62.49,62.49,yahoo
2006-08-17,GLD,61.03,61.03,yahoo
2006-08-18,GLD,61.04,61.04,yahoo
2006-08-21,GLD,62.44,62.44,yahoo
2006-08-22,GLD,62.05,62.05,yahoo
2006-08-23,GLD,61.83,61.83,yahoo
2006-08-24,GLD,61.75,61.75,yahoo
2006-08-25,GLD,61.77,61.77,yahoo
2006-08-28,GLD,61,61,yahoo
2006-08-29,GLD,60.94,60.94,yahoo
2006-08-30,GLD,61.42,61.42,yahoo
2006-08-31,GLD,62.29,62.29,yahoo
2006-09-01,GLD,62.14,62.14,yahoo
2006-09-05,GLD,63.36,63.36,yahoo
2006-09-06,GLD,62.86,62.86,yahoo
2006-09-07,GLD,61.25,61.25,yahoo
2006-09-08,GLD,60.64,60.64,yahoo
2006-09-11,GLD,58.50,58.50,yahoo
2006-09-12,GLD,58.32,58.32,yahoo
2006-09-13,GLD,58.62,58.62,yahoo
2006-09-14,GLD,57.19,57.19,yahoo
2006-09-15,GLD,57.40,57.40,yahoo
2006-09-18,GLD,58.23,58.23,yahoo
2006-09-19,GLD,56.92,56.92,yahoo
2006-09-20,GLD,57.26,57.26,yahoo
2006-09-21,GLD,57.95,57.95,yahoo
2006-09-22,GLD,58.50,58.50,yahoo
2006-09-25,GLD,58.50,58.50,yahoo
2006-09-26,GLD,58.74,58.74,yahoo
2006-09-27,GLD,59.81,59.81,yahoo
2006-09-28,GLD,59.79,59.79,yahoo
2006-09-29,GLD,59.47,59.47,yahoo
2006-10-02,GLD,59.15,59.15,yahoo
2006-10-03,GLD,57.11,57.11,yahoo
2006-10-04,GLD,56.37,56.37,yahoo
2006-10-05,GLD,56.92,56.92,yahoo
2006-10-06,GLD,56.99,56.99,yahoo
2006-10-09,GLD,57.20,57.20,yahoo
2006-10-10,GLD,57,57,yahoo
2006-10-11,GLD,56.88,56.88,yahoo
2006-10-12,GLD,57.49,57.49,yahoo
2006-10-13,GLD,58.57,58.57,yahoo
2006-10-16,GLD,59.17,59.17,yahoo
2006-10-17,GLD,58.65,58.65,yahoo
2006-10-18,GLD,58.59,58.59,yahoo
2006-10-19,GLD,59.41,59.41,yahoo
2006-10-20,GLD,58.78,58.78,yahoo
2006-10-23,GLD,57.76,57.76,yahoo
2006-10-24,GLD,58.17,58.17,yahoo
2006-10-25,GLD,58.76,58.76,yahoo
2006-10-26,GLD,59.29,59.29,yahoo
2006-10-27,GLD,59.40,59.40,yahoo
2006-10-30,GLD,59.90,59.90,yahoo
2006-10-31,GLD,60.24,60.24,yahoo
2006-11-01,GLD,61.36,61.36,yahoo
2006-11-02,GLD,61.92,61.92,yahoo
2006-11-03,GLD,62.30,62.30,yahoo
2006-11-06,GLD,61.89,61.89,yahoo
2006-11-07,GLD,62.04,62.04,yahoo
2006-11-08,GLD,61.11,61.11,yahoo
2006-11-09,GLD,62.95,62.95,yahoo
2006-11-10,GLD,62.49,62.49,yahoo
2006-11-13,GLD,62.19,62.19,yahoo
2006-11-14,GLD,61.63,61.63,yahoo
2006-11-15,GLD,61.84,61.84,yahoo
2006-11-16,GLD,61.31,61.31,yahoo
2006-11-17,GLD,61.78,61.78,yahoo
2006-11-20,GLD,61.77,61.77,yahoo
2006-11-21,GLD,62.27,62.27,yahoo
2006-11-22,GLD,62.50,62.50,yahoo
2006-11-24,GLD,63.50,63.50,yahoo
2006-11-27,GLD,63.70,63.70,yahoo
2006-11-28,GLD,63.57,63.57,yahoo
2006-11-29,GLD,63.16,63.16,yahoo
2006-11-30,GLD,64.39,64.39,yahoo
2006-12-01,GLD,64.12,64.12,yahoo
2006-12-04,GLD,64.12,64.12,yahoo
2006-12-05,GLD,63.81,63.81,yahoo
2006-12-06,GLD,62.69,62.69,yahoo
2006-12-07,GLD,62.73,62.73,yahoo
2006-12-08,GLD,62.05,62.05,yahoo
2006-12-11,GLD,62.57,62.57,yahoo
2006-12-12,GLD,62.52,62.52,yahoo
2006-12-13,GLD,62.48,62.48,yahoo
2006-12-14,GLD,62.12,62.12,yahoo
2006-12-15,GLD,61,61,yahoo
2006-12-18,GLD,61.04,61.04,yahoo
2006-12-19,GLD,61.80,61.80,yahoo
2006-12-20,GLD,61.62,61.62,yahoo
2006-12-21,GLD,61.38,61.38,yahoo
2006-12-22,GLD,61.65,61.65,yahoo
2006-12-26,GLD,61.98,61.98,yahoo
2006-12-27,GLD,62.22,62.22,yahoo
2006-12-28,GLD,62.90,62.90,yahoo
2006-12-29,GLD,63.21,63.21,yahoo
2007-01-03,GLD,62.28,62.28,yahoo
2007-01-04,GLD,61.65,61.65,yahoo
2007-01-05,GLD,60.17,60.17,yahoo
2007-01-08,GLD,60.48,60.48,yahoo
2007-01-09,GLD,60.85,60.85,yahoo
2007-01-10,GLD,60.59,60.59,yahoo
2007-01-11,GLD,60.63,60.63,yahoo
2007-01-12,GLD,62.17,62.17,yahoo
2007-01-16,GLD,61.97,61.97,yahoo
2007-01-17,GLD,62.64,62.64,yahoo
2007-01-18,GLD,62.26,62.26,yahoo
2007-01-19,GLD,63,63,yahoo
2007-01-22,GLD,62.72,62.72,yahoo
2007-01-23,GLD,64.23,64.23,yahoo
2007-01-24,GLD,64.33,64.33,yahoo
2007-01-25,GLD,64.06,64.06,yahoo
2007-01-26,GLD,64.17,64.17,yahoo
2007-01-29,GLD,63.77,63.77,yahoo
2007-01-30,GLD,64.22,64.22,yahoo
2007-01-31,GLD,64.83,64.83,yahoo
2007-02-01,GLD,65.22,65.22,yahoo
2007-02-02,GLD,64.28,64.28,yahoo
2007-02-05,GLD,64.31,64.31,yahoo
2007-02-06,GLD,64.79,64.79,yahoo
2007-02-07,GLD,64.63,64.63,yahoo
2007-02-08,GLD,65.52,65.52,yahoo
2007-02-09,GLD,66.12,66.12,yahoo
2007-02-12,GLD,65.67,65.67,yahoo
2007-02-13,GLD,65.84,65.84,yahoo
2007-02-14,GLD,66.37,66.37,yahoo
2007-02-15,GLD,66.41,66.41,yahoo
2007-02-16,GLD,66.36,66.36,yahoo
2007-02-20,GLD,65.31,65.31,yahoo
2007-02-21,GLD,67.35,67.35,yahoo
2007-02-22,GLD,67.15,67.15,yahoo
2007-02-23,GLD,67.72,67.72,yahoo
2007-02-26,GLD,68.10,68.10,yahoo
2007-02-27,GLD,65.41,65.41,yahoo
2007-02-28,GLD,66.48,66.48,yahoo
2007-03-01,GLD,65.82,65.82,yahoo
2007-03-02,GLD,63.71,63.71,yahoo
2007-03-05,GLD,62.93,62.93,yahoo
2007-03-06,GLD,64.15,64.15,yahoo
2007-03-07,GLD,64.30,64.30,yahoo
2007-03-08,GLD,64.48,64.48,yahoo
2007-03-09,GLD,64.25,64.25,yahoo
2007-03-12,GLD,64.37,64.37,yahoo
2007-03-13,GLD,63.72,63.72,yahoo
2007-03-14,GLD,63.94,63.94,yahoo
2007-03-15,GLD,63.98,63.98,yahoo
2007-03-16,GLD,64.62,64.62,yahoo
2007-03-19,GLD,64.74,64.74,yahoo
2007-03-20,GLD,65.27,65.27,yahoo
2007-03-21,GLD,65.82,65.82,yahoo
2007-03-22,GLD,65.76,65.76,yahoo
2007-03-23,GLD,65.15,65.15,yahoo
2007-03-26,GLD,65.84,65.84,yahoo
2007-03-27,GLD,65.70,65.70,yahoo
2007-03-28,GLD,66.05,66.05,yahoo
2007-03-29,GLD,65.65,65.65,yahoo
2007-03-30,GLD,65.74,65.74,yahoo
2007-04-02,GLD,65.85,65.85,yahoo
2007-04-03,GLD,65.83,65.83,yahoo
2007-04-04,GLD,66.81,66.81,yahoo
2007-04-05,GLD,66.86,66.86,yahoo
2007-04-09,GLD,66.53,66.53,yahoo
2007-04-10,GLD,67.16,67.16,yahoo
2007-04-11,GLD,67.08,67.08,yahoo
2007-04-12,GLD,66.99,66.99,yahoo
2007-04-13,GLD,67.84,67.84,yahoo
2007-04-16,GLD,68.40,68.40,yahoo
2007-04-17,GLD,68,68,yahoo
2007-04-18,GLD,68.38,68.38,yahoo
2007-04-19,GLD,67.53,67.53,yahoo
2007-04-20,GLD,68.70,68.70,yahoo
2007-04-23,GLD,68.26,68.26,yahoo
2007-04-24,GLD,67.73,67.73,yahoo
2007-04-25,GLD,67.89,67.89,yahoo
2007-04-26,GLD,66.87,66.87,yahoo
2007-04-27,GLD,67.56,67.56,yahoo
2007-04-30,GLD,67.09,67.09,yahoo
2007-05-01,GLD,66.69,66.69,yahoo
2007-05-02,GLD,66.66,66.66,yahoo
2007-05-03,GLD,67.49,67.49,yahoo
2007-05-04,GLD,68.19,68.19,yahoo
2007-05-07,GLD,68.25,68.25,yahoo
2007-05-08,GLD,67.88,67.88,yahoo
2007-05-09,GLD,67.45,67.45,yahoo
2007-05-10,GLD,66,66,yahoo
2007-05-11,GLD,66.45,66.45,yahoo
2007-05-14,GLD,66.28,66.28,yahoo
2007-05-15,GLD,66.54,66.54,yahoo
2007-05-16,GLD,65.60,65.60,yahoo
2007-05-17,GLD,65.06,65.06,yahoo
2007-05-18,GLD,65.52,65.52,yahoo
2007-05-21,GLD,65.67,65.67,yahoo
2007-05-22,GLD,65.20,65.20,yahoo
2007-05-23,GLD,65.54,65.54,yahoo
2007-05-24,GLD,64.75,64.75,yahoo
2007-05-25,GLD,64.94,64.94,yahoo
2007-05-29,GLD,65.07,65.07,yahoo
2007-05-30,GLD,64.72,64.72,yahoo
2007-05-31,GLD,65.54,65.54,yahoo
2007-06-01,GLD,66.44,66.44,yahoo
2007-06-04,GLD,66.54,66.54,yahoo
2007-06-05,GLD,66.37,66.37,yahoo
2007-06-06,GLD,66.41,66.41,yahoo
2007-06-07,GLD,65.26,65.26,yahoo
2007-06-08,GLD,64.22,64.22,yahoo
2007-06-11,GLD,64.70,64.70,yahoo
2007-06-12,GLD,64.10,64.10,yahoo
2007-06-13,GLD,64.53,64.53,yahoo
2007-06-14,GLD,64.60,64.60,yahoo
2007-06-15,GLD,64.85,64.85,yahoo
2007-06-18,GLD,64.95,64.95,yahoo
2007-06-19,GLD,65.48,65.48,yahoo
2007-06-20,GLD,64.71,64.71,yahoo
2007-06-21,GLD,64.56,64.56,yahoo
2007-06-22,GLD,64.78,64.78,yahoo
2007-06-25,GLD,64.43,64.43,yahoo
2007-06-26,GLD,63.62,63.62,yahoo
2007-06-27,GLD,63.67,63.67,yahoo
2007-06-28,GLD,64.26,64.26,yahoo
2007-06-29,GLD,64.27,64.27,yahoo
2007-07-02,GLD,65.02,65.02,yahoo
2007-07-03,GLD,64.74,64.74,yahoo
2007-07-05,GLD,64.42,64.42,yahoo
2007-07-06,GLD,64.96,64.96,yahoo
2007-07-09,GLD,65.38,65.38,yahoo
2007-07-10,GLD,65.61,65.61,yahoo
2007-07-11,GLD,65.44,65.44,yahoo
2007-07-12,GLD,66.02,66.02,yahoo
2007-07-13,GLD,66.03,66.03,yahoo
2007-07-16,GLD,65.82,65.82,yahoo
2007-07-17,GLD,65.75,65.75,yahoo
2007-07-18,GLD,66.62,66.62,yahoo
2007-07-19,GLD,67.01,67.01,yahoo
2007-07-20,GLD,67.58,67.58,yahoo
2007-07-23,GLD,67.47,67.47,yahoo
2007-07-24,GLD,67.47,67.47,yahoo
2007-07-25,GLD,66.90,66.90,yahoo
2007-07-26,GLD,65.65,65.65,yahoo
2007-07-27,GLD,65.41,65.41,yahoo
2007-07-30,GLD,65.77,65.77,yahoo
2007-07-31,GLD,65.79,65.79,yahoo
2007-08-01,GLD,65.93,65.93,yahoo
2007-08-02,GLD,65.89,65.89,yahoo
2007-08-03,GLD,66.69,66.69,yahoo
2007-08-06,GLD,66.52,66.52,yahoo
2007-08-07,GLD,66.48,66.48,yahoo
2007-08-08,GLD,66.77,66.77,yahoo
2007-08-09,GLD,65.46,65.46,yahoo
2007-08-10,GLD,66.57,66.57,yahoo
2007-08-13,GLD,66.26,66.26,yahoo
2007-08-14,GLD,66.29,66.29,yahoo
2007-08-15,GLD,66.13,66.13,yahoo
2007-08-16,GLD,64.68,64.68,yahoo
2007-08-17,GLD,65.01,65.01,yahoo
2007-08-20,GLD,65.12,65.12,yahoo
2007-08-21,GLD,65.07,65.07,yahoo
2007-08-22,GLD,65.40,65.40,yahoo
2007-08-23,GLD,65.31,65.31,yahoo
2007-08-24,GLD,66.11,66.11,yahoo
2007-08-27,GLD,65.98,65.98,yahoo
2007-08-28,GLD,65.59,65.59,yahoo
2007-08-29,GLD,66.07,66.07,yahoo
2007-08-30,GLD,65.80,65.80,yahoo
2007-08-31,GLD,66.52,66.52,yahoo
2007-09-04,GLD,67.44,67.44,yahoo
2007-09-05,GLD,67.56,67.56,yahoo
2007-09-06,GLD,68.86,68.86,yahoo
2007-09-07,GLD,69.39,69.39,yahoo
2007-09-10,GLD,69.62,69.62,yahoo
2007-09-11,GLD,70.52,70.52,yahoo
2007-09-12,GLD,70.46,70.46,yahoo
2007-09-13,GLD,70.08,70.08,yahoo
2007-09-14,GLD,69.99,69.99,yahoo
2007-09-17,GLD,70.97,70.97,yahoo
2007-09-18,GLD,71.70,71.70,yahoo
2007-09-19,GLD,71.43,71.43,yahoo
2007-09-20,GLD,72.72,72.72,yahoo
2007-09-21,GLD,72.34,72.34,yahoo
2007-09-24,GLD,72.28,72.28,yahoo
2007-09-25,GLD,72.33,72.33,yahoo
2007-09-26,GLD,72,72,yahoo
2007-09-27,GLD,72.70,72.70,yahoo
2007-09-28,GLD,73.51,73.51,yahoo
2007-10-01,GLD,73.90,73.90,yahoo
2007-10-02,GLD,72.35,72.35,yahoo
2007-10-03,GLD,71.90,71.90,yahoo
2007-10-04,GLD,72.87,72.87,yahoo
2007-10-05,GLD,73.40,73.40,yahoo
2007-10-08,GLD,72.53,72.53,yahoo
2007-10-09,GLD,73.09,73.09,yahoo
2007-10-10,GLD,73.36,73.36,yahoo
2007-10-11,GLD,73.91,73.91,yahoo
2007-10-12,GLD,74.59,74.59,yahoo
2007-10-15,GLD,75.14,75.14,yahoo
2007-10-16,GLD,75.12,75.12,yahoo
2007-10-17,GLD,74.50,74.50,yahoo
2007-10-18,GLD,76,76,yahoo
2007-10-19,GLD,75.70,75.70,yahoo
2007-10-22,GLD,74.60,74.60,yahoo
2007-10-23,GLD,75.23,75.23,yahoo
2007-10-24,GLD,75.52,75.52,yahoo
2007-10-25,GLD,76.03,76.03,yahoo
2007-10-26,GLD,77.69,77.69,yahoo
2007-10-29,GLD,78.12,78.12,yahoo
2007-10-30,GLD,77.35,77.35,yahoo
2007-10-31,GLD,78.62,78.62,yahoo
2007-11-01,GLD,77.93,77.93,yahoo
2007-11-02,GLD,79.83,79.83,yahoo
2007-11-05,GLD,79.75,79.75,yahoo
2007-11-06,GLD,81.43,81.43,yahoo
2007-11-07,GLD,82.24,82.24,yahoo
2007-11-08,GLD,82.23,82.23,yahoo
2007-11-09,GLD,82.18,82.18,yahoo
2007-11-12,GLD,78.30,78.30,yahoo
2007-11-13,GLD,79.12,79.12,yahoo
2007-11-14,GLD,80.28,80.28,yahoo
2007-11-15,GLD,77.95,77.95,yahoo
2007-11-16,GLD,77.75,77.75,yahoo
2007-11-19,GLD,77.24,77.24,yahoo
2007-11-20,GLD,79.47,79.47,yahoo
2007-11-21,GLD,79.36,79.36,yahoo
2007-11-23,GLD,81.25,81.25,yahoo
2007-11-26,GLD,81.30,81.30,yahoo
2007-11-27,GLD,80.10,80.10,yahoo
2007-11-28,GLD,79.57,79.57,yahoo
2007-11-29,GLD,78.28,78.28,yahoo
2007-11-30,GLD,77.32,77.32,yahoo
2007-12-03,GLD,78.28,78.28,yahoo
2007-12-04,GLD,79.40,79.40,yahoo
2007-12-05,GLD,78.63,78.63,yahoo
2007-12-06,GLD,79.37,79.37,yahoo
2007-12-07,GLD,78.60,78.60,yahoo
2007-12-10,GLD,80,80,yahoo
2007-12-11,GLD,78.84,78.84,yahoo
2007-12-12,GLD,80.49,80.49,yahoo
2007-12-13,GLD,78.50,78.50,yahoo
2007-12-14,GLD,78.52,78.52,yahoo
2007-12-17,GLD,78.13,78.13,yahoo
2007-12-18,GLD,79.25,79.25,yahoo
2007-12-19,GLD,79.24,79.24,yahoo
2007-12-20,GLD,78.67,78.67,yahoo
2007-12-21,GLD,80.10,80.10,yahoo
2007-12-24,GLD,80.14,80.14,yahoo
2007-12-26,GLD,81.52,81.52,yahoo
2007-12-27,GLD,81.56,81.56,yahoo
2007-12-28,GLD,83,83,yahoo
2007-12-31,GLD,82.46,82.46,yahoo
2008-01-02,GLD,84.86,84.86,yahoo
2008-01-03,GLD,85.57,85.57,yahoo
2008-01-04,GLD,85.13,85.13,yahoo
2008-01-07,GLD,84.77,84.77,yahoo
2008-01-08,GLD,86.78,86.78,yahoo
2008-01-09,GLD,86.55,86.55,yahoo
2008-01-10,GLD,88.25,88.25,yahoo
2008-01-11,GLD,88.58,88.58,yahoo
2008-01-14,GLD,89.54,89.54,yahoo
2008-01-15,GLD,87.99,87.99,yahoo
2008-01-16,GLD,86.70,86.70,yahoo
2008-01-17,GLD,86.50,86.50,yahoo
2008-01-18,GLD,87.42,87.42,yahoo
2008-01-22,GLD,88.17,88.17,yahoo
2008-01-23,GLD,87.89,87.89,yahoo
2008-01-24,GLD,90.08,90.08,yahoo
2008-01-25,GLD,90.30,90.30,yahoo
2008-01-28,GLD,91.75,91.75,yahoo
2008-01-29,GLD,91.15,91.15,yahoo
2008-01-30,GLD,92.06,92.06,yahoo
2008-01-31,GLD,91.40,91.40,yahoo
2008-02-01,GLD,89.35,89.35,yahoo
2008-02-04,GLD,89.10,89.10,yahoo
2008-02-05,GLD,87.68,87.68,yahoo
2008-02-06,GLD,88.95,88.95,yahoo
2008-02-07,GLD,89.85,89.85,yahoo
2008-02-08,GLD,91,91,yahoo
2008-02-11,GLD,91.33,91.33,yahoo
2008-02-12,GLD,89.33,89.33,yahoo
2008-02-13,GLD,89.44,89.44,yahoo
2008-02-14,GLD,89.71,89.71,yahoo
2008-02-15,GLD,89.15,89.15,yahoo
2008-02-19,GLD,91.58,91.58,yahoo
2008-02-20,GLD,93.24,93.24,yahoo
2008-02-21,GLD,93.25,93.25,yahoo
2008-02-22,GLD,93.39,93.39,yahoo
2008-02-25,GLD,92.74,92.74,yahoo
2008-02-26,GLD,93.71,93.71,yahoo
2008-02-27,GLD,94.78,94.78,yahoo
2008-02-28,GLD,95.99,95.99,yahoo
2008-02-29,GLD,96.18,96.18,yahoo
2008-03-03,GLD,97.24,97.24,yahoo
2008-03-04,GLD,95.18,95.18,yahoo
2008-03-05,GLD,97.72,97.72,yahoo
2008-03-06,GLD,96.50,96.50,yahoo
2008-03-07,GLD,96.09,96.09,yahoo
2008-03-10,GLD,95.87,95.87,yahoo
2008-03-11,GLD,95.99,95.99,yahoo
2008-03-12,GLD,97.01,97.01,yahoo
2008-03-13,GLD,98.34,98.34,yahoo
2008-03-14,GLD,98.71,98.71,yahoo
2008-03-17,GLD,99.17,99.17,yahoo
2008-03-18,GLD,96.50,96.50,yahoo
2008-03-19,GLD,93.04,93.04,yahoo
2008-03-20,GLD,89.91,89.91,yahoo
2008-03-24,GLD,90.10,90.10,yahoo
2008-03-25,GLD,92.73,92.73,yahoo
2008-03-26,GLD,93.80,93.80,yahoo
2008-03-27,GLD,93.46,93.46,yahoo
2008-03-28,GLD,91.88,91.88,yahoo
2008-03-31,GLD,90.41,90.41,yahoo
2008-04-01,GLD,86.86,86.86,yahoo
2008-04-02,GLD,89.27,89.27,yahoo
2008-04-03,GLD,89.42,89.42,yahoo
2008-04-04,GLD,90.25,90.25,yahoo
2008-04-07,GLD,91.17,91.17,yahoo
2008-04-08,GLD,90.35,90.35,yahoo
2008-04-09,GLD,92.29,92.29,yahoo
2008-04-10,GLD,91.77,91.77,yahoo
2008-04-11,GLD,91.30,91.30,yahoo
2008-04-14,GLD,91.11,91.11,yahoo
2008-04-15,GLD,91.66,91.66,yahoo
2008-04-16,GLD,93.27,93.27,yahoo
2008-04-17,GLD,92.56,92.56,yahoo
2008-04-18,GLD,90.62,90.62,yahoo
2008-04-21,GLD,90.25,90.25,yahoo
2008-04-22,GLD,90.27,90.27,yahoo
2008-04-23,GLD,89.22,89.22,yahoo
2008-04-24,GLD,87.22,87.22,yahoo
2008-04-25,GLD,87.27,87.27,yahoo
2008-04-28,GLD,87.69,87.69,yahoo
2008-04-29,GLD,85.81,85.81,yahoo
2008-04-30,GLD,86.65,86.65,yahoo
2008-05-01,GLD,83.99,83.99,yahoo
2008-05-02,GLD,84.58,84.58,yahoo
2008-05-05,GLD,86.27,86.27,yahoo
2008-05-06,GLD,86.63,86.63,yahoo
2008-05-07,GLD,85.82,85.82,yahoo
2008-05-08,GLD,87.24,87.24,yahoo
2008-05-09,GLD,87.42,87.42,yahoo
2008-05-12,GLD,86.99,86.99,yahoo
2008-05-13,GLD,85.39,85.39,yahoo
2008-05-14,GLD,85.20,85.20,yahoo
2008-05-15,GLD,87,87,yahoo
2008-05-16,GLD,89.10,89.10,yahoo
2008-05-19,GLD,89.39,89.39,yahoo
2008-05-20,GLD,90.90,90.90,yahoo
2008-05-21,GLD,91.96,91.96,yahoo
2008-05-22,GLD,90.98,90.98,yahoo
2008-05-23,GLD,91.23,91.23,yahoo
2008-05-27,GLD,89.36,89.36,yahoo
2008-05-28,GLD,89.14,89.14,yahoo
2008-05-29,GLD,86.51,86.51,yahoo
2008-05-30,GLD,87.45,87.45,yahoo
2008-06-02,GLD,87.96,87.96,yahoo
2008-06-03,GLD,86.88,86.88,yahoo
2008-06-04,GLD,86.65,86.65,yahoo
2008-06-05,GLD,86.45,86.45,yahoo
2008-06-06,GLD,89.06,89.06,yahoo
2008-06-09,GLD,87.99,87.99,yahoo
2008-06-10,GLD,85.55,85.55,yahoo
2008-06-11,GLD,87.02,87.02,yahoo
2008-06-12,GLD,85.60,85.60,yahoo
2008-06-13,GLD,85.83,85.83,yahoo
2008-06-16,GLD,87.01,87.01,yahoo
2008-06-17,GLD,87.25,87.25,yahoo
2008-06-18,GLD,88.28,88.28,yahoo
2008-06-19,GLD,88.42,88.42,yahoo
2008-06-20,GLD,88.95,88.95,yahoo
2008-06-23,GLD,87.09,87.09,yahoo
2008-06-24,GLD,87.47,87.47,yahoo
2008-06-25,GLD,87.42,87.42,yahoo
2008-06-26,GLD,90.61,90.61,yahoo
2008-06-27,GLD,91.47,91.47,yahoo
2008-06-30,GLD,91.40,91.40,yahoo
2008-07-01,GLD,92.66,92.66,yahoo
2008-07-02,GLD,93.17,93.17,yahoo
2008-07-03,GLD,92.06,92.06,yahoo
2008-07-07,GLD,91.23,91.23,yahoo
2008-07-08,GLD,90.86,90.86,yahoo
2008-07-09,GLD,91.50,91.50,yahoo
2008-07-10,GLD,93.53,93.53,yahoo
2008-07-11,GLD,95.16,95.16,yahoo
2008-07-14,GLD,95.91,95.91,yahoo
2008-07-15,GLD,96.17,96.17,yahoo
2008-07-16,GLD,94.44,94.44,yahoo
2008-07-17,GLD,94.22,94.22,yahoo
2008-07-18,GLD,94.17,94.17,yahoo
2008-07-21,GLD,95.12,95.12,yahoo
2008-07-22,GLD,93.06,93.06,yahoo
2008-07-23,GLD,90.57,90.57,yahoo
2008-07-24,GLD,91.33,91.33,yahoo
2008-07-25,GLD,91.69,91.69,yahoo
2008-07-28,GLD,91.73,91.73,yahoo
2008-07-29,GLD,90.59,90.59,yahoo
2008-07-30,GLD,89.52,89.52,yahoo
2008-07-31,GLD,90.08,90.08,yahoo
2008-08-01,GLD,89.57,89.57,yahoo
2008-08-04,GLD,88.14,88.14,yahoo
2008-08-05,GLD,86.08,86.08,yahoo
2008-08-06,GLD,86.64,86.64,yahoo
2008-08-07,GLD,86.09,86.09,yahoo
2008-08-08,GLD,84.43,84.43,yahoo
2008-08-11,GLD,81.13,81.13,yahoo
2008-08-12,GLD,80.52,80.52,yahoo
2008-08-13,GLD,81.56,81.56,yahoo
2008-08-14,GLD,79.35,79.35,yahoo
2008-08-15,GLD,77.63,77.63,yahoo
2008-08-18,GLD,78.80,78.80,yahoo
2008-08-19,GLD,80.43,80.43,yahoo
2008-08-20,GLD,80.06,80.06,yahoo
2008-08-21,GLD,82.30,82.30,yahoo
2008-08-22,GLD,81.08,81.08,yahoo
2008-08-25,GLD,80.93,80.93,yahoo
2008-08-26,GLD,81.23,81.23,yahoo
2008-08-27,GLD,81.36,81.36,yahoo
2008-08-28,GLD,82.18,82.18,yahoo
2008-08-29,GLD,81.71,81.71,yahoo
2008-09-02,GLD,79.20,79.20,yahoo
2008-09-03,GLD,78.89,78.89,yahoo
2008-09-04,GLD,78.39,78.39,yahoo
2008-09-05,GLD,78.98,78.98,yahoo
2008-09-08,GLD,78.86,78.86,yahoo
2008-09-09,GLD,76.49,76.49,yahoo
2008-09-10,GLD,74.22,74.22,yahoo
2008-09-11,GLD,73.08,73.08,yahoo
2008-09-12,GLD,75.55,75.55,yahoo
2008-09-15,GLD,77.56,77.56,yahoo
2008-09-16,GLD,76.79,76.79,yahoo
2008-09-17,GLD,85.46,85.46,yahoo
2008-09-18,GLD,82.80,82.80,yahoo
2008-09-19,GLD,85.98,85.98,yahoo
2008-09-22,GLD,89.18,89.18,yahoo
2008-09-23,GLD,88.32,88.32,yahoo
2008-09-24,GLD,86.71,86.71,yahoo
2008-09-25,GLD,86.45,86.45,yahoo
2008-09-26,GLD,86.64,86.64,yahoo
2008-09-29,GLD,89.57,89.57,yahoo
2008-09-30,GLD,85.07,85.07,yahoo
2008-10-01,GLD,85.97,85.97,yahoo
2008-10-02,GLD,82.33,82.33,yahoo
2008-10-03,GLD,82.59,82.59,yahoo
2008-10-06,GLD,84.28,84.28,yahoo
2008-10-07,GLD,87.27,87.27,yahoo
2008-10-08,GLD,89.42,89.42,yahoo
2008-10-09,GLD,89.90,89.90,yahoo
2008-10-10,GLD,83.22,83.22,yahoo
2008-10-13,GLD,81.99,81.99,yahoo
2008-10-14,GLD,82.20,82.20,yahoo
2008-10-15,GLD,83.31,83.31,yahoo
2008-10-16,GLD,79.29,79.29,yahoo
2008-10-17,GLD,77.21,77.21,yahoo
2008-10-20,GLD,78.50,78.50,yahoo
2008-10-21,GLD,76.03,76.03,yahoo
2008-10-22,GLD,71.71,71.71,yahoo
2008-10-23,GLD,70.65,70.65,yahoo
2008-10-24,GLD,72.21,72.21,yahoo
2008-10-27,GLD,72.18,72.18,yahoo
2008-10-28,GLD,73.79,73.79,yahoo
2008-10-29,GLD,74,74,yahoo
2008-10-30,GLD,72.71,72.71,yahoo
2008-10-31,GLD,71.34,71.34,yahoo
2008-11-03,GLD,71.10,71.10,yahoo
2008-11-04,GLD,75.48,75.48,yahoo
2008-11-05,GLD,72.80,72.80,yahoo
2008-11-06,GLD,72.22,72.22,yahoo
2008-11-07,GLD,72.50,72.50,yahoo
2008-11-10,GLD,73.58,73.58,yahoo
2008-11-11,GLD,72.05,72.05,yahoo
2008-11-12,GLD,70,70,yahoo
2008-11-13,GLD,72.15,72.15,yahoo
2008-11-14,GLD,73.30,73.30,yahoo
2008-11-17,GLD,72.65,72.65,yahoo
2008-11-18,GLD,72.51,72.51,yahoo
2008-11-19,GLD,72.26,72.26,yahoo
2008-11-20,GLD,73.45,73.45,yahoo
2008-11-21,GLD,78.85,78.85,yahoo
2008-11-24,GLD,80.91,80.91,yahoo
2008-11-25,GLD,80.87,80.87,yahoo
2008-11-26,GLD,80.38,80.38,yahoo
2008-11-28,GLD,80.31,80.31,yahoo
2008-12-01,GLD,75.65,75.65,yahoo
2008-12-02,GLD,76.95,76.95,yahoo
2008-12-03,GLD,76.18,76.18,yahoo
2008-12-04,GLD,75.50,75.50,yahoo
2008-12-05,GLD,74.52,74.52,yahoo
2008-12-08,GLD,76.20,76.20,yahoo
2008-12-09,GLD,76.33,76.33,yahoo
2008-12-10,GLD,79.75,79.75,yahoo
2008-12-11,GLD,80.65,80.65,yahoo
2008-12-12,GLD,80.81,80.81,yahoo
2008-12-15,GLD,82.60,82.60,yahoo
2008-12-16,GLD,84.46,84.46,yahoo
2008-12-17,GLD,85.43,85.43,yahoo
2008-12-18,GLD,83.87,83.87,yahoo
2008-12-19,GLD,82.63,82.63,yahoo
2008-12-22,GLD,83.46,83.46,yahoo
2008-12-23,GLD,82.63,82.63,yahoo
2008-12-24,GLD,83.46,83.46,yahoo
2008-12-26,GLD,85.60,85.60,yahoo
2008-12-29,GLD,86.35,86.35,yahoo
2008-12-30,GLD,85.90,85.90,yahoo
2008-12-31,GLD,86.52,86.52,yahoo
2009-01-02,GLD,86.23,86.23,yahoo
2009-01-05,GLD,84.48,84.48,yahoo
2009-01-06,GLD,85.13,85.13,yahoo
2009-01-07,GLD,82.75,82.75,yahoo
2009-01-08,GLD,84.46,84.46,yahoo
2009-01-09,GLD,83.92,83.92,yahoo
2009-01-12,GLD,80.76,80.76,yahoo
2009-01-13,GLD,80.88,80.88,yahoo
2009-01-14,GLD,79.79,79.79,yahoo
2009-01-15,GLD,80.39,80.39,yahoo
2009-01-16,GLD,82.71,82.71,yahoo
2009-01-20,GLD,84.52,84.52,yahoo
2009-01-21,GLD,84.15,84.15,yahoo
2009-01-22,GLD,84.58,84.58,yahoo
2009-01-23,GLD,88.53,88.53,yahoo
2009-01-26,GLD,88.95,88.95,yahoo
2009-01-27,GLD,88.38,88.38,yahoo
2009-01-28,GLD,87.42,87.42,yahoo
2009-01-29,GLD,89.50,89.50,yahoo
2009-01-30,GLD,91.31,91.31,yahoo
2009-02-02,GLD,88.84,88.84,yahoo
2009-02-03,GLD,88.47,88.47,yahoo
2009-02-04,GLD,89.18,89.18,yahoo
2009-02-05,GLD,90.12,90.12,yahoo
2009-02-06,GLD,89.59,89.59,yahoo
2009-02-09,GLD,88.32,88.32,yahoo
2009-02-10,GLD,90.21,90.21,yahoo
2009-02-11,GLD,92.29,92.29,yahoo
2009-02-12,GLD,93.17,93.17,yahoo
2009-02-13,GLD,92.55,92.55,yahoo
2009-02-17,GLD,95.45,95.45,yahoo
2009-02-18,GLD,96.91,96.91,yahoo
2009-02-19,GLD,95.77,95.77,yahoo
2009-02-20,GLD,97.80,97.80,yahoo
2009-02-23,GLD,97.73,97.73,yahoo
2009-02-24,GLD,94.73,94.73,yahoo
2009-02-25,GLD,93.15,93.15,yahoo
2009-02-26,GLD,93.06,93.06,yahoo
2009-02-27,GLD,92.63,92.63,yahoo
2009-03-02,GLD,90.93,90.93,yahoo
2009-03-03,GLD,90.04,90.04,yahoo
2009-03-04,GLD,88.99,88.99,yahoo
2009-03-05,GLD,91.99,91.99,yahoo
2009-03-06,GLD,92.29,92.29,yahoo
2009-03-09,GLD,90.57,90.57,yahoo
2009-03-10,GLD,88.14,88.14,yahoo
2009-03-11,GLD,89.22,89.22,yahoo
2009-03-12,GLD,91.10,91.10,yahoo
2009-03-13,GLD,91.30,91.30,yahoo
2009-03-16,GLD,90.80,90.80,yahoo
2009-03-17,GLD,90.04,90.04,yahoo
2009-03-18,GLD,93.09,93.09,yahoo
2009-03-19,GLD,94.35,94.35,yahoo
2009-03-20,GLD,93.59,93.59,yahoo
2009-03-23,GLD,92.08,92.08,yahoo
2009-03-24,GLD,90.95,90.95,yahoo
2009-03-25,GLD,91.98,91.98,yahoo
2009-03-26,GLD,91.93,91.93,yahoo
2009-03-27,GLD,90.69,90.69,yahoo
2009-03-30,GLD,89.98,89.98,yahoo
2009-03-31,GLD,90.28,90.28,yahoo
2009-04-01,GLD,91.03,91.03,yahoo
2009-04-02,GLD,88.80,88.80,yahoo
2009-04-03,GLD,87.59,87.59,yahoo
2009-04-06,GLD,85.27,85.27,yahoo
2009-04-07,GLD,86.74,86.74,yahoo
2009-04-08,GLD,86.61,86.61,yahoo
2009-04-09,GLD,86.31,86.31,yahoo
2009-04-13,GLD,87.88,87.88,yahoo
2009-04-14,GLD,87.37,87.37,yahoo
2009-04-15,GLD,87.50,87.50,yahoo
2009-04-16,GLD,85.81,85.81,yahoo
2009-04-17,GLD,85.22,85.22,yahoo
2009-04-20,GLD,86.95,86.95,yahoo
2009-04-21,GLD,86.89,86.89,yahoo
2009-04-22,GLD,87.38,87.38,yahoo
2009-04-23,GLD,88.80,88.80,yahoo
2009-04-24,GLD,89.72,89.72,yahoo
2009-04-27,GLD,89.01,89.01,yahoo
2009-04-28,GLD,87.75,87.75,yahoo
2009-04-29,GLD,88.33,88.33,yahoo
2009-04-30,GLD,87.27,87.27,yahoo
2009-05-01,GLD,86.95,86.95,yahoo
2009-05-04,GLD,88.64,88.64,yahoo
2009-05-05,GLD,88.25,88.25,yahoo
2009-05-06,GLD,89.54,89.54,yahoo
2009-05-07,GLD,89.44,89.44,yahoo
2009-05-08,GLD,89.98,89.98,yahoo
2009-05-11,GLD,89.69,89.69,yahoo
2009-05-12,GLD,90.70,90.70,yahoo
2009-05-13,GLD,91.09,91.09,yahoo
2009-05-14,GLD,91.03,91.03,yahoo
2009-05-15,GLD,91.55,91.55,yahoo
2009-05-18,GLD,90.36,90.36,yahoo
2009-05-19,GLD,90.96,90.96,yahoo
2009-05-20,GLD,92.25,92.25,yahoo
2009-05-21,GLD,93.85,93.85,yahoo
2009-05-22,GLD,94.15,94.15,yahoo
2009-05-26,GLD,93.76,93.76,yahoo
2009-05-27,GLD,93.45,93.45,yahoo
2009-05-28,GLD,94.24,94.24,yahoo
2009-05-29,GLD,96.20,96.20,yahoo
2009-06-01,GLD,95.73,95.73,yahoo
2009-06-02,GLD,96.36,96.36,yahoo
2009-06-03,GLD,94.41,94.41,yahoo
2009-06-04,GLD,96.23,96.23,yahoo
2009-06-05,GLD,93.71,93.71,yahoo
2009-06-08,GLD,93.56,93.56,yahoo
2009-06-09,GLD,93.83,93.83,yahoo
2009-06-10,GLD,93.86,93.86,yahoo
2009-06-11,GLD,93.70,93.70,yahoo
2009-06-12,GLD,92.17,92.17,yahoo
2009-06-15,GLD,91.10,91.10,yahoo
2009-06-16,GLD,91.93,91.93,yahoo
2009-06-17,GLD,92.35,92.35,yahoo
2009-06-18,GLD,91.61,91.61,yahoo
2009-06-19,GLD,91.90,91.90,yahoo
2009-06-22,GLD,90.54,90.54,yahoo
2009-06-23,GLD,90.92,90.92,yahoo
2009-06-24,GLD,91.45,91.45,yahoo
2009-06-25,GLD,92.31,92.31,yahoo
2009-06-26,GLD,92.29,92.29,yahoo
2009-06-29,GLD,92.04,92.04,yahoo
2009-06-30,GLD,91.18,91.18,yahoo
2009-07-01,GLD,92.39,92.39,yahoo
2009-07-02,GLD,91.25,91.25,yahoo
2009-07-06,GLD,90.76,90.76,yahoo
2009-07-07,GLD,90.71,90.71,yahoo
2009-07-08,GLD,89.27,89.27,yahoo
2009-07-09,GLD,89.51,89.51,yahoo
2009-07-10,GLD,89.58,89.58,yahoo
2009-07-13,GLD,90.19,90.19,yahoo
2009-07-14,GLD,90.81,90.81,yahoo
2009-07-15,GLD,92.24,92.24,yahoo
2009-07-16,GLD,91.98,91.98,yahoo
2009-07-17,GLD,91.93,91.93,yahoo
2009-07-20,GLD,93.28,93.28,yahoo
2009-07-21,GLD,93.13,93.13,yahoo
2009-07-22,GLD,93.44,93.44,yahoo
2009-07-23,GLD,93.26,93.26,yahoo
2009-07-24,GLD,93.41,93.41,yahoo
2009-07-27,GLD,93.71,93.71,yahoo
2009-07-28,GLD,92.11,92.11,yahoo
2009-07-29,GLD,91.20,91.20,yahoo
2009-07-30,GLD,91.62,91.62,yahoo
2009-07-31,GLD,93.35,93.35,yahoo
2009-08-03,GLD,93.87,93.87,yahoo
2009-08-04,GLD,94.68,94.68,yahoo
2009-08-05,GLD,94.78,94.78,yahoo
2009-08-06,GLD,94.60,94.60,yahoo
2009-08-07,GLD,93.75,93.75,yahoo
2009-08-10,GLD,92.93,92.93,yahoo
2009-08-11,GLD,92.79,92.79,yahoo
2009-08-12,GLD,92.95,92.95,yahoo
2009-08-13,GLD,93.72,93.72,yahoo
2009-08-14,GLD,93,93,yahoo
2009-08-17,GLD,91.61,91.61,yahoo
2009-08-18,GLD,92.06,92.06,yahoo
2009-08-19,GLD,92.53,92.53,yahoo
2009-08-20,GLD,92.27,92.27,yahoo
2009-08-21,GLD,93.65,93.65,yahoo
2009-08-24,GLD,92.34,92.34,yahoo
2009-08-25,GLD,92.76,92.76,yahoo
2009-08-26,GLD,92.79,92.79,yahoo
2009-08-27,GLD,93.19,93.19,yahoo
2009-08-28,GLD,93.87,93.87,yahoo
2009-08-31,GLD,93.40,93.40,yahoo
2009-09-01,GLD,93.90,93.90,yahoo
2009-09-02,GLD,96.19,96.19,yahoo
2009-09-03,GLD,97.46,97.46,yahoo
2009-09-04,GLD,97.53,97.53,yahoo
2009-09-08,GLD,97.43,97.43,yahoo
2009-09-09,GLD,97.08,97.08,yahoo
2009-09-10,GLD,97.70,97.70,yahoo
2009-09-11,GLD,98.78,98.78,yahoo
2009-09-14,GLD,97.96,97.96,yahoo
2009-09-15,GLD,98.90,98.90,yahoo
2009-09-16,GLD,99.91,99.91,yahoo
2009-09-17,GLD,99.34,99.34,yahoo
2009-09-18,GLD,98.67,98.67,yahoo
2009-09-21,GLD,98.36,98.36,yahoo
2009-09-22,GLD,99.67,99.67,yahoo
2009-09-23,GLD,98.83,98.83,yahoo
2009-09-24,GLD,97.55,97.55,yahoo
2009-09-25,GLD,97,97,yahoo
2009-09-28,GLD,97.05,97.05,yahoo
2009-09-29,GLD,97.43,97.43,yahoo
2009-09-30,GLD,98.85,98.85,yahoo
2009-10-01,GLD,97.89,97.89,yahoo
2009-10-02,GLD,98.37,98.37,yahoo
2009-10-05,GLD,99.82,99.82,yahoo
2009-10-06,GLD,102.28,102.28,yahoo
2009-10-07,GLD,102.36,102.36,yahoo
2009-10-08,GLD,103.64,103.64,yahoo
2009-10-09,GLD,102.84,102.84,yahoo
2009-10-12,GLD,103.56,103.56,yahoo
2009-10-13,GLD,104.26,104.26,yahoo
2009-10-14,GLD,104.18,104.18,yahoo
2009-10-15,GLD,102.86,102.86,yahoo
2009-10-16,GLD,103.18,103.18,yahoo
2009-10-19,GLD,104.23,104.23,yahoo
2009-10-20,GLD,103.42,103.42,yahoo
2009-10-21,GLD,103.75,103.75,yahoo
2009-10-22,GLD,103.92,103.92,yahoo
2009-10-23,GLD,103.49,103.49,yahoo
2009-10-26,GLD,101.86,101.86,yahoo
2009-10-27,GLD,101.85,101.85,yahoo
2009-10-28,GLD,100.73,100.73,yahoo
2009-10-29,GLD,102.69,102.69,yahoo
2009-10-30,GLD,102.53,102.53,yahoo
2009-11-02,GLD,103.95,103.95,yahoo
2009-11-03,GLD,106.46,106.46,yahoo
2009-11-04,GLD,107.10,107.10,yahoo
2009-11-05,GLD,106.98,106.98,yahoo
2009-11-06,GLD,107.43,107.43,yahoo
2009-11-09,GLD,108.19,108.19,yahoo
2009-11-10,GLD,108.39,108.39,yahoo
2009-11-11,GLD,109.60,109.60,yahoo
2009-11-12,GLD,108.21,108.21,yahoo
2009-11-13,GLD,109.74,109.74,yahoo
2009-11-16,GLD,111.63,111.63,yahoo
2009-11-17,GLD,111.97,111.97,yahoo
2009-11-18,GLD,112.25,112.25,yahoo
2009-11-19,GLD,112.30,112.30,yahoo
2009-11-20,GLD,112.94,112.94,yahoo
2009-11-23,GLD,114.29,114.29,yahoo
2009-11-24,GLD,114.73,114.73,yahoo
2009-11-25,GLD,116.62,116.62,yahoo
2009-11-27,GLD,115.06,115.06,yahoo
2009-11-30,GLD,115.64,115.64,yahoo
2009-12-01,GLD,117.38,117.38,yahoo
2009-12-02,GLD,119.18,119.18,yahoo
2009-12-03,GLD,118.70,118.70,yahoo
2009-12-04,GLD,113.75,113.75,yahoo
2009-12-07,GLD,113.11,113.11,yahoo
2009-12-08,GLD,110.95,110.95,yahoo
2009-12-09,GLD,110.84,110.84,yahoo
2009-12-10,GLD,110.82,110.82,yahoo
2009-12-11,GLD,109.32,109.32,yahoo
2009-12-14,GLD,110.24,110.24,yahoo
2009-12-15,GLD,110.21,110.21,yahoo
2009-12-16,GLD,111.59,111.59,yahoo
2009-12-17,GLD,107.34,107.34,yahoo
2009-12-18,GLD,108.95,108.95,yahoo
2009-12-21,GLD,106.95,106.95,yahoo
2009-12-22,GLD,106.17,106.17,yahoo
2009-12-23,GLD,106.55,106.55,yahoo
2009-12-24,GLD,108.36,108.36,yahoo
2009-12-28,GLD,108.55,108.55,yahoo
2009-12-29,GLD,107.47,107.47,yahoo
2009-12-30,GLD,106.93,106.93,yahoo
2009-12-31,GLD,107.31,107.31,yahoo
2010-01-04,GLD,109.80,109.80,yahoo
2010-01-05,GLD,109.70,109.70,yahoo
2010-01-06,GLD,111.51,111.51,yahoo
2010-01-07,GLD,110.82,110.82,yahoo
2010-01-08,GLD,111.37,111.37,yahoo
2010-01-11,GLD,112.85,112.85,yahoo
2010-01-12,GLD,110.49,110.49,yahoo
2010-01-13,GLD,111.54,111.54,yahoo
2010-01-14,GLD,112.03,112.03,yahoo
2010-01-15,GLD,110.86,110.86,yahoo
2010-01-19,GLD,111.52,111.52,yahoo
2010-01-20,GLD,108.94,108.94,yahoo
2010-01-21,GLD,107.37,107.37,yahoo
2010-01-22,GLD,107.17,107.17,yahoo
2010-01-25,GLD,107.48,107.48,yahoo
2010-01-26,GLD,107.56,107.56,yahoo
2010-01-27,GLD,106.53,106.53,yahoo
2010-01-28,GLD,106.48,106.48,yahoo
2010-01-29,GLD,105.96,105.96,yahoo
2010-02-01,GLD,108.35,108.35,yahoo
2010-02-02,GLD,109.13,109.13,yahoo
2010-02-03,GLD,108.70,108.70,yahoo
2010-02-04,GLD,104.37,104.37,yahoo
2010-02-05,GLD,104.68,104.68,yahoo
2010-02-08,GLD,104.04,104.04,yahoo
2010-02-09,GLD,105.41,105.41,yahoo
2010-02-10,GLD,105.12,105.12,yahoo
2010-02-11,GLD,107.13,107.13,yahoo
2010-02-12,GLD,107.04,107.04,yahoo
2010-02-16,GLD,109.62,109.62,yahoo
2010-02-17,GLD,109.25,109.25,yahoo
2010-02-18,GLD,109.98,109.98,yahoo
2010-02-19,GLD,109.47,109.47,yahoo
2010-02-22,GLD,109.07,109.07,yahoo
2010-02-23,GLD,107.89,107.89,yahoo
2010-02-24,GLD,107.36,107.36,yahoo
2010-02-25,GLD,108.31,108.31,yahoo
2010-02-26,GLD,109.43,109.43,yahoo
2010-03-01,GLD,109.43,109.43,yahoo
2010-03-02,GLD,111.02,111.02,yahoo
2010-03-03,GLD,111.63,111.63,yahoo
2010-03-04,GLD,110.83,110.83,yahoo
2010-03-05,GLD,110.81,110.81,yahoo
2010-03-08,GLD,109.88,109.88,yahoo
2010-03-09,GLD,109.72,109.72,yahoo
2010-03-10,GLD,108.47,108.47,yahoo
2010-03-11,GLD,108.60,108.60,yahoo
2010-03-12,GLD,107.95,107.95,yahoo
2010-03-15,GLD,108.36,108.36,yahoo
2010-03-16,GLD,110.40,110.40,yahoo
2010-03-17,GLD,109.59,109.59,yahoo
2010-03-18,GLD,110.34,110.34,yahoo
2010-03-19,GLD,108.28,108.28,yahoo
2010-03-22,GLD,107.75,107.75,yahoo
2010-03-23,GLD,108.32,108.32,yahoo
2010-03-24,GLD,106.30,106.30,yahoo
2010-03-25,GLD,106.78,106.78,yahoo
2010-03-26,GLD,108.59,108.59,yahoo
2010-03-29,GLD,108.75,108.75,yahoo
2010-03-30,GLD,107.97,107.97,yahoo
2010-03-31,GLD,108.95,108.95,yahoo
2010-04-01,GLD,110.26,110.26,yahoo
2010-04-05,GLD,110.89,110.89,yahoo
2010-04-06,GLD,111.03,111.03,yahoo
2010-04-07,GLD,112.49,112.49,yahoo
2010-04-08,GLD,112.65,112.65,yahoo
2010-04-09,GLD,113.64,113.64,yahoo
2010-04-12,GLD,113.01,113.01,yahoo
2010-04-13,GLD,112.69,112.69,yahoo
2010-04-14,GLD,113.03,113.03,yahoo
2010-04-15,GLD,113.65,113.65,yahoo
2010-04-16,GLD,111.24,111.24,yahoo
2010-04-19,GLD,111.15,111.15,yahoo
2010-04-20,GLD,111.46,111.46,yahoo
2010-04-21,GLD,112.31,112.31,yahoo
2010-04-22,GLD,111.84,111.84,yahoo
2010-04-23,GLD,113.19,113.19,yahoo
2010-04-26,GLD,112.75,112.75,yahoo
2010-04-27,GLD,114.63,114.63,yahoo
2010-04-28,GLD,114.31,114.31,yahoo
2010-04-29,GLD,114.28,114.28,yahoo
2010-04-30,GLD,115.36,115.36,yahoo
2010-05-03,GLD,115.73,115.73,yahoo
2010-05-04,GLD,114.87,114.87,yahoo
2010-05-05,GLD,115.09,115.09,yahoo
2010-05-06,GLD,118.49,118.49,yahoo
2010-05-07,GLD,118.27,118.27,yahoo
2010-05-10,GLD,117.57,117.57,yahoo
2010-05-11,GLD,120.66,120.66,yahoo
2010-05-12,GLD,121.40,121.40,yahoo
2010-05-13,GLD,120.56,120.56,yahoo
2010-05-14,GLD,120.37,120.37,yahoo
2010-05-17,GLD,119.36,119.36,yahoo
2010-05-18,GLD,119.49,119.49,yahoo
2010-05-19,GLD,116.63,116.63,yahoo
2010-05-20,GLD,115.84,115.84,yahoo
2010-05-21,GLD,115.22,115.22,yahoo
2010-05-24,GLD,116.84,116.84,yahoo
2010-05-25,GLD,117.36,117.36,yahoo
2010-05-26,GLD,118.47,118.47,yahoo
2010-05-27,GLD,118.69,118.69,yahoo
2010-05-28,GLD,118.88,118.88,yahoo
2010-06-01,GLD,119.91,119.91,yahoo
2010-06-02,GLD,119.78,119.78,yahoo
2010-06-03,GLD,117.96,117.96,yahoo
2010-06-04,GLD,119.19,119.19,yahoo
2010-06-07,GLD,121.49,121.49,yahoo
2010-06-08,GLD,121,121,yahoo
2010-06-09,GLD,120.56,120.56,yahoo
2010-06-10,GLD,118.97,118.97,yahoo
2010-06-11,GLD,120.01,120.01,yahoo
2010-06-14,GLD,119.60,119.60,yahoo
2010-06-15,GLD,120.99,120.99,yahoo
2010-06-16,GLD,120.33,120.33,yahoo
2010-06-17,GLD,121.90,121.90,yahoo
2010-06-18,GLD,122.83,122.83,yahoo
2010-06-21,GLD,120.39,120.39,yahoo
2010-06-22,GLD,121.45,121.45,yahoo
2010-06-23,GLD,120.95,120.95,yahoo
2010-06-24,GLD,121.30,121.30,yahoo
2010-06-25,GLD,122.76,122.76,yahoo
2010-06-28,GLD,121.09,121.09,yahoo
2010-06-29,GLD,121.27,121.27,yahoo
2010-06-30,GLD,121.68,121.68,yahoo
2010-07-01,GLD,117.04,117.04,yahoo
2010-07-02,GLD,118.49,118.49,yahoo
2010-07-06,GLD,116.51,116.51,yahoo
2010-07-07,GLD,117.73,117.73,yahoo
2010-07-08,GLD,117.21,117.21,yahoo
2010-07-09,GLD,118.36,118.36,yahoo
2010-07-12,GLD,117.34,117.34,yahoo
2010-07-13,GLD,118.36,118.36,yahoo
2010-07-14,GLD,118.30,118.30,yahoo
2010-07-15,GLD,118.23,118.23,yahoo
2010-07-16,GLD,116.67,116.67,yahoo
2010-07-19,GLD,115.73,115.73,yahoo
2010-07-20,GLD,116.65,116.65,yahoo
2010-07-21,GLD,115.85,115.85,yahoo
2010-07-22,GLD,116.86,116.86,yahoo
2010-07-23,GLD,116.09,116.09,yahoo
2010-07-26,GLD,115.52,115.52,yahoo
2010-07-27,GLD,113.51,113.51,yahoo
2010-07-28,GLD,113.78,113.78,yahoo
2010-07-29,GLD,114.29,114.29,yahoo
2010-07-30,GLD,115.49,115.49,yahoo
2010-08-02,GLD,115.54,115.54,yahoo
2010-08-03,GLD,115.99,115.99,yahoo
2010-08-04,GLD,116.72,116.72,yahoo
2010-08-05,GLD,116.98,116.98,yahoo
2010-08-06,GLD,117.84,117.84,yahoo
2010-08-09,GLD,117.40,117.40,yahoo
2010-08-10,GLD,117.73,117.73,yahoo
2010-08-11,GLD,117.34,117.34,yahoo
2010-08-12,GLD,118.77,118.77,yahoo
2010-08-13,GLD,118.74,118.74,yahoo
2010-08-16,GLD,119.73,119.73,yahoo
2010-08-17,GLD,119.75,119.75,yahoo
2010-08-18,GLD,120.22,120.22,yahoo
2010-08-19,GLD,120.39,120.39,yahoo
2010-08-20,GLD,119.97,119.97,yahoo
2010-08-23,GLD,119.78,119.78,yahoo
2010-08-24,GLD,120.36,120.36,yahoo
2010-08-25,GLD,121.36,121.36,yahoo
2010-08-26,GLD,120.96,120.96,yahoo
2010-08-27,GLD,121.01,121.01,yahoo
2010-08-30,GLD,120.91,120.91,yahoo
2010-08-31,GLD,122.08,122.08,yahoo
2010-09-01,GLD,121.69,121.69,yahoo
2010-09-02,GLD,122.29,122.29,yahoo
2010-09-03,GLD,121.86,121.86,yahoo
2010-09-07,GLD,122.70,122.70,yahoo
2010-09-08,GLD,122.71,122.71,yahoo
2010-09-09,GLD,121.56,121.56,yahoo
2010-09-10,GLD,121.73,121.73,yahoo
2010-09-13,GLD,121.62,121.62,yahoo
2010-09-14,GLD,124.02,124.02,yahoo
2010-09-15,GLD,123.94,123.94,yahoo
2010-09-16,GLD,124.63,124.63,yahoo
2010-09-17,GLD,124.54,124.54,yahoo
2010-09-20,GLD,124.87,124.87,yahoo
2010-09-21,GLD,126.01,126.01,yahoo
2010-09-22,GLD,126.20,126.20,yahoo
2010-09-23,GLD,126.30,126.30,yahoo
2010-09-24,GLD,126.69,126.69,yahoo
2010-09-27,GLD,126.72,126.72,yahoo
2010-09-28,GLD,127.85,127.85,yahoo
2010-09-29,GLD,127.95,127.95,yahoo
2010-09-30,GLD,127.91,127.91,yahoo
2010-10-01,GLD,128.91,128.91,yahoo
2010-10-04,GLD,128.46,128.46,yahoo
2010-10-05,GLD,130.99,130.99,yahoo
2010-10-06,GLD,131.81,131.81,yahoo
2010-10-07,GLD,130.37,130.37,yahoo
2010-10-08,GLD,131.66,131.66,yahoo
2010-10-11,GLD,132.29,132.29,yahoo
2010-10-12,GLD,131.96,131.96,yahoo
2010-10-13,GLD,134.07,134.07,yahoo
2010-10-14,GLD,134.75,134.75,yahoo
2010-10-15,GLD,133.68,133.68,yahoo
2010-10-18,GLD,134.28,134.28,yahoo
2010-10-19,GLD,130.11,130.11,yahoo
2010-10-20,GLD,131.32,131.32,yahoo
2010-10-21,GLD,129.47,129.47,yahoo
2010-10-22,GLD,129.73,129.73,yahoo
2010-10-25,GLD,130.85,130.85,yahoo
2010-10-26,GLD,130.88,130.88,yahoo
2010-10-27,GLD,129.52,129.52,yahoo
2010-10-28,GLD,131.24,131.24,yahoo
2010-10-29,GLD,132.62,132.62,yahoo
2010-11-01,GLD,131.92,131.92,yahoo
2010-11-02,GLD,132.49,132.49,yahoo
2010-11-03,GLD,131.57,131.57,yahoo
2010-11-04,GLD,136.03,136.03,yahoo
2010-11-05,GLD,136.38,136.38,yahoo
2010-11-08,GLD,137.78,137.78,yahoo
2010-11-09,GLD,135.59,135.59,yahoo
2010-11-10,GLD,137.24,137.24,yahoo
2010-11-11,GLD,137.66,137.66,yahoo
2010-11-12,GLD,133.69,133.69,yahoo
2010-11-15,GLD,132.42,132.42,yahoo
2010-11-16,GLD,130.97,130.97,yahoo
2010-11-17,GLD,130.38,130.38,yahoo
2010-11-18,GLD,132.09,132.09,yahoo
2010-11-19,GLD,132.20,132.20,yahoo
2010-11-22,GLD,133.48,133.48,yahoo
2010-11-23,GLD,134.41,134.41,yahoo
2010-11-24,GLD,134.18,134.18,yahoo
2010-11-26,GLD,133.11,133.11,yahoo
2010-11-29,GLD,133.51,133.51,yahoo
2010-11-30,GLD,135.42,135.42,yahoo
2010-12-01,GLD,135.38,135.38,yahoo
2010-12-02,GLD,135.20,135.20,yahoo
2010-12-03,GLD,138.07,138.07,yahoo
2010-12-06,GLD,139.11,139.11,yahoo
2010-12-07,GLD,136.50,136.50,yahoo
2010-12-08,GLD,134.79,134.79,yahoo
2010-12-09,GLD,135.37,135.37,yahoo
2010-12-10,GLD,135.41,135.41,yahoo
2010-12-13,GLD,136.05,136.05,yahoo
2010-12-14,GLD,136.18,136.18,yahoo
2010-12-15,GLD,134.70,134.70,yahoo
2010-12-16,GLD,133.81,133.81,yahoo
2010-12-17,GLD,134.20,134.20,yahoo
2010-12-20,GLD,135.11,135.11,yahoo
2010-12-21,GLD,135.32,135.32,yahoo
2010-12-22,GLD,135.05,135.05,yahoo
2010-12-23,GLD,134.66,134.66,yahoo
2010-12-27,GLD,135.02,135.02,yahoo
2010-12-28,GLD,137.22,137.22,yahoo
2010-12-29,GLD,137.71,137.71,yahoo
2010-12-30,GLD,137.03,137.03,yahoo
2010-12-31,GLD,138.72,138.72,yahoo
2011-01-03,GLD,138,138,yahoo
2011-01-04,GLD,134.75,134.75,yahoo
2011-01-05,GLD,134.37,134.37,yahoo
2011-01-06,GLD,133.83,133.83,yahoo
2011-01-07,GLD,133.58,133.58,yahoo
2011-01-10,GLD,134.12,134.12,yahoo
2011-01-11,GLD,134.91,134.91,yahoo
2011-01-12,GLD,135.46,135.46,yahoo
2011-01-13,GLD,134.05,134.05,yahoo
2011-01-14,GLD,132.69,132.69,yahoo
2011-01-18,GLD,133.43,133.43,yahoo
2011-01-19,GLD,133.72,133.72,yahoo
2011-01-20,GLD,131.20,131.20,yahoo
2011-01-21,GLD,131.03,131.03,yahoo
2011-01-24,GLD,130.36,130.36,yahoo
2011-01-25,GLD,130.10,130.10,yahoo
2011-01-26,GLD,131.16,131.16,yahoo
2011-01-27,GLD,127.93,127.93,yahoo
2011-01-28,GLD,130.28,130.28,yahoo
2011-01-31,GLD,129.87,129.87,yahoo
2011-02-01,GLD,130.80,130.80,yahoo
2011-02-02,GLD,130.45,130.45,yahoo
2011-02-03,GLD,132.20,132.20,yahoo
2011-02-04,GLD,131.66,131.66,yahoo
2011-02-07,GLD,131.68,131.68,yahoo
2011-02-08,GLD,133.14,133.14,yahoo
2011-02-09,GLD,133.07,133.07,yahoo
2011-02-10,GLD,132.85,132.85,yahoo
2011-02-11,GLD,132.32,132.32,yahoo
2011-02-14,GLD,132.95,132.95,yahoo
2011-02-15,GLD,133.97,133.97,yahoo
2011-02-16,GLD,134.10,134.10,yahoo
2011-02-17,GLD,135.04,135.04,yahoo
2011-02-18,GLD,135.41,135.41,yahoo
2011-02-22,GLD,136.29,136.29,yahoo
2011-02-23,GLD,137.51,137.51,yahoo
2011-02-24,GLD,136.48,136.48,yahoo
2011-02-25,GLD,137.38,137.38,yahoo
2011-02-28,GLD,137.66,137.66,yahoo
2011-03-01,GLD,140.03,140.03,yahoo
2011-03-02,GLD,139.92,139.92,yahoo
2011-03-03,GLD,138.09,138.09,yahoo
2011-03-04,GLD,139.35,139.35,yahoo
2011-03-07,GLD,139.72,139.72,yahoo
2011-03-08,GLD,139.36,139.36,yahoo
2011-03-09,GLD,139.41,139.41,yahoo
2011-03-10,GLD,137.77,137.77,yahoo
2011-03-11,GLD,138.22,138.22,yahoo
2011-03-14,GLD,138.86,138.86,yahoo
2011-03-15,GLD,136.27,136.27,yahoo
2011-03-16,GLD,136.24,136.24,yahoo
2011-03-17,GLD,136.97,136.97,yahoo
2011-03-18,GLD,138.37,138.37,yahoo
2011-03-21,GLD,139.14,139.14,yahoo
2011-03-22,GLD,139.05,139.05,yahoo
2011-03-23,GLD,140.34,140.34,yahoo
2011-03-24,GLD,139.22,139.22,yahoo
2011-03-25,GLD,139.26,139.26,yahoo
2011-03-28,GLD,138.54,138.54,yahoo
2011-03-29,GLD,138.21,138.21,yahoo
2011-03-30,GLD,138.67,138.67,yahoo
2011-03-31,GLD,139.86,139.86,yahoo
2011-04-01,GLD,139.20,139.20,yahoo
2011-04-04,GLD,139.84,139.84,yahoo
2011-04-05,GLD,142.05,142.05,yahoo
2011-04-06,GLD,142.38,142.38,yahoo
2011-04-07,GLD,142.51,142.51,yahoo
2011-04-08,GLD,143.66,143.66,yahoo
2011-04-11,GLD,142.64,142.64,yahoo
2011-04-12,GLD,141.61,141.61,yahoo
2011-04-13,GLD,141.90,141.90,yahoo
2011-04-14,GLD,143.81,143.81,yahoo
2011-04-15,GLD,145.05,145.05,yahoo
2011-04-18,GLD,145.93,145.93,yahoo
2011-04-19,GLD,145.93,145.93,yahoo
2011-04-20,GLD,146.50,146.50,yahoo
2011-04-21,GLD,146.74,146.74,yahoo
2011-04-25,GLD,146.87,146.87,yahoo
2011-04-26,GLD,146.38,146.38,yahoo
2011-04-27,GLD,149.20,149.20,yahoo
2011-04-28,GLD,149.82,149.82,yahoo
2011-04-29,GLD,152.37,152.37,yahoo
2011-05-02,GLD,150.41,150.41,yahoo
2011-05-03,GLD,149.88,149.88,yahoo
2011-05-04,GLD,147.73,147.73,yahoo
2011-05-05,GLD,143.47,143.47,yahoo
2011-05-06,GLD,145.30,145.30,yahoo
2011-05-09,GLD,147.38,147.38,yahoo
2011-05-10,GLD,147.90,147.90,yahoo
2011-05-11,GLD,146.54,146.54,yahoo
2011-05-12,GLD,146.59,146.59,yahoo
2011-05-13,GLD,145.63,145.63,yahoo
2011-05-16,GLD,145.37,145.37,yahoo
2011-05-17,GLD,144.74,144.74,yahoo
2011-05-18,GLD,145.60,145.60,yahoo
2011-05-19,GLD,145.65,145.65,yahoo
2011-05-20,GLD,147.49,147.49,yahoo
2011-05-23,GLD,147.83,147.83,yahoo
2011-05-24,GLD,148.59,148.59,yahoo
2011-05-25,GLD,148.58,148.58,yahoo
2011-05-26,GLD,148.22,148.22,yahoo
2011-05-27,GLD,149.70,149.70,yahoo
2011-05-31,GLD,149.64,149.64,yahoo
2011-06-01,GLD,149.91,149.91,yahoo
2011-06-02,GLD,149.50,149.50,yahoo
2011-06-03,GLD,150.22,150.22,yahoo
2011-06-06,GLD,150.48,150.48,yahoo
2011-06-07,GLD,150.42,150.42,yahoo
2011-06-08,GLD,149.81,149.81,yahoo
2011-06-09,GLD,150.56,150.56,yahoo
2011-06-10,GLD,149.24,149.24,yahoo
2011-06-13,GLD,147.77,147.77,yahoo
2011-06-14,GLD,148.67,148.67,yahoo
2011-06-15,GLD,149.12,149.12,yahoo
2011-06-16,GLD,148.97,148.97,yahoo
2011-06-17,GLD,149.94,149.94,yahoo
2011-06-20,GLD,150.03,150.03,yahoo
2011-06-21,GLD,150.76,150.76,yahoo
2011-06-22,GLD,150.99,150.99,yahoo
2011-06-23,GLD,148.34,148.34,yahoo
2011-06-24,GLD,146.26,146.26,yahoo
2011-06-27,GLD,145.73,145.73,yahoo
2011-06-28,GLD,146.24,146.24,yahoo
2011-06-29,GLD,147.18,147.18,yahoo
2011-06-30,GLD,146,146,yahoo
2011-07-01,GLD,144.93,144.93,yahoo
2011-07-05,GLD,147.63,147.63,yahoo
2011-07-06,GLD,148.91,148.91,yahoo
2011-07-07,GLD,149.15,149.15,yahoo
2011-07-08,GLD,150.25,150.25,yahoo
2011-07-11,GLD,151.59,151.59,yahoo
2011-07-12,GLD,152.77,152.77,yahoo
2011-07-13,GLD,154.14,154.14,yahoo
2011-07-14,GLD,154.54,154.54,yahoo
2011-07-15,GLD,155.20,155.20,yahoo
2011-07-18,GLD,156.57,156.57,yahoo
2011-07-19,GLD,154.66,154.66,yahoo
2011-07-20,GLD,156.02,156.02,yahoo
2011-07-21,GLD,154.83,154.83,yahoo
2011-07-22,GLD,156.12,156.12,yahoo
2011-07-25,GLD,157.34,157.34,yahoo
2011-07-26,GLD,157.77,157.77,yahoo
2011-07-27,GLD,157.19,157.19,yahoo
2011-07-28,GLD,157.32,157.32,yahoo
2011-07-29,GLD,158.29,158.29,yahoo
2011-08-01,GLD,157.72,157.72,yahoo
2011-08-02,GLD,161.52,161.52,yahoo
2011-08-03,GLD,161.49,161.49,yahoo
2011-08-04,GLD,160.64,160.64,yahoo
2011-08-05,GLD,161.75,161.75,yahoo
2011-08-08,GLD,167.12,167.12,yahoo
2011-08-09,GLD,168.61,168.61,yahoo
2011-08-10,GLD,174.58,174.58,yahoo
2011-08-11,GLD,170.75,170.75,yahoo
2011-08-12,GLD,169.97,169.97,yahoo
2011-08-15,GLD,171.80,171.80,yahoo
2011-08-16,GLD,173.92,173.92,yahoo
2011-08-17,GLD,174.42,174.42,yahoo
2011-08-18,GLD,177.72,177.72,yahoo
2011-08-19,GLD,179.95,179.95,yahoo
2011-08-22,GLD,184.59,184.59,yahoo
2011-08-23,GLD,177.67,177.67,yahoo
2011-08-24,GLD,171.65,171.65,yahoo
2011-08-25,GLD,172.36,172.36,yahoo
2011-08-26,GLD,177.47,177.47,yahoo
2011-08-29,GLD,173.89,173.89,yahoo
2011-08-30,GLD,179.10,179.10,yahoo
2011-08-31,GLD,177.72,177.72,yahoo
2011-09-01,GLD,177.87,177.87,yahoo
2011-09-02,GLD,183.24,183.24,yahoo
2011-09-06,GLD,182.90,182.90,yahoo
2011-09-07,GLD,177.08,177.08,yahoo
2011-09-08,GLD,181.81,181.81,yahoo
2011-09-09,GLD,180.70,180.70,yahoo
2011-09-12,GLD,176.67,176.67,yahoo
2011-09-13,GLD,178.54,178.54,yahoo
2011-09-14,GLD,177.21,177.21,yahoo
2011-09-15,GLD,174.40,174.40,yahoo
2011-09-16,GLD,176.03,176.03,yahoo
2011-09-19,GLD,173.31,173.31,yahoo
2011-09-20,GLD,175.78,175.78,yahoo
2011-09-21,GLD,173.59,173.59,yahoo
2011-09-22,GLD,169.05,169.05,yahoo
2011-09-23,GLD,159.80,159.80,yahoo
2011-09-26,GLD,157.58,157.58,yahoo
2011-09-27,GLD,160.63,160.63,yahoo
2011-09-28,GLD,156.22,156.22,yahoo
2011-09-29,GLD,157.70,157.70,yahoo
2011-09-30,GLD,158.06,158.06,yahoo
2011-10-03,GLD,160.96,160.96,yahoo
2011-10-04,GLD,157.64,157.64,yahoo
2011-10-05,GLD,159.46,159.46,yahoo
2011-10-06,GLD,160.49,160.49,yahoo
2011-10-07,GLD,159.18,159.18,yahoo
2011-10-10,GLD,163.27,163.27,yahoo
2011-10-11,GLD,162.10,162.10,yahoo
2011-10-12,GLD,163.26,163.26,yahoo
2011-10-13,GLD,162.30,162.30,yahoo
2011-10-14,GLD,163.40,163.40,yahoo
2011-10-17,GLD,162.62,162.62,yahoo
2011-10-18,GLD,161.84,161.84,yahoo
2011-10-19,GLD,159.87,159.87,yahoo
2011-10-20,GLD,157.77,157.77,yahoo
2011-10-21,GLD,159.52,159.52,yahoo
2011-10-24,GLD,161.02,161.02,yahoo
2011-10-25,GLD,165.59,165.59,yahoo
2011-10-26,GLD,167.40,167.40,yahoo
2011-10-27,GLD,169.55,169.55,yahoo
2011-10-28,GLD,169.62,169.62,yahoo
2011-10-31,GLD,167.34,167.34,yahoo
2011-11-01,GLD,167.38,167.38,yahoo
2011-11-02,GLD,169.06,169.06,yahoo
2011-11-03,GLD,171.72,171.72,yahoo
2011-11-04,GLD,170.85,170.85,yahoo
2011-11-07,GLD,174.98,174.98,yahoo
2011-11-08,GLD,173.53,173.53,yahoo
2011-11-09,GLD,172.07,172.07,yahoo
2011-11-10,GLD,171.14,171.14,yahoo
2011-11-11,GLD,173.96,173.96,yahoo
2011-11-14,GLD,173.20,173.20,yahoo
2011-11-15,GLD,173.36,173.36,yahoo
2011-11-16,GLD,171.51,171.51,yahoo
2011-11-17,GLD,167.10,167.10,yahoo
2011-11-18,GLD,167.62,167.62,yahoo
2011-11-21,GLD,163.50,163.50,yahoo
2011-11-22,GLD,165.31,165.31,yahoo
2011-11-23,GLD,164.83,164.83,yahoo
2011-11-25,GLD,163.40,163.40,yahoo
2011-11-28,GLD,166.63,166.63,yahoo
2011-11-29,GLD,166.88,166.88,yahoo
2011-11-30,GLD,170.13,170.13,yahoo
2011-12-01,GLD,169.63,169.63,yahoo
2011-12-02,GLD,169.82,169.82,yahoo
2011-12-05,GLD,167.32,167.32,yahoo
2011-12-06,GLD,168.18,168.18,yahoo
2011-12-07,GLD,169.40,169.40,yahoo
2011-12-08,GLD,165.98,165.98,yahoo
2011-12-09,GLD,166.40,166.40,yahoo
2011-12-12,GLD,161.99,161.99,yahoo
2011-12-13,GLD,158.45,158.45,yahoo
2011-12-14,GLD,152.89,152.89,yahoo
2011-12-15,GLD,152.33,152.33,yahoo
2011-12-16,GLD,155.23,155.23,yahoo
2011-12-19,GLD,154.87,154.87,yahoo
2011-12-20,GLD,156.98,156.98,yahoo
2011-12-21,GLD,157.16,157.16,yahoo
2011-12-22,GLD,156.04,156.04,yahoo
2011-12-23,GLD,156.31,156.31,yahoo
2011-12-27,GLD,154.91,154.91,yahoo
2011-12-28,GLD,151.03,151.03,yahoo
2011-12-29,GLD,150.34,150.34,yahoo
2011-12-30,GLD,151.99,151.99,yahoo
2012-01-03,GLD,155.92,155.92,yahoo
2012-01-04,GLD,156.71,156.71,yahoo
2012-01-05,GLD,157.78,157.78,yahoo
2012-01-06,GLD,157.20,157.20,yahoo
2012-01-09,GLD,156.50,156.50,yahoo
2012-01-10,GLD,158.64,158.64,yahoo
2012-01-11,GLD,159.67,159.67,yahoo
2012-01-12,GLD,160.38,160.38,yahoo
2012-01-13,GLD,159.26,159.26,yahoo
2012-01-17,GLD,160.50,160.50,yahoo
2012-01-18,GLD,161.60,161.60,yahoo
2012-01-19,GLD,161.22,161.22,yahoo
2012-01-20,GLD,162.07,162.07,yahoo
2012-01-23,GLD,163.16,163.16,yahoo
2012-01-24,GLD,162.01,162.01,yahoo
2012-01-25,GLD,166.42,166.42,yahoo
2012-01-26,GLD,167.27,167.27,yahoo
2012-01-27,GLD,168.97,168.97,yahoo
2012-01-30,GLD,168.03,168.03,yahoo
2012-01-31,GLD,169.31,169.31,yahoo
2012-02-01,GLD,169.56,169.56,yahoo
2012-02-02,GLD,171.05,171.05,yahoo
2012-02-03,GLD,167.64,167.64,yahoo
2012-02-06,GLD,167.18,167.18,yahoo
2012-02-07,GLD,169.70,169.70,yahoo
2012-02-08,GLD,168.50,168.50,yahoo
2012-02-09,GLD,168.02,168.02,yahoo
2012-02-10,GLD,167.14,167.14,yahoo
2012-02-13,GLD,167.51,167.51,yahoo
2012-02-14,GLD,167.12,167.12,yahoo
2012-02-15,GLD,168.11,168.11,yahoo
2012-02-16,GLD,168,168,yahoo
2012-02-17,GLD,167.35,167.35,yahoo
2012-02-21,GLD,171.02,171.02,yahoo
2012-02-22,GLD,172.94,172.94,yahoo
2012-02-23,GLD,173.02,173.02,yahoo
2012-02-24,GLD,172.23,172.23,yahoo
2012-02-27,GLD,171.70,171.70,yahoo
2012-02-28,GLD,173.49,173.49,yahoo
2012-02-29,GLD,164.29,164.29,yahoo
2012-03-01,GLD,166.61,166.61,yahoo
2012-03-02,GLD,166.34,166.34,yahoo
2012-03-05,GLD,165.65,165.65,yahoo
2012-03-06,GLD,162.70,162.70,yahoo
2012-03-07,GLD,163.63,163.63,yahoo
2012-03-08,GLD,165.28,165.28,yahoo
2012-03-09,GLD,166.38,166.38,yahoo
2012-03-12,GLD,165.07,165.07,yahoo
2012-03-13,GLD,162.30,162.30,yahoo
2012-03-14,GLD,159.57,159.57,yahoo
2012-03-15,GLD,161.08,161.08,yahoo
2012-03-16,GLD,161.30,161.30,yahoo
2012-03-19,GLD,161.59,161.59,yahoo
2012-03-20,GLD,160.13,160.13,yahoo
2012-03-21,GLD,160.21,160.21,yahoo
2012-03-22,GLD,159.57,159.57,yahoo
2012-03-23,GLD,161.53,161.53,yahoo
2012-03-26,GLD,164.40,164.40,yahoo
2012-03-27,GLD,163.24,163.24,yahoo
2012-03-28,GLD,161.51,161.51,yahoo
2012-03-29,GLD,161.28,161.28,yahoo
2012-03-30,GLD,162.12,162.12,yahoo
2012-04-02,GLD,162.94,162.94,yahoo
2012-04-03,GLD,159.89,159.89,yahoo
2012-04-04,GLD,157.21,157.21,yahoo
2012-04-05,GLD,158.31,158.31,yahoo
2012-04-09,GLD,159.37,159.37,yahoo
2012-04-10,GLD,161.10,161.10,yahoo
2012-04-11,GLD,161.07,161.07,yahoo
2012-04-12,GLD,162.70,162.70,yahoo
2012-04-13,GLD,160.85,160.85,yahoo
2012-04-16,GLD,160.46,160.46,yahoo
2012-04-17,GLD,160.25,160.25,yahoo
2012-04-18,GLD,159.31,159.31,yahoo
2012-04-19,GLD,159.43,159.43,yahoo
2012-04-20,GLD,159.54,159.54,yahoo
2012-04-23,GLD,159.07,159.07,yahoo
2012-04-24,GLD,159.30,159.30,yahoo
2012-04-25,GLD,159.62,159.62,yahoo
2012-04-26,GLD,161.03,161.03,yahoo
2012-04-27,GLD,161.38,161.38,yahoo
2012-04-30,GLD,161.88,161.88,yahoo
2012-05-01,GLD,161.32,161.32,yahoo
2012-05-02,GLD,160.59,160.59,yahoo
2012-05-03,GLD,158.97,158.97,yahoo
2012-05-04,GLD,159.47,159.47,yahoo
2012-05-07,GLD,159.08,159.08,yahoo
2012-05-08,GLD,156,156,yahoo
2012-05-09,GLD,154.47,154.47,yahoo
2012-05-10,GLD,154.77,154.77,yahoo
2012-05-11,GLD,153.56,153.56,yahoo
2012-05-14,GLD,151.33,151.33,yahoo
2012-05-15,GLD,149.74,149.74,yahoo
2012-05-16,GLD,149.46,149.46,yahoo
2012-05-17,GLD,152.80,152.80,yahoo
2012-05-18,GLD,154.55,154.55,yahoo
2012-05-21,GLD,154.65,154.65,yahoo
2012-05-22,GLD,152.08,152.08,yahoo
2012-05-23,GLD,151.62,151.62,yahoo
2012-05-24,GLD,151.41,151.41,yahoo
2012-05-25,GLD,152.68,152.68,yahoo
2012-05-29,GLD,151.02,151.02,yahoo
2012-05-30,GLD,151.91,151.91,yahoo
2012-05-31,GLD,151.62,151.62,yahoo
2012-06-01,GLD,157.50,157.50,yahoo
2012-06-04,GLD,157.32,157.32,yahoo
2012-06-05,GLD,157.14,157.14,yahoo
2012-06-06,GLD,157.21,157.21,yahoo
2012-06-07,GLD,154.50,154.50,yahoo
2012-06-08,GLD,154.73,154.73,yahoo
2012-06-11,GLD,155.36,155.36,yahoo
2012-06-12,GLD,156.46,156.46,yahoo
2012-06-13,GLD,157.12,157.12,yahoo
2012-06-14,GLD,157.75,157.75,yahoo
2012-06-15,GLD,157.84,157.84,yahoo
2012-06-18,GLD,157.93,157.93,yahoo
2012-06-19,GLD,157.16,157.16,yahoo
2012-06-20,GLD,155.97,155.97,yahoo
2012-06-21,GLD,152.02,152.02,yahoo
2012-06-22,GLD,152.64,152.64,yahoo
2012-06-25,GLD,153.76,153.76,yahoo
2012-06-26,GLD,152.62,152.62,yahoo
2012-06-27,GLD,152.83,152.83,yahoo
2012-06-28,GLD,151.05,151.05,yahoo
2012-06-29,GLD,155.19,155.19,yahoo
2012-07-02,GLD,155.09,155.09,yahoo
2012-07-03,GLD,157.46,157.46,yahoo
2012-07-05,GLD,155.68,155.68,yahoo
2012-07-06,GLD,153.71,153.71,yahoo
2012-07-09,GLD,154.04,154.04,yahoo
2012-07-10,GLD,152.15,152.15,yahoo
2012-07-11,GLD,152.99,152.99,yahoo
2012-07-12,GLD,152.59,152.59,yahoo
2012-07-13,GLD,154.14,154.14,yahoo
2012-07-16,GLD,154.21,154.21,yahoo
2012-07-17,GLD,153.47,153.47,yahoo
2012-07-18,GLD,153.05,153.05,yahoo
2012-07-19,GLD,153.38,153.38,yahoo
2012-07-20,GLD,153.67,153.67,yahoo
2012-07-23,GLD,153.03,153.03,yahoo
2012-07-24,GLD,153.52,153.52,yahoo
2012-07-25,GLD,155.67,155.67,yahoo
2012-07-26,GLD,156.77,156.77,yahoo
2012-07-27,GLD,157.54,157.54,yahoo
2012-07-30,GLD,157.43,157.43,yahoo
2012-07-31,GLD,156.49,156.49,yahoo
2012-08-01,GLD,155.14,155.14,yahoo
2012-08-02,GLD,154.13,154.13,yahoo
2012-08-03,GLD,155.55,155.55,yahoo
2012-08-06,GLD,156.30,156.30,yahoo
2012-08-07,GLD,156.28,156.28,yahoo
2012-08-08,GLD,156.48,156.48,yahoo
2012-08-09,GLD,156.99,156.99,yahoo
2012-08-10,GLD,157.18,157.18,yahoo
2012-08-13,GLD,155.99,155.99,yahoo
2012-08-14,GLD,155.13,155.13,yahoo
2012-08-15,GLD,155.63,155.63,yahoo
2012-08-16,GLD,156.56,156.56,yahoo
2012-08-17,GLD,156.72,156.72,yahoo
2012-08-20,GLD,157.26,157.26,yahoo
2012-08-21,GLD,158.83,158.83,yahoo
2012-08-22,GLD,160.54,160.54,yahoo
2012-08-23,GLD,161.89,161.89,yahoo
2012-08-24,GLD,161.97,161.97,yahoo
2012-08-27,GLD,161.36,161.36,yahoo
2012-08-28,GLD,161.64,161.64,yahoo
2012-08-29,GLD,160.59,160.59,yahoo
2012-08-30,GLD,160.52,160.52,yahoo
2012-08-31,GLD,164.22,164.22,yahoo
2012-09-04,GLD,164.48,164.48,yahoo
2012-09-05,GLD,164.31,164.31,yahoo
2012-09-06,GLD,164.89,164.89,yahoo
2012-09-07,GLD,168.44,168.44,yahoo
2012-09-10,GLD,167.29,167.29,yahoo
2012-09-11,GLD,167.90,167.90,yahoo
2012-09-12,GLD,167.92,167.92,yahoo
2012-09-13,GLD,171.31,171.31,yahoo
2012-09-14,GLD,171.80,171.80,yahoo
2012-09-17,GLD,170.40,170.40,yahoo
2012-09-18,GLD,171.72,171.72,yahoo
2012-09-19,GLD,171.74,171.74,yahoo
2012-09-20,GLD,171.47,171.47,yahoo
2012-09-21,GLD,171.96,171.96,yahoo
2012-09-24,GLD,171.05,171.05,yahoo
2012-09-25,GLD,170.77,170.77,yahoo
2012-09-26,GLD,169.81,169.81,yahoo
2012-09-27,GLD,172.34,172.34,yahoo
2012-09-28,GLD,171.89,171.89,yahoo
2012-10-01,GLD,172.29,172.29,yahoo
2012-10-02,GLD,172.10,172.10,yahoo
2012-10-03,GLD,172.41,172.41,yahoo
2012-10-04,GLD,173.61,173.61,yahoo
2012-10-05,GLD,172.62,172.62,yahoo
2012-10-08,GLD,172.05,172.05,yahoo
2012-10-09,GLD,170.99,170.99,yahoo
2012-10-10,GLD,170.84,170.84,yahoo
2012-10-11,GLD,171.32,171.32,yahoo
2012-10-12,GLD,170.06,170.06,yahoo
2012-10-15,GLD,168.35,168.35,yahoo
2012-10-16,GLD,169.42,169.42,yahoo
2012-10-17,GLD,169.54,169.54,yahoo
2012-10-18,GLD,168.79,168.79,yahoo
2012-10-19,GLD,166.97,166.97,yahoo
2012-10-22,GLD,167.58,167.58,yahoo
2012-10-23,GLD,165.43,165.43,yahoo
2012-10-24,GLD,164.86,164.86,yahoo
2012-10-25,GLD,166.02,166.02,yahoo
2012-10-26,GLD,165.93,165.93,yahoo
2012-10-31,GLD,166.83,166.83,yahoo
2012-11-01,GLD,166.07,166.07,yahoo
2012-11-02,GLD,162.60,162.60,yahoo
2012-11-05,GLD,163.23,163.23,yahoo
2012-11-06,GLD,166.30,166.30,yahoo
2012-11-07,GLD,166.49,166.49,yahoo
2012-11-08,GLD,167.99,167.99,yahoo
2012-11-09,GLD,167.82,167.82,yahoo
2012-11-12,GLD,167.45,167.45,yahoo
2012-11-13,GLD,167.10,167.10,yahoo
2012-11-14,GLD,167.14,167.14,yahoo
2012-11-15,GLD,166.09,166.09,yahoo
2012-11-16,GLD,165.88,165.88,yahoo
2012-11-19,GLD,167.87,167.87,yahoo
2012-11-20,GLD,167.39,167.39,yahoo
2012-11-21,GLD,167.56,167.56,yahoo
2012-11-23,GLD,169.61,169.61,yahoo
2012-11-26,GLD,169.43,169.43,yahoo
2012-11-27,GLD,168.71,168.71,yahoo
2012-11-28,GLD,166.55,166.55,yahoo
2012-11-29,GLD,167.18,167.18,yahoo
2012-11-30,GLD,166.05,166.05,yahoo
2012-12-03,GLD,166.13,166.13,yahoo
2012-12-04,GLD,164.42,164.42,yahoo
2012-12-05,GLD,164.12,164.12,yahoo
2012-12-06,GLD,164.50,164.50,yahoo
2012-12-07,GLD,165.16,165.16,yahoo
2012-12-10,GLD,165.80,165.80,yahoo
2012-12-11,GLD,165.65,165.65,yahoo
2012-12-12,GLD,165.77,165.77,yahoo
2012-12-13,GLD,164.37,164.37,yahoo
2012-12-14,GLD,164.13,164.13,yahoo
2012-12-17,GLD,164.44,164.44,yahoo
2012-12-18,GLD,162.08,162.08,yahoo
2012-12-19,GLD,161.69,161.69,yahoo
2012-12-20,GLD,159.73,159.73,yahoo
2012-12-21,GLD,160.33,160.33,yahoo
2012-12-24,GLD,160.62,160.62,yahoo
2012-12-26,GLD,160.78,160.78,yahoo
2012-12-27,GLD,161.16,161.16,yahoo
2012-12-28,GLD,160.54,160.54,yahoo
2012-12-31,GLD,162.02,162.02,yahoo
2013-01-02,GLD,163.17,163.17,yahoo
2013-01-03,GLD,161.20,161.20,yahoo
2013-01-04,GLD,160.44,160.44,yahoo
2013-01-07,GLD,159.43,159.43,yahoo
2013-01-08,GLD,160.56,160.56,yahoo
2013-01-09,GLD,160.49,160.49,yahoo
2013-01-10,GLD,161.98,161.98,yahoo
2013-01-11,GLD,161.06,161.06,yahoo
2013-01-14,GLD,161.54,161.54,yahoo
2013-01-15,GLD,162.56,162.56,yahoo
2013-01-16,GLD,162.65,162.65,yahoo
2013-01-17,GLD,163.35,163.35,yahoo
2013-01-18,GLD,163.09,163.09,yahoo
2013-01-22,GLD,163.67,163.67,yahoo
2013-01-23,GLD,163.21,163.21,yahoo
2013-01-24,GLD,161.42,161.42,yahoo
2013-01-25,GLD,160.65,160.65,yahoo
2013-01-28,GLD,160.29,160.29,yahoo
2013-01-29,GLD,160.99,160.99,yahoo
2013-01-30,GLD,162.19,162.19,yahoo
2013-01-31,GLD,161.20,161.20,yahoo
2013-02-01,GLD,161.45,161.45,yahoo
2013-02-04,GLD,162,162,yahoo
2013-02-05,GLD,161.96,161.96,yahoo
2013-02-06,GLD,162.39,162.39,yahoo
2013-02-07,GLD,161.84,161.84,yahoo
2013-02-08,GLD,161.57,161.57,yahoo
2013-02-11,GLD,159.70,159.70,yahoo
2013-02-12,GLD,159.89,159.89,yahoo
2013-02-13,GLD,159.05,159.05,yahoo
2013-02-14,GLD,158.35,158.35,yahoo
2013-02-15,GLD,155.76,155.76,yahoo
2013-02-19,GLD,155.33,155.33,yahoo
2013-02-20,GLD,151.44,151.44,yahoo
2013-02-21,GLD,152.62,152.62,yahoo
2013-02-22,GLD,152.97,152.97,yahoo
2013-02-25,GLD,154.34,154.34,yahoo
2013-02-26,GLD,156.22,156.22,yahoo
2013-02-27,GLD,154.57,154.57,yahoo
2013-02-28,GLD,153,153,yahoo
2013-03-01,GLD,152.44,152.44,yahoo
2013-03-04,GLD,152.30,152.30,yahoo
2013-03-05,GLD,152.38,152.38,yahoo
2013-03-06,GLD,153.23,153.23,yahoo
2013-03-07,GLD,152.69,152.69,yahoo
2013-03-08,GLD,152.71,152.71,yahoo
2013-03-11,GLD,152.99,152.99,yahoo
2013-03-12,GLD,154.19,154.19,yahoo
2013-03-13,GLD,153.66,153.66,yahoo
2013-03-14,GLD,153.68,153.68,yahoo
2013-03-15,GLD,154,154,yahoo
2013-03-18,GLD,155.38,155.38,yahoo
2013-03-19,GLD,156.08,156.08,yahoo
2013-03-20,GLD,155.37,155.37,yahoo
2013-03-21,GLD,156.25,156.25,yahoo
2013-03-22,GLD,155.55,155.55,yahoo
2013-03-25,GLD,155.24,155.24,yahoo
2013-03-26,GLD,154.72,154.72,yahoo
2013-03-27,GLD,155.36,155.36,yahoo
2013-03-28,GLD,154.45,154.45,yahoo
2013-04-01,GLD,154.67,154.67,yahoo
2013-04-02,GLD,152.43,152.43,yahoo
2013-04-03,GLD,150.73,150.73,yahoo
2013-04-04,GLD,150.29,150.29,yahoo
2013-04-05,GLD,152.81,152.81,yahoo
2013-04-08,GLD,152.16,152.16,yahoo
2013-04-09,GLD,153.34,153.34,yahoo
2013-04-10,GLD,150.75,150.75,yahoo
2013-04-11,GLD,151.05,151.05,yahoo
2013-04-12,GLD,143.95,143.95,yahoo
2013-04-15,GLD,131.31,131.31,yahoo
2013-04-16,GLD,132.80,132.80,yahoo
2013-04-17,GLD,132.87,132.87,yahoo
2013-04-18,GLD,134.30,134.30,yahoo
2013-04-19,GLD,135.47,135.47,yahoo
2013-04-22,GLD,137.90,137.90,yahoo
2013-04-23,GLD,136.88,136.88,yahoo
2013-04-24,GLD,138.37,138.37,yahoo
2013-04-25,GLD,141.63,141.63,yahoo
2013-04-26,GLD,140.91,140.91,yahoo
2013-04-29,GLD,142.30,142.30,yahoo
2013-04-30,GLD,142.77,142.77,yahoo
2013-05-01,GLD,141.11,141.11,yahoo
2013-05-02,GLD,141.92,141.92,yahoo
2013-05-03,GLD,142.09,142.09,yahoo
2013-05-06,GLD,142.15,142.15,yahoo
2013-05-07,GLD,140.38,140.38,yahoo
2013-05-08,GLD,142.46,142.46,yahoo
2013-05-09,GLD,140.81,140.81,yahoo
2013-05-10,GLD,139.60,139.60,yahoo
2013-05-13,GLD,138.43,138.43,yahoo
2013-05-14,GLD,137.81,137.81,yahoo
2013-05-15,GLD,134.63,134.63,yahoo
2013-05-16,GLD,134.09,134.09,yahoo
2013-05-17,GLD,131.07,131.07,yahoo
2013-05-20,GLD,135.12,135.12,yahoo
2013-05-21,GLD,132.88,132.88,yahoo
2013-05-22,GLD,131.94,131.94,yahoo
2013-05-23,GLD,134.61,134.61,yahoo
2013-05-24,GLD,133.76,133.76,yahoo
2013-05-28,GLD,133.49,133.49,yahoo
2013-05-29,GLD,134.83,134.83,yahoo
2013-05-30,GLD,136.70,136.70,yahoo
2013-05-31,GLD,133.92,133.92,yahoo
2013-06-03,GLD,136.51,136.51,yahoo
2013-06-04,GLD,135.23,135.23,yahoo
2013-06-05,GLD,135.52,135.52,yahoo
2013-06-06,GLD,136.53,136.53,yahoo
2013-06-07,GLD,133.28,133.28,yahoo
2013-06-10,GLD,133.94,133.94,yahoo
2013-06-11,GLD,133.25,133.25,yahoo
2013-06-12,GLD,134.25,134.25,yahoo
2013-06-13,GLD,133.74,133.74,yahoo
2013-06-14,GLD,134.43,134.43,yahoo
2013-06-17,GLD,133.77,133.77,yahoo
2013-06-18,GLD,132.13,132.13,yahoo
2013-06-19,GLD,130.59,130.59,yahoo
2013-06-20,GLD,123.60,123.60,yahoo
2013-06-21,GLD,125.05,125.05,yahoo
2013-06-24,GLD,123.93,123.93,yahoo
2013-06-25,GLD,123.47,123.47,yahoo
2013-06-26,GLD,118.28,118.28,yahoo
2013-06-27,GLD,115.94,115.94,yahoo
2013-06-28,GLD,119.11,119.11,yahoo
2013-07-01,GLD,121.13,121.13,yahoo
2013-07-02,GLD,120.05,120.05,yahoo
2013-07-03,GLD,120.74,120.74,yahoo
2013-07-05,GLD,118.09,118.09,yahoo
2013-07-08,GLD,119.51,119.51,yahoo
2013-07-09,GLD,120.62,120.62,yahoo
2013-07-10,GLD,120.95,120.95,yahoo
2013-07-11,GLD,124.24,124.24,yahoo
2013-07-12,GLD,124.13,124.13,yahoo
2013-07-15,GLD,124.18,124.18,yahoo
2013-07-16,GLD,124.89,124.89,yahoo
2013-07-17,GLD,123.32,123.32,yahoo
2013-07-18,GLD,124.01,124.01,yahoo
2013-07-19,GLD,125.11,125.11,yahoo
2013-07-22,GLD,128.84,128.84,yahoo
2013-07-23,GLD,129.71,129.71,yahoo
2013-07-24,GLD,127.48,127.48,yahoo
2013-07-25,GLD,128.67,128.67,yahoo
2013-07-26,GLD,128.78,128.78,yahoo
2013-07-29,GLD,128.47,128.47,yahoo
2013-07-30,GLD,128.12,128.12,yahoo
2013-07-31,GLD,127.96,127.96,yahoo
2013-08-01,GLD,126.61,126.61,yahoo
2013-08-02,GLD,126.36,126.36,yahoo
2013-08-05,GLD,125.70,125.70,yahoo
2013-08-06,GLD,123.97,123.97,yahoo
2013-08-07,GLD,124.15,124.15,yahoo
2013-08-08,GLD,126.86,126.86,yahoo
2013-08-09,GLD,126.86,126.86,yahoo
2013-08-12,GLD,129.13,129.13,yahoo
2013-08-13,GLD,127.74,127.74,yahoo
2013-08-14,GLD,129,129,yahoo
2013-08-15,GLD,131.69,131.69,yahoo
2013-08-16,GLD,132.58,132.58,yahoo
2013-08-19,GLD,132.01,132.01,yahoo
2013-08-20,GLD,132.45,132.45,yahoo
2013-08-21,GLD,132.07,132.07,yahoo
2013-08-22,GLD,132.81,132.81,yahoo
2013-08-23,GLD,134.90,134.90,yahoo
2013-08-26,GLD,135.45,135.45,yahoo
2013-08-27,GLD,136.75,136.75,yahoo
2013-08-28,GLD,136.71,136.71,yahoo
2013-08-29,GLD,135.87,135.87,yahoo
2013-08-30,GLD,134.62,134.62,yahoo
2013-09-03,GLD,136.42,136.42,yahoo
2013-09-04,GLD,134.66,134.66,yahoo
2013-09-05,GLD,132.20,132.20,yahoo
2013-09-06,GLD,134.15,134.15,yahoo
2013-09-09,GLD,133.91,133.91,yahoo
2013-09-10,GLD,131.74,131.74,yahoo
2013-09-11,GLD,131.70,131.70,yahoo
2013-09-12,GLD,127.67,127.67,yahoo
2013-09-13,GLD,127.82,127.82,yahoo
2013-09-16,GLD,126.45,126.45,yahoo
2013-09-17,GLD,126.50,126.50,yahoo
2013-09-18,GLD,132.01,132.01,yahoo
2013-09-19,GLD,131.75,131.75,yahoo
2013-09-20,GLD,127.96,127.96,yahoo
2013-09-23,GLD,127.55,127.55,yahoo
2013-09-24,GLD,127.66,127.66,yahoo
2013-09-25,GLD,128.79,128.79,yahoo
2013-09-26,GLD,127.79,127.79,yahoo
2013-09-27,GLD,128.97,128.97,yahoo
2013-09-30,GLD,128.18,128.18,yahoo
2013-10-01,GLD,124.59,124.59,yahoo
2013-10-02,GLD,127.06,127.06,yahoo
2013-10-03,GLD,127.18,127.18,yahoo
2013-10-04,GLD,126.53,126.53,yahoo
2013-10-07,GLD,127.64,127.64,yahoo
2013-10-08,GLD,127.40,127.40,yahoo
2013-10-09,GLD,126.11,126.11,yahoo
2013-10-10,GLD,124.27,124.27,yahoo
2013-10-11,GLD,122.60,122.60,yahoo
2013-10-14,GLD,122.83,122.83,yahoo
2013-10-15,GLD,123.73,123.73,yahoo
2013-10-16,GLD,123.54,123.54,yahoo
2013-10-17,GLD,127.42,127.42,yahoo
2013-10-18,GLD,126.85,126.85,yahoo
2013-10-21,GLD,126.98,126.98,yahoo
2013-10-22,GLD,129.34,129.34,yahoo
2013-10-23,GLD,128.69,128.69,yahoo
2013-10-24,GLD,129.90,129.90,yahoo
2013-10-25,GLD,130.46,130.46,yahoo
2013-10-28,GLD,130.56,130.56,yahoo
2013-10-29,GLD,129.77,129.77,yahoo
2013-10-30,GLD,129.60,129.60,yahoo
2013-10-31,GLD,127.74,127.74,yahoo
2013-11-01,GLD,126.95,126.95,yahoo
2013-11-04,GLD,126.81,126.81,yahoo
2013-11-05,GLD,126.56,126.56,yahoo
2013-11-06,GLD,127.20,127.20,yahoo
2013-11-07,GLD,126.16,126.16,yahoo
2013-11-08,GLD,124.28,124.28,yahoo
2013-11-11,GLD,123.87,123.87,yahoo
2013-11-12,GLD,122.45,122.45,yahoo
2013-11-13,GLD,122.85,122.85,yahoo
2013-11-14,GLD,124.27,124.27,yahoo
2013-11-15,GLD,124.32,124.32,yahoo
2013-11-18,GLD,122.90,122.90,yahoo
2013-11-19,GLD,122.95,122.95,yahoo
2013-11-20,GLD,120.12,120.12,yahoo
2013-11-21,GLD,119.94,119.94,yahoo
2013-11-22,GLD,119.92,119.92,yahoo
2013-11-25,GLD,120.46,120.46,yahoo
2013-11-26,GLD,119.82,119.82,yahoo
2013-11-27,GLD,119.46,119.46,yahoo
2013-11-29,GLD,120.70,120.70,yahoo
2013-12-02,GLD,117.58,117.58,yahoo
2013-12-03,GLD,117.96,117.96,yahoo
2013-12-04,GLD,119.96,119.96,yahoo
2013-12-05,GLD,118.30,118.30,yahoo
2013-12-06,GLD,118.55,118.55,yahoo
2013-12-09,GLD,119.72,119.72,yahoo
2013-12-10,GLD,121.82,121.82,yahoo
2013-12-11,GLD,120.86,120.86,yahoo
2013-12-12,GLD,118.29,118.29,yahoo
2013-12-13,GLD,119.38,119.38,yahoo
2013-12-16,GLD,119.69,119.69,yahoo
2013-12-17,GLD,118.65,118.65,yahoo
2013-12-18,GLD,117.61,117.61,yahoo
2013-12-19,GLD,114.82,114.82,yahoo
2013-12-20,GLD,115.94,115.94,yahoo
2013-12-23,GLD,115.57,115.57,yahoo
2013-12-24,GLD,116.10,116.10,yahoo
2013-12-26,GLD,116.74,116.74,yahoo
2013-12-27,GLD,117.12,117.12,yahoo
2013-12-30,GLD,115.39,115.39,yahoo
2013-12-31,GLD,116.12,116.12,yahoo
2014-01-02,GLD,118,118,yahoo
2014-01-03,GLD,119.29,119.29,yahoo
2014-01-06,GLD,119.50,119.50,yahoo
2014-01-07,GLD,118.82,118.82,yahoo
2014-01-08,GLD,118.12,118.12,yahoo
2014-01-09,GLD,118.46,118.46,yahoo
2014-01-10,GLD,120.26,120.26,yahoo
2014-01-13,GLD,121.02,121.02,yahoo
2014-01-14,GLD,119.89,119.89,yahoo
2014-01-15,GLD,119.66,119.66,yahoo
2014-01-16,GLD,119.79,119.79,yahoo
2014-01-17,GLD,120.93,120.93,yahoo
2014-01-21,GLD,119.70,119.70,yahoo
2014-01-22,GLD,119.19,119.19,yahoo
2014-01-23,GLD,121.79,121.79,yahoo
2014-01-24,GLD,122.29,122.29,yahoo
2014-01-27,GLD,120.96,120.96,yahoo
2014-01-28,GLD,120.95,120.95,yahoo
2014-01-29,GLD,122.47,122.47,yahoo
2014-01-30,GLD,119.77,119.77,yahoo
2014-01-31,GLD,120.09,120.09,yahoo
2014-02-03,GLD,121.32,121.32,yahoo
2014-02-04,GLD,120.99,120.99,yahoo
2014-02-05,GLD,121.29,121.29,yahoo
2014-02-06,GLD,121.24,121.24,yahoo
2014-02-07,GLD,122.17,122.17,yahoo
2014-02-10,GLD,122.92,122.92,yahoo
2014-02-11,GLD,124.36,124.36,yahoo
2014-02-12,GLD,124.43,124.43,yahoo
2014-02-13,GLD,125.49,125.49,yahoo
2014-02-14,GLD,127.15,127.15,yahoo
2014-02-18,GLD,127.40,127.40,yahoo
2014-02-19,GLD,126.27,126.27,yahoo
2014-02-20,GLD,127.60,127.60,yahoo
2014-02-21,GLD,127.58,127.58,yahoo
2014-02-24,GLD,128.99,128.99,yahoo
2014-02-25,GLD,129.21,129.21,yahoo
2014-02-26,GLD,128.11,128.11,yahoo
2014-02-27,GLD,128.20,128.20,yahoo
2014-02-28,GLD,127.62,127.62,yahoo
2014-03-03,GLD,130.29,130.29,yahoo
2014-03-04,GLD,128.68,128.68,yahoo
2014-03-05,GLD,128.89,128.89,yahoo
2014-03-06,GLD,130.17,130.17,yahoo
2014-03-07,GLD,129.09,129.09,yahoo
2014-03-10,GLD,129.13,129.13,yahoo
2014-03-11,GLD,129.86,129.86,yahoo
2014-03-12,GLD,131.76,131.76,yahoo
2014-03-13,GLD,132.21,132.21,yahoo
2014-03-14,GLD,133.10,133.10,yahoo
2014-03-17,GLD,131.64,131.64,yahoo
2014-03-18,GLD,130.62,130.62,yahoo
2014-03-19,GLD,128.09,128.09,yahoo
2014-03-20,GLD,127.86,127.86,yahoo
2014-03-21,GLD,128.47,128.47,yahoo
2014-03-24,GLD,126.18,126.18,yahoo
2014-03-25,GLD,126.41,126.41,yahoo
2014-03-26,GLD,125.41,125.41,yahoo
2014-03-27,GLD,124.59,124.59,yahoo
2014-03-28,GLD,124.56,124.56,yahoo
2014-03-31,GLD,123.61,123.61,yahoo
2014-04-01,GLD,123.39,123.39,yahoo
2014-04-02,GLD,124.32,124.32,yahoo
2014-04-03,GLD,123.92,123.92,yahoo
2014-04-04,GLD,125.57,125.57,yahoo
2014-04-07,GLD,124.91,124.91,yahoo
2014-04-08,GLD,126.09,126.09,yahoo
2014-04-09,GLD,126.32,126.32,yahoo
2014-04-10,GLD,127.01,127.01,yahoo
2014-04-11,GLD,126.93,126.93,yahoo
2014-04-14,GLD,127.85,127.85,yahoo
2014-04-15,GLD,125.49,125.49,yahoo
2014-04-16,GLD,125.54,125.54,yahoo
2014-04-17,GLD,124.75,124.75,yahoo
2014-04-21,GLD,124.24,124.24,yahoo
2014-04-22,GLD,123.78,123.78,yahoo
2014-04-23,GLD,123.76,123.76,yahoo
2014-04-24,GLD,124.56,124.56,yahoo
2014-04-25,GLD,125.43,125.43,yahoo
2014-04-28,GLD,124.88,124.88,yahoo
2014-04-29,GLD,124.86,124.86,yahoo
2014-04-30,GLD,124.22,124.22,yahoo
2014-05-01,GLD,123.80,123.80,yahoo
2014-05-02,GLD,125.06,125.06,yahoo
2014-05-05,GLD,126.22,126.22,yahoo
2014-05-06,GLD,125.98,125.98,yahoo
2014-05-07,GLD,124.17,124.17,yahoo
2014-05-08,GLD,124.17,124.17,yahoo
2014-05-09,GLD,124.10,124.10,yahoo
2014-05-12,GLD,124.94,124.94,yahoo
2014-05-13,GLD,124.60,124.60,yahoo
2014-05-14,GLD,125.81,125.81,yahoo
2014-05-15,GLD,124.77,124.77,yahoo
2014-05-16,GLD,124.50,124.50,yahoo
2014-05-19,GLD,124.58,124.58,yahoo
2014-05-20,GLD,124.69,124.69,yahoo
2014-05-21,GLD,124.39,124.39,yahoo
2014-05-22,GLD,124.67,124.67,yahoo
2014-05-23,GLD,124.51,124.51,yahoo
2014-05-27,GLD,121.85,121.85,yahoo
2014-05-28,GLD,121.20,121.20,yahoo
2014-05-29,GLD,120.94,120.94,yahoo
2014-05-30,GLD,120.43,120.43,yahoo
2014-06-02,GLD,119.70,119.70,yahoo
2014-06-03,GLD,120.01,120.01,yahoo
2014-06-04,GLD,119.76,119.76,yahoo
2014-06-05,GLD,120.66,120.66,yahoo
2014-06-06,GLD,120.61,120.61,yahoo
2014-06-09,GLD,120.65,120.65,yahoo
2014-06-10,GLD,121.39,121.39,yahoo
2014-06-11,GLD,121.41,121.41,yahoo
2014-06-12,GLD,122.64,122.64,yahoo
2014-06-13,GLD,122.96,122.96,yahoo
2014-06-16,GLD,122.42,122.42,yahoo
2014-06-17,GLD,122.28,122.28,yahoo
2014-06-18,GLD,122.67,122.67,yahoo
2014-06-19,GLD,126.94,126.94,yahoo
2014-06-20,GLD,126.50,126.50,yahoo
2014-06-23,GLD,126.85,126.85,yahoo
2014-06-24,GLD,126.98,126.98,yahoo
2014-06-25,GLD,126.99,126.99,yahoo
2014-06-26,GLD,126.73,126.73,yahoo
2014-06-27,GLD,126.66,126.66,yahoo
2014-06-30,GLD,128.04,128.04,yahoo
2014-07-01,GLD,127.70,127.70,yahoo
2014-07-02,GLD,127.70,127.70,yahoo
2014-07-03,GLD,127.16,127.16,yahoo
2014-07-07,GLD,127.02,127.02,yahoo
2014-07-08,GLD,127.07,127.07,yahoo
2014-07-09,GLD,127.84,127.84,yahoo
2014-07-10,GLD,128.54,128.54,yahoo
2014-07-11,GLD,128.78,128.78,yahoo
2014-07-14,GLD,125.72,125.72,yahoo
2014-07-15,GLD,124.53,124.53,yahoo
2014-07-16,GLD,124.97,124.97,yahoo
2014-07-17,GLD,127.09,127.09,yahoo
2014-07-18,GLD,126.13,126.13,yahoo
2014-07-21,GLD,126.34,126.34,yahoo
2014-07-22,GLD,125.74,125.74,yahoo
2014-07-23,GLD,125.62,125.62,yahoo
2014-07-24,GLD,124.35,124.35,yahoo
2014-07-25,GLD,125.79,125.79,yahoo
2014-07-28,GLD,125.58,125.58,yahoo
2014-07-29,GLD,125.20,125.20,yahoo
2014-07-30,GLD,124.83,124.83,yahoo
2014-07-31,GLD,123.39,123.39,yahoo
2014-08-01,GLD,124.38,124.38,yahoo
2014-08-04,GLD,123.99,123.99,yahoo
2014-08-05,GLD,123.87,123.87,yahoo
2014-08-06,GLD,125.67,125.67,yahoo
2014-08-07,GLD,126.18,126.18,yahoo
2014-08-08,GLD,126.19,126.19,yahoo
2014-08-11,GLD,125.96,125.96,yahoo
2014-08-12,GLD,125.99,125.99,yahoo
2014-08-13,GLD,126.20,126.20,yahoo
2014-08-14,GLD,126.31,126.31,yahoo
2014-08-15,GLD,125.48,125.48,yahoo
2014-08-18,GLD,124.96,124.96,yahoo
2014-08-19,GLD,124.68,124.68,yahoo
2014-08-20,GLD,124.22,124.22,yahoo
2014-08-21,GLD,122.88,122.88,yahoo
2014-08-22,GLD,123.19,123.19,yahoo
2014-08-25,GLD,122.74,122.74,yahoo
2014-08-26,GLD,123.35,123.35,yahoo
2014-08-27,GLD,123.32,123.32,yahoo
2014-08-28,GLD,124,124,yahoo
2014-08-29,GLD,123.86,123.86,yahoo
2014-09-02,GLD,121.65,121.65,yahoo
2014-09-03,GLD,122.15,122.15,yahoo
2014-09-04,GLD,121.48,121.48,yahoo
2014-09-05,GLD,122.06,122.06,yahoo
2014-09-08,GLD,120.73,120.73,yahoo
2014-09-09,GLD,120.87,120.87,yahoo
2014-09-10,GLD,120.26,120.26,yahoo
2014-09-11,GLD,119.47,119.47,yahoo
2014-09-12,GLD,118.38,118.38,yahoo
2014-09-15,GLD,118.64,118.64,yahoo
2014-09-16,GLD,118.83,118.83,yahoo
2014-09-17,GLD,117.54,117.54,yahoo
2014-09-18,GLD,117.78,117.78,yahoo
2014-09-19,GLD,117.09,117.09,yahoo
2014-09-22,GLD,116.85,116.85,yahoo
2014-09-23,GLD,117.60,117.60,yahoo
2014-09-24,GLD,117.05,117.05,yahoo
2014-09-25,GLD,117.39,117.39,yahoo
2014-09-26,GLD,117.06,117.06,yahoo
2014-09-29,GLD,117.03,117.03,yahoo
2014-09-30,GLD,116.21,116.21,yahoo
2014-10-01,GLD,116.77,116.77,yahoo
2014-10-02,GLD,116.74,116.74,yahoo
2014-10-03,GLD,114.61,114.61,yahoo
2014-10-06,GLD,116.03,116.03,yahoo
2014-10-07,GLD,116.36,116.36,yahoo
2014-10-08,GLD,117.47,117.47,yahoo
2014-10-09,GLD,117.64,117.64,yahoo
2014-10-10,GLD,117.59,117.59,yahoo
2014-10-13,GLD,118.52,118.52,yahoo
2014-10-14,GLD,118.59,118.59,yahoo
2014-10-15,GLD,118.99,118.99,yahoo
2014-10-16,GLD,119.22,119.22,yahoo
2014-10-17,GLD,118.99,118.99,yahoo
2014-10-20,GLD,119.80,119.80,yahoo
2014-10-21,GLD,120.02,120.02,yahoo
2014-10-22,GLD,119.34,119.34,yahoo
2014-10-23,GLD,118.52,118.52,yahoo
2014-10-24,GLD,118.35,118.35,yahoo
2014-10-27,GLD,118.06,118.06,yahoo
2014-10-28,GLD,118.10,118.10,yahoo
2014-10-29,GLD,116.41,116.41,yahoo
2014-10-30,GLD,115.19,115.19,yahoo
2014-10-31,GLD,112.66,112.66,yahoo
2014-11-03,GLD,112.15,112.15,yahoo
2014-11-04,GLD,112.22,112.22,yahoo
2014-11-05,GLD,109.79,109.79,yahoo
2014-11-06,GLD,109.88,109.88,yahoo
2014-11-07,GLD,112.97,112.97,yahoo
2014-11-10,GLD,110.46,110.46,yahoo
2014-11-11,GLD,112.04,112.04,yahoo
2014-11-12,GLD,111.50,111.50,yahoo
2014-11-13,GLD,111.67,111.67,yahoo
2014-11-14,GLD,114.47,114.47,yahoo
2014-11-17,GLD,114.05,114.05,yahoo
2014-11-18,GLD,115.05,115.05,yahoo
2014-11-19,GLD,113.68,113.68,yahoo
2014-11-20,GLD,114.86,114.86,yahoo
2014-11-21,GLD,115.39,115.39,yahoo
2014-11-24,GLD,115.11,115.11,yahoo
2014-11-25,GLD,115.38,115.38,yahoo
2014-11-26,GLD,115.16,115.16,yahoo
2014-11-28,GLD,112.11,112.11,yahoo
2014-12-01,GLD,116.58,116.58,yahoo
2014-12-02,GLD,115.14,115.14,yahoo
2014-12-03,GLD,116.33,116.33,yahoo
2014-12-04,GLD,115.88,115.88,yahoo
2014-12-05,GLD,114.43,114.43,yahoo
2014-12-08,GLD,115.78,115.78,yahoo
2014-12-09,GLD,118.19,118.19,yahoo
2014-12-10,GLD,117.96,117.96,yahoo
2014-12-11,GLD,117.69,117.69,yahoo
2014-12-12,GLD,117.41,117.41,yahoo
2014-12-15,GLD,114.39,114.39,yahoo
2014-12-16,GLD,114.95,114.95,yahoo
2014-12-17,GLD,114.27,114.27,yahoo
2014-12-18,GLD,115.15,115.15,yahoo
2014-12-19,GLD,114.77,114.77,yahoo
2014-12-22,GLD,112.55,112.55,yahoo
2014-12-23,GLD,112.74,112.74,yahoo
2014-12-24,GLD,112.77,112.77,yahoo
2014-12-26,GLD,114.83,114.83,yahoo
2014-12-29,GLD,113.67,113.67,yahoo
2014-12-30,GLD,115.20,115.20,yahoo
2014-12-31,GLD,113.58,113.58,yahoo
2015-01-02,GLD,114.08,114.08,yahoo
2015-01-05,GLD,115.80,115.80,yahoo
2015-01-06,GLD,117.12,117.12,yahoo
2015-01-07,GLD,116.43,116.43,yahoo
2015-01-08,GLD,115.94,115.94,yahoo
2015-01-09,GLD,117.26,117.26,yahoo
2015-01-12,GLD,118.56,118.56,yahoo
2015-01-13,GLD,118.16,118.16,yahoo
2015-01-14,GLD,117.97,117.97,yahoo
2015-01-15,GLD,120.94,120.94,yahoo
2015-01-16,GLD,122.52,122.52,yahoo
2015-01-20,GLD,124.20,124.20,yahoo
2015-01-21,GLD,124.23,124.23,yahoo
2015-01-22,GLD,125.23,125.23,yahoo
2015-01-23,GLD,124.23,124.23,yahoo
2015-01-26,GLD,122.99,122.99,yahoo
2015-01-27,GLD,124.40,124.40,yahoo
2015-01-28,GLD,123.42,123.42,yahoo
2015-01-29,GLD,120.76,120.76,yahoo
2015-01-30,GLD,123.45,123.45,yahoo
2015-02-02,GLD,122.42,122.42,yahoo
2015-02-03,GLD,121.05,121.05,yahoo
2015-02-04,GLD,121.58,121.58,yahoo
2015-02-05,GLD,121.79,121.79,yahoo
2015-02-06,GLD,118.64,118.64,yahoo
2015-02-09,GLD,119.17,119.17,yahoo
2015-02-10,GLD,118.47,118.47,yahoo
2015-02-11,GLD,117.07,117.07,yahoo
2015-02-12,GLD,117.34,117.34,yahoo
2015-02-13,GLD,117.98,117.98,yahoo
2015-02-17,GLD,116.01,116.01,yahoo
2015-02-18,GLD,116.34,116.34,yahoo
2015-02-19,GLD,115.94,115.94,yahoo
2015-02-20,GLD,115.28,115.28,yahoo
2015-02-23,GLD,115.43,115.43,yahoo
2015-02-24,GLD,115.26,115.26,yahoo
2015-02-25,GLD,115.70,115.70,yahoo
2015-02-26,GLD,116.07,116.07,yahoo
2015-02-27,GLD,116.16,116.16,yahoo
2015-03-02,GLD,115.68,115.68,yahoo
2015-03-03,GLD,115.47,115.47,yahoo
2015-03-04,GLD,115.11,115.11,yahoo
2015-03-05,GLD,115,115,yahoo
2015-03-06,GLD,111.86,111.86,yahoo
2015-03-09,GLD,111.97,111.97,yahoo
2015-03-10,GLD,111.42,111.42,yahoo
2015-03-11,GLD,110.75,110.75,yahoo
2015-03-12,GLD,110.72,110.72,yahoo
2015-03-13,GLD,110.88,110.88,yahoo
2015-03-16,GLD,110.81,110.81,yahoo
2015-03-17,GLD,110.21,110.21,yahoo
2015-03-18,GLD,112.37,112.37,yahoo
2015-03-19,GLD,112.29,112.29,yahoo
2015-03-20,GLD,113.57,113.57,yahoo
2015-03-23,GLD,114.29,114.29,yahoo
2015-03-24,GLD,114.57,114.57,yahoo
2015-03-25,GLD,114.73,114.73,yahoo
2015-03-26,GLD,115.48,115.48,yahoo
2015-03-27,GLD,115.06,115.06,yahoo
2015-03-30,GLD,113.75,113.75,yahoo
2015-03-31,GLD,113.66,113.66,yahoo
2015-04-01,GLD,115.60,115.60,yahoo
2015-04-02,GLD,115.28,115.28,yahoo
2015-04-06,GLD,116.69,116.69,yahoo
2015-04-07,GLD,116.11,116.11,yahoo
2015-04-08,GLD,115.47,115.47,yahoo
2015-04-09,GLD,114.67,114.67,yahoo
2015-04-10,GLD,115.97,115.97,yahoo
2015-04-13,GLD,115.14,115.14,yahoo
2015-04-14,GLD,114.44,114.44,yahoo
2015-04-15,GLD,115.43,115.43,yahoo
2015-04-16,GLD,115.03,115.03,yahoo
2015-04-17,GLD,115.60,115.60,yahoo
2015-04-20,GLD,114.72,114.72,yahoo
2015-04-21,GLD,115.38,115.38,yahoo
2015-04-22,GLD,113.83,113.83,yahoo
2015-04-23,GLD,114.66,114.66,yahoo
2015-04-24,GLD,113.05,113.05,yahoo
2015-04-27,GLD,115.33,115.33,yahoo
2015-04-28,GLD,116.33,116.33,yahoo
2015-04-29,GLD,115.51,115.51,yahoo
2015-04-30,GLD,113.47,113.47,yahoo
2015-05-01,GLD,113.08,113.08,yahoo
2015-05-04,GLD,114.10,114.10,yahoo
2015-05-05,GLD,114.42,114.42,yahoo
2015-05-06,GLD,114.36,114.36,yahoo
2015-05-07,GLD,113.42,113.42,yahoo
2015-05-08,GLD,113.97,113.97,yahoo
2015-05-11,GLD,113.53,113.53,yahoo
2015-05-12,GLD,114.50,114.50,yahoo
2015-05-13,GLD,116.55,116.55,yahoo
2015-05-14,GLD,117.18,117.18,yahoo
2015-05-15,GLD,117.53,117.53,yahoo
2015-05-18,GLD,117.52,117.52,yahoo
2015-05-19,GLD,115.89,115.89,yahoo
2015-05-20,GLD,116.08,116.08,yahoo
2015-05-21,GLD,115.69,115.69,yahoo
2015-05-22,GLD,115.60,115.60,yahoo
2015-05-26,GLD,113.91,113.91,yahoo
2015-05-27,GLD,113.89,113.89,yahoo
2015-05-28,GLD,114.02,114.02,yahoo
2015-05-29,GLD,114.10,114.10,yahoo
2015-06-01,GLD,114,114,yahoo
2015-06-02,GLD,114.46,114.46,yahoo
2015-06-03,GLD,113.64,113.64,yahoo
2015-06-04,GLD,112.84,112.84,yahoo
2015-06-05,GLD,112.24,112.24,yahoo
2015-06-08,GLD,112.57,112.57,yahoo
2015-06-09,GLD,112.82,112.82,yahoo
2015-06-10,GLD,113.78,113.78,yahoo
2015-06-11,GLD,113.26,113.26,yahoo
2015-06-12,GLD,113.23,113.23,yahoo
2015-06-15,GLD,113.73,113.73,yahoo
2015-06-16,GLD,113.32,113.32,yahoo
2015-06-17,GLD,113.85,113.85,yahoo
2015-06-18,GLD,115.32,115.32,yahoo
2015-06-19,GLD,115.12,115.12,yahoo
2015-06-22,GLD,113.64,113.64,yahoo
2015-06-23,GLD,112.89,112.89,yahoo
2015-06-24,GLD,112.59,112.59,yahoo
2015-06-25,GLD,112.44,112.44,yahoo
2015-06-26,GLD,112.56,112.56,yahoo
2015-06-29,GLD,113.07,113.07,yahoo
2015-06-30,GLD,112.37,112.37,yahoo
2015-07-01,GLD,111.98,111.98,yahoo
2015-07-02,GLD,111.76,111.76,yahoo
2015-07-06,GLD,112.06,112.06,yahoo
2015-07-07,GLD,110.76,110.76,yahoo
2015-07-08,GLD,111.09,111.09,yahoo
2015-07-09,GLD,111.36,111.36,yahoo
2015-07-10,GLD,111.49,111.49,yahoo
2015-07-13,GLD,110.99,110.99,yahoo
2015-07-14,GLD,110.74,110.74,yahoo
2015-07-15,GLD,110.16,110.16,yahoo
2015-07-16,GLD,109.76,109.76,yahoo
2015-07-17,GLD,108.65,108.65,yahoo
2015-07-20,GLD,105.70,105.70,yahoo
2015-07-21,GLD,105.37,105.37,yahoo
2015-07-22,GLD,104.80,104.80,yahoo
2015-07-23,GLD,104.33,104.33,yahoo
2015-07-24,GLD,105.35,105.35,yahoo
2015-07-27,GLD,104.86,104.86,yahoo
2015-07-28,GLD,105.02,105.02,yahoo
2015-07-29,GLD,105.17,105.17,yahoo
2015-07-30,GLD,104.27,104.27,yahoo
2015-07-31,GLD,104.93,104.93,yahoo
2015-08-03,GLD,104.10,104.10,yahoo
2015-08-04,GLD,104.31,104.31,yahoo
2015-08-05,GLD,103.93,103.93,yahoo
2015-08-06,GLD,104.39,104.39,yahoo
2015-08-07,GLD,104.65,104.65,yahoo
2015-08-10,GLD,105.72,105.72,yahoo
2015-08-11,GLD,106.26,106.26,yahoo
2015-08-12,GLD,107.75,107.75,yahoo
2015-08-13,GLD,106.86,106.86,yahoo
2015-08-14,GLD,106.85,106.85,yahoo
2015-08-17,GLD,107.13,107.13,yahoo
2015-08-18,GLD,107.11,107.11,yahoo
2015-08-19,GLD,108.55,108.55,yahoo
2015-08-20,GLD,110.44,110.44,yahoo
2015-08-21,GLD,111.13,111.13,yahoo
2015-08-24,GLD,110.53,110.53,yahoo
2015-08-25,GLD,109.16,109.16,yahoo
2015-08-26,GLD,107.67,107.67,yahoo
2015-08-27,GLD,107.73,107.73,yahoo
2015-08-28,GLD,108.70,108.70,yahoo
2015-08-31,GLD,108.82,108.82,yahoo
2015-09-01,GLD,109.20,109.20,yahoo
2015-09-02,GLD,108.62,108.62,yahoo
2015-09-03,GLD,107.84,107.84,yahoo
2015-09-04,GLD,107.49,107.49,yahoo
2015-09-08,GLD,107.52,107.52,yahoo
2015-09-09,GLD,106.13,106.13,yahoo
2015-09-10,GLD,106.38,106.38,yahoo
2015-09-11,GLD,106.16,106.16,yahoo
2015-09-14,GLD,106.22,106.22,yahoo
2015-09-15,GLD,105.90,105.90,yahoo
2015-09-16,GLD,107.31,107.31,yahoo
2015-09-17,GLD,108.41,108.41,yahoo
2015-09-18,GLD,109.21,109.21,yahoo
2015-09-21,GLD,108.53,108.53,yahoo
2015-09-22,GLD,107.79,107.79,yahoo
2015-09-23,GLD,108.22,108.22,yahoo
2015-09-24,GLD,110.49,110.49,yahoo
2015-09-25,GLD,109.81,109.81,yahoo
2015-09-28,GLD,108.42,108.42,yahoo
2015-09-29,GLD,107.98,107.98,yahoo
2015-09-30,GLD,106.86,106.86,yahoo
2015-10-01,GLD,106.73,106.73,yahoo
2015-10-02,GLD,108.99,108.99,yahoo
2015-10-05,GLD,108.77,108.77,yahoo
2015-10-06,GLD,109.86,109.86,yahoo
2015-10-07,GLD,109.70,109.70,yahoo
2015-10-08,GLD,109.14,109.14,yahoo
2015-10-09,GLD,110.87,110.87,yahoo
2015-10-12,GLD,111.31,111.31,yahoo
2015-10-13,GLD,111.86,111.86,yahoo
2015-10-14,GLD,113.81,113.81,yahoo
2015-10-15,GLD,113.29,113.29,yahoo
2015-10-16,GLD,112.49,112.49,yahoo
2015-10-19,GLD,112.02,112.02,yahoo
2015-10-20,GLD,112.73,112.73,yahoo
2015-10-21,GLD,111.73,111.73,yahoo
2015-10-22,GLD,111.69,111.69,yahoo
2015-10-23,GLD,111.50,111.50,yahoo
2015-10-26,GLD,111.43,111.43,yahoo
2015-10-27,GLD,111.68,111.68,yahoo
2015-10-28,GLD,110.78,110.78,yahoo
2015-10-29,GLD,109.72,109.72,yahoo
2015-10-30,GLD,109.30,109.30,yahoo
2015-11-02,GLD,108.59,108.59,yahoo
2015-11-03,GLD,106.98,106.98,yahoo
2015-11-04,GLD,105.97,105.97,yahoo
2015-11-05,GLD,105.64,105.64,yahoo
2015-11-06,GLD,104.10,104.10,yahoo
2015-11-09,GLD,104.40,104.40,yahoo
2015-11-10,GLD,104.18,104.18,yahoo
2015-11-11,GLD,103.83,103.83,yahoo
2015-11-12,GLD,103.85,103.85,yahoo
2015-11-13,GLD,103.56,103.56,yahoo
2015-11-16,GLD,103.71,103.71,yahoo
2015-11-17,GLD,102.34,102.34,yahoo
2015-11-18,GLD,102.43,102.43,yahoo
2015-11-19,GLD,103.56,103.56,yahoo
2015-11-20,GLD,103.09,103.09,yahoo
2015-11-23,GLD,102.26,102.26,yahoo
2015-11-24,GLD,102.94,102.94,yahoo
2015-11-25,GLD,102.46,102.46,yahoo
2015-11-27,GLD,101.25,101.25,yahoo
2015-11-30,GLD,101.92,101.92,yahoo
2015-12-01,GLD,102.28,102.28,yahoo
2015-12-02,GLD,100.69,100.69,yahoo
2015-12-03,GLD,101.76,101.76,yahoo
2015-12-04,GLD,104.02,104.02,yahoo
2015-12-07,GLD,102.67,102.67,yahoo
2015-12-08,GLD,102.84,102.84,yahoo
2015-12-09,GLD,102.64,102.64,yahoo
2015-12-10,GLD,102.55,102.55,yahoo
2015-12-11,GLD,103.11,103.11,yahoo
2015-12-14,GLD,101.79,101.79,yahoo
2015-12-15,GLD,101.52,101.52,yahoo
2015-12-16,GLD,102.75,102.75,yahoo
2015-12-17,GLD,100.50,100.50,yahoo
2015-12-18,GLD,102.04,102.04,yahoo
2015-12-21,GLD,103.15,103.15,yahoo
2015-12-22,GLD,102.61,102.61,yahoo
2015-12-23,GLD,102.31,102.31,yahoo
2015-12-24,GLD,103.05,103.05,yahoo
2015-12-28,GLD,102.27,102.27,yahoo
2015-12-29,GLD,102.20,102.20,yahoo
2015-12-30,GLD,101.42,101.42,yahoo
2015-12-31,GLD,101.46,101.46,yahoo
2016-01-04,GLD,102.89,102.89,yahoo
2016-01-05,GLD,103.18,103.18,yahoo
2016-01-06,GLD,104.67,104.67,yahoo
2016-01-07,GLD,106.15,106.15,yahoo
2016-01-08,GLD,105.68,105.68,yahoo
2016-01-11,GLD,104.74,104.74,yahoo
2016-01-12,GLD,104.21,104.21,yahoo
2016-01-13,GLD,104.72,104.72,yahoo
2016-01-14,GLD,103.02,103.02,yahoo
2016-01-15,GLD,104.08,104.08,yahoo
2016-01-19,GLD,103.98,103.98,yahoo
2016-01-20,GLD,105.37,105.37,yahoo
2016-01-21,GLD,105.49,105.49,yahoo
2016-01-22,GLD,105,105,yahoo
2016-01-25,GLD,106.08,106.08,yahoo
2016-01-26,GLD,107.29,107.29,yahoo
2016-01-27,GLD,107.69,107.69,yahoo
2016-01-28,GLD,106.54,106.54,yahoo
2016-01-29,GLD,106.95,106.95,yahoo
2016-02-01,GLD,108.05,108.05,yahoo
2016-02-02,GLD,108.09,108.09,yahoo
2016-02-03,GLD,109.25,109.25,yahoo
2016-02-04,GLD,110.57,110.57,yahoo
2016-02-05,GLD,112.32,112.32,yahoo
2016-02-08,GLD,113.83,113.83,yahoo
2016-02-09,GLD,113.58,113.58,yahoo
2016-02-10,GLD,114.46,114.46,yahoo
2016-02-11,GLD,119.06,119.06,yahoo
2016-02-12,GLD,118.36,118.36,yahoo
2016-02-16,GLD,114.77,114.77,yahoo
2016-02-17,GLD,115.48,115.48,yahoo
2016-02-18,GLD,118.29,118.29,yahoo
2016-02-19,GLD,117.58,117.58,yahoo
2016-02-22,GLD,115.49,115.49,yahoo
2016-02-23,GLD,117.22,117.22,yahoo
2016-02-24,GLD,117.61,117.61,yahoo
2016-02-25,GLD,117.92,117.92,yahoo
2016-02-26,GLD,117.11,117.11,yahoo
2016-02-29,GLD,118.64,118.64,yahoo
2016-03-01,GLD,117.77,117.77,yahoo
2016-03-02,GLD,118.68,118.68,yahoo
2016-03-03,GLD,120.73,120.73,yahoo
2016-03-04,GLD,120.54,120.54,yahoo
2016-03-07,GLD,121.14,121.14,yahoo
2016-03-08,GLD,120.58,120.58,yahoo
2016-03-09,GLD,119.58,119.58,yahoo
2016-03-10,GLD,121.50,121.50,yahoo
2016-03-11,GLD,119.41,119.41,yahoo
2016-03-14,GLD,117.87,117.87,yahoo
2016-03-15,GLD,117.96,117.96,yahoo
2016-03-16,GLD,120.59,120.59,yahoo
2016-03-17,GLD,120.13,120.13,yahoo
2016-03-18,GLD,119.80,119.80,yahoo
2016-03-21,GLD,118.96,118.96,yahoo
2016-03-22,GLD,119.31,119.31,yahoo
2016-03-23,GLD,116.61,116.61,yahoo
2016-03-24,GLD,116.33,116.33,yahoo
2016-03-28,GLD,116.60,116.60,yahoo
2016-03-29,GLD,118.76,118.76,yahoo
2016-03-30,GLD,117.10,117.10,yahoo
2016-03-31,GLD,117.64,117.64,yahoo
2016-04-01,GLD,116.93,116.93,yahoo
2016-04-04,GLD,116.15,116.15,yahoo
2016-04-05,GLD,117.66,117.66,yahoo
2016-04-06,GLD,116.94,116.94,yahoo
2016-04-07,GLD,118.61,118.61,yahoo
2016-04-08,GLD,118.43,118.43,yahoo
2016-04-11,GLD,120.03,120.03,yahoo
2016-04-12,GLD,120.05,120.05,yahoo
2016-04-13,GLD,118.77,118.77,yahoo
2016-04-14,GLD,117.11,117.11,yahoo
2016-04-15,GLD,117.92,117.92,yahoo
2016-04-18,GLD,117.74,117.74,yahoo
2016-04-19,GLD,119.58,119.58,yahoo
2016-04-20,GLD,118.97,118.97,yahoo
2016-04-21,GLD,119.42,119.42,yahoo
2016-04-22,GLD,117.89,117.89,yahoo
2016-04-25,GLD,118.23,118.23,yahoo
2016-04-26,GLD,118.70,118.70,yahoo
2016-04-27,GLD,119.04,119.04,yahoo
2016-04-28,GLD,121.29,121.29,yahoo
2016-04-29,GLD,123.65,123.65,yahoo
2016-05-02,GLD,123.24,123.24,yahoo
2016-05-03,GLD,122.96,122.96,yahoo
2016-05-04,GLD,122.21,122.21,yahoo
2016-05-05,GLD,122.07,122.07,yahoo
2016-05-06,GLD,123.18,123.18,yahoo
2016-05-09,GLD,120.65,120.65,yahoo
2016-05-10,GLD,120.98,120.98,yahoo
2016-05-11,GLD,122.12,122.12,yahoo
2016-05-12,GLD,121.16,121.16,yahoo
2016-05-13,GLD,121.71,121.71,yahoo
2016-05-16,GLD,121.80,121.80,yahoo
2016-05-17,GLD,122.22,122.22,yahoo
2016-05-18,GLD,120.10,120.10,yahoo
2016-05-19,GLD,119.87,119.87,yahoo
2016-05-20,GLD,119.71,119.71,yahoo
2016-05-23,GLD,119.37,119.37,yahoo
2016-05-24,GLD,117.30,117.30,yahoo
2016-05-25,GLD,116.98,116.98,yahoo
2016-05-26,GLD,116.58,116.58,yahoo
2016-05-27,GLD,115.62,115.62,yahoo
2016-05-31,GLD,116.06,116.06,yahoo
2016-06-01,GLD,115.94,115.94,yahoo
2016-06-02,GLD,115.67,115.67,yahoo
2016-06-03,GLD,118.88,118.88,yahoo
2016-06-06,GLD,118.92,118.92,yahoo
2016-06-07,GLD,118.82,118.82,yahoo
2016-06-08,GLD,120.58,120.58,yahoo
2016-06-09,GLD,121.25,121.25,yahoo
2016-06-10,GLD,121.74,121.74,yahoo
2016-06-13,GLD,122.64,122.64,yahoo
2016-06-14,GLD,122.77,122.77,yahoo
2016-06-15,GLD,123.68,123.68,yahoo
2016-06-16,GLD,122.38,122.38,yahoo
2016-06-17,GLD,123.95,123.95,yahoo
2016-06-20,GLD,123.21,123.21,yahoo
2016-06-21,GLD,120.84,120.84,yahoo
2016-06-22,GLD,120.90,120.90,yahoo
2016-06-23,GLD,120.11,120.11,yahoo
2016-06-24,GLD,126,126,yahoo
2016-06-27,GLD,126.68,126.68,yahoo
2016-06-28,GLD,125.32,125.32,yahoo
2016-06-29,GLD,125.84,125.84,yahoo
2016-06-30,GLD,126.47,126.47,yahoo
2016-07-01,GLD,128.41,128.41,yahoo
2016-07-05,GLD,129.47,129.47,yahoo
2016-07-06,GLD,130.23,130.23,yahoo
2016-07-07,GLD,129.74,129.74,yahoo
2016-07-08,GLD,130.52,130.52,yahoo
2016-07-11,GLD,129.29,129.29,yahoo
2016-07-12,GLD,127.15,127.15,yahoo
2016-07-13,GLD,128.32,128.32,yahoo
2016-07-14,GLD,127.33,127.33,yahoo
2016-07-15,GLD,126.84,126.84,yahoo
2016-07-18,GLD,127.04,127.04,yahoo
2016-07-19,GLD,127.21,127.21,yahoo
2016-07-20,GLD,125.39,125.39,yahoo
2016-07-21,GLD,127.30,127.30,yahoo
2016-07-22,GLD,126.35,126.35,yahoo
2016-07-25,GLD,125.47,125.47,yahoo
2016-07-26,GLD,126,126,yahoo
2016-07-27,GLD,128.03,128.03,yahoo
2016-07-28,GLD,127.66,127.66,yahoo
2016-07-29,GLD,128.98,128.98,yahoo
2016-08-01,GLD,129.22,129.22,yahoo
2016-08-02,GLD,130.27,130.27,yahoo
2016-08-03,GLD,129.65,129.65,yahoo
2016-08-04,GLD,129.87,129.87,yahoo
2016-08-05,GLD,127.55,127.55,yahoo
2016-08-08,GLD,127.44,127.44,yahoo
2016-08-09,GLD,127.96,127.96,yahoo
2016-08-10,GLD,128.56,128.56,yahoo
2016-08-11,GLD,127.67,127.67,yahoo
2016-08-12,GLD,127.40,127.40,yahoo
2016-08-15,GLD,127.84,127.84,yahoo
2016-08-16,GLD,128.47,128.47,yahoo
2016-08-17,GLD,128.50,128.50,yahoo
2016-08-18,GLD,129.11,129.11,yahoo
2016-08-19,GLD,127.97,127.97,yahoo
2016-08-22,GLD,127.78,127.78,yahoo
2016-08-23,GLD,127.76,127.76,yahoo
2016-08-24,GLD,126.34,126.34,yahoo
2016-08-25,GLD,126.23,126.23,yahoo
2016-08-26,GLD,126.05,126.05,yahoo
2016-08-29,GLD,126.30,126.30,yahoo
2016-08-30,GLD,125.03,125.03,yahoo
2016-08-31,GLD,124.78,124.78,yahoo
2016-09-01,GLD,125.29,125.29,yahoo
2016-09-02,GLD,126.57,126.57,yahoo
2016-09-06,GLD,128.71,128.71,yahoo
2016-09-07,GLD,128.27,128.27,yahoo
2016-09-08,GLD,127.59,127.59,yahoo
2016-09-09,GLD,126.75,126.75,yahoo
2016-09-12,GLD,126.59,126.59,yahoo
2016-09-13,GLD,125.75,125.75,yahoo
2016-09-14,GLD,126.18,126.18,yahoo
2016-09-15,GLD,125.37,125.37,yahoo
2016-09-16,GLD,125.06,125.06,yahoo
2016-09-19,GLD,125.32,125.32,yahoo
2016-09-20,GLD,125.44,125.44,yahoo
2016-09-21,GLD,127.27,127.27,yahoo
2016-09-22,GLD,127.57,127.57,yahoo
2016-09-23,GLD,127.65,127.65,yahoo
2016-09-26,GLD,127.55,127.55,yahoo
2016-09-27,GLD,126.62,126.62,yahoo
2016-09-28,GLD,126.22,126.22,yahoo
2016-09-29,GLD,126.07,126.07,yahoo
2016-09-30,GLD,125.64,125.64,yahoo
2016-10-03,GLD,125.32,125.32,yahoo
2016-10-04,GLD,120.97,120.97,yahoo
2016-10-05,GLD,120.78,120.78,yahoo
2016-10-06,GLD,119.66,119.66,yahoo
2016-10-07,GLD,119.74,119.74,yahoo
2016-10-10,GLD,120.16,120.16,yahoo
2016-10-11,GLD,119.55,119.55,yahoo
2016-10-12,GLD,119.74,119.74,yahoo
2016-10-13,GLD,120.03,120.03,yahoo
2016-10-14,GLD,119.36,119.36,yahoo
2016-10-17,GLD,119.68,119.68,yahoo
2016-10-18,GLD,120.42,120.42,yahoo
2016-10-19,GLD,121.11,121.11,yahoo
2016-10-20,GLD,120.74,120.74,yahoo
2016-10-21,GLD,120.83,120.83,yahoo
2016-10-24,GLD,120.56,120.56,yahoo
2016-10-25,GLD,121.47,121.47,yahoo
2016-10-26,GLD,120.79,120.79,yahoo
2016-10-27,GLD,121.01,121.01,yahoo
2016-10-28,GLD,121.58,121.58,yahoo
2016-10-31,GLD,121.94,121.94,yahoo
2016-11-01,GLD,122.73,122.73,yahoo
2016-11-02,GLD,123.64,123.64,yahoo
2016-11-03,GLD,124.30,124.30,yahoo
2016-11-04,GLD,124.39,124.39,yahoo
2016-11-07,GLD,122.15,122.15,yahoo
2016-11-08,GLD,121.64,121.64,yahoo
2016-11-09,GLD,121.56,121.56,yahoo
2016-11-10,GLD,119.75,119.75,yahoo
2016-11-11,GLD,117.10,117.10,yahoo
2016-11-14,GLD,116.11,116.11,yahoo
2016-11-15,GLD,117.12,117.12,yahoo
2016-11-16,GLD,116.77,116.77,yahoo
2016-11-17,GLD,116.17,116.17,yahoo
2016-11-18,GLD,115.15,115.15,yahoo
2016-11-21,GLD,115.58,115.58,yahoo
2016-11-22,GLD,115.54,115.54,yahoo
2016-11-23,GLD,113.25,113.25,yahoo
2016-11-25,GLD,112.61,112.61,yahoo
2016-11-28,GLD,113.80,113.80,yahoo
2016-11-29,GLD,113.27,113.27,yahoo
2016-11-30,GLD,111.75,111.75,yahoo
2016-12-01,GLD,111.54,111.54,yahoo
2016-12-02,GLD,112.14,112.14,yahoo
2016-12-05,GLD,111.54,111.54,yahoo
2016-12-06,GLD,111.43,111.43,yahoo
2016-12-07,GLD,111.83,111.83,yahoo
2016-12-08,GLD,111.57,111.57,yahoo
2016-12-09,GLD,110.40,110.40,yahoo
2016-12-12,GLD,110.82,110.82,yahoo
2016-12-13,GLD,110.45,110.45,yahoo
2016-12-14,GLD,108.83,108.83,yahoo
2016-12-15,GLD,107.34,107.34,yahoo
2016-12-16,GLD,108.05,108.05,yahoo
2016-12-19,GLD,108.59,108.59,yahoo
2016-12-20,GLD,107.79,107.79,yahoo
2016-12-21,GLD,107.85,107.85,yahoo
2016-12-22,GLD,107.59,107.59,yahoo
2016-12-23,GLD,107.93,107.93,yahoo
2016-12-27,GLD,108.56,108.56,yahoo
2016-12-28,GLD,108.86,108.86,yahoo
2016-12-29,GLD,110.29,110.29,yahoo
2016-12-30,GLD,109.61,109.61,yahoo
2017-01-03,GLD,110.47,110.47,yahoo
2017-01-04,GLD,110.86,110.86,yahoo
2017-01-05,GLD,112.58,112.58,yahoo
2017-01-06,GLD,111.75,111.75,yahoo
2017-01-09,GLD,112.67,112.67,yahoo
2017-01-10,GLD,113.15,113.15,yahoo
2017-01-11,GLD,113.50,113.50,yahoo
2017-01-12,GLD,113.91,113.91,yahoo
2017-01-13,GLD,114.21,114.21,yahoo
2017-01-17,GLD,115.85,115.85,yahoo
2017-01-18,GLD,114.87,114.87,yahoo
2017-01-19,GLD,114.77,114.77,yahoo
2017-01-20,GLD,115.05,115.05,yahoo
2017-01-23,GLD,115.79,115.79,yahoo
2017-01-24,GLD,115.27,115.27,yahoo
2017-01-25,GLD,114.32,114.32,yahoo
2017-01-26,GLD,113.26,113.26,yahoo
2017-01-27,GLD,113.49,113.49,yahoo
2017-01-30,GLD,113.97,113.97,yahoo
2017-01-31,GLD,115.55,115.55,yahoo
2017-02-01,GLD,115.20,115.20,yahoo
2017-02-02,GLD,115.84,115.84,yahoo
2017-02-03,GLD,116.13,116.13,yahoo
2017-02-06,GLD,117.70,117.70,yahoo
2017-02-07,GLD,117.46,117.46,yahoo
2017-02-08,GLD,118.19,118.19,yahoo
2017-02-09,GLD,117.29,117.29,yahoo
2017-02-10,GLD,117.60,117.60,yahoo
2017-02-13,GLD,116.80,116.80,yahoo
2017-02-14,GLD,116.93,116.93,yahoo
2017-02-15,GLD,117.45,117.45,yahoo
2017-02-16,GLD,118.08,118.08,yahoo
2017-02-17,GLD,117.68,117.68,yahoo
2017-02-21,GLD,117.75,117.75,yahoo
2017-02-22,GLD,117.91,117.91,yahoo
2017-02-23,GLD,118.94,118.94,yahoo
2017-02-24,GLD,119.70,119.70,yahoo
2017-02-27,GLD,119.12,119.12,yahoo
2017-02-28,GLD,119.23,119.23,yahoo
2017-03-01,GLD,119.06,119.06,yahoo
2017-03-02,GLD,117.58,117.58,yahoo
2017-03-03,GLD,117.51,117.51,yahoo
2017-03-06,GLD,116.72,116.72,yahoo
2017-03-07,GLD,115.78,115.78,yahoo
2017-03-08,GLD,115.06,115.06,yahoo
2017-03-09,GLD,114.47,114.47,yahoo
2017-03-10,GLD,114.72,114.72,yahoo
2017-03-13,GLD,114.74,114.74,yahoo
2017-03-14,GLD,114.12,114.12,yahoo
2017-03-15,GLD,116.25,116.25,yahoo
2017-03-16,GLD,116.73,116.73,yahoo
2017-03-17,GLD,116.99,116.99,yahoo
2017-03-20,GLD,117.51,117.51,yahoo
2017-03-21,GLD,118.54,118.54,yahoo
2017-03-22,GLD,118.83,118.83,yahoo
2017-03-23,GLD,118.67,118.67,yahoo
2017-03-24,GLD,118.86,118.86,yahoo
2017-03-27,GLD,119.53,119.53,yahoo
2017-03-28,GLD,119.04,119.04,yahoo
2017-03-29,GLD,119.33,119.33,yahoo
2017-03-30,GLD,118.47,118.47,yahoo
2017-03-31,GLD,118.72,118.72,yahoo
2017-04-03,GLD,119.35,119.35,yahoo
2017-04-04,GLD,119.62,119.62,yahoo
2017-04-05,GLD,119.62,119.62,yahoo
2017-04-06,GLD,119.18,119.18,yahoo
2017-04-07,GLD,119.46,119.46,yahoo
2017-04-10,GLD,119.46,119.46,yahoo
2017-04-11,GLD,121.19,121.19,yahoo
2017-04-12,GLD,122.02,122.02,yahoo
2017-04-13,GLD,122.60,122.60,yahoo
2017-04-17,GLD,122.24,122.24,yahoo
2017-04-18,GLD,122.82,122.82,yahoo
2017-04-19,GLD,121.73,121.73,yahoo
2017-04-20,GLD,121.96,121.96,yahoo
2017-04-21,GLD,122.31,122.31,yahoo
2017-04-24,GLD,121.48,121.48,yahoo
2017-04-25,GLD,120.25,120.25,yahoo
2017-04-26,GLD,120.84,120.84,yahoo
2017-04-27,GLD,120.39,120.39,yahoo
2017-04-28,GLD,120.77,120.77,yahoo
2017-05-01,GLD,119.67,119.67,yahoo
2017-05-02,GLD,119.65,119.65,yahoo
2017-05-03,GLD,117.98,117.98,yahoo
2017-05-04,GLD,116.79,116.79,yahoo
2017-05-05,GLD,117.01,117.01,yahoo
2017-05-08,GLD,116.75,116.75,yahoo
2017-05-09,GLD,116.05,116.05,yahoo
2017-05-10,GLD,116.04,116.04,yahoo
2017-05-11,GLD,116.50,116.50,yahoo
2017-05-12,GLD,116.83,116.83,yahoo
2017-05-15,GLD,117.14,117.14,yahoo
2017-05-16,GLD,117.65,117.65,yahoo
2017-05-17,GLD,119.79,119.79,yahoo
2017-05-18,GLD,118.81,118.81,yahoo
2017-05-19,GLD,119.40,119.40,yahoo
2017-05-22,GLD,119.90,119.90,yahoo
2017-05-23,GLD,119.14,119.14,yahoo
2017-05-24,GLD,119.61,119.61,yahoo
2017-05-25,GLD,119.48,119.48,yahoo
2017-05-26,GLD,120.54,120.54,yahoo
2017-05-30,GLD,120.14,120.14,yahoo
2017-05-31,GLD,120.62,120.62,yahoo
2017-06-01,GLD,120.72,120.72,yahoo
2017-06-02,GLD,121.61,121.61,yahoo
2017-06-05,GLD,121.73,121.73,yahoo
2017-06-06,GLD,123.10,123.10,yahoo
2017-06-07,GLD,122.45,122.45,yahoo
2017-06-08,GLD,121.65,121.65,yahoo
2017-06-09,GLD,120.54,120.54,yahoo
2017-06-12,GLD,120.36,120.36,yahoo
2017-06-13,GLD,120.48,120.48,yahoo
2017-06-14,GLD,119.82,119.82,yahoo
2017-06-15,GLD,119.32,119.32,yahoo
2017-06-16,GLD,119.34,119.34,yahoo
2017-06-19,GLD,118.43,118.43,yahoo
2017-06-20,GLD,118.18,118.18,yahoo
2017-06-21,GLD,118.52,118.52,yahoo
2017-06-22,GLD,118.92,118.92,yahoo
2017-06-23,GLD,119.43,119.43,yahoo
2017-06-26,GLD,118.36,118.36,yahoo
2017-06-27,GLD,118.81,118.81,yahoo
2017-06-28,GLD,118.90,118.90,yahoo
2017-06-29,GLD,118.32,118.32,yahoo
2017-06-30,GLD,118.02,118.02,yahoo
2017-07-03,GLD,116.09,116.09,yahoo
2017-07-05,GLD,116.52,116.52,yahoo
2017-07-06,GLD,116.47,116.47,yahoo
2017-07-07,GLD,115.28,115.28,yahoo
2017-07-10,GLD,115.47,115.47,yahoo
2017-07-11,GLD,115.62,115.62,yahoo
2017-07-12,GLD,116.03,116.03,yahoo
2017-07-13,GLD,115.82,115.82,yahoo
2017-07-14,GLD,116.77,116.77,yahoo
2017-07-17,GLD,117.29,117.29,yahoo
2017-07-18,GLD,118.11,118.11,yahoo
2017-07-19,GLD,118.08,118.08,yahoo
2017-07-20,GLD,118.24,118.24,yahoo
2017-07-21,GLD,119.26,119.26,yahoo
2017-07-24,GLD,119.31,119.31,yahoo
2017-07-25,GLD,118.92,118.92,yahoo
2017-07-26,GLD,119.88,119.88,yahoo
2017-07-27,GLD,119.79,119.79,yahoo
2017-07-28,GLD,120.69,120.69,yahoo
2017-07-31,GLD,120.75,120.75,yahoo
2017-08-01,GLD,120.65,120.65,yahoo
2017-08-02,GLD,120.40,120.40,yahoo
2017-08-03,GLD,120.59,120.59,yahoo
2017-08-04,GLD,119.65,119.65,yahoo
2017-08-07,GLD,119.51,119.51,yahoo
2017-08-08,GLD,119.86,119.86,yahoo
2017-08-09,GLD,121.31,121.31,yahoo
2017-08-10,GLD,122.21,122.21,yahoo
2017-08-11,GLD,122.79,122.79,yahoo
2017-08-14,GLD,121.92,121.92,yahoo
2017-08-15,GLD,120.98,120.98,yahoo
2017-08-16,GLD,121.87,121.87,yahoo
2017-08-17,GLD,122.49,122.49,yahoo
2017-08-18,GLD,122.30,122.30,yahoo
2017-08-21,GLD,122.76,122.76,yahoo
2017-08-22,GLD,122.21,122.21,yahoo
2017-08-23,GLD,122.67,122.67,yahoo
2017-08-24,GLD,122.29,122.29,yahoo
2017-08-25,GLD,122.74,122.74,yahoo
2017-08-28,GLD,124.69,124.69,yahoo
2017-08-29,GLD,124.42,124.42,yahoo
2017-08-30,GLD,124.36,124.36,yahoo
2017-08-31,GLD,125.82,125.82,yahoo
2017-09-01,GLD,126.06,126.06,yahoo
2017-09-05,GLD,127.46,127.46,yahoo
2017-09-06,GLD,126.81,126.81,yahoo
2017-09-07,GLD,128.13,128.13,yahoo
2017-09-08,GLD,127.97,127.97,yahoo
2017-09-11,GLD,126.19,126.19,yahoo
2017-09-12,GLD,126.56,126.56,yahoo
2017-09-13,GLD,125.61,125.61,yahoo
2017-09-14,GLD,126.16,126.16,yahoo
2017-09-15,GLD,125.53,125.53,yahoo
2017-09-18,GLD,124.36,124.36,yahoo
2017-09-19,GLD,124.62,124.62,yahoo
2017-09-20,GLD,123.62,123.62,yahoo
2017-09-21,GLD,122.68,122.68,yahoo
2017-09-22,GLD,123.24,123.24,yahoo
2017-09-25,GLD,124.53,124.53,yahoo
2017-09-26,GLD,123.14,123.14,yahoo
2017-09-27,GLD,121.98,121.98,yahoo
2017-09-28,GLD,122.21,122.21,yahoo
2017-09-29,GLD,121.58,121.58,yahoo
2017-10-02,GLD,120.77,120.77,yahoo
2017-10-03,GLD,120.83,120.83,yahoo
2017-10-04,GLD,121.17,121.17,yahoo
2017-10-05,GLD,120.52,120.52,yahoo
2017-10-06,GLD,121.09,121.09,yahoo
2017-10-09,GLD,122.08,122.08,yahoo
2017-10-10,GLD,122.40,122.40,yahoo
2017-10-11,GLD,122.79,122.79,yahoo
2017-10-12,GLD,122.89,122.89,yahoo
2017-10-13,GLD,123.82,123.82,yahoo
2017-10-16,GLD,122.97,122.97,yahoo
2017-10-17,GLD,122.13,122.13,yahoo
2017-10-18,GLD,121.67,121.67,yahoo
2017-10-19,GLD,122.39,122.39,yahoo
2017-10-20,GLD,121.61,121.61,yahoo
2017-10-23,GLD,121.80,121.80,yahoo
2017-10-24,GLD,121.33,121.33,yahoo
2017-10-25,GLD,121.35,121.35,yahoo
2017-10-26,GLD,120.33,120.33,yahoo
2017-10-27,GLD,120.90,120.90,yahoo
2017-10-30,GLD,121.13,121.13,yahoo
2017-10-31,GLD,120.67,120.67,yahoo
2017-11-01,GLD,121.11,121.11,yahoo
2017-11-02,GLD,121.19,121.19,yahoo
2017-11-03,GLD,120.62,120.62,yahoo
2017-11-06,GLD,121.65,121.65,yahoo
2017-11-07,GLD,121.21,121.21,yahoo
2017-11-08,GLD,121.63,121.63,yahoo
2017-11-09,GLD,122.13,122.13,yahoo
2017-11-10,GLD,121.13,121.13,yahoo
2017-11-13,GLD,121.31,121.31,yahoo
2017-11-14,GLD,121.56,121.56,yahoo
2017-11-15,GLD,121.41,121.41,yahoo
2017-11-16,GLD,121.40,121.40,yahoo
2017-11-17,GLD,122.86,122.86,yahoo
2017-11-20,GLD,121.31,121.31,yahoo
2017-11-21,GLD,121.51,121.51,yahoo
2017-11-22,GLD,122.63,122.63,yahoo
2017-11-24,GLD,122.32,122.32,yahoo
2017-11-27,GLD,122.83,122.83,yahoo
2017-11-28,GLD,122.81,122.81,yahoo
2017-11-29,GLD,122.04,122.04,yahoo
2017-11-30,GLD,121.10,121.10,yahoo
2017-12-01,GLD,121.59,121.59,yahoo
2017-12-04,GLD,121.18,121.18,yahoo
2017-12-05,GLD,120.32,120.32,yahoo
2017-12-06,GLD,120.07,120.07,yahoo
2017-12-07,GLD,118.49,118.49,yahoo
2017-12-08,GLD,118.48,118.48,yahoo
2017-12-11,GLD,118.01,118.01,yahoo
2017-12-12,GLD,118.15,118.15,yahoo
2017-12-13,GLD,119.17,119.17,yahoo
2017-12-14,GLD,118.93,118.93,yahoo
2017-12-15,GLD,119.18,119.18,yahoo
2017-12-18,GLD,119.73,119.73,yahoo
2017-12-19,GLD,119.82,119.82,yahoo
2017-12-20,GLD,120.14,120.14,yahoo
2017-12-21,GLD,120.31,120.31,yahoo
2017-12-22,GLD,120.94,120.94,yahoo
2017-12-26,GLD,121.77,121.77,yahoo
2017-12-27,GLD,122.23,122.23,yahoo
2017-12-28,GLD,122.85,122.85,yahoo
2017-12-29,GLD,123.65,123.65,yahoo
2018-01-02,GLD,125.15,125.15,yahoo
2018-01-03,GLD,124.82,124.82,yahoo
2018-01-04,GLD,125.46,125.46,yahoo
2018-01-05,GLD,125.33,125.33,yahoo
2018-01-08,GLD,125.31,125.31,yahoo
2018-01-09,GLD,124.73,124.73,yahoo
2018-01-10,GLD,125.03,125.03,yahoo
2018-01-11,GLD,125.44,125.44,yahoo
2018-01-12,GLD,126.96,126.96,yahoo
2018-01-16,GLD,127.17,127.17,yahoo
2018-01-17,GLD,126.14,126.14,yahoo
2018-01-18,GLD,125.86,125.86,yahoo
2018-01-19,GLD,126.42,126.42,yahoo
2018-01-22,GLD,126.65,126.65,yahoo
2018-01-23,GLD,127.28,127.28,yahoo
2018-01-24,GLD,128.83,128.83,yahoo
2018-01-25,GLD,127.97,127.97,yahoo
2018-01-26,GLD,128.07,128.07,yahoo
2018-01-29,GLD,127.35,127.35,yahoo
2018-01-30,GLD,126.80,126.80,yahoo
2018-01-31,GLD,127.65,127.65,yahoo
2018-02-01,GLD,128.07,128.07,yahoo
2018-02-02,GLD,126.39,126.39,yahoo
2018-02-05,GLD,126.71,126.71,yahoo
2018-02-06,GLD,125.38,125.38,yahoo
2018-02-07,GLD,124.79,124.79,yahoo
2018-02-08,GLD,124.98,124.98,yahoo
2018-02-09,GLD,124.77,124.77,yahoo
2018-02-12,GLD,125.37,125.37,yahoo
2018-02-13,GLD,126.08,126.08,yahoo
2018-02-14,GLD,128.23,128.23,yahoo
2018-02-15,GLD,128.38,128.38,yahoo
2018-02-16,GLD,127.96,127.96,yahoo
2018-02-20,GLD,126.24,126.24,yahoo
2018-02-21,GLD,125.66,125.66,yahoo
2018-02-22,GLD,126.30,126.30,yahoo
2018-02-23,GLD,126.14,126.14,yahoo
2018-02-26,GLD,126.45,126.45,yahoo
2018-02-27,GLD,125.13,125.13,yahoo
2018-02-28,GLD,125,125,yahoo
2018-03-01,GLD,124.72,124.72,yahoo
2018-03-02,GLD,125.39,125.39,yahoo
2018-03-05,GLD,125.18,125.18,yahoo
2018-03-06,GLD,126.53,126.53,yahoo
2018-03-07,GLD,125.72,125.72,yahoo
2018-03-08,GLD,125.42,125.42,yahoo
2018-03-09,GLD,125.54,125.54,yahoo
2018-03-12,GLD,125.54,125.54,yahoo
2018-03-13,GLD,125.78,125.78,yahoo
2018-03-14,GLD,125.70,125.70,yahoo
2018-03-15,GLD,124.90,124.90,yahoo
2018-03-16,GLD,124.60,124.60,yahoo
2018-03-19,GLD,124.87,124.87,yahoo
2018-03-20,GLD,124.31,124.31,yahoo
2018-03-21,GLD,126.48,126.48,yahoo
2018-03-22,GLD,125.98,125.98,yahoo
2018-03-23,GLD,127.61,127.61,yahoo
2018-03-26,GLD,128.28,128.28,yahoo
2018-03-27,GLD,127.49,127.49,yahoo
2018-03-28,GLD,125.73,125.73,yahoo
2018-03-29,GLD,125.79,125.79,yahoo
2018-04-02,GLD,127.26,127.26,yahoo
2018-04-03,GLD,126.30,126.30,yahoo
2018-04-04,GLD,126.45,126.45,yahoo
2018-04-05,GLD,125.80,125.80,yahoo
2018-04-06,GLD,126.39,126.39,yahoo
2018-04-09,GLD,126.82,126.82,yahoo
2018-04-10,GLD,127.12,127.12,yahoo
2018-04-11,GLD,128.11,128.11,yahoo
2018-04-12,GLD,126.62,126.62,yahoo
2018-04-13,GLD,127.45,127.45,yahoo
2018-04-16,GLD,127.63,127.63,yahoo
2018-04-17,GLD,127.75,127.75,yahoo
2018-04-18,GLD,127.85,127.85,yahoo
2018-04-19,GLD,127.60,127.60,yahoo
2018-04-20,GLD,126.63,126.63,yahoo
2018-04-23,GLD,125.62,125.62,yahoo
2018-04-24,GLD,126.23,126.23,yahoo
2018-04-25,GLD,125.41,125.41,yahoo
2018-04-26,GLD,124.97,124.97,yahoo
2018-04-27,GLD,125.50,125.50,yahoo
2018-04-30,GLD,124.59,124.59,yahoo
2018-05-01,GLD,123.71,123.71,yahoo
2018-05-02,GLD,123.65,123.65,yahoo
2018-05-03,GLD,124.28,124.28,yahoo
2018-05-04,GLD,124.54,124.54,yahoo
2018-05-07,GLD,124.57,124.57,yahoo
2018-05-08,GLD,124.59,124.59,yahoo
2018-05-09,GLD,124.33,124.33,yahoo
2018-05-10,GLD,125.18,125.18,yahoo
2018-05-11,GLD,125,125,yahoo
2018-05-14,GLD,124.49,124.49,yahoo
2018-05-15,GLD,122.48,122.48,yahoo
2018-05-16,GLD,122.29,122.29,yahoo
2018-05-17,GLD,122.36,122.36,yahoo
2018-05-18,GLD,122.41,122.41,yahoo
2018-05-21,GLD,122.48,122.48,yahoo
2018-05-22,GLD,122.41,122.41,yahoo
2018-05-23,GLD,122.54,122.54,yahoo
2018-05-24,GLD,123.59,123.59,yahoo
2018-05-25,GLD,123.21,123.21,yahoo
2018-05-29,GLD,123.19,123.19,yahoo
2018-05-30,GLD,123.37,123.37,yahoo
2018-05-31,GLD,123.10,123.10,yahoo
2018-06-01,GLD,122.49,122.49,yahoo
2018-06-04,GLD,122.37,122.37,yahoo
2018-06-05,GLD,122.85,122.85,yahoo
2018-06-06,GLD,122.92,122.92,yahoo
2018-06-07,GLD,122.86,122.86,yahoo
2018-06-08,GLD,123.01,123.01,yahoo
2018-06-11,GLD,123.23,123.23,yahoo
2018-06-12,GLD,122.82,122.82,yahoo
2018-06-13,GLD,123.19,123.19,yahoo
2018-06-14,GLD,123.38,123.38,yahoo
2018-06-15,GLD,121.34,121.34,yahoo
2018-06-18,GLD,121.11,121.11,yahoo
2018-06-19,GLD,120.80,120.80,yahoo
2018-06-20,GLD,120.26,120.26,yahoo
2018-06-21,GLD,120.05,120.05,yahoo
2018-06-22,GLD,120.34,120.34,yahoo
2018-06-25,GLD,119.89,119.89,yahoo
2018-06-26,GLD,119.26,119.26,yahoo
2018-06-27,GLD,118.58,118.58,yahoo
2018-06-28,GLD,118.22,118.22,yahoo
2018-06-29,GLD,118.65,118.65,yahoo
2018-07-02,GLD,117.46,117.46,yahoo
2018-07-03,GLD,118.65,118.65,yahoo
2018-07-05,GLD,119.05,119.05,yahoo
2018-07-06,GLD,118.86,118.86,yahoo
2018-07-09,GLD,119.15,119.15,yahoo
2018-07-10,GLD,118.93,118.93,yahoo
2018-07-11,GLD,117.64,117.64,yahoo
2018-07-12,GLD,118.13,118.13,yahoo
2018-07-13,GLD,117.61,117.61,yahoo
2018-07-16,GLD,117.55,117.55,yahoo
2018-07-17,GLD,116.28,116.28,yahoo
2018-07-18,GLD,116.31,116.31,yahoo
2018-07-19,GLD,115.81,115.81,yahoo
2018-07-20,GLD,116.56,116.56,yahoo
2018-07-23,GLD,116,116,yahoo
2018-07-24,GLD,116.04,116.04,yahoo
2018-07-25,GLD,116.68,116.68,yahoo
2018-07-26,GLD,115.77,115.77,yahoo
2018-07-27,GLD,115.83,115.83,yahoo
2018-07-30,GLD,115.65,115.65,yahoo
2018-07-31,GLD,115.99,115.99,yahoo
2018-08-01,GLD,115.14,115.14,yahoo
2018-08-02,GLD,114.52,114.52,yahoo
2018-08-03,GLD,114.92,114.92,yahoo
2018-08-06,GLD,114.33,114.33,yahoo
2018-08-07,GLD,114.59,114.59,yahoo
2018-08-08,GLD,114.91,114.91,yahoo
2018-08-09,GLD,114.74,114.74,yahoo
2018-08-10,GLD,114.69,114.69,yahoo
2018-08-13,GLD,112.96,112.96,yahoo
2018-08-14,GLD,113.07,113.07,yahoo
2018-08-15,GLD,111.19,111.19,yahoo
2018-08-16,GLD,111.10,111.10,yahoo
2018-08-17,GLD,112.13,112.13,yahoo
2018-08-20,GLD,112.69,112.69,yahoo
2018-08-21,GLD,113.02,113.02,yahoo
2018-08-22,GLD,113.27,113.27,yahoo
2018-08-23,GLD,112.20,112.20,yahoo
2018-08-24,GLD,114.16,114.16,yahoo
2018-08-27,GLD,114.59,114.59,yahoo
2018-08-28,GLD,113.68,113.68,yahoo
2018-08-29,GLD,114.20,114.20,yahoo
2018-08-30,GLD,113.64,113.64,yahoo
2018-08-31,GLD,113.51,113.51,yahoo
2018-09-04,GLD,112.93,112.93,yahoo
2018-09-05,GLD,113.32,113.32,yahoo
2018-09-06,GLD,113.54,113.54,yahoo
2018-09-07,GLD,113.23,113.23,yahoo
2018-09-10,GLD,113.15,113.15,yahoo
2018-09-11,GLD,113.22,113.22,yahoo
2018-09-12,GLD,114.17,114.17,yahoo
2018-09-13,GLD,113.76,113.76,yahoo
2018-09-14,GLD,113.02,113.02,yahoo
2018-09-17,GLD,113.61,113.61,yahoo
2018-09-18,GLD,113.44,113.44,yahoo
2018-09-19,GLD,113.88,113.88,yahoo
2018-09-20,GLD,114.27,114.27,yahoo
2018-09-21,GLD,113.49,113.49,yahoo
2018-09-24,GLD,113.47,113.47,yahoo
2018-09-25,GLD,113.65,113.65,yahoo
2018-09-26,GLD,113.05,113.05,yahoo
2018-09-27,GLD,112.05,112.05,yahoo
2018-09-28,GLD,112.76,112.76,yahoo
2018-10-01,GLD,112.57,112.57,yahoo
2018-10-02,GLD,113.87,113.87,yahoo
2018-10-03,GLD,113.42,113.42,yahoo
2018-10-04,GLD,113.48,113.48,yahoo
2018-10-05,GLD,113.80,113.80,yahoo
2018-10-08,GLD,112.54,112.54,yahoo
2018-10-09,GLD,112.60,112.60,yahoo
2018-10-10,GLD,112.88,112.88,yahoo
2018-10-11,GLD,115.78,115.78,yahoo
2018-10-12,GLD,115.23,115.23,yahoo
2018-10-15,GLD,116,116,yahoo
2018-10-16,GLD,115.80,115.80,yahoo
2018-10-17,GLD,115.79,115.79,yahoo
2018-10-18,GLD,115.92,115.92,yahoo
2018-10-19,GLD,116.01,116.01,yahoo
2018-10-22,GLD,115.71,115.71,yahoo
2018-10-23,GLD,116.39,116.39,yahoo
2018-10-24,GLD,116.66,116.66,yahoo
2018-10-25,GLD,116.40,116.40,yahoo
2018-10-26,GLD,116.77,116.77,yahoo
2018-10-29,GLD,116.31,116.31,yahoo
2018-10-30,GLD,115.80,115.80,yahoo
2018-10-31,GLD,115.15,115.15,yahoo
2018-11-01,GLD,116.63,116.63,yahoo
2018-11-02,GLD,116.65,116.65,yahoo
2018-11-05,GLD,116.37,116.37,yahoo
2018-11-06,GLD,116.04,116.04,yahoo
2018-11-07,GLD,116.03,116.03,yahoo
2018-11-08,GLD,115.78,115.78,yahoo
2018-11-09,GLD,114.48,114.48,yahoo
2018-11-12,GLD,113.66,113.66,yahoo
2018-11-13,GLD,113.70,113.70,yahoo
2018-11-14,GLD,114.64,114.64,yahoo
2018-11-15,GLD,114.77,114.77,yahoo
2018-11-16,GLD,115.62,115.62,yahoo
2018-11-19,GLD,115.67,115.67,yahoo
2018-11-20,GLD,115.67,115.67,yahoo
2018-11-21,GLD,115.86,115.86,yahoo
2018-11-23,GLD,115.77,115.77,yahoo
2018-11-26,GLD,115.64,115.64,yahoo
2018-11-27,GLD,114.95,114.95,yahoo
2018-11-28,GLD,115.38,115.38,yahoo
2018-11-29,GLD,115.74,115.74,yahoo
2018-11-30,GLD,115.54,115.54,yahoo
2018-12-03,GLD,116.41,116.41,yahoo
2018-12-04,GLD,117.12,117.12,yahoo
2018-12-06,GLD,117.14,117.14,yahoo
2018-12-07,GLD,118.09,118.09,yahoo
2018-12-10,GLD,117.68,117.68,yahoo
2018-12-11,GLD,117.54,117.54,yahoo
2018-12-12,GLD,117.79,117.79,yahoo
2018-12-13,GLD,117.53,117.53,yahoo
2018-12-14,GLD,117.06,117.06,yahoo
2018-12-17,GLD,117.87,117.87,yahoo
2018-12-18,GLD,118.15,118.15,yahoo
2018-12-19,GLD,117.43,117.43,yahoo
2018-12-20,GLD,119.24,119.24,yahoo
2018-12-21,GLD,118.72,118.72,yahoo
2018-12-24,GLD,120.02,120.02,yahoo
2018-12-26,GLD,119.66,119.66,yahoo
2018-12-27,GLD,120.57,120.57,yahoo
2018-12-28,GLD,121.06,121.06,yahoo
2018-12-31,GLD,121.25,121.25,yahoo
2019-01-02,GLD,121.33,121.33,yahoo
2019-01-03,GLD,122.43,122.43,yahoo
2019-01-04,GLD,121.44,121.44,yahoo
2019-01-07,GLD,121.86,121.86,yahoo
2019-01-08,GLD,121.53,121.53,yahoo
2019-01-09,GLD,122.31,122.31,yahoo
2019-01-10,GLD,121.59,121.59,yahoo
2019-01-11,GLD,121.80,121.80,yahoo
2019-01-14,GLD,122.09,122.09,yahoo
2019-01-15,GLD,121.88,121.88,yahoo
2019-01-16,GLD,122.27,122.27,yahoo
2019-01-17,GLD,122.11,122.11,yahoo
2019-01-18,GLD,121.02,121.02,yahoo
2019-01-22,GLD,121.45,121.45,yahoo
2019-01-23,GLD,121.28,121.28,yahoo
2019-01-24,GLD,121.09,121.09,yahoo
2019-01-25,GLD,122.86,122.86,yahoo
2019-01-28,GLD,123.29,123.29,yahoo
2019-01-29,GLD,123.98,123.98,yahoo
2019-01-30,GLD,124.69,124.69,yahoo
2019-01-31,GLD,124.75,124.75,yahoo
2019-02-01,GLD,124.50,124.50,yahoo
2019-02-04,GLD,123.96,123.96,yahoo
2019-02-05,GLD,124.28,124.28,yahoo
2019-02-06,GLD,123.44,123.44,yahoo
2019-02-07,GLD,123.74,123.74,yahoo
2019-02-08,GLD,124.21,124.21,yahoo
2019-02-11,GLD,123.60,123.60,yahoo
2019-02-12,GLD,123.86,123.86,yahoo
2019-02-13,GLD,123.37,123.37,yahoo
2019-02-14,GLD,124.06,124.06,yahoo
2019-02-15,GLD,124.80,124.80,yahoo
2019-02-19,GLD,126.70,126.70,yahoo
2019-02-20,GLD,126.48,126.48,yahoo
2019-02-21,GLD,125.05,125.05,yahoo
2019-02-22,GLD,125.50,125.50,yahoo
2019-02-25,GLD,125.37,125.37,yahoo
2019-02-26,GLD,125.58,125.58,yahoo
2019-02-27,GLD,124.69,124.69,yahoo
2019-02-28,GLD,123.99,123.99,yahoo
2019-03-01,GLD,121.88,121.88,yahoo
2019-03-04,GLD,121.56,121.56,yahoo
2019-03-05,GLD,121.72,121.72,yahoo
2019-03-06,GLD,121.61,121.61,yahoo
2019-03-07,GLD,121.51,121.51,yahoo
2019-03-08,GLD,122.84,122.84,yahoo
2019-03-11,GLD,122.24,122.24,yahoo
2019-03-12,GLD,122.98,122.98,yahoo
2019-03-13,GLD,123.84,123.84,yahoo
2019-03-14,GLD,122.41,122.41,yahoo
2019-03-15,GLD,122.97,122.97,yahoo
2019-03-18,GLD,123.04,123.04,yahoo
2019-03-19,GLD,123.38,123.38,yahoo
2019-03-20,GLD,124.18,124.18,yahoo
2019-03-21,GLD,123.68,123.68,yahoo
2019-03-22,GLD,123.97,123.97,yahoo
2019-03-25,GLD,124.92,124.92,yahoo
2019-03-26,GLD,124.30,124.30,yahoo
2019-03-27,GLD,123.65,123.65,yahoo
2019-03-28,GLD,121.90,121.90,yahoo
2019-03-29,GLD,122.01,122.01,yahoo
2019-04-01,GLD,121.53,121.53,yahoo
2019-04-02,GLD,121.98,121.98,yahoo
2019-04-03,GLD,121.80,121.80,yahoo
2019-04-04,GLD,122.11,122.11,yahoo
2019-04-05,GLD,121.98,121.98,yahoo
2019-04-08,GLD,122.51,122.51,yahoo
2019-04-09,GLD,123.15,123.15,yahoo
2019-04-10,GLD,123.53,123.53,yahoo
2019-04-11,GLD,121.95,121.95,yahoo
2019-04-12,GLD,121.83,121.83,yahoo
2019-04-15,GLD,121.60,121.60,yahoo
2019-04-16,GLD,120.51,120.51,yahoo
2019-04-17,GLD,120.28,120.28,yahoo
2019-04-18,GLD,120.37,120.37,yahoo
2019-04-22,GLD,120.37,120.37,yahoo
2019-04-23,GLD,120.12,120.12,yahoo
2019-04-24,GLD,120.47,120.47,yahoo
2019-04-25,GLD,120.57,120.57,yahoo
2019-04-26,GLD,121.37,121.37,yahoo
2019-04-29,GLD,120.83,120.83,yahoo
2019-04-30,GLD,121.20,121.20,yahoo
2019-05-01,GLD,120.40,120.40,yahoo
2019-05-02,GLD,119.94,119.94,yahoo
2019-05-03,GLD,120.65,120.65,yahoo
2019-05-06,GLD,120.81,120.81,yahoo
2019-05-07,GLD,121.21,121.21,yahoo
2019-05-08,GLD,120.91,120.91,yahoo
2019-05-09,GLD,121.20,121.20,yahoo
2019-05-10,GLD,121.43,121.43,yahoo
2019-05-13,GLD,122.67,122.67,yahoo
2019-05-14,GLD,122.46,122.46,yahoo
2019-05-15,GLD,122.39,122.39,yahoo
2019-05-16,GLD,121.51,121.51,yahoo
2019-05-17,GLD,120.65,120.65,yahoo
2019-05-20,GLD,120.64,120.64,yahoo
2019-05-21,GLD,120.36,120.36,yahoo
2019-05-22,GLD,120.24,120.24,yahoo
2019-05-23,GLD,121.17,121.17,yahoo
2019-05-24,GLD,121.30,121.30,yahoo
2019-05-28,GLD,120.83,120.83,yahoo
2019-05-29,GLD,120.87,120.87,yahoo
2019-05-30,GLD,121.69,121.69,yahoo
2019-05-31,GLD,123.33,123.33,yahoo
2019-06-03,GLD,125.11,125.11,yahoo
2019-06-04,GLD,125.15,125.15,yahoo
2019-06-05,GLD,125.47,125.47,yahoo
2019-06-06,GLD,125.88,125.88,yahoo
2019-06-07,GLD,126.59,126.59,yahoo
2019-06-10,GLD,125.33,125.33,yahoo
2019-06-11,GLD,125.18,125.18,yahoo
2019-06-12,GLD,125.83,125.83,yahoo
2019-06-13,GLD,126.60,126.60,yahoo
2019-06-14,GLD,126.56,126.56,yahoo
2019-06-17,GLD,126.48,126.48,yahoo
2019-06-18,GLD,127.12,127.12,yahoo
2019-06-19,GLD,127.89,127.89,yahoo
2019-06-20,GLD,131.11,131.11,yahoo
2019-06-21,GLD,131.98,131.98,yahoo
2019-06-24,GLD,133.94,133.94,yahoo
2019-06-25,GLD,134.20,134.20,yahoo
2019-06-26,GLD,132.97,132.97,yahoo
2019-06-27,GLD,132.84,132.84,yahoo
2019-06-28,GLD,133.20,133.20,yahoo
2019-07-01,GLD,130.62,130.62,yahoo
2019-07-02,GLD,133.41,133.41,yahoo
2019-07-03,GLD,133.63,133.63,yahoo
2019-07-05,GLD,132.14,132.14,yahoo
2019-07-08,GLD,131.29,131.29,yahoo
2019-07-09,GLD,131.75,131.75,yahoo
2019-07-10,GLD,133.83,133.83,yahoo
2019-07-11,GLD,132.70,132.70,yahoo
2019-07-12,GLD,133.53,133.53,yahoo
2019-07-15,GLD,133.53,133.53,yahoo
2019-07-16,GLD,132.40,132.40,yahoo
2019-07-17,GLD,134.58,134.58,yahoo
2019-07-18,GLD,136.48,136.48,yahoo
2019-07-19,GLD,134.47,134.47,yahoo
2019-07-22,GLD,134.45,134.45,yahoo
2019-07-23,GLD,133.69,133.69,yahoo
2019-07-24,GLD,134.37,134.37,yahoo
2019-07-25,GLD,133.42,133.42,yahoo
2019-07-26,GLD,133.64,133.64,yahoo
2019-07-29,GLD,134.53,134.53,yahoo
2019-07-30,GLD,134.98,134.98,yahoo
2019-07-31,GLD,133.21,133.21,yahoo
2019-08-01,GLD,136.41,136.41,yahoo
2019-08-02,GLD,135.89,135.89,yahoo
2019-08-05,GLD,137.79,137.79,yahoo
2019-08-06,GLD,138.91,138.91,yahoo
2019-08-07,GLD,141.02,141.02,yahoo
2019-08-08,GLD,141.73,141.73,yahoo
2019-08-09,GLD,141.26,141.26,yahoo
2019-08-12,GLD,142.63,142.63,yahoo
2019-08-13,GLD,141.78,141.78,yahoo
2019-08-14,GLD,142.75,142.75,yahoo
2019-08-15,GLD,143.70,143.70,yahoo
2019-08-16,GLD,142.78,142.78,yahoo
2019-08-19,GLD,141.11,141.11,yahoo
2019-08-20,GLD,142.21,142.21,yahoo
2019-08-21,GLD,141.76,141.76,yahoo
2019-08-22,GLD,141.40,141.40,yahoo
2019-08-23,GLD,144.17,144.17,yahoo
2019-08-26,GLD,144.19,144.19,yahoo
2019-08-27,GLD,145.57,145.57,yahoo
2019-08-28,GLD,145.16,145.16,yahoo
2019-08-29,GLD,144.12,144.12,yahoo
2019-08-30,GLD,143.75,143.75,yahoo
2019-09-03,GLD,145.75,145.75,yahoo
2019-09-04,GLD,146.66,146.66,yahoo
2019-09-05,GLD,143.14,143.14,yahoo
2019-09-06,GLD,141.92,141.92,yahoo
2019-09-09,GLD,141.39,141.39,yahoo
2019-09-10,GLD,140.18,140.18,yahoo
2019-09-11,GLD,141.03,141.03,yahoo
2019-09-12,GLD,141.32,141.32,yahoo
2019-09-13,GLD,140.15,140.15,yahoo
2019-09-16,GLD,141.32,141.32,yahoo
2019-09-17,GLD,141.60,141.60,yahoo
2019-09-18,GLD,140.71,140.71,yahoo
2019-09-19,GLD,141.28,141.28,yahoo
2019-09-20,GLD,142.95,142.95,yahoo
2019-09-23,GLD,143.75,143.75,yahoo
2019-09-24,GLD,144.51,144.51,yahoo
2019-09-25,GLD,141.83,141.83,yahoo
2019-09-26,GLD,141.79,141.79,yahoo
2019-09-27,GLD,141.06,141.06,yahoo
2019-09-30,GLD,138.87,138.87,yahoo
2019-10-01,GLD,139.63,139.63,yahoo
2019-10-02,GLD,141.26,141.26,yahoo
2019-10-03,GLD,141.90,141.90,yahoo
2019-10-04,GLD,141.90,141.90,yahoo
2019-10-07,GLD,140.69,140.69,yahoo
2019-10-08,GLD,141.92,141.92,yahoo
2019-10-09,GLD,142.05,142.05,yahoo
2019-10-10,GLD,140.81,140.81,yahoo
2019-10-11,GLD,140.03,140.03,yahoo
2019-10-14,GLD,140.59,140.59,yahoo
2019-10-15,GLD,139.61,139.61,yahoo
2019-10-16,GLD,140.41,140.41,yahoo
2019-10-17,GLD,140.61,140.61,yahoo
2019-10-18,GLD,140.46,140.46,yahoo
2019-10-21,GLD,139.79,139.79,yahoo
2019-10-22,GLD,140.20,140.20,yahoo
2019-10-23,GLD,140.53,140.53,yahoo
2019-10-24,GLD,141.53,141.53,yahoo
2019-10-25,GLD,141.86,141.86,yahoo
2019-10-28,GLD,140.64,140.64,yahoo
2019-10-29,GLD,140.25,140.25,yahoo
2019-10-30,GLD,141.02,141.02,yahoo
2019-10-31,GLD,142.43,142.43,yahoo
2019-11-01,GLD,142.56,142.56,yahoo
2019-11-04,GLD,142.15,142.15,yahoo
2019-11-05,GLD,139.85,139.85,yahoo
2019-11-06,GLD,140.45,140.45,yahoo
2019-11-07,GLD,138.27,138.27,yahoo
2019-11-08,GLD,137.39,137.39,yahoo
2019-11-11,GLD,137.06,137.06,yahoo
2019-11-12,GLD,137.43,137.43,yahoo
2019-11-13,GLD,137.98,137.98,yahoo
2019-11-14,GLD,138.56,138.56,yahoo
2019-11-15,GLD,138.21,138.21,yahoo
2019-11-18,GLD,138.62,138.62,yahoo
2019-11-19,GLD,138.69,138.69,yahoo
2019-11-20,GLD,138.76,138.76,yahoo
2019-11-21,GLD,138,138,yahoo
2019-11-22,GLD,137.74,137.74,yahoo
2019-11-25,GLD,137.08,137.08,yahoo
2019-11-26,GLD,137.74,137.74,yahoo
2019-11-27,GLD,137.01,137.01,yahoo
2019-11-29,GLD,137.86,137.86,yahoo
2019-12-02,GLD,137.79,137.79,yahoo
2019-12-03,GLD,139.11,139.11,yahoo
2019-12-04,GLD,138.92,138.92,yahoo
2019-12-05,GLD,139,139,yahoo
2019-12-06,GLD,137.62,137.62,yahoo
2019-12-09,GLD,137.58,137.58,yahoo
2019-12-10,GLD,137.97,137.97,yahoo
2019-12-11,GLD,138.92,138.92,yahoo
2019-12-12,GLD,138.43,138.43,yahoo
2019-12-13,GLD,139.05,139.05,yahoo
2019-12-16,GLD,139.04,139.04,yahoo
2019-12-17,GLD,139.01,139.01,yahoo
2019-12-18,GLD,139.02,139.02,yahoo
2019-12-19,GLD,139.38,139.38,yahoo
2019-12-20,GLD,139.52,139.52,yahoo
2019-12-23,GLD,139.95,139.95,yahoo
2019-12-24,GLD,141.27,141.27,yahoo
2019-12-26,GLD,142.38,142.38,yahoo
2019-12-27,GLD,142.33,142.33,yahoo
2019-12-30,GLD,142.63,142.63,yahoo
2019-12-31,GLD,142.90,142.90,yahoo
2020-01-02,GLD,143.95,143.95,yahoo
2020-01-03,GLD,145.86,145.86,yahoo
2020-01-06,GLD,147.39,147.39,yahoo
2020-01-07,GLD,147.97,147.97,yahoo
2020-01-08,GLD,146.86,146.86,yahoo
2020-01-09,GLD,146.03,146.03,yahoo
2020-01-10,GLD,146.91,146.91,yahoo
2020-01-13,GLD,145.82,145.82,yahoo
2020-01-14,GLD,145.69,145.69,yahoo
2020-01-15,GLD,146.54,146.54,yahoo
2020-01-16,GLD,146.31,146.31,yahoo
2020-01-17,GLD,146.58,146.58,yahoo
2020-01-21,GLD,146.74,146.74,yahoo
2020-01-22,GLD,146.79,146.79,yahoo
2020-01-23,GLD,147.12,147.12,yahoo
2020-01-24,GLD,147.98,147.98,yahoo
2020-01-27,GLD,148.99,148.99,yahoo
2020-01-28,GLD,147.66,147.66,yahoo
2020-01-29,GLD,148.46,148.46,yahoo
2020-01-30,GLD,148.47,148.47,yahoo
2020-01-31,GLD,149.33,149.33,yahoo
2020-02-03,GLD,148.36,148.36,yahoo
2020-02-04,GLD,146.43,146.43,yahoo
2020-02-05,GLD,146.61,146.61,yahoo
2020-02-06,GLD,147.40,147.40,yahoo
2020-02-07,GLD,147.79,147.79,yahoo
2020-02-10,GLD,148.17,148.17,yahoo
2020-02-11,GLD,147.66,147.66,yahoo
2020-02-12,GLD,147.54,147.54,yahoo
2020-02-13,GLD,148.38,148.38,yahoo
2020-02-14,GLD,149,149,yahoo
2020-02-18,GLD,150.91,150.91,yahoo
2020-02-19,GLD,151.79,151.79,yahoo
2020-02-20,GLD,152.41,152.41,yahoo
2020-02-21,GLD,154.70,154.70,yahoo
2020-02-24,GLD,156.09,156.09,yahoo
2020-02-25,GLD,153.30,153.30,yahoo
2020-02-26,GLD,153.97,153.97,yahoo
2020-02-27,GLD,154,154,yahoo
2020-02-28,GLD,148.38,148.38,yahoo
2020-03-02,GLD,149.20,149.20,yahoo
2020-03-03,GLD,153.89,153.89,yahoo
2020-03-04,GLD,154.16,154.16,yahoo
2020-03-05,GLD,157.49,157.49,yahoo
2020-03-06,GLD,157.55,157.55,yahoo
2020-03-09,GLD,157.81,157.81,yahoo
2020-03-10,GLD,154.48,154.48,yahoo
2020-03-11,GLD,153.93,153.93,yahoo
2020-03-12,GLD,147.79,147.79,yahoo
2020-03-13,GLD,143.28,143.28,yahoo
2020-03-16,GLD,141.64,141.64,yahoo
2020-03-17,GLD,143.56,143.56,yahoo
2020-03-18,GLD,140.70,140.70,yahoo
2020-03-19,GLD,138.04,138.04,yahoo
2020-03-20,GLD,140.11,140.11,yahoo
2020-03-23,GLD,146.30,146.30,yahoo
2020-03-24,GLD,153.40,153.40,yahoo
2020-03-25,GLD,151.30,151.30,yahoo
2020-03-26,GLD,153.24,153.24,yahoo
2020-03-27,GLD,152.25,152.25,yahoo
2020-03-30,GLD,152.92,152.92,yahoo
2020-03-31,GLD,148.05,148.05,yahoo
2020-04-01,GLD,149.45,149.45,yahoo
2020-04-02,GLD,151.90,151.90,yahoo
2020-04-03,GLD,152.65,152.65,yahoo
2020-04-06,GLD,156.88,156.88,yahoo
2020-04-07,GLD,156.04,156.04,yahoo
2020-04-08,GLD,154.65,154.65,yahoo
2020-04-09,GLD,158.69,158.69,yahoo
2020-04-13,GLD,161.41,161.41,yahoo
2020-04-14,GLD,162.68,162.68,yahoo
2020-04-15,GLD,161.85,161.85,yahoo
2020-04-16,GLD,161.71,161.71,yahoo
2020-04-17,GLD,158.57,158.57,yahoo
2020-04-20,GLD,159.70,159.70,yahoo
2020-04-21,GLD,158.61,158.61,yahoo
2020-04-22,GLD,161.73,161.73,yahoo
2020-04-23,GLD,163.34,163.34,yahoo
2020-04-24,GLD,162.64,162.64,yahoo
2020-04-27,GLD,161.56,161.56,yahoo
2020-04-28,GLD,160.84,160.84,yahoo
2020-04-29,GLD,161.73,161.73,yahoo
2020-04-30,GLD,158.80,158.80,yahoo
2020-05-01,GLD,159.78,159.78,yahoo
2020-05-04,GLD,160.34,160.34,yahoo
2020-05-05,GLD,161.02,161.02,yahoo
2020-05-06,GLD,158.95,158.95,yahoo
2020-05-07,GLD,161.39,161.39,yahoo
2020-05-08,GLD,160.42,160.42,yahoo
2020-05-11,GLD,159.42,159.42,yahoo
2020-05-12,GLD,160.04,160.04,yahoo
2020-05-13,GLD,161.58,161.58,yahoo
2020-05-14,GLD,163.01,163.01,yahoo
2020-05-15,GLD,163.93,163.93,yahoo
2020-05-18,GLD,162.69,162.69,yahoo
2020-05-19,GLD,164.26,164.26,yahoo
2020-05-20,GLD,164.65,164.65,yahoo
2020-05-21,GLD,162.25,162.25,yahoo
2020-05-22,GLD,163.21,163.21,yahoo
2020-05-26,GLD,160.89,160.89,yahoo
2020-05-27,GLD,161.18,161.18,yahoo
2020-05-28,GLD,161.72,161.72,yahoo
2020-05-29,GLD,162.91,162.91,yahoo
2020-06-01,GLD,163.66,163.66,yahoo
2020-06-02,GLD,162.60,162.60,yahoo
2020-06-03,GLD,159.60,159.60,yahoo
2020-06-04,GLD,161.28,161.28,yahoo
2020-06-05,GLD,158.01,158.01,yahoo
2020-06-08,GLD,159.72,159.72,yahoo
2020-06-09,GLD,161.26,161.26,yahoo
2020-06-10,GLD,163.57,163.57,yahoo
2020-06-11,GLD,162.39,162.39,yahoo
2020-06-12,GLD,162.62,162.62,yahoo
2020-06-15,GLD,162.33,162.33,yahoo
2020-06-16,GLD,162.25,162.25,yahoo
2020-06-17,GLD,162.56,162.56,yahoo
2020-06-18,GLD,162.24,162.24,yahoo
2020-06-19,GLD,164.03,164.03,yahoo
2020-06-22,GLD,165.09,165.09,yahoo
2020-06-23,GLD,166.48,166.48,yahoo
2020-06-24,GLD,165.90,165.90,yahoo
2020-06-25,GLD,165.80,165.80,yahoo
2020-06-26,GLD,166.54,166.54,yahoo
2020-06-29,GLD,166.63,166.63,yahoo
2020-06-30,GLD,167.37,167.37,yahoo
2020-07-01,GLD,166.62,166.62,yahoo
2020-07-02,GLD,166.98,166.98,yahoo
2020-07-06,GLD,167.98,167.98,yahoo
2020-07-07,GLD,169.04,169.04,yahoo
2020-07-08,GLD,170.09,170.09,yahoo
2020-07-09,GLD,169.63,169.63,yahoo
2020-07-10,GLD,169.19,169.19,yahoo
2020-07-13,GLD,169.40,169.40,yahoo
2020-07-14,GLD,170.19,170.19,yahoo
2020-07-15,GLD,170.34,170.34,yahoo
2020-07-16,GLD,168.73,168.73,yahoo
2020-07-17,GLD,170.12,170.12,yahoo
2020-07-20,GLD,170.94,170.94,yahoo
2020-07-21,GLD,173,173,yahoo
2020-07-22,GLD,175.63,175.63,yahoo
2020-07-23,GLD,177.18,177.18,yahoo
2020-07-24,GLD,178.70,178.70,yahoo
2020-07-27,GLD,182.23,182.23,yahoo
2020-07-28,GLD,183.75,183.75,yahoo
2020-07-29,GLD,185.13,185.13,yahoo
2020-07-30,GLD,183.76,183.76,yahoo
2020-07-31,GLD,185.43,185.43,yahoo
2020-08-03,GLD,185.64,185.64,yahoo
2020-08-04,GLD,189.59,189.59,yahoo
2020-08-05,GLD,191.35,191.35,yahoo
2020-08-06,GLD,193.89,193.89,yahoo
2020-08-07,GLD,190.81,190.81,yahoo
2020-08-10,GLD,190.15,190.15,yahoo
2020-08-11,GLD,179.94,179.94,yahoo
2020-08-12,GLD,179.10,179.10,yahoo
2020-08-13,GLD,183.33,183.33,yahoo
2020-08-14,GLD,182.54,182.54,yahoo
2020-08-17,GLD,186.50,186.50,yahoo
2020-08-18,GLD,188.18,188.18,yahoo
2020-08-19,GLD,182.24,182.24,yahoo
2020-08-20,GLD,183.50,183.50,yahoo
2020-08-21,GLD,182.03,182.03,yahoo
2020-08-24,GLD,181,181,yahoo
2020-08-25,GLD,181.22,181.22,yahoo
2020-08-26,GLD,183.36,183.36,yahoo
2020-08-27,GLD,181.24,181.24,yahoo
2020-08-28,GLD,184.39,184.39,yahoo
2020-08-31,GLD,184.83,184.83,yahoo
2020-09-01,GLD,185.05,185.05,yahoo
2020-09-02,GLD,182.62,182.62,yahoo
2020-09-03,GLD,181.14,181.14,yahoo
2020-09-04,GLD,181.64,181.64,yahoo
2020-09-08,GLD,181.29,181.29,yahoo
2020-09-09,GLD,183.05,183.05,yahoo
2020-09-10,GLD,182.46,182.46,yahoo
2020-09-11,GLD,182.45,182.45,yahoo
2020-09-14,GLD,183.89,183.89,yahoo
2020-09-15,GLD,183.45,183.45,yahoo
2020-09-16,GLD,183.97,183.97,yahoo
2020-09-17,GLD,182.96,182.96,yahoo
2020-09-18,GLD,183.20,183.20,yahoo
2020-09-21,GLD,179.52,179.52,yahoo
2020-09-22,GLD,178.65,178.65,yahoo
2020-09-23,GLD,174.79,174.79,yahoo
2020-09-24,GLD,175.44,175.44,yahoo
2020-09-25,GLD,174.94,174.94,yahoo
2020-09-28,GLD,176.70,176.70,yahoo
2020-09-29,GLD,178.19,178.19,yahoo
2020-09-30,GLD,177.12,177.12,yahoo
2020-10-01,GLD,178.70,178.70,yahoo
2020-10-02,GLD,178.54,178.54,yahoo
2020-10-05,GLD,179.41,179.41,yahoo
2020-10-06,GLD,177.30,177.30,yahoo
2020-10-07,GLD,177.22,177.22,yahoo
2020-10-08,GLD,177.85,177.85,yahoo
2020-10-09,GLD,181.08,181.08,yahoo
2020-10-12,GLD,180.56,180.56,yahoo
2020-10-13,GLD,177.72,177.72,yahoo
2020-10-14,GLD,178.27,178.27,yahoo
2020-10-15,GLD,178.92,178.92,yahoo
2020-10-16,GLD,178.30,178.30,yahoo
2020-10-19,GLD,178.39,178.39,yahoo
2020-10-20,GLD,179.25,179.25,yahoo
2020-10-21,GLD,180.60,180.60,yahoo
2020-10-22,GLD,178.83,178.83,yahoo
2020-10-23,GLD,178.64,178.64,yahoo
2020-10-26,GLD,178.55,178.55,yahoo
2020-10-27,GLD,179.02,179.02,yahoo
2020-10-28,GLD,176.13,176.13,yahoo
2020-10-29,GLD,175.40,175.40,yahoo
2020-10-30,GLD,176.20,176.20,yahoo
2020-11-02,GLD,177.91,177.91,yahoo
2020-11-03,GLD,178.92,178.92,yahoo
2020-11-04,GLD,178.82,178.82,yahoo
2020-11-05,GLD,182.93,182.93,yahoo
2020-11-06,GLD,183.19,183.19,yahoo
2020-11-09,GLD,175.08,175.08,yahoo
2020-11-10,GLD,175.66,175.66,yahoo
2020-11-11,GLD,174.90,174.90,yahoo
2020-11-12,GLD,175.96,175.96,yahoo
2020-11-13,GLD,177.16,177.16,yahoo
2020-11-16,GLD,177.15,177.15,yahoo
2020-11-17,GLD,176.50,176.50,yahoo
2020-11-18,GLD,175.49,175.49,yahoo
2020-11-19,GLD,175.16,175.16,yahoo
2020-11-20,GLD,175.69,175.69,yahoo
2020-11-23,GLD,172.23,172.23,yahoo
2020-11-24,GLD,169.59,169.59,yahoo
2020-11-25,GLD,169.51,169.51,yahoo
2020-11-27,GLD,167.79,167.79,yahoo
2020-11-30,GLD,166.67,166.67,yahoo
2020-12-01,GLD,170.18,170.18,yahoo
2020-12-02,GLD,171.46,171.46,yahoo
2020-12-03,GLD,172.81,172.81,yahoo
2020-12-04,GLD,172.32,172.32,yahoo
2020-12-07,GLD,174.89,174.89,yahoo
2020-12-08,GLD,175.50,175.50,yahoo
2020-12-09,GLD,172.50,172.50,yahoo
2020-12-10,GLD,172.17,172.17,yahoo
2020-12-11,GLD,172.49,172.49,yahoo
2020-12-14,GLD,171.54,171.54,yahoo
2020-12-15,GLD,173.94,173.94,yahoo
2020-12-16,GLD,174.90,174.90,yahoo
2020-12-17,GLD,176.74,176.74,yahoo
2020-12-18,GLD,176.44,176.44,yahoo
2020-12-21,GLD,175.88,175.88,yahoo
2020-12-22,GLD,174.49,174.49,yahoo
2020-12-23,GLD,175.65,175.65,yahoo
2020-12-24,GLD,176.35,176.35,yahoo
2020-12-28,GLD,175.71,175.71,yahoo
2020-12-29,GLD,176.35,176.35,yahoo
2020-12-30,GLD,177.70,177.70,yahoo
2020-12-31,GLD,178.36,178.36,yahoo
2021-01-04,GLD,182.33,182.33,yahoo
2021-01-05,GLD,182.87,182.87,yahoo
2021-01-06,GLD,179.90,179.90,yahoo
2021-01-07,GLD,179.48,179.48,yahoo
2021-01-08,GLD,173.34,173.34,yahoo
2021-01-11,GLD,173,173,yahoo
2021-01-12,GLD,174.12,174.12,yahoo
2021-01-13,GLD,173.37,173.37,yahoo
2021-01-14,GLD,173.28,173.28,yahoo
2021-01-15,GLD,171.13,171.13,yahoo
2021-01-19,GLD,172.58,172.58,yahoo
2021-01-20,GLD,175.39,175.39,yahoo
2021-01-21,GLD,175.28,175.28,yahoo
2021-01-22,GLD,173.90,173.90,yahoo
2021-01-25,GLD,174.05,174.05,yahoo
2021-01-26,GLD,173.62,173.62,yahoo
2021-01-27,GLD,172.52,172.52,yahoo
2021-01-28,GLD,172.68,172.68,yahoo
2021-01-29,GLD,172.61,172.61,yahoo
2021-02-01,GLD,174.23,174.23,yahoo
2021-02-02,GLD,172.11,172.11,yahoo
2021-02-03,GLD,171.85,171.85,yahoo
2021-02-04,GLD,168.15,168.15,yahoo
2021-02-05,GLD,169.81,169.81,yahoo
2021-02-08,GLD,171.52,171.52,yahoo
2021-02-09,GLD,172.08,172.08,yahoo
2021-02-10,GLD,172.71,172.71,yahoo
2021-02-11,GLD,171.21,171.21,yahoo
2021-02-12,GLD,170.69,170.69,yahoo
2021-02-16,GLD,168.24,168.24,yahoo
2021-02-17,GLD,166.33,166.33,yahoo
2021-02-18,GLD,166.32,166.32,yahoo
2021-02-19,GLD,167.01,167.01,yahoo
2021-02-22,GLD,169.51,169.51,yahoo
2021-02-23,GLD,169.12,169.12,yahoo
2021-02-24,GLD,169,169,yahoo
2021-02-25,GLD,165.82,165.82,yahoo
2021-02-26,GLD,161.81,161.81,yahoo
2021-03-01,GLD,161.53,161.53,yahoo
2021-03-02,GLD,162.41,162.41,yahoo
2021-03-03,GLD,160.62,160.62,yahoo
2021-03-04,GLD,159.04,159.04,yahoo
2021-03-05,GLD,159.14,159.14,yahoo
2021-03-08,GLD,157.49,157.49,yahoo
2021-03-09,GLD,160.84,160.84,yahoo
2021-03-10,GLD,161.66,161.66,yahoo
2021-03-11,GLD,161.52,161.52,yahoo
2021-03-12,GLD,161.49,161.49,yahoo
2021-03-15,GLD,162.20,162.20,yahoo
2021-03-16,GLD,162.35,162.35,yahoo
2021-03-17,GLD,163.51,163.51,yahoo
2021-03-18,GLD,162.56,162.56,yahoo
2021-03-19,GLD,163.24,163.24,yahoo
2021-03-22,GLD,163,163,yahoo
2021-03-23,GLD,161.81,161.81,yahoo
2021-03-24,GLD,162.37,162.37,yahoo
2021-03-25,GLD,161.78,161.78,yahoo
2021-03-26,GLD,162.24,162.24,yahoo
2021-03-29,GLD,160.31,160.31,yahoo
2021-03-30,GLD,157.57,157.57,yahoo
2021-03-31,GLD,159.96,159.96,yahoo
2021-04-01,GLD,161.98,161.98,yahoo
2021-04-05,GLD,161.92,161.92,yahoo
2021-04-06,GLD,163.22,163.22,yahoo
2021-04-07,GLD,162.76,162.76,yahoo
2021-04-08,GLD,164.51,164.51,yahoo
2021-04-09,GLD,163.27,163.27,yahoo
2021-04-12,GLD,162.28,162.28,yahoo
2021-04-13,GLD,163.43,163.43,yahoo
2021-04-14,GLD,162.72,162.72,yahoo
2021-04-15,GLD,165.35,165.35,yahoo
2021-04-16,GLD,166.35,166.35,yahoo
2021-04-19,GLD,165.89,165.89,yahoo
2021-04-20,GLD,166.48,166.48,yahoo
2021-04-21,GLD,168.13,168.13,yahoo
2021-04-22,GLD,167.04,167.04,yahoo
2021-04-23,GLD,166.40,166.40,yahoo
2021-04-26,GLD,166.84,166.84,yahoo
2021-04-27,GLD,166.42,166.42,yahoo
2021-04-28,GLD,166.91,166.91,yahoo
2021-04-29,GLD,166.22,166.22,yahoo
2021-04-30,GLD,165.66,165.66,yahoo
2021-05-03,GLD,167.81,167.81,yahoo
2021-05-04,GLD,166.58,166.58,yahoo
2021-05-05,GLD,167.27,167.27,yahoo
2021-05-06,GLD,170.06,170.06,yahoo
2021-05-07,GLD,171.59,171.59,yahoo
2021-05-10,GLD,172.11,172.11,yahoo
2021-05-11,GLD,172.14,172.14,yahoo
2021-05-12,GLD,170.43,170.43,yahoo
2021-05-13,GLD,171.13,171.13,yahoo
2021-05-14,GLD,172.69,172.69,yahoo
2021-05-17,GLD,174.70,174.70,yahoo
2021-05-18,GLD,175.04,175.04,yahoo
2021-05-19,GLD,175.16,175.16,yahoo
2021-05-20,GLD,175.96,175.96,yahoo
2021-05-21,GLD,176.04,176.04,yahoo
2021-05-24,GLD,176.35,176.35,yahoo
2021-05-25,GLD,177.95,177.95,yahoo
2021-05-26,GLD,177.64,177.64,yahoo
2021-05-27,GLD,177.71,177.71,yahoo
2021-05-28,GLD,178.38,178.38,yahoo
2021-06-01,GLD,177.90,177.90,yahoo
2021-06-02,GLD,178.77,178.77,yahoo
2021-06-03,GLD,175.27,175.27,yahoo
2021-06-04,GLD,177.16,177.16,yahoo
2021-06-07,GLD,177.87,177.87,yahoo
2021-06-08,GLD,177.32,177.32,yahoo
2021-06-09,GLD,176.98,176.98,yahoo
2021-06-10,GLD,177.74,177.74,yahoo
2021-06-11,GLD,175.74,175.74,yahoo
2021-06-14,GLD,174.71,174.71,yahoo
2021-06-15,GLD,174.05,174.05,yahoo
2021-06-16,GLD,171.11,171.11,yahoo
2021-06-17,GLD,165.85,165.85,yahoo
2021-06-18,GLD,164.93,164.93,yahoo
2021-06-21,GLD,166.95,166.95,yahoo
2021-06-22,GLD,166.25,166.25,yahoo
2021-06-23,GLD,166.14,166.14,yahoo
2021-06-24,GLD,166.04,166.04,yahoo
2021-06-25,GLD,166.59,166.59,yahoo
2021-06-28,GLD,166.58,166.58,yahoo
2021-06-29,GLD,164.83,164.83,yahoo
2021-06-30,GLD,165.63,165.63,yahoo
2021-07-01,GLD,166.20,166.20,yahoo
2021-07-02,GLD,167.29,167.29,yahoo
2021-07-06,GLD,168.12,168.12,yahoo
2021-07-07,GLD,168.76,168.76,yahoo
2021-07-08,GLD,168.65,168.65,yahoo
2021-07-09,GLD,169.21,169.21,yahoo
2021-07-12,GLD,169,169,yahoo
2021-07-13,GLD,169.22,169.22,yahoo
2021-07-14,GLD,171.04,171.04,yahoo
2021-07-15,GLD,171.07,171.07,yahoo
2021-07-16,GLD,169.41,169.41,yahoo
2021-07-19,GLD,169.61,169.61,yahoo
2021-07-20,GLD,169.39,169.39,yahoo
2021-07-21,GLD,168.76,168.76,yahoo
2021-07-22,GLD,169.09,169.09,yahoo
2021-07-23,GLD,168.56,168.56,yahoo
2021-07-26,GLD,168.16,168.16,yahoo
2021-07-27,GLD,168.44,168.44,yahoo
2021-07-28,GLD,169.29,169.29,yahoo
2021-07-29,GLD,171.17,171.17,yahoo
2021-07-30,GLD,169.82,169.82,yahoo
2021-08-02,GLD,169.61,169.61,yahoo
2021-08-03,GLD,169.49,169.49,yahoo
2021-08-04,GLD,169.53,169.53,yahoo
2021-08-05,GLD,168.86,168.86,yahoo
2021-08-06,GLD,164.64,164.64,yahoo
2021-08-09,GLD,161.72,161.72,yahoo
2021-08-10,GLD,161.77,161.77,yahoo
2021-08-11,GLD,164,164,yahoo
2021-08-12,GLD,164.04,164.04,yahoo
2021-08-13,GLD,166.39,166.39,yahoo
2021-08-16,GLD,167.22,167.22,yahoo
2021-08-17,GLD,166.97,166.97,yahoo
2021-08-18,GLD,167.10,167.10,yahoo
2021-08-19,GLD,166.61,166.61,yahoo
2021-08-20,GLD,166.70,166.70,yahoo
2021-08-23,GLD,168.73,168.73,yahoo
2021-08-24,GLD,168.65,168.65,yahoo
2021-08-25,GLD,167.48,167.48,yahoo
2021-08-26,GLD,167.67,167.67,yahoo
2021-08-27,GLD,170.19,170.19,yahoo
2021-08-30,GLD,169.35,169.35,yahoo
2021-08-31,GLD,169.69,169.69,yahoo
2021-09-01,GLD,169.70,169.70,yahoo
2021-09-02,GLD,169.25,169.25,yahoo
2021-09-03,GLD,171.06,171.06,yahoo
2021-09-07,GLD,167.71,167.71,yahoo
2021-09-08,GLD,167.29,167.29,yahoo
2021-09-09,GLD,168.03,168.03,yahoo
2021-09-10,GLD,167.18,167.18,yahoo
2021-09-13,GLD,167.74,167.74,yahoo
2021-09-14,GLD,168.82,168.82,yahoo
2021-09-15,GLD,167.83,167.83,yahoo
2021-09-16,GLD,164.03,164.03,yahoo
2021-09-17,GLD,163.77,163.77,yahoo
2021-09-20,GLD,164.94,164.94,yahoo
2021-09-21,GLD,166.04,166.04,yahoo
2021-09-22,GLD,165.42,165.42,yahoo
2021-09-23,GLD,163.51,163.51,yahoo
2021-09-24,GLD,163.30,163.30,yahoo
2021-09-27,GLD,163.64,163.64,yahoo
2021-09-28,GLD,162.05,162.05,yahoo
2021-09-29,GLD,161.32,161.32,yahoo
2021-09-30,GLD,164.22,164.22,yahoo
2021-10-01,GLD,164.59,164.59,yahoo
2021-10-04,GLD,165.36,165.36,yahoo
2021-10-05,GLD,164.59,164.59,yahoo
2021-10-06,GLD,165.03,165.03,yahoo
2021-10-07,GLD,164.16,164.16,yahoo
2021-10-08,GLD,164.23,164.23,yahoo
2021-10-11,GLD,163.92,163.92,yahoo
2021-10-12,GLD,164.66,164.66,yahoo
2021-10-13,GLD,167.59,167.59,yahoo
2021-10-14,GLD,168,168,yahoo
2021-10-15,GLD,165.33,165.33,yahoo
2021-10-18,GLD,164.92,164.92,yahoo
2021-10-19,GLD,165.45,165.45,yahoo
2021-10-20,GLD,166.90,166.90,yahoo
2021-10-21,GLD,166.75,166.75,yahoo
2021-10-22,GLD,167.77,167.77,yahoo
2021-10-25,GLD,168.93,168.93,yahoo
2021-10-26,GLD,167.68,167.68,yahoo
2021-10-27,GLD,168.12,168.12,yahoo
2021-10-28,GLD,168.08,168.08,yahoo
2021-10-29,GLD,166.65,166.65,yahoo
2021-11-01,GLD,167.52,167.52,yahoo
2021-11-02,GLD,167.16,167.16,yahoo
2021-11-03,GLD,165.77,165.77,yahoo
2021-11-04,GLD,167.65,167.65,yahoo
2021-11-05,GLD,169.84,169.84,yahoo
2021-11-08,GLD,170.45,170.45,yahoo
2021-11-09,GLD,171.29,171.29,yahoo
2021-11-10,GLD,173.15,173.15,yahoo
2021-11-11,GLD,174.12,174.12,yahoo
2021-11-12,GLD,174.45,174.45,yahoo
2021-11-15,GLD,174.18,174.18,yahoo
2021-11-16,GLD,172.92,172.92,yahoo
2021-11-17,GLD,174.50,174.50,yahoo
2021-11-18,GLD,173.94,173.94,yahoo
2021-11-19,GLD,172.61,172.61,yahoo
2021-11-22,GLD,168.74,168.74,yahoo
2021-11-23,GLD,167.28,167.28,yahoo
2021-11-24,GLD,167.12,167.12,yahoo
2021-11-26,GLD,166.85,166.85,yahoo
2021-11-29,GLD,166.62,166.62,yahoo
2021-11-30,GLD,165.50,165.50,yahoo
2021-12-01,GLD,166.16,166.16,yahoo
2021-12-02,GLD,165.24,165.24,yahoo
2021-12-03,GLD,166.63,166.63,yahoo
2021-12-06,GLD,166.22,166.22,yahoo
2021-12-07,GLD,166.81,166.81,yahoo
2021-12-08,GLD,166.90,166.90,yahoo
2021-12-09,GLD,165.88,165.88,yahoo
2021-12-10,GLD,166.58,166.58,yahoo
2021-12-13,GLD,167,167,yahoo
2021-12-14,GLD,165.44,165.44,yahoo
2021-12-15,GLD,166.15,166.15,yahoo
2021-12-16,GLD,168.16,168.16,yahoo
2021-12-17,GLD,167.80,167.80,yahoo
2021-12-20,GLD,167.09,167.09,yahoo
2021-12-21,GLD,167.02,167.02,yahoo
2021-12-22,GLD,168.59,168.59,yahoo
2021-12-23,GLD,168.97,168.97,yahoo
2021-12-27,GLD,169.37,169.37,yahoo
2021-12-28,GLD,168.64,168.64,yahoo
2021-12-29,GLD,168.59,168.59,yahoo
2021-12-30,GLD,169.80,169.80,yahoo
2021-12-31,GLD,170.96,170.96,yahoo
2022-01-03,GLD,168.33,168.33,yahoo
2022-01-04,GLD,169.57,169.57,yahoo
2022-01-05,GLD,169.06,169.06,yahoo
2022-01-06,GLD,166.99,166.99,yahoo
2022-01-07,GLD,167.75,167.75,yahoo
2022-01-10,GLD,168.26,168.26,yahoo
2022-01-11,GLD,170.29,170.29,yahoo
2022-01-12,GLD,170.74,170.74,yahoo
2022-01-13,GLD,170.16,170.16,yahoo
2022-01-14,GLD,169.67,169.67,yahoo
2022-01-18,GLD,169.39,169.39,yahoo
2022-01-19,GLD,172.08,172.08,yahoo
2022-01-20,GLD,171.65,171.65,yahoo
2022-01-21,GLD,171.09,171.09,yahoo
2022-01-24,GLD,172.03,172.03,yahoo
2022-01-25,GLD,172.58,172.58,yahoo
2022-01-26,GLD,169.79,169.79,yahoo
2022-01-27,GLD,167.60,167.60,yahoo
2022-01-28,GLD,167.10,167.10,yahoo
2022-01-31,GLD,168.09,168.09,yahoo
2022-02-01,GLD,168.23,168.23,yahoo
2022-02-02,GLD,168.84,168.84,yahoo
2022-02-03,GLD,168.60,168.60,yahoo
2022-02-04,GLD,168.86,168.86,yahoo
2022-02-07,GLD,170.11,170.11,yahoo
2022-02-08,GLD,170.63,170.63,yahoo
2022-02-09,GLD,171.21,171.21,yahoo
2022-02-10,GLD,170.56,170.56,yahoo
2022-02-11,GLD,173.81,173.81,yahoo
2022-02-14,GLD,174.74,174.74,yahoo
2022-02-15,GLD,173.08,173.08,yahoo
2022-02-16,GLD,174.86,174.86,yahoo
2022-02-17,GLD,177.25,177.25,yahoo
2022-02-18,GLD,177.12,177.12,yahoo
2022-02-22,GLD,177.49,177.49,yahoo
2022-02-23,GLD,178.29,178.29,yahoo
2022-02-24,GLD,177.14,177.14,yahoo
2022-02-25,GLD,176.55,176.55,yahoo
2022-02-28,GLD,178.38,178.38,yahoo
2022-03-01,GLD,181.62,181.62,yahoo
2022-03-02,GLD,179.73,179.73,yahoo
2022-03-03,GLD,180.80,180.80,yahoo
2022-03-04,GLD,183.68,183.68,yahoo
2022-03-07,GLD,186.41,186.41,yahoo
2022-03-08,GLD,191.51,191.51,yahoo
2022-03-09,GLD,185.82,185.82,yahoo
2022-03-10,GLD,186.40,186.40,yahoo
2022-03-11,GLD,185.09,185.09,yahoo
2022-03-14,GLD,182.30,182.30,yahoo
2022-03-15,GLD,178.89,178.89,yahoo
2022-03-16,GLD,180.01,180.01,yahoo
2022-03-17,GLD,180.89,180.89,yahoo
2022-03-18,GLD,179.30,179.30,yahoo
2022-03-21,GLD,180.67,180.67,yahoo
2022-03-22,GLD,179.36,179.36,yahoo
2022-03-23,GLD,181.81,181.81,yahoo
2022-03-24,GLD,183.13,183.13,yahoo
2022-03-25,GLD,182.38,182.38,yahoo
2022-03-28,GLD,179.06,179.06,yahoo
2022-03-29,GLD,179.14,179.14,yahoo
2022-03-30,GLD,180.58,180.58,yahoo
2022-03-31,GLD,180.65,180.65,yahoo
2022-04-01,GLD,179.50,179.50,yahoo
2022-04-04,GLD,180.37,180.37,yahoo
2022-04-05,GLD,179.24,179.24,yahoo
2022-04-06,GLD,179.66,179.66,yahoo
2022-04-07,GLD,180.34,180.34,yahoo
2022-04-08,GLD,181.47,181.47,yahoo
2022-04-11,GLD,182.37,182.37,yahoo
2022-04-12,GLD,183.77,183.77,yahoo
2022-04-13,GLD,184.65,184.65,yahoo
2022-04-14,GLD,184.04,184.04,yahoo
2022-04-18,GLD,184.61,184.61,yahoo
2022-04-19,GLD,181.82,181.82,yahoo
2022-04-20,GLD,182.71,182.71,yahoo
2022-04-21,GLD,182.06,182.06,yahoo
2022-04-22,GLD,180.29,180.29,yahoo
2022-04-25,GLD,177.05,177.05,yahoo
2022-04-26,GLD,177.32,177.32,yahoo
2022-04-27,GLD,175.98,175.98,yahoo
2022-04-28,GLD,176.93,176.93,yahoo
2022-04-29,GLD,176.91,176.91,yahoo
2022-05-02,GLD,173.63,173.63,yahoo
2022-05-03,GLD,174.09,174.09,yahoo
2022-05-04,GLD,175.80,175.80,yahoo
2022-05-05,GLD,175.13,175.13,yahoo
2022-05-06,GLD,175.42,175.42,yahoo
2022-05-09,GLD,172.88,172.88,yahoo
2022-05-10,GLD,171.42,171.42,yahoo
2022-05-11,GLD,172.82,172.82,yahoo
2022-05-12,GLD,170.17,170.17,yahoo
2022-05-13,GLD,168.79,168.79,yahoo
2022-05-16,GLD,170.40,170.40,yahoo
2022-05-17,GLD,169.33,169.33,yahoo
2022-05-18,GLD,169.42,169.42,yahoo
2022-05-19,GLD,171.91,171.91,yahoo
2022-05-20,GLD,172.03,172.03,yahoo
2022-05-23,GLD,172.83,172.83,yahoo
2022-05-24,GLD,174.13,174.13,yahoo
2022-05-25,GLD,173.08,173.08,yahoo
2022-05-26,GLD,172.76,172.76,yahoo
2022-05-27,GLD,172.85,172.85,yahoo
2022-05-31,GLD,171.14,171.14,yahoo
2022-06-01,GLD,172.23,172.23,yahoo
2022-06-02,GLD,174.35,174.35,yahoo
2022-06-03,GLD,172.58,172.58,yahoo
2022-06-06,GLD,171.82,171.82,yahoo
2022-06-07,GLD,172.94,172.94,yahoo
2022-06-08,GLD,172.78,172.78,yahoo
2022-06-09,GLD,172.23,172.23,yahoo
2022-06-10,GLD,174.54,174.54,yahoo
2022-06-13,GLD,169.93,169.93,yahoo
2022-06-14,GLD,168.57,168.57,yahoo
2022-06-15,GLD,170.77,170.77,yahoo
2022-06-16,GLD,172.69,172.69,yahoo
2022-06-17,GLD,171.27,171.27,yahoo
2022-06-21,GLD,170.63,170.63,yahoo
2022-06-22,GLD,171.31,171.31,yahoo
2022-06-23,GLD,170.26,170.26,yahoo
2022-06-24,GLD,170.09,170.09,yahoo
2022-06-27,GLD,169.90,169.90,yahoo
2022-06-28,GLD,169.62,169.62,yahoo
2022-06-29,GLD,169.49,169.49,yahoo
2022-06-30,GLD,168.46,168.46,yahoo
2022-07-01,GLD,168.32,168.32,yahoo
2022-07-05,GLD,164.75,164.75,yahoo
2022-07-06,GLD,162.14,162.14,yahoo
2022-07-07,GLD,162.23,162.23,yahoo
2022-07-08,GLD,162.30,162.30,yahoo
2022-07-11,GLD,161.43,161.43,yahoo
2022-07-12,GLD,160.83,160.83,yahoo
2022-07-13,GLD,161.60,161.60,yahoo
2022-07-14,GLD,159.33,159.33,yahoo
2022-07-15,GLD,159.01,159.01,yahoo
2022-07-18,GLD,159.16,159.16,yahoo
2022-07-19,GLD,159.54,159.54,yahoo
2022-07-20,GLD,158.04,158.04,yahoo
2022-07-21,GLD,160.27,160.27,yahoo
2022-07-22,GLD,160.67,160.67,yahoo
2022-07-25,GLD,160.23,160.23,yahoo
2022-07-26,GLD,160.04,160.04,yahoo
2022-07-27,GLD,161.67,161.67,yahoo
2022-07-28,GLD,163.64,163.64,yahoo
2022-07-29,GLD,164.10,164.10,yahoo
2022-08-01,GLD,165.03,165.03,yahoo
2022-08-02,GLD,164.05,164.05,yahoo
2022-08-03,GLD,164.45,164.45,yahoo
2022-08-04,GLD,167.17,167.17,yahoo
2022-08-05,GLD,165.29,165.29,yahoo
2022-08-08,GLD,166.69,166.69,yahoo
2022-08-09,GLD,167.20,167.20,yahoo
2022-08-10,GLD,166.78,166.78,yahoo
2022-08-11,GLD,166.34,166.34,yahoo
2022-08-12,GLD,167.87,167.87,yahoo
2022-08-15,GLD,165.71,165.71,yahoo
2022-08-16,GLD,165.42,165.42,yahoo
2022-08-17,GLD,164.35,164.35,yahoo
2022-08-18,GLD,163.92,163.92,yahoo
2022-08-19,GLD,162.72,162.72,yahoo
2022-08-22,GLD,161.64,161.64,yahoo
2022-08-23,GLD,162.77,162.77,yahoo
2022-08-24,GLD,163.25,163.25,yahoo
2022-08-25,GLD,163.75,163.75,yahoo
2022-08-26,GLD,161.76,161.76,yahoo
2022-08-29,GLD,161.86,161.86,yahoo
2022-08-30,GLD,160.51,160.51,yahoo
2022-08-31,GLD,159.27,159.27,yahoo
2022-09-01,GLD,157.87,157.87,yahoo
2022-09-02,GLD,159.26,159.26,yahoo
2022-09-06,GLD,158.33,158.33,yahoo
2022-09-07,GLD,159.94,159.94,yahoo
2022-09-08,GLD,158.98,158.98,yahoo
2022-09-09,GLD,159.82,159.82,yahoo
2022-09-12,GLD,160.63,160.63,yahoo
2022-09-13,GLD,158.54,158.54,yahoo
2022-09-14,GLD,157.93,157.93,yahoo
2022-09-15,GLD,154.98,154.98,yahoo
2022-09-16,GLD,155.84,155.84,yahoo
2022-09-19,GLD,155.96,155.96,yahoo
2022-09-20,GLD,155.07,155.07,yahoo
2022-09-21,GLD,155.79,155.79,yahoo
2022-09-22,GLD,155.70,155.70,yahoo
2022-09-23,GLD,153.01,153.01,yahoo
2022-09-26,GLD,151.23,151.23,yahoo
2022-09-27,GLD,151.54,151.54,yahoo
2022-09-28,GLD,154.69,154.69,yahoo
2022-09-29,GLD,154.66,154.66,yahoo
2022-09-30,GLD,154.67,154.67,yahoo
2022-10-03,GLD,158.43,158.43,yahoo
2022-10-04,GLD,160.70,160.70,yahoo
2022-10-05,GLD,159.81,159.81,yahoo
2022-10-06,GLD,159.63,159.63,yahoo
2022-10-07,GLD,157.88,157.88,yahoo
2022-10-10,GLD,155.48,155.48,yahoo
2022-10-11,GLD,155.16,155.16,yahoo
2022-10-12,GLD,155.99,155.99,yahoo
2022-10-13,GLD,154.91,154.91,yahoo
2022-10-14,GLD,152.98,152.98,yahoo
2022-10-17,GLD,153.42,153.42,yahoo
2022-10-18,GLD,153.75,153.75,yahoo
2022-10-19,GLD,151.69,151.69,yahoo
2022-10-20,GLD,151.45,151.45,yahoo
2022-10-21,GLD,154.15,154.15,yahoo
2022-10-24,GLD,153.65,153.65,yahoo
2022-10-25,GLD,154,154,yahoo
2022-10-26,GLD,154.98,154.98,yahoo
2022-10-27,GLD,154.74,154.74,yahoo
2022-10-28,GLD,153.16,153.16,yahoo
2022-10-31,GLD,151.91,151.91,yahoo
2022-11-01,GLD,153.46,153.46,yahoo
2022-11-02,GLD,152.39,152.39,yahoo
2022-11-03,GLD,151.81,151.81,yahoo
2022-11-04,GLD,156.47,156.47,yahoo
2022-11-07,GLD,155.85,155.85,yahoo
2022-11-08,GLD,159.45,159.45,yahoo
2022-11-09,GLD,158.65,158.65,yahoo
2022-11-10,GLD,163.48,163.48,yahoo
2022-11-11,GLD,164.56,164.56,yahoo
2022-11-14,GLD,164.92,164.92,yahoo
2022-11-15,GLD,165.50,165.50,yahoo
2022-11-16,GLD,165.12,165.12,yahoo
2022-11-17,GLD,163.92,163.92,yahoo
2022-11-18,GLD,162.79,162.79,yahoo
2022-11-21,GLD,161.88,161.88,yahoo
2022-11-22,GLD,162.07,162.07,yahoo
2022-11-23,GLD,163.08,163.08,yahoo
2022-11-25,GLD,163.22,163.22,yahoo
2022-11-28,GLD,161.93,161.93,yahoo
2022-11-29,GLD,162.73,162.73,yahoo
2022-11-30,GLD,164.81,164.81,yahoo
2022-12-01,GLD,167.84,167.84,yahoo
2022-12-02,GLD,167.26,167.26,yahoo
2022-12-05,GLD,164.39,164.39,yahoo
2022-12-06,GLD,164.84,164.84,yahoo
2022-12-07,GLD,166.33,166.33,yahoo
2022-12-08,GLD,166.47,166.47,yahoo
2022-12-09,GLD,167.06,167.06,yahoo
2022-12-12,GLD,165.68,165.68,yahoo
2022-12-13,GLD,168.51,168.51,yahoo
2022-12-14,GLD,168.10,168.10,yahoo
2022-12-15,GLD,165.35,165.35,yahoo
2022-12-16,GLD,166.79,166.79,yahoo
2022-12-19,GLD,166.32,166.32,yahoo
2022-12-20,GLD,169.08,169.08,yahoo
2022-12-21,GLD,168.80,168.80,yahoo
2022-12-22,GLD,166.76,166.76,yahoo
2022-12-23,GLD,167.26,167.26,yahoo
2022-12-27,GLD,168.67,168.67,yahoo
2022-12-28,GLD,167.91,167.91,yahoo
2022-12-29,GLD,168.85,168.85,yahoo
2022-12-30,GLD,169.64,169.64,yahoo
2023-01-03,GLD,171.06,171.06,yahoo
2023-01-04,GLD,172.67,172.67,yahoo
2023-01-05,GLD,170.52,170.52,yahoo
2023-01-06,GLD,173.71,173.71,yahoo
2023-01-09,GLD,174.10,174.10,yahoo
2023-01-10,GLD,174.74,174.74,yahoo
2023-01-11,GLD,174.62,174.62,yahoo
2023-01-12,GLD,176.64,176.64,yahoo
2023-01-13,GLD,178.76,178.76,yahoo
2023-01-17,GLD,177.59,177.59,yahoo
2023-01-18,GLD,177.08,177.08,yahoo
2023-01-19,GLD,179.89,179.89,yahoo
2023-01-20,GLD,179.29,179.29,yahoo
2023-01-23,GLD,179.63,179.63,yahoo
2023-01-24,GLD,180.28,180.28,yahoo
2023-01-25,GLD,181.11,181.11,yahoo
2023-01-26,GLD,179.47,179.47,yahoo
2023-01-27,GLD,179.22,179.22,yahoo
2023-01-30,GLD,178.76,178.76,yahoo
2023-01-31,GLD,179.41,179.41,yahoo
2023-02-01,GLD,181.67,181.67,yahoo
2023-02-02,GLD,177.90,177.90,yahoo
2023-02-03,GLD,173.46,173.46,yahoo
2023-02-06,GLD,173.82,173.82,yahoo
2023-02-07,GLD,173.98,173.98,yahoo
2023-02-08,GLD,174.41,174.41,yahoo
2023-02-09,GLD,173.03,173.03,yahoo
2023-02-10,GLD,173.36,173.36,yahoo
2023-02-13,GLD,172.48,172.48,yahoo
2023-02-14,GLD,172.61,172.61,yahoo
2023-02-15,GLD,170.89,170.89,yahoo
2023-02-16,GLD,170.75,170.75,yahoo
2023-02-17,GLD,171.26,171.26,yahoo
2023-02-21,GLD,170.62,170.62,yahoo
2023-02-22,GLD,169.66,169.66,yahoo
2023-02-23,GLD,169.57,169.57,yahoo
2023-02-24,GLD,168.35,168.35,yahoo
2023-02-27,GLD,169.01,169.01,yahoo
2023-02-28,GLD,169.78,169.78,yahoo
2023-03-01,GLD,170.76,170.76,yahoo
2023-03-02,GLD,170.66,170.66,yahoo
2023-03-03,GLD,172.49,172.49,yahoo
2023-03-06,GLD,171.62,171.62,yahoo
2023-03-07,GLD,168.62,168.62,yahoo
2023-03-08,GLD,168.54,168.54,yahoo
2023-03-09,GLD,170.20,170.20,yahoo
2023-03-10,GLD,173.87,173.87,yahoo
2023-03-13,GLD,177.86,177.86,yahoo
2023-03-14,GLD,176.83,176.83,yahoo
2023-03-15,GLD,178.21,178.21,yahoo
2023-03-16,GLD,178.57,178.57,yahoo
2023-03-17,GLD,183.77,183.77,yahoo
2023-03-20,GLD,183.84,183.84,yahoo
2023-03-21,GLD,180.37,180.37,yahoo
2023-03-22,GLD,183.44,183.44,yahoo
2023-03-23,GLD,185.74,185.74,yahoo
2023-03-24,GLD,183.65,183.65,yahoo
2023-03-27,GLD,181.95,181.95,yahoo
2023-03-28,GLD,183.44,183.44,yahoo
2023-03-29,GLD,182.53,182.53,yahoo
2023-03-30,GLD,184.18,184.18,yahoo
2023-03-31,GLD,183.22,183.22,yahoo
2023-04-03,GLD,184.54,184.54,yahoo
2023-04-04,GLD,187.98,187.98,yahoo
2023-04-05,GLD,187.83,187.83,yahoo
2023-04-06,GLD,186.49,186.49,yahoo
2023-04-10,GLD,185.11,185.11,yahoo
2023-04-11,GLD,186.28,186.28,yahoo
2023-04-12,GLD,187.19,187.19,yahoo
2023-04-13,GLD,189.72,189.72,yahoo
2023-04-14,GLD,186.36,186.36,yahoo
2023-04-17,GLD,185.53,185.53,yahoo
2023-04-18,GLD,186.25,186.25,yahoo
2023-04-19,GLD,185.36,185.36,yahoo
2023-04-20,GLD,186.09,186.09,yahoo
2023-04-21,GLD,184.25,184.25,yahoo
2023-04-24,GLD,184.81,184.81,yahoo
2023-04-25,GLD,185.75,185.75,yahoo
2023-04-26,GLD,184.74,184.74,yahoo
2023-04-27,GLD,184.75,184.75,yahoo
2023-04-28,GLD,184.80,184.80,yahoo
2023-05-01,GLD,183.97,183.97,yahoo
2023-05-02,GLD,187.52,187.52,yahoo
2023-05-03,GLD,189.11,189.11,yahoo
2023-05-04,GLD,190.44,190.44,yahoo
2023-05-05,GLD,187.46,187.46,yahoo
2023-05-08,GLD,187.69,187.69,yahoo
2023-05-09,GLD,189.02,189.02,yahoo
2023-05-10,GLD,188.75,188.75,yahoo
2023-05-11,GLD,187.13,187.13,yahoo
2023-05-12,GLD,186.81,186.81,yahoo
2023-05-15,GLD,187.21,187.21,yahoo
2023-05-16,GLD,184.87,184.87,yahoo
2023-05-17,GLD,184.23,184.23,yahoo
2023-05-18,GLD,181.84,181.84,yahoo
2023-05-19,GLD,183.64,183.64,yahoo
2023-05-22,GLD,183.21,183.21,yahoo
2023-05-23,GLD,183.43,183.43,yahoo
2023-05-24,GLD,181.95,181.95,yahoo
2023-05-25,GLD,180.20,180.20,yahoo
2023-05-26,GLD,180.92,180.92,yahoo
2023-05-30,GLD,182.04,182.04,yahoo
2023-05-31,GLD,182.32,182.32,yahoo
2023-06-01,GLD,183.76,183.76,yahoo
2023-06-02,GLD,181.05,181.05,yahoo
2023-06-05,GLD,182.14,182.14,yahoo
2023-06-06,GLD,182.34,182.34,yahoo
2023-06-07,GLD,180.15,180.15,yahoo
2023-06-08,GLD,182.53,182.53,yahoo
2023-06-09,GLD,182.04,182.04,yahoo
2023-06-12,GLD,181.88,181.88,yahoo
2023-06-13,GLD,180.54,180.54,yahoo
2023-06-14,GLD,180.64,180.64,yahoo
2023-06-15,GLD,181.91,181.91,yahoo
2023-06-16,GLD,181.63,181.63,yahoo
2023-06-20,GLD,179.75,179.75,yahoo
2023-06-21,GLD,179.49,179.49,yahoo
2023-06-22,GLD,177.71,177.71,yahoo
2023-06-23,GLD,178.20,178.20,yahoo
2023-06-26,GLD,178.51,178.51,yahoo
2023-06-27,GLD,177.69,177.69,yahoo
2023-06-28,GLD,177.28,177.28,yahoo
2023-06-29,GLD,177.09,177.09,yahoo
2023-06-30,GLD,178.27,178.27,yahoo
2023-07-03,GLD,178.47,178.47,yahoo
2023-07-05,GLD,177.84,177.84,yahoo
2023-07-06,GLD,177.31,177.31,yahoo
2023-07-07,GLD,178.64,178.64,yahoo
2023-07-10,GLD,178.78,178.78,yahoo
2023-07-11,GLD,179.45,179.45,yahoo
2023-07-12,GLD,181.88,181.88,yahoo
2023-07-13,GLD,182.01,182.01,yahoo
2023-07-14,GLD,181.43,181.43,yahoo
2023-07-17,GLD,181.56,181.56,yahoo
2023-07-18,GLD,183.64,183.64,yahoo
2023-07-19,GLD,183.67,183.67,yahoo
2023-07-20,GLD,182.74,182.74,yahoo
2023-07-21,GLD,182.18,182.18,yahoo
2023-07-24,GLD,181.40,181.40,yahoo
2023-07-25,GLD,182.41,182.41,yahoo
2023-07-26,GLD,183.30,183.30,yahoo
2023-07-27,GLD,180.42,180.42,yahoo
2023-07-28,GLD,181.86,181.86,yahoo
2023-07-31,GLD,182.35,182.35,yahoo
2023-08-01,GLD,180.46,180.46,yahoo
2023-08-02,GLD,179.60,179.60,yahoo
2023-08-03,GLD,179.54,179.54,yahoo
2023-08-04,GLD,180.19,180.19,yahoo
2023-08-07,GLD,179.78,179.78,yahoo
2023-08-08,GLD,178.64,178.64,yahoo
2023-08-09,GLD,177.79,177.79,yahoo
2023-08-10,GLD,177.60,177.60,yahoo
2023-08-11,GLD,177.60,177.60,yahoo
2023-08-14,GLD,177.06,177.06,yahoo
2023-08-15,GLD,176.59,176.59,yahoo
2023-08-16,GLD,175.57,175.57,yahoo
2023-08-17,GLD,175.30,175.30,yahoo
2023-08-18,GLD,175.33,175.33,yahoo
2023-08-21,GLD,175.81,175.81,yahoo
2023-08-22,GLD,176.10,176.10,yahoo
2023-08-23,GLD,177.89,177.89,yahoo
2023-08-24,GLD,177.85,177.85,yahoo
2023-08-25,GLD,177.62,177.62,yahoo
2023-08-28,GLD,178.13,178.13,yahoo
2023-08-29,GLD,179.87,179.87,yahoo
2023-08-30,GLD,180.32,180.32,yahoo
2023-08-31,GLD,180.02,180.02,yahoo
2023-09-01,GLD,180.11,180.11,yahoo
2023-09-05,GLD,178.64,178.64,yahoo
2023-09-06,GLD,177.83,177.83,yahoo
2023-09-07,GLD,178.02,178.02,yahoo
2023-09-08,GLD,178.08,178.08,yahoo
2023-09-11,GLD,178.41,178.41,yahoo
2023-09-12,GLD,177.49,177.49,yahoo
2023-09-13,GLD,177.08,177.08,yahoo
2023-09-14,GLD,177.17,177.17,yahoo
2023-09-15,GLD,178.34,178.34,yahoo
2023-09-18,GLD,179.39,179.39,yahoo
2023-09-19,GLD,179.22,179.22,yahoo
2023-09-20,GLD,179.35,179.35,yahoo
2023-09-21,GLD,178.05,178.05,yahoo
2023-09-22,GLD,178.62,178.62,yahoo
2023-09-25,GLD,177.70,177.70,yahoo
2023-09-26,GLD,176.28,176.28,yahoo
2023-09-27,GLD,174.10,174.10,yahoo
2023-09-28,GLD,173.23,173.23,yahoo
2023-09-29,GLD,171.45,171.45,yahoo
2023-10-02,GLD,169.65,169.65,yahoo
2023-10-03,GLD,169.16,169.16,yahoo
2023-10-04,GLD,169.14,169.14,yahoo
2023-10-05,GLD,168.83,168.83,yahoo
2023-10-06,GLD,169.70,169.70,yahoo
2023-10-09,GLD,172.82,172.82,yahoo
2023-10-10,GLD,172.53,172.53,yahoo
2023-10-11,GLD,173.79,173.79,yahoo
2023-10-12,GLD,173.26,173.26,yahoo
2023-10-13,GLD,178.83,178.83,yahoo
2023-10-16,GLD,177.96,177.96,yahoo
2023-10-17,GLD,178.29,178.29,yahoo
2023-10-18,GLD,180.87,180.87,yahoo
2023-10-19,GLD,183.09,183.09,yahoo
2023-10-20,GLD,183.59,183.59,yahoo
2023-10-23,GLD,182.97,182.97,yahoo
2023-10-24,GLD,182.95,182.95,yahoo
2023-10-25,GLD,183.72,183.72,yahoo
2023-10-26,GLD,184.01,184.01,yahoo
2023-10-27,GLD,186.15,186.15,yahoo
2023-10-30,GLD,185.10,185.10,yahoo
2023-10-31,GLD,184.09,184.09,yahoo
2023-11-01,GLD,183.51,183.51,yahoo
2023-11-02,GLD,184.12,184.12,yahoo
2023-11-03,GLD,184.79,184.79,yahoo
2023-11-06,GLD,183.35,183.35,yahoo
2023-11-07,GLD,182.59,182.59,yahoo
2023-11-08,GLD,180.77,180.77,yahoo
2023-11-09,GLD,181.49,181.49,yahoo
2023-11-10,GLD,179.51,179.51,yahoo
2023-11-13,GLD,180.51,180.51,yahoo
2023-11-14,GLD,182.12,182.12,yahoo
2023-11-15,GLD,181.64,181.64,yahoo
2023-11-16,GLD,183.69,183.69,yahoo
2023-11-17,GLD,183.67,183.67,yahoo
2023-11-20,GLD,183.37,183.37,yahoo
2023-11-21,GLD,185.35,185.35,yahoo
2023-11-22,GLD,184.56,184.56,yahoo
2023-11-24,GLD,185.52,185.52,yahoo
2023-11-27,GLD,186.77,186.77,yahoo
2023-11-28,GLD,189.26,189.26,yahoo
2023-11-29,GLD,189.54,189.54,yahoo
2023-11-30,GLD,188.75,188.75,yahoo
2023-12-01,GLD,192.01,192.01,yahoo
2023-12-04,GLD,187.86,187.86,yahoo
2023-12-05,GLD,187.15,187.15,yahoo
2023-12-06,GLD,187.84,187.84,yahoo
2023-12-07,GLD,188.15,188.15,yahoo
2023-12-08,GLD,185.64,185.64,yahoo
2023-12-11,GLD,183.59,183.59,yahoo
2023-12-12,GLD,183.49,183.49,yahoo
2023-12-13,GLD,187.63,187.63,yahoo
2023-12-14,GLD,188.73,188.73,yahoo
2023-12-15,GLD,187,187,yahoo
2023-12-18,GLD,187.85,187.85,yahoo
2023-12-19,GLD,189.13,189.13,yahoo
2023-12-20,GLD,188.10,188.10,yahoo
2023-12-21,GLD,189.43,189.43,yahoo
2023-12-22,GLD,190.27,190.27,yahoo
2023-12-26,GLD,191.72,191.72,yahoo
2023-12-27,GLD,192.59,192.59,yahoo
2023-12-28,GLD,191.47,191.47,yahoo
2023-12-29,GLD,191.17,191.17,yahoo
2024-01-02,GLD,190.72,190.72,yahoo
2024-01-03,GLD,189.13,189.13,yahoo
2024-01-04,GLD,189.32,189.32,yahoo
2024-01-05,GLD,189.35,189.35,yahoo
2024-01-08,GLD,187.87,187.87,yahoo
2024-01-09,GLD,187.93,187.93,yahoo
2024-01-10,GLD,187.50,187.50,yahoo
2024-01-11,GLD,187.87,187.87,yahoo
2024-01-12,GLD,189.71,189.71,yahoo
2024-01-16,GLD,187.91,187.91,yahoo
2024-01-17,GLD,185.84,185.84,yahoo
2024-01-18,GLD,187.37,187.37,yahoo
2024-01-19,GLD,187.93,187.93,yahoo
2024-01-22,GLD,187.22,187.22,yahoo
2024-01-23,GLD,187.95,187.95,yahoo
2024-01-24,GLD,186.40,186.40,yahoo
2024-01-25,GLD,187.14,187.14,yahoo
2024-01-26,GLD,187.01,187.01,yahoo
2024-01-29,GLD,188.33,188.33,yahoo
2024-01-30,GLD,188.59,188.59,yahoo
2024-01-31,GLD,188.45,188.45,yahoo
2024-02-01,GLD,190.41,190.41,yahoo
2024-02-02,GLD,188.61,188.61,yahoo
2024-02-05,GLD,187.57,187.57,yahoo
2024-02-06,GLD,188.55,188.55,yahoo
2024-02-07,GLD,188.50,188.50,yahoo
2024-02-08,GLD,188.33,188.33,yahoo
2024-02-09,GLD,187.60,187.60,yahoo
2024-02-12,GLD,187.11,187.11,yahoo
2024-02-13,GLD,184.53,184.53,yahoo
2024-02-14,GLD,184.42,184.42,yahoo
2024-02-15,GLD,185.66,185.66,yahoo
2024-02-16,GLD,186.34,186.34,yahoo
2024-02-20,GLD,187.47,187.47,yahoo
2024-02-21,GLD,187.48,187.48,yahoo
2024-02-22,GLD,187.56,187.56,yahoo
2024-02-23,GLD,188.62,188.62,yahoo
2024-02-26,GLD,188.20,188.20,yahoo
2024-02-27,GLD,188,188,yahoo
2024-02-28,GLD,188.34,188.34,yahoo
2024-02-29,GLD,189.31,189.31,yahoo
2024-03-01,GLD,192.89,192.89,yahoo
2024-03-04,GLD,196.01,196.01,yahoo
2024-03-05,GLD,197.19,197.19,yahoo
2024-03-06,GLD,198.81,198.81,yahoo
2024-03-07,GLD,199.94,199.94,yahoo
2024-03-08,GLD,201.63,201.63,yahoo
2024-03-11,GLD,202,202,yahoo
2024-03-12,GLD,199.79,199.79,yahoo
2024-03-13,GLD,201.19,201.19,yahoo
2024-03-14,GLD,200.35,200.35,yahoo
2024-03-15,GLD,199.71,199.71,yahoo
2024-03-18,GLD,200.03,200.03,yahoo
2024-03-19,GLD,199.80,199.80,yahoo
2024-03-20,GLD,202.18,202.18,yahoo
2024-03-21,GLD,201.97,201.97,yahoo
2024-03-22,GLD,200.35,200.35,yahoo
2024-03-25,GLD,200.99,200.99,yahoo
2024-03-26,GLD,201.64,201.64,yahoo
2024-03-27,GLD,203.10,203.10,yahoo
2024-03-28,GLD,205.72,205.72,yahoo
2024-04-01,GLD,207.82,207.82,yahoo
2024-04-02,GLD,210.89,210.89,yahoo
2024-04-03,GLD,212.74,212.74,yahoo
2024-04-04,GLD,211.52,211.52,yahoo
2024-04-05,GLD,215.14,215.14,yahoo
2024-04-08,GLD,216.48,216.48,yahoo
2024-04-09,GLD,217.67,217.67,yahoo
2024-04-10,GLD,215.61,215.61,yahoo
2024-04-11,GLD,219.80,219.80,yahoo
2024-04-12,GLD,216.89,216.89,yahoo
2024-04-15,GLD,220.95,220.95,yahoo
2024-04-16,GLD,221.22,221.22,yahoo
2024-04-17,GLD,219.59,219.59,yahoo
2024-04-18,GLD,220.34,220.34,yahoo
2024-04-19,GLD,221.03,221.03,yahoo
2024-04-22,GLD,215.57,215.57,yahoo
2024-04-23,GLD,215.04,215.04,yahoo
2024-04-24,GLD,214.64,214.64,yahoo
2024-04-25,GLD,215.92,215.92,yahoo
2024-04-26,GLD,216.62,216.62,yahoo
2024-04-29,GLD,216.18,216.18,yahoo
2024-04-30,GLD,211.87,211.87,yahoo
2024-05-01,GLD,213.79,213.79,yahoo
2024-05-02,GLD,213.13,213.13,yahoo
2024-05-03,GLD,212.96,212.96,yahoo
2024-05-06,GLD,215.20,215.20,yahoo
2024-05-07,GLD,214.21,214.21,yahoo
2024-05-08,GLD,213.58,213.58,yahoo
2024-05-09,GLD,216.95,216.95,yahoo
2024-05-10,GLD,218.71,218.71,yahoo
2024-05-13,GLD,216.26,216.26,yahoo
2024-05-14,GLD,218.09,218.09,yahoo
2024-05-15,GLD,220.89,220.89,yahoo
2024-05-16,GLD,220.03,220.03,yahoo
2024-05-17,GLD,223.66,223.66,yahoo
2024-05-20,GLD,224.56,224.56,yahoo
2024-05-21,GLD,224.23,224.23,yahoo
2024-05-22,GLD,220.11,220.11,yahoo
2024-05-23,GLD,215.72,215.72,yahoo
2024-05-24,GLD,215.92,215.92,yahoo
2024-05-28,GLD,218.19,218.19,yahoo
2024-05-29,GLD,216.16,216.16,yahoo
2024-05-30,GLD,216.57,216.57,yahoo
2024-05-31,GLD,215.30,215.30,yahoo
2024-06-03,GLD,217.22,217.22,yahoo
2024-06-04,GLD,215.27,215.27,yahoo
2024-06-05,GLD,217.82,217.82,yahoo
2024-06-06,GLD,219.43,219.43,yahoo
2024-06-07,GLD,211.60,211.60,yahoo
2024-06-10,GLD,213.54,213.54,yahoo
2024-06-11,GLD,214.15,214.15,yahoo
2024-06-12,GLD,214.72,214.72,yahoo
2024-06-13,GLD,212.97,212.97,yahoo
2024-06-14,GLD,215.73,215.73,yahoo
2024-06-17,GLD,214.61,214.61,yahoo
2024-06-18,GLD,215.47,215.47,yahoo
2024-06-20,GLD,218.16,218.16,yahoo
2024-06-21,GLD,214.78,214.78,yahoo
2024-06-24,GLD,215.63,215.63,yahoo
2024-06-25,GLD,214.56,214.56,yahoo
2024-06-26,GLD,212.58,212.58,yahoo
2024-06-27,GLD,214.99,214.99,yahoo
2024-06-28,GLD,215.01,215.01,yahoo
2024-07-01,GLD,215.57,215.57,yahoo
2024-07-02,GLD,215.56,215.56,yahoo
2024-07-03,GLD,217.99,217.99,yahoo
2024-07-05,GLD,220.93,220.93,yahoo
2024-07-08,GLD,218.19,218.19,yahoo
2024-07-09,GLD,218.56,218.56,yahoo
2024-07-10,GLD,219.36,219.36,yahoo
2024-07-11,GLD,223.25,223.25,yahoo
2024-07-12,GLD,223.11,223.11,yahoo
2024-07-15,GLD,223.83,223.83,yahoo
2024-07-16,GLD,228.29,228.29,yahoo
2024-07-17,GLD,227.23,227.23,yahoo
2024-07-18,GLD,225.78,225.78,yahoo
2024-07-19,GLD,221.73,221.73,yahoo
2024-07-22,GLD,221.80,221.80,yahoo
2024-07-23,GLD,222.58,222.58,yahoo
2024-07-24,GLD,221.80,221.80,yahoo
2024-07-25,GLD,218.33,218.33,yahoo
2024-07-26,GLD,220.63,220.63,yahoo
2024-07-29,GLD,220.32,220.32,yahoo
2024-07-30,GLD,222.52,222.52,yahoo
2024-07-31,GLD,226.55,226.55,yahoo
2024-08-01,GLD,225.77,225.77,yahoo
2024-08-02,GLD,225.34,225.34,yahoo
2024-08-05,GLD,222.48,222.48,yahoo
2024-08-06,GLD,220.70,220.70,yahoo
2024-08-07,GLD,220.55,220.55,yahoo
2024-08-08,GLD,224.01,224.01,yahoo
2024-08-09,GLD,224.56,224.56,yahoo
2024-08-12,GLD,228.41,228.41,yahoo
2024-08-13,GLD,228.06,228.06,yahoo
2024-08-14,GLD,226.20,226.20,yahoo
2024-08-15,GLD,226.91,226.91,yahoo
2024-08-16,GLD,231.99,231.99,yahoo
2024-08-19,GLD,231.61,231.61,yahoo
2024-08-20,GLD,232.46,232.46,yahoo
2024-08-21,GLD,232.15,232.15,yahoo
2024-08-22,GLD,229.37,229.37,yahoo
2024-08-23,GLD,232.02,232.02,yahoo
2024-08-26,GLD,232.76,232.76,yahoo
2024-08-27,GLD,233.39,233.39,yahoo
2024-08-28,GLD,231.75,231.75,yahoo
2024-08-29,GLD,232.95,232.95,yahoo
2024-08-30,GLD,231.29,231.29,yahoo
2024-09-03,GLD,230.29,230.29,yahoo
2024-09-04,GLD,230.43,230.43,yahoo
2024-09-05,GLD,232.35,232.35,yahoo
2024-09-06,GLD,230.63,230.63,yahoo
2024-09-09,GLD,231.60,231.60,yahoo
2024-09-10,GLD,232.62,232.62,yahoo
2024-09-11,GLD,232.25,232.25,yahoo
2024-09-12,GLD,236.33,236.33,yahoo
2024-09-13,GLD,238.68,238.68,yahoo
2024-09-16,GLD,238.66,238.66,yahoo
2024-09-17,GLD,237.34,237.34,yahoo
2024-09-18,GLD,235.51,235.51,yahoo
2024-09-19,GLD,239.17,239.17,yahoo
2024-09-20,GLD,242.21,242.21,yahoo
2024-09-23,GLD,242.68,242.68,yahoo
2024-09-24,GLD,246.07,246.07,yahoo
2024-09-25,GLD,245.73,245.73,yahoo
2024-09-26,GLD,246.98,246.98,yahoo
2024-09-27,GLD,245.02,245.02,yahoo
2024-09-30,GLD,243.06,243.06,yahoo
2024-10-01,GLD,245.61,245.61,yahoo
2024-10-02,GLD,245.66,245.66,yahoo
2024-10-03,GLD,245.49,245.49,yahoo
2024-10-04,GLD,245,245,yahoo
2024-10-07,GLD,244.17,244.17,yahoo
2024-10-08,GLD,242.37,242.37,yahoo
2024-10-09,GLD,241.05,241.05,yahoo
2024-10-10,GLD,242.82,242.82,yahoo
2024-10-11,GLD,245.47,245.47,yahoo
2024-10-14,GLD,245.07,245.07,yahoo
2024-10-15,GLD,245.92,245.92,yahoo
2024-10-16,GLD,247.15,247.15,yahoo
2024-10-17,GLD,248.63,248.63,yahoo
2024-10-18,GLD,251.27,251.27,yahoo
2024-10-21,GLD,251.22,251.22,yahoo
2024-10-22,GLD,253.93,253.93,yahoo
2024-10-23,GLD,250.87,250.87,yahoo
2024-10-24,GLD,252.80,252.80,yahoo
2024-10-25,GLD,253.32,253.32,yahoo
2024-10-28,GLD,253.33,253.33,yahoo
2024-10-29,GLD,256.09,256.09,yahoo
2024-10-30,GLD,257.50,257.50,yahoo
2024-10-31,GLD,253.51,253.51,yahoo
2024-11-01,GLD,252.47,252.47,yahoo
2024-11-04,GLD,252.83,252.83,yahoo
2024-11-05,GLD,253.40,253.40,yahoo
2024-11-06,GLD,245.70,245.70,yahoo
2024-11-07,GLD,249.65,249.65,yahoo
2024-11-08,GLD,247.96,247.96,yahoo
2024-11-11,GLD,242.14,242.14,yahoo
2024-11-12,GLD,240.05,240.05,yahoo
2024-11-13,GLD,237.63,237.63,yahoo
2024-11-14,GLD,237.01,237.01,yahoo
2024-11-15,GLD,236.59,236.59,yahoo
2024-11-18,GLD,241.09,241.09,yahoo
2024-11-19,GLD,243.25,243.25,yahoo
2024-11-20,GLD,244.62,244.62,yahoo
2024-11-21,GLD,246.66,246.66,yahoo
2024-11-22,GLD,249.84,249.84,yahoo
2024-11-25,GLD,242.48,242.48,yahoo
2024-11-26,GLD,242.95,242.95,yahoo
2024-11-27,GLD,243.49,243.49,yahoo
2024-11-29,GLD,245.59,245.59,yahoo
2024-12-02,GLD,243.44,243.44,yahoo
2024-12-03,GLD,243.93,243.93,yahoo
2024-12-04,GLD,244.67,244.67,yahoo
2024-12-05,GLD,242.86,242.86,yahoo
2024-12-06,GLD,242.95,242.95,yahoo
2024-12-09,GLD,245.36,245.36,yahoo
2024-12-10,GLD,248.59,248.59,yahoo
2024-12-11,GLD,250.96,250.96,yahoo
2024-12-12,GLD,247.28,247.28,yahoo
2024-12-13,GLD,244.29,244.29,yahoo
2024-12-16,GLD,244.88,244.88,yahoo
2024-12-17,GLD,243.94,243.94,yahoo
2024-12-18,GLD,239.26,239.26,yahoo
2024-12-19,GLD,239.60,239.60,yahoo
2024-12-20,GLD,242.10,242.10,yahoo
2024-12-23,GLD,240.96,240.96,yahoo
2024-12-24,GLD,241.44,241.44,yahoo
2024-12-26,GLD,243.07,243.07,yahoo
2024-12-27,GLD,241.40,241.40,yahoo
2024-12-30,GLD,240.63,240.63,yahoo
2024-12-31,GLD,242.13,242.13,yahoo
2025-01-02,GLD,245.42,245.42,yahoo
2025-01-03,GLD,243.49,243.49,yahoo
2025-01-06,GLD,243.19,243.19,yahoo
2025-01-07,GLD,244.56,244.56,yahoo
2025-01-08,GLD,245.86,245.86,yahoo
2025-01-10,GLD,248.21,248.21,yahoo
2025-01-13,GLD,245.74,245.74,yahoo
2025-01-14,GLD,247.03,247.03,yahoo
2025-01-15,GLD,248.88,248.88,yahoo
2025-01-16,GLD,250.60,250.60,yahoo
2025-01-17,GLD,249.27,249.27,yahoo
2025-01-21,GLD,253.13,253.13,yahoo
2025-01-22,GLD,254.43,254.43,yahoo
2025-01-23,GLD,254.07,254.07,yahoo
2025-01-24,GLD,255.65,255.65,yahoo
2025-01-27,GLD,252.99,252.99,yahoo
2025-01-28,GLD,255.18,255.18,yahoo
2025-01-29,GLD,254.20,254.20,yahoo
2025-01-30,GLD,258.05,258.05,yahoo
2025-01-31,GLD,258.56,258.56,yahoo
2025-02-03,GLD,259.94,259.94,yahoo
2025-02-04,GLD,262.50,262.50,yahoo
2025-02-05,GLD,264.13,264.13,yahoo
2025-02-06,GLD,263.43,263.43,yahoo
2025-02-07,GLD,263.90,263.90,yahoo
2025-02-10,GLD,268.37,268.37,yahoo
2025-02-11,GLD,267.39,267.39,yahoo
2025-02-12,GLD,267.67,267.67,yahoo
2025-02-13,GLD,270.31,270.31,yahoo
2025-02-14,GLD,266.29,266.29,yahoo
2025-02-18,GLD,270.70,270.70,yahoo
2025-02-19,GLD,270.85,270.85,yahoo
2025-02-20,GLD,270.99,270.99,yahoo
2025-02-21,GLD,270.74,270.74,yahoo
2025-02-24,GLD,272.21,272.21,yahoo
2025-02-25,GLD,268.62,268.62,yahoo
2025-02-26,GLD,269.03,269.03,yahoo
2025-02-27,GLD,264.93,264.93,yahoo
2025-02-28,GLD,263.27,263.27,yahoo
2025-03-03,GLD,266.74,266.74,yahoo
2025-03-04,GLD,269.06,269.06,yahoo
2025-03-05,GLD,269.62,269.62,yahoo
2025-03-06,GLD,268.25,268.25,yahoo
2025-03-07,GLD,268.39,268.39,yahoo
2025-03-10,GLD,266.04,266.04,yahoo
2025-03-11,GLD,269.16,269.16,yahoo
2025-03-12,GLD,270.33,270.33,yahoo
2025-03-13,GLD,275.13,275.13,yahoo
2025-03-14,GLD,275.24,275.24,yahoo
2025-03-17,GLD,276.73,276.73,yahoo
2025-03-18,GLD,279.96,279.96,yahoo
2025-03-19,GLD,281.11,281.11,yahoo
2025-03-20,GLD,280.75,280.75,yahoo
2025-03-21,GLD,278.49,278.49,yahoo
2025-03-24,GLD,277.25,277.25,yahoo
2025-03-25,GLD,278.47,278.47,yahoo
2025-03-26,GLD,278.24,278.24,yahoo
2025-03-27,GLD,281.97,281.97,yahoo
2025-03-28,GLD,284.06,284.06,yahoo
2025-03-31,GLD,288.14,288.14,yahoo
2025-04-01,GLD,287.57,287.57,yahoo
2025-04-02,GLD,288.16,288.16,yahoo
2025-04-03,GLD,286.42,286.42,yahoo
2025-04-04,GLD,279.72,279.72,yahoo
2025-04-07,GLD,273.71,273.71,yahoo
2025-04-08,GLD,275.20,275.20,yahoo
2025-04-09,GLD,285.38,285.38,yahoo
2025-04-10,GLD,292.35,292.35,yahoo
2025-04-11,GLD,297.93,297.93,yahoo
2025-04-14,GLD,296.23,296.23,yahoo
2025-04-15,GLD,297.78,297.78,yahoo
2025-04-16,GLD,307.47,307.47,yahoo
2025-04-17,GLD,306.12,306.12,yahoo
2025-04-21,GLD,315.59,315.59,yahoo
2025-04-22,GLD,311.11,311.11,yahoo
2025-04-23,GLD,303.65,303.65,yahoo
2025-04-24,GLD,308.07,308.07,yahoo
2025-04-25,GLD,304.73,304.73,yahoo
2025-04-28,GLD,309.07,309.07,yahoo
2025-04-29,GLD,306.06,306.06,yahoo
2025-04-30,GLD,303.77,303.77,yahoo
2025-05-01,GLD,297.46,297.46,yahoo
2025-05-02,GLD,297.98,297.98,yahoo
2025-05-05,GLD,306.88,306.88,yahoo
2025-05-06,GLD,315.48,315.48,yahoo
2025-05-07,GLD,310.75,310.75,yahoo
2025-05-08,GLD,304.63,304.63,yahoo
2025-05-09,GLD,306.84,306.84,yahoo
2025-05-12,GLD,298.19,298.19,yahoo
2025-05-13,GLD,299.46,299.46,yahoo
2025-05-14,GLD,293.16,293.16,yahoo
2025-05-15,GLD,297.84,297.84,yahoo
2025-05-16,GLD,294.24,294.24,yahoo
2025-05-19,GLD,298.03,298.03,yahoo
2025-05-20,GLD,303.58,303.58,yahoo
2025-05-21,GLD,305.82,305.82,yahoo
2025-05-22,GLD,303.11,303.11,yahoo
2025-05-23,GLD,309.75,309.75,yahoo
2025-05-27,GLD,304.50,304.50,yahoo
2025-05-28,GLD,303.81,303.81,yahoo
2025-05-29,GLD,305.61,305.61,yahoo
2025-05-30,GLD,303.60,303.60,yahoo
2025-06-02,GLD,311.67,311.67,yahoo
2025-06-03,GLD,308.91,308.91,yahoo
2025-06-04,GLD,310.90,310.90,yahoo
2025-06-05,GLD,309.33,309.33,yahoo
2025-06-06,GLD,305.18,305.18,yahoo
2025-06-09,GLD,306.62,306.62,yahoo
2025-06-10,GLD,306.71,306.71,yahoo
2025-06-11,GLD,308.37,308.37,yahoo
2025-06-12,GLD,312.20,312.20,yahoo
2025-06-13,GLD,316.29,316.29,yahoo
2025-06-16,GLD,311.78,311.78,yahoo
2025-06-17,GLD,311.94,311.94,yahoo
2025-06-18,GLD,310.26,310.26,yahoo
2025-06-20,GLD,310.13,310.13,yahoo
2025-06-23,GLD,311.08,311.08,yahoo
2025-06-24,GLD,306.19,306.19,yahoo
2025-06-25,GLD,307.12,307.12,yahoo
2025-06-26,GLD,306.78,306.78,yahoo
2025-06-27,GLD,301.22,301.22,yahoo
2025-06-30,GLD,304.83,304.83,yahoo
2025-07-01,GLD,307.55,307.55,yahoo
2025-07-02,GLD,309.25,309.25,yahoo
2025-07-03,GLD,307.14,307.14,yahoo
2025-07-07,GLD,307.37,307.37,yahoo
2025-07-08,GLD,304.16,304.16,yahoo
2025-07-09,GLD,305.52,305.52,yahoo
2025-07-10,GLD,306.20,306.20,yahoo
2025-07-11,GLD,309.14,309.14,yahoo
2025-07-14,GLD,308.01,308.01,yahoo
2025-07-15,GLD,306.73,306.73,yahoo
2025-07-16,GLD,308.26,308.26,yahoo
2025-07-17,GLD,307.59,307.59,yahoo
2025-07-18,GLD,308.39,308.39,yahoo
2025-07-21,GLD,313.13,313.13,yahoo
2025-07-22,GLD,316.10,316.10,yahoo
2025-07-23,GLD,312.18,312.18,yahoo
2025-07-24,GLD,310.27,310.27,yahoo
2025-07-25,GLD,307.40,307.40,yahoo
2025-07-28,GLD,305.41,305.41,yahoo
2025-07-29,GLD,306.25,306.25,yahoo
2025-07-30,GLD,300.96,300.96,yahoo
2025-07-31,GLD,302.96,302.96,yahoo
2025-08-01,GLD,309.11,309.11,yahoo
2025-08-04,GLD,310.91,310.91,yahoo
2025-08-05,GLD,311.16,311.16,yahoo
2025-08-06,GLD,310.50,310.50,yahoo
2025-08-07,GLD,313.12,313.12,yahoo
2025-08-08,GLD,313.05,313.05,yahoo
2025-08-11,GLD,308.55,308.55,yahoo
2025-08-12,GLD,308.27,308.27,yahoo
2025-08-13,GLD,309.21,309.21,yahoo
2025-08-14,GLD,307.25,307.25,yahoo
2025-08-15,GLD,307.43,307.43,yahoo
2025-08-18,GLD,306.95,306.95,yahoo
2025-08-19,GLD,305.27,305.27,yahoo
2025-08-20,GLD,308.36,308.36,yahoo
2025-08-21,GLD,307.29,307.29,yahoo
2025-08-22,GLD,310.58,310.58,yahoo
2025-08-25,GLD,309.83,309.83,yahoo
2025-08-26,GLD,312.08,312.08,yahoo
2025-08-27,GLD,312.71,312.71,yahoo
2025-08-28,GLD,315.03,315.03,yahoo
2025-08-29,GLD,318.07,318.07,yahoo
2025-09-02,GLD,325.59,325.59,yahoo
2025-09-03,GLD,328.14,328.14,yahoo
2025-09-04,GLD,326.69,326.69,yahoo
2025-09-05,GLD,331.05,331.05,yahoo
2025-09-08,GLD,334.82,334.82,yahoo
2025-09-09,GLD,334.06,334.06,yahoo
2025-09-10,GLD,335.26,335.26,yahoo
2025-09-11,GLD,334.76,334.76,yahoo
2025-09-12,GLD,335.42,335.42,yahoo
2025-09-15,GLD,338.91,338.91,yahoo
2025-09-16,GLD,339.59,339.59,yahoo
2025-09-17,GLD,336.97,336.97,yahoo
2025-09-18,GLD,335.62,335.62,yahoo
2025-09-19,GLD,339.18,339.18,yahoo
2025-09-22,GLD,345.05,345.05,yahoo
2025-09-23,GLD,346.46,346.46,yahoo
2025-09-24,GLD,343.32,343.32,yahoo
2025-09-25,GLD,344.75,344.75,yahoo
2025-09-26,GLD,346.74,346.74,yahoo
2025-09-29,GLD,352.46,352.46,yahoo
2025-09-30,GLD,355.47,355.47,yahoo
2025-10-01,GLD,356.03,356.03,yahoo
2025-10-02,GLD,354.79,354.79,yahoo
2025-10-03,GLD,357.64,357.64,yahoo
2025-10-06,GLD,364.38,364.38,yahoo
2025-10-07,GLD,366.26,366.26,yahoo
2025-10-08,GLD,372.30,372.30,yahoo
2025-10-09,GLD,365.43,365.43,yahoo
2025-10-10,GLD,369.12,369.12,yahoo
2025-10-13,GLD,378.09,378.09,yahoo
2025-10-14,GLD,380.79,380.79,yahoo
2025-10-15,GLD,387.39,387.39,yahoo
2025-10-16,GLD,396.45,396.45,yahoo
2025-10-17,GLD,388.99,388.99,yahoo
2025-10-20,GLD,403.15,403.15,yahoo
2025-10-21,GLD,377.24,377.24,yahoo
2025-10-22,GLD,377.28,377.28,yahoo
2025-10-23,GLD,378.79,378.79,yahoo
2025-10-24,GLD,377.52,377.52,yahoo
2025-10-27,GLD,367.01,367.01,yahoo
2025-10-28,GLD,364.38,364.38,yahoo
2025-10-29,GLD,363,363,yahoo
2025-10-30,GLD,370.13,370.13,yahoo
2025-10-31,GLD,368.12,368.12,yahoo
2025-11-03,GLD,368.78,368.78,yahoo
2025-11-04,GLD,362.32,362.32,yahoo
2025-11-05,GLD,366.51,366.51,yahoo
2025-11-06,GLD,366.07,366.07,yahoo
2025-11-07,GLD,368.31,368.31,yahoo
2025-11-10,GLD,378.38,378.38,yahoo
2025-11-11,GLD,379.87,379.87,yahoo
2025-11-12,GLD,385.99,385.99,yahoo
2025-11-13,GLD,382.87,382.87,yahoo
2025-11-14,GLD,375.96,375.96,yahoo
2025-11-17,GLD,371.65,371.65,yahoo
2025-11-18,GLD,374.35,374.35,yahoo
2025-11-19,GLD,374.96,374.96,yahoo
2025-11-20,GLD,374.85,374.85,yahoo
2025-11-21,GLD,374.27,374.27,yahoo
2025-11-24,GLD,380.20,380.20,yahoo
2025-11-25,GLD,380.08,380.08,yahoo
2025-11-26,GLD,383.12,383.12,yahoo
2025-11-28,GLD,387.88,387.88,yahoo
2025-12-01,GLD,389.75,389.75,yahoo
2025-12-02,GLD,387.24,387.24,yahoo
2025-12-03,GLD,386.88,386.88,yahoo
2025-12-04,GLD,387.13,387.13,yahoo
2025-12-05,GLD,386.44,386.44,yahoo
2025-12-08,GLD,385.42,385.42,yahoo
2025-12-09,GLD,387.40,387.40,yahoo
2025-12-10,GLD,389.05,389.05,yahoo
2025-12-11,GLD,393.24,393.24,yahoo
2025-12-12,GLD,395.44,395.44,yahoo
2025-12-15,GLD,395.80,395.80,yahoo
2025-12-16,GLD,395.89,395.89,yahoo
2025-12-17,GLD,399.29,399.29,yahoo
2025-12-18,GLD,398.57,398.57,yahoo
2025-12-19,GLD,399.02,399.02,yahoo
2025-12-22,GLD,408.23,408.23,yahoo
2025-12-23,GLD,413.64,413.64,yahoo
2025-12-24,GLD,411.93,411.93,yahoo
2025-12-26,GLD,416.74,416.74,yahoo
2025-12-29,GLD,398.60,398.60,yahoo
2025-12-30,GLD,398.89,398.89,yahoo
2025-12-31,GLD,396.31,396.31,yahoo
2026-01-02,GLD,398.28,398.28,yahoo
2026-01-05,GLD,408.76,408.76,yahoo
2026-01-06,GLD,413.18,413.18,yahoo
2026-01-07,GLD,409.23,409.23,yahoo
2026-01-08,GLD,411.49,411.49,yahoo
2026-01-09,GLD,414.47,414.47,yahoo
2026-01-12,GLD,422.23,422.23,yahoo
2026-01-13,GLD,421.63,421.63,yahoo
2026-01-14,GLD,425.94,425.94,yahoo
2026-01-15,GLD,423.33,423.33,yahoo
2026-01-16,GLD,421.29,421.29,yahoo
2026-01-20,GLD,437.23,437.23,yahoo
2026-01-21,GLD,443.60,443.60,yahoo
2026-01-22,GLD,451.79,451.79,yahoo
2026-01-23,GLD,458,458,yahoo
2026-01-26,GLD,464.70,464.70,yahoo
2026-01-27,GLD,476.10,476.10,yahoo
2026-01-28,GLD,494.56,494.56,yahoo
2026-01-29,GLD,495.90,495.90,yahoo
2026-01-30,GLD,444.95,444.95,yahoo
2026-02-02,GLD,427.13,427.13,yahoo
2026-02-03,GLD,454.29,454.29,yahoo
2026-02-04,GLD,453.97,453.97,yahoo
2026-02-05,GLD,441.88,441.88,yahoo
2026-02-06,GLD,455.46,455.46,yahoo
2026-02-09,GLD,467.03,467.03,yahoo
2026-02-10,GLD,462.40,462.40,yahoo
2026-02-11,GLD,467.63,467.63,yahoo
2026-02-12,GLD,451.39,451.39,yahoo
2026-02-13,GLD,462.62,462.62,yahoo
2026-02-17,GLD,448.20,448.20,yahoo
2026-02-18,GLD,458.28,458.28,yahoo
2026-02-19,GLD,459.56,459.56,yahoo
2026-02-20,GLD,468.62,468.62,yahoo
2026-02-23,GLD,481.28,481.28,yahoo
2026-02-24,GLD,474.61,474.61,yahoo
2026-02-25,GLD,473.42,473.42,yahoo
2026-02-26,GLD,477.48,477.48,yahoo
2026-02-27,GLD,483.75,483.75,yahoo
2026-03-02,GLD,490,490,yahoo
2026-03-03,GLD,468.14,468.14,yahoo
2026-03-04,GLD,471.80,471.80,yahoo
2026-03-05,GLD,466.13,466.13,yahoo
2026-03-06,GLD,473.51,473.51,yahoo
2026-03-09,GLD,472.53,472.53,yahoo
2026-03-10,GLD,477.86,477.86,yahoo
2026-03-11,GLD,476.24,476.24,yahoo
2026-03-12,GLD,466.88,466.88,yahoo
2026-03-13,GLD,460.84,460.84,yahoo
2026-03-16,GLD,460.43,460.43,yahoo
2026-03-17,GLD,459.27,459.27,yahoo
2026-03-18,GLD,444.74,444.74,yahoo
2026-03-19,GLD,426.41,426.41,yahoo
2026-03-20,GLD,413.38,413.38,yahoo
2026-03-23,GLD,404.04,404.04,yahoo
2026-03-24,GLD,404.13,404.13,yahoo
2026-03-25,GLD,416.29,416.29,yahoo
2026-03-26,GLD,400.64,400.64,yahoo
2026-03-27,GLD,414.70,414.70,yahoo
2026-03-30,GLD,414.58,414.58,yahoo
2026-03-31,GLD,430.29,430.29,yahoo
2026-04-01,GLD,437.82,437.82,yahoo
2026-04-02,GLD,429.41,429.41,yahoo
2026-04-06,GLD,427.65,427.65,yahoo
2026-04-07,GLD,431.81,431.81,yahoo
2026-04-08,GLD,434.53,434.53,yahoo
2026-04-09,GLD,437.91,437.91,yahoo
2026-04-10,GLD,437.13,437.13,yahoo
2026-04-13,GLD,435.36,435.36,yahoo
2026-04-14,GLD,445.09,445.09,yahoo
2026-04-15,GLD,440.46,440.46,yahoo
2026-04-16,GLD,440.08,440.08,yahoo
2026-04-17,GLD,445.93,445.93,yahoo
2026-04-20,GLD,442.09,442.09,yahoo
2026-04-21,GLD,429.57,429.57,yahoo
2026-04-22,GLD,435.26,435.26,yahoo
2026-04-23,GLD,431.04,431.04,yahoo
2026-04-24,GLD,433.25,433.25,yahoo
2026-04-27,GLD,429.89,429.89,yahoo
2026-04-28,GLD,421.91,421.91,yahoo
2026-04-29,GLD,417.41,417.41,yahoo
2026-04-30,GLD,423.66,423.66,yahoo
2026-05-01,GLD,423.18,423.18,yahoo
2026-05-04,GLD,414.71,414.71,yahoo
2026-05-05,GLD,418.27,418.27,yahoo
2026-05-06,GLD,430.96,430.96,yahoo
2026-05-07,GLD,431.68,431.68,yahoo
2026-05-08,GLD,433.77,433.77,yahoo
2026-05-11,GLD,434.65,434.65,yahoo
2026-05-12,GLD,432.93,432.93,yahoo
2026-05-13,GLD,430.50,430.50,yahoo
2026-05-14,GLD,427.21,427.21,yahoo
2026-05-15,GLD,417.29,417.29,yahoo
2026-05-18,GLD,418.43,418.43,yahoo
2026-05-19,GLD,411.50,411.50,yahoo
2026-05-20,GLD,417.40,417.40,yahoo
2026-05-21,GLD,416.99,416.99,yahoo
2026-05-22,GLD,413.82,413.82,yahoo
2026-05-26,GLD,414,414,yahoo
2026-05-27,GLD,408.49,408.49,yahoo
2026-05-28,GLD,412.77,412.77,yahoo
2026-05-29,GLD,417.12,417.12,yahoo
2026-06-01,GLD,411.26,411.26,yahoo
2026-06-02,GLD,411.95,411.95,yahoo
2026-06-03,GLD,407.87,407.87,yahoo
2026-06-04,GLD,411.27,411.27,yahoo
2026-06-05,GLD,396.24,396.24,yahoo
2026-06-08,GLD,397.27,397.27,yahoo
2026-06-09,GLD,390.78,390.78,yahoo
2026-06-10,GLD,374.58,374.58,yahoo
2026-06-11,GLD,386.32,386.32,yahoo
2026-06-12,GLD,386.54,386.54,yahoo
2026-06-15,GLD,396.55,396.55,yahoo
2026-06-16,GLD,397.63,397.63,yahoo
2026-06-17,GLD,388.60,388.60,yahoo
2026-06-18,GLD,387.12,387.12,yahoo
2026-06-22,GLD,384.59,384.59,yahoo
2026-06-23,GLD,377.32,377.32,yahoo
2026-06-24,GLD,365.92,365.92,yahoo
2026-06-25,GLD,369.46,369.46,yahoo
2026-06-26,GLD,373.63,373.63,yahoo
2026-06-29,GLD,368.58,368.58,yahoo
2026-06-30,GLD,368.38,368.38,yahoo
2026-07-01,GLD,370.60,370.60,yahoo
2026-07-02,GLD,378.13,378.13,yahoo
2026-07-06,GLD,382.13,382.13,yahoo
2026-07-07,GLD,377.49,377.49,yahoo
2026-07-08,GLD,374.45,374.45,yahoo
2026-07-09,GLD,378.18,378.18,yahoo
2026-07-10,GLD,377.01,377.01,yahoo
2026-07-13,GLD,367.13,367.13,yahoo
2026-07-14,GLD,372.15,372.15,yahoo
2026-07-15,GLD,372.35,372.35,yahoo
2026-07-16,GLD,364.96,364.96,yahoo
2026-07-17,GLD,368.41,368.41,yahoo
2026-07-20,GLD,367.60,367.60,yahoo
2026-07-21,GLD,374.81,374.81,yahoo
2026-07-22,GLD,379.12,379.12,yahoo
2026-07-23,GLD,371.52,371.52,yahoo
2026-07-24,GLD,371.90,371.90,yahoo
2026-07-27,GLD,374.63,374.63,yahoo
2026-07-28,GLD,369.37,369.37,yahoo
2026-07-29,GLD,371.08,371.08,yahoo
2026-07-30,GLD,377.16,377.16,yahoo
2026-07-31,GLD,371.54,371.54,yahoo
2026-08-03,GLD,371.71,371.71,yahoo
2026-08-04,GLD,374.16,374.16,yahoo
2026-08-05,GLD,389.64,389.64,yahoo
2026-08-06,GLD,389.67,389.67,yahoo
2026-08-07,GLD,398.47,398.47,yahoo
2026-08-10,GLD,402.54,402.54,yahoo
2026-08-11,GLD,400.96,400.96,yahoo
2026-08-12,GLD,404.92,404.92,yahoo
2026-08-13,GLD,398.96,398.96,yahoo
2026-08-14,GLD,401.48,401.48,yahoo
2026-08-17,GLD,405.49,405.49,yahoo
2026-08-18,GLD,398.55,398.55,yahoo
2026-08-19,GLD,413.84,413.84,yahoo
2026-08-20,GLD,415.26,415.26,yahoo
2026-08-21,GLD,423.36,423.36,yahoo
2026-08-24,GLD,426.69,426.69,yahoo
2026-08-25,GLD,428.07,428.07,yahoo
2026-08-26,GLD,421.32,421.32,yahoo
2026-08-27,GLD,422.60,422.60,yahoo
2026-08-28,GLD,408.89,408.89,yahoo
2026-08-31,GLD,408.42,408.42,yahoo
2026-09-01,GLD,396.75,396.75,yahoo
2026-09-02,GLD,402.78,402.78,yahoo
2026-09-03,GLD,410.22,410.22,yahoo
2026-09-04,GLD,406.77,406.77,yahoo
2026-09-08,GLD,399.72,399.72,yahoo
2026-09-09,GLD,403.35,403.35,yahoo
2026-09-10,GLD,396.36,396.36,yahoo
2026-09-11,GLD,398.77,398.77,yahoo
2026-09-14,GLD,392.84,392.84,yahoo
2026-09-15,GLD,394.15,394.15,yahoo
2026-09-16,GLD,391.74,391.74,yahoo
2026-09-17,GLD,398.36,398.36,yahoo
2026-09-18,GLD,401.17,401.17,yahoo
2026-09-21,GLD,398.38,398.38,yahoo
2026-09-22,GLD,400.07,400.07,yahoo
2006-01-03,QQQ,41.31,35.24,yahoo
2006-01-04,QQQ,41.74,35.60,yahoo
2006-01-05,QQQ,41.92,35.76,yahoo
2006-01-06,QQQ,42.68,36.41,yahoo
2006-01-09,QQQ,42.85,36.55,yahoo
2006-01-10,QQQ,42.88,36.58,yahoo
2006-01-11,QQQ,43.21,36.86,yahoo
2006-01-12,QQQ,43,36.68,yahoo
2006-01-13,QQQ,42.98,36.66,yahoo
2006-01-17,QQQ,42.70,36.42,yahoo
2006-01-18,QQQ,42.21,36.00,yahoo
2006-01-19,QQQ,42.52,36.27,yahoo
2006-01-20,QQQ,41.25,35.19,yahoo
2006-01-23,QQQ,41.26,35.19,yahoo
2006-01-24,QQQ,41.44,35.35,yahoo
2006-01-25,QQQ,41.26,35.19,yahoo
2006-01-26,QQQ,41.55,35.44,yahoo
2006-01-27,QQQ,42.11,35.92,yahoo
2006-01-30,QQQ,42.19,35.99,yahoo
2006-01-31,QQQ,42,35.83,yahoo
2006-02-01,QQQ,42.15,35.95,yahoo
2006-02-02,QQQ,41.43,35.34,yahoo
2006-02-03,QQQ,40.92,34.90,yahoo
2006-02-06,QQQ,40.81,34.81,yahoo
2006-02-07,QQQ,40.63,34.66,yahoo
2006-02-08,QQQ,41.10,35.06,yahoo
2006-02-09,QQQ,40.71,34.73,yahoo
2006-02-10,QQQ,40.96,34.94,yahoo
2006-02-13,QQQ,40.49,34.54,yahoo
2006-02-14,QQQ,40.90,34.89,yahoo
2006-02-15,QQQ,41.16,35.11,yahoo
2006-02-16,QQQ,41.54,35.43,yahoo
2006-02-17,QQQ,41.21,35.15,yahoo
2006-02-21,QQQ,40.75,34.76,yahoo
2006-02-22,QQQ,41.26,35.19,yahoo
2006-02-23,QQQ,41.15,35.10,yahoo
2006-02-24,QQQ,41.26,35.19,yahoo
2006-02-27,QQQ,41.72,35.59,yahoo
2006-02-28,QQQ,41.10,35.06,yahoo
2006-03-01,QQQ,41.66,35.54,yahoo
2006-03-02,QQQ,41.69,35.56,yahoo
2006-03-03,QQQ,41.45,35.36,yahoo
2006-03-06,QQQ,41.09,35.05,yahoo
2006-03-07,QQQ,40.85,34.84,yahoo
2006-03-08,QQQ,40.87,34.86,yahoo
2006-03-09,QQQ,40.52,34.56,yahoo
2006-03-10,QQQ,40.56,34.60,yahoo
2006-03-13,QQQ,40.68,34.70,yahoo
2006-03-14,QQQ,41.37,35.29,yahoo
2006-03-15,QQQ,41.72,35.59,yahoo
2006-03-16,QQQ,41.37,35.29,yahoo
2006-03-17,QQQ,41.45,35.38,yahoo
2006-03-20,QQQ,41.55,35.47,yahoo
2006-03-21,QQQ,41.11,35.09,yahoo
2006-03-22,QQQ,41.21,35.18,yahoo
2006-03-23,QQQ,41.09,35.07,yahoo
2006-03-24,QQQ,41.30,35.25,yahoo
2006-03-27,QQQ,41.31,35.26,yahoo
2006-03-28,QQQ,41.14,35.12,yahoo
2006-03-29,QQQ,41.92,35.78,yahoo
2006-03-30,QQQ,42.05,35.89,yahoo
2006-03-31,QQQ,41.93,35.79,yahoo
2006-04-03,QQQ,41.98,35.83,yahoo
2006-04-04,QQQ,42.21,36.03,yahoo
2006-04-05,QQQ,42.61,36.37,yahoo
2006-04-06,QQQ,42.73,36.47,yahoo
2006-04-07,QQQ,42.32,36.12,yahoo
2006-04-10,QQQ,42.26,36.07,yahoo
2006-04-11,QQQ,41.92,35.78,yahoo
2006-04-12,QQQ,41.93,35.79,yahoo
2006-04-13,QQQ,42.10,35.94,yahoo
2006-04-17,QQQ,41.66,35.56,yahoo
2006-04-18,QQQ,42.46,36.24,yahoo
2006-04-19,QQQ,42.65,36.41,yahoo
2006-04-20,QQQ,42.50,36.28,yahoo
2006-04-21,QQQ,42,35.85,yahoo
2006-04-24,QQQ,41.96,35.82,yahoo
2006-04-25,QQQ,41.87,35.74,yahoo
2006-04-26,QQQ,41.86,35.73,yahoo
2006-04-27,QQQ,42.26,36.07,yahoo
2006-04-28,QQQ,41.85,35.72,yahoo
2006-05-01,QQQ,41.44,35.37,yahoo
2006-05-02,QQQ,41.55,35.47,yahoo
2006-05-03,QQQ,41.49,35.42,yahoo
2006-05-04,QQQ,41.83,35.71,yahoo
2006-05-05,QQQ,42.16,35.99,yahoo
2006-05-08,QQQ,42.20,36.02,yahoo
2006-05-09,QQQ,42.04,35.88,yahoo
2006-05-10,QQQ,41.67,35.57,yahoo
2006-05-11,QQQ,40.74,34.78,yahoo
2006-05-12,QQQ,40.19,34.31,yahoo
2006-05-15,QQQ,40.16,34.28,yahoo
2006-05-16,QQQ,39.86,34.02,yahoo
2006-05-17,QQQ,39.32,33.56,yahoo
2006-05-18,QQQ,39.05,33.33,yahoo
2006-05-19,QQQ,39.35,33.59,yahoo
2006-05-22,QQQ,38.97,33.26,yahoo
2006-05-23,QQQ,38.59,32.94,yahoo
2006-05-24,QQQ,38.85,33.16,yahoo
2006-05-25,QQQ,39.36,33.60,yahoo
2006-05-26,QQQ,39.49,33.71,yahoo
2006-05-30,QQQ,38.64,32.98,yahoo
2006-05-31,QQQ,38.82,33.14,yahoo
2006-06-01,QQQ,39.74,33.92,yahoo
2006-06-02,QQQ,39.64,33.84,yahoo
2006-06-05,QQQ,38.78,33.10,yahoo
2006-06-06,QQQ,38.75,33.08,yahoo
2006-06-07,QQQ,38.46,32.83,yahoo
2006-06-08,QQQ,38.40,32.78,yahoo
2006-06-09,QQQ,38.15,32.56,yahoo
2006-06-12,QQQ,37.40,31.92,yahoo
2006-06-13,QQQ,37.25,31.80,yahoo
2006-06-14,QQQ,37.63,32.12,yahoo
2006-06-15,QQQ,38.65,32.99,yahoo
2006-06-16,QQQ,38.34,32.75,yahoo
2006-06-19,QQQ,38.03,32.48,yahoo
2006-06-20,QQQ,38.08,32.53,yahoo
2006-06-21,QQQ,38.68,33.04,yahoo
2006-06-22,QQQ,38.19,32.62,yahoo
2006-06-23,QQQ,38.15,32.59,yahoo
2006-06-26,QQQ,38.25,32.67,yahoo
2006-06-27,QQQ,37.53,32.06,yahoo
2006-06-28,QQQ,37.81,32.30,yahoo
2006-06-29,QQQ,38.96,33.28,yahoo
2006-06-30,QQQ,38.77,33.12,yahoo
2006-07-03,QQQ,39,33.31,yahoo
2006-07-05,QQQ,38.15,32.59,yahoo
2006-07-06,QQQ,38.11,32.55,yahoo
2006-07-07,QQQ,37.69,32.19,yahoo
2006-07-10,QQQ,37.36,31.91,yahoo
2006-07-11,QQQ,37.64,32.15,yahoo
2006-07-12,QQQ,36.93,31.54,yahoo
2006-07-13,QQQ,36.31,31.01,yahoo
2006-07-14,QQQ,35.94,30.70,yahoo
2006-07-17,QQQ,36.03,30.78,yahoo
2006-07-18,QQQ,36.15,30.88,yahoo
2006-07-19,QQQ,36.62,31.28,yahoo
2006-07-20,QQQ,36.08,30.82,yahoo
2006-07-21,QQQ,35.70,30.49,yahoo
2006-07-24,QQQ,36.41,31.10,yahoo
2006-07-25,QQQ,36.62,31.28,yahoo
2006-07-26,QQQ,36.59,31.25,yahoo
2006-07-27,QQQ,36.35,31.05,yahoo
2006-07-28,QQQ,37.11,31.70,yahoo
2006-07-31,QQQ,37.10,31.69,yahoo
2006-08-01,QQQ,36.48,31.16,yahoo
2006-08-02,QQQ,36.89,31.51,yahoo
2006-08-03,QQQ,37.12,31.71,yahoo
2006-08-04,QQQ,36.95,31.56,yahoo
2006-08-07,QQQ,36.71,31.36,yahoo
2006-08-08,QQQ,36.48,31.16,yahoo
2006-08-09,QQQ,36.53,31.20,yahoo
2006-08-10,QQQ,36.79,31.42,yahoo
2006-08-11,QQQ,36.53,31.20,yahoo
2006-08-14,QQQ,36.77,31.41,yahoo
2006-08-15,QQQ,37.70,32.20,yahoo
2006-08-16,QQQ,38.59,32.96,yahoo
2006-08-17,QQQ,38.73,33.08,yahoo
2006-08-18,QQQ,38.79,33.13,yahoo
2006-08-21,QQQ,38.42,32.82,yahoo
2006-08-22,QQQ,38.43,32.83,yahoo
2006-08-23,QQQ,38.14,32.58,yahoo
2006-08-24,QQQ,38.25,32.67,yahoo
2006-08-25,QQQ,38.32,32.73,yahoo
2006-08-28,QQQ,38.61,32.98,yahoo
2006-08-29,QQQ,38.73,33.08,yahoo
2006-08-30,QQQ,38.91,33.24,yahoo
2006-08-31,QQQ,38.87,33.20,yahoo
2006-09-01,QQQ,39.08,33.38,yahoo
2006-09-05,QQQ,39.46,33.71,yahoo
2006-09-06,QQQ,38.67,33.03,yahoo
2006-09-07,QQQ,38.49,32.88,yahoo
2006-09-08,QQQ,38.72,33.07,yahoo
2006-09-11,QQQ,38.96,33.28,yahoo
2006-09-12,QQQ,39.68,33.89,yahoo
2006-09-13,QQQ,39.95,34.12,yahoo
2006-09-14,QQQ,39.99,34.16,yahoo
2006-09-15,QQQ,40.11,34.28,yahoo
2006-09-18,QQQ,40.12,34.29,yahoo
2006-09-19,QQQ,39.85,34.06,yahoo
2006-09-20,QQQ,40.43,34.55,yahoo
2006-09-21,QQQ,40.18,34.34,yahoo
2006-09-22,QQQ,39.87,34.08,yahoo
2006-09-25,QQQ,40.57,34.67,yahoo
2006-09-26,QQQ,40.77,34.84,yahoo
2006-09-27,QQQ,40.72,34.80,yahoo
2006-09-28,QQQ,40.83,34.90,yahoo
2006-09-29,QQQ,40.65,34.74,yahoo
2006-10-02,QQQ,40.14,34.31,yahoo
2006-10-03,QQQ,40.31,34.45,yahoo
2006-10-04,QQQ,41.30,35.30,yahoo
2006-10-05,QQQ,41.50,35.47,yahoo
2006-10-06,QQQ,41.41,35.39,yahoo
2006-10-09,QQQ,41.55,35.51,yahoo
2006-10-10,QQQ,41.62,35.57,yahoo
2006-10-11,QQQ,41.54,35.50,yahoo
2006-10-12,QQQ,42.20,36.07,yahoo
2006-10-13,QQQ,42.43,36.26,yahoo
2006-10-16,QQQ,42.47,36.30,yahoo
2006-10-17,QQQ,42,35.90,yahoo
2006-10-18,QQQ,41.80,35.72,yahoo
2006-10-19,QQQ,41.90,35.81,yahoo
2006-10-20,QQQ,42,35.90,yahoo
2006-10-23,QQQ,42.43,36.26,yahoo
2006-10-24,QQQ,42.14,36.02,yahoo
2006-10-25,QQQ,42.43,36.26,yahoo
2006-10-26,QQQ,42.82,36.60,yahoo
2006-10-27,QQQ,42.21,36.08,yahoo
2006-10-30,QQQ,42.48,36.31,yahoo
2006-10-31,QQQ,42.58,36.39,yahoo
2006-11-01,QQQ,42,35.90,yahoo
2006-11-02,QQQ,42.04,35.93,yahoo
2006-11-03,QQQ,41.93,35.84,yahoo
2006-11-06,QQQ,42.54,36.36,yahoo
2006-11-07,QQQ,42.83,36.60,yahoo
2006-11-08,QQQ,43.03,36.78,yahoo
2006-11-09,QQQ,42.83,36.60,yahoo
2006-11-10,QQQ,43.03,36.78,yahoo
2006-11-13,QQQ,43.47,37.15,yahoo
2006-11-14,QQQ,43.93,37.55,yahoo
2006-11-15,QQQ,44.11,37.70,yahoo
2006-11-16,QQQ,44.30,37.86,yahoo
2006-11-17,QQQ,44.30,37.86,yahoo
2006-11-20,QQQ,44.39,37.94,yahoo
2006-11-21,QQQ,44.45,37.99,yahoo
2006-11-22,QQQ,44.73,38.23,yahoo
2006-11-24,QQQ,44.65,38.16,yahoo
2006-11-27,QQQ,43.64,37.30,yahoo
2006-11-28,QQQ,43.77,37.41,yahoo
2006-11-29,QQQ,44.07,37.66,yahoo
2006-11-30,QQQ,44.04,37.64,yahoo
2006-12-01,QQQ,43.66,37.31,yahoo
2006-12-04,QQQ,44.26,37.83,yahoo
2006-12-05,QQQ,44.42,37.96,yahoo
2006-12-06,QQQ,44.26,37.83,yahoo
2006-12-07,QQQ,43.70,37.35,yahoo
2006-12-08,QQQ,43.90,37.52,yahoo
2006-12-11,QQQ,44.06,37.66,yahoo
2006-12-12,QQQ,43.80,37.43,yahoo
2006-12-13,QQQ,43.88,37.50,yahoo
2006-12-14,QQQ,44.37,37.92,yahoo
2006-12-15,QQQ,44.43,38.02,yahoo
2006-12-18,QQQ,43.99,37.64,yahoo
2006-12-19,QQQ,43.85,37.52,yahoo
2006-12-20,QQQ,43.69,37.39,yahoo
2006-12-21,QQQ,43.38,37.12,yahoo
2006-12-22,QQQ,42.93,36.74,yahoo
2006-12-26,QQQ,43.11,36.89,yahoo
2006-12-27,QQQ,43.33,37.08,yahoo
2006-12-28,QQQ,43.12,36.90,yahoo
2006-12-29,QQQ,43.16,36.93,yahoo
2007-01-03,QQQ,43.24,37.00,yahoo
2007-01-04,QQQ,44.06,37.70,yahoo
2007-01-05,QQQ,43.85,37.52,yahoo
2007-01-08,QQQ,43.88,37.55,yahoo
2007-01-09,QQQ,44.10,37.74,yahoo
2007-01-10,QQQ,44.62,38.18,yahoo
2007-01-11,QQQ,45.08,38.57,yahoo
2007-01-12,QQQ,45.31,38.77,yahoo
2007-01-16,QQQ,45.28,38.75,yahoo
2007-01-17,QQQ,44.91,38.43,yahoo
2007-01-18,QQQ,44.08,37.72,yahoo
2007-01-19,QQQ,44.17,37.80,yahoo
2007-01-22,QQQ,43.69,37.39,yahoo
2007-01-23,QQQ,43.58,37.29,yahoo
2007-01-24,QQQ,44.30,37.91,yahoo
2007-01-25,QQQ,43.73,37.42,yahoo
2007-01-26,QQQ,43.57,37.28,yahoo
2007-01-29,QQQ,43.61,37.32,yahoo
2007-01-30,QQQ,43.63,37.33,yahoo
2007-01-31,QQQ,44.07,37.71,yahoo
2007-02-01,QQQ,44,37.65,yahoo
2007-02-02,QQQ,44.16,37.79,yahoo
2007-02-05,QQQ,44.12,37.75,yahoo
2007-02-06,QQQ,44.06,37.70,yahoo
2007-02-07,QQQ,44.46,38.04,yahoo
2007-02-08,QQQ,44.45,38.04,yahoo
2007-02-09,QQQ,43.88,37.55,yahoo
2007-02-12,QQQ,43.71,37.40,yahoo
2007-02-13,QQQ,43.86,37.53,yahoo
2007-02-14,QQQ,44.60,38.16,yahoo
2007-02-15,QQQ,44.86,38.39,yahoo
2007-02-16,QQQ,44.71,38.26,yahoo
2007-02-20,QQQ,45.05,38.55,yahoo
2007-02-21,QQQ,45.19,38.67,yahoo
2007-02-22,QQQ,45.42,38.87,yahoo
2007-02-23,QQQ,45.26,38.73,yahoo
2007-02-26,QQQ,45.04,38.54,yahoo
2007-02-27,QQQ,43.19,36.96,yahoo
2007-02-28,QQQ,43.33,37.08,yahoo
2007-03-01,QQQ,43.13,36.91,yahoo
2007-03-02,QQQ,42.48,36.35,yahoo
2007-03-05,QQQ,42.15,36.07,yahoo
2007-03-06,QQQ,42.85,36.67,yahoo
2007-03-07,QQQ,42.68,36.52,yahoo
2007-03-08,QQQ,42.97,36.77,yahoo
2007-03-09,QQQ,42.93,36.74,yahoo
2007-03-12,QQQ,43.21,36.97,yahoo
2007-03-13,QQQ,42.37,36.26,yahoo
2007-03-14,QQQ,42.99,36.79,yahoo
2007-03-15,QQQ,42.89,36.70,yahoo
2007-03-16,QQQ,42.83,36.67,yahoo
2007-03-19,QQQ,43.27,37.05,yahoo
2007-03-20,QQQ,43.58,37.31,yahoo
2007-03-21,QQQ,44.42,38.03,yahoo
2007-03-22,QQQ,44.26,37.90,yahoo
2007-03-23,QQQ,44.12,37.78,yahoo
2007-03-26,QQQ,44.30,37.93,yahoo
2007-03-27,QQQ,43.99,37.67,yahoo
2007-03-28,QQQ,43.52,37.26,yahoo
2007-03-29,QQQ,43.57,37.31,yahoo
2007-03-30,QQQ,43.53,37.27,yahoo
2007-04-02,QQQ,43.59,37.32,yahoo
2007-04-03,QQQ,44.16,37.81,yahoo
2007-04-04,QQQ,44.34,37.97,yahoo
2007-04-05,QQQ,44.56,38.15,yahoo
2007-04-09,QQQ,44.45,38.06,yahoo
2007-04-10,QQQ,44.68,38.26,yahoo
2007-04-11,QQQ,44.21,37.85,yahoo
2007-04-12,QQQ,44.56,38.15,yahoo
2007-04-13,QQQ,44.65,38.23,yahoo
2007-04-16,QQQ,45.06,38.58,yahoo
2007-04-17,QQQ,45.16,38.67,yahoo
2007-04-18,QQQ,45.01,38.54,yahoo
2007-04-19,QQQ,45.15,38.66,yahoo
2007-04-20,QQQ,45.40,38.87,yahoo
2007-04-23,QQQ,45.47,38.93,yahoo
2007-04-24,QQQ,45.70,39.13,yahoo
2007-04-25,QQQ,46.31,39.65,yahoo
2007-04-26,QQQ,46.55,39.86,yahoo
2007-04-27,QQQ,46.57,39.87,yahoo
2007-04-30,QQQ,45.96,39.35,yahoo
2007-05-01,QQQ,45.92,39.32,yahoo
2007-05-02,QQQ,46.42,39.75,yahoo
2007-05-03,QQQ,46.59,39.89,yahoo
2007-05-04,QQQ,46.63,39.93,yahoo
2007-05-07,QQQ,46.63,39.93,yahoo
2007-05-08,QQQ,46.73,40.01,yahoo
2007-05-09,QQQ,46.83,40.10,yahoo
2007-05-10,QQQ,46.19,39.55,yahoo
2007-05-11,QQQ,46.78,40.05,yahoo
2007-05-14,QQQ,46.46,39.78,yahoo
2007-05-15,QQQ,46.10,39.47,yahoo
2007-05-16,QQQ,46.55,39.86,yahoo
2007-05-17,QQQ,46.33,39.67,yahoo
2007-05-18,QQQ,46.71,39.99,yahoo
2007-05-21,QQQ,47.01,40.25,yahoo
2007-05-22,QQQ,47.05,40.29,yahoo
2007-05-23,QQQ,46.83,40.10,yahoo
2007-05-24,QQQ,46.16,39.52,yahoo
2007-05-25,QQQ,46.45,39.77,yahoo
2007-05-29,QQQ,46.81,40.08,yahoo
2007-05-30,QQQ,47.19,40.41,yahoo
2007-05-31,QQQ,47.41,40.59,yahoo
2007-06-01,QQQ,47.44,40.62,yahoo
2007-06-04,QQQ,47.58,40.74,yahoo
2007-06-05,QQQ,47.58,40.74,yahoo
2007-06-06,QQQ,47.07,40.30,yahoo
2007-06-07,QQQ,46.34,39.68,yahoo
2007-06-08,QQQ,46.91,40.17,yahoo
2007-06-11,QQQ,46.82,40.09,yahoo
2007-06-12,QQQ,46.54,39.85,yahoo
2007-06-13,QQQ,47.05,40.29,yahoo
2007-06-14,QQQ,47.36,40.55,yahoo
2007-06-15,QQQ,47.76,40.93,yahoo
2007-06-18,QQQ,47.77,40.93,yahoo
2007-06-19,QQQ,47.76,40.93,yahoo
2007-06-20,QQQ,47.31,40.54,yahoo
2007-06-21,QQQ,47.74,40.91,yahoo
2007-06-22,QQQ,47.29,40.52,yahoo
2007-06-25,QQQ,47.09,40.35,yahoo
2007-06-26,QQQ,46.82,40.12,yahoo
2007-06-27,QQQ,47.54,40.74,yahoo
2007-06-28,QQQ,47.52,40.72,yahoo
2007-06-29,QQQ,47.60,40.79,yahoo
2007-07-02,QQQ,48.03,41.16,yahoo
2007-07-03,QQQ,48.31,41.40,yahoo
2007-07-05,QQQ,48.66,41.70,yahoo
2007-07-06,QQQ,48.86,41.87,yahoo
2007-07-09,QQQ,48.89,41.89,yahoo
2007-07-10,QQQ,48.48,41.54,yahoo
2007-07-11,QQQ,48.81,41.83,yahoo
2007-07-12,QQQ,49.56,42.47,yahoo
2007-07-13,QQQ,49.90,42.76,yahoo
2007-07-16,QQQ,49.85,42.72,yahoo
2007-07-17,QQQ,50.23,43.04,yahoo
2007-07-18,QQQ,50.17,42.99,yahoo
2007-07-19,QQQ,50.32,43.12,yahoo
2007-07-20,QQQ,50.05,42.89,yahoo
2007-07-23,QQQ,50.07,42.91,yahoo
2007-07-24,QQQ,49.33,42.27,yahoo
2007-07-25,QQQ,49.40,42.33,yahoo
2007-07-26,QQQ,48.98,41.97,yahoo
2007-07-27,QQQ,47.99,41.12,yahoo
2007-07-30,QQQ,48.55,41.60,yahoo
2007-07-31,QQQ,47.53,40.73,yahoo
2007-08-01,QQQ,47.90,41.05,yahoo
2007-08-02,QQQ,48.34,41.42,yahoo
2007-08-03,QQQ,47.42,40.63,yahoo
2007-08-06,QQQ,47.97,41.11,yahoo
2007-08-07,QQQ,48.31,41.40,yahoo
2007-08-08,QQQ,48.84,41.85,yahoo
2007-08-09,QQQ,47.71,40.88,yahoo
2007-08-10,QQQ,47.28,40.51,yahoo
2007-08-13,QQQ,47.60,40.79,yahoo
2007-08-14,QQQ,46.79,40.09,yahoo
2007-08-15,QQQ,45.90,39.33,yahoo
2007-08-16,QQQ,45.45,38.95,yahoo
2007-08-17,QQQ,46.31,39.68,yahoo
2007-08-20,QQQ,46.53,39.87,yahoo
2007-08-21,QQQ,47.02,40.29,yahoo
2007-08-22,QQQ,47.66,40.84,yahoo
2007-08-23,QQQ,47.53,40.73,yahoo
2007-08-24,QQQ,48.20,41.30,yahoo
2007-08-27,QQQ,47.88,41.03,yahoo
2007-08-28,QQQ,46.74,40.05,yahoo
2007-08-29,QQQ,48.08,41.20,yahoo
2007-08-30,QQQ,48.33,41.41,yahoo
2007-08-31,QQQ,48.87,41.88,yahoo
2007-09-04,QQQ,49.68,42.57,yahoo
2007-09-05,QQQ,49.18,42.14,yahoo
2007-09-06,QQQ,49.14,42.11,yahoo
2007-09-07,QQQ,48.23,41.33,yahoo
2007-09-10,QQQ,48.20,41.30,yahoo
2007-09-11,QQQ,48.93,41.93,yahoo
2007-09-12,QQQ,48.94,41.94,yahoo
2007-09-13,QQQ,49.18,42.14,yahoo
2007-09-14,QQQ,49.22,42.18,yahoo
2007-09-17,QQQ,48.81,41.83,yahoo
2007-09-18,QQQ,50.04,42.88,yahoo
2007-09-19,QQQ,50.17,42.99,yahoo
2007-09-20,QQQ,50.03,42.87,yahoo
2007-09-21,QQQ,50.36,43.18,yahoo
2007-09-24,QQQ,50.59,43.37,yahoo
2007-09-25,QQQ,51.07,43.78,yahoo
2007-09-26,QQQ,51.32,44.00,yahoo
2007-09-27,QQQ,51.58,44.22,yahoo
2007-09-28,QQQ,51.41,44.08,yahoo
2007-10-01,QQQ,52,44.58,yahoo
2007-10-02,QQQ,52.01,44.59,yahoo
2007-10-03,QQQ,51.65,44.28,yahoo
2007-10-04,QQQ,51.77,44.38,yahoo
2007-10-05,QQQ,52.82,45.29,yahoo
2007-10-08,QQQ,53.15,45.57,yahoo
2007-10-09,QQQ,53.38,45.77,yahoo
2007-10-10,QQQ,53.51,45.88,yahoo
2007-10-11,QQQ,52.66,45.15,yahoo
2007-10-12,QQQ,53.53,45.89,yahoo
2007-10-15,QQQ,53.12,45.54,yahoo
2007-10-16,QQQ,52.87,45.33,yahoo
2007-10-17,QQQ,53.55,45.91,yahoo
2007-10-18,QQQ,53.78,46.11,yahoo
2007-10-19,QQQ,52.44,44.96,yahoo
2007-10-22,QQQ,53.07,45.50,yahoo
2007-10-23,QQQ,54.18,46.45,yahoo
2007-10-24,QQQ,53.77,46.10,yahoo
2007-10-25,QQQ,53.05,45.48,yahoo
2007-10-26,QQQ,53.93,46.24,yahoo
2007-10-29,QQQ,54.15,46.43,yahoo
2007-10-30,QQQ,54.26,46.52,yahoo
2007-10-31,QQQ,55.03,47.18,yahoo
2007-11-01,QQQ,54,46.30,yahoo
2007-11-02,QQQ,54.42,46.66,yahoo
2007-11-05,QQQ,54.07,46.36,yahoo
2007-11-06,QQQ,54.68,46.88,yahoo
2007-11-07,QQQ,53.35,45.74,yahoo
2007-11-08,QQQ,51.73,44.35,yahoo
2007-11-09,QQQ,50,42.87,yahoo
2007-11-12,QQQ,48.73,41.78,yahoo
2007-11-13,QQQ,50.74,43.50,yahoo
2007-11-14,QQQ,50.09,42.94,yahoo
2007-11-15,QQQ,49.82,42.71,yahoo
2007-11-16,QQQ,50.28,43.11,yahoo
2007-11-19,QQQ,49.70,42.61,yahoo
2007-11-20,QQQ,49.90,42.78,yahoo
2007-11-21,QQQ,49.31,42.28,yahoo
2007-11-23,QQQ,49.84,42.73,yahoo
2007-11-26,QQQ,48.98,41.99,yahoo
2007-11-27,QQQ,49.96,42.83,yahoo
2007-11-28,QQQ,51.48,44.14,yahoo
2007-11-29,QQQ,51.70,44.33,yahoo
2007-11-30,QQQ,51.31,43.99,yahoo
2007-12-03,QQQ,50.88,43.62,yahoo
2007-12-04,QQQ,50.67,43.44,yahoo
2007-12-05,QQQ,51.58,44.22,yahoo
2007-12-06,QQQ,52.32,44.86,yahoo
2007-12-07,QQQ,52.33,44.87,yahoo
2007-12-10,QQQ,52.54,45.05,yahoo
2007-12-11,QQQ,51.32,44.00,yahoo
2007-12-12,QQQ,51.78,44.39,yahoo
2007-12-13,QQQ,51.50,44.15,yahoo
2007-12-14,QQQ,50.97,43.70,yahoo
2007-12-17,QQQ,49.73,42.64,yahoo
2007-12-18,QQQ,49.89,42.77,yahoo
2007-12-19,QQQ,49.88,42.76,yahoo
2007-12-20,QQQ,50.90,43.64,yahoo
2007-12-21,QQQ,51.85,44.50,yahoo
2007-12-24,QQQ,52.24,44.83,yahoo
2007-12-26,QQQ,52.50,45.06,yahoo
2007-12-27,QQQ,51.87,44.52,yahoo
2007-12-28,QQQ,51.82,44.47,yahoo
2007-12-31,QQQ,51.22,43.96,yahoo
2008-01-02,QQQ,50.41,43.26,yahoo
2008-01-03,QQQ,50.62,43.44,yahoo
2008-01-04,QQQ,48.40,41.54,yahoo
2008-01-07,QQQ,48.17,41.34,yahoo
2008-01-08,QQQ,46.92,40.27,yahoo
2008-01-09,QQQ,47.92,41.13,yahoo
2008-01-10,QQQ,47.99,41.19,yahoo
2008-01-11,QQQ,47.05,40.38,yahoo
2008-01-14,QQQ,47.87,41.08,yahoo
2008-01-15,QQQ,46.55,39.95,yahoo
2008-01-16,QQQ,46.05,39.52,yahoo
2008-01-17,QQQ,45.41,38.97,yahoo
2008-01-18,QQQ,45.35,38.92,yahoo
2008-01-22,QQQ,44.18,37.92,yahoo
2008-01-23,QQQ,44.01,37.77,yahoo
2008-01-24,QQQ,44.91,38.54,yahoo
2008-01-25,QQQ,43.99,37.75,yahoo
2008-01-28,QQQ,44.33,38.05,yahoo
2008-01-29,QQQ,44.41,38.11,yahoo
2008-01-30,QQQ,44.37,38.08,yahoo
2008-01-31,QQQ,45.13,38.73,yahoo
2008-02-01,QQQ,45.59,39.13,yahoo
2008-02-04,QQQ,44.95,38.58,yahoo
2008-02-05,QQQ,43.67,37.48,yahoo
2008-02-06,QQQ,42.81,36.74,yahoo
2008-02-07,QQQ,43.11,37.00,yahoo
2008-02-08,QQQ,43.60,37.42,yahoo
2008-02-11,QQQ,44.07,37.82,yahoo
2008-02-12,QQQ,43.82,37.61,yahoo
2008-02-13,QQQ,44.78,38.43,yahoo
2008-02-14,QQQ,43.97,37.74,yahoo
2008-02-15,QQQ,43.82,37.61,yahoo
2008-02-19,QQQ,43.74,37.54,yahoo
2008-02-20,QQQ,43.94,37.71,yahoo
2008-02-21,QQQ,43.52,37.35,yahoo
2008-02-22,QQQ,43.68,37.49,yahoo
2008-02-25,QQQ,43.90,37.68,yahoo
2008-02-26,QQQ,44.07,37.82,yahoo
2008-02-27,QQQ,44.29,38.01,yahoo
2008-02-28,QQQ,44.12,37.87,yahoo
2008-02-29,QQQ,42.95,36.86,yahoo
2008-03-03,QQQ,42.67,36.62,yahoo
2008-03-04,QQQ,42.91,36.83,yahoo
2008-03-05,QQQ,43.12,37.01,yahoo
2008-03-06,QQQ,42.17,36.19,yahoo
2008-03-07,QQQ,42.07,36.11,yahoo
2008-03-10,QQQ,41.26,35.41,yahoo
2008-03-11,QQQ,42.83,36.76,yahoo
2008-03-12,QQQ,42.71,36.66,yahoo
2008-03-13,QQQ,43.04,36.94,yahoo
2008-03-14,QQQ,42.25,36.26,yahoo
2008-03-17,QQQ,41.48,35.60,yahoo
2008-03-18,QQQ,43.33,37.19,yahoo
2008-03-19,QQQ,42.26,36.27,yahoo
2008-03-20,QQQ,43.09,37.01,yahoo
2008-03-24,QQQ,44.58,38.29,yahoo
2008-03-25,QQQ,44.83,38.51,yahoo
2008-03-26,QQQ,44.70,38.39,yahoo
2008-03-27,QQQ,43.71,37.54,yahoo
2008-03-28,QQQ,43.49,37.35,yahoo
2008-03-31,QQQ,43.72,37.55,yahoo
2008-04-01,QQQ,45.59,39.16,yahoo
2008-04-02,QQQ,45.49,39.07,yahoo
2008-04-03,QQQ,45.59,39.16,yahoo
2008-04-04,QQQ,45.86,39.39,yahoo
2008-04-07,QQQ,45.76,39.30,yahoo
2008-04-08,QQQ,45.41,39.00,yahoo
2008-04-09,QQQ,44.90,38.57,yahoo
2008-04-10,QQQ,45.54,39.12,yahoo
2008-04-11,QQQ,44.28,38.03,yahoo
2008-04-14,QQQ,44.08,37.86,yahoo
2008-04-15,QQQ,44.14,37.91,yahoo
2008-04-16,QQQ,45.37,38.97,yahoo
2008-04-17,QQQ,45.27,38.88,yahoo
2008-04-18,QQQ,46.71,40.12,yahoo
2008-04-21,QQQ,47.04,40.40,yahoo
2008-04-22,QQQ,46.34,39.80,yahoo
2008-04-23,QQQ,46.85,40.24,yahoo
2008-04-24,QQQ,47.27,40.60,yahoo
2008-04-25,QQQ,47.15,40.50,yahoo
2008-04-28,QQQ,47.24,40.58,yahoo
2008-04-29,QQQ,47.60,40.88,yahoo
2008-04-30,QQQ,47.21,40.55,yahoo
2008-05-01,QQQ,48.70,41.83,yahoo
2008-05-02,QQQ,48.77,41.89,yahoo
2008-05-05,QQQ,48.63,41.77,yahoo
2008-05-06,QQQ,48.93,42.03,yahoo
2008-05-07,QQQ,48.04,41.26,yahoo
2008-05-08,QQQ,48.40,41.57,yahoo
2008-05-09,QQQ,48.21,41.41,yahoo
2008-05-12,QQQ,49.09,42.16,yahoo
2008-05-13,QQQ,49.22,42.28,yahoo
2008-05-14,QQQ,49.11,42.18,yahoo
2008-05-15,QQQ,49.97,42.92,yahoo
2008-05-16,QQQ,50.01,42.95,yahoo
2008-05-19,QQQ,49.65,42.65,yahoo
2008-05-20,QQQ,49.27,42.32,yahoo
2008-05-21,QQQ,48.18,41.38,yahoo
2008-05-22,QQQ,48.35,41.53,yahoo
2008-05-23,QQQ,48.20,41.40,yahoo
2008-05-27,QQQ,49.05,42.13,yahoo
2008-05-28,QQQ,49.25,42.30,yahoo
2008-05-29,QQQ,49.69,42.68,yahoo
2008-05-30,QQQ,50.01,42.95,yahoo
2008-06-02,QQQ,49.40,42.43,yahoo
2008-06-03,QQQ,49.13,42.20,yahoo
2008-06-04,QQQ,49.76,42.74,yahoo
2008-06-05,QQQ,50.55,43.42,yahoo
2008-06-06,QQQ,49.03,42.11,yahoo
2008-06-09,QQQ,48.77,41.89,yahoo
2008-06-10,QQQ,48.54,41.69,yahoo
2008-06-11,QQQ,47.37,40.69,yahoo
2008-06-12,QQQ,47.42,40.73,yahoo
2008-06-13,QQQ,48.37,41.55,yahoo
2008-06-16,QQQ,48.80,41.91,yahoo
2008-06-17,QQQ,48.54,41.69,yahoo
2008-06-18,QQQ,48.02,41.25,yahoo
2008-06-19,QQQ,48.77,41.89,yahoo
2008-06-20,QQQ,47.42,40.76,yahoo
2008-06-23,QQQ,47.05,40.44,yahoo
2008-06-24,QQQ,46.81,40.23,yahoo
2008-06-25,QQQ,47.57,40.89,yahoo
2008-06-26,QQQ,45.65,39.24,yahoo
2008-06-27,QQQ,45.65,39.24,yahoo
2008-06-30,QQQ,45.17,38.82,yahoo
2008-07-01,QQQ,45.81,39.37,yahoo
2008-07-02,QQQ,44.71,38.43,yahoo
2008-07-03,QQQ,44.63,38.36,yahoo
2008-07-07,QQQ,44.90,38.59,yahoo
2008-07-08,QQQ,45.97,39.51,yahoo
2008-07-09,QQQ,44.75,38.46,yahoo
2008-07-10,QQQ,45.28,38.92,yahoo
2008-07-11,QQQ,44.56,38.30,yahoo
2008-07-14,QQQ,44.23,38.02,yahoo
2008-07-15,QQQ,44.24,38.02,yahoo
2008-07-16,QQQ,45.34,38.97,yahoo
2008-07-17,QQQ,45.64,39.23,yahoo
2008-07-18,QQQ,44.59,38.33,yahoo
2008-07-21,QQQ,44.78,38.49,yahoo
2008-07-22,QQQ,44.78,38.49,yahoo
2008-07-23,QQQ,45.37,39.00,yahoo
2008-07-24,QQQ,44.69,38.41,yahoo
2008-07-25,QQQ,45.27,38.91,yahoo
2008-07-28,QQQ,44.42,38.18,yahoo
2008-07-29,QQQ,45.34,38.97,yahoo
2008-07-30,QQQ,45.57,39.17,yahoo
2008-07-31,QQQ,45.46,39.07,yahoo
2008-08-01,QQQ,44.88,38.58,yahoo
2008-08-04,QQQ,44.43,38.19,yahoo
2008-08-05,QQQ,45.93,39.48,yahoo
2008-08-06,QQQ,46.63,40.08,yahoo
2008-08-07,QQQ,46.27,39.77,yahoo
2008-08-08,QQQ,47.32,40.67,yahoo
2008-08-11,QQQ,47.75,41.04,yahoo
2008-08-12,QQQ,47.80,41.08,yahoo
2008-08-13,QQQ,47.70,41.00,yahoo
2008-08-14,QQQ,48.25,41.47,yahoo
2008-08-15,QQQ,48.16,41.39,yahoo
2008-08-18,QQQ,47.60,40.91,yahoo
2008-08-19,QQQ,47.01,40.41,yahoo
2008-08-20,QQQ,47.09,40.47,yahoo
2008-08-21,QQQ,46.87,40.29,yahoo
2008-08-22,QQQ,47.49,40.82,yahoo
2008-08-25,QQQ,46.49,39.96,yahoo
2008-08-26,QQQ,46.43,39.91,yahoo
2008-08-27,QQQ,46.73,40.17,yahoo
2008-08-28,QQQ,47.11,40.49,yahoo
2008-08-29,QQQ,46.12,39.64,yahoo
2008-09-02,QQQ,45.55,39.15,yahoo
2008-09-03,QQQ,45.12,38.78,yahoo
2008-09-04,QQQ,43.66,37.53,yahoo
2008-09-05,QQQ,43.45,37.35,yahoo
2008-09-08,QQQ,43.37,37.28,yahoo
2008-09-09,QQQ,42.45,36.49,yahoo
2008-09-10,QQQ,42.80,36.79,yahoo
2008-09-11,QQQ,43.60,37.47,yahoo
2008-09-12,QQQ,43.43,37.33,yahoo
2008-09-15,QQQ,42.08,36.17,yahoo
2008-09-16,QQQ,42.41,36.45,yahoo
2008-09-17,QQQ,40.21,34.56,yahoo
2008-09-18,QQQ,41.57,35.73,yahoo
2008-09-19,QQQ,42.90,36.90,yahoo
2008-09-22,QQQ,40.88,35.16,yahoo
2008-09-23,QQQ,40.57,34.89,yahoo
2008-09-24,QQQ,40.85,35.13,yahoo
2008-09-25,QQQ,41.50,35.69,yahoo
2008-09-26,QQQ,41.08,35.33,yahoo
2008-09-29,QQQ,37.82,32.53,yahoo
2008-09-30,QQQ,38.91,33.47,yahoo
2008-10-01,QQQ,38.50,33.11,yahoo
2008-10-02,QQQ,36.75,31.61,yahoo
2008-10-03,QQQ,36.18,31.12,yahoo
2008-10-06,QQQ,34.86,29.98,yahoo
2008-10-07,QQQ,32.65,28.08,yahoo
2008-10-08,QQQ,32.39,27.86,yahoo
2008-10-09,QQQ,31.52,27.11,yahoo
2008-10-10,QQQ,31.32,26.94,yahoo
2008-10-13,QQQ,35.13,30.22,yahoo
2008-10-14,QQQ,33.61,28.91,yahoo
2008-10-15,QQQ,30.60,26.32,yahoo
2008-10-16,QQQ,32.26,27.75,yahoo
2008-10-17,QQQ,32.30,27.78,yahoo
2008-10-20,QQQ,33.20,28.56,yahoo
2008-10-21,QQQ,31.48,27.08,yahoo
2008-10-22,QQQ,30.61,26.33,yahoo
2008-10-23,QQQ,30.49,26.22,yahoo
2008-10-24,QQQ,29.51,25.38,yahoo
2008-10-27,QQQ,28.69,24.68,yahoo
2008-10-28,QQQ,31.86,27.40,yahoo
2008-10-29,QQQ,31.78,27.33,yahoo
2008-10-30,QQQ,32.84,28.25,yahoo
2008-10-31,QQQ,32.89,28.29,yahoo
2008-11-03,QQQ,32.82,28.23,yahoo
2008-11-04,QQQ,33.75,29.03,yahoo
2008-11-05,QQQ,31.99,27.51,yahoo
2008-11-06,QQQ,30.56,26.28,yahoo
2008-11-07,QQQ,31.19,26.83,yahoo
2008-11-10,QQQ,30.77,26.47,yahoo
2008-11-11,QQQ,30.10,25.89,yahoo
2008-11-12,QQQ,28.71,24.69,yahoo
2008-11-13,QQQ,30.46,26.20,yahoo
2008-11-14,QQQ,28.98,24.93,yahoo
2008-11-17,QQQ,28.37,24.40,yahoo
2008-11-18,QQQ,28.34,24.38,yahoo
2008-11-19,QQQ,26.86,23.10,yahoo
2008-11-20,QQQ,25.56,21.98,yahoo
2008-11-21,QQQ,26.67,22.94,yahoo
2008-11-24,QQQ,28.30,24.34,yahoo
2008-11-25,QQQ,28.17,24.23,yahoo
2008-11-26,QQQ,29.35,25.24,yahoo
2008-11-28,QQQ,29.12,25.05,yahoo
2008-12-01,QQQ,26.93,23.16,yahoo
2008-12-02,QQQ,27.83,23.94,yahoo
2008-12-03,QQQ,28.62,24.62,yahoo
2008-12-04,QQQ,27.81,23.92,yahoo
2008-12-05,QQQ,28.94,24.89,yahoo
2008-12-08,QQQ,30.08,25.87,yahoo
2008-12-09,QQQ,30.01,25.81,yahoo
2008-12-10,QQQ,29.91,25.73,yahoo
2008-12-11,QQQ,29.09,25.02,yahoo
2008-12-12,QQQ,29.68,25.53,yahoo
2008-12-15,QQQ,29.16,25.08,yahoo
2008-12-16,QQQ,30.56,26.28,yahoo
2008-12-17,QQQ,30.19,25.97,yahoo
2008-12-18,QQQ,29.66,25.51,yahoo
2008-12-19,QQQ,29.86,25.72,yahoo
2008-12-22,QQQ,29.21,25.16,yahoo
2008-12-23,QQQ,29.06,25.03,yahoo
2008-12-24,QQQ,29.14,25.10,yahoo
2008-12-26,QQQ,29.13,25.09,yahoo
2008-12-29,QQQ,28.89,24.88,yahoo
2008-12-30,QQQ,29.49,25.40,yahoo
2008-12-31,QQQ,29.74,25.62,yahoo
2009-01-02,QQQ,31.03,26.73,yahoo
2009-01-05,QQQ,31.02,26.72,yahoo
2009-01-06,QQQ,31.33,26.99,yahoo
2009-01-07,QQQ,30.44,26.22,yahoo
2009-01-08,QQQ,30.76,26.49,yahoo
2009-01-09,QQQ,30.07,25.90,yahoo
2009-01-12,QQQ,29.52,25.43,yahoo
2009-01-13,QQQ,29.53,25.44,yahoo
2009-01-14,QQQ,28.63,24.66,yahoo
2009-01-15,QQQ,29.10,25.07,yahoo
2009-01-16,QQQ,29.42,25.34,yahoo
2009-01-20,QQQ,27.96,24.08,yahoo
2009-01-21,QQQ,29.15,25.11,yahoo
2009-01-22,QQQ,28.76,24.77,yahoo
2009-01-23,QQQ,28.90,24.89,yahoo
2009-01-26,QQQ,29.11,25.07,yahoo
2009-01-27,QQQ,29.32,25.25,yahoo
2009-01-28,QQQ,30.35,26.14,yahoo
2009-01-29,QQQ,29.58,25.48,yahoo
2009-01-30,QQQ,29.06,25.03,yahoo
2009-02-02,QQQ,29.41,25.33,yahoo
2009-02-03,QQQ,29.87,25.73,yahoo
2009-02-04,QQQ,29.91,25.76,yahoo
2009-02-05,QQQ,30.57,26.33,yahoo
2009-02-06,QQQ,31.37,27.02,yahoo
2009-02-09,QQQ,31.50,27.13,yahoo
2009-02-10,QQQ,30.34,26.13,yahoo
2009-02-11,QQQ,30.20,26.01,yahoo
2009-02-12,QQQ,30.57,26.33,yahoo
2009-02-13,QQQ,30.43,26.21,yahoo
2009-02-17,QQQ,29.22,25.17,yahoo
2009-02-18,QQQ,29.24,25.19,yahoo
2009-02-19,QQQ,28.79,24.80,yahoo
2009-02-20,QQQ,28.87,24.87,yahoo
2009-02-23,QQQ,27.86,24.00,yahoo
2009-02-24,QQQ,28.78,24.79,yahoo
2009-02-25,QQQ,28.59,24.63,yahoo
2009-02-26,QQQ,27.79,23.94,yahoo
2009-02-27,QQQ,27.53,23.71,yahoo
2009-03-02,QQQ,26.64,22.95,yahoo
2009-03-03,QQQ,26.62,22.93,yahoo
2009-03-04,QQQ,27.33,23.54,yahoo
2009-03-05,QQQ,26.51,22.83,yahoo
2009-03-06,QQQ,26.30,22.65,yahoo
2009-03-09,QQQ,25.74,22.17,yahoo
2009-03-10,QQQ,27.33,23.54,yahoo
2009-03-11,QQQ,27.75,23.90,yahoo
2009-03-12,QQQ,28.67,24.69,yahoo
2009-03-13,QQQ,28.74,24.75,yahoo
2009-03-16,QQQ,28.26,24.34,yahoo
2009-03-17,QQQ,29.33,25.26,yahoo
2009-03-18,QQQ,29.70,25.58,yahoo
2009-03-19,QQQ,29.68,25.56,yahoo
2009-03-20,QQQ,29.18,25.18,yahoo
2009-03-23,QQQ,30.90,26.66,yahoo
2009-03-24,QQQ,30.33,26.17,yahoo
2009-03-25,QQQ,30.47,26.29,yahoo
2009-03-26,QQQ,31.41,27.10,yahoo
2009-03-27,QQQ,30.82,26.59,yahoo
2009-03-30,QQQ,30.06,25.93,yahoo
2009-03-31,QQQ,30.32,26.16,yahoo
2009-04-01,QQQ,30.77,26.55,yahoo
2009-04-02,QQQ,31.76,27.40,yahoo
2009-04-03,QQQ,32.35,27.91,yahoo
2009-04-06,QQQ,32.27,27.84,yahoo
2009-04-07,QQQ,31.42,27.11,yahoo
2009-04-08,QQQ,31.95,27.57,yahoo
2009-04-09,QQQ,32.94,28.42,yahoo
2009-04-13,QQQ,32.89,28.38,yahoo
2009-04-14,QQQ,32.49,28.03,yahoo
2009-04-15,QQQ,32.40,27.95,yahoo
2009-04-16,QQQ,33.24,28.68,yahoo
2009-04-17,QQQ,33.31,28.74,yahoo
2009-04-20,QQQ,32.24,27.82,yahoo
2009-04-21,QQQ,32.69,28.20,yahoo
2009-04-22,QQQ,32.79,28.29,yahoo
2009-04-23,QQQ,33.11,28.57,yahoo
2009-04-24,QQQ,33.69,29.07,yahoo
2009-04-27,QQQ,33.73,29.10,yahoo
2009-04-28,QQQ,33.48,28.89,yahoo
2009-04-29,QQQ,33.94,29.28,yahoo
2009-04-30,QQQ,34.28,29.58,yahoo
2009-05-01,QQQ,34.37,29.65,yahoo
2009-05-04,QQQ,35.05,30.24,yahoo
2009-05-05,QQQ,35.02,30.21,yahoo
2009-05-06,QQQ,35.03,30.22,yahoo
2009-05-07,QQQ,34.21,29.52,yahoo
2009-05-08,QQQ,34.23,29.53,yahoo
2009-05-11,QQQ,34.35,29.64,yahoo
2009-05-12,QQQ,33.93,29.27,yahoo
2009-05-13,QQQ,33.02,28.49,yahoo
2009-05-14,QQQ,33.39,28.81,yahoo
2009-05-15,QQQ,33.37,28.79,yahoo
2009-05-18,QQQ,34.24,29.54,yahoo
2009-05-19,QQQ,34.40,29.68,yahoo
2009-05-20,QQQ,34.28,29.58,yahoo
2009-05-21,QQQ,33.65,29.03,yahoo
2009-05-22,QQQ,33.54,28.94,yahoo
2009-05-26,QQQ,34.79,30.02,yahoo
2009-05-27,QQQ,34.55,29.81,yahoo
2009-05-28,QQQ,34.95,30.15,yahoo
2009-05-29,QQQ,35.38,30.52,yahoo
2009-06-01,QQQ,36.39,31.40,yahoo
2009-06-02,QQQ,36.44,31.44,yahoo
2009-06-03,QQQ,36.33,31.34,yahoo
2009-06-04,QQQ,36.74,31.70,yahoo
2009-06-05,QQQ,36.78,31.73,yahoo
2009-06-08,QQQ,36.67,31.64,yahoo
2009-06-09,QQQ,36.95,31.88,yahoo
2009-06-10,QQQ,36.82,31.77,yahoo
2009-06-11,QQQ,36.82,31.77,yahoo
2009-06-12,QQQ,36.65,31.62,yahoo
2009-06-15,QQQ,35.90,30.97,yahoo
2009-06-16,QQQ,35.55,30.67,yahoo
2009-06-17,QQQ,35.89,30.96,yahoo
2009-06-18,QQQ,35.82,30.90,yahoo
2009-06-19,QQQ,36.16,31.24,yahoo
2009-06-22,QQQ,35.08,30.30,yahoo
2009-06-23,QQQ,35,30.23,yahoo
2009-06-24,QQQ,35.59,30.74,yahoo
2009-06-25,QQQ,36.29,31.35,yahoo
2009-06-26,QQQ,36.37,31.42,yahoo
2009-06-29,QQQ,36.45,31.49,yahoo
2009-06-30,QQQ,36.38,31.43,yahoo
2009-07-01,QQQ,36.40,31.44,yahoo
2009-07-02,QQQ,35.60,30.75,yahoo
2009-07-06,QQQ,35.41,30.59,yahoo
2009-07-07,QQQ,34.53,29.83,yahoo
2009-07-08,QQQ,34.71,29.98,yahoo
2009-07-09,QQQ,34.77,30.04,yahoo
2009-07-10,QQQ,34.92,30.16,yahoo
2009-07-13,QQQ,35.59,30.74,yahoo
2009-07-14,QQQ,35.72,30.86,yahoo
2009-07-15,QQQ,36.92,31.89,yahoo
2009-07-16,QQQ,37.36,32.27,yahoo
2009-07-17,QQQ,37.56,32.45,yahoo
2009-07-20,QQQ,37.92,32.76,yahoo
2009-07-21,QQQ,38.18,32.98,yahoo
2009-07-22,QQQ,38.50,33.26,yahoo
2009-07-23,QQQ,39.35,33.99,yahoo
2009-07-24,QQQ,39.05,33.73,yahoo
2009-07-27,QQQ,39.35,33.99,yahoo
2009-07-28,QQQ,39.08,33.76,yahoo
2009-07-29,QQQ,39.34,33.98,yahoo
2009-07-30,QQQ,39.57,34.18,yahoo
2009-07-31,QQQ,39.45,34.08,yahoo
2009-08-03,QQQ,40.04,34.59,yahoo
2009-08-04,QQQ,40.04,34.59,yahoo
2009-08-05,QQQ,39.73,34.32,yahoo
2009-08-06,QQQ,39.38,34.02,yahoo
2009-08-07,QQQ,39.88,34.45,yahoo
2009-08-10,QQQ,39.60,34.21,yahoo
2009-08-11,QQQ,39.26,33.91,yahoo
2009-08-12,QQQ,39.87,34.44,yahoo
2009-08-13,QQQ,40.09,34.63,yahoo
2009-08-14,QQQ,39.63,34.23,yahoo
2009-08-17,QQQ,38.48,33.24,yahoo
2009-08-18,QQQ,39.03,33.72,yahoo
2009-08-19,QQQ,39.30,33.95,yahoo
2009-08-20,QQQ,39.76,34.35,yahoo
2009-08-21,QQQ,40.29,34.80,yahoo
2009-08-24,QQQ,40.25,34.77,yahoo
2009-08-25,QQQ,40.37,34.87,yahoo
2009-08-26,QQQ,40.30,34.81,yahoo
2009-08-27,QQQ,40.40,34.90,yahoo
2009-08-28,QQQ,40.44,34.93,yahoo
2009-08-31,QQQ,40.03,34.58,yahoo
2009-09-01,QQQ,39.28,33.93,yahoo
2009-09-02,QQQ,39.25,33.91,yahoo
2009-09-03,QQQ,39.51,34.13,yahoo
2009-09-04,QQQ,40.36,34.86,yahoo
2009-09-08,QQQ,40.74,35.19,yahoo
2009-09-09,QQQ,41.09,35.49,yahoo
2009-09-10,QQQ,41.48,35.83,yahoo
2009-09-11,QQQ,41.52,35.87,yahoo
2009-09-14,QQQ,41.68,36.00,yahoo
2009-09-15,QQQ,41.81,36.12,yahoo
2009-09-16,QQQ,42.42,36.64,yahoo
2009-09-17,QQQ,42.41,36.63,yahoo
2009-09-18,QQQ,42.44,36.70,yahoo
2009-09-21,QQQ,42.57,36.81,yahoo
2009-09-22,QQQ,42.65,36.88,yahoo
2009-09-23,QQQ,42.45,36.70,yahoo
2009-09-24,QQQ,42.07,36.38,yahoo
2009-09-25,QQQ,41.70,36.06,yahoo
2009-09-28,QQQ,42.41,36.67,yahoo
2009-09-29,QQQ,42.22,36.51,yahoo
2009-09-30,QQQ,42.25,36.53,yahoo
2009-10-01,QQQ,41,35.45,yahoo
2009-10-02,QQQ,40.88,35.35,yahoo
2009-10-05,QQQ,41.21,35.63,yahoo
2009-10-06,QQQ,41.94,36.26,yahoo
2009-10-07,QQQ,42.06,36.37,yahoo
2009-10-08,QQQ,42.24,36.52,yahoo
2009-10-09,QQQ,42.48,36.73,yahoo
2009-10-12,QQQ,42.57,36.81,yahoo
2009-10-13,QQQ,42.58,36.82,yahoo
2009-10-14,QQQ,43.16,37.32,yahoo
2009-10-15,QQQ,43.06,37.23,yahoo
2009-10-16,QQQ,42.78,36.99,yahoo
2009-10-19,QQQ,43.21,37.36,yahoo
2009-10-20,QQQ,43.22,37.37,yahoo
2009-10-21,QQQ,43.14,37.30,yahoo
2009-10-22,QQQ,43.31,37.45,yahoo
2009-10-23,QQQ,43.13,37.29,yahoo
2009-10-26,QQQ,42.99,37.17,yahoo
2009-10-27,QQQ,42.34,36.61,yahoo
2009-10-28,QQQ,41.39,35.79,yahoo
2009-10-29,QQQ,42.09,36.39,yahoo
2009-10-30,QQQ,40.96,35.42,yahoo
2009-11-02,QQQ,41.13,35.56,yahoo
2009-11-03,QQQ,41.26,35.68,yahoo
2009-11-04,QQQ,41.33,35.74,yahoo
2009-11-05,QQQ,42.35,36.62,yahoo
2009-11-06,QQQ,42.60,36.83,yahoo
2009-11-09,QQQ,43.51,37.62,yahoo
2009-11-10,QQQ,43.62,37.72,yahoo
2009-11-11,QQQ,43.90,37.96,yahoo
2009-11-12,QQQ,43.65,37.74,yahoo
2009-11-13,QQQ,44.01,38.05,yahoo
2009-11-16,QQQ,44.46,38.44,yahoo
2009-11-17,QQQ,44.60,38.56,yahoo
2009-11-18,QQQ,44.35,38.35,yahoo
2009-11-19,QQQ,43.66,37.75,yahoo
2009-11-20,QQQ,43.44,37.56,yahoo
2009-11-23,QQQ,44.14,38.17,yahoo
2009-11-24,QQQ,43.99,38.04,yahoo
2009-11-25,QQQ,44.18,38.20,yahoo
2009-11-27,QQQ,43.51,37.62,yahoo
2009-11-30,QQQ,43.56,37.66,yahoo
2009-12-01,QQQ,44.01,38.05,yahoo
2009-12-02,QQQ,44.07,38.11,yahoo
2009-12-03,QQQ,43.89,37.95,yahoo
2009-12-04,QQQ,44.12,38.15,yahoo
2009-12-07,QQQ,43.91,37.97,yahoo
2009-12-08,QQQ,43.64,37.73,yahoo
2009-12-09,QQQ,44.08,38.11,yahoo
2009-12-10,QQQ,44.30,38.30,yahoo
2009-12-11,QQQ,44.13,38.16,yahoo
2009-12-14,QQQ,44.55,38.52,yahoo
2009-12-15,QQQ,44.30,38.30,yahoo
2009-12-16,QQQ,44.36,38.36,yahoo
2009-12-17,QQQ,43.82,37.89,yahoo
2009-12-18,QQQ,44.46,38.51,yahoo
2009-12-21,QQQ,44.96,38.94,yahoo
2009-12-22,QQQ,45.23,39.17,yahoo
2009-12-23,QQQ,45.56,39.46,yahoo
2009-12-24,QQQ,45.98,39.82,yahoo
2009-12-28,QQQ,46.22,40.03,yahoo
2009-12-29,QQQ,46.03,39.87,yahoo
2009-12-30,QQQ,46.17,39.99,yahoo
2009-12-31,QQQ,45.75,39.62,yahoo
2010-01-04,QQQ,46.42,40.20,yahoo
2010-01-05,QQQ,46.42,40.20,yahoo
2010-01-06,QQQ,46.14,39.96,yahoo
2010-01-07,QQQ,46.17,39.99,yahoo
2010-01-08,QQQ,46.55,40.32,yahoo
2010-01-11,QQQ,46.36,40.15,yahoo
2010-01-12,QQQ,45.78,39.65,yahoo
2010-01-13,QQQ,46.35,40.14,yahoo
2010-01-14,QQQ,46.39,40.18,yahoo
2010-01-15,QQQ,45.85,39.71,yahoo
2010-01-19,QQQ,46.59,40.35,yahoo
2010-01-20,QQQ,45.92,39.77,yahoo
2010-01-21,QQQ,45.49,39.40,yahoo
2010-01-22,QQQ,44.16,38.25,yahoo
2010-01-25,QQQ,44.31,38.38,yahoo
2010-01-26,QQQ,44.35,38.41,yahoo
2010-01-27,QQQ,44.70,38.72,yahoo
2010-01-28,QQQ,43.55,37.72,yahoo
2010-01-29,QQQ,42.79,37.06,yahoo
2010-02-01,QQQ,43.26,37.47,yahoo
2010-02-02,QQQ,43.65,37.81,yahoo
2010-02-03,QQQ,43.89,38.01,yahoo
2010-02-04,QQQ,42.62,36.91,yahoo
2010-02-05,QQQ,42.98,37.23,yahoo
2010-02-08,QQQ,42.67,36.96,yahoo
2010-02-09,QQQ,43.11,37.34,yahoo
2010-02-10,QQQ,43.02,37.26,yahoo
2010-02-11,QQQ,43.67,37.82,yahoo
2010-02-12,QQQ,43.76,37.90,yahoo
2010-02-16,QQQ,44.32,38.39,yahoo
2010-02-17,QQQ,44.57,38.60,yahoo
2010-02-18,QQQ,44.85,38.84,yahoo
2010-02-19,QQQ,44.83,38.83,yahoo
2010-02-22,QQQ,44.74,38.75,yahoo
2010-02-23,QQQ,44.16,38.25,yahoo
2010-02-24,QQQ,44.61,38.64,yahoo
2010-02-25,QQQ,44.60,38.63,yahoo
2010-02-26,QQQ,44.76,38.77,yahoo
2010-03-01,QQQ,45.41,39.33,yahoo
2010-03-02,QQQ,45.55,39.45,yahoo
2010-03-03,QQQ,45.60,39.49,yahoo
2010-03-04,QQQ,45.75,39.62,yahoo
2010-03-05,QQQ,46.44,40.22,yahoo
2010-03-08,QQQ,46.53,40.30,yahoo
2010-03-09,QQQ,46.79,40.53,yahoo
2010-03-10,QQQ,47.17,40.85,yahoo
2010-03-11,QQQ,47.35,41.01,yahoo
2010-03-12,QQQ,47.36,41.02,yahoo
2010-03-15,QQQ,47.24,40.91,yahoo
2010-03-16,QQQ,47.54,41.17,yahoo
2010-03-17,QQQ,47.67,41.29,yahoo
2010-03-18,QQQ,47.83,41.43,yahoo
2010-03-19,QQQ,47.49,41.18,yahoo
2010-03-22,QQQ,47.92,41.55,yahoo
2010-03-23,QQQ,48.25,41.83,yahoo
2010-03-24,QQQ,48.02,41.63,yahoo
2010-03-25,QQQ,47.95,41.57,yahoo
2010-03-26,QQQ,48,41.62,yahoo
2010-03-29,QQQ,48.23,41.82,yahoo
2010-03-30,QQQ,48.39,41.96,yahoo
2010-03-31,QQQ,48.16,41.76,yahoo
2010-04-01,QQQ,48.16,41.76,yahoo
2010-04-05,QQQ,48.61,42.15,yahoo
2010-04-06,QQQ,48.75,42.27,yahoo
2010-04-07,QQQ,48.63,42.16,yahoo
2010-04-08,QQQ,48.74,42.26,yahoo
2010-04-09,QQQ,49.03,42.51,yahoo
2010-04-12,QQQ,49.07,42.55,yahoo
2010-04-13,QQQ,49.32,42.76,yahoo
2010-04-14,QQQ,49.91,43.27,yahoo
2010-04-15,QQQ,50.13,43.46,yahoo
2010-04-16,QQQ,49.53,42.94,yahoo
2010-04-19,QQQ,49.50,42.92,yahoo
2010-04-20,QQQ,49.75,43.13,yahoo
2010-04-21,QQQ,50.03,43.38,yahoo
2010-04-22,QQQ,50.31,43.62,yahoo
2010-04-23,QQQ,50.52,43.80,yahoo
2010-04-26,QQQ,50.41,43.71,yahoo
2010-04-27,QQQ,49.34,42.78,yahoo
2010-04-28,QQQ,49.37,42.81,yahoo
2010-04-29,QQQ,50.23,43.55,yahoo
2010-04-30,QQQ,49.24,42.69,yahoo
2010-05-03,QQQ,49.93,43.29,yahoo
2010-05-04,QQQ,48.43,41.99,yahoo
2010-05-05,QQQ,48.18,41.77,yahoo
2010-05-06,QQQ,46.57,40.38,yahoo
2010-05-07,QQQ,45.41,39.37,yahoo
2010-05-10,QQQ,47.77,41.42,yahoo
2010-05-11,QQQ,47.72,41.37,yahoo
2010-05-12,QQQ,48.62,42.16,yahoo
2010-05-13,QQQ,47.85,41.49,yahoo
2010-05-14,QQQ,46.93,40.69,yahoo
2010-05-17,QQQ,47.08,40.82,yahoo
2010-05-18,QQQ,46.43,40.26,yahoo
2010-05-19,QQQ,46.06,39.94,yahoo
2010-05-20,QQQ,44.35,38.45,yahoo
2010-05-21,QQQ,44.84,38.88,yahoo
2010-05-24,QQQ,44.66,38.72,yahoo
2010-05-25,QQQ,44.70,38.76,yahoo
2010-05-26,QQQ,44.20,38.32,yahoo
2010-05-27,QQQ,45.87,39.77,yahoo
2010-05-28,QQQ,45.60,39.54,yahoo
2010-06-01,QQQ,45.18,39.17,yahoo
2010-06-02,QQQ,46.25,40.10,yahoo
2010-06-03,QQQ,46.69,40.48,yahoo
2010-06-04,QQQ,45.09,39.09,yahoo
2010-06-07,QQQ,44.27,38.38,yahoo
2010-06-08,QQQ,44.19,38.31,yahoo
2010-06-09,QQQ,43.82,37.99,yahoo
2010-06-10,QQQ,45.07,39.08,yahoo
2010-06-11,QQQ,45.50,39.45,yahoo
2010-06-14,QQQ,45.49,39.44,yahoo
2010-06-15,QQQ,46.71,40.50,yahoo
2010-06-16,QQQ,46.90,40.66,yahoo
2010-06-17,QQQ,47.05,40.79,yahoo
2010-06-18,QQQ,47,40.83,yahoo
2010-06-21,QQQ,46.60,40.48,yahoo
2010-06-22,QQQ,46.24,40.17,yahoo
2010-06-23,QQQ,46.05,40.00,yahoo
2010-06-24,QQQ,45.35,39.39,yahoo
2010-06-25,QQQ,45.27,39.40,yahoo
2010-06-28,QQQ,45.11,39.26,yahoo
2010-06-29,QQQ,43.37,37.75,yahoo
2010-06-30,QQQ,42.71,37.17,yahoo
2010-07-01,QQQ,42.59,37.07,yahoo
2010-07-02,QQQ,42.47,36.97,yahoo
2010-07-06,QQQ,42.60,37.08,yahoo
2010-07-07,QQQ,43.96,38.26,yahoo
2010-07-08,QQQ,44.20,38.47,yahoo
2010-07-09,QQQ,44.62,38.84,yahoo
2010-07-12,QQQ,44.75,38.95,yahoo
2010-07-13,QQQ,45.33,39.45,yahoo
2010-07-14,QQQ,45.56,39.65,yahoo
2010-07-15,QQQ,45.60,39.69,yahoo
2010-07-16,QQQ,44.34,38.59,yahoo
2010-07-19,QQQ,44.72,38.92,yahoo
2010-07-20,QQQ,45.26,39.39,yahoo
2010-07-21,QQQ,44.64,38.85,yahoo
2010-07-22,QQQ,45.77,39.84,yahoo
2010-07-23,QQQ,46.06,40.09,yahoo
2010-07-26,QQQ,46.44,40.42,yahoo
2010-07-27,QQQ,46.42,40.40,yahoo
2010-07-28,QQQ,46.05,40.08,yahoo
2010-07-29,QQQ,45.71,39.79,yahoo
2010-07-30,QQQ,45.81,39.87,yahoo
2010-08-02,QQQ,46.67,40.62,yahoo
2010-08-03,QQQ,46.47,40.45,yahoo
2010-08-04,QQQ,46.94,40.86,yahoo
2010-08-05,QQQ,46.83,40.76,yahoo
2010-08-06,QQQ,46.76,40.70,yahoo
2010-08-09,QQQ,47.08,40.98,yahoo
2010-08-10,QQQ,46.67,40.62,yahoo
2010-08-11,QQQ,45.40,39.52,yahoo
2010-08-12,QQQ,45.04,39.20,yahoo
2010-08-13,QQQ,44.72,38.92,yahoo
2010-08-16,QQQ,44.80,38.99,yahoo
2010-08-17,QQQ,45.37,39.49,yahoo
2010-08-18,QQQ,45.55,39.65,yahoo
2010-08-19,QQQ,44.86,39.05,yahoo
2010-08-20,QQQ,44.92,39.10,yahoo
2010-08-23,QQQ,44.48,38.71,yahoo
2010-08-24,QQQ,43.65,37.99,yahoo
2010-08-25,QQQ,44.07,38.36,yahoo
2010-08-26,QQQ,43.54,37.90,yahoo
2010-08-27,QQQ,44.07,38.36,yahoo
2010-08-30,QQQ,43.61,37.96,yahoo
2010-08-31,QQQ,43.46,37.83,yahoo
2010-09-01,QQQ,44.76,38.96,yahoo
2010-09-02,QQQ,45.26,39.39,yahoo
2010-09-03,QQQ,46.01,40.05,yahoo
2010-09-07,QQQ,45.70,39.78,yahoo
2010-09-08,QQQ,46.25,40.26,yahoo
2010-09-09,QQQ,46.43,40.41,yahoo
2010-09-10,QQQ,46.60,40.56,yahoo
2010-09-13,QQQ,47.25,41.13,yahoo
2010-09-14,QQQ,47.45,41.30,yahoo
2010-09-15,QQQ,47.75,41.56,yahoo
2010-09-16,QQQ,47.94,41.73,yahoo
2010-09-17,QQQ,47.99,41.87,yahoo
2010-09-20,QQQ,48.83,42.60,yahoo
2010-09-21,QQQ,48.82,42.59,yahoo
2010-09-22,QQQ,48.69,42.48,yahoo
2010-09-23,QQQ,48.67,42.46,yahoo
2010-09-24,QQQ,49.66,43.32,yahoo
2010-09-27,QQQ,49.39,43.09,yahoo
2010-09-28,QQQ,49.37,43.07,yahoo
2010-09-29,QQQ,49.29,43.00,yahoo
2010-09-30,QQQ,49.07,42.81,yahoo
2010-10-01,QQQ,49.01,42.76,yahoo
2010-10-04,QQQ,48.48,42.30,yahoo
2010-10-05,QQQ,49.66,43.32,yahoo
2010-10-06,QQQ,49.23,42.95,yahoo
2010-10-07,QQQ,49.41,43.11,yahoo
2010-10-08,QQQ,49.75,43.40,yahoo
2010-10-11,QQQ,49.77,43.42,yahoo
2010-10-12,QQQ,50.11,43.72,yahoo
2010-10-13,QQQ,50.52,44.07,yahoo
2010-10-14,QQQ,50.42,43.99,yahoo
2010-10-15,QQQ,51.49,44.92,yahoo
2010-10-18,QQQ,51.30,44.76,yahoo
2010-10-19,QQQ,50.82,44.34,yahoo
2010-10-20,QQQ,51.19,44.66,yahoo
2010-10-21,QQQ,51.29,44.75,yahoo
2010-10-22,QQQ,51.64,45.05,yahoo
2010-10-25,QQQ,51.89,45.27,yahoo
2010-10-26,QQQ,52.03,45.39,yahoo
2010-10-27,QQQ,52.19,45.53,yahoo
2010-10-28,QQQ,52.30,45.63,yahoo
2010-10-29,QQQ,52.18,45.52,yahoo
2010-11-01,QQQ,52.22,45.56,yahoo
2010-11-02,QQQ,52.78,46.05,yahoo
2010-11-03,QQQ,53.02,46.26,yahoo
2010-11-04,QQQ,53.67,46.82,yahoo
2010-11-05,QQQ,53.67,46.82,yahoo
2010-11-08,QQQ,53.74,46.88,yahoo
2010-11-09,QQQ,53.45,46.63,yahoo
2010-11-10,QQQ,53.72,46.87,yahoo
2010-11-11,QQQ,53.38,46.57,yahoo
2010-11-12,QQQ,52.51,45.81,yahoo
2010-11-15,QQQ,52.31,45.64,yahoo
2010-11-16,QQQ,51.45,44.89,yahoo
2010-11-17,QQQ,51.60,45.02,yahoo
2010-11-18,QQQ,52.43,45.74,yahoo
2010-11-19,QQQ,52.47,45.78,yahoo
2010-11-22,QQQ,52.91,46.16,yahoo
2010-11-23,QQQ,52.07,45.43,yahoo
2010-11-24,QQQ,53.12,46.34,yahoo
2010-11-26,QQQ,52.77,46.04,yahoo
2010-11-29,QQQ,52.73,46.00,yahoo
2010-11-30,QQQ,52.09,45.44,yahoo
2010-12-01,QQQ,53.19,46.40,yahoo
2010-12-02,QQQ,53.73,46.88,yahoo
2010-12-03,QQQ,53.87,47.00,yahoo
2010-12-06,QQQ,53.85,46.98,yahoo
2010-12-07,QQQ,53.88,47.01,yahoo
2010-12-08,QQQ,54.08,47.18,yahoo
2010-12-09,QQQ,54.13,47.22,yahoo
2010-12-10,QQQ,54.49,47.54,yahoo
2010-12-13,QQQ,54.30,47.37,yahoo
2010-12-14,QQQ,54.40,47.46,yahoo
2010-12-15,QQQ,54.16,47.25,yahoo
2010-12-16,QQQ,54.58,47.62,yahoo
2010-12-17,QQQ,54.52,47.66,yahoo
2010-12-20,QQQ,54.56,47.69,yahoo
2010-12-21,QQQ,54.89,47.98,yahoo
2010-12-22,QQQ,54.88,47.97,yahoo
2010-12-23,QQQ,54.74,47.85,yahoo
2010-12-27,QQQ,54.77,47.88,yahoo
2010-12-28,QQQ,54.67,47.79,yahoo
2010-12-29,QQQ,54.79,47.89,yahoo
2010-12-30,QQQ,54.66,47.78,yahoo
2010-12-31,QQQ,54.46,47.61,yahoo
2011-01-03,QQQ,55.31,48.35,yahoo
2011-01-04,QQQ,55.27,48.31,yahoo
2011-01-05,QQQ,55.74,48.73,yahoo
2011-01-06,QQQ,55.92,48.88,yahoo
2011-01-07,QQQ,55.87,48.84,yahoo
2011-01-10,QQQ,56.08,49.02,yahoo
2011-01-11,QQQ,56.16,49.09,yahoo
2011-01-12,QQQ,56.56,49.44,yahoo
2011-01-13,QQQ,56.58,49.46,yahoo
2011-01-14,QQQ,57,49.83,yahoo
2011-01-18,QQQ,57.16,49.97,yahoo
2011-01-19,QQQ,56.51,49.40,yahoo
2011-01-20,QQQ,56.11,49.05,yahoo
2011-01-21,QQQ,55.68,48.67,yahoo
2011-01-24,QQQ,56.45,49.35,yahoo
2011-01-25,QQQ,56.53,49.42,yahoo
2011-01-26,QQQ,56.83,49.68,yahoo
2011-01-27,QQQ,57.18,49.98,yahoo
2011-01-28,QQQ,55.73,48.72,yahoo
2011-01-31,QQQ,56,48.95,yahoo
2011-02-01,QQQ,57.05,49.87,yahoo
2011-02-02,QQQ,56.96,49.79,yahoo
2011-02-03,QQQ,57.06,49.88,yahoo
2011-02-04,QQQ,57.38,50.16,yahoo
2011-02-07,QQQ,57.65,50.39,yahoo
2011-02-08,QQQ,58.03,50.73,yahoo
2011-02-09,QQQ,57.93,50.64,yahoo
2011-02-10,QQQ,58.02,50.72,yahoo
2011-02-11,QQQ,58.44,51.09,yahoo
2011-02-14,QQQ,58.58,51.21,yahoo
2011-02-15,QQQ,58.50,51.14,yahoo
2011-02-16,QQQ,58.88,51.47,yahoo
2011-02-17,QQQ,58.86,51.45,yahoo
2011-02-18,QQQ,58.73,51.34,yahoo
2011-02-22,QQQ,57.03,49.85,yahoo
2011-02-23,QQQ,56.56,49.44,yahoo
2011-02-24,QQQ,56.86,49.70,yahoo
2011-02-25,QQQ,57.65,50.39,yahoo
2011-02-28,QQQ,57.77,50.50,yahoo
2011-03-01,QQQ,56.84,49.69,yahoo
2011-03-02,QQQ,57.14,49.95,yahoo
2011-03-03,QQQ,58.27,50.94,yahoo
2011-03-04,QQQ,57.97,50.67,yahoo
2011-03-07,QQQ,57.19,49.99,yahoo
2011-03-08,QQQ,57.42,50.19,yahoo
2011-03-09,QQQ,57.03,49.85,yahoo
2011-03-10,QQQ,56.14,49.07,yahoo
2011-03-11,QQQ,56.49,49.38,yahoo
2011-03-14,QQQ,56.29,49.21,yahoo
2011-03-15,QQQ,55.49,48.51,yahoo
2011-03-16,QQQ,54.15,47.34,yahoo
2011-03-17,QQQ,54.65,47.77,yahoo
2011-03-18,QQQ,54.45,47.66,yahoo
2011-03-21,QQQ,55.50,48.58,yahoo
2011-03-22,QQQ,55.40,48.50,yahoo
2011-03-23,QQQ,55.71,48.77,yahoo
2011-03-24,QQQ,56.70,49.63,yahoo
2011-03-25,QQQ,56.84,49.76,yahoo
2011-03-28,QQQ,56.53,49.49,yahoo
2011-03-29,QQQ,57.08,49.97,yahoo
2011-03-30,QQQ,57.35,50.20,yahoo
2011-03-31,QQQ,57.43,50.27,yahoo
2011-04-01,QQQ,57.46,50.30,yahoo
2011-04-04,QQQ,57.27,50.13,yahoo
2011-04-05,QQQ,57.12,50.00,yahoo
2011-04-06,QQQ,57.26,50.12,yahoo
2011-04-07,QQQ,57.22,50.09,yahoo
2011-04-08,QQQ,56.95,49.85,yahoo
2011-04-11,QQQ,56.76,49.69,yahoo
2011-04-12,QQQ,56.37,49.35,yahoo
2011-04-13,QQQ,56.85,49.77,yahoo
2011-04-14,QQQ,56.75,49.68,yahoo
2011-04-15,QQQ,56.65,49.59,yahoo
2011-04-18,QQQ,56.25,49.24,yahoo
2011-04-19,QQQ,56.60,49.55,yahoo
2011-04-20,QQQ,57.88,50.67,yahoo
2011-04-21,QQQ,58.34,51.07,yahoo
2011-04-25,QQQ,58.49,51.20,yahoo
2011-04-26,QQQ,58.82,51.49,yahoo
2011-04-27,QQQ,59.22,51.84,yahoo
2011-04-28,QQQ,59.13,51.76,yahoo
2011-04-29,QQQ,59.08,51.72,yahoo
2011-05-02,QQQ,58.97,51.62,yahoo
2011-05-03,QQQ,58.69,51.38,yahoo
2011-05-04,QQQ,58.60,51.30,yahoo
2011-05-05,QQQ,58.28,51.02,yahoo
2011-05-06,QQQ,58.47,51.18,yahoo
2011-05-09,QQQ,58.69,51.38,yahoo
2011-05-10,QQQ,59.19,51.81,yahoo
2011-05-11,QQQ,58.76,51.44,yahoo
2011-05-12,QQQ,59.11,51.74,yahoo
2011-05-13,QQQ,58.41,51.13,yahoo
2011-05-16,QQQ,57.40,50.25,yahoo
2011-05-17,QQQ,57.56,50.39,yahoo
2011-05-18,QQQ,58.04,50.81,yahoo
2011-05-19,QQQ,58.21,50.96,yahoo
2011-05-20,QQQ,57.77,50.57,yahoo
2011-05-23,QQQ,56.92,49.83,yahoo
2011-05-24,QQQ,56.57,49.52,yahoo
2011-05-25,QQQ,56.79,49.71,yahoo
2011-05-26,QQQ,57.14,50.02,yahoo
2011-05-27,QQQ,57.43,50.27,yahoo
2011-05-31,QQQ,58.36,51.09,yahoo
2011-06-01,QQQ,57.09,49.98,yahoo
2011-06-02,QQQ,57.21,50.08,yahoo
2011-06-03,QQQ,56.35,49.33,yahoo
2011-06-06,QQQ,55.89,48.93,yahoo
2011-06-07,QQQ,55.79,48.84,yahoo
2011-06-08,QQQ,55.39,48.49,yahoo
2011-06-09,QQQ,55.49,48.58,yahoo
2011-06-10,QQQ,54.64,47.83,yahoo
2011-06-13,QQQ,54.64,47.83,yahoo
2011-06-14,QQQ,55.34,48.44,yahoo
2011-06-15,QQQ,54.29,47.52,yahoo
2011-06-16,QQQ,54.08,47.34,yahoo
2011-06-17,QQQ,53.79,47.19,yahoo
2011-06-20,QQQ,54.07,47.44,yahoo
2011-06-21,QQQ,55.23,48.46,yahoo
2011-06-22,QQQ,54.83,48.10,yahoo
2011-06-23,QQQ,55.34,48.55,yahoo
2011-06-24,QQQ,54.38,47.71,yahoo
2011-06-27,QQQ,55.25,48.47,yahoo
2011-06-28,QQQ,56.07,49.19,yahoo
2011-06-29,QQQ,56.30,49.39,yahoo
2011-06-30,QQQ,57.05,50.05,yahoo
2011-07-01,QQQ,57.91,50.81,yahoo
2011-07-05,QQQ,58.20,51.06,yahoo
2011-07-06,QQQ,58.39,51.23,yahoo
2011-07-07,QQQ,59.19,51.93,yahoo
2011-07-08,QQQ,59.03,51.79,yahoo
2011-07-11,QQQ,57.96,50.85,yahoo
2011-07-12,QQQ,57.52,50.47,yahoo
2011-07-13,QQQ,57.76,50.68,yahoo
2011-07-14,QQQ,57.09,50.09,yahoo
2011-07-15,QQQ,57.85,50.75,yahoo
2011-07-18,QQQ,57.54,50.48,yahoo
2011-07-19,QQQ,58.85,51.63,yahoo
2011-07-20,QQQ,58.60,51.41,yahoo
2011-07-21,QQQ,58.99,51.75,yahoo
2011-07-22,QQQ,59.60,52.29,yahoo
2011-07-25,QQQ,59.48,52.18,yahoo
2011-07-26,QQQ,59.63,52.32,yahoo
2011-07-27,QQQ,58.09,50.97,yahoo
2011-07-28,QQQ,58.19,51.05,yahoo
2011-07-29,QQQ,58,50.89,yahoo
2011-08-01,QQQ,57.73,50.65,yahoo
2011-08-02,QQQ,56.27,49.37,yahoo
2011-08-03,QQQ,56.81,49.84,yahoo
2011-08-04,QQQ,54.17,47.53,yahoo
2011-08-05,QQQ,53.83,47.23,yahoo
2011-08-08,QQQ,50.59,44.38,yahoo
2011-08-09,QQQ,53.03,46.53,yahoo
2011-08-10,QQQ,50.86,44.62,yahoo
2011-08-11,QQQ,53.10,46.59,yahoo
2011-08-12,QQQ,53.57,47.00,yahoo
2011-08-15,QQQ,54.36,47.69,yahoo
2011-08-16,QQQ,53.90,47.29,yahoo
2011-08-17,QQQ,53.58,47.01,yahoo
2011-08-18,QQQ,50.95,44.70,yahoo
2011-08-19,QQQ,50.03,43.89,yahoo
2011-08-22,QQQ,50.21,44.05,yahoo
2011-08-23,QQQ,52.28,45.87,yahoo
2011-08-24,QQQ,52.69,46.23,yahoo
2011-08-25,QQQ,51.83,45.47,yahoo
2011-08-26,QQQ,53.13,46.61,yahoo
2011-08-29,QQQ,54.61,47.91,yahoo
2011-08-30,QQQ,54.97,48.23,yahoo
2011-08-31,QQQ,55.06,48.31,yahoo
2011-09-01,QQQ,54.56,47.87,yahoo
2011-09-02,QQQ,53.28,46.74,yahoo
2011-09-06,QQQ,53.29,46.75,yahoo
2011-09-07,QQQ,54.64,47.94,yahoo
2011-09-08,QQQ,54.39,47.72,yahoo
2011-09-09,QQQ,53.18,46.66,yahoo
2011-09-12,QQQ,53.86,47.25,yahoo
2011-09-13,QQQ,54.58,47.89,yahoo
2011-09-14,QQQ,55.36,48.57,yahoo
2011-09-15,QQQ,56.18,49.29,yahoo
2011-09-16,QQQ,56.59,49.74,yahoo
2011-09-19,QQQ,56.61,49.76,yahoo
2011-09-20,QQQ,56.36,49.54,yahoo
2011-09-21,QQQ,55.38,48.68,yahoo
2011-09-22,QQQ,53.58,47.10,yahoo
2011-09-23,QQQ,54.15,47.60,yahoo
2011-09-26,QQQ,54.78,48.15,yahoo
2011-09-27,QQQ,55.35,48.65,yahoo
2011-09-28,QQQ,54.53,47.93,yahoo
2011-09-29,QQQ,53.88,47.36,yahoo
2011-09-30,QQQ,52.49,46.14,yahoo
2011-10-03,QQQ,51.14,44.95,yahoo
2011-10-04,QQQ,52.19,45.87,yahoo
2011-10-05,QQQ,53.53,47.05,yahoo
2011-10-06,QQQ,54.43,47.84,yahoo
2011-10-07,QQQ,54.07,47.53,yahoo
2011-10-10,QQQ,55.94,49.17,yahoo
2011-10-11,QQQ,56.32,49.50,yahoo
2011-10-12,QQQ,56.60,49.75,yahoo
2011-10-13,QQQ,57.12,50.21,yahoo
2011-10-14,QQQ,58.18,51.14,yahoo
2011-10-17,QQQ,57.28,50.35,yahoo
2011-10-18,QQQ,57.99,50.97,yahoo
2011-10-19,QQQ,56.87,49.99,yahoo
2011-10-20,QQQ,56.59,49.74,yahoo
2011-10-21,QQQ,57.30,50.37,yahoo
2011-10-24,QQQ,58.49,51.41,yahoo
2011-10-25,QQQ,57.34,50.40,yahoo
2011-10-26,QQQ,57.27,50.34,yahoo
2011-10-27,QQQ,58.85,51.73,yahoo
2011-10-28,QQQ,58.94,51.81,yahoo
2011-10-31,QQQ,57.95,50.94,yahoo
2011-11-01,QQQ,56.44,49.61,yahoo
2011-11-02,QQQ,56.92,50.03,yahoo
2011-11-03,QQQ,58.10,51.07,yahoo
2011-11-04,QQQ,57.80,50.80,yahoo
2011-11-07,QQQ,58.21,51.17,yahoo
2011-11-08,QQQ,58.88,51.75,yahoo
2011-11-09,QQQ,56.81,49.93,yahoo
2011-11-10,QQQ,56.78,49.91,yahoo
2011-11-11,QQQ,57.85,50.85,yahoo
2011-11-14,QQQ,57.49,50.53,yahoo
2011-11-15,QQQ,58.13,51.09,yahoo
2011-11-16,QQQ,57.17,50.25,yahoo
2011-11-17,QQQ,55.83,49.07,yahoo
2011-11-18,QQQ,55.40,48.70,yahoo
2011-11-21,QQQ,54.34,47.76,yahoo
2011-11-22,QQQ,54.52,47.92,yahoo
2011-11-23,QQQ,53.29,46.84,yahoo
2011-11-25,QQQ,52.88,46.48,yahoo
2011-11-28,QQQ,54.72,48.10,yahoo
2011-11-29,QQQ,54.38,47.80,yahoo
2011-11-30,QQQ,56.39,49.57,yahoo
2011-12-01,QQQ,56.78,49.91,yahoo
2011-12-02,QQQ,56.62,49.77,yahoo
2011-12-05,QQQ,57.24,50.31,yahoo
2011-12-06,QQQ,57.08,50.17,yahoo
2011-12-07,QQQ,57.08,50.17,yahoo
2011-12-08,QQQ,56.12,49.33,yahoo
2011-12-09,QQQ,57.02,50.12,yahoo
2011-12-12,QQQ,56.38,49.56,yahoo
2011-12-13,QQQ,55.76,49.01,yahoo
2011-12-14,QQQ,54.89,48.25,yahoo
2011-12-15,QQQ,54.74,48.12,yahoo
2011-12-16,QQQ,54.86,48.36,yahoo
2011-12-19,QQQ,54.32,47.89,yahoo
2011-12-20,QQQ,55.93,49.31,yahoo
2011-12-21,QQQ,55.13,48.60,yahoo
2011-12-22,QQQ,55.60,49.02,yahoo
2011-12-23,QQQ,56.08,49.44,yahoo
2011-12-27,QQQ,56.24,49.62,yahoo
2011-12-28,QQQ,55.59,49.05,yahoo
2011-12-29,QQQ,55.99,49.40,yahoo
2011-12-30,QQQ,55.83,49.26,yahoo
2012-01-03,QQQ,56.90,50.20,yahoo
2012-01-04,QQQ,57.14,50.42,yahoo
2012-01-05,QQQ,57.61,50.83,yahoo
2012-01-06,QQQ,57.81,51.01,yahoo
2012-01-09,QQQ,57.62,50.84,yahoo
2012-01-10,QQQ,58.04,51.21,yahoo
2012-01-11,QQQ,58.16,51.32,yahoo
2012-01-12,QQQ,58.39,51.52,yahoo
2012-01-13,QQQ,58.18,51.33,yahoo
2012-01-17,QQQ,58.71,51.80,yahoo
2012-01-18,QQQ,59.49,52.49,yahoo
2012-01-19,QQQ,59.86,52.82,yahoo
2012-01-20,QQQ,59.77,52.74,yahoo
2012-01-23,QQQ,59.79,52.76,yahoo
2012-01-24,QQQ,59.68,52.66,yahoo
2012-01-25,QQQ,60.43,53.32,yahoo
2012-01-26,QQQ,60.22,53.13,yahoo
2012-01-27,QQQ,60.40,53.29,yahoo
2012-01-30,QQQ,60.45,53.34,yahoo
2012-01-31,QQQ,60.53,53.41,yahoo
2012-02-01,QQQ,61.02,53.84,yahoo
2012-02-02,QQQ,61.21,54.01,yahoo
2012-02-03,QQQ,62.05,54.75,yahoo
2012-02-06,QQQ,62,54.70,yahoo
2012-02-07,QQQ,62.13,54.82,yahoo
2012-02-08,QQQ,62.46,55.11,yahoo
2012-02-09,QQQ,62.91,55.51,yahoo
2012-02-10,QQQ,62.47,55.12,yahoo
2012-02-13,QQQ,63.05,55.63,yahoo
2012-02-14,QQQ,63.21,55.77,yahoo
2012-02-15,QQQ,62.77,55.38,yahoo
2012-02-16,QQQ,63.63,56.14,yahoo
2012-02-17,QQQ,63.43,55.97,yahoo
2012-02-21,QQQ,63.61,56.13,yahoo
2012-02-22,QQQ,63.32,55.87,yahoo
2012-02-23,QQQ,63.74,56.24,yahoo
2012-02-24,QQQ,63.96,56.43,yahoo
2012-02-27,QQQ,64.05,56.51,yahoo
2012-02-28,QQQ,64.70,57.09,yahoo
2012-02-29,QQQ,64.41,56.83,yahoo
2012-03-01,QQQ,64.92,57.28,yahoo
2012-03-02,QQQ,64.87,57.24,yahoo
2012-03-05,QQQ,64.20,56.65,yahoo
2012-03-06,QQQ,63.57,56.09,yahoo
2012-03-07,QQQ,64.06,56.52,yahoo
2012-03-08,QQQ,64.75,57.13,yahoo
2012-03-09,QQQ,65.02,57.37,yahoo
2012-03-12,QQQ,65.05,57.40,yahoo
2012-03-13,QQQ,66.26,58.46,yahoo
2012-03-14,QQQ,66.49,58.67,yahoo
2012-03-15,QQQ,66.68,58.83,yahoo
2012-03-16,QQQ,66.52,58.79,yahoo
2012-03-19,QQQ,66.99,59.21,yahoo
2012-03-20,QQQ,67.11,59.31,yahoo
2012-03-21,QQQ,67.12,59.32,yahoo
2012-03-22,QQQ,66.98,59.20,yahoo
2012-03-23,QQQ,66.94,59.16,yahoo
2012-03-26,QQQ,68.11,60.20,yahoo
2012-03-27,QQQ,68.21,60.29,yahoo
2012-03-28,QQQ,67.94,60.05,yahoo
2012-03-29,QQQ,67.68,59.82,yahoo
2012-03-30,QQQ,67.55,59.70,yahoo
2012-04-02,QQQ,68.25,60.32,yahoo
2012-04-03,QQQ,68.23,60.30,yahoo
2012-04-04,QQQ,67.30,59.48,yahoo
2012-04-05,QQQ,67.72,59.85,yahoo
2012-04-09,QQQ,67.21,59.40,yahoo
2012-04-10,QQQ,66.13,58.45,yahoo
2012-04-11,QQQ,66.45,58.73,yahoo
2012-04-12,QQQ,67.21,59.40,yahoo
2012-04-13,QQQ,66.19,58.50,yahoo
2012-04-16,QQQ,65.45,57.85,yahoo
2012-04-17,QQQ,66.78,59.02,yahoo
2012-04-18,QQQ,66.61,58.87,yahoo
2012-04-19,QQQ,65.86,58.21,yahoo
2012-04-20,QQQ,65.68,58.05,yahoo
2012-04-23,QQQ,65.08,57.52,yahoo
2012-04-24,QQQ,64.73,57.21,yahoo
2012-04-25,QQQ,66.45,58.73,yahoo
2012-04-26,QQQ,66.84,59.08,yahoo
2012-04-27,QQQ,67.24,59.43,yahoo
2012-04-30,QQQ,66.76,59.00,yahoo
2012-05-01,QQQ,66.87,59.10,yahoo
2012-05-02,QQQ,67.06,59.27,yahoo
2012-05-03,QQQ,66.35,58.64,yahoo
2012-05-04,QQQ,64.70,57.18,yahoo
2012-05-07,QQQ,64.76,57.24,yahoo
2012-05-08,QQQ,64.52,57.03,yahoo
2012-05-09,QQQ,64.32,56.85,yahoo
2012-05-10,QQQ,64.19,56.73,yahoo
2012-05-11,QQQ,64.18,56.72,yahoo
2012-05-14,QQQ,63.58,56.19,yahoo
2012-05-15,QQQ,63.37,56.01,yahoo
2012-05-16,QQQ,62.94,55.63,yahoo
2012-05-17,QQQ,61.61,54.45,yahoo
2012-05-18,QQQ,60.81,53.75,yahoo
2012-05-21,QQQ,62.51,55.25,yahoo
2012-05-22,QQQ,62.44,55.19,yahoo
2012-05-23,QQQ,62.56,55.29,yahoo
2012-05-24,QQQ,62.15,54.93,yahoo
2012-05-25,QQQ,62.07,54.86,yahoo
2012-05-29,QQQ,62.86,55.56,yahoo
2012-05-30,QQQ,62.33,55.09,yahoo
2012-05-31,QQQ,62.06,54.85,yahoo
2012-06-01,QQQ,60.41,53.39,yahoo
2012-06-04,QQQ,60.87,53.80,yahoo
2012-06-05,QQQ,61.12,54.02,yahoo
2012-06-06,QQQ,62.52,55.26,yahoo
2012-06-07,QQQ,62.27,55.04,yahoo
2012-06-08,QQQ,62.87,55.57,yahoo
2012-06-11,QQQ,61.81,54.63,yahoo
2012-06-12,QQQ,62.56,55.29,yahoo
2012-06-13,QQQ,62.13,54.91,yahoo
2012-06-14,QQQ,62.36,55.12,yahoo
2012-06-15,QQQ,62.99,55.80,yahoo
2012-06-18,QQQ,63.58,56.32,yahoo
2012-06-19,QQQ,64.24,56.91,yahoo
2012-06-20,QQQ,64.29,56.95,yahoo
2012-06-21,QQQ,62.69,55.53,yahoo
2012-06-22,QQQ,63.35,56.12,yahoo
2012-06-25,QQQ,62.13,55.04,yahoo
2012-06-26,QQQ,62.52,55.38,yahoo
2012-06-27,QQQ,62.90,55.72,yahoo
2012-06-28,QQQ,62.20,55.10,yahoo
2012-06-29,QQQ,64.16,56.84,yahoo
2012-07-02,QQQ,64.35,57.01,yahoo
2012-07-03,QQQ,64.89,57.48,yahoo
2012-07-05,QQQ,64.93,57.52,yahoo
2012-07-06,QQQ,64.12,56.80,yahoo
2012-07-09,QQQ,64,56.70,yahoo
2012-07-10,QQQ,63.37,56.14,yahoo
2012-07-11,QQQ,63.02,55.83,yahoo
2012-07-12,QQQ,62.43,55.30,yahoo
2012-07-13,QQQ,63.38,56.15,yahoo
2012-07-16,QQQ,63.20,55.99,yahoo
2012-07-17,QQQ,63.53,56.28,yahoo
2012-07-18,QQQ,64.39,57.04,yahoo
2012-07-19,QQQ,65.10,57.67,yahoo
2012-07-20,QQQ,64.24,56.91,yahoo
2012-07-23,QQQ,63.46,56.22,yahoo
2012-07-24,QQQ,62.96,55.77,yahoo
2012-07-25,QQQ,62.54,55.40,yahoo
2012-07-26,QQQ,63.37,56.14,yahoo
2012-07-27,QQQ,64.87,57.47,yahoo
2012-07-30,QQQ,64.82,57.42,yahoo
2012-07-31,QQQ,64.80,57.40,yahoo
2012-08-01,QQQ,64.61,57.24,yahoo
2012-08-02,QQQ,64.38,57.03,yahoo
2012-08-03,QQQ,65.60,58.11,yahoo
2012-08-06,QQQ,66.10,58.56,yahoo
2012-08-07,QQQ,66.65,59.04,yahoo
2012-08-08,QQQ,66.62,59.02,yahoo
2012-08-09,QQQ,66.82,59.19,yahoo
2012-08-10,QQQ,66.86,59.23,yahoo
2012-08-13,QQQ,67.02,59.37,yahoo
2012-08-14,QQQ,67.05,59.40,yahoo
2012-08-15,QQQ,67.22,59.55,yahoo
2012-08-16,QQQ,68.02,60.26,yahoo
2012-08-17,QQQ,68.32,60.52,yahoo
2012-08-20,QQQ,68.42,60.61,yahoo
2012-08-21,QQQ,68.15,60.37,yahoo
2012-08-22,QQQ,68.43,60.62,yahoo
2012-08-23,QQQ,67.87,60.12,yahoo
2012-08-24,QQQ,68.29,60.50,yahoo
2012-08-27,QQQ,68.40,60.59,yahoo
2012-08-28,QQQ,68.40,60.59,yahoo
2012-08-29,QQQ,68.40,60.59,yahoo
2012-08-30,QQQ,67.71,59.98,yahoo
2012-08-31,QQQ,68.16,60.38,yahoo
2012-09-04,QQQ,68.09,60.32,yahoo
2012-09-05,QQQ,68.02,60.26,yahoo
2012-09-06,QQQ,69.53,61.59,yahoo
2012-09-07,QQQ,69.43,61.51,yahoo
2012-09-10,QQQ,68.54,60.72,yahoo
2012-09-11,QQQ,68.43,60.62,yahoo
2012-09-12,QQQ,68.63,60.80,yahoo
2012-09-13,QQQ,69.56,61.62,yahoo
2012-09-14,QQQ,70.18,62.17,yahoo
2012-09-17,QQQ,70.21,62.20,yahoo
2012-09-18,QQQ,70.27,62.25,yahoo
2012-09-19,QQQ,70.40,62.37,yahoo
2012-09-20,QQQ,70.33,62.30,yahoo
2012-09-21,QQQ,70.15,62.32,yahoo
2012-09-24,QQQ,69.74,61.96,yahoo
2012-09-25,QQQ,68.76,61.09,yahoo
2012-09-26,QQQ,68.20,60.59,yahoo
2012-09-27,QQQ,69.14,61.42,yahoo
2012-09-28,QQQ,68.57,60.92,yahoo
2012-10-01,QQQ,68.47,60.83,yahoo
2012-10-02,QQQ,68.67,61.01,yahoo
2012-10-03,QQQ,69.11,61.40,yahoo
2012-10-04,QQQ,69.35,61.61,yahoo
2012-10-05,QQQ,68.98,61.28,yahoo
2012-10-08,QQQ,68.35,60.72,yahoo
2012-10-09,QQQ,67.26,59.75,yahoo
2012-10-10,QQQ,66.92,59.45,yahoo
2012-10-11,QQQ,66.71,59.26,yahoo
2012-10-12,QQQ,66.68,59.24,yahoo
2012-10-15,QQQ,67.17,59.67,yahoo
2012-10-16,QQQ,68.12,60.52,yahoo
2012-10-17,QQQ,68.08,60.48,yahoo
2012-10-18,QQQ,67.29,59.78,yahoo
2012-10-19,QQQ,65.68,58.35,yahoo
2012-10-22,QQQ,66.02,58.65,yahoo
2012-10-23,QQQ,65.39,58.09,yahoo
2012-10-24,QQQ,65.16,57.89,yahoo
2012-10-25,QQQ,65.16,57.89,yahoo
2012-10-26,QQQ,65.35,58.06,yahoo
2012-10-31,QQQ,64.95,57.70,yahoo
2012-11-01,QQQ,65.87,58.52,yahoo
2012-11-02,QQQ,65.17,57.90,yahoo
2012-11-05,QQQ,65.60,58.28,yahoo
2012-11-06,QQQ,65.72,58.39,yahoo
2012-11-07,QQQ,64.17,57.01,yahoo
2012-11-08,QQQ,63.16,56.11,yahoo
2012-11-09,QQQ,63.43,56.35,yahoo
2012-11-12,QQQ,63.42,56.34,yahoo
2012-11-13,QQQ,62.98,55.95,yahoo
2012-11-14,QQQ,62.24,55.29,yahoo
2012-11-15,QQQ,62.03,55.11,yahoo
2012-11-16,QQQ,62.30,55.35,yahoo
2012-11-19,QQQ,63.78,56.66,yahoo
2012-11-20,QQQ,63.80,56.68,yahoo
2012-11-21,QQQ,63.93,56.80,yahoo
2012-11-23,QQQ,64.90,57.66,yahoo
2012-11-26,QQQ,65.18,57.91,yahoo
2012-11-27,QQQ,64.96,57.71,yahoo
2012-11-28,QQQ,65.52,58.21,yahoo
2012-11-29,QQQ,65.91,58.55,yahoo
2012-11-30,QQQ,65.80,58.46,yahoo
2012-12-03,QQQ,65.67,58.34,yahoo
2012-12-04,QQQ,65.63,58.31,yahoo
2012-12-05,QQQ,64.90,57.66,yahoo
2012-12-06,QQQ,65.32,58.03,yahoo
2012-12-07,QQQ,64.93,57.68,yahoo
2012-12-10,QQQ,65.12,57.85,yahoo
2012-12-11,QQQ,65.97,58.61,yahoo
2012-12-12,QQQ,65.83,58.48,yahoo
2012-12-13,QQQ,65.31,58.02,yahoo
2012-12-14,QQQ,64.69,57.47,yahoo
2012-12-17,QQQ,65.55,58.23,yahoo
2012-12-18,QQQ,66.55,59.12,yahoo
2012-12-19,QQQ,66.26,58.86,yahoo
2012-12-20,QQQ,66.26,58.86,yahoo
2012-12-21,QQQ,65.20,58.25,yahoo
2012-12-24,QQQ,65.07,58.13,yahoo
2012-12-26,QQQ,64.50,57.62,yahoo
2012-12-27,QQQ,64.40,57.53,yahoo
2012-12-28,QQQ,63.78,56.98,yahoo
2012-12-31,QQQ,65.13,58.18,yahoo
2013-01-02,QQQ,67.20,60.03,yahoo
2013-01-03,QQQ,66.85,59.72,yahoo
2013-01-04,QQQ,66.63,59.52,yahoo
2013-01-07,QQQ,66.65,59.54,yahoo
2013-01-08,QQQ,66.52,59.43,yahoo
2013-01-09,QQQ,66.77,59.65,yahoo
2013-01-10,QQQ,67.17,60.01,yahoo
2013-01-11,QQQ,67.26,60.09,yahoo
2013-01-14,QQQ,66.96,59.82,yahoo
2013-01-15,QQQ,66.63,59.52,yahoo
2013-01-16,QQQ,66.90,59.76,yahoo
2013-01-17,QQQ,67.22,60.05,yahoo
2013-01-18,QQQ,67.07,59.92,yahoo
2013-01-22,QQQ,67.18,60.01,yahoo
2013-01-23,QQQ,67.59,60.38,yahoo
2013-01-24,QQQ,66.66,59.55,yahoo
2013-01-25,QQQ,67,59.85,yahoo
2013-01-28,QQQ,67.15,59.99,yahoo
2013-01-29,QQQ,67.16,60.00,yahoo
2013-01-30,QQQ,67.02,59.87,yahoo
2013-01-31,QQQ,66.87,59.74,yahoo
2013-02-01,QQQ,67.66,60.44,yahoo
2013-02-04,QQQ,66.48,59.39,yahoo
2013-02-05,QQQ,67.46,60.26,yahoo
2013-02-06,QQQ,67.24,60.07,yahoo
2013-02-07,QQQ,67.30,60.12,yahoo
2013-02-08,QQQ,67.99,60.74,yahoo
2013-02-11,QQQ,68.01,60.76,yahoo
2013-02-12,QQQ,67.73,60.51,yahoo
2013-02-13,QQQ,67.97,60.72,yahoo
2013-02-14,QQQ,67.95,60.70,yahoo
2013-02-15,QQQ,67.75,60.52,yahoo
2013-02-19,QQQ,68.24,60.96,yahoo
2013-02-20,QQQ,67.19,60.02,yahoo
2013-02-21,QQQ,66.47,59.38,yahoo
2013-02-22,QQQ,67.14,59.98,yahoo
2013-02-25,QQQ,66.31,59.24,yahoo
2013-02-26,QQQ,66.56,59.46,yahoo
2013-02-27,QQQ,67.24,60.07,yahoo
2013-02-28,QQQ,67.10,59.94,yahoo
2013-03-01,QQQ,67.38,60.19,yahoo
2013-03-04,QQQ,67.68,60.46,yahoo
2013-03-05,QQQ,68.68,61.35,yahoo
2013-03-06,QQQ,68.51,61.20,yahoo
2013-03-07,QQQ,68.69,61.36,yahoo
2013-03-08,QQQ,68.77,61.44,yahoo
2013-03-11,QQQ,68.97,61.61,yahoo
2013-03-12,QQQ,68.72,61.39,yahoo
2013-03-13,QQQ,68.63,61.31,yahoo
2013-03-14,QQQ,68.86,61.52,yahoo
2013-03-15,QQQ,68.51,61.34,yahoo
2013-03-18,QQQ,68.36,61.21,yahoo
2013-03-19,QQQ,68.23,61.09,yahoo
2013-03-20,QQQ,68.71,61.52,yahoo
2013-03-21,QQQ,67.93,60.83,yahoo
2013-03-22,QQQ,68.59,61.42,yahoo
2013-03-25,QQQ,68.34,61.19,yahoo
2013-03-26,QQQ,68.71,61.52,yahoo
2013-03-27,QQQ,68.80,61.60,yahoo
2013-03-28,QQQ,68.97,61.76,yahoo
2013-04-01,QQQ,68.50,61.34,yahoo
2013-04-02,QQQ,69.04,61.82,yahoo
2013-04-03,QQQ,68.41,61.25,yahoo
2013-04-04,QQQ,68.43,61.27,yahoo
2013-04-05,QQQ,67.86,60.76,yahoo
2013-04-08,QQQ,68.22,61.08,yahoo
2013-04-09,QQQ,68.68,61.50,yahoo
2013-04-10,QQQ,70.02,62.70,yahoo
2013-04-11,QQQ,69.99,62.67,yahoo
2013-04-12,QQQ,69.94,62.62,yahoo
2013-04-15,QQQ,68.56,61.39,yahoo
2013-04-16,QQQ,69.47,62.20,yahoo
2013-04-17,QQQ,68.11,60.99,yahoo
2013-04-18,QQQ,67.17,60.14,yahoo
2013-04-19,QQQ,68.09,60.97,yahoo
2013-04-22,QQQ,68.79,61.60,yahoo
2013-04-23,QQQ,69.45,62.19,yahoo
2013-04-24,QQQ,69.42,62.16,yahoo
2013-04-25,QQQ,69.79,62.49,yahoo
2013-04-26,QQQ,69.57,62.29,yahoo
2013-04-29,QQQ,70.21,62.87,yahoo
2013-04-30,QQQ,70.72,63.32,yahoo
2013-05-01,QQQ,70.39,63.03,yahoo
2013-05-02,QQQ,71.28,63.82,yahoo
2013-05-03,QQQ,72.12,64.58,yahoo
2013-05-06,QQQ,72.40,64.83,yahoo
2013-05-07,QQQ,72.36,64.79,yahoo
2013-05-08,QQQ,72.71,65.11,yahoo
2013-05-09,QQQ,72.61,65.02,yahoo
2013-05-10,QQQ,73.05,65.41,yahoo
2013-05-13,QQQ,73.14,65.49,yahoo
2013-05-14,QQQ,73.52,65.83,yahoo
2013-05-15,QQQ,73.67,65.96,yahoo
2013-05-16,QQQ,73.59,65.89,yahoo
2013-05-17,QQQ,74.30,66.53,yahoo
2013-05-20,QQQ,74.19,66.43,yahoo
2013-05-21,QQQ,74.27,66.50,yahoo
2013-05-22,QQQ,73.62,65.92,yahoo
2013-05-23,QQQ,73.45,65.77,yahoo
2013-05-24,QQQ,73.41,65.73,yahoo
2013-05-28,QQQ,73.89,66.16,yahoo
2013-05-29,QQQ,73.54,65.85,yahoo
2013-05-30,QQQ,73.93,66.20,yahoo
2013-05-31,QQQ,73.25,65.59,yahoo
2013-06-03,QQQ,73.38,65.71,yahoo
2013-06-04,QQQ,73,65.36,yahoo
2013-06-05,QQQ,72.05,64.51,yahoo
2013-06-06,QQQ,72.40,64.83,yahoo
2013-06-07,QQQ,73.39,65.71,yahoo
2013-06-10,QQQ,73.42,65.74,yahoo
2013-06-11,QQQ,72.69,65.09,yahoo
2013-06-12,QQQ,71.85,64.34,yahoo
2013-06-13,QQQ,72.76,65.15,yahoo
2013-06-14,QQQ,72.28,64.72,yahoo
2013-06-17,QQQ,72.98,65.35,yahoo
2013-06-18,QQQ,73.58,65.88,yahoo
2013-06-19,QQQ,72.76,65.15,yahoo
2013-06-20,QQQ,71.03,63.60,yahoo
2013-06-21,QQQ,70.43,63.26,yahoo
2013-06-24,QQQ,69.73,62.63,yahoo
2013-06-25,QQQ,70.24,63.09,yahoo
2013-06-26,QQQ,70.87,63.66,yahoo
2013-06-27,QQQ,71.17,63.93,yahoo
2013-06-28,QQQ,71.27,64.02,yahoo
2013-07-01,QQQ,71.71,64.41,yahoo
2013-07-02,QQQ,71.74,64.44,yahoo
2013-07-03,QQQ,72.03,64.70,yahoo
2013-07-05,QQQ,72.58,65.19,yahoo
2013-07-08,QQQ,72.65,65.26,yahoo
2013-07-09,QQQ,73.09,65.65,yahoo
2013-07-10,QQQ,73.51,66.03,yahoo
2013-07-11,QQQ,74.97,67.34,yahoo
2013-07-12,QQQ,75.30,67.64,yahoo
2013-07-15,QQQ,75.47,67.79,yahoo
2013-07-16,QQQ,75.37,67.70,yahoo
2013-07-17,QQQ,75.56,67.87,yahoo
2013-07-18,QQQ,75.37,67.70,yahoo
2013-07-19,QQQ,74.59,67.00,yahoo
2013-07-22,QQQ,74.81,67.20,yahoo
2013-07-23,QQQ,74.26,66.70,yahoo
2013-07-24,QQQ,74.50,66.92,yahoo
2013-07-25,QQQ,74.97,67.34,yahoo
2013-07-26,QQQ,75.37,67.70,yahoo
2013-07-29,QQQ,75.23,67.57,yahoo
2013-07-30,QQQ,75.63,67.93,yahoo
2013-07-31,QQQ,75.77,68.06,yahoo
2013-08-01,QQQ,76.54,68.75,yahoo
2013-08-02,QQQ,76.97,69.14,yahoo
2013-08-05,QQQ,77.02,69.18,yahoo
2013-08-06,QQQ,76.56,68.77,yahoo
2013-08-07,QQQ,76.42,68.64,yahoo
2013-08-08,QQQ,76.80,68.98,yahoo
2013-08-09,QQQ,76.49,68.71,yahoo
2013-08-12,QQQ,76.67,68.87,yahoo
2013-08-13,QQQ,77.10,69.25,yahoo
2013-08-14,QQQ,76.81,68.99,yahoo
2013-08-15,QQQ,75.51,67.83,yahoo
2013-08-16,QQQ,75.48,67.80,yahoo
2013-08-19,QQQ,75.35,67.68,yahoo
2013-08-20,QQQ,75.68,67.98,yahoo
2013-08-21,QQQ,75.42,67.75,yahoo
2013-08-22,QQQ,76.16,68.41,yahoo
2013-08-23,QQQ,76.67,68.87,yahoo
2013-08-26,QQQ,76.71,68.90,yahoo
2013-08-27,QQQ,75.14,67.49,yahoo
2013-08-28,QQQ,75.43,67.75,yahoo
2013-08-29,QQQ,75.96,68.23,yahoo
2013-08-30,QQQ,75.47,67.79,yahoo
2013-09-03,QQQ,75.90,68.18,yahoo
2013-09-04,QQQ,76.71,68.90,yahoo
2013-09-05,QQQ,76.84,69.02,yahoo
2013-09-06,QQQ,76.93,69.10,yahoo
2013-09-09,QQQ,77.83,69.91,yahoo
2013-09-10,QQQ,78.21,70.25,yahoo
2013-09-11,QQQ,78.06,70.12,yahoo
2013-09-12,QQQ,78.01,70.07,yahoo
2013-09-13,QQQ,78.06,70.12,yahoo
2013-09-16,QQQ,77.85,69.93,yahoo
2013-09-17,QQQ,78.37,70.40,yahoo
2013-09-18,QQQ,79.31,71.24,yahoo
2013-09-19,QQQ,79.50,71.41,yahoo
2013-09-20,QQQ,78.99,71.17,yahoo
2013-09-23,QQQ,78.83,71.02,yahoo
2013-09-24,QQQ,78.83,71.02,yahoo
2013-09-25,QQQ,78.56,70.78,yahoo
2013-09-26,QQQ,79.17,71.33,yahoo
2013-09-27,QQQ,79.07,71.24,yahoo
2013-09-30,QQQ,78.88,71.07,yahoo
2013-10-01,QQQ,79.68,71.79,yahoo
2013-10-02,QQQ,79.65,71.76,yahoo
2013-10-03,QQQ,78.72,70.92,yahoo
2013-10-04,QQQ,79.40,71.53,yahoo
2013-10-07,QQQ,78.74,70.94,yahoo
2013-10-08,QQQ,77.22,69.57,yahoo
2013-10-09,QQQ,76.98,69.35,yahoo
2013-10-10,QQQ,78.61,70.82,yahoo
2013-10-11,QQQ,79.23,71.38,yahoo
2013-10-14,QQQ,79.79,71.89,yahoo
2013-10-15,QQQ,79.48,71.61,yahoo
2013-10-16,QQQ,80.38,72.42,yahoo
2013-10-17,QQQ,80.84,72.83,yahoo
2013-10-18,QQQ,82.15,74.01,yahoo
2013-10-21,QQQ,82.33,74.17,yahoo
2013-10-22,QQQ,82.45,74.28,yahoo
2013-10-23,QQQ,81.95,73.83,yahoo
2013-10-24,QQQ,82.31,74.16,yahoo
2013-10-25,QQQ,82.90,74.69,yahoo
2013-10-28,QQQ,82.92,74.71,yahoo
2013-10-29,QQQ,83.06,74.83,yahoo
2013-10-30,QQQ,82.98,74.76,yahoo
2013-10-31,QQQ,82.79,74.59,yahoo
2013-11-01,QQQ,82.81,74.61,yahoo
2013-11-04,QQQ,82.93,74.71,yahoo
2013-11-05,QQQ,83.02,74.80,yahoo
2013-11-06,QQQ,83,74.78,yahoo
2013-11-07,QQQ,81.44,73.37,yahoo
2013-11-08,QQQ,82.54,74.36,yahoo
2013-11-11,QQQ,82.41,74.25,yahoo
2013-11-12,QQQ,82.54,74.36,yahoo
2013-11-13,QQQ,83.54,75.26,yahoo
2013-11-14,QQQ,83.80,75.50,yahoo
2013-11-15,QQQ,83.96,75.64,yahoo
2013-11-18,QQQ,83.14,74.90,yahoo
2013-11-19,QQQ,82.90,74.69,yahoo
2013-11-20,QQQ,82.70,74.51,yahoo
2013-11-21,QQQ,83.54,75.26,yahoo
2013-11-22,QQQ,83.99,75.67,yahoo
2013-11-25,QQQ,84.19,75.85,yahoo
2013-11-26,QQQ,84.63,76.25,yahoo
2013-11-27,QQQ,85.22,76.78,yahoo
2013-11-29,QQQ,85.73,77.24,yahoo
2013-12-02,QQQ,85.48,77.01,yahoo
2013-12-03,QQQ,85.41,76.95,yahoo
2013-12-04,QQQ,85.49,77.02,yahoo
2013-12-05,QQQ,85.38,76.92,yahoo
2013-12-06,QQQ,86,77.48,yahoo
2013-12-09,QQQ,86.35,77.80,yahoo
2013-12-10,QQQ,86.29,77.74,yahoo
2013-12-11,QQQ,85.18,76.74,yahoo
2013-12-12,QQQ,84.96,76.54,yahoo
2013-12-13,QQQ,84.85,76.44,yahoo
2013-12-16,QQQ,85.32,76.87,yahoo
2013-12-17,QQQ,85.15,76.71,yahoo
2013-12-18,QQQ,86.14,77.61,yahoo
2013-12-19,QQQ,85.90,77.39,yahoo
2013-12-20,QQQ,86.50,78.18,yahoo
2013-12-23,QQQ,87.41,79.00,yahoo
2013-12-24,QQQ,87.45,79.04,yahoo
2013-12-26,QQQ,87.74,79.30,yahoo
2013-12-27,QQQ,87.52,79.10,yahoo
2013-12-30,QQQ,87.39,78.98,yahoo
2013-12-31,QQQ,87.96,79.50,yahoo
2014-01-02,QQQ,87.27,78.87,yahoo
2014-01-03,QQQ,86.64,78.31,yahoo
2014-01-06,QQQ,86.32,78.02,yahoo
2014-01-07,QQQ,87.12,78.74,yahoo
2014-01-08,QQQ,87.31,78.91,yahoo
2014-01-09,QQQ,87.02,78.65,yahoo
2014-01-10,QQQ,87.30,78.90,yahoo
2014-01-13,QQQ,86.01,77.74,yahoo
2014-01-14,QQQ,87.65,79.22,yahoo
2014-01-15,QQQ,88.37,79.87,yahoo
2014-01-16,QQQ,88.38,79.88,yahoo
2014-01-17,QQQ,87.88,79.43,yahoo
2014-01-21,QQQ,88.55,80.03,yahoo
2014-01-22,QQQ,88.78,80.24,yahoo
2014-01-23,QQQ,88.48,79.97,yahoo
2014-01-24,QQQ,86.74,78.40,yahoo
2014-01-27,QQQ,85.90,77.64,yahoo
2014-01-28,QQQ,85.85,77.59,yahoo
2014-01-29,QQQ,84.93,76.76,yahoo
2014-01-30,QQQ,86.50,78.18,yahoo
2014-01-31,QQQ,86.27,77.97,yahoo
2014-02-03,QQQ,84.29,76.18,yahoo
2014-02-04,QQQ,84.91,76.74,yahoo
2014-02-05,QQQ,84.69,76.54,yahoo
2014-02-06,QQQ,85.77,77.52,yahoo
2014-02-07,QQQ,87.30,78.90,yahoo
2014-02-10,QQQ,87.80,79.35,yahoo
2014-02-11,QQQ,88.80,80.26,yahoo
2014-02-12,QQQ,88.97,80.41,yahoo
2014-02-13,QQQ,89.63,81.01,yahoo
2014-02-14,QQQ,89.81,81.17,yahoo
2014-02-18,QQQ,90.25,81.57,yahoo
2014-02-19,QQQ,89.63,81.01,yahoo
2014-02-20,QQQ,90.05,81.39,yahoo
2014-02-21,QQQ,89.93,81.28,yahoo
2014-02-24,QQQ,90.41,81.71,yahoo
2014-02-25,QQQ,90.31,81.62,yahoo
2014-02-26,QQQ,90.23,81.55,yahoo
2014-02-27,QQQ,90.44,82.08,yahoo
2014-02-28,QQQ,90.34,81.99,yahoo
2014-03-03,QQQ,89.67,81.38,yahoo
2014-03-04,QQQ,90.81,82.41,yahoo
2014-03-05,QQQ,91.06,82.64,yahoo
2014-03-06,QQQ,90.98,82.57,yahoo
2014-03-07,QQQ,90.53,82.16,yahoo
2014-03-10,QQQ,90.61,82.23,yahoo
2014-03-11,QQQ,90.22,81.88,yahoo
2014-03-12,QQQ,90.56,82.19,yahoo
2014-03-13,QQQ,89.28,81.03,yahoo
2014-03-14,QQQ,88.67,80.47,yahoo
2014-03-17,QQQ,89.45,81.18,yahoo
2014-03-18,QQQ,90.53,82.16,yahoo
2014-03-19,QQQ,90.04,81.72,yahoo
2014-03-20,QQQ,90.29,81.94,yahoo
2014-03-21,QQQ,89,80.96,yahoo
2014-03-24,QQQ,88.22,80.25,yahoo
2014-03-25,QQQ,88.51,80.51,yahoo
2014-03-26,QQQ,87.37,79.47,yahoo
2014-03-27,QQQ,86.88,79.03,yahoo
2014-03-28,QQQ,87.05,79.18,yahoo
2014-03-31,QQQ,87.67,79.75,yahoo
2014-04-01,QQQ,89.21,81.15,yahoo
2014-04-02,QQQ,89.44,81.36,yahoo
2014-04-03,QQQ,88.73,80.71,yahoo
2014-04-04,QQQ,86.37,78.56,yahoo
2014-04-07,QQQ,85.55,77.82,yahoo
2014-04-08,QQQ,86.34,78.54,yahoo
2014-04-09,QQQ,87.82,79.88,yahoo
2014-04-10,QQQ,85.10,77.41,yahoo
2014-04-11,QQQ,84.11,76.51,yahoo
2014-04-14,QQQ,84.77,77.11,yahoo
2014-04-15,QQQ,85.05,77.36,yahoo
2014-04-16,QQQ,86.18,78.39,yahoo
2014-04-17,QQQ,86.20,78.41,yahoo
2014-04-21,QQQ,86.84,78.99,yahoo
2014-04-22,QQQ,87.53,79.62,yahoo
2014-04-23,QQQ,86.76,78.92,yahoo
2014-04-24,QQQ,87.59,79.67,yahoo
2014-04-25,QQQ,86.19,78.40,yahoo
2014-04-28,QQQ,86.47,78.66,yahoo
2014-04-29,QQQ,87.16,79.28,yahoo
2014-04-30,QQQ,87.39,79.49,yahoo
2014-05-01,QQQ,87.65,79.73,yahoo
2014-05-02,QQQ,87.49,79.58,yahoo
2014-05-05,QQQ,87.95,80.00,yahoo
2014-05-06,QQQ,86.81,78.96,yahoo
2014-05-07,QQQ,86.56,78.74,yahoo
2014-05-08,QQQ,86.48,78.66,yahoo
2014-05-09,QQQ,86.80,78.96,yahoo
2014-05-12,QQQ,88.23,80.26,yahoo
2014-05-13,QQQ,88.29,80.31,yahoo
2014-05-14,QQQ,87.83,79.89,yahoo
2014-05-15,QQQ,87.14,79.26,yahoo
2014-05-16,QQQ,87.71,79.78,yahoo
2014-05-19,QQQ,88.32,80.34,yahoo
2014-05-20,QQQ,88,80.05,yahoo
2014-05-21,QQQ,88.84,80.81,yahoo
2014-05-22,QQQ,89.23,81.17,yahoo
2014-05-23,QQQ,89.88,81.76,yahoo
2014-05-27,QQQ,91,82.78,yahoo
2014-05-28,QQQ,90.72,82.52,yahoo
2014-05-29,QQQ,91.30,83.05,yahoo
2014-05-30,QQQ,91.31,83.06,yahoo
2014-06-02,QQQ,91.22,82.98,yahoo
2014-06-03,QQQ,91.18,82.94,yahoo
2014-06-04,QQQ,91.52,83.25,yahoo
2014-06-05,QQQ,92.29,83.95,yahoo
2014-06-06,QQQ,92.82,84.43,yahoo
2014-06-09,QQQ,92.75,84.37,yahoo
2014-06-10,QQQ,92.91,84.51,yahoo
2014-06-11,QQQ,92.89,84.50,yahoo
2014-06-12,QQQ,92.05,83.73,yahoo
2014-06-13,QQQ,92.32,83.98,yahoo
2014-06-16,QQQ,92.40,84.05,yahoo
2014-06-17,QQQ,92.45,84.10,yahoo
2014-06-18,QQQ,92.97,84.57,yahoo
2014-06-19,QQQ,92.91,84.51,yahoo
2014-06-20,QQQ,92.77,84.61,yahoo
2014-06-23,QQQ,92.79,84.63,yahoo
2014-06-24,QQQ,92.70,84.55,yahoo
2014-06-25,QQQ,93.29,85.09,yahoo
2014-06-26,QQQ,93.34,85.13,yahoo
2014-06-27,QQQ,93.75,85.51,yahoo
2014-06-30,QQQ,93.91,85.65,yahoo
2014-07-01,QQQ,94.94,86.59,yahoo
2014-07-02,QQQ,95.10,86.74,yahoo
2014-07-03,QQQ,95.70,87.29,yahoo
2014-07-07,QQQ,95.41,87.02,yahoo
2014-07-08,QQQ,94.26,85.97,yahoo
2014-07-09,QQQ,94.96,86.61,yahoo
2014-07-10,QQQ,94.66,86.34,yahoo
2014-07-11,QQQ,95.27,86.89,yahoo
2014-07-14,QQQ,95.84,87.41,yahoo
2014-07-15,QQQ,95.51,87.11,yahoo
2014-07-16,QQQ,95.89,87.46,yahoo
2014-07-17,QQQ,94.62,86.30,yahoo
2014-07-18,QQQ,96.12,87.67,yahoo
2014-07-21,QQQ,96,87.56,yahoo
2014-07-22,QQQ,96.61,88.12,yahoo
2014-07-23,QQQ,97.23,88.68,yahoo
2014-07-24,QQQ,97.12,88.58,yahoo
2014-07-25,QQQ,96.74,88.23,yahoo
2014-07-28,QQQ,96.77,88.26,yahoo
2014-07-29,QQQ,96.60,88.11,yahoo
2014-07-30,QQQ,96.98,88.45,yahoo
2014-07-31,QQQ,95.02,86.67,yahoo
2014-08-01,QQQ,94.67,86.35,yahoo
2014-08-04,QQQ,95.32,86.94,yahoo
2014-08-05,QQQ,94.59,86.27,yahoo
2014-08-06,QQQ,94.52,86.21,yahoo
2014-08-07,QQQ,94.22,85.94,yahoo
2014-08-08,QQQ,94.90,86.56,yahoo
2014-08-11,QQQ,95.46,87.07,yahoo
2014-08-12,QQQ,95.42,87.03,yahoo
2014-08-13,QQQ,96.43,87.95,yahoo
2014-08-14,QQQ,96.93,88.41,yahoo
2014-08-15,QQQ,97.40,88.84,yahoo
2014-08-18,QQQ,98.15,89.52,yahoo
2014-08-19,QQQ,98.70,90.02,yahoo
2014-08-20,QQQ,98.70,90.02,yahoo
2014-08-21,QQQ,98.90,90.20,yahoo
2014-08-22,QQQ,99.05,90.34,yahoo
2014-08-25,QQQ,99.40,90.66,yahoo
2014-08-26,QQQ,99.50,90.75,yahoo
2014-08-27,QQQ,99.52,90.77,yahoo
2014-08-28,QQQ,99.41,90.67,yahoo
2014-08-29,QQQ,99.78,91.01,yahoo
2014-09-02,QQQ,100.07,91.27,yahoo
2014-09-03,QQQ,99.48,90.73,yahoo
2014-09-04,QQQ,99.39,90.65,yahoo
2014-09-05,QQQ,99.89,91.11,yahoo
2014-09-08,QQQ,100.08,91.28,yahoo
2014-09-09,QQQ,99.25,90.52,yahoo
2014-09-10,QQQ,100.07,91.27,yahoo
2014-09-11,QQQ,99.99,91.20,yahoo
2014-09-12,QQQ,99.48,90.73,yahoo
2014-09-15,QQQ,98.52,89.86,yahoo
2014-09-16,QQQ,99.38,90.64,yahoo
2014-09-17,QQQ,99.53,90.78,yahoo
2014-09-18,QQQ,100.28,91.46,yahoo
2014-09-19,QQQ,99.98,91.41,yahoo
2014-09-22,QQQ,99.05,90.56,yahoo
2014-09-23,QQQ,98.78,90.31,yahoo
2014-09-24,QQQ,99.84,91.28,yahoo
2014-09-25,QQQ,97.74,89.36,yahoo
2014-09-26,QQQ,98.78,90.31,yahoo
2014-09-29,QQQ,98.65,90.19,yahoo
2014-09-30,QQQ,98.79,90.32,yahoo
2014-10-01,QQQ,97.21,88.87,yahoo
2014-10-02,QQQ,97.21,88.87,yahoo
2014-10-03,QQQ,98.17,89.75,yahoo
2014-10-06,QQQ,97.96,89.56,yahoo
2014-10-07,QQQ,96.57,88.29,yahoo
2014-10-08,QQQ,98.45,90.01,yahoo
2014-10-09,QQQ,96.86,88.55,yahoo
2014-10-10,QQQ,94.44,86.34,yahoo
2014-10-13,QQQ,92.96,84.99,yahoo
2014-10-14,QQQ,92.97,85.00,yahoo
2014-10-15,QQQ,92.37,84.45,yahoo
2014-10-16,QQQ,91.79,83.92,yahoo
2014-10-17,QQQ,93,85.02,yahoo
2014-10-20,QQQ,94.39,86.30,yahoo
2014-10-21,QQQ,96.87,88.56,yahoo
2014-10-22,QQQ,96.37,88.11,yahoo
2014-10-23,QQQ,97.82,89.43,yahoo
2014-10-24,QQQ,98.62,90.16,yahoo
2014-10-27,QQQ,98.69,90.23,yahoo
2014-10-28,QQQ,100.18,91.59,yahoo
2014-10-29,QQQ,99.81,91.25,yahoo
2014-10-30,QQQ,100.02,91.44,yahoo
2014-10-31,QQQ,101.40,92.70,yahoo
2014-11-03,QQQ,101.70,92.98,yahoo
2014-11-04,QQQ,101.36,92.67,yahoo
2014-11-05,QQQ,101.37,92.68,yahoo
2014-11-06,QQQ,101.69,92.97,yahoo
2014-11-07,QQQ,101.60,92.89,yahoo
2014-11-10,QQQ,101.96,93.22,yahoo
2014-11-11,QQQ,102.28,93.51,yahoo
2014-11-12,QQQ,102.46,93.67,yahoo
2014-11-13,QQQ,102.90,94.08,yahoo
2014-11-14,QQQ,103.22,94.37,yahoo
2014-11-17,QQQ,102.91,94.08,yahoo
2014-11-18,QQQ,103.68,94.79,yahoo
2014-11-19,QQQ,103.21,94.36,yahoo
2014-11-20,QQQ,103.67,94.78,yahoo
2014-11-21,QQQ,103.87,94.96,yahoo
2014-11-24,QQQ,104.68,95.70,yahoo
2014-11-25,QQQ,104.84,95.85,yahoo
2014-11-26,QQQ,105.52,96.47,yahoo
2014-11-28,QQQ,106.01,96.92,yahoo
2014-12-01,QQQ,104.81,95.82,yahoo
2014-12-02,QQQ,105.23,96.21,yahoo
2014-12-03,QQQ,105.42,96.38,yahoo
2014-12-04,QQQ,105.37,96.33,yahoo
2014-12-05,QQQ,105.38,96.34,yahoo
2014-12-08,QQQ,104.63,95.66,yahoo
2014-12-09,QQQ,104.96,95.96,yahoo
2014-12-10,QQQ,103.31,94.45,yahoo
2014-12-11,QQQ,103.80,94.90,yahoo
2014-12-12,QQQ,102.67,93.87,yahoo
2014-12-15,QQQ,101.61,92.90,yahoo
2014-12-16,QQQ,99.98,91.41,yahoo
2014-12-17,QQQ,101.80,93.07,yahoo
2014-12-18,QQQ,104.25,95.31,yahoo
2014-12-19,QQQ,104.32,95.73,yahoo
2014-12-22,QQQ,104.58,95.97,yahoo
2014-12-23,QQQ,104.21,95.63,yahoo
2014-12-24,QQQ,104.30,95.71,yahoo
2014-12-26,QQQ,105.04,96.39,yahoo
2014-12-29,QQQ,105.02,96.37,yahoo
2014-12-30,QQQ,104.32,95.73,yahoo
2014-12-31,QQQ,103.25,94.75,yahoo
2015-01-02,QQQ,102.94,94.46,yahoo
2015-01-05,QQQ,101.43,93.08,yahoo
2015-01-06,QQQ,100.07,91.83,yahoo
2015-01-07,QQQ,101.36,93.01,yahoo
2015-01-08,QQQ,103.30,94.79,yahoo
2015-01-09,QQQ,102.62,94.17,yahoo
2015-01-12,QQQ,101.55,93.19,yahoo
2015-01-13,QQQ,101.52,93.16,yahoo
2015-01-14,QQQ,100.96,92.65,yahoo
2015-01-15,QQQ,99.65,91.44,yahoo
2015-01-16,QQQ,100.82,92.52,yahoo
2015-01-20,QQQ,101.62,93.25,yahoo
2015-01-21,QQQ,102.14,93.73,yahoo
2015-01-22,QQQ,104.03,95.46,yahoo
2015-01-23,QQQ,104.26,95.67,yahoo
2015-01-26,QQQ,104.14,95.56,yahoo
2015-01-27,QQQ,101.44,93.09,yahoo
2015-01-28,QQQ,100.92,92.61,yahoo
2015-01-29,QQQ,101.89,93.50,yahoo
2015-01-30,QQQ,101.10,92.77,yahoo
2015-02-02,QQQ,101.98,93.58,yahoo
2015-02-03,QQQ,102.96,94.48,yahoo
2015-02-04,QQQ,102.87,94.40,yahoo
2015-02-05,QQQ,103.76,95.22,yahoo
2015-02-06,QQQ,103.13,94.64,yahoo
2015-02-09,QQQ,102.80,94.33,yahoo
2015-02-10,QQQ,104.40,95.80,yahoo
2015-02-11,QQQ,104.78,96.15,yahoo
2015-02-12,QQQ,106,97.27,yahoo
2015-02-13,QQQ,106.91,98.11,yahoo
2015-02-17,QQQ,107.01,98.20,yahoo
2015-02-18,QQQ,107.16,98.34,yahoo
2015-02-19,QQQ,107.69,98.82,yahoo
2015-02-20,QQQ,108.41,99.48,yahoo
2015-02-23,QQQ,108.52,99.58,yahoo
2015-02-24,QQQ,108.60,99.66,yahoo
2015-02-25,QQQ,108.33,99.41,yahoo
2015-02-26,QQQ,108.88,99.91,yahoo
2015-02-27,QQQ,108.40,99.47,yahoo
2015-03-02,QQQ,109.38,100.37,yahoo
2015-03-03,QQQ,108.87,99.90,yahoo
2015-03-04,QQQ,108.45,99.52,yahoo
2015-03-05,QQQ,108.64,99.69,yahoo
2015-03-06,QQQ,107.41,98.56,yahoo
2015-03-09,QQQ,107.72,98.85,yahoo
2015-03-10,QQQ,105.72,97.01,yahoo
2015-03-11,QQQ,105.11,96.45,yahoo
2015-03-12,QQQ,105.80,97.09,yahoo
2015-03-13,QQQ,105.34,96.67,yahoo
2015-03-16,QQQ,106.70,97.91,yahoo
2015-03-17,QQQ,106.87,98.07,yahoo
2015-03-18,QQQ,107.92,99.03,yahoo
2015-03-19,QQQ,108.08,99.18,yahoo
2015-03-20,QQQ,108.53,99.82,yahoo
2015-03-23,QQQ,108.32,99.63,yahoo
2015-03-24,QQQ,107.93,99.27,yahoo
2015-03-25,QQQ,105.46,97.00,yahoo
2015-03-26,QQQ,105.10,96.67,yahoo
2015-03-27,QQQ,105.52,97.05,yahoo
2015-03-30,QQQ,106.73,98.17,yahoo
2015-03-31,QQQ,105.60,97.13,yahoo
2015-04-01,QQQ,105.05,96.62,yahoo
2015-04-02,QQQ,105.12,96.69,yahoo
2015-04-06,QQQ,105.98,97.48,yahoo
2015-04-07,QQQ,105.80,97.31,yahoo
2015-04-08,QQQ,106.64,98.08,yahoo
2015-04-09,QQQ,107.31,98.70,yahoo
2015-04-10,QQQ,107.75,99.10,yahoo
2015-04-13,QQQ,107.48,98.86,yahoo
2015-04-14,QQQ,107.17,98.57,yahoo
2015-04-15,QQQ,107.84,99.19,yahoo
2015-04-16,QQQ,107.69,99.05,yahoo
2015-04-17,QQQ,106.01,97.50,yahoo
2015-04-20,QQQ,107.60,98.97,yahoo
2015-04-21,QQQ,108.06,99.39,yahoo
2015-04-22,QQQ,108.65,99.93,yahoo
2015-04-23,QQQ,109.06,100.31,yahoo
2015-04-24,QQQ,110.54,101.67,yahoo
2015-04-27,QQQ,110.26,101.41,yahoo
2015-04-28,QQQ,110.04,101.21,yahoo
2015-04-29,QQQ,109.35,100.58,yahoo
2015-04-30,QQQ,107.63,98.99,yahoo
2015-05-01,QQQ,109.05,100.30,yahoo
2015-05-04,QQQ,109.23,100.47,yahoo
2015-05-05,QQQ,107.45,98.83,yahoo
2015-05-06,QQQ,106.71,98.15,yahoo
2015-05-07,QQQ,107.35,98.74,yahoo
2015-05-08,QQQ,108.69,99.97,yahoo
2015-05-11,QQQ,108.27,99.58,yahoo
2015-05-12,QQQ,107.78,99.13,yahoo
2015-05-13,QQQ,108,99.33,yahoo
2015-05-14,QQQ,109.58,100.79,yahoo
2015-05-15,QQQ,109.58,100.79,yahoo
2015-05-18,QQQ,110.06,101.23,yahoo
2015-05-19,QQQ,109.94,101.12,yahoo
2015-05-20,QQQ,110.01,101.18,yahoo
2015-05-21,QQQ,110.58,101.71,yahoo
2015-05-22,QQQ,110.47,101.61,yahoo
2015-05-26,QQQ,109.20,100.44,yahoo
2015-05-27,QQQ,110.96,102.06,yahoo
2015-05-28,QQQ,110.71,101.83,yahoo
2015-05-29,QQQ,110.05,101.22,yahoo
2015-06-01,QQQ,110.42,101.56,yahoo
2015-06-02,QQQ,110.07,101.24,yahoo
2015-06-03,QQQ,110.40,101.54,yahoo
2015-06-04,QQQ,109.56,100.77,yahoo
2015-06-05,QQQ,109.30,100.53,yahoo
2015-06-08,QQQ,108.19,99.51,yahoo
2015-06-09,QQQ,108.01,99.34,yahoo
2015-06-10,QQQ,109.49,100.70,yahoo
2015-06-11,QQQ,109.65,100.85,yahoo
2015-06-12,QQQ,108.75,100.02,yahoo
2015-06-15,QQQ,108.21,99.53,yahoo
2015-06-16,QQQ,108.80,100.07,yahoo
2015-06-17,QQQ,109.10,100.35,yahoo
2015-06-18,QQQ,110.69,101.81,yahoo
2015-06-19,QQQ,109.89,101.30,yahoo
2015-06-22,QQQ,110.70,102.05,yahoo
2015-06-23,QQQ,110.79,102.13,yahoo
2015-06-24,QQQ,110.22,101.61,yahoo
2015-06-25,QQQ,110,101.41,yahoo
2015-06-26,QQQ,109.27,100.73,yahoo
2015-06-29,QQQ,106.69,98.35,yahoo
2015-06-30,QQQ,107.07,98.71,yahoo
2015-07-01,QQQ,107.92,99.49,yahoo
2015-07-02,QQQ,107.95,99.52,yahoo
2015-07-06,QQQ,107.70,99.29,yahoo
2015-07-07,QQQ,107.97,99.53,yahoo
2015-07-08,QQQ,106.09,97.80,yahoo
2015-07-09,QQQ,106.03,97.75,yahoo
2015-07-10,QQQ,107.65,99.24,yahoo
2015-07-13,QQQ,109.54,100.98,yahoo
2015-07-14,QQQ,110.26,101.65,yahoo
2015-07-15,QQQ,110.38,101.76,yahoo
2015-07-16,QQQ,111.94,103.19,yahoo
2015-07-17,QQQ,113.59,104.72,yahoo
2015-07-20,QQQ,113.98,105.08,yahoo
2015-07-21,QQQ,113.91,105.01,yahoo
2015-07-22,QQQ,112.62,103.82,yahoo
2015-07-23,QQQ,112.20,103.43,yahoo
2015-07-24,QQQ,111.10,102.42,yahoo
2015-07-27,QQQ,110.18,101.57,yahoo
2015-07-28,QQQ,111.13,102.45,yahoo
2015-07-29,QQQ,111.55,102.84,yahoo
2015-07-30,QQQ,112.08,103.32,yahoo
2015-07-31,QQQ,111.95,103.20,yahoo
2015-08-03,QQQ,111.60,102.88,yahoo
2015-08-04,QQQ,111.39,102.69,yahoo
2015-08-05,QQQ,112.25,103.48,yahoo
2015-08-06,QQQ,110.45,101.82,yahoo
2015-08-07,QQQ,110.31,101.69,yahoo
2015-08-10,QQQ,111.57,102.85,yahoo
2015-08-11,QQQ,110.14,101.54,yahoo
2015-08-12,QQQ,110.52,101.89,yahoo
2015-08-13,QQQ,110.34,101.72,yahoo
2015-08-14,QQQ,110.51,101.88,yahoo
2015-08-17,QQQ,111.43,102.72,yahoo
2015-08-18,QQQ,110.86,102.20,yahoo
2015-08-19,QQQ,110.13,101.53,yahoo
2015-08-20,QQQ,107.08,98.71,yahoo
2015-08-21,QQQ,102.40,94.40,yahoo
2015-08-24,QQQ,98.46,90.77,yahoo
2015-08-25,QQQ,98.09,90.43,yahoo
2015-08-26,QQQ,103.03,94.98,yahoo
2015-08-27,QQQ,105.64,97.39,yahoo
2015-08-28,QQQ,105.62,97.37,yahoo
2015-08-31,QQQ,104.31,96.16,yahoo
2015-09-01,QQQ,101.05,93.16,yahoo
2015-09-02,QQQ,103.90,95.78,yahoo
2015-09-03,QQQ,103.39,95.31,yahoo
2015-09-04,QQQ,102.16,94.18,yahoo
2015-09-08,QQQ,105.04,96.83,yahoo
2015-09-09,QQQ,103.86,95.75,yahoo
2015-09-10,QQQ,104.99,96.79,yahoo
2015-09-11,QQQ,105.57,97.32,yahoo
2015-09-14,QQQ,105.25,97.03,yahoo
2015-09-15,QQQ,106.49,98.17,yahoo
2015-09-16,QQQ,107.09,98.72,yahoo
2015-09-17,QQQ,107.13,98.76,yahoo
2015-09-18,QQQ,105.35,97.36,yahoo
2015-09-21,QQQ,105.68,97.66,yahoo
2015-09-22,QQQ,104.10,96.20,yahoo
2015-09-23,QQQ,104.18,96.27,yahoo
2015-09-24,QQQ,103.80,95.92,yahoo
2015-09-25,QQQ,102.92,95.11,yahoo
2015-09-28,QQQ,99.99,92.40,yahoo
2015-09-29,QQQ,99.47,91.92,yahoo
2015-09-30,QQQ,101.76,94.04,yahoo
2015-10-01,QQQ,102.22,94.46,yahoo
2015-10-02,QQQ,104.01,96.12,yahoo
2015-10-05,QQQ,105.50,97.49,yahoo
2015-10-06,QQQ,105,97.03,yahoo
2015-10-07,QQQ,105.63,97.61,yahoo
2015-10-08,QQQ,106.05,98.00,yahoo
2015-10-09,QQQ,106.53,98.45,yahoo
2015-10-12,QQQ,106.79,98.69,yahoo
2015-10-13,QQQ,106.10,98.05,yahoo
2015-10-14,QQQ,105.93,97.89,yahoo
2015-10-15,QQQ,107.67,99.50,yahoo
2015-10-16,QQQ,108.12,99.92,yahoo
2015-10-19,QQQ,108.74,100.49,yahoo
2015-10-20,QQQ,108.18,99.97,yahoo
2015-10-21,QQQ,107.52,99.36,yahoo
2015-10-22,QQQ,109.71,101.38,yahoo
2015-10-23,QQQ,112.78,104.22,yahoo
2015-10-26,QQQ,112.85,104.29,yahoo
2015-10-27,QQQ,113.08,104.50,yahoo
2015-10-28,QQQ,114.02,105.37,yahoo
2015-10-29,QQQ,113.84,105.20,yahoo
2015-10-30,QQQ,113.33,104.73,yahoo
2015-11-02,QQQ,114.61,105.91,yahoo
2015-11-03,QQQ,115.01,106.28,yahoo
2015-11-04,QQQ,115.02,106.29,yahoo
2015-11-05,QQQ,114.71,106.01,yahoo
2015-11-06,QQQ,114.79,106.08,yahoo
2015-11-09,QQQ,113.57,104.95,yahoo
2015-11-10,QQQ,113.28,104.68,yahoo
2015-11-11,QQQ,113.14,104.55,yahoo
2015-11-12,QQQ,112.04,103.54,yahoo
2015-11-13,QQQ,109.84,101.50,yahoo
2015-11-16,QQQ,111.42,102.97,yahoo
2015-11-17,QQQ,111.49,103.03,yahoo
2015-11-18,QQQ,113.63,105.01,yahoo
2015-11-19,QQQ,113.71,105.08,yahoo
2015-11-20,QQQ,114.48,105.79,yahoo
2015-11-23,QQQ,114.15,105.49,yahoo
2015-11-24,QQQ,114.05,105.40,yahoo
2015-11-25,QQQ,114.15,105.49,yahoo
2015-11-27,QQQ,114.31,105.64,yahoo
2015-11-30,QQQ,114.02,105.37,yahoo
2015-12-01,QQQ,115.16,106.42,yahoo
2015-12-02,QQQ,114.45,105.77,yahoo
2015-12-03,QQQ,112.51,103.97,yahoo
2015-12-04,QQQ,115.14,106.40,yahoo
2015-12-07,QQQ,114.62,105.92,yahoo
2015-12-08,QQQ,114.63,105.93,yahoo
2015-12-09,QQQ,112.89,104.32,yahoo
2015-12-10,QQQ,113.40,104.79,yahoo
2015-12-11,QQQ,110.79,102.38,yahoo
2015-12-14,QQQ,111.63,103.16,yahoo
2015-12-15,QQQ,112.31,103.79,yahoo
2015-12-16,QQQ,113.98,105.33,yahoo
2015-12-17,QQQ,112.32,103.80,yahoo
2015-12-18,QQQ,109.83,101.81,yahoo
2015-12-21,QQQ,111.05,102.94,yahoo
2015-12-22,QQQ,111.78,103.61,yahoo
2015-12-23,QQQ,112.61,104.38,yahoo
2015-12-24,QQQ,112.59,104.36,yahoo
2015-12-28,QQQ,112.53,104.31,yahoo
2015-12-29,QQQ,114.30,105.95,yahoo
2015-12-30,QQQ,113.27,104.99,yahoo
2015-12-31,QQQ,111.86,103.69,yahoo
2016-01-04,QQQ,109.50,101.50,yahoo
2016-01-05,QQQ,109.31,101.32,yahoo
2016-01-06,QQQ,108.26,100.35,yahoo
2016-01-07,QQQ,104.87,97.21,yahoo
2016-01-08,QQQ,104.01,96.41,yahoo
2016-01-11,QQQ,104.33,96.71,yahoo
2016-01-12,QQQ,105.54,97.83,yahoo
2016-01-13,QQQ,101.90,94.46,yahoo
2016-01-14,QQQ,104.07,96.47,yahoo
2016-01-15,QQQ,100.84,93.47,yahoo
2016-01-19,QQQ,101.06,93.68,yahoo
2016-01-20,QQQ,100.75,93.39,yahoo
2016-01-21,QQQ,100.85,93.48,yahoo
2016-01-22,QQQ,103.77,96.19,yahoo
2016-01-25,QQQ,102.23,94.76,yahoo
2016-01-26,QQQ,103.15,95.61,yahoo
2016-01-27,QQQ,100.58,93.23,yahoo
2016-01-28,QQQ,102,94.55,yahoo
2016-01-29,QQQ,104.13,96.52,yahoo
2016-02-01,QQQ,104.41,96.78,yahoo
2016-02-02,QQQ,102.15,94.69,yahoo
2016-02-03,QQQ,101.66,94.23,yahoo
2016-02-04,QQQ,101.65,94.22,yahoo
2016-02-05,QQQ,98.12,90.95,yahoo
2016-02-08,QQQ,96.62,89.56,yahoo
2016-02-09,QQQ,96.32,89.28,yahoo
2016-02-10,QQQ,96.69,89.63,yahoo
2016-02-11,QQQ,96.55,89.50,yahoo
2016-02-12,QQQ,98.02,90.86,yahoo
2016-02-16,QQQ,100.23,92.91,yahoo
2016-02-17,QQQ,102.50,95.01,yahoo
2016-02-18,QQQ,101.33,93.93,yahoo
2016-02-19,QQQ,101.63,94.20,yahoo
2016-02-22,QQQ,103.28,95.73,yahoo
2016-02-23,QQQ,101.58,94.16,yahoo
2016-02-24,QQQ,102.55,95.06,yahoo
2016-02-25,QQQ,103.56,95.99,yahoo
2016-02-26,QQQ,103.43,95.87,yahoo
2016-02-29,QQQ,102.50,95.01,yahoo
2016-03-01,QQQ,105.79,98.06,yahoo
2016-03-02,QQQ,105.83,98.10,yahoo
2016-03-03,QQQ,105.63,97.91,yahoo
2016-03-04,QQQ,105.67,97.95,yahoo
2016-03-07,QQQ,105.02,97.35,yahoo
2016-03-08,QQQ,104.15,96.54,yahoo
2016-03-09,QQQ,104.82,97.16,yahoo
2016-03-10,QQQ,104.66,97.01,yahoo
2016-03-11,QQQ,106.49,98.71,yahoo
2016-03-14,QQQ,106.67,98.88,yahoo
2016-03-15,QQQ,106.63,98.84,yahoo
2016-03-16,QQQ,107.58,99.72,yahoo
2016-03-17,QQQ,107.52,99.66,yahoo
2016-03-18,QQQ,107.37,99.82,yahoo
2016-03-21,QQQ,107.79,100.21,yahoo
2016-03-22,QQQ,108.12,100.52,yahoo
2016-03-23,QQQ,107.23,99.69,yahoo
2016-03-24,QQQ,107.26,99.72,yahoo
2016-03-28,QQQ,107.11,99.58,yahoo
2016-03-29,QQQ,108.83,101.18,yahoo
2016-03-30,QQQ,109.36,101.67,yahoo
2016-03-31,QQQ,109.20,101.52,yahoo
2016-04-01,QQQ,110.36,102.60,yahoo
2016-04-04,QQQ,109.94,102.21,yahoo
2016-04-05,QQQ,108.88,101.22,yahoo
2016-04-06,QQQ,110.67,102.89,yahoo
2016-04-07,QQQ,109.08,101.41,yahoo
2016-04-08,QQQ,109,101.34,yahoo
2016-04-11,QQQ,108.60,100.96,yahoo
2016-04-12,QQQ,109.51,101.81,yahoo
2016-04-13,QQQ,110.91,103.11,yahoo
2016-04-14,QQQ,110.92,103.12,yahoo
2016-04-15,QQQ,110.64,102.86,yahoo
2016-04-18,QQQ,111.23,103.41,yahoo
2016-04-19,QQQ,110.55,102.78,yahoo
2016-04-20,QQQ,110.64,102.86,yahoo
2016-04-21,QQQ,110.65,102.87,yahoo
2016-04-22,QQQ,108.98,101.32,yahoo
2016-04-25,QQQ,108.98,101.32,yahoo
2016-04-26,QQQ,108.45,100.82,yahoo
2016-04-27,QQQ,107.58,100.02,yahoo
2016-04-28,QQQ,106.28,98.81,yahoo
2016-04-29,QQQ,105.72,98.29,yahoo
2016-05-02,QQQ,106.72,99.22,yahoo
2016-05-03,QQQ,105.73,98.30,yahoo
2016-05-04,QQQ,105.05,97.66,yahoo
2016-05-05,QQQ,105.02,97.64,yahoo
2016-05-06,QQQ,105.58,98.16,yahoo
2016-05-09,QQQ,105.88,98.44,yahoo
2016-05-10,QQQ,107.33,99.78,yahoo
2016-05-11,QQQ,106.36,98.88,yahoo
2016-05-12,QQQ,105.89,98.44,yahoo
2016-05-13,QQQ,105.50,98.08,yahoo
2016-05-16,QQQ,106.82,99.31,yahoo
2016-05-17,QQQ,105.48,98.06,yahoo
2016-05-18,QQQ,105.86,98.42,yahoo
2016-05-19,QQQ,105.31,97.91,yahoo
2016-05-20,QQQ,106.47,98.98,yahoo
2016-05-23,QQQ,106.33,98.85,yahoo
2016-05-24,QQQ,108.46,100.83,yahoo
2016-05-25,QQQ,109.24,101.56,yahoo
2016-05-26,QQQ,109.56,101.86,yahoo
2016-05-27,QQQ,110.13,102.39,yahoo
2016-05-31,QQQ,110.34,102.58,yahoo
2016-06-01,QQQ,110.35,102.59,yahoo
2016-06-02,QQQ,110.58,102.81,yahoo
2016-06-03,QQQ,110.06,102.32,yahoo
2016-06-06,QQQ,110.46,102.69,yahoo
2016-06-07,QQQ,110.18,102.43,yahoo
2016-06-08,QQQ,110.37,102.61,yahoo
2016-06-09,QQQ,110.19,102.44,yahoo
2016-06-10,QQQ,108.94,101.28,yahoo
2016-06-13,QQQ,108.03,100.43,yahoo
2016-06-14,QQQ,108.03,100.43,yahoo
2016-06-15,QQQ,107.72,100.15,yahoo
2016-06-16,QQQ,108.04,100.44,yahoo
2016-06-17,QQQ,106.49,99.27,yahoo
2016-06-20,QQQ,107.16,99.89,yahoo
2016-06-21,QQQ,107.50,100.21,yahoo
2016-06-22,QQQ,107.24,99.97,yahoo
2016-06-23,QQQ,108.77,101.39,yahoo
2016-06-24,QQQ,104.29,97.22,yahoo
2016-06-27,QQQ,102.22,95.29,yahoo
2016-06-28,QQQ,104.46,97.37,yahoo
2016-06-29,QQQ,106.31,99.10,yahoo
2016-06-30,QQQ,107.54,100.25,yahoo
2016-07-01,QQQ,108.08,100.75,yahoo
2016-07-05,QQQ,107.42,100.13,yahoo
2016-07-06,QQQ,108.30,100.95,yahoo
2016-07-07,QQQ,108.62,101.25,yahoo
2016-07-08,QQQ,110.30,102.82,yahoo
2016-07-11,QQQ,110.93,103.41,yahoo
2016-07-12,QQQ,111.49,103.93,yahoo
2016-07-13,QQQ,111.22,103.68,yahoo
2016-07-14,QQQ,111.98,104.38,yahoo
2016-07-15,QQQ,111.80,104.22,yahoo
2016-07-18,QQQ,112.54,104.91,yahoo
2016-07-19,QQQ,112.13,104.52,yahoo
2016-07-20,QQQ,113.44,105.74,yahoo
2016-07-21,QQQ,113.18,105.50,yahoo
2016-07-22,QQQ,113.65,105.94,yahoo
2016-07-25,QQQ,113.66,105.95,yahoo
2016-07-26,QQQ,113.79,106.07,yahoo
2016-07-27,QQQ,114.58,106.81,yahoo
2016-07-28,QQQ,114.98,107.18,yahoo
2016-07-29,QQQ,115.23,107.41,yahoo
2016-08-01,QQQ,115.84,107.98,yahoo
2016-08-02,QQQ,114.96,107.16,yahoo
2016-08-03,QQQ,115.34,107.52,yahoo
2016-08-04,QQQ,115.67,107.82,yahoo
2016-08-05,QQQ,116.78,108.86,yahoo
2016-08-08,QQQ,116.65,108.74,yahoo
2016-08-09,QQQ,116.92,108.99,yahoo
2016-08-10,QQQ,116.62,108.71,yahoo
2016-08-11,QQQ,117.12,109.18,yahoo
2016-08-12,QQQ,117.20,109.25,yahoo
2016-08-15,QQQ,117.70,109.72,yahoo
2016-08-16,QQQ,117.05,109.11,yahoo
2016-08-17,QQQ,117.26,109.31,yahoo
2016-08-18,QQQ,117.29,109.33,yahoo
2016-08-19,QQQ,117.26,109.31,yahoo
2016-08-22,QQQ,117.35,109.39,yahoo
2016-08-23,QQQ,117.56,109.59,yahoo
2016-08-24,QQQ,116.80,108.88,yahoo
2016-08-25,QQQ,116.61,108.70,yahoo
2016-08-26,QQQ,116.78,108.86,yahoo
2016-08-29,QQQ,116.94,109.01,yahoo
2016-08-30,QQQ,116.56,108.65,yahoo
2016-08-31,QQQ,116.44,108.54,yahoo
2016-09-01,QQQ,116.74,108.82,yahoo
2016-09-02,QQQ,117.12,109.18,yahoo
2016-09-06,QQQ,117.85,109.86,yahoo
2016-09-07,QQQ,117.92,109.92,yahoo
2016-09-08,QQQ,117.23,109.28,yahoo
2016-09-09,QQQ,114.28,106.53,yahoo
2016-09-12,QQQ,116.33,108.44,yahoo
2016-09-13,QQQ,115.29,107.47,yahoo
2016-09-14,QQQ,115.84,107.98,yahoo
2016-09-15,QQQ,117.64,109.66,yahoo
2016-09-16,QQQ,117.29,109.61,yahoo
2016-09-19,QQQ,116.78,109.13,yahoo
2016-09-20,QQQ,117,109.34,yahoo
2016-09-21,QQQ,118.15,110.41,yahoo
2016-09-22,QQQ,119.09,111.29,yahoo
2016-09-23,QQQ,118.33,110.58,yahoo
2016-09-26,QQQ,117.34,109.65,yahoo
2016-09-27,QQQ,118.50,110.74,yahoo
2016-09-28,QQQ,118.70,110.93,yahoo
2016-09-29,QQQ,117.84,110.12,yahoo
2016-09-30,QQQ,118.72,110.94,yahoo
2016-10-03,QQQ,118.55,110.79,yahoo
2016-10-04,QQQ,118.37,110.62,yahoo
2016-10-05,QQQ,118.79,111.01,yahoo
2016-10-06,QQQ,118.73,110.95,yahoo
2016-10-07,QQQ,118.47,110.71,yahoo
2016-10-10,QQQ,119.22,111.41,yahoo
2016-10-11,QQQ,117.52,109.82,yahoo
2016-10-12,QQQ,117.42,109.73,yahoo
2016-10-13,QQQ,117,109.34,yahoo
2016-10-14,QQQ,117.14,109.47,yahoo
2016-10-17,QQQ,116.82,109.17,yahoo
2016-10-18,QQQ,117.86,110.14,yahoo
2016-10-19,QQQ,117.85,110.13,yahoo
2016-10-20,QQQ,117.71,110.00,yahoo
2016-10-21,QQQ,118.15,110.41,yahoo
2016-10-24,QQQ,119.57,111.74,yahoo
2016-10-25,QQQ,119.19,111.38,yahoo
2016-10-26,QQQ,118.38,110.63,yahoo
2016-10-27,QQQ,117.84,110.12,yahoo
2016-10-28,QQQ,117.10,109.43,yahoo
2016-10-31,QQQ,116.99,109.33,yahoo
2016-11-01,QQQ,116.11,108.50,yahoo
2016-11-02,QQQ,115.18,107.64,yahoo
2016-11-03,QQQ,114.05,106.58,yahoo
2016-11-04,QQQ,113.65,106.21,yahoo
2016-11-07,QQQ,116.35,108.73,yahoo
2016-11-08,QQQ,117.11,109.44,yahoo
2016-11-09,QQQ,117.65,109.94,yahoo
2016-11-10,QQQ,115.75,108.17,yahoo
2016-11-11,QQQ,115.80,108.22,yahoo
2016-11-14,QQQ,114.63,107.12,yahoo
2016-11-15,QQQ,116.22,108.61,yahoo
2016-11-16,QQQ,116.91,109.25,yahoo
2016-11-17,QQQ,117.76,110.05,yahoo
2016-11-18,QQQ,117.32,109.64,yahoo
2016-11-21,QQQ,118.54,110.78,yahoo
2016-11-22,QQQ,118.90,111.11,yahoo
2016-11-23,QQQ,118.42,110.66,yahoo
2016-11-25,QQQ,118.80,111.02,yahoo
2016-11-28,QQQ,118.53,110.77,yahoo
2016-11-29,QQQ,118.94,111.15,yahoo
2016-11-30,QQQ,117.50,109.80,yahoo
2016-12-01,QQQ,115.47,107.91,yahoo
2016-12-02,QQQ,115.70,108.12,yahoo
2016-12-05,QQQ,116.60,108.96,yahoo
2016-12-06,QQQ,116.88,109.22,yahoo
2016-12-07,QQQ,118.36,110.61,yahoo
2016-12-08,QQQ,118.57,110.80,yahoo
2016-12-09,QQQ,119.50,111.67,yahoo
2016-12-12,QQQ,118.96,111.17,yahoo
2016-12-13,QQQ,120.46,112.57,yahoo
2016-12-14,QQQ,120.21,112.34,yahoo
2016-12-15,QQQ,120.40,112.51,yahoo
2016-12-16,QQQ,119.60,112.10,yahoo
2016-12-19,QQQ,120.09,112.56,yahoo
2016-12-20,QQQ,120.55,112.99,yahoo
2016-12-21,QQQ,120.46,112.90,yahoo
2016-12-22,QQQ,120.12,112.58,yahoo
2016-12-23,QQQ,120.20,112.66,yahoo
2016-12-27,QQQ,120.82,113.24,yahoo
2016-12-28,QQQ,119.88,112.36,yahoo
2016-12-29,QQQ,119.71,112.20,yahoo
2016-12-30,QQQ,118.48,111.05,yahoo
2017-01-03,QQQ,119.54,112.04,yahoo
2017-01-04,QQQ,120.19,112.65,yahoo
2017-01-05,QQQ,120.87,113.29,yahoo
2017-01-06,QQQ,121.93,114.28,yahoo
2017-01-09,QQQ,122.33,114.66,yahoo
2017-01-10,QQQ,122.60,114.91,yahoo
2017-01-11,QQQ,122.93,115.22,yahoo
2017-01-12,QQQ,122.74,115.04,yahoo
2017-01-13,QQQ,123.16,115.43,yahoo
2017-01-17,QQQ,122.79,115.09,yahoo
2017-01-18,QQQ,123.04,115.32,yahoo
2017-01-19,QQQ,122.98,115.26,yahoo
2017-01-20,QQQ,123.25,115.52,yahoo
2017-01-23,QQQ,123.35,115.61,yahoo
2017-01-24,QQQ,124.18,116.39,yahoo
2017-01-25,QQQ,125.43,117.56,yahoo
2017-01-26,QQQ,125.56,117.68,yahoo
2017-01-27,QQQ,125.80,117.91,yahoo
2017-01-30,QQQ,124.82,116.99,yahoo
2017-01-31,QQQ,124.57,116.75,yahoo
2017-02-01,QQQ,125.43,117.56,yahoo
2017-02-02,QQQ,125.32,117.46,yahoo
2017-02-03,QQQ,125.68,117.80,yahoo
2017-02-06,QQQ,125.83,117.94,yahoo
2017-02-07,QQQ,126.29,118.37,yahoo
2017-02-08,QQQ,126.50,118.56,yahoo
2017-02-09,QQQ,126.96,119.00,yahoo
2017-02-10,QQQ,127.38,119.39,yahoo
2017-02-13,QQQ,128.10,120.06,yahoo
2017-02-14,QQQ,128.53,120.47,yahoo
2017-02-15,QQQ,129.29,121.18,yahoo
2017-02-16,QQQ,129.25,121.14,yahoo
2017-02-17,QQQ,129.81,121.67,yahoo
2017-02-21,QQQ,130.45,122.27,yahoo
2017-02-22,QQQ,130.50,122.31,yahoo
2017-02-23,QQQ,130.01,121.85,yahoo
2017-02-24,QQQ,130.26,122.09,yahoo
2017-02-27,QQQ,130.42,122.24,yahoo
2017-02-28,QQQ,130.02,121.86,yahoo
2017-03-01,QQQ,131.44,123.19,yahoo
2017-03-02,QQQ,130.78,122.58,yahoo
2017-03-03,QQQ,131.02,122.80,yahoo
2017-03-06,QQQ,130.73,122.53,yahoo
2017-03-07,QQQ,130.51,122.32,yahoo
2017-03-08,QQQ,130.74,122.54,yahoo
2017-03-09,QQQ,130.84,122.63,yahoo
2017-03-10,QQQ,131.39,123.15,yahoo
2017-03-13,QQQ,131.61,123.35,yahoo
2017-03-14,QQQ,131.29,123.05,yahoo
2017-03-15,QQQ,132.10,123.81,yahoo
2017-03-16,QQQ,132.01,123.73,yahoo
2017-03-17,QQQ,131.69,123.69,yahoo
2017-03-20,QQQ,131.81,123.80,yahoo
2017-03-21,QQQ,129.81,121.92,yahoo
2017-03-22,QQQ,130.69,122.75,yahoo
2017-03-23,QQQ,130.36,122.44,yahoo
2017-03-24,QQQ,130.63,122.69,yahoo
2017-03-27,QQQ,130.84,122.89,yahoo
2017-03-28,QQQ,131.64,123.64,yahoo
2017-03-29,QQQ,132.25,124.21,yahoo
2017-03-30,QQQ,132.47,124.42,yahoo
2017-03-31,QQQ,132.38,124.33,yahoo
2017-04-03,QQQ,132.30,124.26,yahoo
2017-04-04,QQQ,132.51,124.46,yahoo
2017-04-05,QQQ,131.97,123.95,yahoo
2017-04-06,QQQ,132.04,124.01,yahoo
2017-04-07,QQQ,131.97,123.95,yahoo
2017-04-10,QQQ,132.02,124.00,yahoo
2017-04-11,QQQ,131.45,123.46,yahoo
2017-04-12,QQQ,130.92,122.96,yahoo
2017-04-13,QQQ,130.40,122.47,yahoo
2017-04-17,QQQ,131.48,123.49,yahoo
2017-04-18,QQQ,131.28,123.30,yahoo
2017-04-19,QQQ,131.49,123.50,yahoo
2017-04-20,QQQ,132.59,124.53,yahoo
2017-04-21,QQQ,132.56,124.50,yahoo
2017-04-24,QQQ,134.16,126.00,yahoo
2017-04-25,QQQ,135.13,126.92,yahoo
2017-04-26,QQQ,134.94,126.74,yahoo
2017-04-27,QQQ,135.75,127.50,yahoo
2017-04-28,QQQ,135.99,127.72,yahoo
2017-05-01,QQQ,137.20,128.86,yahoo
2017-05-02,QQQ,137.43,129.08,yahoo
2017-05-03,QQQ,136.99,128.66,yahoo
2017-05-04,QQQ,137.04,128.71,yahoo
2017-05-05,QQQ,137.54,129.18,yahoo
2017-05-08,QQQ,137.84,129.46,yahoo
2017-05-09,QQQ,138.32,129.91,yahoo
2017-05-10,QQQ,138.40,129.99,yahoo
2017-05-11,QQQ,138.29,129.88,yahoo
2017-05-12,QQQ,138.60,130.18,yahoo
2017-05-15,QQQ,139.04,130.59,yahoo
2017-05-16,QQQ,139.62,131.13,yahoo
2017-05-17,QQQ,136.07,127.80,yahoo
2017-05-18,QQQ,137.26,128.92,yahoo
2017-05-19,QQQ,137.84,129.46,yahoo
2017-05-22,QQQ,139,130.55,yahoo
2017-05-23,QQQ,139.14,130.68,yahoo
2017-05-24,QQQ,139.78,131.28,yahoo
2017-05-25,QQQ,140.97,132.40,yahoo
2017-05-26,QQQ,141.22,132.64,yahoo
2017-05-30,QQQ,141.34,132.75,yahoo
2017-05-31,QQQ,141.29,132.70,yahoo
2017-06-01,QQQ,141.84,133.22,yahoo
2017-06-02,QQQ,143.46,134.74,yahoo
2017-06-05,QQQ,143.43,134.71,yahoo
2017-06-06,QQQ,142.86,134.18,yahoo
2017-06-07,QQQ,143.42,134.70,yahoo
2017-06-08,QQQ,143.57,134.84,yahoo
2017-06-09,QQQ,139.98,131.47,yahoo
2017-06-12,QQQ,139.23,130.77,yahoo
2017-06-13,QQQ,140.36,131.83,yahoo
2017-06-14,QQQ,139.75,131.26,yahoo
2017-06-15,QQQ,139.13,130.67,yahoo
2017-06-16,QQQ,138.15,130.11,yahoo
2017-06-19,QQQ,140.46,132.28,yahoo
2017-06-20,QQQ,139.36,131.25,yahoo
2017-06-21,QQQ,140.74,132.54,yahoo
2017-06-22,QQQ,140.70,132.51,yahoo
2017-06-23,QQQ,141.24,133.02,yahoo
2017-06-26,QQQ,140.58,132.39,yahoo
2017-06-27,QQQ,138.03,129.99,yahoo
2017-06-28,QQQ,140.02,131.87,yahoo
2017-06-29,QQQ,137.59,129.58,yahoo
2017-06-30,QQQ,137.64,129.63,yahoo
2017-07-03,QQQ,136.19,128.26,yahoo
2017-07-05,QQQ,137.53,129.52,yahoo
2017-07-06,QQQ,136.29,128.35,yahoo
2017-07-07,QQQ,137.76,129.74,yahoo
2017-07-10,QQQ,138.66,130.59,yahoo
2017-07-11,QQQ,139.05,130.95,yahoo
2017-07-12,QQQ,140.70,132.51,yahoo
2017-07-13,QQQ,141.01,132.80,yahoo
2017-07-14,QQQ,142.12,133.84,yahoo
2017-07-17,QQQ,142.19,133.91,yahoo
2017-07-18,QQQ,143.14,134.81,yahoo
2017-07-19,QQQ,143.98,135.60,yahoo
2017-07-20,QQQ,144.17,135.78,yahoo
2017-07-21,QQQ,144.11,135.72,yahoo
2017-07-24,QQQ,144.77,136.34,yahoo
2017-07-25,QQQ,144.40,135.99,yahoo
2017-07-26,QQQ,144.87,136.43,yahoo
2017-07-27,QQQ,143.96,135.58,yahoo
2017-07-28,QQQ,143.84,135.46,yahoo
2017-07-31,QQQ,143.23,134.89,yahoo
2017-08-01,QQQ,143.56,135.20,yahoo
2017-08-02,QQQ,143.95,135.57,yahoo
2017-08-03,QQQ,143.39,135.04,yahoo
2017-08-04,QQQ,143.65,135.29,yahoo
2017-08-07,QQQ,144.56,136.14,yahoo
2017-08-08,QQQ,144.31,135.91,yahoo
2017-08-09,QQQ,144.12,135.73,yahoo
2017-08-10,QQQ,141.03,132.82,yahoo
2017-08-11,QQQ,142.10,133.83,yahoo
2017-08-14,QQQ,143.93,135.55,yahoo
2017-08-15,QQQ,144.03,135.64,yahoo
2017-08-16,QQQ,144.28,135.88,yahoo
2017-08-17,QQQ,141.33,133.10,yahoo
2017-08-18,QQQ,141.23,133.01,yahoo
2017-08-21,QQQ,141.05,132.84,yahoo
2017-08-22,QQQ,143.20,134.86,yahoo
2017-08-23,QQQ,142.69,134.38,yahoo
2017-08-24,QQQ,142.27,133.99,yahoo
2017-08-25,QQQ,141.97,133.70,yahoo
2017-08-28,QQQ,142.41,134.12,yahoo
2017-08-29,QQQ,142.97,134.65,yahoo
2017-08-30,QQQ,144.65,136.23,yahoo
2017-08-31,QQQ,146.20,137.69,yahoo
2017-09-01,QQQ,146,137.50,yahoo
2017-09-05,QQQ,144.69,136.27,yahoo
2017-09-06,QQQ,145.13,136.68,yahoo
2017-09-07,QQQ,145.47,137.00,yahoo
2017-09-08,QQQ,144.21,135.81,yahoo
2017-09-11,QQQ,145.87,137.38,yahoo
2017-09-12,QQQ,146.22,137.71,yahoo
2017-09-13,QQQ,146.42,137.89,yahoo
2017-09-14,QQQ,145.56,137.08,yahoo
2017-09-15,QQQ,146.06,137.56,yahoo
2017-09-18,QQQ,145.55,137.38,yahoo
2017-09-19,QQQ,145.80,137.61,yahoo
2017-09-20,QQQ,145.35,137.19,yahoo
2017-09-21,QQQ,144.46,136.35,yahoo
2017-09-22,QQQ,144.32,136.21,yahoo
2017-09-25,QQQ,142.80,134.78,yahoo
2017-09-26,QQQ,143.17,135.13,yahoo
2017-09-27,QQQ,144.46,136.35,yahoo
2017-09-28,QQQ,144.41,136.30,yahoo
2017-09-29,QQQ,145.45,137.28,yahoo
2017-10-02,QQQ,145.58,137.40,yahoo
2017-10-03,QQQ,145.89,137.70,yahoo
2017-10-04,QQQ,146.03,137.83,yahoo
2017-10-05,QQQ,147.46,139.18,yahoo
2017-10-06,QQQ,147.66,139.37,yahoo
2017-10-09,QQQ,147.49,139.21,yahoo
2017-10-10,QQQ,147.60,139.31,yahoo
2017-10-11,QQQ,148.04,139.73,yahoo
2017-10-12,QQQ,147.77,139.47,yahoo
2017-10-13,QQQ,148.34,140.01,yahoo
2017-10-16,QQQ,148.85,140.49,yahoo
2017-10-17,QQQ,149.04,140.67,yahoo
2017-10-18,QQQ,148.86,140.50,yahoo
2017-10-19,QQQ,148.31,139.98,yahoo
2017-10-20,QQQ,148.71,140.36,yahoo
2017-10-23,QQQ,147.74,139.44,yahoo
2017-10-24,QQQ,147.99,139.68,yahoo
2017-10-25,QQQ,147.43,139.15,yahoo
2017-10-26,QQQ,146.96,138.71,yahoo
2017-10-27,QQQ,151.24,142.75,yahoo
2017-10-30,QQQ,151.58,143.07,yahoo
2017-10-31,QQQ,152.15,143.60,yahoo
2017-11-01,QQQ,152.10,143.56,yahoo
2017-11-02,QQQ,151.81,143.28,yahoo
2017-11-03,QQQ,153.27,144.66,yahoo
2017-11-06,QQQ,153.79,145.15,yahoo
2017-11-07,QQQ,153.88,145.24,yahoo
2017-11-08,QQQ,154.50,145.82,yahoo
2017-11-09,QQQ,153.69,145.06,yahoo
2017-11-10,QQQ,153.68,145.05,yahoo
2017-11-13,QQQ,153.87,145.23,yahoo
2017-11-14,QQQ,153.31,144.70,yahoo
2017-11-15,QQQ,152.59,144.02,yahoo
2017-11-16,QQQ,154.54,145.86,yahoo
2017-11-17,QQQ,153.95,145.30,yahoo
2017-11-20,QQQ,153.83,145.19,yahoo
2017-11-21,QQQ,155.50,146.77,yahoo
2017-11-22,QQQ,155.69,146.95,yahoo
2017-11-24,QQQ,156.26,147.48,yahoo
2017-11-27,QQQ,156.19,147.42,yahoo
2017-11-28,QQQ,156.59,147.79,yahoo
2017-11-29,QQQ,153.86,145.22,yahoo
2017-11-30,QQQ,155.15,146.44,yahoo
2017-12-01,QQQ,154.49,145.81,yahoo
2017-12-04,QQQ,152.71,144.13,yahoo
2017-12-05,QQQ,152.81,144.23,yahoo
2017-12-06,QQQ,153.50,144.88,yahoo
2017-12-07,QQQ,154.02,145.37,yahoo
2017-12-08,QQQ,154.70,146.01,yahoo
2017-12-11,QQQ,155.90,147.14,yahoo
2017-12-12,QQQ,155.69,146.95,yahoo
2017-12-13,QQQ,155.99,147.23,yahoo
2017-12-14,QQQ,155.88,147.12,yahoo
2017-12-15,QQQ,157.65,148.80,yahoo
2017-12-18,QQQ,158.64,150.04,yahoo
2017-12-19,QQQ,157.70,149.15,yahoo
2017-12-20,QQQ,157.53,148.99,yahoo
2017-12-21,QQQ,157.55,149.01,yahoo
2017-12-22,QQQ,157.37,148.84,yahoo
2017-12-26,QQQ,156.52,148.04,yahoo
2017-12-27,QQQ,156.54,148.06,yahoo
2017-12-28,QQQ,156.73,148.24,yahoo
2017-12-29,QQQ,155.76,147.32,yahoo
2018-01-02,QQQ,158.49,149.90,yahoo
2018-01-03,QQQ,160.03,151.36,yahoo
2018-01-04,QQQ,160.31,151.62,yahoo
2018-01-05,QQQ,161.92,153.15,yahoo
2018-01-08,QQQ,162.55,153.74,yahoo
2018-01-09,QQQ,162.56,153.75,yahoo
2018-01-10,QQQ,162.18,153.39,yahoo
2018-01-11,QQQ,163.29,154.44,yahoo
2018-01-12,QQQ,164.49,155.58,yahoo
2018-01-16,QQQ,164.02,155.13,yahoo
2018-01-17,QQQ,165.79,156.81,yahoo
2018-01-18,QQQ,165.82,156.83,yahoo
2018-01-19,QQQ,166.34,157.33,yahoo
2018-01-22,QQQ,168.12,159.01,yahoo
2018-01-23,QQQ,169.51,160.32,yahoo
2018-01-24,QQQ,168.41,159.28,yahoo
2018-01-25,QQQ,168.35,159.23,yahoo
2018-01-26,QQQ,170.93,161.67,yahoo
2018-01-29,QQQ,170.10,160.88,yahoo
2018-01-30,QQQ,168.70,159.56,yahoo
2018-01-31,QQQ,169.40,160.22,yahoo
2018-02-01,QQQ,167.96,158.86,yahoo
2018-02-02,QQQ,164.61,155.69,yahoo
2018-02-05,QQQ,158.12,149.55,yahoo
2018-02-06,QQQ,162.31,153.51,yahoo
2018-02-07,QQQ,160.21,151.53,yahoo
2018-02-08,QQQ,153.45,145.13,yahoo
2018-02-09,QQQ,156.10,147.64,yahoo
2018-02-12,QQQ,158.87,150.26,yahoo
2018-02-13,QQQ,159.69,151.04,yahoo
2018-02-14,QQQ,162.68,153.86,yahoo
2018-02-15,QQQ,165.70,156.72,yahoo
2018-02-16,QQQ,164.96,156.02,yahoo
2018-02-20,QQQ,165.29,156.33,yahoo
2018-02-21,QQQ,164.82,155.89,yahoo
2018-02-22,QQQ,164.80,155.87,yahoo
2018-02-23,QQQ,168.17,159.06,yahoo
2018-02-26,QQQ,170.40,161.17,yahoo
2018-02-27,QQQ,168.29,159.17,yahoo
2018-02-28,QQQ,167.21,158.15,yahoo
2018-03-01,QQQ,164.48,155.57,yahoo
2018-03-02,QQQ,165.99,156.99,yahoo
2018-03-05,QQQ,167.83,158.73,yahoo
2018-03-06,QQQ,168.54,159.41,yahoo
2018-03-07,QQQ,168.93,159.78,yahoo
2018-03-08,QQQ,169.86,160.65,yahoo
2018-03-09,QQQ,173.16,163.78,yahoo
2018-03-12,QQQ,174.08,164.65,yahoo
2018-03-13,QQQ,171.71,162.40,yahoo
2018-03-14,QQQ,171.68,162.38,yahoo
2018-03-15,QQQ,171.53,162.23,yahoo
2018-03-16,QQQ,171.02,161.75,yahoo
2018-03-19,QQQ,167.10,158.30,yahoo
2018-03-20,QQQ,167.65,158.82,yahoo
2018-03-21,QQQ,166.92,158.13,yahoo
2018-03-22,QQQ,162.80,154.23,yahoo
2018-03-23,QQQ,158.51,150.16,yahoo
2018-03-26,QQQ,164.40,155.74,yahoo
2018-03-27,QQQ,159.08,150.70,yahoo
2018-03-28,QQQ,157.25,148.97,yahoo
2018-03-29,QQQ,160.13,151.70,yahoo
2018-04-02,QQQ,155.51,147.32,yahoo
2018-04-03,QQQ,157.26,148.98,yahoo
2018-04-04,QQQ,159.74,151.33,yahoo
2018-04-05,QQQ,160.65,152.19,yahoo
2018-04-06,QQQ,156.63,148.38,yahoo
2018-04-09,QQQ,157.73,149.42,yahoo
2018-04-10,QQQ,161.21,152.72,yahoo
2018-04-11,QQQ,160.28,151.84,yahoo
2018-04-12,QQQ,162.21,153.67,yahoo
2018-04-13,QQQ,161.37,152.87,yahoo
2018-04-16,QQQ,162.60,154.04,yahoo
2018-04-17,QQQ,166.10,157.35,yahoo
2018-04-18,QQQ,166.44,157.68,yahoo
2018-04-19,QQQ,164.91,156.23,yahoo
2018-04-20,QQQ,162.30,153.75,yahoo
2018-04-23,QQQ,161.89,153.37,yahoo
2018-04-24,QQQ,158.46,150.12,yahoo
2018-04-25,QQQ,158.65,150.30,yahoo
2018-04-26,QQQ,161.99,153.46,yahoo
2018-04-27,QQQ,162.09,153.55,yahoo
2018-04-30,QQQ,160.94,152.47,yahoo
2018-05-01,QQQ,162.78,154.21,yahoo
2018-05-02,QQQ,161.82,153.30,yahoo
2018-05-03,QQQ,161.80,153.28,yahoo
2018-05-04,QQQ,164.87,156.19,yahoo
2018-05-07,QQQ,166.24,157.49,yahoo
2018-05-08,QQQ,166.07,157.33,yahoo
2018-05-09,QQQ,167.88,159.04,yahoo
2018-05-10,QQQ,169.62,160.69,yahoo
2018-05-11,QQQ,169.46,160.54,yahoo
2018-05-14,QQQ,169.75,160.81,yahoo
2018-05-15,QQQ,167.87,159.03,yahoo
2018-05-16,QQQ,168.98,160.08,yahoo
2018-05-17,QQQ,168.33,159.47,yahoo
2018-05-18,QQQ,167.46,158.64,yahoo
2018-05-21,QQQ,168.40,159.53,yahoo
2018-05-22,QQQ,168.18,159.32,yahoo
2018-05-23,QQQ,169.60,160.67,yahoo
2018-05-24,QQQ,169.55,160.62,yahoo
2018-05-25,QQQ,169.72,160.78,yahoo
2018-05-29,QQQ,168.97,160.07,yahoo
2018-05-30,QQQ,170.18,161.22,yahoo
2018-05-31,QQQ,170.07,161.11,yahoo
2018-06-01,QQQ,172.74,163.64,yahoo
2018-06-04,QQQ,174.30,165.12,yahoo
2018-06-05,QQQ,174.84,165.63,yahoo
2018-06-06,QQQ,175.86,166.60,yahoo
2018-06-07,QQQ,174.43,165.24,yahoo
2018-06-08,QQQ,174.44,165.25,yahoo
2018-06-11,QQQ,174.91,165.70,yahoo
2018-06-12,QQQ,175.83,166.57,yahoo
2018-06-13,QQQ,175.82,166.56,yahoo
2018-06-14,QQQ,177.60,168.25,yahoo
2018-06-15,QQQ,176.98,167.66,yahoo
2018-06-18,QQQ,176.50,167.56,yahoo
2018-06-19,QQQ,176,167.09,yahoo
2018-06-20,QQQ,177.25,168.28,yahoo
2018-06-21,QQQ,175.71,166.81,yahoo
2018-06-22,QQQ,175.32,166.44,yahoo
2018-06-25,QQQ,171.37,162.69,yahoo
2018-06-26,QQQ,172.07,163.36,yahoo
2018-06-27,QQQ,169.73,161.14,yahoo
2018-06-28,QQQ,171.19,162.52,yahoo
2018-06-29,QQQ,171.65,162.96,yahoo
2018-07-02,QQQ,172.80,164.05,yahoo
2018-07-03,QQQ,170.80,162.15,yahoo
2018-07-05,QQQ,172.92,164.16,yahoo
2018-07-06,QQQ,175.61,166.72,yahoo
2018-07-09,QQQ,177.19,168.22,yahoo
2018-07-10,QQQ,177.32,168.34,yahoo
2018-07-11,QQQ,176.42,167.49,yahoo
2018-07-12,QQQ,179.46,170.37,yahoo
2018-07-13,QQQ,179.61,170.52,yahoo
2018-07-16,QQQ,179.18,170.11,yahoo
2018-07-17,QQQ,180.27,171.14,yahoo
2018-07-18,QQQ,179.93,170.82,yahoo
2018-07-19,QQQ,179.03,169.97,yahoo
2018-07-20,QQQ,178.99,169.93,yahoo
2018-07-23,QQQ,179.56,170.47,yahoo
2018-07-24,QQQ,180.30,171.17,yahoo
2018-07-25,QQQ,182.82,173.56,yahoo
2018-07-26,QQQ,180.05,170.93,yahoo
2018-07-27,QQQ,177.62,168.63,yahoo
2018-07-30,QQQ,175.11,166.24,yahoo
2018-07-31,QQQ,176.45,167.52,yahoo
2018-08-01,QQQ,177.12,168.15,yahoo
2018-08-02,QQQ,179.53,170.44,yahoo
2018-08-03,QQQ,180.08,170.96,yahoo
2018-08-06,QQQ,181.14,171.97,yahoo
2018-08-07,QQQ,181.80,172.60,yahoo
2018-08-08,QQQ,182.02,172.80,yahoo
2018-08-09,QQQ,181.91,172.70,yahoo
2018-08-10,QQQ,180.52,171.38,yahoo
2018-08-13,QQQ,180.32,171.19,yahoo
2018-08-14,QQQ,181.45,172.26,yahoo
2018-08-15,QQQ,179.23,170.16,yahoo
2018-08-16,QQQ,179.82,170.72,yahoo
2018-08-17,QQQ,179.86,170.75,yahoo
2018-08-20,QQQ,179.70,170.60,yahoo
2018-08-21,QQQ,180.36,171.23,yahoo
2018-08-22,QQQ,181.06,171.89,yahoo
2018-08-23,QQQ,180.80,171.65,yahoo
2018-08-24,QQQ,182.48,173.24,yahoo
2018-08-27,QQQ,184.34,175.01,yahoo
2018-08-28,QQQ,184.61,175.26,yahoo
2018-08-29,QQQ,186.74,177.29,yahoo
2018-08-30,QQQ,186.41,176.97,yahoo
2018-08-31,QQQ,186.65,177.20,yahoo
2018-09-04,QQQ,185.85,176.44,yahoo
2018-09-05,QQQ,183.45,174.16,yahoo
2018-09-06,QQQ,181.81,172.60,yahoo
2018-09-07,QQQ,181.11,171.94,yahoo
2018-09-10,QQQ,181.72,172.52,yahoo
2018-09-11,QQQ,183.12,173.85,yahoo
2018-09-12,QQQ,182.58,173.34,yahoo
2018-09-13,QQQ,184.53,175.19,yahoo
2018-09-14,QQQ,183.99,174.67,yahoo
2018-09-17,QQQ,181.34,172.16,yahoo
2018-09-18,QQQ,182.84,173.58,yahoo
2018-09-19,QQQ,182.70,173.45,yahoo
2018-09-20,QQQ,184.72,175.37,yahoo
2018-09-21,QQQ,183.71,174.41,yahoo
2018-09-24,QQQ,183.89,174.89,yahoo
2018-09-25,QQQ,184.14,175.13,yahoo
2018-09-26,QQQ,184.27,175.26,yahoo
2018-09-27,QQQ,185.83,176.74,yahoo
2018-09-28,QQQ,185.79,176.70,yahoo
2018-10-01,QQQ,186.17,177.06,yahoo
2018-10-02,QQQ,185.75,176.66,yahoo
2018-10-03,QQQ,185.95,176.85,yahoo
2018-10-04,QQQ,182.38,173.46,yahoo
2018-10-05,QQQ,180.15,171.34,yahoo
2018-10-08,QQQ,179.05,170.29,yahoo
2018-10-09,QQQ,179.63,170.84,yahoo
2018-10-10,QQQ,171.73,163.33,yahoo
2018-10-11,QQQ,169.60,161.30,yahoo
2018-10-12,QQQ,174.32,165.79,yahoo
2018-10-15,QQQ,172.21,163.79,yahoo
2018-10-16,QQQ,177.22,168.55,yahoo
2018-10-17,QQQ,177.29,168.62,yahoo
2018-10-18,QQQ,173.18,164.71,yahoo
2018-10-19,QQQ,173.02,164.56,yahoo
2018-10-22,QQQ,173.91,165.40,yahoo
2018-10-23,QQQ,173.27,164.79,yahoo
2018-10-24,QQQ,165.34,157.25,yahoo
2018-10-25,QQQ,171.06,162.69,yahoo
2018-10-26,QQQ,166.66,158.51,yahoo
2018-10-29,QQQ,163.23,155.24,yahoo
2018-10-30,QQQ,165.92,157.80,yahoo
2018-10-31,QQQ,169.82,161.51,yahoo
2018-11-01,QQQ,172.06,163.64,yahoo
2018-11-02,QQQ,169.38,161.09,yahoo
2018-11-05,QQQ,168.96,160.69,yahoo
2018-11-06,QQQ,170.24,161.91,yahoo
2018-11-07,QQQ,175.58,166.99,yahoo
2018-11-08,QQQ,174.46,165.93,yahoo
2018-11-09,QQQ,171.52,163.13,yahoo
2018-11-12,QQQ,166.33,158.19,yahoo
2018-11-13,QQQ,166.47,158.33,yahoo
2018-11-14,QQQ,165.20,157.12,yahoo
2018-11-15,QQQ,168.09,159.87,yahoo
2018-11-16,QQQ,167.50,159.31,yahoo
2018-11-19,QQQ,162.06,154.13,yahoo
2018-11-20,QQQ,159.16,151.37,yahoo
2018-11-21,QQQ,160.37,152.52,yahoo
2018-11-23,QQQ,159.21,151.42,yahoo
2018-11-26,QQQ,162.89,154.92,yahoo
2018-11-27,QQQ,163.44,155.44,yahoo
2018-11-28,QQQ,168.70,160.45,yahoo
2018-11-29,QQQ,168.15,159.92,yahoo
2018-11-30,QQQ,169.37,161.08,yahoo
2018-12-03,QQQ,172.33,163.90,yahoo
2018-12-04,QQQ,165.72,157.61,yahoo
2018-12-06,QQQ,166.89,158.73,yahoo
2018-12-07,QQQ,161.38,153.49,yahoo
2018-12-10,QQQ,163.07,155.09,yahoo
2018-12-11,QQQ,163.61,155.61,yahoo
2018-12-12,QQQ,165.05,156.98,yahoo
2018-12-13,QQQ,165.10,157.02,yahoo
2018-12-14,QQQ,161.08,153.20,yahoo
2018-12-17,QQQ,157.43,149.73,yahoo
2018-12-18,QQQ,158.42,150.67,yahoo
2018-12-19,QQQ,154.53,146.97,yahoo
2018-12-20,QQQ,152.29,144.84,yahoo
2018-12-21,QQQ,147.57,140.35,yahoo
2018-12-24,QQQ,143.50,136.87,yahoo
2018-12-26,QQQ,152.46,145.42,yahoo
2018-12-27,QQQ,153.05,145.98,yahoo
2018-12-28,QQQ,152.97,145.90,yahoo
2018-12-31,QQQ,154.26,147.13,yahoo
2019-01-02,QQQ,154.88,147.72,yahoo
2019-01-03,QQQ,149.82,142.90,yahoo
2019-01-04,QQQ,156.23,149.01,yahoo
2019-01-07,QQQ,158.09,150.79,yahoo
2019-01-08,QQQ,159.52,152.15,yahoo
2019-01-09,QQQ,160.82,153.39,yahoo
2019-01-10,QQQ,161.28,153.83,yahoo
2019-01-11,QQQ,160.69,153.27,yahoo
2019-01-14,QQQ,159.27,151.91,yahoo
2019-01-15,QQQ,162.38,154.88,yahoo
2019-01-16,QQQ,162.35,154.85,yahoo
2019-01-17,QQQ,163.63,156.07,yahoo
2019-01-18,QQQ,165.25,157.62,yahoo
2019-01-22,QQQ,161.94,154.46,yahoo
2019-01-23,QQQ,162.15,154.66,yahoo
2019-01-24,QQQ,163.20,155.66,yahoo
2019-01-25,QQQ,165.15,157.52,yahoo
2019-01-28,QQQ,163.11,155.57,yahoo
2019-01-29,QQQ,161.57,154.11,yahoo
2019-01-30,QQQ,165.68,158.03,yahoo
2019-01-31,QQQ,168.16,160.39,yahoo
2019-02-01,QQQ,167.45,159.71,yahoo
2019-02-04,QQQ,169.53,161.70,yahoo
2019-02-05,QQQ,171.03,163.13,yahoo
2019-02-06,QQQ,170.52,162.64,yahoo
2019-02-07,QQQ,168.23,160.46,yahoo
2019-02-08,QQQ,168.56,160.77,yahoo
2019-02-11,QQQ,168.40,160.62,yahoo
2019-02-12,QQQ,170.89,162.99,yahoo
2019-02-13,QQQ,171.01,163.11,yahoo
2019-02-14,QQQ,171.22,163.31,yahoo
2019-02-15,QQQ,171.94,164.00,yahoo
2019-02-19,QQQ,172.28,164.32,yahoo
2019-02-20,QQQ,172.25,164.29,yahoo
2019-02-21,QQQ,171.62,163.69,yahoo
2019-02-22,QQQ,172.89,164.90,yahoo
2019-02-25,QQQ,173.52,165.50,yahoo
2019-02-26,QQQ,173.70,165.67,yahoo
2019-02-27,QQQ,173.59,165.57,yahoo
2019-02-28,QQQ,173.19,165.19,yahoo
2019-03-01,QQQ,174.39,166.33,yahoo
2019-03-04,QQQ,174.42,166.36,yahoo
2019-03-05,QQQ,174.55,166.49,yahoo
2019-03-06,QQQ,173.56,165.54,yahoo
2019-03-07,QQQ,171.43,163.51,yahoo
2019-03-08,QQQ,171.17,163.26,yahoo
2019-03-11,QQQ,174.73,166.66,yahoo
2019-03-12,QQQ,175.69,167.57,yahoo
2019-03-13,QQQ,177.01,168.83,yahoo
2019-03-14,QQQ,176.71,168.55,yahoo
2019-03-15,QQQ,178.35,170.11,yahoo
2019-03-18,QQQ,178.45,170.52,yahoo
2019-03-19,QQQ,179.05,171.09,yahoo
2019-03-20,QQQ,179.76,171.77,yahoo
2019-03-21,QQQ,182.57,174.45,yahoo
2019-03-22,QQQ,178.56,170.62,yahoo
2019-03-25,QQQ,178.22,170.30,yahoo
2019-03-26,QQQ,179.05,171.09,yahoo
2019-03-27,QQQ,177.90,169.99,yahoo
2019-03-28,QQQ,178.31,170.38,yahoo
2019-03-29,QQQ,179.66,171.67,yahoo
2019-04-01,QQQ,182.04,173.95,yahoo
2019-04-02,QQQ,182.73,174.60,yahoo
2019-04-03,QQQ,183.78,175.61,yahoo
2019-04-04,QQQ,183.71,175.54,yahoo
2019-04-05,QQQ,184.66,176.45,yahoo
2019-04-08,QQQ,185.13,176.90,yahoo
2019-04-09,QQQ,184.48,176.28,yahoo
2019-04-10,QQQ,185.47,177.22,yahoo
2019-04-11,QQQ,185.03,176.80,yahoo
2019-04-12,QQQ,185.83,177.57,yahoo
2019-04-15,QQQ,185.86,177.60,yahoo
2019-04-16,QQQ,186.50,178.21,yahoo
2019-04-17,QQQ,187.15,178.83,yahoo
2019-04-18,QQQ,187.39,179.06,yahoo
2019-04-22,QQQ,187.92,179.56,yahoo
2019-04-23,QQQ,190.31,181.85,yahoo
2019-04-24,QQQ,189.71,181.27,yahoo
2019-04-25,QQQ,190.48,182.01,yahoo
2019-04-26,QQQ,190.65,182.17,yahoo
2019-04-29,QQQ,191.02,182.53,yahoo
2019-04-30,QQQ,189.54,181.11,yahoo
2019-05-01,QQQ,188.93,180.53,yahoo
2019-05-02,QQQ,188.11,179.75,yahoo
2019-05-03,QQQ,191.11,182.61,yahoo
2019-05-06,QQQ,189.94,181.49,yahoo
2019-05-07,QQQ,186.24,177.96,yahoo
2019-05-08,QQQ,185.77,177.51,yahoo
2019-05-09,QQQ,184.77,176.55,yahoo
2019-05-10,QQQ,185,176.77,yahoo
2019-05-13,QQQ,178.58,170.64,yahoo
2019-05-14,QQQ,180.54,172.51,yahoo
2019-05-15,QQQ,183.09,174.95,yahoo
2019-05-16,QQQ,184.93,176.71,yahoo
2019-05-17,QQQ,183.04,174.90,yahoo
2019-05-20,QQQ,179.95,171.95,yahoo
2019-05-21,QQQ,181.83,173.74,yahoo
2019-05-22,QQQ,181.02,172.97,yahoo
2019-05-23,QQQ,178.25,170.32,yahoo
2019-05-24,QQQ,178.16,170.24,yahoo
2019-05-28,QQQ,177.49,169.60,yahoo
2019-05-29,QQQ,176.03,168.20,yahoo
2019-05-30,QQQ,176.77,168.91,yahoo
2019-05-31,QQQ,173.95,166.22,yahoo
2019-06-03,QQQ,170.12,162.56,yahoo
2019-06-04,QQQ,174.91,167.13,yahoo
2019-06-05,QQQ,176.21,168.37,yahoo
2019-06-06,QQQ,177.61,169.71,yahoo
2019-06-07,QQQ,181.04,172.99,yahoo
2019-06-10,QQQ,183.15,175.01,yahoo
2019-06-11,QQQ,183.40,175.25,yahoo
2019-06-12,QQQ,182.34,174.23,yahoo
2019-06-13,QQQ,183.42,175.26,yahoo
2019-06-14,QQQ,182.64,174.52,yahoo
2019-06-17,QQQ,183.74,175.57,yahoo
2019-06-18,QQQ,186.41,178.12,yahoo
2019-06-19,QQQ,187.11,178.79,yahoo
2019-06-20,QQQ,188.85,180.45,yahoo
2019-06-21,QQQ,188.57,180.19,yahoo
2019-06-24,QQQ,188.16,180.19,yahoo
2019-06-25,QQQ,184.93,177.10,yahoo
2019-06-26,QQQ,185.79,177.92,yahoo
2019-06-27,QQQ,186.50,178.60,yahoo
2019-06-28,QQQ,186.74,178.83,yahoo
2019-07-01,QQQ,189.26,181.24,yahoo
2019-07-02,QQQ,190.01,181.96,yahoo
2019-07-03,QQQ,191.44,183.33,yahoo
2019-07-05,QQQ,191.05,182.96,yahoo
2019-07-08,QQQ,189.71,181.68,yahoo
2019-07-09,QQQ,190.66,182.59,yahoo
2019-07-10,QQQ,192.56,184.40,yahoo
2019-07-11,QQQ,192.42,184.27,yahoo
2019-07-12,QQQ,193.53,185.33,yahoo
2019-07-15,QQQ,194.15,185.93,yahoo
2019-07-16,QQQ,193.15,184.97,yahoo
2019-07-17,QQQ,192.20,184.06,yahoo
2019-07-18,QQQ,192.42,184.27,yahoo
2019-07-19,QQQ,191.01,182.92,yahoo
2019-07-22,QQQ,192.53,184.38,yahoo
2019-07-23,QQQ,193.79,185.58,yahoo
2019-07-24,QQQ,195.15,186.88,yahoo
2019-07-25,QQQ,193.30,185.11,yahoo
2019-07-26,QQQ,195.29,187.02,yahoo
2019-07-29,QQQ,194.62,186.38,yahoo
2019-07-30,QQQ,193.78,185.57,yahoo
2019-07-31,QQQ,191.10,183.01,yahoo
2019-08-01,QQQ,190.15,182.10,yahoo
2019-08-02,QQQ,187.35,179.42,yahoo
2019-08-05,QQQ,180.73,173.08,yahoo
2019-08-06,QQQ,183.26,175.50,yahoo
2019-08-07,QQQ,184.25,176.45,yahoo
2019-08-08,QQQ,188.26,180.29,yahoo
2019-08-09,QQQ,186.49,178.59,yahoo
2019-08-12,QQQ,184.35,176.54,yahoo
2019-08-13,QQQ,188.39,180.41,yahoo
2019-08-14,QQQ,182.76,175.02,yahoo
2019-08-15,QQQ,182.55,174.82,yahoo
2019-08-16,QQQ,185.48,177.62,yahoo
2019-08-19,QQQ,188.43,180.45,yahoo
2019-08-20,QQQ,186.97,179.05,yahoo
2019-08-21,QQQ,188.63,180.64,yahoo
2019-08-22,QQQ,188.02,180.06,yahoo
2019-08-23,QQQ,182.07,174.36,yahoo
2019-08-26,QQQ,184.82,176.99,yahoo
2019-08-27,QQQ,184.43,176.62,yahoo
2019-08-28,QQQ,185.09,177.25,yahoo
2019-08-29,QQQ,187.92,179.96,yahoo
2019-08-30,QQQ,187.47,179.53,yahoo
2019-09-03,QQQ,185.65,177.79,yahoo
2019-09-04,QQQ,188.33,180.35,yahoo
2019-09-05,QQQ,191.78,183.66,yahoo
2019-09-06,QQQ,191.59,183.48,yahoo
2019-09-09,QQQ,191.19,183.09,yahoo
2019-09-10,QQQ,190.64,182.57,yahoo
2019-09-11,QQQ,192.43,184.28,yahoo
2019-09-12,QQQ,193.23,185.05,yahoo
2019-09-13,QQQ,192.54,184.39,yahoo
2019-09-16,QQQ,191.68,183.56,yahoo
2019-09-17,QQQ,192.60,184.44,yahoo
2019-09-18,QQQ,192.52,184.37,yahoo
2019-09-19,QQQ,192.84,184.67,yahoo
2019-09-20,QQQ,190.80,182.72,yahoo
2019-09-23,QQQ,190.50,182.80,yahoo
2019-09-24,QQQ,187.97,180.37,yahoo
2019-09-25,QQQ,190.08,182.40,yahoo
2019-09-26,QQQ,189.38,181.72,yahoo
2019-09-27,QQQ,187.03,179.47,yahoo
2019-09-30,QQQ,188.81,181.18,yahoo
2019-10-01,QQQ,187.27,179.70,yahoo
2019-10-02,QQQ,184.05,176.61,yahoo
2019-10-03,QQQ,186.07,178.55,yahoo
2019-10-04,QQQ,188.81,181.18,yahoo
2019-10-07,QQQ,188.24,180.63,yahoo
2019-10-08,QQQ,185.42,177.93,yahoo
2019-10-09,QQQ,187.23,179.66,yahoo
2019-10-10,QQQ,188.68,181.05,yahoo
2019-10-11,QQQ,191.11,183.39,yahoo
2019-10-14,QQQ,191.09,183.37,yahoo
2019-10-15,QQQ,193.52,185.70,yahoo
2019-10-16,QQQ,193.04,185.24,yahoo
2019-10-17,QQQ,193.55,185.73,yahoo
2019-10-18,QQQ,191.69,183.94,yahoo
2019-10-21,QQQ,193.39,185.57,yahoo
2019-10-22,QQQ,191.85,184.10,yahoo
2019-10-23,QQQ,192.22,184.45,yahoo
2019-10-24,QQQ,194.09,186.24,yahoo
2019-10-25,QQQ,195.64,187.73,yahoo
2019-10-28,QQQ,197.57,189.58,yahoo
2019-10-29,QQQ,196.04,188.12,yahoo
2019-10-30,QQQ,196.99,189.03,yahoo
2019-10-31,QQQ,197.08,189.11,yahoo
2019-11-01,QQQ,198.87,190.83,yahoo
2019-11-04,QQQ,200.10,192.01,yahoo
2019-11-05,QQQ,200.21,192.12,yahoo
2019-11-06,QQQ,199.76,191.69,yahoo
2019-11-07,QQQ,200.43,192.33,yahoo
2019-11-08,QQQ,201.23,193.10,yahoo
2019-11-11,QQQ,200.96,192.84,yahoo
2019-11-12,QQQ,201.54,193.39,yahoo
2019-11-13,QQQ,201.59,193.44,yahoo
2019-11-14,QQQ,201.43,193.29,yahoo
2019-11-15,QQQ,202.91,194.71,yahoo
2019-11-18,QQQ,203.07,194.86,yahoo
2019-11-19,QQQ,203.37,195.15,yahoo
2019-11-20,QQQ,202.15,193.98,yahoo
2019-11-21,QQQ,201.70,193.55,yahoo
2019-11-22,QQQ,201.83,193.67,yahoo
2019-11-25,QQQ,204.22,195.97,yahoo
2019-11-26,QQQ,204.61,196.34,yahoo
2019-11-27,QQQ,206.04,197.71,yahoo
2019-11-29,QQQ,205.10,196.81,yahoo
2019-12-02,QQQ,203,194.79,yahoo
2019-12-03,QQQ,201.41,193.27,yahoo
2019-12-04,QQQ,202.43,194.25,yahoo
2019-12-05,QQQ,202.83,194.63,yahoo
2019-12-06,QQQ,205,196.71,yahoo
2019-12-09,QQQ,204.07,195.82,yahoo
2019-12-10,QQQ,203.90,195.66,yahoo
2019-12-11,QQQ,204.98,196.69,yahoo
2019-12-12,QQQ,206.51,198.16,yahoo
2019-12-13,QQQ,207.19,198.82,yahoo
2019-12-16,QQQ,209.27,200.81,yahoo
2019-12-17,QQQ,209.39,200.93,yahoo
2019-12-18,QQQ,209.55,201.08,yahoo
2019-12-19,QQQ,210.86,202.34,yahoo
2019-12-20,QQQ,211.71,203.15,yahoo
2019-12-23,QQQ,211.81,203.69,yahoo
2019-12-24,QQQ,211.92,203.79,yahoo
2019-12-26,QQQ,213.79,205.59,yahoo
2019-12-27,QQQ,213.61,205.42,yahoo
2019-12-30,QQQ,212.21,204.07,yahoo
2019-12-31,QQQ,212.61,204.46,yahoo
2020-01-02,QQQ,216.16,207.87,yahoo
2020-01-03,QQQ,214.18,205.97,yahoo
2020-01-06,QQQ,215.56,207.30,yahoo
2020-01-07,QQQ,215.53,207.27,yahoo
2020-01-08,QQQ,217.15,208.82,yahoo
2020-01-09,QQQ,218.99,210.59,yahoo
2020-01-10,QQQ,218.43,210.06,yahoo
2020-01-13,QQQ,220.95,212.48,yahoo
2020-01-14,QQQ,220.08,211.64,yahoo
2020-01-15,QQQ,220.17,211.73,yahoo
2020-01-16,QQQ,222.28,213.76,yahoo
2020-01-17,QQQ,223.38,214.82,yahoo
2020-01-21,QQQ,223.28,214.72,yahoo
2020-01-22,QQQ,223.87,215.29,yahoo
2020-01-23,QQQ,224.59,215.98,yahoo
2020-01-24,QQQ,222.70,214.16,yahoo
2020-01-27,QQQ,218.10,209.74,yahoo
2020-01-28,QQQ,221.45,212.96,yahoo
2020-01-29,QQQ,221.81,213.31,yahoo
2020-01-30,QQQ,222.60,214.07,yahoo
2020-01-31,QQQ,219.07,210.67,yahoo
2020-02-03,QQQ,222.38,213.85,yahoo
2020-02-04,QQQ,227.47,218.75,yahoo
2020-02-05,QQQ,228.22,219.47,yahoo
2020-02-06,QQQ,230.19,221.36,yahoo
2020-02-07,QQQ,229.20,220.41,yahoo
2020-02-10,QQQ,231.97,223.08,yahoo
2020-02-11,QQQ,232.01,223.11,yahoo
2020-02-12,QQQ,234.27,225.29,yahoo
2020-02-13,QQQ,233.97,225.00,yahoo
2020-02-14,QQQ,234.64,225.64,yahoo
2020-02-18,QQQ,234.73,225.73,yahoo
2020-02-19,QQQ,236.98,227.89,yahoo
2020-02-20,QQQ,234.78,225.78,yahoo
2020-02-21,QQQ,230.27,221.44,yahoo
2020-02-24,QQQ,221.39,212.90,yahoo
2020-02-25,QQQ,215.37,207.11,yahoo
2020-02-26,QQQ,216.48,208.18,yahoo
2020-02-27,QQQ,205.64,197.76,yahoo
2020-02-28,QQQ,205.80,197.91,yahoo
2020-03-02,QQQ,216.42,208.12,yahoo
2020-03-03,QQQ,209.48,201.45,yahoo
2020-03-04,QQQ,218.22,209.85,yahoo
2020-03-05,QQQ,211.59,203.48,yahoo
2020-03-06,QQQ,208.02,200.04,yahoo
2020-03-09,QQQ,193.57,186.15,yahoo
2020-03-10,QQQ,204.11,196.28,yahoo
2020-03-11,QQQ,195.22,187.74,yahoo
2020-03-12,QQQ,177.32,170.52,yahoo
2020-03-13,QQQ,192.34,184.97,yahoo
2020-03-16,QQQ,169.30,162.81,yahoo
2020-03-17,QQQ,182.14,175.16,yahoo
2020-03-18,QQQ,176.60,169.83,yahoo
2020-03-19,QQQ,177.66,170.85,yahoo
2020-03-20,QQQ,170.70,164.16,yahoo
2020-03-23,QQQ,170.46,164.27,yahoo
2020-03-24,QQQ,183.66,176.99,yahoo
2020-03-25,QQQ,182.30,175.68,yahoo
2020-03-26,QQQ,191.90,184.94,yahoo
2020-03-27,QQQ,185.30,178.58,yahoo
2020-03-30,QQQ,192.04,185.07,yahoo
2020-03-31,QQQ,190.40,183.49,yahoo
2020-04-01,QQQ,182.31,175.69,yahoo
2020-04-02,QQQ,186.01,179.26,yahoo
2020-04-03,QQQ,183.37,176.72,yahoo
2020-04-06,QQQ,196.48,189.35,yahoo
2020-04-07,QQQ,196.40,189.27,yahoo
2020-04-08,QQQ,200.57,193.29,yahoo
2020-04-09,QQQ,200.86,193.57,yahoo
2020-04-13,QQQ,203.03,195.66,yahoo
2020-04-14,QQQ,211.86,204.17,yahoo
2020-04-15,QQQ,209.43,201.83,yahoo
2020-04-16,QQQ,213.25,205.51,yahoo
2020-04-17,QQQ,215.29,207.48,yahoo
2020-04-20,QQQ,212.74,205.02,yahoo
2020-04-21,QQQ,204.89,197.45,yahoo
2020-04-22,QQQ,210.97,203.31,yahoo
2020-04-23,QQQ,210.52,202.88,yahoo
2020-04-24,QQQ,213.84,206.08,yahoo
2020-04-27,QQQ,215.56,207.74,yahoo
2020-04-28,QQQ,211.50,203.82,yahoo
2020-04-29,QQQ,219,211.05,yahoo
2020-04-30,QQQ,218.91,210.97,yahoo
2020-05-01,QQQ,212.74,205.02,yahoo
2020-05-04,QQQ,215.22,207.41,yahoo
2020-05-05,QQQ,217.66,209.76,yahoo
2020-05-06,QQQ,219,211.05,yahoo
2020-05-07,QQQ,221.82,213.77,yahoo
2020-05-08,QQQ,224.86,216.70,yahoo
2020-05-11,QQQ,226.87,218.64,yahoo
2020-05-12,QQQ,222.12,214.06,yahoo
2020-05-13,QQQ,219.34,211.38,yahoo
2020-05-14,QQQ,221.83,213.78,yahoo
2020-05-15,QQQ,223.27,215.17,yahoo
2020-05-18,QQQ,227.43,219.18,yahoo
2020-05-19,QQQ,226.86,218.63,yahoo
2020-05-20,QQQ,231.39,222.99,yahoo
2020-05-21,QQQ,228.87,220.56,yahoo
2020-05-22,QQQ,229.66,221.33,yahoo
2020-05-26,QQQ,229.04,220.73,yahoo
2020-05-27,QQQ,230.29,221.93,yahoo
2020-05-28,QQQ,229.99,221.64,yahoo
2020-05-29,QQQ,233.36,224.89,yahoo
2020-06-01,QQQ,234.06,225.57,yahoo
2020-06-02,QQQ,235.63,227.08,yahoo
2020-06-03,QQQ,236.69,228.10,yahoo
2020-06-04,QQQ,235.03,226.50,yahoo
2020-06-05,QQQ,239.69,230.99,yahoo
2020-06-08,QQQ,241.55,232.78,yahoo
2020-06-09,QQQ,243.30,234.47,yahoo
2020-06-10,QQQ,246.22,237.28,yahoo
2020-06-11,QQQ,234.02,225.53,yahoo
2020-06-12,QQQ,235.88,227.32,yahoo
2020-06-15,QQQ,238.75,230.09,yahoo
2020-06-16,QQQ,242.85,234.04,yahoo
2020-06-17,QQQ,243.62,234.78,yahoo
2020-06-18,QQQ,244.28,235.41,yahoo
2020-06-19,QQQ,244.24,235.38,yahoo
2020-06-22,QQQ,246.74,238.20,yahoo
2020-06-23,QQQ,248.84,240.23,yahoo
2020-06-24,QQQ,243.71,235.27,yahoo
2020-06-25,QQQ,246.03,237.51,yahoo
2020-06-26,QQQ,240.22,231.90,yahoo
2020-06-29,QQQ,242.84,234.43,yahoo
2020-06-30,QQQ,247.60,239.03,yahoo
2020-07-01,QQQ,250.49,241.82,yahoo
2020-07-02,QQQ,252.19,243.46,yahoo
2020-07-06,QQQ,258.39,249.45,yahoo
2020-07-07,QQQ,256.61,247.73,yahoo
2020-07-08,QQQ,259.99,250.99,yahoo
2020-07-09,QQQ,262.18,253.10,yahoo
2020-07-10,QQQ,263.97,254.83,yahoo
2020-07-13,QQQ,258.54,249.59,yahoo
2020-07-14,QQQ,260.37,251.36,yahoo
2020-07-15,QQQ,260.90,251.87,yahoo
2020-07-16,QQQ,259.12,250.15,yahoo
2020-07-17,QQQ,259.42,250.44,yahoo
2020-07-20,QQQ,266.78,257.55,yahoo
2020-07-21,QQQ,264,254.86,yahoo
2020-07-22,QQQ,264.93,255.76,yahoo
2020-07-23,QQQ,258.01,249.08,yahoo
2020-07-24,QQQ,255.56,246.71,yahoo
2020-07-27,QQQ,260.12,251.12,yahoo
2020-07-28,QQQ,256.81,247.92,yahoo
2020-07-29,QQQ,259.77,250.78,yahoo
2020-07-30,QQQ,261.13,252.09,yahoo
2020-07-31,QQQ,265.79,256.59,yahoo
2020-08-03,QQQ,269.38,260.06,yahoo
2020-08-04,QQQ,270.38,261.02,yahoo
2020-08-05,QQQ,271.05,261.67,yahoo
2020-08-06,QQQ,274.64,265.13,yahoo
2020-08-07,QQQ,271.47,262.07,yahoo
2020-08-10,QQQ,270.31,260.95,yahoo
2020-08-11,QQQ,265.19,256.01,yahoo
2020-08-12,QQQ,271.86,262.45,yahoo
2020-08-13,QQQ,272.48,263.05,yahoo
2020-08-14,QQQ,272.16,262.74,yahoo
2020-08-17,QQQ,275.32,265.79,yahoo
2020-08-18,QQQ,277.97,268.35,yahoo
2020-08-19,QQQ,276.10,266.54,yahoo
2020-08-20,QQQ,279.93,270.24,yahoo
2020-08-21,QQQ,281.87,272.11,yahoo
2020-08-24,QQQ,283.63,273.81,yahoo
2020-08-25,QQQ,285.86,275.96,yahoo
2020-08-26,QQQ,291.96,281.85,yahoo
2020-08-27,QQQ,291.05,280.98,yahoo
2020-08-28,QQQ,292.53,282.40,yahoo
2020-08-31,QQQ,294.88,284.67,yahoo
2020-09-01,QQQ,299.92,289.54,yahoo
2020-09-02,QQQ,302.76,292.28,yahoo
2020-09-03,QQQ,287.41,277.46,yahoo
2020-09-04,QQQ,283.58,273.76,yahoo
2020-09-08,QQQ,269.95,260.61,yahoo
2020-09-09,QQQ,277.88,268.26,yahoo
2020-09-10,QQQ,272.34,262.91,yahoo
2020-09-11,QQQ,270.45,261.09,yahoo
2020-09-14,QQQ,275.16,265.64,yahoo
2020-09-15,QQQ,279.06,269.40,yahoo
2020-09-16,QQQ,274.61,265.10,yahoo
2020-09-17,QQQ,270.32,260.96,yahoo
2020-09-18,QQQ,266.87,257.63,yahoo
2020-09-21,QQQ,267.51,258.25,yahoo
2020-09-22,QQQ,272.48,263.05,yahoo
2020-09-23,QQQ,264.16,255.02,yahoo
2020-09-24,QQQ,265.39,256.20,yahoo
2020-09-25,QQQ,271.56,262.16,yahoo
2020-09-28,QQQ,277.20,267.60,yahoo
2020-09-29,QQQ,275.95,266.40,yahoo
2020-09-30,QQQ,277.84,268.22,yahoo
2020-10-01,QQQ,282.25,272.48,yahoo
2020-10-02,QQQ,274.31,264.81,yahoo
2020-10-05,QQQ,280.16,270.46,yahoo
2020-10-06,QQQ,275.16,265.64,yahoo
2020-10-07,QQQ,279.92,270.23,yahoo
2020-10-08,QQQ,281.41,271.67,yahoo
2020-10-09,QQQ,285.71,275.82,yahoo
2020-10-12,QQQ,294.53,284.33,yahoo
2020-10-13,QQQ,294.52,284.32,yahoo
2020-10-14,QQQ,292.06,281.95,yahoo
2020-10-15,QQQ,290.10,280.06,yahoo
2020-10-16,QQQ,288.51,278.52,yahoo
2020-10-19,QQQ,283.80,273.98,yahoo
2020-10-20,QQQ,284.41,274.56,yahoo
2020-10-21,QQQ,284.19,274.35,yahoo
2020-10-22,QQQ,284.18,274.34,yahoo
2020-10-23,QQQ,284.74,274.88,yahoo
2020-10-26,QQQ,280.47,270.76,yahoo
2020-10-27,QQQ,282.66,272.88,yahoo
2020-10-28,QQQ,271.64,262.24,yahoo
2020-10-29,QQQ,276.39,266.82,yahoo
2020-10-30,QQQ,269.38,260.06,yahoo
2020-11-02,QQQ,269.98,260.63,yahoo
2020-11-03,QQQ,274.65,265.14,yahoo
2020-11-04,QQQ,286.91,276.98,yahoo
2020-11-05,QQQ,294.39,284.20,yahoo
2020-11-06,QQQ,294.61,284.41,yahoo
2020-11-09,QQQ,288.59,278.60,yahoo
2020-11-10,QQQ,283.42,273.61,yahoo
2020-11-11,QQQ,289.76,279.73,yahoo
2020-11-12,QQQ,288.40,278.42,yahoo
2020-11-13,QQQ,290.93,280.86,yahoo
2020-11-16,QQQ,293.20,283.05,yahoo
2020-11-17,QQQ,292.27,282.15,yahoo
2020-11-18,QQQ,290.11,280.07,yahoo
2020-11-19,QQQ,292.38,282.26,yahoo
2020-11-20,QQQ,290.38,280.33,yahoo
2020-11-23,QQQ,290.39,280.34,yahoo
2020-11-24,QQQ,294.47,284.28,yahoo
2020-11-25,QQQ,296.28,286.02,yahoo
2020-11-27,QQQ,299.01,288.66,yahoo
2020-11-30,QQQ,299.62,289.25,yahoo
2020-12-01,QQQ,303.46,292.96,yahoo
2020-12-02,QQQ,303.85,293.33,yahoo
2020-12-03,QQQ,304.28,293.75,yahoo
2020-12-04,QQQ,305.52,294.94,yahoo
2020-12-07,QQQ,307.25,296.61,yahoo
2020-12-08,QQQ,308.29,297.62,yahoo
2020-12-09,QQQ,301.31,290.88,yahoo
2020-12-10,QQQ,302.52,292.05,yahoo
2020-12-11,QQQ,301.85,291.40,yahoo
2020-12-14,QQQ,304.04,293.52,yahoo
2020-12-15,QQQ,307.29,296.65,yahoo
2020-12-16,QQQ,308.98,298.28,yahoo
2020-12-17,QQQ,311,300.23,yahoo
2020-12-18,QQQ,310.06,299.33,yahoo
2020-12-21,QQQ,308.92,298.77,yahoo
2020-12-22,QQQ,309.76,299.58,yahoo
2020-12-23,QQQ,308.20,298.07,yahoo
2020-12-24,QQQ,309.56,299.39,yahoo
2020-12-28,QQQ,312.68,302.40,yahoo
2020-12-29,QQQ,312.96,302.67,yahoo
2020-12-30,QQQ,312.97,302.68,yahoo
2020-12-31,QQQ,313.74,303.43,yahoo
2021-01-04,QQQ,309.31,299.14,yahoo
2021-01-05,QQQ,311.86,301.61,yahoo
2021-01-06,QQQ,307.54,297.43,yahoo
2021-01-07,QQQ,314.98,304.63,yahoo
2021-01-08,QQQ,319.03,308.55,yahoo
2021-01-11,QQQ,314.42,304.09,yahoo
2021-01-12,QQQ,313.92,303.60,yahoo
2021-01-13,QQQ,316.04,305.65,yahoo
2021-01-14,QQQ,314.35,304.02,yahoo
2021-01-15,QQQ,311.86,301.61,yahoo
2021-01-19,QQQ,316.41,306.01,yahoo
2021-01-20,QQQ,323.77,313.13,yahoo
2021-01-21,QQQ,326.36,315.63,yahoo
2021-01-22,QQQ,325.42,314.72,yahoo
2021-01-25,QQQ,328.11,317.33,yahoo
2021-01-26,QQQ,328.59,317.79,yahoo
2021-01-27,QQQ,319.43,308.93,yahoo
2021-01-28,QQQ,321.32,310.76,yahoo
2021-01-29,QQQ,314.56,304.22,yahoo
2021-02-01,QQQ,322.42,311.82,yahoo
2021-02-02,QQQ,327.68,316.91,yahoo
2021-02-03,QQQ,326.38,315.65,yahoo
2021-02-04,QQQ,330.24,319.39,yahoo
2021-02-05,QQQ,331.36,320.47,yahoo
2021-02-08,QQQ,333.58,322.62,yahoo
2021-02-09,QQQ,333.51,322.55,yahoo
2021-02-10,QQQ,332.75,321.81,yahoo
2021-02-11,QQQ,334.58,323.58,yahoo
2021-02-12,QQQ,336.45,325.39,yahoo
2021-02-16,QQQ,335.54,324.51,yahoo
2021-02-17,QQQ,333.93,322.96,yahoo
2021-02-18,QQQ,332.47,321.54,yahoo
2021-02-19,QQQ,331.02,320.14,yahoo
2021-02-22,QQQ,322.44,311.84,yahoo
2021-02-23,QQQ,321.48,310.91,yahoo
2021-02-24,QQQ,324.13,313.48,yahoo
2021-02-25,QQQ,312.83,302.55,yahoo
2021-02-26,QQQ,314.14,303.82,yahoo
2021-03-01,QQQ,323.59,312.96,yahoo
2021-03-02,QQQ,318.40,307.94,yahoo
2021-03-03,QQQ,309.16,299.00,yahoo
2021-03-04,QQQ,304.10,294.11,yahoo
2021-03-05,QQQ,308.68,298.54,yahoo
2021-03-08,QQQ,299.94,290.08,yahoo
2021-03-09,QQQ,311.77,301.52,yahoo
2021-03-10,QQQ,310.88,300.66,yahoo
2021-03-11,QQQ,318.04,307.59,yahoo
2021-03-12,QQQ,315.46,305.09,yahoo
2021-03-15,QQQ,318.83,308.35,yahoo
2021-03-16,QQQ,320.58,310.04,yahoo
2021-03-17,QQQ,321.90,311.32,yahoo
2021-03-18,QQQ,312.04,301.78,yahoo
2021-03-19,QQQ,313.14,302.85,yahoo
2021-03-22,QQQ,318.61,308.53,yahoo
2021-03-23,QQQ,317.22,307.18,yahoo
2021-03-24,QQQ,311.87,302.00,yahoo
2021-03-25,QQQ,311.33,301.48,yahoo
2021-03-26,QQQ,316,306.00,yahoo
2021-03-29,QQQ,315.91,305.91,yahoo
2021-03-30,QQQ,314.32,304.37,yahoo
2021-03-31,QQQ,319.13,309.03,yahoo
2021-04-01,QQQ,324.57,314.30,yahoo
2021-04-05,QQQ,331.05,320.57,yahoo
2021-04-06,QQQ,330.82,320.35,yahoo
2021-04-07,QQQ,331.62,321.13,yahoo
2021-04-08,QQQ,335.08,324.48,yahoo
2021-04-09,QQQ,337.11,326.44,yahoo
2021-04-12,QQQ,336.67,326.02,yahoo
2021-04-13,QQQ,340.60,329.82,yahoo
2021-04-14,QQQ,336.51,325.86,yahoo
2021-04-15,QQQ,341.61,330.80,yahoo
2021-04-16,QQQ,342.01,331.19,yahoo
2021-04-19,QQQ,338.88,328.16,yahoo
2021-04-20,QQQ,336.41,325.76,yahoo
2021-04-21,QQQ,339.29,328.55,yahoo
2021-04-22,QQQ,335.20,324.59,yahoo
2021-04-23,QQQ,339.42,328.68,yahoo
2021-04-26,QQQ,341.63,330.82,yahoo
2021-04-27,QQQ,340.15,329.39,yahoo
2021-04-28,QQQ,339,328.27,yahoo
2021-04-29,QQQ,340.22,329.45,yahoo
2021-04-30,QQQ,337.99,327.29,yahoo
2021-05-03,QQQ,336.19,325.55,yahoo
2021-05-04,QQQ,330.14,319.69,yahoo
2021-05-05,QQQ,329.03,318.62,yahoo
2021-05-06,QQQ,331.51,321.02,yahoo
2021-05-07,QQQ,334.20,323.62,yahoo
2021-05-10,QQQ,325.76,315.45,yahoo
2021-05-11,QQQ,325.31,315.02,yahoo
2021-05-12,QQQ,316.89,306.86,yahoo
2021-05-13,QQQ,319.34,309.23,yahoo
2021-05-14,QQQ,326.39,316.06,yahoo
2021-05-17,QQQ,324.41,314.14,yahoo
2021-05-18,QQQ,322.22,312.02,yahoo
2021-05-19,QQQ,322.59,312.38,yahoo
2021-05-20,QQQ,328.83,318.42,yahoo
2021-05-21,QQQ,327.01,316.66,yahoo
2021-05-24,QQQ,332.51,321.99,yahoo
2021-05-25,QQQ,332.97,322.43,yahoo
2021-05-26,QQQ,334.13,323.56,yahoo
2021-05-27,QQQ,332.88,322.35,yahoo
2021-05-28,QQQ,333.93,323.36,yahoo
2021-06-01,QQQ,332.82,322.29,yahoo
2021-06-02,QQQ,333.47,322.92,yahoo
2021-06-03,QQQ,330,319.56,yahoo
2021-06-04,QQQ,335.60,324.98,yahoo
2021-06-07,QQQ,336.60,325.95,yahoo
2021-06-08,QQQ,336.76,326.10,yahoo
2021-06-09,QQQ,336.84,326.18,yahoo
2021-06-10,QQQ,340.35,329.58,yahoo
2021-06-11,QQQ,341.24,330.44,yahoo
2021-06-14,QQQ,344.51,333.61,yahoo
2021-06-15,QQQ,342.26,331.43,yahoo
2021-06-16,QQQ,341.01,330.22,yahoo
2021-06-17,QQQ,345.34,334.41,yahoo
2021-06-18,QQQ,342.63,331.79,yahoo
2021-06-21,QQQ,344.36,333.85,yahoo
2021-06-22,QQQ,347.57,336.96,yahoo
2021-06-23,QQQ,347.74,337.13,yahoo
2021-06-24,QQQ,349.89,339.21,yahoo
2021-06-25,QQQ,349.46,338.79,yahoo
2021-06-28,QQQ,353.71,342.91,yahoo
2021-06-29,QQQ,354.99,344.16,yahoo
2021-06-30,QQQ,354.43,343.61,yahoo
2021-07-01,QQQ,354.57,343.75,yahoo
2021-07-02,QQQ,358.64,347.69,yahoo
2021-07-06,QQQ,360.19,349.20,yahoo
2021-07-07,QQQ,360.95,349.93,yahoo
2021-07-08,QQQ,358.77,347.82,yahoo
2021-07-09,QQQ,361.01,349.99,yahoo
2021-07-12,QQQ,362.42,351.36,yahoo
2021-07-13,QQQ,362.42,351.36,yahoo
2021-07-14,QQQ,363.07,351.99,yahoo
2021-07-15,QQQ,360.52,349.52,yahoo
2021-07-16,QQQ,357.60,346.69,yahoo
2021-07-19,QQQ,354.67,343.85,yahoo
2021-07-20,QQQ,358.79,347.84,yahoo
2021-07-21,QQQ,361.56,350.52,yahoo
2021-07-22,QQQ,363.95,352.84,yahoo
2021-07-23,QQQ,368.20,356.96,yahoo
2021-07-26,QQQ,368.49,357.24,yahoo
2021-07-27,QQQ,364.43,353.31,yahoo
2021-07-28,QQQ,365.83,354.66,yahoo
2021-07-29,QQQ,366.48,355.29,yahoo
2021-07-30,QQQ,364.57,353.44,yahoo
2021-08-02,QQQ,364.60,353.47,yahoo
2021-08-03,QQQ,366.81,355.61,yahoo
2021-08-04,QQQ,367.34,356.13,yahoo
2021-08-05,QQQ,369.67,358.39,yahoo
2021-08-06,QQQ,368.05,356.82,yahoo
2021-08-09,QQQ,368.73,357.48,yahoo
2021-08-10,QQQ,366.84,355.64,yahoo
2021-08-11,QQQ,366.21,355.03,yahoo
2021-08-12,QQQ,367.53,356.31,yahoo
2021-08-13,QQQ,368.82,357.56,yahoo
2021-08-16,QQQ,368.98,357.72,yahoo
2021-08-17,QQQ,365.73,354.57,yahoo
2021-08-18,QQQ,362.21,351.16,yahoo
2021-08-19,QQQ,363.96,352.85,yahoo
2021-08-20,QQQ,367.73,356.51,yahoo
2021-08-23,QQQ,373.23,361.84,yahoo
2021-08-24,QQQ,374.37,362.94,yahoo
2021-08-25,QQQ,374.80,363.36,yahoo
2021-08-26,QQQ,372.42,361.05,yahoo
2021-08-27,QQQ,376.04,364.56,yahoo
2021-08-30,QQQ,380.26,368.65,yahoo
2021-08-31,QQQ,379.95,368.35,yahoo
2021-09-01,QQQ,380.58,368.96,yahoo
2021-09-02,QQQ,380.40,368.79,yahoo
2021-09-03,QQQ,381.57,369.92,yahoo
2021-09-07,QQQ,382.11,370.45,yahoo
2021-09-08,QQQ,380.78,369.16,yahoo
2021-09-09,QQQ,379.47,367.89,yahoo
2021-09-10,QQQ,376.59,365.10,yahoo
2021-09-13,QQQ,376.33,364.84,yahoo
2021-09-14,QQQ,375.26,363.81,yahoo
2021-09-15,QQQ,378.05,366.51,yahoo
2021-09-16,QQQ,378.31,366.76,yahoo
2021-09-17,QQQ,373.83,362.42,yahoo
2021-09-20,QQQ,365.70,354.93,yahoo
2021-09-21,QQQ,366.15,355.37,yahoo
2021-09-22,QQQ,369.57,358.69,yahoo
2021-09-23,QQQ,372.98,362.00,yahoo
2021-09-24,QQQ,373.33,362.34,yahoo
2021-09-27,QQQ,370.35,359.44,yahoo
2021-09-28,QQQ,359.87,349.27,yahoo
2021-09-29,QQQ,359.28,348.70,yahoo
2021-09-30,QQQ,357.96,347.42,yahoo
2021-10-01,QQQ,360.18,349.57,yahoo
2021-10-04,QQQ,352.62,342.24,yahoo
2021-10-05,QQQ,357.38,346.86,yahoo
2021-10-06,QQQ,359.67,349.08,yahoo
2021-10-07,QQQ,362.97,352.28,yahoo
2021-10-08,QQQ,361.16,350.53,yahoo
2021-10-11,QQQ,358.39,347.84,yahoo
2021-10-12,QQQ,357.14,346.62,yahoo
2021-10-13,QQQ,360,349.40,yahoo
2021-10-14,QQQ,366.63,355.83,yahoo
2021-10-15,QQQ,368.94,358.08,yahoo
2021-10-18,QQQ,372.65,361.68,yahoo
2021-10-19,QQQ,375.47,364.41,yahoo
2021-10-20,QQQ,374.98,363.94,yahoo
2021-10-21,QQQ,377.27,366.16,yahoo
2021-10-22,QQQ,374.10,363.08,yahoo
2021-10-25,QQQ,377.93,366.80,yahoo
2021-10-26,QQQ,379.12,367.96,yahoo
2021-10-27,QQQ,380,368.81,yahoo
2021-10-28,QQQ,384.22,372.91,yahoo
2021-10-29,QQQ,386.11,374.74,yahoo
2021-11-01,QQQ,387.43,376.02,yahoo
2021-11-02,QQQ,389.05,377.59,yahoo
2021-11-03,QQQ,393.18,381.60,yahoo
2021-11-04,QQQ,398.22,386.49,yahoo
2021-11-05,QQQ,398.60,386.86,yahoo
2021-11-08,QQQ,398.06,386.34,yahoo
2021-11-09,QQQ,395.32,383.68,yahoo
2021-11-10,QQQ,389.51,378.04,yahoo
2021-11-11,QQQ,390.59,379.09,yahoo
2021-11-12,QQQ,394.70,383.08,yahoo
2021-11-15,QQQ,394.61,382.99,yahoo
2021-11-16,QQQ,397.42,385.72,yahoo
2021-11-17,QQQ,397.63,385.92,yahoo
2021-11-18,QQQ,401.75,389.92,yahoo
2021-11-19,QQQ,403.99,392.09,yahoo
2021-11-22,QQQ,399.30,387.54,yahoo
2021-11-23,QQQ,397.48,385.78,yahoo
2021-11-24,QQQ,398.76,387.02,yahoo
2021-11-26,QQQ,391.20,379.68,yahoo
2021-11-29,QQQ,399.69,387.92,yahoo
2021-11-30,QQQ,393.82,382.22,yahoo
2021-12-01,QQQ,387.12,375.72,yahoo
2021-12-02,QQQ,389.91,378.43,yahoo
2021-12-03,QQQ,383.13,371.85,yahoo
2021-12-06,QQQ,386.20,374.83,yahoo
2021-12-07,QQQ,397.83,386.12,yahoo
2021-12-08,QQQ,399.61,387.84,yahoo
2021-12-09,QQQ,393.73,382.14,yahoo
2021-12-10,QQQ,398.01,386.29,yahoo
2021-12-13,QQQ,392.26,380.71,yahoo
2021-12-14,QQQ,388.20,376.77,yahoo
2021-12-15,QQQ,397.05,385.36,yahoo
2021-12-16,QQQ,386.84,375.45,yahoo
2021-12-17,QQQ,384.91,373.58,yahoo
2021-12-20,QQQ,380.69,369.95,yahoo
2021-12-21,QQQ,389.21,378.23,yahoo
2021-12-22,QQQ,393.95,382.84,yahoo
2021-12-23,QQQ,396.92,385.72,yahoo
2021-12-27,QQQ,403.48,392.10,yahoo
2021-12-28,QQQ,401.61,390.28,yahoo
2021-12-29,QQQ,401.55,390.22,yahoo
2021-12-30,QQQ,400.35,389.06,yahoo
2021-12-31,QQQ,397.85,386.63,yahoo
2022-01-03,QQQ,401.68,390.35,yahoo
2022-01-04,QQQ,396.47,385.29,yahoo
2022-01-05,QQQ,384.29,373.45,yahoo
2022-01-06,QQQ,384.02,373.19,yahoo
2022-01-07,QQQ,379.86,369.15,yahoo
2022-01-10,QQQ,380.11,369.39,yahoo
2022-01-11,QQQ,385.82,374.94,yahoo
2022-01-12,QQQ,387.35,376.42,yahoo
2022-01-13,QQQ,377.66,367.01,yahoo
2022-01-14,QQQ,380.01,369.29,yahoo
2022-01-18,QQQ,370.55,360.10,yahoo
2022-01-19,QQQ,366.48,356.14,yahoo
2022-01-20,QQQ,361.72,351.52,yahoo
2022-01-21,QQQ,351.69,341.77,yahoo
2022-01-24,QQQ,353.30,343.33,yahoo
2022-01-25,QQQ,345.11,335.38,yahoo
2022-01-26,QQQ,344.57,334.85,yahoo
2022-01-27,QQQ,341.10,331.48,yahoo
2022-01-28,QQQ,351.80,341.88,yahoo
2022-01-31,QQQ,363.05,352.81,yahoo
2022-02-01,QQQ,365.52,355.21,yahoo
2022-02-02,QQQ,368.49,358.10,yahoo
2022-02-03,QQQ,353.55,343.58,yahoo
2022-02-04,QQQ,358.01,347.91,yahoo
2022-02-07,QQQ,355.13,345.11,yahoo
2022-02-08,QQQ,359.12,348.99,yahoo
2022-02-09,QQQ,366.73,356.39,yahoo
2022-02-10,QQQ,358.43,348.32,yahoo
2022-02-11,QQQ,347.06,337.27,yahoo
2022-02-14,QQQ,347.49,337.69,yahoo
2022-02-15,QQQ,356.13,346.08,yahoo
2022-02-16,QQQ,356.04,346.00,yahoo
2022-02-17,QQQ,345.45,335.71,yahoo
2022-02-18,QQQ,341.51,331.88,yahoo
2022-02-22,QQQ,338.08,328.54,yahoo
2022-02-23,QQQ,329.42,320.13,yahoo
2022-02-24,QQQ,340.49,330.89,yahoo
2022-02-25,QQQ,345.77,336.02,yahoo
2022-02-28,QQQ,346.80,337.02,yahoo
2022-03-01,QQQ,341.49,331.86,yahoo
2022-03-02,QQQ,347.22,337.43,yahoo
2022-03-03,QQQ,342.26,332.61,yahoo
2022-03-04,QQQ,337.30,327.79,yahoo
2022-03-07,QQQ,324.86,315.70,yahoo
2022-03-08,QQQ,323.35,314.23,yahoo
2022-03-09,QQQ,334.99,325.54,yahoo
2022-03-10,QQQ,331.27,321.93,yahoo
2022-03-11,QQQ,324.40,315.25,yahoo
2022-03-14,QQQ,318.17,309.20,yahoo
2022-03-15,QQQ,328.15,318.89,yahoo
2022-03-16,QQQ,340.32,330.72,yahoo
2022-03-17,QQQ,344.44,334.72,yahoo
2022-03-18,QQQ,351.49,341.58,yahoo
2022-03-21,QQQ,350.08,340.63,yahoo
2022-03-22,QQQ,356.96,347.32,yahoo
2022-03-23,QQQ,351.83,342.33,yahoo
2022-03-24,QQQ,359.65,349.94,yahoo
2022-03-25,QQQ,359.35,349.65,yahoo
2022-03-28,QQQ,364.91,355.06,yahoo
2022-03-29,QQQ,371.19,361.17,yahoo
2022-03-30,QQQ,367.09,357.18,yahoo
2022-03-31,QQQ,362.54,352.75,yahoo
2022-04-01,QQQ,361.85,352.08,yahoo
2022-04-04,QQQ,369.30,359.33,yahoo
2022-04-05,QQQ,361.10,351.35,yahoo
2022-04-06,QQQ,353.26,343.72,yahoo
2022-04-07,QQQ,354.10,344.54,yahoo
2022-04-08,QQQ,349.15,339.72,yahoo
2022-04-11,QQQ,340.89,331.68,yahoo
2022-04-12,QQQ,339.45,330.28,yahoo
2022-04-13,QQQ,346.35,337.00,yahoo
2022-04-14,QQQ,338.43,329.29,yahoo
2022-04-18,QQQ,338.69,329.54,yahoo
2022-04-19,QQQ,346.26,336.91,yahoo
2022-04-20,QQQ,341.21,332.00,yahoo
2022-04-21,QQQ,334.15,325.13,yahoo
2022-04-22,QQQ,325.40,316.61,yahoo
2022-04-25,QQQ,329.58,320.68,yahoo
2022-04-26,QQQ,317.14,308.58,yahoo
2022-04-27,QQQ,316.76,308.21,yahoo
2022-04-28,QQQ,328.01,319.15,yahoo
2022-04-29,QQQ,313.25,304.79,yahoo
2022-05-02,QQQ,318.48,309.88,yahoo
2022-05-03,QQQ,318.82,310.21,yahoo
2022-05-04,QQQ,329.60,320.70,yahoo
2022-05-05,QQQ,313,304.55,yahoo
2022-05-06,QQQ,309.25,300.90,yahoo
2022-05-09,QQQ,297.15,289.13,yahoo
2022-05-10,QQQ,300.76,292.64,yahoo
2022-05-11,QQQ,291.84,283.96,yahoo
2022-05-12,QQQ,291.15,283.29,yahoo
2022-05-13,QQQ,301.94,293.79,yahoo
2022-05-16,QQQ,298.44,290.38,yahoo
2022-05-17,QQQ,306.17,297.90,yahoo
2022-05-18,QQQ,291.14,283.28,yahoo
2022-05-19,QQQ,289.58,281.76,yahoo
2022-05-20,QQQ,288.68,280.88,yahoo
2022-05-23,QQQ,293.48,285.55,yahoo
2022-05-24,QQQ,287.24,279.48,yahoo
2022-05-25,QQQ,291.26,283.39,yahoo
2022-05-26,QQQ,299.33,291.25,yahoo
2022-05-27,QQQ,309.10,300.75,yahoo
2022-05-31,QQQ,308.28,299.95,yahoo
2022-06-01,QQQ,306,297.74,yahoo
2022-06-02,QQQ,314.38,305.89,yahoo
2022-06-03,QQQ,306.20,297.93,yahoo
2022-06-06,QQQ,307.22,298.92,yahoo
2022-06-07,QQQ,309.87,301.50,yahoo
2022-06-08,QQQ,307.64,299.33,yahoo
2022-06-09,QQQ,299.40,291.31,yahoo
2022-06-10,QQQ,288.84,281.04,yahoo
2022-06-13,QQQ,275.41,267.97,yahoo
2022-06-14,QQQ,275.91,268.46,yahoo
2022-06-15,QQQ,282.80,275.16,yahoo
2022-06-16,QQQ,271.39,264.06,yahoo
2022-06-17,QQQ,274.69,267.27,yahoo
2022-06-21,QQQ,281.08,274.02,yahoo
2022-06-22,QQQ,280.67,273.62,yahoo
2022-06-23,QQQ,284.85,277.69,yahoo
2022-06-24,QQQ,294.61,287.21,yahoo
2022-06-27,QQQ,292.45,285.10,yahoo
2022-06-28,QQQ,283.54,276.41,yahoo
2022-06-29,QQQ,283.80,276.67,yahoo
2022-06-30,QQQ,280.28,273.24,yahoo
2022-07-01,QQQ,282.13,275.04,yahoo
2022-07-05,QQQ,286.96,279.75,yahoo
2022-07-06,QQQ,288.80,281.54,yahoo
2022-07-07,QQQ,294.98,287.57,yahoo
2022-07-08,QQQ,295.35,287.93,yahoo
2022-07-11,QQQ,289.04,281.78,yahoo
2022-07-12,QQQ,286.24,279.05,yahoo
2022-07-13,QQQ,285.65,278.47,yahoo
2022-07-14,QQQ,286.67,279.46,yahoo
2022-07-15,QQQ,291.87,284.53,yahoo
2022-07-18,QQQ,289.40,282.13,yahoo
2022-07-19,QQQ,298.30,290.80,yahoo
2022-07-20,QQQ,303.03,295.41,yahoo
2022-07-21,QQQ,307.38,299.65,yahoo
2022-07-22,QQQ,301.99,294.40,yahoo
2022-07-25,QQQ,300.27,292.72,yahoo
2022-07-26,QQQ,294.37,286.97,yahoo
2022-07-27,QQQ,306.81,299.10,yahoo
2022-07-28,QQQ,309.81,302.02,yahoo
2022-07-29,QQQ,315.46,307.53,yahoo
2022-08-01,QQQ,315.27,307.35,yahoo
2022-08-02,QQQ,314.33,306.43,yahoo
2022-08-03,QQQ,322.89,314.77,yahoo
2022-08-04,QQQ,324.40,316.25,yahoo
2022-08-05,QQQ,321.75,313.66,yahoo
2022-08-08,QQQ,320.71,312.65,yahoo
2022-08-09,QQQ,317.08,309.11,yahoo
2022-08-10,QQQ,325.93,317.74,yahoo
2022-08-11,QQQ,324.08,315.93,yahoo
2022-08-12,QQQ,330.39,322.09,yahoo
2022-08-15,QQQ,333.06,324.69,yahoo
2022-08-16,QQQ,332.28,323.93,yahoo
2022-08-17,QQQ,328.49,320.23,yahoo
2022-08-18,QQQ,329.28,321.00,yahoo
2022-08-19,QQQ,322.86,314.75,yahoo
2022-08-22,QQQ,314.36,306.46,yahoo
2022-08-23,QQQ,314.10,306.21,yahoo
2022-08-24,QQQ,315.01,307.09,yahoo
2022-08-25,QQQ,320.58,312.52,yahoo
2022-08-26,QQQ,307.44,299.71,yahoo
2022-08-29,QQQ,304.41,296.76,yahoo
2022-08-30,QQQ,301.02,293.45,yahoo
2022-08-31,QQQ,299.27,291.75,yahoo
2022-09-01,QQQ,299.40,291.87,yahoo
2022-09-02,QQQ,295.17,287.75,yahoo
2022-09-06,QQQ,293.05,285.68,yahoo
2022-09-07,QQQ,298.97,291.46,yahoo
2022-09-08,QQQ,300.52,292.97,yahoo
2022-09-09,QQQ,307.09,299.37,yahoo
2022-09-12,QQQ,310.74,302.93,yahoo
2022-09-13,QQQ,293.70,286.32,yahoo
2022-09-14,QQQ,296.03,288.59,yahoo
2022-09-15,QQQ,291.10,283.78,yahoo
2022-09-16,QQQ,289.32,282.05,yahoo
2022-09-19,QQQ,291.05,284.24,yahoo
2022-09-20,QQQ,288.73,281.98,yahoo
2022-09-21,QQQ,283.56,276.93,yahoo
2022-09-22,QQQ,280.07,273.52,yahoo
2022-09-23,QQQ,275.51,269.07,yahoo
2022-09-26,QQQ,274.37,267.95,yahoo
2022-09-27,QQQ,274.48,268.06,yahoo
2022-09-28,QQQ,279.94,273.39,yahoo
2022-09-29,QQQ,271.87,265.51,yahoo
2022-09-30,QQQ,267.26,261.01,yahoo
2022-10-03,QQQ,273.53,267.13,yahoo
2022-10-04,QQQ,282.13,275.53,yahoo
2022-10-05,QQQ,281.98,275.39,yahoo
2022-10-06,QQQ,279.76,273.22,yahoo
2022-10-07,QQQ,269.10,262.81,yahoo
2022-10-10,QQQ,266.41,260.18,yahoo
2022-10-11,QQQ,262.75,256.61,yahoo
2022-10-12,QQQ,262.66,256.52,yahoo
2022-10-13,QQQ,268.82,262.53,yahoo
2022-10-14,QQQ,260.74,254.64,yahoo
2022-10-17,QQQ,269.35,263.05,yahoo
2022-10-18,QQQ,271.48,265.13,yahoo
2022-10-19,QQQ,270.49,264.17,yahoo
2022-10-20,QQQ,269.11,262.82,yahoo
2022-10-21,QQQ,275.42,268.98,yahoo
2022-10-24,QQQ,278.45,271.94,yahoo
2022-10-25,QQQ,284.21,277.56,yahoo
2022-10-26,QQQ,277.93,271.43,yahoo
2022-10-27,QQQ,272.87,266.49,yahoo
2022-10-28,QQQ,281.22,274.64,yahoo
2022-10-31,QQQ,277.95,271.45,yahoo
2022-11-01,QQQ,275.11,268.68,yahoo
2022-11-02,QQQ,265.68,259.47,yahoo
2022-11-03,QQQ,260.49,254.40,yahoo
2022-11-04,QQQ,264.68,258.49,yahoo
2022-11-07,QQQ,267.59,261.33,yahoo
2022-11-08,QQQ,269.54,263.24,yahoo
2022-11-09,QQQ,263.32,257.16,yahoo
2022-11-10,QQQ,282.75,276.14,yahoo
2022-11-11,QQQ,287.96,281.23,yahoo
2022-11-14,QQQ,285.44,278.77,yahoo
2022-11-15,QQQ,289.39,282.62,yahoo
2022-11-16,QQQ,285.44,278.77,yahoo
2022-11-17,QQQ,284.81,278.15,yahoo
2022-11-18,QQQ,284.82,278.16,yahoo
2022-11-21,QQQ,281.89,275.30,yahoo
2022-11-22,QQQ,285.95,279.26,yahoo
2022-11-23,QQQ,288.82,282.07,yahoo
2022-11-25,QQQ,286.92,280.21,yahoo
2022-11-28,QQQ,282.71,276.10,yahoo
2022-11-29,QQQ,280.57,274.01,yahoo
2022-11-30,QQQ,293.36,286.50,yahoo
2022-12-01,QQQ,293.72,286.85,yahoo
2022-12-02,QQQ,292.55,285.71,yahoo
2022-12-05,QQQ,287.64,280.91,yahoo
2022-12-06,QQQ,281.68,275.09,yahoo
2022-12-07,QQQ,280.53,273.97,yahoo
2022-12-08,QQQ,283.85,277.21,yahoo
2022-12-09,QQQ,282.04,275.45,yahoo
2022-12-12,QQQ,285.58,278.90,yahoo
2022-12-13,QQQ,288.65,281.90,yahoo
2022-12-14,QQQ,286.51,279.81,yahoo
2022-12-15,QQQ,276.89,270.42,yahoo
2022-12-16,QQQ,274.25,267.84,yahoo
2022-12-19,QQQ,269.75,264.07,yahoo
2022-12-20,QQQ,269.54,263.87,yahoo
2022-12-21,QQQ,273.45,267.70,yahoo
2022-12-22,QQQ,266.76,261.15,yahoo
2022-12-23,QQQ,267.36,261.73,yahoo
2022-12-27,QQQ,263.58,258.03,yahoo
2022-12-28,QQQ,260.10,254.63,yahoo
2022-12-29,QQQ,266.44,260.83,yahoo
2022-12-30,QQQ,266.28,260.68,yahoo
2023-01-03,QQQ,264.48,258.91,yahoo
2023-01-04,QQQ,265.74,260.15,yahoo
2023-01-05,QQQ,261.58,256.08,yahoo
2023-01-06,QQQ,268.80,263.14,yahoo
2023-01-09,QQQ,270.54,264.85,yahoo
2023-01-10,QQQ,272.83,267.09,yahoo
2023-01-11,QQQ,277.55,271.71,yahoo
2023-01-12,QQQ,279.05,273.18,yahoo
2023-01-13,QQQ,280.97,275.06,yahoo
2023-01-17,QQQ,281.54,275.62,yahoo
2023-01-18,QQQ,277.88,272.03,yahoo
2023-01-19,QQQ,275.15,269.36,yahoo
2023-01-20,QQQ,282.68,276.73,yahoo
2023-01-23,QQQ,288.96,282.88,yahoo
2023-01-24,QQQ,288.37,282.30,yahoo
2023-01-25,QQQ,287.73,281.67,yahoo
2023-01-26,QQQ,293.34,287.17,yahoo
2023-01-27,QQQ,296.26,290.03,yahoo
2023-01-30,QQQ,290.27,284.16,yahoo
2023-01-31,QQQ,294.62,288.42,yahoo
2023-02-01,QQQ,300.92,294.59,yahoo
2023-02-02,QQQ,311.72,305.16,yahoo
2023-02-03,QQQ,306.18,299.74,yahoo
2023-02-06,QQQ,303.59,297.20,yahoo
2023-02-07,QQQ,309.88,303.36,yahoo
2023-02-08,QQQ,304.37,297.96,yahoo
2023-02-09,QQQ,301.68,295.33,yahoo
2023-02-10,QQQ,299.70,293.39,yahoo
2023-02-13,QQQ,304.50,298.09,yahoo
2023-02-14,QQQ,306.75,300.29,yahoo
2023-02-15,QQQ,309.10,302.60,yahoo
2023-02-16,QQQ,303.30,296.92,yahoo
2023-02-17,QQQ,301.16,294.82,yahoo
2023-02-21,QQQ,294.03,287.84,yahoo
2023-02-22,QQQ,294.25,288.06,yahoo
2023-02-23,QQQ,296.82,290.57,yahoo
2023-02-24,QQQ,291.85,285.71,yahoo
2023-02-27,QQQ,293.94,287.75,yahoo
2023-02-28,QQQ,293.56,287.38,yahoo
2023-03-01,QQQ,291.20,285.07,yahoo
2023-03-02,QQQ,293.61,287.43,yahoo
2023-03-03,QQQ,299.68,293.37,yahoo
2023-03-06,QQQ,300.02,293.71,yahoo
2023-03-07,QQQ,296.34,290.10,yahoo
2023-03-08,QQQ,297.82,291.55,yahoo
2023-03-09,QQQ,292.66,286.50,yahoo
2023-03-10,QQQ,288.55,282.48,yahoo
2023-03-13,QQQ,290.69,284.57,yahoo
2023-03-14,QQQ,297.37,291.11,yahoo
2023-03-15,QQQ,298.93,292.64,yahoo
2023-03-16,QQQ,306.81,300.35,yahoo
2023-03-17,QQQ,305.36,298.93,yahoo
2023-03-20,QQQ,305.97,299.99,yahoo
2023-03-21,QQQ,310.34,304.28,yahoo
2023-03-22,QQQ,306.12,300.14,yahoo
2023-03-23,QQQ,309.75,303.70,yahoo
2023-03-24,QQQ,310.89,304.82,yahoo
2023-03-27,QQQ,308.76,302.73,yahoo
2023-03-28,QQQ,307.12,301.12,yahoo
2023-03-29,QQQ,312.72,306.61,yahoo
2023-03-30,QQQ,315.68,309.51,yahoo
2023-03-31,QQQ,320.93,314.66,yahoo
2023-04-03,QQQ,320.15,313.90,yahoo
2023-04-04,QQQ,319.07,312.84,yahoo
2023-04-05,QQQ,315.92,309.75,yahoo
2023-04-06,QQQ,318.05,311.84,yahoo
2023-04-10,QQQ,317.87,311.66,yahoo
2023-04-11,QQQ,315.83,309.66,yahoo
2023-04-12,QQQ,313.04,306.93,yahoo
2023-04-13,QQQ,319.17,312.94,yahoo
2023-04-14,QQQ,318.57,312.35,yahoo
2023-04-17,QQQ,318.84,312.61,yahoo
2023-04-18,QQQ,318.86,312.63,yahoo
2023-04-19,QQQ,318.71,312.49,yahoo
2023-04-20,QQQ,316.28,310.10,yahoo
2023-04-21,QQQ,316.61,310.43,yahoo
2023-04-24,QQQ,315.95,309.78,yahoo
2023-04-25,QQQ,309.99,303.94,yahoo
2023-04-26,QQQ,311.87,305.78,yahoo
2023-04-27,QQQ,320.35,314.09,yahoo
2023-04-28,QQQ,322.56,316.26,yahoo
2023-05-01,QQQ,322.19,315.90,yahoo
2023-05-02,QQQ,319.38,313.14,yahoo
2023-05-03,QQQ,317.29,311.09,yahoo
2023-05-04,QQQ,316.17,310.00,yahoo
2023-05-05,QQQ,322.89,316.58,yahoo
2023-05-08,QQQ,323.69,317.37,yahoo
2023-05-09,QQQ,321.64,315.36,yahoo
2023-05-10,QQQ,325.14,318.79,yahoo
2023-05-11,QQQ,326.20,319.83,yahoo
2023-05-12,QQQ,325.03,318.68,yahoo
2023-05-15,QQQ,326.79,320.41,yahoo
2023-05-16,QQQ,327.16,320.77,yahoo
2023-05-17,QQQ,331.12,324.65,yahoo
2023-05-18,QQQ,337.27,330.68,yahoo
2023-05-19,QQQ,336.51,329.94,yahoo
2023-05-22,QQQ,337.64,331.05,yahoo
2023-05-23,QQQ,333.36,326.85,yahoo
2023-05-24,QQQ,331.65,325.17,yahoo
2023-05-25,QQQ,339.72,333.09,yahoo
2023-05-26,QQQ,348.40,341.60,yahoo
2023-05-30,QQQ,349.98,343.15,yahoo
2023-05-31,QQQ,347.99,341.19,yahoo
2023-06-01,QQQ,352.01,345.14,yahoo
2023-06-02,QQQ,354.65,347.72,yahoo
2023-06-05,QQQ,354.90,347.97,yahoo
2023-06-06,QQQ,354.84,347.91,yahoo
2023-06-07,QQQ,348.82,342.01,yahoo
2023-06-08,QQQ,353.15,346.25,yahoo
2023-06-09,QQQ,354.50,347.58,yahoo
2023-06-12,QQQ,360.49,353.45,yahoo
2023-06-13,QQQ,363.26,356.17,yahoo
2023-06-14,QQQ,365.90,358.75,yahoo
2023-06-15,QQQ,370.26,363.03,yahoo
2023-06-16,QQQ,367.93,360.74,yahoo
2023-06-20,QQQ,366.90,360.23,yahoo
2023-06-21,QQQ,361.90,355.32,yahoo
2023-06-22,QQQ,366.17,359.51,yahoo
2023-06-23,QQQ,362.54,355.95,yahoo
2023-06-26,QQQ,357.68,351.18,yahoo
2023-06-27,QQQ,363.83,357.21,yahoo
2023-06-28,QQQ,364.54,357.91,yahoo
2023-06-29,QQQ,363.81,357.19,yahoo
2023-06-30,QQQ,369.42,362.70,yahoo
2023-07-03,QQQ,370.29,363.56,yahoo
2023-07-05,QQQ,370.28,363.55,yahoo
2023-07-06,QQQ,367.46,360.78,yahoo
2023-07-07,QQQ,366.24,359.58,yahoo
2023-07-10,QQQ,366.36,359.70,yahoo
2023-07-11,QQQ,368.17,361.48,yahoo
2023-07-12,QQQ,372.82,366.04,yahoo
2023-07-13,QQQ,379.15,372.26,yahoo
2023-07-14,QQQ,379.07,372.18,yahoo
2023-07-17,QQQ,382.61,375.65,yahoo
2023-07-18,QQQ,385.74,378.73,yahoo
2023-07-19,QQQ,385.65,378.64,yahoo
2023-07-20,QQQ,376.76,369.91,yahoo
2023-07-21,QQQ,375.63,368.80,yahoo
2023-07-24,QQQ,376.23,369.39,yahoo
2023-07-25,QQQ,378.78,371.89,yahoo
2023-07-26,QQQ,377.52,370.66,yahoo
2023-07-27,QQQ,376.62,369.77,yahoo
2023-07-28,QQQ,383.48,376.51,yahoo
2023-07-31,QQQ,383.68,376.70,yahoo
2023-08-01,QQQ,382.79,375.83,yahoo
2023-08-02,QQQ,374.39,367.58,yahoo
2023-08-03,QQQ,373.79,366.99,yahoo
2023-08-04,QQQ,372.04,365.27,yahoo
2023-08-07,QQQ,375.19,368.37,yahoo
2023-08-08,QQQ,372,365.24,yahoo
2023-08-09,QQQ,367.91,361.22,yahoo
2023-08-10,QQQ,368.59,361.89,yahoo
2023-08-11,QQQ,366.24,359.58,yahoo
2023-08-14,QQQ,370.35,363.62,yahoo
2023-08-15,QQQ,366.42,359.76,yahoo
2023-08-16,QQQ,362.54,355.95,yahoo
2023-08-17,QQQ,358.58,352.06,yahoo
2023-08-18,QQQ,358.13,351.62,yahoo
2023-08-21,QQQ,363.90,357.28,yahoo
2023-08-22,QQQ,363.38,356.77,yahoo
2023-08-23,QQQ,369.11,362.40,yahoo
2023-08-24,QQQ,361.22,354.65,yahoo
2023-08-25,QQQ,364.02,357.40,yahoo
2023-08-28,QQQ,366.76,360.09,yahoo
2023-08-29,QQQ,374.77,367.96,yahoo
2023-08-30,QQQ,376.86,370.01,yahoo
2023-08-31,QQQ,377.99,371.12,yahoo
2023-09-01,QQQ,377.59,370.72,yahoo
2023-09-05,QQQ,378.07,371.20,yahoo
2023-09-06,QQQ,374.74,367.93,yahoo
2023-09-07,QQQ,372.06,365.29,yahoo
2023-09-08,QQQ,372.58,365.80,yahoo
2023-09-11,QQQ,376.97,370.12,yahoo
2023-09-12,QQQ,372.79,366.01,yahoo
2023-09-13,QQQ,374.21,367.41,yahoo
2023-09-14,QQQ,377.27,370.41,yahoo
2023-09-15,QQQ,370.81,364.07,yahoo
2023-09-18,QQQ,370.66,364.45,yahoo
2023-09-19,QQQ,369.87,363.67,yahoo
2023-09-20,QQQ,364.54,358.43,yahoo
2023-09-21,QQQ,357.86,351.86,yahoo
2023-09-22,QQQ,357.91,351.91,yahoo
2023-09-25,QQQ,359.61,353.58,yahoo
2023-09-26,QQQ,354.21,348.27,yahoo
2023-09-27,QQQ,355.04,349.09,yahoo
2023-09-28,QQQ,358.01,352.01,yahoo
2023-09-29,QQQ,358.27,352.26,yahoo
2023-10-02,QQQ,361.26,355.20,yahoo
2023-10-03,QQQ,354.92,348.97,yahoo
2023-10-04,QQQ,359.75,353.72,yahoo
2023-10-05,QQQ,358.69,352.68,yahoo
2023-10-06,QQQ,364.70,358.59,yahoo
2023-10-09,QQQ,366.56,360.42,yahoo
2023-10-10,QQQ,368.59,362.41,yahoo
2023-10-11,QQQ,371.22,365.00,yahoo
2023-10-12,QQQ,369.93,363.73,yahoo
2023-10-13,QQQ,365.28,359.16,yahoo
2023-10-16,QQQ,369.41,363.22,yahoo
2023-10-17,QQQ,368.20,362.03,yahoo
2023-10-18,QQQ,363.37,357.28,yahoo
2023-10-19,QQQ,359.97,353.94,yahoo
2023-10-20,QQQ,354.60,348.66,yahoo
2023-10-23,QQQ,355.67,349.71,yahoo
2023-10-24,QQQ,359.13,353.11,yahoo
2023-10-25,QQQ,350.34,344.47,yahoo
2023-10-26,QQQ,343.66,337.90,yahoo
2023-10-27,QQQ,345.31,339.52,yahoo
2023-10-30,QQQ,349.20,343.35,yahoo
2023-10-31,QQQ,350.87,344.99,yahoo
2023-11-01,QQQ,356.96,350.98,yahoo
2023-11-02,QQQ,363.44,357.35,yahoo
2023-11-03,QQQ,367.71,361.55,yahoo
2023-11-06,QQQ,369.21,363.02,yahoo
2023-11-07,QQQ,372.70,366.45,yahoo
2023-11-08,QQQ,372.94,366.69,yahoo
2023-11-09,QQQ,370.07,363.87,yahoo
2023-11-10,QQQ,378.39,372.05,yahoo
2023-11-13,QQQ,377.21,370.89,yahoo
2023-11-14,QQQ,385.33,378.87,yahoo
2023-11-15,QQQ,385.62,379.16,yahoo
2023-11-16,QQQ,385.95,379.48,yahoo
2023-11-17,QQQ,386.04,379.57,yahoo
2023-11-20,QQQ,390.74,384.19,yahoo
2023-11-21,QQQ,388.47,381.96,yahoo
2023-11-22,QQQ,390.06,383.52,yahoo
2023-11-24,QQQ,389.51,382.98,yahoo
2023-11-27,QQQ,389.17,382.65,yahoo
2023-11-28,QQQ,390.19,383.65,yahoo
2023-11-29,QQQ,389.81,383.28,yahoo
2023-11-30,QQQ,388.83,382.31,yahoo
2023-12-01,QQQ,389.94,383.40,yahoo
2023-12-04,QQQ,386.32,379.84,yahoo
2023-12-05,QQQ,387.29,380.80,yahoo
2023-12-06,QQQ,385.05,378.60,yahoo
2023-12-07,QQQ,390.43,383.89,yahoo
2023-12-08,QQQ,392.17,385.60,yahoo
2023-12-11,QQQ,395.52,388.89,yahoo
2023-12-12,QQQ,398.67,391.99,yahoo
2023-12-13,QQQ,403.74,396.97,yahoo
2023-12-14,QQQ,403.39,396.63,yahoo
2023-12-15,QQQ,405.34,398.55,yahoo
2023-12-18,QQQ,407.08,401.06,yahoo
2023-12-19,QQQ,409.16,403.10,yahoo
2023-12-20,QQQ,403.08,397.11,yahoo
2023-12-21,QQQ,407.77,401.74,yahoo
2023-12-22,QQQ,408.38,402.34,yahoo
2023-12-26,QQQ,410.88,404.80,yahoo
2023-12-27,QQQ,411.50,405.62,yahoo
2023-12-28,QQQ,411.30,405.43,yahoo
2023-12-29,QQQ,409.52,403.67,yahoo
2024-01-02,QQQ,402.59,396.84,yahoo
2024-01-03,QQQ,398.33,392.64,yahoo
2024-01-04,QQQ,396.28,390.62,yahoo
2024-01-05,QQQ,396.75,391.08,yahoo
2024-01-08,QQQ,404.95,399.17,yahoo
2024-01-09,QQQ,405.75,399.96,yahoo
2024-01-10,QQQ,408.50,402.67,yahoo
2024-01-11,QQQ,409.35,403.50,yahoo
2024-01-12,QQQ,409.56,403.71,yahoo
2024-01-16,QQQ,409.52,403.67,yahoo
2024-01-17,QQQ,407.21,401.39,yahoo
2024-01-18,QQQ,412.99,407.09,yahoo
2024-01-19,QQQ,421.18,415.17,yahoo
2024-01-22,QQQ,421.73,415.71,yahoo
2024-01-23,QQQ,423.48,417.43,yahoo
2024-01-24,QQQ,425.83,419.75,yahoo
2024-01-25,QQQ,426.35,420.26,yahoo
2024-01-26,QQQ,423.81,417.76,yahoo
2024-01-29,QQQ,428.15,422.04,yahoo
2024-01-30,QQQ,425.30,419.23,yahoo
2024-01-31,QQQ,416.97,411.02,yahoo
2024-02-01,QQQ,421.88,415.86,yahoo
2024-02-02,QQQ,429.01,422.88,yahoo
2024-02-05,QQQ,428.45,422.33,yahoo
2024-02-06,QQQ,427.59,421.48,yahoo
2024-02-07,QQQ,431.99,425.82,yahoo
2024-02-08,QQQ,432.79,426.61,yahoo
2024-02-09,QQQ,437.05,430.81,yahoo
2024-02-12,QQQ,435.34,429.12,yahoo
2024-02-13,QQQ,428.55,422.43,yahoo
2024-02-14,QQQ,433.22,427.03,yahoo
2024-02-15,QQQ,434.51,428.30,yahoo
2024-02-16,QQQ,430.57,424.42,yahoo
2024-02-20,QQQ,427.32,421.22,yahoo
2024-02-21,QQQ,425.61,419.53,yahoo
2024-02-22,QQQ,438.07,431.81,yahoo
2024-02-23,QQQ,436.78,430.54,yahoo
2024-02-26,QQQ,436.55,430.32,yahoo
2024-02-27,QQQ,437.60,431.35,yahoo
2024-02-28,QQQ,435.27,429.05,yahoo
2024-02-29,QQQ,439,432.73,yahoo
2024-03-01,QQQ,445.61,439.25,yahoo
2024-03-04,QQQ,444.02,437.68,yahoo
2024-03-05,QQQ,436.05,429.82,yahoo
2024-03-06,QQQ,438.79,432.52,yahoo
2024-03-07,QQQ,445.45,439.09,yahoo
2024-03-08,QQQ,439.02,432.75,yahoo
2024-03-11,QQQ,437.39,431.14,yahoo
2024-03-12,QQQ,443.66,437.32,yahoo
2024-03-13,QQQ,440.25,433.96,yahoo
2024-03-14,QQQ,439.14,432.87,yahoo
2024-03-15,QQQ,433.92,427.72,yahoo
2024-03-18,QQQ,437.48,431.80,yahoo
2024-03-19,QQQ,438.57,432.88,yahoo
2024-03-20,QQQ,443.77,438.01,yahoo
2024-03-21,QQQ,445.87,440.08,yahoo
2024-03-22,QQQ,446.38,440.59,yahoo
2024-03-25,QQQ,444.76,438.99,yahoo
2024-03-26,QQQ,443.32,437.57,yahoo
2024-03-27,QQQ,444.83,439.06,yahoo
2024-03-28,QQQ,444.01,438.25,yahoo
2024-04-01,QQQ,444.95,439.18,yahoo
2024-04-02,QQQ,441.11,435.39,yahoo
2024-04-03,QQQ,442.10,436.36,yahoo
2024-04-04,QQQ,435.34,429.69,yahoo
2024-04-05,QQQ,440.47,434.75,yahoo
2024-04-08,QQQ,440.60,434.88,yahoo
2024-04-09,QQQ,442.23,436.49,yahoo
2024-04-10,QQQ,438.37,432.68,yahoo
2024-04-11,QQQ,445.37,439.59,yahoo
2024-04-12,QQQ,438.27,432.58,yahoo
2024-04-15,QQQ,431.06,425.47,yahoo
2024-04-16,QQQ,431.10,425.51,yahoo
2024-04-17,QQQ,425.84,420.31,yahoo
2024-04-18,QQQ,423.41,417.92,yahoo
2024-04-19,QQQ,414.65,409.27,yahoo
2024-04-22,QQQ,418.82,413.38,yahoo
2024-04-23,QQQ,425.07,419.55,yahoo
2024-04-24,QQQ,426.51,420.98,yahoo
2024-04-25,QQQ,424.45,418.94,yahoo
2024-04-26,QQQ,431,425.41,yahoo
2024-04-29,QQQ,432.75,427.13,yahoo
2024-04-30,QQQ,424.59,419.08,yahoo
2024-05-01,QQQ,421.52,416.05,yahoo
2024-05-02,QQQ,426.90,421.36,yahoo
2024-05-03,QQQ,435.48,429.83,yahoo
2024-05-06,QQQ,440.25,434.54,yahoo
2024-05-07,QQQ,440.32,434.61,yahoo
2024-05-08,QQQ,440.06,434.35,yahoo
2024-05-09,QQQ,441.02,435.30,yahoo
2024-05-10,QQQ,442.06,436.32,yahoo
2024-05-13,QQQ,443.08,437.33,yahoo
2024-05-14,QQQ,445.93,440.14,yahoo
2024-05-15,QQQ,452.90,447.02,yahoo
2024-05-16,QQQ,451.98,446.11,yahoo
2024-05-17,QQQ,451.76,445.90,yahoo
2024-05-20,QQQ,454.91,449.01,yahoo
2024-05-21,QQQ,455.80,449.88,yahoo
2024-05-22,QQQ,455.71,449.80,yahoo
2024-05-23,QQQ,453.66,447.77,yahoo
2024-05-24,QQQ,457.95,452.01,yahoo
2024-05-28,QQQ,459.68,453.71,yahoo
2024-05-29,QQQ,456.44,450.52,yahoo
2024-05-30,QQQ,451.55,445.69,yahoo
2024-05-31,QQQ,450.71,444.86,yahoo
2024-06-03,QQQ,453.13,447.25,yahoo
2024-06-04,QQQ,454.37,448.47,yahoo
2024-06-05,QQQ,463.53,457.51,yahoo
2024-06-06,QQQ,463.37,457.36,yahoo
2024-06-07,QQQ,462.96,456.95,yahoo
2024-06-10,QQQ,464.83,458.80,yahoo
2024-06-11,QQQ,468.02,461.95,yahoo
2024-06-12,QQQ,474.15,468.00,yahoo
2024-06-13,QQQ,476.72,470.53,yahoo
2024-06-14,QQQ,479.19,472.97,yahoo
2024-06-17,QQQ,485.06,478.77,yahoo
2024-06-18,QQQ,485.21,478.91,yahoo
2024-06-20,QQQ,481.47,475.22,yahoo
2024-06-21,QQQ,480.18,473.95,yahoo
2024-06-24,QQQ,473.96,468.55,yahoo
2024-06-25,QQQ,479.38,473.91,yahoo
2024-06-26,QQQ,480.37,474.89,yahoo
2024-06-27,QQQ,481.61,476.12,yahoo
2024-06-28,QQQ,479.11,473.64,yahoo
2024-07-01,QQQ,481.92,476.42,yahoo
2024-07-02,QQQ,486.98,481.42,yahoo
2024-07-03,QQQ,491.04,485.44,yahoo
2024-07-05,QQQ,496.16,490.50,yahoo
2024-07-08,QQQ,497.34,491.67,yahoo
2024-07-09,QQQ,497.77,492.09,yahoo
2024-07-10,QQQ,502.96,497.22,yahoo
2024-07-11,QQQ,491.93,486.32,yahoo
2024-07-12,QQQ,494.82,489.17,yahoo
2024-07-15,QQQ,496.15,490.49,yahoo
2024-07-16,QQQ,496.34,490.68,yahoo
2024-07-17,QQQ,481.77,476.27,yahoo
2024-07-18,QQQ,479.49,474.02,yahoo
2024-07-19,QQQ,475.24,469.82,yahoo
2024-07-22,QQQ,482.32,476.82,yahoo
2024-07-23,QQQ,480.62,475.14,yahoo
2024-07-24,QQQ,463.38,458.09,yahoo
2024-07-25,QQQ,458.27,453.04,yahoo
2024-07-26,QQQ,462.97,457.69,yahoo
2024-07-29,QQQ,463.90,458.61,yahoo
2024-07-30,QQQ,457.53,452.31,yahoo
2024-07-31,QQQ,471.07,465.70,yahoo
2024-08-01,QQQ,459.66,454.42,yahoo
2024-08-02,QQQ,448.75,443.63,yahoo
2024-08-05,QQQ,435.37,430.40,yahoo
2024-08-06,QQQ,439.53,434.52,yahoo
2024-08-07,QQQ,434.77,429.81,yahoo
2024-08-08,QQQ,448.07,442.96,yahoo
2024-08-09,QQQ,450.41,445.27,yahoo
2024-08-12,QQQ,451.38,446.23,yahoo
2024-08-13,QQQ,462.58,457.30,yahoo
2024-08-14,QQQ,462.73,457.45,yahoo
2024-08-15,QQQ,474.42,469.01,yahoo
2024-08-16,QQQ,475.03,469.61,yahoo
2024-08-19,QQQ,481.27,475.78,yahoo
2024-08-20,QQQ,480.26,474.78,yahoo
2024-08-21,QQQ,482.50,477.00,yahoo
2024-08-22,QQQ,474.85,469.43,yahoo
2024-08-23,QQQ,480,474.52,yahoo
2024-08-26,QQQ,475.34,469.92,yahoo
2024-08-27,QQQ,476.76,471.32,yahoo
2024-08-28,QQQ,471.35,465.97,yahoo
2024-08-29,QQQ,470.66,465.29,yahoo
2024-08-30,QQQ,476.27,470.84,yahoo
2024-09-03,QQQ,461.81,456.54,yahoo
2024-09-04,QQQ,460.61,455.36,yahoo
2024-09-05,QQQ,461.04,455.78,yahoo
2024-09-06,QQQ,448.69,443.57,yahoo
2024-09-09,QQQ,454.46,449.28,yahoo
2024-09-10,QQQ,458.66,453.43,yahoo
2024-09-11,QQQ,468.62,463.27,yahoo
2024-09-12,QQQ,473.22,467.82,yahoo
2024-09-13,QQQ,475.34,469.92,yahoo
2024-09-16,QQQ,473.24,467.84,yahoo
2024-09-17,QQQ,473.49,468.09,yahoo
2024-09-18,QQQ,471.44,466.06,yahoo
2024-09-19,QQQ,483.36,477.85,yahoo
2024-09-20,QQQ,482.44,476.94,yahoo
2024-09-23,QQQ,483.04,478.20,yahoo
2024-09-24,QQQ,485.37,480.51,yahoo
2024-09-25,QQQ,485.82,480.95,yahoo
2024-09-26,QQQ,489.47,484.57,yahoo
2024-09-27,QQQ,486.75,481.87,yahoo
2024-09-30,QQQ,488.07,483.18,yahoo
2024-10-01,QQQ,481.27,476.45,yahoo
2024-10-02,QQQ,481.95,477.12,yahoo
2024-10-03,QQQ,481.59,476.76,yahoo
2024-10-04,QQQ,487.32,482.44,yahoo
2024-10-07,QQQ,482.10,477.27,yahoo
2024-10-08,QQQ,489.30,484.40,yahoo
2024-10-09,QQQ,493.15,488.21,yahoo
2024-10-10,QQQ,492.59,487.65,yahoo
2024-10-11,QQQ,493.36,488.42,yahoo
2024-10-14,QQQ,497.50,492.52,yahoo
2024-10-15,QQQ,490.85,485.93,yahoo
2024-10-16,QQQ,490.91,485.99,yahoo
2024-10-17,QQQ,491.25,486.33,yahoo
2024-10-18,QQQ,494.47,489.52,yahoo
2024-10-21,QQQ,495.42,490.46,yahoo
2024-10-22,QQQ,495.96,490.99,yahoo
2024-10-23,QQQ,488.36,483.47,yahoo
2024-10-24,QQQ,492.32,487.39,yahoo
2024-10-25,QQQ,495.32,490.36,yahoo
2024-10-28,QQQ,495.40,490.44,yahoo
2024-10-29,QQQ,500.16,495.15,yahoo
2024-10-30,QQQ,496.38,491.41,yahoo
2024-10-31,QQQ,483.85,479.00,yahoo
2024-11-01,QQQ,487.43,482.55,yahoo
2024-11-04,QQQ,486.01,481.14,yahoo
2024-11-05,QQQ,492.21,487.28,yahoo
2024-11-06,QQQ,505.58,500.51,yahoo
2024-11-07,QQQ,513.54,508.39,yahoo
2024-11-08,QQQ,514.14,508.99,yahoo
2024-11-11,QQQ,513.84,508.69,yahoo
2024-11-12,QQQ,512.91,507.77,yahoo
2024-11-13,QQQ,512.25,507.12,yahoo
2024-11-14,QQQ,508.69,503.59,yahoo
2024-11-15,QQQ,496.57,491.59,yahoo
2024-11-18,QQQ,500.02,495.01,yahoo
2024-11-19,QQQ,503.46,498.42,yahoo
2024-11-20,QQQ,503.17,498.13,yahoo
2024-11-21,QQQ,504.98,499.92,yahoo
2024-11-22,QQQ,505.79,500.72,yahoo
2024-11-25,QQQ,506.59,501.51,yahoo
2024-11-26,QQQ,509.31,504.21,yahoo
2024-11-27,QQQ,505.30,500.24,yahoo
2024-11-29,QQQ,509.74,504.63,yahoo
2024-12-02,QQQ,515.29,510.13,yahoo
2024-12-03,QQQ,516.87,511.69,yahoo
2024-12-04,QQQ,523.26,518.02,yahoo
2024-12-05,QQQ,521.81,516.58,yahoo
2024-12-06,QQQ,526.48,521.21,yahoo
2024-12-09,QQQ,522.38,517.15,yahoo
2024-12-10,QQQ,520.60,515.38,yahoo
2024-12-11,QQQ,529.92,524.61,yahoo
2024-12-12,QQQ,526.50,521.22,yahoo
2024-12-13,QQQ,530.53,525.21,yahoo
2024-12-16,QQQ,538.17,532.78,yahoo
2024-12-17,QQQ,535.80,530.43,yahoo
2024-12-18,QQQ,516.47,511.30,yahoo
2024-12-19,QQQ,514.17,509.02,yahoo
2024-12-20,QQQ,518.66,513.46,yahoo
2024-12-23,QQQ,522.87,518.47,yahoo
2024-12-24,QQQ,529.96,525.50,yahoo
2024-12-26,QQQ,529.60,525.14,yahoo
2024-12-27,QQQ,522.56,518.16,yahoo
2024-12-30,QQQ,515.61,511.27,yahoo
2024-12-31,QQQ,511.23,506.92,yahoo
2025-01-02,QQQ,510.23,505.93,yahoo
2025-01-03,QQQ,518.58,514.21,yahoo
2025-01-06,QQQ,524.54,520.12,yahoo
2025-01-07,QQQ,515.18,510.84,yahoo
2025-01-08,QQQ,515.27,510.93,yahoo
2025-01-10,QQQ,507.19,502.92,yahoo
2025-01-13,QQQ,505.56,501.30,yahoo
2025-01-14,QQQ,505.08,500.83,yahoo
2025-01-15,QQQ,516.70,512.35,yahoo
2025-01-16,QQQ,513.08,508.76,yahoo
2025-01-17,QQQ,521.74,517.35,yahoo
2025-01-21,QQQ,524.80,520.38,yahoo
2025-01-22,QQQ,531.51,527.03,yahoo
2025-01-23,QQQ,532.64,528.15,yahoo
2025-01-24,QQQ,529.63,525.17,yahoo
2025-01-27,QQQ,514.21,509.88,yahoo
2025-01-28,QQQ,521.81,517.41,yahoo
2025-01-29,QQQ,520.83,516.44,yahoo
2025-01-30,QQQ,523.05,518.64,yahoo
2025-01-31,QQQ,522.29,517.89,yahoo
2025-02-03,QQQ,518.11,513.75,yahoo
2025-02-04,QQQ,524.47,520.05,yahoo
2025-02-05,QQQ,526.85,522.41,yahoo
2025-02-06,QQQ,529.60,525.14,yahoo
2025-02-07,QQQ,522.92,518.52,yahoo
2025-02-10,QQQ,529.25,524.79,yahoo
2025-02-11,QQQ,527.99,523.54,yahoo
2025-02-12,QQQ,528.30,523.85,yahoo
2025-02-13,QQQ,535.90,531.39,yahoo
2025-02-14,QQQ,538.15,533.62,yahoo
2025-02-18,QQQ,539.37,534.83,yahoo
2025-02-19,QQQ,539.52,534.98,yahoo
2025-02-20,QQQ,537.23,532.70,yahoo
2025-02-21,QQQ,526.08,521.65,yahoo
2025-02-24,QQQ,519.87,515.49,yahoo
2025-02-25,QQQ,513.32,509.00,yahoo
2025-02-26,QQQ,514.56,510.23,yahoo
2025-02-27,QQQ,500.27,496.06,yahoo
2025-02-28,QQQ,508.17,503.89,yahoo
2025-03-03,QQQ,497.05,492.86,yahoo
2025-03-04,QQQ,495.55,491.38,yahoo
2025-03-05,QQQ,502.01,497.78,yahoo
2025-03-06,QQQ,488.20,484.09,yahoo
2025-03-07,QQQ,491.79,487.65,yahoo
2025-03-10,QQQ,472.73,468.75,yahoo
2025-03-11,QQQ,471.60,467.63,yahoo
2025-03-12,QQQ,476.92,472.90,yahoo
2025-03-13,QQQ,468.34,464.40,yahoo
2025-03-14,QQQ,479.66,475.62,yahoo
2025-03-17,QQQ,482.77,478.70,yahoo
2025-03-18,QQQ,474.54,470.54,yahoo
2025-03-19,QQQ,480.89,476.84,yahoo
2025-03-20,QQQ,479.26,475.22,yahoo
2025-03-21,QQQ,480.84,476.79,yahoo
2025-03-24,QQQ,490.66,487.25,yahoo
2025-03-25,QQQ,493.46,490.03,yahoo
2025-03-26,QQQ,484.38,481.02,yahoo
2025-03-27,QQQ,481.62,478.28,yahoo
2025-03-28,QQQ,468.94,465.68,yahoo
2025-03-31,QQQ,468.92,465.66,yahoo
2025-04-01,QQQ,472.70,469.42,yahoo
2025-04-02,QQQ,476.15,472.84,yahoo
2025-04-03,QQQ,450.66,447.53,yahoo
2025-04-04,QQQ,422.67,419.73,yahoo
2025-04-07,QQQ,423.69,420.75,yahoo
2025-04-08,QQQ,416.06,413.17,yahoo
2025-04-09,QQQ,466,462.76,yahoo
2025-04-10,QQQ,446.18,443.08,yahoo
2025-04-11,QQQ,454.40,451.24,yahoo
2025-04-14,QQQ,457.48,454.30,yahoo
2025-04-15,QQQ,457.99,454.81,yahoo
2025-04-16,QQQ,444.18,441.10,yahoo
2025-04-17,QQQ,444.10,441.02,yahoo
2025-04-21,QQQ,433.11,430.10,yahoo
2025-04-22,QQQ,444.48,441.39,yahoo
2025-04-23,QQQ,454.56,451.40,yahoo
2025-04-24,QQQ,467.35,464.10,yahoo
2025-04-25,QQQ,472.56,469.28,yahoo
2025-04-28,QQQ,472.41,469.13,yahoo
2025-04-29,QQQ,475.53,472.23,yahoo
2025-04-30,QQQ,475.47,472.17,yahoo
2025-05-01,QQQ,481.68,478.33,yahoo
2025-05-02,QQQ,488.83,485.44,yahoo
2025-05-05,QQQ,485.93,482.56,yahoo
2025-05-06,QQQ,481.41,478.07,yahoo
2025-05-07,QQQ,483.30,479.94,yahoo
2025-05-08,QQQ,488.29,484.90,yahoo
2025-05-09,QQQ,487.97,484.58,yahoo
2025-05-12,QQQ,507.85,504.32,yahoo
2025-05-13,QQQ,515.59,512.01,yahoo
2025-05-14,QQQ,518.68,515.08,yahoo
2025-05-15,QQQ,519.25,515.64,yahoo
2025-05-16,QQQ,521.51,517.89,yahoo
2025-05-19,QQQ,522.01,518.38,yahoo
2025-05-20,QQQ,520.27,516.66,yahoo
2025-05-21,QQQ,513.04,509.48,yahoo
2025-05-22,QQQ,514,510.43,yahoo
2025-05-23,QQQ,509.24,505.70,yahoo
2025-05-27,QQQ,521.22,517.60,yahoo
2025-05-28,QQQ,518.91,515.31,yahoo
2025-05-29,QQQ,519.93,516.32,yahoo
2025-05-30,QQQ,519.11,515.51,yahoo
2025-06-02,QQQ,523.21,519.58,yahoo
2025-06-03,QQQ,527.30,523.64,yahoo
2025-06-04,QQQ,528.77,525.10,yahoo
2025-06-05,QQQ,524.79,521.15,yahoo
2025-06-06,QQQ,529.92,526.24,yahoo
2025-06-09,QQQ,530.70,527.01,yahoo
2025-06-10,QQQ,534.21,530.50,yahoo
2025-06-11,QQQ,532.41,528.71,yahoo
2025-06-12,QQQ,533.66,529.95,yahoo
2025-06-13,QQQ,526.96,523.30,yahoo
2025-06-16,QQQ,534.29,530.58,yahoo
2025-06-17,QQQ,529.08,525.41,yahoo
2025-06-18,QQQ,528.99,525.32,yahoo
2025-06-20,QQQ,526.83,523.17,yahoo
2025-06-23,QQQ,531.65,528.55,yahoo
2025-06-24,QQQ,539.78,536.63,yahoo
2025-06-25,QQQ,541.16,538.01,yahoo
2025-06-26,QQQ,546.22,543.04,yahoo
2025-06-27,QQQ,548.09,544.90,yahoo
2025-06-30,QQQ,551.64,548.42,yahoo
2025-07-01,QQQ,546.99,543.80,yahoo
2025-07-02,QQQ,550.80,547.59,yahoo
2025-07-03,QQQ,556.22,552.98,yahoo
2025-07-07,QQQ,552.03,548.81,yahoo
2025-07-08,QQQ,552.34,549.12,yahoo
2025-07-09,QQQ,556.25,553.01,yahoo
2025-07-10,QQQ,555.45,552.21,yahoo
2025-07-11,QQQ,554.20,550.97,yahoo
2025-07-14,QQQ,556.21,552.97,yahoo
2025-07-15,QQQ,556.72,553.47,yahoo
2025-07-16,QQQ,557.29,554.04,yahoo
2025-07-17,QQQ,561.80,558.53,yahoo
2025-07-18,QQQ,561.26,557.99,yahoo
2025-07-21,QQQ,564.17,560.88,yahoo
2025-07-22,QQQ,561.25,557.98,yahoo
2025-07-23,QQQ,563.81,560.52,yahoo
2025-07-24,QQQ,565.01,561.72,yahoo
2025-07-25,QQQ,566.37,563.07,yahoo
2025-07-28,QQQ,568.14,564.83,yahoo
2025-07-29,QQQ,567.26,563.95,yahoo
2025-07-30,QQQ,568.02,564.71,yahoo
2025-07-31,QQQ,565.01,561.72,yahoo
2025-08-01,QQQ,553.88,550.65,yahoo
2025-08-04,QQQ,564.10,560.81,yahoo
2025-08-05,QQQ,560.27,557.00,yahoo
2025-08-06,QQQ,567.32,564.01,yahoo
2025-08-07,QQQ,569.24,565.92,yahoo
2025-08-08,QQQ,574.55,571.20,yahoo
2025-08-11,QQQ,572.85,569.51,yahoo
2025-08-12,QQQ,580.05,576.67,yahoo
2025-08-13,QQQ,580.34,576.96,yahoo
2025-08-14,QQQ,579.89,576.51,yahoo
2025-08-15,QQQ,577.34,573.97,yahoo
2025-08-18,QQQ,577.11,573.75,yahoo
2025-08-19,QQQ,569.28,565.96,yahoo
2025-08-20,QQQ,565.90,562.60,yahoo
2025-08-21,QQQ,563.28,560.00,yahoo
2025-08-22,QQQ,571.97,568.64,yahoo
2025-08-25,QQQ,570.32,567.00,yahoo
2025-08-26,QQQ,572.61,569.27,yahoo
2025-08-27,QQQ,573.49,570.15,yahoo
2025-08-28,QQQ,577.08,573.72,yahoo
2025-08-29,QQQ,570.40,567.08,yahoo
2025-09-02,QQQ,565.62,562.32,yahoo
2025-09-03,QQQ,570.07,566.75,yahoo
2025-09-04,QQQ,575.23,571.88,yahoo
2025-09-05,QQQ,576.06,572.70,yahoo
2025-09-08,QQQ,578.87,575.50,yahoo
2025-09-09,QQQ,580.51,577.13,yahoo
2025-09-10,QQQ,580.70,577.32,yahoo
2025-09-11,QQQ,584.08,580.68,yahoo
2025-09-12,QQQ,586.66,583.24,yahoo
2025-09-15,QQQ,591.68,588.23,yahoo
2025-09-16,QQQ,591.18,587.73,yahoo
2025-09-17,QQQ,590,586.56,yahoo
2025-09-18,QQQ,595.32,591.85,yahoo
2025-09-19,QQQ,599.35,595.86,yahoo
2025-09-22,QQQ,602.20,599.38,yahoo
2025-09-23,QQQ,598.20,595.40,yahoo
2025-09-24,QQQ,596.10,593.31,yahoo
2025-09-25,QQQ,593.53,590.75,yahoo
2025-09-26,QQQ,595.97,593.18,yahoo
2025-09-29,QQQ,598.73,595.93,yahoo
2025-09-30,QQQ,600.37,597.56,yahoo
2025-10-01,QQQ,603.25,600.43,yahoo
2025-10-02,QQQ,605.73,602.90,yahoo
2025-10-03,QQQ,603.18,600.36,yahoo
2025-10-06,QQQ,607.71,604.87,yahoo
2025-10-07,QQQ,604.51,601.68,yahoo
2025-10-08,QQQ,611.44,608.58,yahoo
2025-10-09,QQQ,610.70,607.84,yahoo
2025-10-10,QQQ,589.50,586.74,yahoo
2025-10-13,QQQ,602.01,599.19,yahoo
2025-10-14,QQQ,598,595.20,yahoo
2025-10-15,QQQ,602.22,599.40,yahoo
2025-10-16,QQQ,599.99,597.18,yahoo
2025-10-17,QQQ,603.93,601.11,yahoo
2025-10-20,QQQ,611.54,608.68,yahoo
2025-10-21,QQQ,611.38,608.52,yahoo
2025-10-22,QQQ,605.49,602.66,yahoo
2025-10-23,QQQ,610.58,607.72,yahoo
2025-10-24,QQQ,617.10,614.21,yahoo
2025-10-27,QQQ,628.09,625.15,yahoo
2025-10-28,QQQ,632.92,629.96,yahoo
2025-10-29,QQQ,635.77,632.80,yahoo
2025-10-30,QQQ,626.05,623.12,yahoo
2025-10-31,QQQ,629.07,626.13,yahoo
2025-11-03,QQQ,632.08,629.12,yahoo
2025-11-04,QQQ,619.25,616.35,yahoo
2025-11-05,QQQ,623.28,620.37,yahoo
2025-11-06,QQQ,611.67,608.81,yahoo
2025-11-07,QQQ,609.74,606.89,yahoo
2025-11-10,QQQ,623.23,620.32,yahoo
2025-11-11,QQQ,621.57,618.66,yahoo
2025-11-12,QQQ,621.08,618.18,yahoo
2025-11-13,QQQ,608.40,605.55,yahoo
2025-11-14,QQQ,608.86,606.01,yahoo
2025-11-17,QQQ,603.66,600.84,yahoo
2025-11-18,QQQ,596.31,593.52,yahoo
2025-11-19,QQQ,599.87,597.06,yahoo
2025-11-20,QQQ,585.67,582.93,yahoo
2025-11-21,QQQ,590.07,587.31,yahoo
2025-11-24,QQQ,605.16,602.33,yahoo
2025-11-25,QQQ,608.89,606.04,yahoo
2025-11-26,QQQ,614.27,611.40,yahoo
2025-11-28,QQQ,619.25,616.35,yahoo
2025-12-01,QQQ,617.17,614.28,yahoo
2025-12-02,QQQ,622,619.09,yahoo
2025-12-03,QQQ,623.52,620.60,yahoo
2025-12-04,QQQ,622.94,620.03,yahoo
2025-12-05,QQQ,625.48,622.55,yahoo
2025-12-08,QQQ,624.28,621.36,yahoo
2025-12-09,QQQ,625.05,622.13,yahoo
2025-12-10,QQQ,627.61,624.67,yahoo
2025-12-11,QQQ,625.58,622.65,yahoo
2025-12-12,QQQ,613.62,610.75,yahoo
2025-12-15,QQQ,610.54,607.68,yahoo
2025-12-16,QQQ,611.75,608.89,yahoo
2025-12-17,QQQ,600.41,597.60,yahoo
2025-12-18,QQQ,609.11,606.26,yahoo
2025-12-19,QQQ,617.05,614.16,yahoo
2025-12-22,QQQ,619.21,617.11,yahoo
2025-12-23,QQQ,622.11,620.00,yahoo
2025-12-24,QQQ,623.93,621.81,yahoo
2025-12-26,QQQ,623.89,621.77,yahoo
2025-12-29,QQQ,620.87,618.76,yahoo
2025-12-30,QQQ,619.43,617.33,yahoo
2025-12-31,QQQ,614.31,612.22,yahoo
2026-01-02,QQQ,613.12,611.04,yahoo
2026-01-05,QQQ,617.99,615.89,yahoo
2026-01-06,QQQ,623.42,621.30,yahoo
2026-01-07,QQQ,624.02,621.90,yahoo
2026-01-08,QQQ,620.47,618.36,yahoo
2026-01-09,QQQ,626.65,624.52,yahoo
2026-01-12,QQQ,627.17,625.04,yahoo
2026-01-13,QQQ,626.24,624.11,yahoo
2026-01-14,QQQ,619.55,617.45,yahoo
2026-01-15,QQQ,621.78,619.67,yahoo
2026-01-16,QQQ,621.26,619.15,yahoo
2026-01-20,QQQ,608.06,606.00,yahoo
2026-01-21,QQQ,616.28,614.19,yahoo
2026-01-22,QQQ,620.76,618.65,yahoo
2026-01-23,QQQ,622.72,620.61,yahoo
2026-01-26,QQQ,625.46,623.34,yahoo
2026-01-27,QQQ,631.13,628.99,yahoo
2026-01-28,QQQ,633.22,631.07,yahoo
2026-01-29,QQQ,629.43,627.29,yahoo
2026-01-30,QQQ,621.87,619.76,yahoo
2026-02-02,QQQ,626.14,624.01,yahoo
2026-02-03,QQQ,616.52,614.43,yahoo
2026-02-04,QQQ,605.75,603.69,yahoo
2026-02-05,QQQ,597.03,595.00,yahoo
2026-02-06,QQQ,609.65,607.58,yahoo
2026-02-09,QQQ,614.32,612.23,yahoo
2026-02-10,QQQ,611.47,609.39,yahoo
2026-02-11,QQQ,613.11,611.03,yahoo
2026-02-12,QQQ,600.64,598.60,yahoo
2026-02-13,QQQ,601.92,599.88,yahoo
2026-02-17,QQQ,601.30,599.26,yahoo
2026-02-18,QQQ,605.79,603.73,yahoo
2026-02-19,QQQ,603.47,601.42,yahoo
2026-02-20,QQQ,608.81,606.74,yahoo
2026-02-23,QQQ,601.41,599.37,yahoo
2026-02-24,QQQ,607.87,605.81,yahoo
2026-02-25,QQQ,616.68,614.59,yahoo
2026-02-26,QQQ,609.24,607.17,yahoo
2026-02-27,QQQ,607.29,605.23,yahoo
2026-03-02,QQQ,608.09,606.03,yahoo
2026-03-03,QQQ,601.58,599.54,yahoo
2026-03-04,QQQ,610.75,608.68,yahoo
2026-03-05,QQQ,608.91,606.84,yahoo
2026-03-06,QQQ,599.75,597.71,yahoo
2026-03-09,QQQ,607.76,605.70,yahoo
2026-03-10,QQQ,607.77,605.71,yahoo
2026-03-11,QQQ,607.69,605.63,yahoo
2026-03-12,QQQ,597.26,595.23,yahoo
2026-03-13,QQQ,593.72,591.70,yahoo
2026-03-16,QQQ,600.38,598.34,yahoo
2026-03-17,QQQ,603.31,601.26,yahoo
2026-03-18,QQQ,594.90,592.88,yahoo
2026-03-19,QQQ,593.02,591.01,yahoo
2026-03-20,QQQ,582.06,580.08,yahoo
2026-03-23,QQQ,588,586.74,yahoo
2026-03-24,QQQ,583.98,582.73,yahoo
2026-03-25,QQQ,587.82,586.56,yahoo
2026-03-26,QQQ,573.79,572.56,yahoo
2026-03-27,QQQ,562.58,561.38,yahoo
2026-03-30,QQQ,558.28,557.09,yahoo
2026-03-31,QQQ,577.18,575.95,yahoo
2026-04-01,QQQ,584.31,583.06,yahoo
2026-04-02,QQQ,584.98,583.73,yahoo
2026-04-06,QQQ,588.50,587.24,yahoo
2026-04-07,QQQ,588.59,587.33,yahoo
2026-04-08,QQQ,606.09,604.79,yahoo
2026-04-09,QQQ,610.19,608.89,yahoo
2026-04-10,QQQ,611.07,609.76,yahoo
2026-04-13,QQQ,617.39,616.07,yahoo
2026-04-14,QQQ,628.60,627.26,yahoo
2026-04-15,QQQ,637.40,636.04,yahoo
2026-04-16,QQQ,640.47,639.10,yahoo
2026-04-17,QQQ,648.85,647.46,yahoo
2026-04-20,QQQ,646.79,645.41,yahoo
2026-04-21,QQQ,644.33,642.95,yahoo
2026-04-22,QQQ,655.11,653.71,yahoo
2026-04-23,QQQ,651.42,650.03,yahoo
2026-04-24,QQQ,663.88,662.46,yahoo
2026-04-27,QQQ,664.23,662.81,yahoo
2026-04-28,QQQ,657.55,656.14,yahoo
2026-04-29,QQQ,661.57,660.16,yahoo
2026-04-30,QQQ,667.74,666.31,yahoo
2026-05-01,QQQ,674.15,672.71,yahoo
2026-05-04,QQQ,672.88,671.44,yahoo
2026-05-05,QQQ,681.61,680.15,yahoo
2026-05-06,QQQ,695.77,694.28,yahoo
2026-05-07,QQQ,694.94,693.45,yahoo
2026-05-08,QQQ,711.23,709.71,yahoo
2026-05-11,QQQ,713.29,711.77,yahoo
2026-05-12,QQQ,707.24,705.73,yahoo
2026-05-13,QQQ,714.71,713.18,yahoo
2026-05-14,QQQ,719.79,718.25,yahoo
2026-05-15,QQQ,708.93,707.41,yahoo
2026-05-18,QQQ,705.88,704.37,yahoo
2026-05-19,QQQ,701.53,700.03,yahoo
2026-05-20,QQQ,713.15,711.63,yahoo
2026-05-21,QQQ,714.51,712.98,yahoo
2026-05-22,QQQ,717.54,716.01,yahoo
2026-05-26,QQQ,730.28,728.72,yahoo
2026-05-27,QQQ,729.45,727.89,yahoo
2026-05-28,QQQ,735.60,734.03,yahoo
2026-05-29,QQQ,738.31,736.73,yahoo
2026-06-01,QQQ,742.74,741.15,yahoo
2026-06-02,QQQ,746.16,744.57,yahoo
2026-06-03,QQQ,744.21,742.62,yahoo
2026-06-04,QQQ,740.61,739.03,yahoo
2026-06-05,QQQ,705.06,703.55,yahoo
2026-06-08,QQQ,716.07,714.54,yahoo
2026-06-09,QQQ,707.83,706.32,yahoo
2026-06-10,QQQ,693.69,692.21,yahoo
2026-06-11,QQQ,717.12,715.59,yahoo
2026-06-12,QQQ,721.34,719.80,yahoo
2026-06-15,QQQ,744,742.41,yahoo
2026-06-16,QQQ,729.86,728.30,yahoo
2026-06-17,QQQ,722.51,720.97,yahoo
2026-06-18,QQQ,740.62,739.04,yahoo
2026-06-22,QQQ,737.95,737.18,yahoo
2026-06-23,QQQ,713.65,712.91,yahoo
2026-06-24,QQQ,710.62,709.88,yahoo
2026-06-25,QQQ,716.38,715.63,yahoo
2026-06-26,QQQ,706.52,705.78,yahoo
2026-06-29,QQQ,724.08,723.33,yahoo
2026-06-30,QQQ,736.40,735.63,yahoo
2026-07-01,QQQ,725.17,724.42,yahoo
2026-07-02,QQQ,712.60,711.86,yahoo
2026-07-06,QQQ,722.82,722.07,yahoo
2026-07-07,QQQ,709.43,708.69,yahoo
2026-07-08,QQQ,711.44,710.70,yahoo
2026-07-09,QQQ,723.28,722.53,yahoo
2026-07-10,QQQ,725.51,724.75,yahoo
2026-07-13,QQQ,711.74,711.00,yahoo
2026-07-14,QQQ,719.69,718.94,yahoo
2026-07-15,QQQ,717.74,716.99,yahoo
2026-07-16,QQQ,705.94,705.21,yahoo
2026-07-17,QQQ,695.33,694.61,yahoo
2026-07-20,QQQ,696.06,695.34,yahoo
2026-07-21,QQQ,708.97,708.23,yahoo
2026-07-22,QQQ,705.35,704.62,yahoo
2026-07-23,QQQ,691.96,691.24,yahoo
2026-07-24,QQQ,684.23,683.52,yahoo
2026-07-27,QQQ,682.12,681.41,yahoo
2026-07-28,QQQ,675.49,674.79,yahoo
2026-07-29,QQQ,661.73,661.04,yahoo
2026-07-30,QQQ,683.55,682.84,yahoo
2026-07-31,QQQ,687.99,687.27,yahoo
2026-08-03,QQQ,700.07,699.34,yahoo
2026-08-04,QQQ,723.85,723.10,yahoo
2026-08-05,QQQ,717.30,716.55,yahoo
2026-08-06,QQQ,714.65,713.91,yahoo
2026-08-07,QQQ,723.03,722.28,yahoo
2026-08-10,QQQ,720.87,720.12,yahoo
2026-08-11,QQQ,718.45,717.70,yahoo
2026-08-12,QQQ,723.70,722.95,yahoo
2026-08-13,QQQ,732.07,731.31,yahoo
2026-08-14,QQQ,731.07,730.31,yahoo
2026-08-17,QQQ,729.87,729.11,yahoo
2026-08-18,QQQ,717.51,716.76,yahoo
2026-08-19,QQQ,716.08,715.33,yahoo
2026-08-20,QQQ,710.93,710.19,yahoo
2026-08-21,QQQ,713.44,712.70,yahoo
2026-08-24,QQQ,706.32,705.58,yahoo
2026-08-25,QQQ,710.72,709.98,yahoo
2026-08-26,QQQ,711.37,710.63,yahoo
2026-08-27,QQQ,721.11,720.36,yahoo
2026-08-28,QQQ,716.43,715.68,yahoo
2026-08-31,QQQ,716.76,716.01,yahoo
2026-09-01,QQQ,707.64,706.90,yahoo
2026-09-02,QQQ,709.24,708.50,yahoo
2026-09-03,QQQ,717.67,716.92,yahoo
2026-09-04,QQQ,718.96,718.21,yahoo
2026-09-08,QQQ,718.36,717.61,yahoo
2026-09-09,QQQ,716.31,715.56,yahoo
2026-09-10,QQQ,708.69,707.95,yahoo
2026-09-11,QQQ,714.88,714.14,yahoo
2026-09-14,QQQ,709.18,708.44,yahoo
2026-09-15,QQQ,704.54,703.81,yahoo
2026-09-16,QQQ,704.72,703.99,yahoo
2026-09-17,QQQ,716.92,716.17,yahoo
2026-09-18,QQQ,721.45,720.70,yahoo
2026-09-21,QQQ,741.47,741.47,yahoo
2026-09-22,QQQ,747.46,747.46,yahoo
2006-01-03,SPY,126.70,86.79,yahoo
2006-01-04,SPY,127.30,87.20,yahoo
2006-01-05,SPY,127.38,87.25,yahoo
2006-01-06,SPY,128.44,87.98,yahoo
2006-01-09,SPY,128.77,88.20,yahoo
2006-01-10,SPY,128.90,88.29,yahoo
2006-01-11,SPY,129.31,88.57,yahoo
2006-01-12,SPY,128.80,88.22,yahoo
2006-01-13,SPY,128.68,88.14,yahoo
2006-01-17,SPY,128.33,87.90,yahoo
2006-01-18,SPY,127.82,87.55,yahoo
2006-01-19,SPY,128.31,87.89,yahoo
2006-01-20,SPY,125.97,86.29,yahoo
2006-01-23,SPY,126.42,86.59,yahoo
2006-01-24,SPY,126.55,86.68,yahoo
2006-01-25,SPY,126.66,86.76,yahoo
2006-01-26,SPY,127.36,87.24,yahoo
2006-01-27,SPY,128.54,88.05,yahoo
2006-01-30,SPY,128.44,87.98,yahoo
2006-01-31,SPY,127.50,87.33,yahoo
2006-02-01,SPY,128.39,87.94,yahoo
2006-02-02,SPY,126.90,86.92,yahoo
2006-02-03,SPY,126.27,86.49,yahoo
2006-02-06,SPY,126.60,86.72,yahoo
2006-02-07,SPY,125.48,85.95,yahoo
2006-02-08,SPY,126.62,86.73,yahoo
2006-02-09,SPY,126.41,86.59,yahoo
2006-02-10,SPY,126.64,86.74,yahoo
2006-02-13,SPY,126.41,86.59,yahoo
2006-02-14,SPY,127.75,87.50,yahoo
2006-02-15,SPY,128.20,87.81,yahoo
2006-02-16,SPY,129.16,88.47,yahoo
2006-02-17,SPY,128.81,88.23,yahoo
2006-02-21,SPY,128.49,88.01,yahoo
2006-02-22,SPY,129.27,88.55,yahoo
2006-02-23,SPY,129.08,88.42,yahoo
2006-02-24,SPY,129.41,88.64,yahoo
2006-02-27,SPY,129.46,88.68,yahoo
2006-02-28,SPY,128.23,87.83,yahoo
2006-03-01,SPY,129.37,88.61,yahoo
2006-03-02,SPY,129.36,88.61,yahoo
2006-03-03,SPY,128.76,88.20,yahoo
2006-03-06,SPY,128.17,87.79,yahoo
2006-03-07,SPY,127.97,87.66,yahoo
2006-03-08,SPY,128.24,87.84,yahoo
2006-03-09,SPY,127.38,87.25,yahoo
2006-03-10,SPY,128.59,88.08,yahoo
2006-03-13,SPY,128.83,88.24,yahoo
2006-03-14,SPY,130.18,89.17,yahoo
2006-03-15,SPY,130.76,89.57,yahoo
2006-03-16,SPY,131.03,89.75,yahoo
2006-03-17,SPY,130.62,89.83,yahoo
2006-03-20,SPY,130.41,89.68,yahoo
2006-03-21,SPY,129.59,89.12,yahoo
2006-03-22,SPY,130.38,89.66,yahoo
2006-03-23,SPY,130.11,89.48,yahoo
2006-03-24,SPY,130.21,89.54,yahoo
2006-03-27,SPY,130.02,89.41,yahoo
2006-03-28,SPY,129.22,88.86,yahoo
2006-03-29,SPY,130.03,89.42,yahoo
2006-03-30,SPY,129.80,89.26,yahoo
2006-03-31,SPY,129.83,89.28,yahoo
2006-04-03,SPY,129.73,89.21,yahoo
2006-04-04,SPY,130.56,89.78,yahoo
2006-04-05,SPY,131.01,90.09,yahoo
2006-04-06,SPY,130.87,90.00,yahoo
2006-04-07,SPY,129.54,89.08,yahoo
2006-04-10,SPY,129.74,89.22,yahoo
2006-04-11,SPY,128.64,88.46,yahoo
2006-04-12,SPY,128.88,88.63,yahoo
2006-04-13,SPY,128.71,88.51,yahoo
2006-04-17,SPY,128.66,88.48,yahoo
2006-04-18,SPY,130.70,89.88,yahoo
2006-04-19,SPY,130.95,90.05,yahoo
2006-04-20,SPY,131.13,90.18,yahoo
2006-04-21,SPY,131.15,90.19,yahoo
2006-04-24,SPY,130.91,90.03,yahoo
2006-04-25,SPY,130.37,89.65,yahoo
2006-04-26,SPY,130.40,89.67,yahoo
2006-04-27,SPY,131.03,90.11,yahoo
2006-04-28,SPY,131.47,90.41,yahoo
2006-05-01,SPY,130.40,89.67,yahoo
2006-05-02,SPY,131.38,90.35,yahoo
2006-05-03,SPY,130.89,90.01,yahoo
2006-05-04,SPY,131.36,90.34,yahoo
2006-05-05,SPY,132.52,91.13,yahoo
2006-05-08,SPY,132.36,91.02,yahoo
2006-05-09,SPY,132.62,91.20,yahoo
2006-05-10,SPY,132.55,91.15,yahoo
2006-05-11,SPY,130.95,90.05,yahoo
2006-05-12,SPY,129.24,88.88,yahoo
2006-05-15,SPY,129.50,89.06,yahoo
2006-05-16,SPY,129.31,88.93,yahoo
2006-05-17,SPY,126.85,87.23,yahoo
2006-05-18,SPY,126.21,86.79,yahoo
2006-05-19,SPY,127.10,87.41,yahoo
2006-05-22,SPY,126.13,86.74,yahoo
2006-05-23,SPY,125.17,86.08,yahoo
2006-05-24,SPY,126.17,86.77,yahoo
2006-05-25,SPY,127.73,87.84,yahoo
2006-05-26,SPY,128.38,88.29,yahoo
2006-05-30,SPY,126.10,86.72,yahoo
2006-05-31,SPY,127.51,87.69,yahoo
2006-06-01,SPY,128.73,88.53,yahoo
2006-06-02,SPY,129,88.71,yahoo
2006-06-05,SPY,127.12,87.42,yahoo
2006-06-06,SPY,126.81,87.21,yahoo
2006-06-07,SPY,125.86,86.55,yahoo
2006-06-08,SPY,125.75,86.48,yahoo
2006-06-09,SPY,125.35,86.20,yahoo
2006-06-12,SPY,123.99,85.27,yahoo
2006-06-13,SPY,122.55,84.28,yahoo
2006-06-14,SPY,123.50,84.93,yahoo
2006-06-15,SPY,126.12,86.73,yahoo
2006-06-16,SPY,124.65,86.10,yahoo
2006-06-19,SPY,123.67,85.42,yahoo
2006-06-20,SPY,124.09,85.71,yahoo
2006-06-21,SPY,125.01,86.35,yahoo
2006-06-22,SPY,124.46,85.97,yahoo
2006-06-23,SPY,124.44,85.95,yahoo
2006-06-26,SPY,124.99,86.33,yahoo
2006-06-27,SPY,123.91,85.59,yahoo
2006-06-28,SPY,124.75,86.17,yahoo
2006-06-29,SPY,127.27,87.91,yahoo
2006-06-30,SPY,127.28,87.92,yahoo
2006-07-03,SPY,127.80,88.28,yahoo
2006-07-05,SPY,127.07,87.77,yahoo
2006-07-06,SPY,127.44,88.03,yahoo
2006-07-07,SPY,126.61,87.45,yahoo
2006-07-10,SPY,126.85,87.62,yahoo
2006-07-11,SPY,127.41,88.01,yahoo
2006-07-12,SPY,126.05,87.07,yahoo
2006-07-13,SPY,124,85.65,yahoo
2006-07-14,SPY,123.52,85.32,yahoo
2006-07-17,SPY,123.34,85.19,yahoo
2006-07-18,SPY,123.97,85.63,yahoo
2006-07-19,SPY,125.69,86.82,yahoo
2006-07-20,SPY,124.83,86.22,yahoo
2006-07-21,SPY,123.95,85.62,yahoo
2006-07-24,SPY,126.21,87.18,yahoo
2006-07-25,SPY,126.66,87.49,yahoo
2006-07-26,SPY,126.83,87.61,yahoo
2006-07-27,SPY,126.71,87.52,yahoo
2006-07-28,SPY,127.98,88.40,yahoo
2006-07-31,SPY,127.85,88.31,yahoo
2006-08-01,SPY,127.22,87.87,yahoo
2006-08-02,SPY,128.08,88.47,yahoo
2006-08-03,SPY,128.42,88.70,yahoo
2006-08-04,SPY,128.20,88.55,yahoo
2006-08-07,SPY,127.90,88.34,yahoo
2006-08-08,SPY,127.41,88.01,yahoo
2006-08-09,SPY,126.98,87.71,yahoo
2006-08-10,SPY,127.37,87.98,yahoo
2006-08-11,SPY,127.01,87.73,yahoo
2006-08-14,SPY,127.11,87.80,yahoo
2006-08-15,SPY,128.63,88.85,yahoo
2006-08-16,SPY,129.70,89.59,yahoo
2006-08-17,SPY,130.03,89.82,yahoo
2006-08-18,SPY,130.69,90.27,yahoo
2006-08-21,SPY,130.13,89.88,yahoo
2006-08-22,SPY,130.12,89.88,yahoo
2006-08-23,SPY,129.76,89.63,yahoo
2006-08-24,SPY,129.65,89.55,yahoo
2006-08-25,SPY,129.81,89.66,yahoo
2006-08-28,SPY,130.43,90.09,yahoo
2006-08-29,SPY,130.58,90.20,yahoo
2006-08-30,SPY,130.66,90.25,yahoo
2006-08-31,SPY,130.64,90.24,yahoo
2006-09-01,SPY,131.42,90.78,yahoo
2006-09-05,SPY,131.67,90.95,yahoo
2006-09-06,SPY,130.51,90.15,yahoo
2006-09-07,SPY,129.91,89.73,yahoo
2006-09-08,SPY,130.28,89.99,yahoo
2006-09-11,SPY,130.41,90.08,yahoo
2006-09-12,SPY,131.69,90.96,yahoo
2006-09-13,SPY,132.22,91.33,yahoo
2006-09-14,SPY,132.23,91.34,yahoo
2006-09-15,SPY,131.96,91.55,yahoo
2006-09-18,SPY,132.14,91.67,yahoo
2006-09-19,SPY,131.81,91.45,yahoo
2006-09-20,SPY,132.51,91.93,yahoo
2006-09-21,SPY,131.87,91.49,yahoo
2006-09-22,SPY,131.47,91.21,yahoo
2006-09-25,SPY,132.48,91.91,yahoo
2006-09-26,SPY,133.58,92.67,yahoo
2006-09-27,SPY,133.74,92.78,yahoo
2006-09-28,SPY,133.69,92.75,yahoo
2006-09-29,SPY,133.58,92.67,yahoo
2006-10-02,SPY,133.08,92.33,yahoo
2006-10-03,SPY,133.36,92.52,yahoo
2006-10-04,SPY,134.92,93.60,yahoo
2006-10-05,SPY,135.18,93.78,yahoo
2006-10-06,SPY,135.01,93.67,yahoo
2006-10-09,SPY,135.09,93.72,yahoo
2006-10-10,SPY,135.27,93.85,yahoo
2006-10-11,SPY,135.11,93.74,yahoo
2006-10-12,SPY,136.28,94.55,yahoo
2006-10-13,SPY,136.63,94.79,yahoo
2006-10-16,SPY,136.84,94.94,yahoo
2006-10-17,SPY,136.41,94.64,yahoo
2006-10-18,SPY,136.59,94.76,yahoo
2006-10-19,SPY,136.81,94.91,yahoo
2006-10-20,SPY,136.84,94.94,yahoo
2006-10-23,SPY,137.47,95.37,yahoo
2006-10-24,SPY,137.88,95.66,yahoo
2006-10-25,SPY,138.35,95.98,yahoo
2006-10-26,SPY,138.78,96.28,yahoo
2006-10-27,SPY,137.91,95.68,yahoo
2006-10-30,SPY,137.81,95.61,yahoo
2006-10-31,SPY,137.79,95.59,yahoo
2006-11-01,SPY,136.86,94.95,yahoo
2006-11-02,SPY,136.78,94.89,yahoo
2006-11-03,SPY,136.54,94.73,yahoo
2006-11-06,SPY,138.08,95.80,yahoo
2006-11-07,SPY,138.61,96.16,yahoo
2006-11-08,SPY,138.91,96.37,yahoo
2006-11-09,SPY,138.18,95.86,yahoo
2006-11-10,SPY,138.24,95.91,yahoo
2006-11-13,SPY,138.58,96.14,yahoo
2006-11-14,SPY,139.62,96.86,yahoo
2006-11-15,SPY,140.02,97.14,yahoo
2006-11-16,SPY,140.38,97.39,yahoo
2006-11-17,SPY,140.42,97.42,yahoo
2006-11-20,SPY,140.50,97.47,yahoo
2006-11-21,SPY,140.64,97.57,yahoo
2006-11-22,SPY,140.92,97.77,yahoo
2006-11-24,SPY,140.35,97.37,yahoo
2006-11-27,SPY,138.42,96.03,yahoo
2006-11-28,SPY,139.02,96.45,yahoo
2006-11-29,SPY,140.47,97.45,yahoo
2006-11-30,SPY,140.53,97.50,yahoo
2006-12-01,SPY,140.22,97.28,yahoo
2006-12-04,SPY,141.29,98.02,yahoo
2006-12-05,SPY,141.90,98.45,yahoo
2006-12-06,SPY,141.78,98.36,yahoo
2006-12-07,SPY,141.16,97.93,yahoo
2006-12-08,SPY,141.42,98.11,yahoo
2006-12-11,SPY,141.83,98.40,yahoo
2006-12-12,SPY,141.72,98.32,yahoo
2006-12-13,SPY,141.87,98.42,yahoo
2006-12-14,SPY,143.12,99.29,yahoo
2006-12-15,SPY,142.34,99.30,yahoo
2006-12-18,SPY,141.95,99.03,yahoo
2006-12-19,SPY,142.22,99.22,yahoo
2006-12-20,SPY,142.14,99.16,yahoo
2006-12-21,SPY,141.62,98.80,yahoo
2006-12-22,SPY,140.75,98.19,yahoo
2006-12-26,SPY,141.58,98.77,yahoo
2006-12-27,SPY,142.51,99.42,yahoo
2006-12-28,SPY,142.21,99.21,yahoo
2006-12-29,SPY,141.62,98.80,yahoo
2007-01-03,SPY,141.37,98.62,yahoo
2007-01-04,SPY,141.67,98.83,yahoo
2007-01-05,SPY,140.54,98.05,yahoo
2007-01-08,SPY,141.19,98.50,yahoo
2007-01-09,SPY,141.07,98.42,yahoo
2007-01-10,SPY,141.54,98.74,yahoo
2007-01-11,SPY,142.16,99.18,yahoo
2007-01-12,SPY,143.24,99.93,yahoo
2007-01-16,SPY,142.96,99.73,yahoo
2007-01-17,SPY,143.02,99.78,yahoo
2007-01-18,SPY,142.54,99.44,yahoo
2007-01-19,SPY,142.82,99.64,yahoo
2007-01-22,SPY,142.38,99.33,yahoo
2007-01-23,SPY,142.80,99.62,yahoo
2007-01-24,SPY,143.95,100.42,yahoo
2007-01-25,SPY,142.26,99.25,yahoo
2007-01-26,SPY,142.13,99.15,yahoo
2007-01-29,SPY,142.05,99.10,yahoo
2007-01-30,SPY,142.79,99.62,yahoo
2007-01-31,SPY,143.75,100.28,yahoo
2007-02-01,SPY,144.61,100.89,yahoo
2007-02-02,SPY,144.81,101.02,yahoo
2007-02-05,SPY,144.85,101.05,yahoo
2007-02-06,SPY,144.89,101.08,yahoo
2007-02-07,SPY,145.21,101.30,yahoo
2007-02-08,SPY,145.02,101.17,yahoo
2007-02-09,SPY,143.94,100.42,yahoo
2007-02-12,SPY,143.45,100.08,yahoo
2007-02-13,SPY,144.66,100.92,yahoo
2007-02-14,SPY,145.61,101.58,yahoo
2007-02-15,SPY,145.80,101.72,yahoo
2007-02-16,SPY,145.73,101.67,yahoo
2007-02-20,SPY,146.04,101.88,yahoo
2007-02-21,SPY,145.98,101.84,yahoo
2007-02-22,SPY,145.87,101.76,yahoo
2007-02-23,SPY,145.30,101.37,yahoo
2007-02-26,SPY,145.17,101.28,yahoo
2007-02-27,SPY,139.50,97.32,yahoo
2007-02-28,SPY,140.93,98.32,yahoo
2007-03-01,SPY,140.51,98.02,yahoo
2007-03-02,SPY,138.67,96.74,yahoo
2007-03-05,SPY,137.35,95.82,yahoo
2007-03-06,SPY,139.70,97.46,yahoo
2007-03-07,SPY,139.56,97.36,yahoo
2007-03-08,SPY,140.74,98.19,yahoo
2007-03-09,SPY,140.78,98.21,yahoo
2007-03-12,SPY,140.99,98.36,yahoo
2007-03-13,SPY,138.25,96.45,yahoo
2007-03-14,SPY,139.28,97.17,yahoo
2007-03-15,SPY,139.47,97.30,yahoo
2007-03-16,SPY,138.53,97.03,yahoo
2007-03-19,SPY,140.20,98.20,yahoo
2007-03-20,SPY,140.97,98.74,yahoo
2007-03-21,SPY,143.29,100.36,yahoo
2007-03-22,SPY,143.18,100.28,yahoo
2007-03-23,SPY,143.39,100.43,yahoo
2007-03-26,SPY,143.20,100.30,yahoo
2007-03-27,SPY,142.86,100.06,yahoo
2007-03-28,SPY,141.82,99.33,yahoo
2007-03-29,SPY,141.97,99.44,yahoo
2007-03-30,SPY,142,99.46,yahoo
2007-04-02,SPY,142.16,99.57,yahoo
2007-04-03,SPY,143.69,100.64,yahoo
2007-04-04,SPY,143.85,100.75,yahoo
2007-04-05,SPY,144.24,101.03,yahoo
2007-04-09,SPY,144.44,101.17,yahoo
2007-04-10,SPY,144.61,101.29,yahoo
2007-04-11,SPY,144.02,100.87,yahoo
2007-04-12,SPY,144.66,101.32,yahoo
2007-04-13,SPY,145.32,101.78,yahoo
2007-04-16,SPY,146.70,102.75,yahoo
2007-04-17,SPY,147.09,103.02,yahoo
2007-04-18,SPY,147.27,103.15,yahoo
2007-04-19,SPY,147.23,103.12,yahoo
2007-04-20,SPY,148.62,104.09,yahoo
2007-04-23,SPY,148.06,103.70,yahoo
2007-04-24,SPY,148.12,103.74,yahoo
2007-04-25,SPY,149.48,104.70,yahoo
2007-04-26,SPY,149.65,104.82,yahoo
2007-04-27,SPY,149.53,104.73,yahoo
2007-04-30,SPY,148.29,103.86,yahoo
2007-05-01,SPY,148.67,104.13,yahoo
2007-05-02,SPY,149.54,104.74,yahoo
2007-05-03,SPY,150.35,105.31,yahoo
2007-05-04,SPY,150.92,105.70,yahoo
2007-05-07,SPY,150.95,105.73,yahoo
2007-05-08,SPY,150.75,105.59,yahoo
2007-05-09,SPY,151.16,105.87,yahoo
2007-05-10,SPY,149.58,104.77,yahoo
2007-05-11,SPY,150.86,105.66,yahoo
2007-05-14,SPY,150.53,105.43,yahoo
2007-05-15,SPY,150.57,105.46,yahoo
2007-05-16,SPY,151.60,106.18,yahoo
2007-05-17,SPY,151.30,105.97,yahoo
2007-05-18,SPY,152.62,106.90,yahoo
2007-05-21,SPY,152.54,106.84,yahoo
2007-05-22,SPY,152.42,106.76,yahoo
2007-05-23,SPY,152.44,106.77,yahoo
2007-05-24,SPY,151.06,105.80,yahoo
2007-05-25,SPY,151.69,106.24,yahoo
2007-05-29,SPY,152.24,106.63,yahoo
2007-05-30,SPY,153.48,107.50,yahoo
2007-05-31,SPY,153.32,107.39,yahoo
2007-06-01,SPY,154.08,107.92,yahoo
2007-06-04,SPY,154.10,107.93,yahoo
2007-06-05,SPY,153.49,107.50,yahoo
2007-06-06,SPY,151.84,106.35,yahoo
2007-06-07,SPY,149.10,104.43,yahoo
2007-06-08,SPY,151.04,105.79,yahoo
2007-06-11,SPY,151.30,105.97,yahoo
2007-06-12,SPY,149.65,104.82,yahoo
2007-06-13,SPY,151.89,106.38,yahoo
2007-06-14,SPY,152.86,107.06,yahoo
2007-06-15,SPY,153.07,107.67,yahoo
2007-06-18,SPY,152.89,107.55,yahoo
2007-06-19,SPY,153.27,107.81,yahoo
2007-06-20,SPY,151.14,106.31,yahoo
2007-06-21,SPY,151.98,106.91,yahoo
2007-06-22,SPY,150.55,105.90,yahoo
2007-06-25,SPY,149.83,105.39,yahoo
2007-06-26,SPY,148.29,104.31,yahoo
2007-06-27,SPY,150.40,105.79,yahoo
2007-06-28,SPY,150.38,105.78,yahoo
2007-06-29,SPY,150.43,105.82,yahoo
2007-07-02,SPY,151.79,106.77,yahoo
2007-07-03,SPY,152.34,107.16,yahoo
2007-07-05,SPY,152.18,107.05,yahoo
2007-07-06,SPY,152.98,107.61,yahoo
2007-07-09,SPY,153.10,107.69,yahoo
2007-07-10,SPY,150.92,106.16,yahoo
2007-07-11,SPY,151.99,106.91,yahoo
2007-07-12,SPY,154.39,108.60,yahoo
2007-07-13,SPY,154.85,108.92,yahoo
2007-07-16,SPY,154.83,108.91,yahoo
2007-07-17,SPY,154.75,108.85,yahoo
2007-07-18,SPY,154.47,108.66,yahoo
2007-07-19,SPY,155.07,109.08,yahoo
2007-07-20,SPY,153.50,107.97,yahoo
2007-07-23,SPY,153.97,108.31,yahoo
2007-07-24,SPY,151.30,106.43,yahoo
2007-07-25,SPY,151.61,106.65,yahoo
2007-07-26,SPY,148.02,104.12,yahoo
2007-07-27,SPY,145.11,102.07,yahoo
2007-07-30,SPY,147.38,103.67,yahoo
2007-07-31,SPY,145.72,102.50,yahoo
2007-08-01,SPY,146.43,103.00,yahoo
2007-08-02,SPY,147.60,103.82,yahoo
2007-08-03,SPY,143.80,101.15,yahoo
2007-08-06,SPY,146.21,102.85,yahoo
2007-08-07,SPY,147.77,103.94,yahoo
2007-08-08,SPY,149.83,105.39,yahoo
2007-08-09,SPY,145.39,102.27,yahoo
2007-08-10,SPY,144.71,101.79,yahoo
2007-08-13,SPY,145.23,102.16,yahoo
2007-08-14,SPY,143.01,100.60,yahoo
2007-08-15,SPY,141.04,99.21,yahoo
2007-08-16,SPY,142.10,99.96,yahoo
2007-08-17,SPY,144.71,101.79,yahoo
2007-08-20,SPY,144.64,101.74,yahoo
2007-08-21,SPY,144.93,101.95,yahoo
2007-08-22,SPY,146.65,103.16,yahoo
2007-08-23,SPY,146.52,103.07,yahoo
2007-08-24,SPY,148.33,104.34,yahoo
2007-08-27,SPY,146.95,103.37,yahoo
2007-08-28,SPY,143.72,101.10,yahoo
2007-08-29,SPY,146.54,103.08,yahoo
2007-08-30,SPY,146.15,102.80,yahoo
2007-08-31,SPY,147.59,103.82,yahoo
2007-09-04,SPY,149.08,104.87,yahoo
2007-09-05,SPY,147.79,103.96,yahoo
2007-09-06,SPY,148.13,104.20,yahoo
2007-09-07,SPY,146.07,102.75,yahoo
2007-09-10,SPY,145.79,102.55,yahoo
2007-09-11,SPY,147.49,103.75,yahoo
2007-09-12,SPY,147.87,104.01,yahoo
2007-09-13,SPY,148.91,104.75,yahoo
2007-09-14,SPY,148.90,104.74,yahoo
2007-09-17,SPY,148.10,104.18,yahoo
2007-09-18,SPY,152.46,107.24,yahoo
2007-09-19,SPY,153.36,107.88,yahoo
2007-09-20,SPY,152.28,107.12,yahoo
2007-09-21,SPY,151.97,107.41,yahoo
2007-09-24,SPY,151.69,107.21,yahoo
2007-09-25,SPY,151.39,107.00,yahoo
2007-09-26,SPY,152.19,107.56,yahoo
2007-09-27,SPY,153.09,108.20,yahoo
2007-09-28,SPY,152.58,107.84,yahoo
2007-10-01,SPY,154.30,109.05,yahoo
2007-10-02,SPY,154.09,108.90,yahoo
2007-10-03,SPY,153.78,108.69,yahoo
2007-10-04,SPY,154.02,108.85,yahoo
2007-10-05,SPY,155.85,110.15,yahoo
2007-10-08,SPY,155.02,109.56,yahoo
2007-10-09,SPY,156.48,110.59,yahoo
2007-10-10,SPY,156.22,110.41,yahoo
2007-10-11,SPY,155.47,109.88,yahoo
2007-10-12,SPY,156.33,110.49,yahoo
2007-10-15,SPY,155.01,109.55,yahoo
2007-10-16,SPY,153.78,108.69,yahoo
2007-10-17,SPY,154.25,109.02,yahoo
2007-10-18,SPY,153.69,108.62,yahoo
2007-10-19,SPY,149.67,105.78,yahoo
2007-10-22,SPY,150.54,106.40,yahoo
2007-10-23,SPY,151.76,107.26,yahoo
2007-10-24,SPY,151.48,107.06,yahoo
2007-10-25,SPY,151.84,107.31,yahoo
2007-10-26,SPY,153.62,108.57,yahoo
2007-10-29,SPY,154.13,108.93,yahoo
2007-10-30,SPY,153.06,108.18,yahoo
2007-10-31,SPY,154.65,109.30,yahoo
2007-11-01,SPY,151.03,106.74,yahoo
2007-11-02,SPY,151.20,106.86,yahoo
2007-11-05,SPY,150.05,106.05,yahoo
2007-11-06,SPY,152.07,107.48,yahoo
2007-11-07,SPY,147.91,104.54,yahoo
2007-11-08,SPY,147.16,104.01,yahoo
2007-11-09,SPY,145.14,102.58,yahoo
2007-11-12,SPY,143.70,101.56,yahoo
2007-11-13,SPY,148.08,104.66,yahoo
2007-11-14,SPY,147.67,104.37,yahoo
2007-11-15,SPY,145.54,102.86,yahoo
2007-11-16,SPY,145.79,103.04,yahoo
2007-11-19,SPY,143.76,101.60,yahoo
2007-11-20,SPY,144.64,102.23,yahoo
2007-11-21,SPY,141.68,100.13,yahoo
2007-11-23,SPY,144.13,101.86,yahoo
2007-11-26,SPY,140.95,99.62,yahoo
2007-11-27,SPY,142.57,100.76,yahoo
2007-11-28,SPY,147.13,103.99,yahoo
2007-11-29,SPY,147.18,104.02,yahoo
2007-11-30,SPY,148.66,105.07,yahoo
2007-12-03,SPY,147.68,104.37,yahoo
2007-12-04,SPY,146.36,103.44,yahoo
2007-12-05,SPY,148.81,105.17,yahoo
2007-12-06,SPY,150.94,106.68,yahoo
2007-12-07,SPY,150.91,106.66,yahoo
2007-12-10,SPY,152.08,107.48,yahoo
2007-12-11,SPY,147.91,104.54,yahoo
2007-12-12,SPY,149.37,105.57,yahoo
2007-12-13,SPY,149.06,105.35,yahoo
2007-12-14,SPY,147.17,104.01,yahoo
2007-12-17,SPY,145.07,102.53,yahoo
2007-12-18,SPY,145.88,103.10,yahoo
2007-12-19,SPY,145.88,103.10,yahoo
2007-12-20,SPY,146.80,103.75,yahoo
2007-12-21,SPY,148.13,105.25,yahoo
2007-12-24,SPY,149.23,106.03,yahoo
2007-12-26,SPY,149.55,106.26,yahoo
2007-12-27,SPY,147.67,104.92,yahoo
2007-12-28,SPY,147.30,104.66,yahoo
2007-12-31,SPY,146.21,103.88,yahoo
2008-01-02,SPY,144.93,102.97,yahoo
2008-01-03,SPY,144.86,102.92,yahoo
2008-01-04,SPY,141.31,100.40,yahoo
2008-01-07,SPY,141.19,100.32,yahoo
2008-01-08,SPY,138.91,98.70,yahoo
2008-01-09,SPY,140.37,99.73,yahoo
2008-01-10,SPY,141.29,100.39,yahoo
2008-01-11,SPY,140.15,99.58,yahoo
2008-01-14,SPY,141.28,100.38,yahoo
2008-01-15,SPY,138.17,98.17,yahoo
2008-01-16,SPY,136.98,97.33,yahoo
2008-01-17,SPY,133.43,94.80,yahoo
2008-01-18,SPY,132.06,93.83,yahoo
2008-01-22,SPY,130.72,92.88,yahoo
2008-01-23,SPY,133.86,95.11,yahoo
2008-01-24,SPY,134.99,95.91,yahoo
2008-01-25,SPY,133.04,94.53,yahoo
2008-01-28,SPY,135.24,96.09,yahoo
2008-01-29,SPY,135.91,96.57,yahoo
2008-01-30,SPY,134.91,95.85,yahoo
2008-01-31,SPY,137.37,97.60,yahoo
2008-02-01,SPY,139.58,99.17,yahoo
2008-02-04,SPY,137.82,97.92,yahoo
2008-02-05,SPY,134.13,95.30,yahoo
2008-02-06,SPY,133.05,94.53,yahoo
2008-02-07,SPY,133.93,95.16,yahoo
2008-02-08,SPY,133.07,94.55,yahoo
2008-02-11,SPY,133.75,95.03,yahoo
2008-02-12,SPY,134.99,95.91,yahoo
2008-02-13,SPY,136.37,96.89,yahoo
2008-02-14,SPY,135.17,96.04,yahoo
2008-02-15,SPY,135.14,96.02,yahoo
2008-02-19,SPY,135.52,96.29,yahoo
2008-02-20,SPY,135.92,96.57,yahoo
2008-02-21,SPY,134.79,95.77,yahoo
2008-02-22,SPY,135.62,96.36,yahoo
2008-02-25,SPY,137.33,97.57,yahoo
2008-02-26,SPY,138.36,98.31,yahoo
2008-02-27,SPY,138.22,98.21,yahoo
2008-02-28,SPY,136.87,97.25,yahoo
2008-02-29,SPY,133.82,95.08,yahoo
2008-03-03,SPY,133.50,94.85,yahoo
2008-03-04,SPY,132.99,94.49,yahoo
2008-03-05,SPY,133.83,95.09,yahoo
2008-03-06,SPY,131.06,93.12,yahoo
2008-03-07,SPY,129.71,92.16,yahoo
2008-03-10,SPY,128,90.95,yahoo
2008-03-11,SPY,132.60,94.21,yahoo
2008-03-12,SPY,131.36,93.33,yahoo
2008-03-13,SPY,131.65,93.54,yahoo
2008-03-14,SPY,129.61,92.09,yahoo
2008-03-17,SPY,128.30,91.16,yahoo
2008-03-18,SPY,133.63,94.95,yahoo
2008-03-19,SPY,130.32,92.59,yahoo
2008-03-20,SPY,132.08,94.31,yahoo
2008-03-24,SPY,134.72,96.19,yahoo
2008-03-25,SPY,134.85,96.29,yahoo
2008-03-26,SPY,133.20,95.11,yahoo
2008-03-27,SPY,132.78,94.81,yahoo
2008-03-28,SPY,131.51,93.90,yahoo
2008-03-31,SPY,131.97,94.23,yahoo
2008-04-01,SPY,136.61,97.54,yahoo
2008-04-02,SPY,136.70,97.61,yahoo
2008-04-03,SPY,137.04,97.85,yahoo
2008-04-04,SPY,136.89,97.74,yahoo
2008-04-07,SPY,136.96,97.79,yahoo
2008-04-08,SPY,136.82,97.69,yahoo
2008-04-09,SPY,135.83,96.99,yahoo
2008-04-10,SPY,136.02,97.12,yahoo
2008-04-11,SPY,133.38,95.24,yahoo
2008-04-14,SPY,132.93,94.92,yahoo
2008-04-15,SPY,133.24,95.14,yahoo
2008-04-16,SPY,136.85,97.71,yahoo
2008-04-17,SPY,137.05,97.86,yahoo
2008-04-18,SPY,138.48,98.88,yahoo
2008-04-21,SPY,138.55,98.93,yahoo
2008-04-22,SPY,137.94,98.49,yahoo
2008-04-23,SPY,137.72,98.34,yahoo
2008-04-24,SPY,138.32,98.76,yahoo
2008-04-25,SPY,139.60,99.68,yahoo
2008-04-28,SPY,139.63,99.70,yahoo
2008-04-29,SPY,139.08,99.31,yahoo
2008-04-30,SPY,138.26,98.72,yahoo
2008-05-01,SPY,141.12,100.76,yahoo
2008-05-02,SPY,141.51,101.04,yahoo
2008-05-05,SPY,140.83,100.56,yahoo
2008-05-06,SPY,142.05,101.43,yahoo
2008-05-07,SPY,139.52,99.62,yahoo
2008-05-08,SPY,139.16,99.36,yahoo
2008-05-09,SPY,138.90,99.18,yahoo
2008-05-12,SPY,140.46,100.29,yahoo
2008-05-13,SPY,140.48,100.31,yahoo
2008-05-14,SPY,140.77,100.51,yahoo
2008-05-15,SPY,142.53,101.77,yahoo
2008-05-16,SPY,142.66,101.86,yahoo
2008-05-19,SPY,143.05,102.14,yahoo
2008-05-20,SPY,141.89,101.31,yahoo
2008-05-21,SPY,139.49,99.60,yahoo
2008-05-22,SPY,139.51,99.61,yahoo
2008-05-23,SPY,137.64,98.28,yahoo
2008-05-27,SPY,138.66,99.01,yahoo
2008-05-28,SPY,139.30,99.46,yahoo
2008-05-29,SPY,140,99.96,yahoo
2008-05-30,SPY,140.35,100.21,yahoo
2008-06-02,SPY,138.90,99.18,yahoo
2008-06-03,SPY,138.09,98.60,yahoo
2008-06-04,SPY,138.02,98.55,yahoo
2008-06-05,SPY,140.78,100.52,yahoo
2008-06-06,SPY,136.29,97.31,yahoo
2008-06-09,SPY,136.62,97.55,yahoo
2008-06-10,SPY,135.94,97.06,yahoo
2008-06-11,SPY,133.94,95.64,yahoo
2008-06-12,SPY,134.45,96.00,yahoo
2008-06-13,SPY,136.15,97.21,yahoo
2008-06-16,SPY,136.23,97.27,yahoo
2008-06-17,SPY,135.57,96.80,yahoo
2008-06-18,SPY,134.25,95.86,yahoo
2008-06-19,SPY,134.42,95.98,yahoo
2008-06-20,SPY,131.58,94.42,yahoo
2008-06-23,SPY,131.45,94.33,yahoo
2008-06-24,SPY,131.19,94.14,yahoo
2008-06-25,SPY,131.81,94.59,yahoo
2008-06-26,SPY,128.23,92.02,yahoo
2008-06-27,SPY,127.53,91.52,yahoo
2008-06-30,SPY,127.98,91.84,yahoo
2008-07-01,SPY,128.38,92.13,yahoo
2008-07-02,SPY,126.18,90.55,yahoo
2008-07-03,SPY,126.31,90.64,yahoo
2008-07-07,SPY,125.02,89.71,yahoo
2008-07-08,SPY,127.24,91.31,yahoo
2008-07-09,SPY,124.79,89.55,yahoo
2008-07-10,SPY,125.30,89.91,yahoo
2008-07-11,SPY,123.84,88.87,yahoo
2008-07-14,SPY,122.72,88.06,yahoo
2008-07-15,SPY,120.99,86.82,yahoo
2008-07-16,SPY,123.96,88.95,yahoo
2008-07-17,SPY,125.20,89.84,yahoo
2008-07-18,SPY,125.98,90.40,yahoo
2008-07-21,SPY,126.05,90.45,yahoo
2008-07-22,SPY,127.48,91.48,yahoo
2008-07-23,SPY,128.17,91.97,yahoo
2008-07-24,SPY,125.51,90.07,yahoo
2008-07-25,SPY,125.48,90.04,yahoo
2008-07-28,SPY,123.64,88.72,yahoo
2008-07-29,SPY,126.28,90.62,yahoo
2008-07-30,SPY,128.53,92.23,yahoo
2008-07-31,SPY,126.83,91.01,yahoo
2008-08-01,SPY,126.16,90.53,yahoo
2008-08-04,SPY,124.99,89.69,yahoo
2008-08-05,SPY,128.36,92.11,yahoo
2008-08-06,SPY,128.93,92.52,yahoo
2008-08-07,SPY,127.01,91.14,yahoo
2008-08-08,SPY,129.37,92.84,yahoo
2008-08-11,SPY,130.71,93.80,yahoo
2008-08-12,SPY,129.35,92.82,yahoo
2008-08-13,SPY,128.57,92.26,yahoo
2008-08-14,SPY,129.54,92.96,yahoo
2008-08-15,SPY,130.17,93.41,yahoo
2008-08-18,SPY,128.39,92.13,yahoo
2008-08-19,SPY,126.99,91.13,yahoo
2008-08-20,SPY,127.58,91.55,yahoo
2008-08-21,SPY,127.80,91.71,yahoo
2008-08-22,SPY,129.65,93.04,yahoo
2008-08-25,SPY,127.02,91.15,yahoo
2008-08-26,SPY,127.39,91.41,yahoo
2008-08-27,SPY,128.63,92.30,yahoo
2008-08-28,SPY,130.19,93.42,yahoo
2008-08-29,SPY,128.79,92.42,yahoo
2008-09-02,SPY,127.99,91.85,yahoo
2008-09-03,SPY,127.88,91.77,yahoo
2008-09-04,SPY,124.03,89.00,yahoo
2008-09-05,SPY,124.42,89.28,yahoo
2008-09-08,SPY,126.99,91.13,yahoo
2008-09-09,SPY,123.22,88.42,yahoo
2008-09-10,SPY,123.72,88.78,yahoo
2008-09-11,SPY,125.51,90.07,yahoo
2008-09-12,SPY,126.09,90.48,yahoo
2008-09-15,SPY,120.09,86.18,yahoo
2008-09-16,SPY,122.10,87.62,yahoo
2008-09-17,SPY,116.61,83.68,yahoo
2008-09-18,SPY,120.07,86.16,yahoo
2008-09-19,SPY,124.12,89.58,yahoo
2008-09-22,SPY,121.31,87.56,yahoo
2008-09-23,SPY,118.55,85.56,yahoo
2008-09-24,SPY,118.93,85.84,yahoo
2008-09-25,SPY,120.79,87.18,yahoo
2008-09-26,SPY,120.85,87.22,yahoo
2008-09-29,SPY,111.38,80.39,yahoo
2008-09-30,SPY,115.99,83.72,yahoo
2008-10-01,SPY,116.06,83.77,yahoo
2008-10-02,SPY,111.85,80.73,yahoo
2008-10-03,SPY,110.34,79.64,yahoo
2008-10-06,SPY,104.72,75.58,yahoo
2008-10-07,SPY,100.03,72.20,yahoo
2008-10-08,SPY,97.51,70.38,yahoo
2008-10-09,SPY,90.70,65.46,yahoo
2008-10-10,SPY,88.50,63.87,yahoo
2008-10-13,SPY,101.35,73.15,yahoo
2008-10-14,SPY,99.85,72.07,yahoo
2008-10-15,SPY,90.02,64.97,yahoo
2008-10-16,SPY,93.77,67.68,yahoo
2008-10-17,SPY,93.21,67.27,yahoo
2008-10-20,SPY,98.81,71.32,yahoo
2008-10-21,SPY,95.86,69.19,yahoo
2008-10-22,SPY,90.64,65.42,yahoo
2008-10-23,SPY,91.69,66.18,yahoo
2008-10-24,SPY,87.04,62.82,yahoo
2008-10-27,SPY,83.95,60.59,yahoo
2008-10-28,SPY,93.76,67.67,yahoo
2008-10-29,SPY,93.08,67.18,yahoo
2008-10-30,SPY,96.30,69.50,yahoo
2008-10-31,SPY,96.83,69.89,yahoo
2008-11-03,SPY,97.11,70.09,yahoo
2008-11-04,SPY,100.41,72.47,yahoo
2008-11-05,SPY,96.19,69.43,yahoo
2008-11-06,SPY,90.86,65.58,yahoo
2008-11-07,SPY,93.86,67.74,yahoo
2008-11-10,SPY,92.63,66.86,yahoo
2008-11-11,SPY,89.77,64.79,yahoo
2008-11-12,SPY,85.82,61.94,yahoo
2008-11-13,SPY,91.17,65.80,yahoo
2008-11-14,SPY,86.62,62.52,yahoo
2008-11-17,SPY,85.47,61.69,yahoo
2008-11-18,SPY,87.08,62.85,yahoo
2008-11-19,SPY,81.50,58.82,yahoo
2008-11-20,SPY,75.45,54.46,yahoo
2008-11-21,SPY,79.52,57.39,yahoo
2008-11-24,SPY,85.03,61.37,yahoo
2008-11-25,SPY,85.66,61.83,yahoo
2008-11-26,SPY,88.97,64.21,yahoo
2008-11-28,SPY,90.09,65.02,yahoo
2008-12-01,SPY,82.11,59.26,yahoo
2008-12-02,SPY,85.27,61.54,yahoo
2008-12-03,SPY,87.32,63.02,yahoo
2008-12-04,SPY,85.30,61.57,yahoo
2008-12-05,SPY,87.93,63.46,yahoo
2008-12-08,SPY,91,65.68,yahoo
2008-12-09,SPY,89.50,64.60,yahoo
2008-12-10,SPY,90.11,65.04,yahoo
2008-12-11,SPY,87.94,63.47,yahoo
2008-12-12,SPY,88.99,64.23,yahoo
2008-12-15,SPY,87.75,63.33,yahoo
2008-12-16,SPY,91.88,66.31,yahoo
2008-12-17,SPY,90.99,65.67,yahoo
2008-12-18,SPY,89.29,64.45,yahoo
2008-12-19,SPY,88.19,64.17,yahoo
2008-12-22,SPY,87.06,63.35,yahoo
2008-12-23,SPY,86.16,62.69,yahoo
2008-12-24,SPY,86.66,63.05,yahoo
2008-12-26,SPY,87.16,63.42,yahoo
2008-12-29,SPY,86.91,63.24,yahoo
2008-12-30,SPY,88.97,64.74,yahoo
2008-12-31,SPY,90.24,65.66,yahoo
2009-01-02,SPY,92.96,67.64,yahoo
2009-01-05,SPY,92.85,67.56,yahoo
2009-01-06,SPY,93.47,68.01,yahoo
2009-01-07,SPY,90.67,65.97,yahoo
2009-01-08,SPY,91.04,66.24,yahoo
2009-01-09,SPY,89.09,64.82,yahoo
2009-01-12,SPY,86.95,63.27,yahoo
2009-01-13,SPY,87.11,63.38,yahoo
2009-01-14,SPY,84.37,61.39,yahoo
2009-01-15,SPY,84.40,61.41,yahoo
2009-01-16,SPY,85.06,61.89,yahoo
2009-01-20,SPY,80.57,58.62,yahoo
2009-01-21,SPY,84.05,61.16,yahoo
2009-01-22,SPY,82.75,60.21,yahoo
2009-01-23,SPY,83.11,60.47,yahoo
2009-01-26,SPY,83.68,60.89,yahoo
2009-01-27,SPY,84.53,61.50,yahoo
2009-01-28,SPY,87.39,63.59,yahoo
2009-01-29,SPY,84.55,61.52,yahoo
2009-01-30,SPY,82.83,60.27,yahoo
2009-02-02,SPY,82.58,60.09,yahoo
2009-02-03,SPY,83.74,60.93,yahoo
2009-02-04,SPY,83.33,60.63,yahoo
2009-02-05,SPY,84.57,61.53,yahoo
2009-02-06,SPY,86.98,63.29,yahoo
2009-02-09,SPY,87.10,63.37,yahoo
2009-02-10,SPY,83.11,60.47,yahoo
2009-02-11,SPY,83.60,60.83,yahoo
2009-02-12,SPY,83.66,60.87,yahoo
2009-02-13,SPY,82.76,60.22,yahoo
2009-02-17,SPY,79.22,57.64,yahoo
2009-02-18,SPY,79.03,57.50,yahoo
2009-02-19,SPY,78.18,56.88,yahoo
2009-02-20,SPY,77.42,56.33,yahoo
2009-02-23,SPY,74.65,54.32,yahoo
2009-02-24,SPY,77.48,56.38,yahoo
2009-02-25,SPY,76.87,55.93,yahoo
2009-02-26,SPY,75.62,55.02,yahoo
2009-02-27,SPY,73.93,53.79,yahoo
2009-03-02,SPY,70.60,51.37,yahoo
2009-03-03,SPY,70.07,50.98,yahoo
2009-03-04,SPY,71.73,52.19,yahoo
2009-03-05,SPY,68.80,50.06,yahoo
2009-03-06,SPY,68.92,50.15,yahoo
2009-03-09,SPY,68.11,49.56,yahoo
2009-03-10,SPY,72.17,52.51,yahoo
2009-03-11,SPY,72.64,52.85,yahoo
2009-03-12,SPY,75.50,54.93,yahoo
2009-03-13,SPY,76.09,55.36,yahoo
2009-03-16,SPY,75.86,55.20,yahoo
2009-03-17,SPY,78.18,56.88,yahoo
2009-03-18,SPY,79.93,58.16,yahoo
2009-03-19,SPY,78.94,57.44,yahoo
2009-03-20,SPY,76.71,56.21,yahoo
2009-03-23,SPY,82.22,60.25,yahoo
2009-03-24,SPY,80.60,59.07,yahoo
2009-03-25,SPY,81.45,59.69,yahoo
2009-03-26,SPY,83.11,60.90,yahoo
2009-03-27,SPY,81.61,59.81,yahoo
2009-03-30,SPY,78.79,57.74,yahoo
2009-03-31,SPY,79.52,58.27,yahoo
2009-04-01,SPY,81.06,59.40,yahoo
2009-04-02,SPY,83.43,61.14,yahoo
2009-04-03,SPY,84.26,61.75,yahoo
2009-04-06,SPY,83.60,61.26,yahoo
2009-04-07,SPY,81.65,59.83,yahoo
2009-04-08,SPY,82.53,60.48,yahoo
2009-04-09,SPY,85.81,62.88,yahoo
2009-04-13,SPY,85.83,62.90,yahoo
2009-04-14,SPY,84.35,61.81,yahoo
2009-04-15,SPY,85.25,62.47,yahoo
2009-04-16,SPY,86.50,63.39,yahoo
2009-04-17,SPY,87.08,63.81,yahoo
2009-04-20,SPY,83.43,61.14,yahoo
2009-04-21,SPY,85.06,62.33,yahoo
2009-04-22,SPY,84.54,61.95,yahoo
2009-04-23,SPY,85.37,62.56,yahoo
2009-04-24,SPY,86.66,63.51,yahoo
2009-04-27,SPY,85.84,62.91,yahoo
2009-04-28,SPY,85.57,62.71,yahoo
2009-04-29,SPY,87.39,64.04,yahoo
2009-04-30,SPY,87.42,64.06,yahoo
2009-05-01,SPY,87.89,64.41,yahoo
2009-05-04,SPY,90.88,66.60,yahoo
2009-05-05,SPY,90.57,66.37,yahoo
2009-05-06,SPY,92.14,67.52,yahoo
2009-05-07,SPY,90.86,66.58,yahoo
2009-05-08,SPY,92.98,68.14,yahoo
2009-05-11,SPY,91.24,66.86,yahoo
2009-05-12,SPY,90.97,66.66,yahoo
2009-05-13,SPY,88.68,64.99,yahoo
2009-05-14,SPY,89.44,65.54,yahoo
2009-05-15,SPY,88.71,65.01,yahoo
2009-05-18,SPY,91.23,66.86,yahoo
2009-05-19,SPY,91.12,66.77,yahoo
2009-05-20,SPY,90.51,66.33,yahoo
2009-05-21,SPY,89.21,65.37,yahoo
2009-05-22,SPY,89.02,65.24,yahoo
2009-05-26,SPY,91.30,66.91,yahoo
2009-05-27,SPY,89.67,65.71,yahoo
2009-05-28,SPY,90.92,66.63,yahoo
2009-05-29,SPY,92.53,67.81,yahoo
2009-06-01,SPY,94.77,69.45,yahoo
2009-06-02,SPY,94.85,69.51,yahoo
2009-06-03,SPY,93.65,68.63,yahoo
2009-06-04,SPY,94.53,69.27,yahoo
2009-06-05,SPY,94.55,69.29,yahoo
2009-06-08,SPY,94.16,69.00,yahoo
2009-06-09,SPY,94.64,69.35,yahoo
2009-06-10,SPY,94.40,69.18,yahoo
2009-06-11,SPY,94.82,69.49,yahoo
2009-06-12,SPY,95.08,69.68,yahoo
2009-06-15,SPY,92.90,68.08,yahoo
2009-06-16,SPY,91.64,67.16,yahoo
2009-06-17,SPY,91.55,67.09,yahoo
2009-06-18,SPY,92.22,67.58,yahoo
2009-06-19,SPY,92.04,67.83,yahoo
2009-06-22,SPY,89.28,65.80,yahoo
2009-06-23,SPY,89.35,65.85,yahoo
2009-06-24,SPY,90.12,66.41,yahoo
2009-06-25,SPY,92.08,67.86,yahoo
2009-06-26,SPY,91.84,67.68,yahoo
2009-06-29,SPY,92.70,68.32,yahoo
2009-06-30,SPY,91.95,67.76,yahoo
2009-07-01,SPY,92.33,68.04,yahoo
2009-07-02,SPY,89.81,66.19,yahoo
2009-07-06,SPY,89.80,66.18,yahoo
2009-07-07,SPY,88.06,64.90,yahoo
2009-07-08,SPY,88,64.85,yahoo
2009-07-09,SPY,88.17,64.98,yahoo
2009-07-10,SPY,87.96,64.82,yahoo
2009-07-13,SPY,90.10,66.40,yahoo
2009-07-14,SPY,90.61,66.78,yahoo
2009-07-15,SPY,93.26,68.73,yahoo
2009-07-16,SPY,93.11,68.62,yahoo
2009-07-17,SPY,94.13,69.37,yahoo
2009-07-20,SPY,95.13,70.11,yahoo
2009-07-21,SPY,95.57,70.43,yahoo
2009-07-22,SPY,95.55,70.42,yahoo
2009-07-23,SPY,97.66,71.97,yahoo
2009-07-24,SPY,98.06,72.27,yahoo
2009-07-27,SPY,98.35,72.48,yahoo
2009-07-28,SPY,97.89,72.14,yahoo
2009-07-29,SPY,97.65,71.96,yahoo
2009-07-30,SPY,98.67,72.72,yahoo
2009-07-31,SPY,98.81,72.82,yahoo
2009-08-03,SPY,100.44,74.02,yahoo
2009-08-04,SPY,100.70,74.21,yahoo
2009-08-05,SPY,100.41,74.00,yahoo
2009-08-06,SPY,99.89,73.61,yahoo
2009-08-07,SPY,101.20,74.58,yahoo
2009-08-10,SPY,100.99,74.43,yahoo
2009-08-11,SPY,99.73,73.50,yahoo
2009-08-12,SPY,100.80,74.29,yahoo
2009-08-13,SPY,101.57,74.85,yahoo
2009-08-14,SPY,100.79,74.28,yahoo
2009-08-17,SPY,98.31,72.45,yahoo
2009-08-18,SPY,99.09,73.03,yahoo
2009-08-19,SPY,99.96,73.67,yahoo
2009-08-20,SPY,100.99,74.43,yahoo
2009-08-21,SPY,102.97,75.88,yahoo
2009-08-24,SPY,102.96,75.88,yahoo
2009-08-25,SPY,103.16,76.02,yahoo
2009-08-26,SPY,103.17,76.03,yahoo
2009-08-27,SPY,103.40,76.20,yahoo
2009-08-28,SPY,103.38,76.19,yahoo
2009-08-31,SPY,102.46,75.51,yahoo
2009-09-01,SPY,100.20,73.84,yahoo
2009-09-02,SPY,99.82,73.56,yahoo
2009-09-03,SPY,100.65,74.17,yahoo
2009-09-04,SPY,102.06,75.21,yahoo
2009-09-08,SPY,102.94,75.86,yahoo
2009-09-09,SPY,103.73,76.44,yahoo
2009-09-10,SPY,104.79,77.23,yahoo
2009-09-11,SPY,104.77,77.21,yahoo
2009-09-14,SPY,105.28,77.59,yahoo
2009-09-15,SPY,105.72,77.91,yahoo
2009-09-16,SPY,107.32,79.09,yahoo
2009-09-17,SPY,107.16,78.97,yahoo
2009-09-18,SPY,106.72,79.02,yahoo
2009-09-21,SPY,106.45,78.82,yahoo
2009-09-22,SPY,107.07,79.28,yahoo
2009-09-23,SPY,106.18,78.62,yahoo
2009-09-24,SPY,105.01,77.76,yahoo
2009-09-25,SPY,104.45,77.34,yahoo
2009-09-28,SPY,106.32,78.73,yahoo
2009-09-29,SPY,106,78.49,yahoo
2009-09-30,SPY,105.59,78.19,yahoo
2009-10-01,SPY,102.97,76.25,yahoo
2009-10-02,SPY,102.49,75.89,yahoo
2009-10-05,SPY,104.02,77.02,yahoo
2009-10-06,SPY,105.51,78.13,yahoo
2009-10-07,SPY,105.80,78.34,yahoo
2009-10-08,SPY,106.61,78.94,yahoo
2009-10-09,SPY,107.26,79.42,yahoo
2009-10-12,SPY,107.68,79.73,yahoo
2009-10-13,SPY,107.46,79.57,yahoo
2009-10-14,SPY,109.31,80.94,yahoo
2009-10-15,SPY,109.71,81.24,yahoo
2009-10-16,SPY,108.89,80.63,yahoo
2009-10-19,SPY,109.79,81.30,yahoo
2009-10-20,SPY,109.21,80.87,yahoo
2009-10-21,SPY,108.23,80.14,yahoo
2009-10-22,SPY,109.33,80.96,yahoo
2009-10-23,SPY,108.08,80.03,yahoo
2009-10-26,SPY,106.91,79.16,yahoo
2009-10-27,SPY,106.42,78.80,yahoo
2009-10-28,SPY,104.41,77.31,yahoo
2009-10-29,SPY,106.65,78.97,yahoo
2009-10-30,SPY,103.56,76.68,yahoo
2009-11-02,SPY,104.32,77.25,yahoo
2009-11-03,SPY,104.65,77.49,yahoo
2009-11-04,SPY,104.92,77.69,yahoo
2009-11-05,SPY,106.85,79.12,yahoo
2009-11-06,SPY,107.13,79.33,yahoo
2009-11-09,SPY,109.57,81.13,yahoo
2009-11-10,SPY,109.59,81.15,yahoo
2009-11-11,SPY,110.15,81.56,yahoo
2009-11-12,SPY,109.03,80.73,yahoo
2009-11-13,SPY,109.62,81.17,yahoo
2009-11-16,SPY,111.21,82.35,yahoo
2009-11-17,SPY,111.34,82.44,yahoo
2009-11-18,SPY,111.27,82.39,yahoo
2009-11-19,SPY,109.82,81.32,yahoo
2009-11-20,SPY,109.43,81.03,yahoo
2009-11-23,SPY,110.82,82.06,yahoo
2009-11-24,SPY,110.99,82.18,yahoo
2009-11-25,SPY,111.38,82.47,yahoo
2009-11-27,SPY,109.57,81.13,yahoo
2009-11-30,SPY,109.94,81.41,yahoo
2009-12-01,SPY,111.30,82.41,yahoo
2009-12-02,SPY,111.25,82.38,yahoo
2009-12-03,SPY,110.38,81.73,yahoo
2009-12-04,SPY,111.01,82.20,yahoo
2009-12-07,SPY,110.84,82.07,yahoo
2009-12-08,SPY,109.61,81.16,yahoo
2009-12-09,SPY,110.02,81.47,yahoo
2009-12-10,SPY,110.64,81.93,yahoo
2009-12-11,SPY,111.11,82.27,yahoo
2009-12-14,SPY,111.87,82.84,yahoo
2009-12-15,SPY,111.35,82.45,yahoo
2009-12-16,SPY,111.52,82.58,yahoo
2009-12-17,SPY,110.18,81.58,yahoo
2009-12-18,SPY,110.21,82.05,yahoo
2009-12-21,SPY,111.33,82.88,yahoo
2009-12-22,SPY,111.73,83.18,yahoo
2009-12-23,SPY,111.95,83.34,yahoo
2009-12-24,SPY,112.48,83.74,yahoo
2009-12-28,SPY,112.72,83.91,yahoo
2009-12-29,SPY,112.56,83.80,yahoo
2009-12-30,SPY,112.52,83.77,yahoo
2009-12-31,SPY,111.44,82.96,yahoo
2010-01-04,SPY,113.33,84.37,yahoo
2010-01-05,SPY,113.63,84.59,yahoo
2010-01-06,SPY,113.71,84.65,yahoo
2010-01-07,SPY,114.19,85.01,yahoo
2010-01-08,SPY,114.57,85.29,yahoo
2010-01-11,SPY,114.73,85.41,yahoo
2010-01-12,SPY,113.66,84.61,yahoo
2010-01-13,SPY,114.62,85.33,yahoo
2010-01-14,SPY,114.93,85.56,yahoo
2010-01-15,SPY,113.64,84.60,yahoo
2010-01-19,SPY,115.06,85.66,yahoo
2010-01-20,SPY,113.89,84.79,yahoo
2010-01-21,SPY,111.70,83.16,yahoo
2010-01-22,SPY,109.21,81.30,yahoo
2010-01-25,SPY,109.77,81.72,yahoo
2010-01-26,SPY,109.31,81.38,yahoo
2010-01-27,SPY,109.83,81.76,yahoo
2010-01-28,SPY,108.57,80.83,yahoo
2010-01-29,SPY,107.39,79.95,yahoo
2010-02-01,SPY,109.06,81.19,yahoo
2010-02-02,SPY,110.38,82.17,yahoo
2010-02-03,SPY,109.83,81.76,yahoo
2010-02-04,SPY,106.44,79.24,yahoo
2010-02-05,SPY,106.66,79.40,yahoo
2010-02-08,SPY,105.89,78.83,yahoo
2010-02-09,SPY,107.22,79.82,yahoo
2010-02-10,SPY,107.01,79.66,yahoo
2010-02-11,SPY,108.13,80.50,yahoo
2010-02-12,SPY,108.04,80.43,yahoo
2010-02-16,SPY,109.74,81.70,yahoo
2010-02-17,SPY,110.26,82.08,yahoo
2010-02-18,SPY,110.91,82.57,yahoo
2010-02-19,SPY,111.14,82.74,yahoo
2010-02-22,SPY,111.16,82.75,yahoo
2010-02-23,SPY,109.81,81.75,yahoo
2010-02-24,SPY,110.82,82.50,yahoo
2010-02-25,SPY,110.67,82.39,yahoo
2010-02-26,SPY,110.74,82.44,yahoo
2010-03-01,SPY,111.89,83.30,yahoo
2010-03-02,SPY,112.20,83.53,yahoo
2010-03-03,SPY,112.30,83.60,yahoo
2010-03-04,SPY,112.64,83.86,yahoo
2010-03-05,SPY,114.25,85.05,yahoo
2010-03-08,SPY,114.27,85.07,yahoo
2010-03-09,SPY,114.46,85.21,yahoo
2010-03-10,SPY,114.97,85.59,yahoo
2010-03-11,SPY,115.45,85.95,yahoo
2010-03-12,SPY,115.46,85.95,yahoo
2010-03-15,SPY,115.49,85.98,yahoo
2010-03-16,SPY,116.41,86.66,yahoo
2010-03-17,SPY,117.10,87.18,yahoo
2010-03-18,SPY,117.04,87.13,yahoo
2010-03-19,SPY,115.97,86.69,yahoo
2010-03-22,SPY,116.59,87.15,yahoo
2010-03-23,SPY,117.41,87.77,yahoo
2010-03-24,SPY,116.84,87.34,yahoo
2010-03-25,SPY,116.65,87.20,yahoo
2010-03-26,SPY,116.58,87.15,yahoo
2010-03-29,SPY,117.32,87.70,yahoo
2010-03-30,SPY,117.40,87.76,yahoo
2010-03-31,SPY,117,87.46,yahoo
2010-04-01,SPY,117.80,88.06,yahoo
2010-04-05,SPY,118.76,88.78,yahoo
2010-04-06,SPY,119.04,88.98,yahoo
2010-04-07,SPY,118.36,88.48,yahoo
2010-04-08,SPY,118.77,88.78,yahoo
2010-04-09,SPY,119.55,89.37,yahoo
2010-04-12,SPY,119.74,89.51,yahoo
2010-04-13,SPY,119.83,89.58,yahoo
2010-04-14,SPY,121.19,90.59,yahoo
2010-04-15,SPY,121.29,90.67,yahoo
2010-04-16,SPY,119.36,89.22,yahoo
2010-04-19,SPY,119.81,89.56,yahoo
2010-04-20,SPY,120.88,90.36,yahoo
2010-04-21,SPY,120.66,90.20,yahoo
2010-04-22,SPY,121.02,90.46,yahoo
2010-04-23,SPY,121.81,91.06,yahoo
2010-04-26,SPY,121.35,90.71,yahoo
2010-04-27,SPY,118.48,88.57,yahoo
2010-04-28,SPY,119.38,89.24,yahoo
2010-04-29,SPY,120.86,90.35,yahoo
2010-04-30,SPY,118.81,88.81,yahoo
2010-05-03,SPY,120.35,89.96,yahoo
2010-05-04,SPY,117.52,87.85,yahoo
2010-05-05,SPY,116.82,87.33,yahoo
2010-05-06,SPY,112.94,84.42,yahoo
2010-05-07,SPY,111.26,83.17,yahoo
2010-05-10,SPY,116.16,86.83,yahoo
2010-05-11,SPY,115.83,86.59,yahoo
2010-05-12,SPY,117.45,87.80,yahoo
2010-05-13,SPY,115.99,86.70,yahoo
2010-05-14,SPY,113.89,85.14,yahoo
2010-05-17,SPY,113.95,85.18,yahoo
2010-05-18,SPY,112.40,84.02,yahoo
2010-05-19,SPY,111.76,83.54,yahoo
2010-05-20,SPY,107.54,80.39,yahoo
2010-05-21,SPY,109.11,81.56,yahoo
2010-05-24,SPY,107.71,80.52,yahoo
2010-05-25,SPY,107.82,80.60,yahoo
2010-05-26,SPY,107.17,80.11,yahoo
2010-05-27,SPY,110.76,82.80,yahoo
2010-05-28,SPY,109.37,81.76,yahoo
2010-06-01,SPY,107.53,80.38,yahoo
2010-06-02,SPY,110.33,82.47,yahoo
2010-06-03,SPY,110.71,82.76,yahoo
2010-06-04,SPY,106.82,79.85,yahoo
2010-06-07,SPY,105.49,78.86,yahoo
2010-06-08,SPY,106.62,79.70,yahoo
2010-06-09,SPY,106.05,79.27,yahoo
2010-06-10,SPY,109.15,81.59,yahoo
2010-06-11,SPY,109.68,81.99,yahoo
2010-06-14,SPY,109.51,81.86,yahoo
2010-06-15,SPY,112,83.72,yahoo
2010-06-16,SPY,111.96,83.69,yahoo
2010-06-17,SPY,112.14,83.83,yahoo
2010-06-18,SPY,111.73,83.92,yahoo
2010-06-21,SPY,111.41,83.68,yahoo
2010-06-22,SPY,109.57,82.30,yahoo
2010-06-23,SPY,109.23,82.04,yahoo
2010-06-24,SPY,107.42,80.68,yahoo
2010-06-25,SPY,107.87,81.02,yahoo
2010-06-28,SPY,107.53,80.76,yahoo
2010-06-29,SPY,104.21,78.27,yahoo
2010-06-30,SPY,103.22,77.53,yahoo
2010-07-01,SPY,102.76,77.18,yahoo
2010-07-02,SPY,102.20,76.76,yahoo
2010-07-06,SPY,102.87,77.26,yahoo
2010-07-07,SPY,106.11,79.70,yahoo
2010-07-08,SPY,107.16,80.49,yahoo
2010-07-09,SPY,107.96,81.09,yahoo
2010-07-12,SPY,108.03,81.14,yahoo
2010-07-13,SPY,109.66,82.36,yahoo
2010-07-14,SPY,109.65,82.36,yahoo
2010-07-15,SPY,109.68,82.38,yahoo
2010-07-16,SPY,106.66,80.11,yahoo
2010-07-19,SPY,107.29,80.58,yahoo
2010-07-20,SPY,108.48,81.48,yahoo
2010-07-21,SPY,107.07,80.42,yahoo
2010-07-22,SPY,109.46,82.21,yahoo
2010-07-23,SPY,110.41,82.93,yahoo
2010-07-26,SPY,111.56,83.79,yahoo
2010-07-27,SPY,111.55,83.78,yahoo
2010-07-28,SPY,110.83,83.24,yahoo
2010-07-29,SPY,110.29,82.84,yahoo
2010-07-30,SPY,110.27,82.82,yahoo
2010-08-02,SPY,112.76,84.69,yahoo
2010-08-03,SPY,112.22,84.29,yahoo
2010-08-04,SPY,112.97,84.85,yahoo
2010-08-05,SPY,112.85,84.76,yahoo
2010-08-06,SPY,112.39,84.41,yahoo
2010-08-09,SPY,112.99,84.86,yahoo
2010-08-10,SPY,112.38,84.41,yahoo
2010-08-11,SPY,109.30,82.09,yahoo
2010-08-12,SPY,108.63,81.59,yahoo
2010-08-13,SPY,108.31,81.35,yahoo
2010-08-16,SPY,108.26,81.31,yahoo
2010-08-17,SPY,109.59,82.31,yahoo
2010-08-18,SPY,109.79,82.46,yahoo
2010-08-19,SPY,107.88,81.03,yahoo
2010-08-20,SPY,107.53,80.76,yahoo
2010-08-23,SPY,107.12,80.46,yahoo
2010-08-24,SPY,105.53,79.26,yahoo
2010-08-25,SPY,105.94,79.57,yahoo
2010-08-26,SPY,105.23,79.04,yahoo
2010-08-27,SPY,106.86,80.26,yahoo
2010-08-30,SPY,105.31,79.10,yahoo
2010-08-31,SPY,105.31,79.10,yahoo
2010-09-01,SPY,108.46,81.46,yahoo
2010-09-02,SPY,109.47,82.22,yahoo
2010-09-03,SPY,110.89,83.29,yahoo
2010-09-07,SPY,109.64,82.35,yahoo
2010-09-08,SPY,110.41,82.93,yahoo
2010-09-09,SPY,110.92,83.31,yahoo
2010-09-10,SPY,111.48,83.73,yahoo
2010-09-13,SPY,112.72,84.66,yahoo
2010-09-14,SPY,112.65,84.61,yahoo
2010-09-15,SPY,113.08,84.93,yahoo
2010-09-16,SPY,113.05,84.91,yahoo
2010-09-17,SPY,112.49,84.94,yahoo
2010-09-20,SPY,114.21,86.24,yahoo
2010-09-21,SPY,113.98,86.07,yahoo
2010-09-22,SPY,113.42,85.64,yahoo
2010-09-23,SPY,112.50,84.95,yahoo
2010-09-24,SPY,114.82,86.70,yahoo
2010-09-27,SPY,114.27,86.28,yahoo
2010-09-28,SPY,114.67,86.59,yahoo
2010-09-29,SPY,114.47,86.44,yahoo
2010-09-30,SPY,114.13,86.18,yahoo
2010-10-01,SPY,114.61,86.54,yahoo
2010-10-04,SPY,113.75,85.89,yahoo
2010-10-05,SPY,116.04,87.62,yahoo
2010-10-06,SPY,116.03,87.61,yahoo
2010-10-07,SPY,115.89,87.51,yahoo
2010-10-08,SPY,116.54,88.00,yahoo
2010-10-11,SPY,116.65,88.08,yahoo
2010-10-12,SPY,117.01,88.35,yahoo
2010-10-13,SPY,117.92,89.04,yahoo
2010-10-14,SPY,117.46,88.69,yahoo
2010-10-15,SPY,117.70,88.87,yahoo
2010-10-18,SPY,118.28,89.31,yahoo
2010-10-19,SPY,116.73,88.14,yahoo
2010-10-20,SPY,117.87,89.00,yahoo
2010-10-21,SPY,118.13,89.20,yahoo
2010-10-22,SPY,118.35,89.37,yahoo
2010-10-25,SPY,118.70,89.63,yahoo
2010-10-26,SPY,118.72,89.65,yahoo
2010-10-27,SPY,118.38,89.39,yahoo
2010-10-28,SPY,118.40,89.40,yahoo
2010-10-29,SPY,118.49,89.47,yahoo
2010-11-01,SPY,118.53,89.50,yahoo
2010-11-02,SPY,119.47,90.21,yahoo
2010-11-03,SPY,119.95,90.57,yahoo
2010-11-04,SPY,122.26,92.32,yahoo
2010-11-05,SPY,122.72,92.67,yahoo
2010-11-08,SPY,122.49,92.49,yahoo
2010-11-09,SPY,121.61,91.83,yahoo
2010-11-10,SPY,122.10,92.20,yahoo
2010-11-11,SPY,121.64,91.85,yahoo
2010-11-12,SPY,120.20,90.76,yahoo
2010-11-15,SPY,120.03,90.63,yahoo
2010-11-16,SPY,118.16,89.22,yahoo
2010-11-17,SPY,118.22,89.27,yahoo
2010-11-18,SPY,119.96,90.58,yahoo
2010-11-19,SPY,120.29,90.83,yahoo
2010-11-22,SPY,120.19,90.76,yahoo
2010-11-23,SPY,118.45,89.44,yahoo
2010-11-24,SPY,120.20,90.76,yahoo
2010-11-26,SPY,118.80,89.71,yahoo
2010-11-29,SPY,119.16,89.98,yahoo
2010-11-30,SPY,118.49,89.47,yahoo
2010-12-01,SPY,121.01,91.37,yahoo
2010-12-02,SPY,122.56,92.54,yahoo
2010-12-03,SPY,122.89,92.79,yahoo
2010-12-06,SPY,122.76,92.70,yahoo
2010-12-07,SPY,122.83,92.75,yahoo
2010-12-08,SPY,123.28,93.09,yahoo
2010-12-09,SPY,123.76,93.45,yahoo
2010-12-10,SPY,124.48,93.99,yahoo
2010-12-13,SPY,124.56,94.05,yahoo
2010-12-14,SPY,124.67,94.14,yahoo
2010-12-15,SPY,124.10,93.71,yahoo
2010-12-16,SPY,124.82,94.25,yahoo
2010-12-17,SPY,124.30,94.35,yahoo
2010-12-20,SPY,124.60,94.58,yahoo
2010-12-21,SPY,125.39,95.18,yahoo
2010-12-22,SPY,125.78,95.48,yahoo
2010-12-23,SPY,125.60,95.34,yahoo
2010-12-27,SPY,125.65,95.38,yahoo
2010-12-28,SPY,125.83,95.51,yahoo
2010-12-29,SPY,125.92,95.58,yahoo
2010-12-30,SPY,125.72,95.43,yahoo
2010-12-31,SPY,125.75,95.45,yahoo
2011-01-03,SPY,127.05,96.44,yahoo
2011-01-04,SPY,126.98,96.39,yahoo
2011-01-05,SPY,127.64,96.89,yahoo
2011-01-06,SPY,127.39,96.70,yahoo
2011-01-07,SPY,127.14,96.51,yahoo
2011-01-10,SPY,126.98,96.39,yahoo
2011-01-11,SPY,127.43,96.73,yahoo
2011-01-12,SPY,128.58,97.60,yahoo
2011-01-13,SPY,128.37,97.44,yahoo
2011-01-14,SPY,129.30,98.15,yahoo
2011-01-18,SPY,129.52,98.31,yahoo
2011-01-19,SPY,128.25,97.35,yahoo
2011-01-20,SPY,128.08,97.22,yahoo
2011-01-21,SPY,128.37,97.44,yahoo
2011-01-24,SPY,129.10,98.00,yahoo
2011-01-25,SPY,129.17,98.05,yahoo
2011-01-26,SPY,129.67,98.43,yahoo
2011-01-27,SPY,129.99,98.67,yahoo
2011-01-28,SPY,127.72,96.95,yahoo
2011-01-31,SPY,128.68,97.68,yahoo
2011-02-01,SPY,130.74,99.24,yahoo
2011-02-02,SPY,130.49,99.05,yahoo
2011-02-03,SPY,130.78,99.27,yahoo
2011-02-04,SPY,131.15,99.55,yahoo
2011-02-07,SPY,131.97,100.17,yahoo
2011-02-08,SPY,132.57,100.63,yahoo
2011-02-09,SPY,132.27,100.40,yahoo
2011-02-10,SPY,132.32,100.44,yahoo
2011-02-11,SPY,133.11,101.04,yahoo
2011-02-14,SPY,133.43,101.28,yahoo
2011-02-15,SPY,133.01,100.96,yahoo
2011-02-16,SPY,133.85,101.60,yahoo
2011-02-17,SPY,134.25,101.90,yahoo
2011-02-18,SPY,134.53,102.12,yahoo
2011-02-22,SPY,131.83,100.07,yahoo
2011-02-23,SPY,131.02,99.45,yahoo
2011-02-24,SPY,130.93,99.38,yahoo
2011-02-25,SPY,132.33,100.45,yahoo
2011-02-28,SPY,133.15,101.07,yahoo
2011-03-01,SPY,130.93,99.38,yahoo
2011-03-02,SPY,131.21,99.60,yahoo
2011-03-03,SPY,133.47,101.31,yahoo
2011-03-04,SPY,132.47,100.55,yahoo
2011-03-07,SPY,131.43,99.76,yahoo
2011-03-08,SPY,132.58,100.64,yahoo
2011-03-09,SPY,132.39,100.49,yahoo
2011-03-10,SPY,129.94,98.63,yahoo
2011-03-11,SPY,130.84,99.32,yahoo
2011-03-14,SPY,130.05,98.72,yahoo
2011-03-15,SPY,128.56,97.59,yahoo
2011-03-16,SPY,126.18,95.78,yahoo
2011-03-17,SPY,127.85,97.05,yahoo
2011-03-18,SPY,127.76,97.40,yahoo
2011-03-21,SPY,129.74,98.91,yahoo
2011-03-22,SPY,129.29,98.57,yahoo
2011-03-23,SPY,129.66,98.85,yahoo
2011-03-24,SPY,130.90,99.79,yahoo
2011-03-25,SPY,131.30,100.10,yahoo
2011-03-28,SPY,130.98,99.85,yahoo
2011-03-29,SPY,131.86,100.53,yahoo
2011-03-30,SPY,132.77,101.22,yahoo
2011-03-31,SPY,132.59,101.08,yahoo
2011-04-01,SPY,133.15,101.51,yahoo
2011-04-04,SPY,133.26,101.59,yahoo
2011-04-05,SPY,133.24,101.58,yahoo
2011-04-06,SPY,133.66,101.90,yahoo
2011-04-07,SPY,133.32,101.64,yahoo
2011-04-08,SPY,132.86,101.29,yahoo
2011-04-11,SPY,132.46,100.98,yahoo
2011-04-12,SPY,131.47,100.23,yahoo
2011-04-13,SPY,131.46,100.22,yahoo
2011-04-14,SPY,131.56,100.30,yahoo
2011-04-15,SPY,132.04,100.66,yahoo
2011-04-18,SPY,130.56,99.53,yahoo
2011-04-19,SPY,131.31,100.11,yahoo
2011-04-20,SPY,133.10,101.47,yahoo
2011-04-21,SPY,133.78,101.99,yahoo
2011-04-25,SPY,133.64,101.88,yahoo
2011-04-26,SPY,134.79,102.76,yahoo
2011-04-27,SPY,135.67,103.43,yahoo
2011-04-28,SPY,136.11,103.77,yahoo
2011-04-29,SPY,136.43,104.01,yahoo
2011-05-02,SPY,136.22,103.85,yahoo
2011-05-03,SPY,135.73,103.48,yahoo
2011-05-04,SPY,134.83,102.79,yahoo
2011-05-05,SPY,133.61,101.86,yahoo
2011-05-06,SPY,134.20,102.31,yahoo
2011-05-09,SPY,134.72,102.71,yahoo
2011-05-10,SPY,135.87,103.58,yahoo
2011-05-11,SPY,134.44,102.49,yahoo
2011-05-12,SPY,135.08,102.98,yahoo
2011-05-13,SPY,134.04,102.19,yahoo
2011-05-16,SPY,133.19,101.54,yahoo
2011-05-17,SPY,133.17,101.52,yahoo
2011-05-18,SPY,134.36,102.43,yahoo
2011-05-19,SPY,134.68,102.68,yahoo
2011-05-20,SPY,133.61,101.86,yahoo
2011-05-23,SPY,132.06,100.68,yahoo
2011-05-24,SPY,131.95,100.59,yahoo
2011-05-25,SPY,132.39,100.93,yahoo
2011-05-26,SPY,133,101.39,yahoo
2011-05-27,SPY,133.51,101.78,yahoo
2011-05-31,SPY,134.90,102.84,yahoo
2011-06-01,SPY,131.87,100.53,yahoo
2011-06-02,SPY,131.73,100.43,yahoo
2011-06-03,SPY,130.42,99.43,yahoo
2011-06-06,SPY,129.04,98.38,yahoo
2011-06-07,SPY,128.96,98.31,yahoo
2011-06-08,SPY,128.42,97.90,yahoo
2011-06-09,SPY,129.40,98.65,yahoo
2011-06-10,SPY,127.60,97.28,yahoo
2011-06-13,SPY,127.70,97.35,yahoo
2011-06-14,SPY,129.32,98.59,yahoo
2011-06-15,SPY,127.02,96.84,yahoo
2011-06-16,SPY,127.30,97.05,yahoo
2011-06-17,SPY,127.05,97.34,yahoo
2011-06-20,SPY,127.70,97.84,yahoo
2011-06-21,SPY,129.45,99.18,yahoo
2011-06-22,SPY,128.67,98.58,yahoo
2011-06-23,SPY,128.30,98.30,yahoo
2011-06-24,SPY,126.81,97.15,yahoo
2011-06-27,SPY,127.94,98.02,yahoo
2011-06-28,SPY,129.61,99.30,yahoo
2011-06-29,SPY,130.72,100.15,yahoo
2011-06-30,SPY,131.97,101.11,yahoo
2011-07-01,SPY,133.92,102.60,yahoo
2011-07-05,SPY,133.81,102.52,yahoo
2011-07-06,SPY,133.97,102.64,yahoo
2011-07-07,SPY,135.36,103.71,yahoo
2011-07-08,SPY,134.40,102.97,yahoo
2011-07-11,SPY,131.97,101.11,yahoo
2011-07-12,SPY,131.40,100.67,yahoo
2011-07-13,SPY,131.84,101.01,yahoo
2011-07-14,SPY,130.93,100.31,yahoo
2011-07-15,SPY,131.69,100.89,yahoo
2011-07-18,SPY,130.61,100.07,yahoo
2011-07-19,SPY,132.73,101.69,yahoo
2011-07-20,SPY,132.65,101.63,yahoo
2011-07-21,SPY,134.49,103.04,yahoo
2011-07-22,SPY,134.58,103.11,yahoo
2011-07-25,SPY,133.83,102.53,yahoo
2011-07-26,SPY,133.33,102.15,yahoo
2011-07-27,SPY,130.60,100.06,yahoo
2011-07-28,SPY,130.22,99.77,yahoo
2011-07-29,SPY,129.33,99.09,yahoo
2011-08-01,SPY,128.78,98.66,yahoo
2011-08-02,SPY,125.49,96.14,yahoo
2011-08-03,SPY,126.17,96.66,yahoo
2011-08-04,SPY,120.26,92.14,yahoo
2011-08-05,SPY,120.08,92.00,yahoo
2011-08-08,SPY,112.26,86.01,yahoo
2011-08-09,SPY,117.48,90.01,yahoo
2011-08-10,SPY,112.29,86.03,yahoo
2011-08-11,SPY,117.33,89.89,yahoo
2011-08-12,SPY,118.12,90.50,yahoo
2011-08-15,SPY,120.62,92.41,yahoo
2011-08-16,SPY,119.59,91.62,yahoo
2011-08-17,SPY,119.67,91.68,yahoo
2011-08-18,SPY,114.51,87.73,yahoo
2011-08-19,SPY,112.64,86.30,yahoo
2011-08-22,SPY,112.73,86.37,yahoo
2011-08-23,SPY,116.44,89.21,yahoo
2011-08-24,SPY,118.08,90.47,yahoo
2011-08-25,SPY,116.28,89.09,yahoo
2011-08-26,SPY,117.97,90.38,yahoo
2011-08-29,SPY,121.36,92.98,yahoo
2011-08-30,SPY,121.68,93.22,yahoo
2011-08-31,SPY,122.22,93.64,yahoo
2011-09-01,SPY,120.94,92.66,yahoo
2011-09-02,SPY,117.85,90.29,yahoo
2011-09-06,SPY,116.99,89.63,yahoo
2011-09-07,SPY,120.29,92.16,yahoo
2011-09-08,SPY,119.04,91.20,yahoo
2011-09-09,SPY,115.92,88.81,yahoo
2011-09-12,SPY,116.67,89.39,yahoo
2011-09-13,SPY,117.74,90.21,yahoo
2011-09-14,SPY,119.37,91.45,yahoo
2011-09-15,SPY,121.43,93.03,yahoo
2011-09-16,SPY,121.52,93.58,yahoo
2011-09-19,SPY,120.31,92.65,yahoo
2011-09-20,SPY,120.17,92.54,yahoo
2011-09-21,SPY,116.63,89.82,yahoo
2011-09-22,SPY,112.86,86.91,yahoo
2011-09-23,SPY,113.54,87.44,yahoo
2011-09-26,SPY,116.24,89.52,yahoo
2011-09-27,SPY,117.54,90.52,yahoo
2011-09-28,SPY,115.14,88.67,yahoo
2011-09-29,SPY,116.05,89.37,yahoo
2011-09-30,SPY,113.15,87.14,yahoo
2011-10-03,SPY,109.93,84.66,yahoo
2011-10-04,SPY,112.34,86.51,yahoo
2011-10-05,SPY,114.42,88.12,yahoo
2011-10-06,SPY,116.49,89.71,yahoo
2011-10-07,SPY,115.71,89.11,yahoo
2011-10-10,SPY,119.58,92.09,yahoo
2011-10-11,SPY,119.70,92.18,yahoo
2011-10-12,SPY,120.75,92.99,yahoo
2011-10-13,SPY,120.51,92.81,yahoo
2011-10-14,SPY,122.57,94.39,yahoo
2011-10-17,SPY,120.23,92.59,yahoo
2011-10-18,SPY,122.58,94.40,yahoo
2011-10-19,SPY,121.13,93.28,yahoo
2011-10-20,SPY,121.66,93.69,yahoo
2011-10-21,SPY,123.97,95.47,yahoo
2011-10-24,SPY,125.49,96.64,yahoo
2011-10-25,SPY,123.05,94.76,yahoo
2011-10-26,SPY,124.30,95.72,yahoo
2011-10-27,SPY,128.63,99.06,yahoo
2011-10-28,SPY,128.60,99.04,yahoo
2011-10-31,SPY,125.50,96.65,yahoo
2011-11-01,SPY,122,93.95,yahoo
2011-11-02,SPY,123.99,95.49,yahoo
2011-11-03,SPY,126.25,97.23,yahoo
2011-11-04,SPY,125.48,96.63,yahoo
2011-11-07,SPY,126.26,97.23,yahoo
2011-11-08,SPY,127.88,98.48,yahoo
2011-11-09,SPY,123.16,94.85,yahoo
2011-11-10,SPY,124.32,95.74,yahoo
2011-11-11,SPY,126.66,97.54,yahoo
2011-11-14,SPY,125.46,96.62,yahoo
2011-11-15,SPY,126.08,97.10,yahoo
2011-11-16,SPY,124.08,95.56,yahoo
2011-11-17,SPY,122.11,94.04,yahoo
2011-11-18,SPY,121.98,93.94,yahoo
2011-11-21,SPY,119.66,92.15,yahoo
2011-11-22,SPY,119.19,91.79,yahoo
2011-11-23,SPY,116.56,89.76,yahoo
2011-11-25,SPY,116.34,89.59,yahoo
2011-11-28,SPY,119.71,92.19,yahoo
2011-11-29,SPY,120.05,92.45,yahoo
2011-11-30,SPY,124.99,96.26,yahoo
2011-12-01,SPY,124.97,96.24,yahoo
2011-12-02,SPY,124.86,96.16,yahoo
2011-12-05,SPY,126.22,97.20,yahoo
2011-12-06,SPY,126.26,97.23,yahoo
2011-12-07,SPY,126.73,97.60,yahoo
2011-12-08,SPY,123.95,95.45,yahoo
2011-12-09,SPY,126.05,97.07,yahoo
2011-12-12,SPY,124.21,95.66,yahoo
2011-12-13,SPY,123.05,94.76,yahoo
2011-12-14,SPY,121.74,93.75,yahoo
2011-12-15,SPY,122.18,94.09,yahoo
2011-12-16,SPY,121.59,94.23,yahoo
2011-12-19,SPY,120.29,93.22,yahoo
2011-12-20,SPY,123.93,96.04,yahoo
2011-12-21,SPY,124.17,96.23,yahoo
2011-12-22,SPY,125.27,97.08,yahoo
2011-12-23,SPY,126.39,97.95,yahoo
2011-12-27,SPY,126.49,98.03,yahoo
2011-12-28,SPY,124.83,96.74,yahoo
2011-12-29,SPY,126.12,97.74,yahoo
2011-12-30,SPY,125.50,97.26,yahoo
2012-01-03,SPY,127.50,98.81,yahoo
2012-01-04,SPY,127.70,98.97,yahoo
2012-01-05,SPY,128.04,99.23,yahoo
2012-01-06,SPY,127.71,98.97,yahoo
2012-01-09,SPY,128.02,99.21,yahoo
2012-01-10,SPY,129.13,100.07,yahoo
2012-01-11,SPY,129.20,100.13,yahoo
2012-01-12,SPY,129.51,100.37,yahoo
2012-01-13,SPY,128.84,99.85,yahoo
2012-01-17,SPY,129.34,100.24,yahoo
2012-01-18,SPY,130.77,101.35,yahoo
2012-01-19,SPY,131.46,101.88,yahoo
2012-01-20,SPY,131.95,102.26,yahoo
2012-01-23,SPY,131.61,102.00,yahoo
2012-01-24,SPY,131.46,101.88,yahoo
2012-01-25,SPY,132.56,102.73,yahoo
2012-01-26,SPY,131.88,102.21,yahoo
2012-01-27,SPY,131.82,102.16,yahoo
2012-01-30,SPY,131.37,101.81,yahoo
2012-01-31,SPY,131.32,101.77,yahoo
2012-02-01,SPY,132.47,102.66,yahoo
2012-02-02,SPY,132.68,102.83,yahoo
2012-02-03,SPY,134.54,104.27,yahoo
2012-02-06,SPY,134.45,104.20,yahoo
2012-02-07,SPY,134.79,104.46,yahoo
2012-02-08,SPY,135.19,104.77,yahoo
2012-02-09,SPY,135.36,104.90,yahoo
2012-02-10,SPY,134.36,104.13,yahoo
2012-02-13,SPY,135.36,104.90,yahoo
2012-02-14,SPY,135.19,104.77,yahoo
2012-02-15,SPY,134.56,104.28,yahoo
2012-02-16,SPY,136.05,105.44,yahoo
2012-02-17,SPY,136.41,105.72,yahoo
2012-02-21,SPY,136.47,105.76,yahoo
2012-02-22,SPY,136.03,105.42,yahoo
2012-02-23,SPY,136.63,105.89,yahoo
2012-02-24,SPY,136.93,106.12,yahoo
2012-02-27,SPY,137.16,106.30,yahoo
2012-02-28,SPY,137.56,106.61,yahoo
2012-02-29,SPY,137.02,106.19,yahoo
2012-03-01,SPY,137.73,106.74,yahoo
2012-03-02,SPY,137.31,106.41,yahoo
2012-03-05,SPY,136.75,105.98,yahoo
2012-03-06,SPY,134.75,104.43,yahoo
2012-03-07,SPY,135.69,105.16,yahoo
2012-03-08,SPY,137.04,106.21,yahoo
2012-03-09,SPY,137.57,106.62,yahoo
2012-03-12,SPY,137.58,106.62,yahoo
2012-03-13,SPY,140.06,108.55,yahoo
2012-03-14,SPY,139.91,108.43,yahoo
2012-03-15,SPY,140.72,109.06,yahoo
2012-03-16,SPY,140.30,109.21,yahoo
2012-03-19,SPY,140.85,109.64,yahoo
2012-03-20,SPY,140.44,109.32,yahoo
2012-03-21,SPY,140.21,109.14,yahoo
2012-03-22,SPY,139.20,108.35,yahoo
2012-03-23,SPY,139.65,108.70,yahoo
2012-03-26,SPY,141.61,110.23,yahoo
2012-03-27,SPY,141.17,109.89,yahoo
2012-03-28,SPY,140.47,109.34,yahoo
2012-03-29,SPY,140.23,109.15,yahoo
2012-03-30,SPY,140.81,109.61,yahoo
2012-04-02,SPY,141.84,110.41,yahoo
2012-04-03,SPY,141.26,109.96,yahoo
2012-04-04,SPY,139.86,108.87,yahoo
2012-04-05,SPY,139.79,108.81,yahoo
2012-04-09,SPY,138.22,107.59,yahoo
2012-04-10,SPY,135.90,105.78,yahoo
2012-04-11,SPY,137,106.64,yahoo
2012-04-12,SPY,138.79,108.03,yahoo
2012-04-13,SPY,137.14,106.75,yahoo
2012-04-16,SPY,137.05,106.68,yahoo
2012-04-17,SPY,139.08,108.26,yahoo
2012-04-18,SPY,138.61,107.89,yahoo
2012-04-19,SPY,137.72,107.20,yahoo
2012-04-20,SPY,137.95,107.38,yahoo
2012-04-23,SPY,136.79,106.48,yahoo
2012-04-24,SPY,137.31,106.88,yahoo
2012-04-25,SPY,139.19,108.34,yahoo
2012-04-26,SPY,140.16,109.10,yahoo
2012-04-27,SPY,140.39,109.28,yahoo
2012-04-30,SPY,139.87,108.87,yahoo
2012-05-01,SPY,140.74,109.55,yahoo
2012-05-02,SPY,140.32,109.22,yahoo
2012-05-03,SPY,139.25,108.39,yahoo
2012-05-04,SPY,137,106.64,yahoo
2012-05-07,SPY,137.10,106.72,yahoo
2012-05-08,SPY,136.55,106.29,yahoo
2012-05-09,SPY,135.74,105.66,yahoo
2012-05-10,SPY,136.02,105.88,yahoo
2012-05-11,SPY,135.61,105.56,yahoo
2012-05-14,SPY,134.11,104.39,yahoo
2012-05-15,SPY,133.34,103.79,yahoo
2012-05-16,SPY,132.83,103.39,yahoo
2012-05-17,SPY,130.86,101.86,yahoo
2012-05-18,SPY,129.74,100.99,yahoo
2012-05-21,SPY,131.97,102.72,yahoo
2012-05-22,SPY,132.20,102.90,yahoo
2012-05-23,SPY,132.27,102.96,yahoo
2012-05-24,SPY,132.53,103.16,yahoo
2012-05-25,SPY,132.10,102.83,yahoo
2012-05-29,SPY,133.70,104.07,yahoo
2012-05-30,SPY,131.76,102.56,yahoo
2012-05-31,SPY,131.47,102.33,yahoo
2012-06-01,SPY,128.16,99.76,yahoo
2012-06-04,SPY,128.10,99.71,yahoo
2012-06-05,SPY,129.07,100.47,yahoo
2012-06-06,SPY,131.97,102.72,yahoo
2012-06-07,SPY,132.05,102.79,yahoo
2012-06-08,SPY,133.10,103.60,yahoo
2012-06-11,SPY,131.41,102.29,yahoo
2012-06-12,SPY,132.92,103.46,yahoo
2012-06-13,SPY,132.07,102.80,yahoo
2012-06-14,SPY,133.47,103.89,yahoo
2012-06-15,SPY,134.14,104.95,yahoo
2012-06-18,SPY,134.40,105.16,yahoo
2012-06-19,SPY,135.70,106.17,yahoo
2012-06-20,SPY,135.48,106.00,yahoo
2012-06-21,SPY,132.44,103.62,yahoo
2012-06-22,SPY,133.46,104.42,yahoo
2012-06-25,SPY,131.32,102.75,yahoo
2012-06-26,SPY,131.98,103.26,yahoo
2012-06-27,SPY,133.17,104.20,yahoo
2012-06-28,SPY,132.79,103.90,yahoo
2012-06-29,SPY,136.10,106.49,yahoo
2012-07-02,SPY,136.51,106.81,yahoo
2012-07-03,SPY,137.41,107.51,yahoo
2012-07-05,SPY,136.79,107.03,yahoo
2012-07-06,SPY,135.49,106.01,yahoo
2012-07-09,SPY,135.32,105.88,yahoo
2012-07-10,SPY,134.14,104.95,yahoo
2012-07-11,SPY,134.16,104.97,yahoo
2012-07-12,SPY,133.51,104.46,yahoo
2012-07-13,SPY,135.75,106.21,yahoo
2012-07-16,SPY,135.43,105.96,yahoo
2012-07-17,SPY,136.36,106.69,yahoo
2012-07-18,SPY,137.37,107.48,yahoo
2012-07-19,SPY,137.73,107.76,yahoo
2012-07-20,SPY,136.47,106.78,yahoo
2012-07-23,SPY,135.09,105.70,yahoo
2012-07-24,SPY,133.93,104.79,yahoo
2012-07-25,SPY,133.96,104.81,yahoo
2012-07-26,SPY,136.17,106.54,yahoo
2012-07-27,SPY,138.68,108.51,yahoo
2012-07-30,SPY,138.68,108.51,yahoo
2012-07-31,SPY,137.71,107.75,yahoo
2012-08-01,SPY,137.59,107.65,yahoo
2012-08-02,SPY,136.64,106.91,yahoo
2012-08-03,SPY,139.35,109.03,yahoo
2012-08-06,SPY,139.62,109.24,yahoo
2012-08-07,SPY,140.32,109.79,yahoo
2012-08-08,SPY,140.49,109.92,yahoo
2012-08-09,SPY,140.61,110.02,yahoo
2012-08-10,SPY,140.84,110.20,yahoo
2012-08-13,SPY,140.77,110.14,yahoo
2012-08-14,SPY,140.79,110.16,yahoo
2012-08-15,SPY,140.95,110.28,yahoo
2012-08-16,SPY,141.99,111.10,yahoo
2012-08-17,SPY,142.18,111.24,yahoo
2012-08-20,SPY,142.19,111.25,yahoo
2012-08-21,SPY,141.76,110.92,yahoo
2012-08-22,SPY,141.82,110.96,yahoo
2012-08-23,SPY,140.66,110.06,yahoo
2012-08-24,SPY,141.51,110.72,yahoo
2012-08-27,SPY,141.54,110.74,yahoo
2012-08-28,SPY,141.40,110.63,yahoo
2012-08-29,SPY,141.51,110.72,yahoo
2012-08-30,SPY,140.49,109.92,yahoo
2012-08-31,SPY,141.16,110.45,yahoo
2012-09-04,SPY,141.03,110.35,yahoo
2012-09-05,SPY,140.91,110.25,yahoo
2012-09-06,SPY,143.77,112.49,yahoo
2012-09-07,SPY,144.33,112.93,yahoo
2012-09-10,SPY,143.51,112.29,yahoo
2012-09-11,SPY,143.91,112.60,yahoo
2012-09-12,SPY,144.39,112.97,yahoo
2012-09-13,SPY,146.59,114.70,yahoo
2012-09-14,SPY,147.24,115.20,yahoo
2012-09-17,SPY,146.74,114.81,yahoo
2012-09-18,SPY,146.62,114.72,yahoo
2012-09-19,SPY,146.70,114.78,yahoo
2012-09-20,SPY,146.71,114.79,yahoo
2012-09-21,SPY,145.87,114.74,yahoo
2012-09-24,SPY,145.65,114.57,yahoo
2012-09-25,SPY,144.10,113.35,yahoo
2012-09-26,SPY,143.29,112.71,yahoo
2012-09-27,SPY,144.64,113.77,yahoo
2012-09-28,SPY,143.97,113.25,yahoo
2012-10-01,SPY,144.35,113.55,yahoo
2012-10-02,SPY,144.50,113.66,yahoo
2012-10-03,SPY,145.09,114.13,yahoo
2012-10-04,SPY,146.13,114.95,yahoo
2012-10-05,SPY,146.14,114.95,yahoo
2012-10-08,SPY,145.64,114.56,yahoo
2012-10-09,SPY,144.20,113.43,yahoo
2012-10-10,SPY,143.28,112.70,yahoo
2012-10-11,SPY,143.36,112.77,yahoo
2012-10-12,SPY,142.89,112.40,yahoo
2012-10-15,SPY,144.08,113.33,yahoo
2012-10-16,SPY,145.54,114.48,yahoo
2012-10-17,SPY,146.20,115.00,yahoo
2012-10-18,SPY,145.82,114.70,yahoo
2012-10-19,SPY,143.39,112.79,yahoo
2012-10-22,SPY,143.41,112.81,yahoo
2012-10-23,SPY,141.42,111.24,yahoo
2012-10-24,SPY,141.02,110.93,yahoo
2012-10-25,SPY,141.43,111.25,yahoo
2012-10-26,SPY,141.35,111.19,yahoo
2012-10-31,SPY,141.35,111.19,yahoo
2012-11-01,SPY,142.83,112.35,yahoo
2012-11-02,SPY,141.56,111.35,yahoo
2012-11-05,SPY,141.85,111.58,yahoo
2012-11-06,SPY,142.96,112.45,yahoo
2012-11-07,SPY,139.72,109.90,yahoo
2012-11-08,SPY,138.04,108.58,yahoo
2012-11-09,SPY,138.16,108.68,yahoo
2012-11-12,SPY,138.27,108.76,yahoo
2012-11-13,SPY,137.79,108.39,yahoo
2012-11-14,SPY,135.93,106.92,yahoo
2012-11-15,SPY,135.70,106.74,yahoo
2012-11-16,SPY,136.37,107.27,yahoo
2012-11-19,SPY,139.13,109.44,yahoo
2012-11-20,SPY,139.19,109.49,yahoo
2012-11-21,SPY,139.45,109.69,yahoo
2012-11-23,SPY,141.35,111.19,yahoo
2012-11-26,SPY,141.05,110.95,yahoo
2012-11-27,SPY,140.33,110.38,yahoo
2012-11-28,SPY,141.46,111.27,yahoo
2012-11-29,SPY,142.12,111.79,yahoo
2012-11-30,SPY,142.15,111.82,yahoo
2012-12-03,SPY,141.45,111.26,yahoo
2012-12-04,SPY,141.25,111.11,yahoo
2012-12-05,SPY,141.50,111.30,yahoo
2012-12-06,SPY,141.98,111.68,yahoo
2012-12-07,SPY,142.41,112.02,yahoo
2012-12-10,SPY,142.47,112.07,yahoo
2012-12-11,SPY,143.44,112.83,yahoo
2012-12-12,SPY,143.51,112.88,yahoo
2012-12-13,SPY,142.63,112.19,yahoo
2012-12-14,SPY,142.10,111.78,yahoo
2012-12-17,SPY,143.77,113.09,yahoo
2012-12-18,SPY,145.37,114.35,yahoo
2012-12-19,SPY,144.29,113.50,yahoo
2012-12-20,SPY,145.12,114.15,yahoo
2012-12-21,SPY,142.79,113.12,yahoo
2012-12-24,SPY,142.35,112.77,yahoo
2012-12-26,SPY,141.75,112.29,yahoo
2012-12-27,SPY,141.56,112.14,yahoo
2012-12-28,SPY,140.03,110.93,yahoo
2012-12-31,SPY,142.41,112.81,yahoo
2013-01-02,SPY,146.06,115.71,yahoo
2013-01-03,SPY,145.73,115.44,yahoo
2013-01-04,SPY,146.37,115.95,yahoo
2013-01-07,SPY,145.97,115.63,yahoo
2013-01-08,SPY,145.55,115.30,yahoo
2013-01-09,SPY,145.92,115.59,yahoo
2013-01-10,SPY,147.08,116.51,yahoo
2013-01-11,SPY,147.07,116.51,yahoo
2013-01-14,SPY,146.97,116.43,yahoo
2013-01-15,SPY,147.07,116.51,yahoo
2013-01-16,SPY,147.05,116.49,yahoo
2013-01-17,SPY,148,117.24,yahoo
2013-01-18,SPY,148.33,117.50,yahoo
2013-01-22,SPY,149.13,118.14,yahoo
2013-01-23,SPY,149.37,118.33,yahoo
2013-01-24,SPY,149.41,118.36,yahoo
2013-01-25,SPY,150.25,119.02,yahoo
2013-01-28,SPY,150.07,118.88,yahoo
2013-01-29,SPY,150.66,119.35,yahoo
2013-01-30,SPY,150.07,118.88,yahoo
2013-01-31,SPY,149.70,118.59,yahoo
2013-02-01,SPY,151.24,119.81,yahoo
2013-02-04,SPY,149.54,118.46,yahoo
2013-02-05,SPY,151.05,119.66,yahoo
2013-02-06,SPY,151.16,119.75,yahoo
2013-02-07,SPY,150.96,119.59,yahoo
2013-02-08,SPY,151.80,120.25,yahoo
2013-02-11,SPY,151.77,120.23,yahoo
2013-02-12,SPY,152.02,120.43,yahoo
2013-02-13,SPY,152.15,120.53,yahoo
2013-02-14,SPY,152.29,120.64,yahoo
2013-02-15,SPY,152.11,120.50,yahoo
2013-02-19,SPY,153.25,121.40,yahoo
2013-02-20,SPY,151.34,119.89,yahoo
2013-02-21,SPY,150.42,119.16,yahoo
2013-02-22,SPY,151.89,120.32,yahoo
2013-02-25,SPY,149,118.03,yahoo
2013-02-26,SPY,150.02,118.84,yahoo
2013-02-27,SPY,151.91,120.34,yahoo
2013-02-28,SPY,151.61,120.10,yahoo
2013-03-01,SPY,152.11,120.50,yahoo
2013-03-04,SPY,152.92,121.14,yahoo
2013-03-05,SPY,154.29,122.23,yahoo
2013-03-06,SPY,154.50,122.39,yahoo
2013-03-07,SPY,154.78,122.61,yahoo
2013-03-08,SPY,155.44,123.14,yahoo
2013-03-11,SPY,156.03,123.60,yahoo
2013-03-12,SPY,155.68,123.33,yahoo
2013-03-13,SPY,155.90,123.50,yahoo
2013-03-14,SPY,156.73,124.16,yahoo
2013-03-15,SPY,155.83,123.99,yahoo
2013-03-18,SPY,154.97,123.31,yahoo
2013-03-19,SPY,154.61,123.02,yahoo
2013-03-20,SPY,155.69,123.88,yahoo
2013-03-21,SPY,154.36,122.82,yahoo
2013-03-22,SPY,155.60,123.81,yahoo
2013-03-25,SPY,154.95,123.29,yahoo
2013-03-26,SPY,156.19,124.28,yahoo
2013-03-27,SPY,156.19,124.28,yahoo
2013-03-28,SPY,156.67,124.66,yahoo
2013-04-01,SPY,156.05,124.17,yahoo
2013-04-02,SPY,156.82,124.78,yahoo
2013-04-03,SPY,155.23,123.52,yahoo
2013-04-04,SPY,155.86,124.02,yahoo
2013-04-05,SPY,155.16,123.46,yahoo
2013-04-08,SPY,156.21,124.30,yahoo
2013-04-09,SPY,156.75,124.73,yahoo
2013-04-10,SPY,158.67,126.25,yahoo
2013-04-11,SPY,159.19,126.67,yahoo
2013-04-12,SPY,158.80,126.36,yahoo
2013-04-15,SPY,155.12,123.43,yahoo
2013-04-16,SPY,157.41,125.25,yahoo
2013-04-17,SPY,155.11,123.42,yahoo
2013-04-18,SPY,154.14,122.65,yahoo
2013-04-19,SPY,155.48,123.72,yahoo
2013-04-22,SPY,156.17,124.26,yahoo
2013-04-23,SPY,157.78,125.55,yahoo
2013-04-24,SPY,157.88,125.63,yahoo
2013-04-25,SPY,158.52,126.13,yahoo
2013-04-26,SPY,158.24,125.91,yahoo
2013-04-29,SPY,159.30,126.76,yahoo
2013-04-30,SPY,159.68,127.06,yahoo
2013-05-01,SPY,158.28,125.94,yahoo
2013-05-02,SPY,159.75,127.11,yahoo
2013-05-03,SPY,161.37,128.40,yahoo
2013-05-06,SPY,161.78,128.73,yahoo
2013-05-07,SPY,162.60,129.38,yahoo
2013-05-08,SPY,163.34,129.97,yahoo
2013-05-09,SPY,162.88,129.60,yahoo
2013-05-10,SPY,163.41,130.03,yahoo
2013-05-13,SPY,163.54,130.13,yahoo
2013-05-14,SPY,165.23,131.47,yahoo
2013-05-15,SPY,166.12,132.18,yahoo
2013-05-16,SPY,165.34,131.56,yahoo
2013-05-17,SPY,166.94,132.83,yahoo
2013-05-20,SPY,166.93,132.83,yahoo
2013-05-21,SPY,167.17,133.02,yahoo
2013-05-22,SPY,165.93,132.03,yahoo
2013-05-23,SPY,165.45,131.65,yahoo
2013-05-24,SPY,165.31,131.54,yahoo
2013-05-28,SPY,166.30,132.33,yahoo
2013-05-29,SPY,165.22,131.47,yahoo
2013-05-30,SPY,165.83,131.95,yahoo
2013-05-31,SPY,163.45,130.06,yahoo
2013-06-03,SPY,164.35,130.77,yahoo
2013-06-04,SPY,163.56,130.15,yahoo
2013-06-05,SPY,161.27,128.32,yahoo
2013-06-06,SPY,162.73,129.48,yahoo
2013-06-07,SPY,164.80,131.13,yahoo
2013-06-10,SPY,164.80,131.13,yahoo
2013-06-11,SPY,163.10,129.78,yahoo
2013-06-12,SPY,161.75,128.70,yahoo
2013-06-13,SPY,164.21,130.66,yahoo
2013-06-14,SPY,163.18,129.84,yahoo
2013-06-17,SPY,164.44,130.85,yahoo
2013-06-18,SPY,165.74,131.88,yahoo
2013-06-19,SPY,163.45,130.06,yahoo
2013-06-20,SPY,159.40,126.83,yahoo
2013-06-21,SPY,159.07,127.24,yahoo
2013-06-24,SPY,157.06,125.63,yahoo
2013-06-25,SPY,158.57,126.84,yahoo
2013-06-26,SPY,160.14,128.10,yahoo
2013-06-27,SPY,161.08,128.85,yahoo
2013-06-28,SPY,160.42,128.32,yahoo
2013-07-01,SPY,161.36,129.07,yahoo
2013-07-02,SPY,161.21,128.95,yahoo
2013-07-03,SPY,161.28,129.01,yahoo
2013-07-05,SPY,163.02,130.40,yahoo
2013-07-08,SPY,163.95,131.15,yahoo
2013-07-09,SPY,165.13,132.09,yahoo
2013-07-10,SPY,165.19,132.14,yahoo
2013-07-11,SPY,167.44,133.94,yahoo
2013-07-12,SPY,167.51,133.99,yahoo
2013-07-15,SPY,168.15,134.51,yahoo
2013-07-16,SPY,167.52,134.00,yahoo
2013-07-17,SPY,167.95,134.35,yahoo
2013-07-18,SPY,168.87,135.08,yahoo
2013-07-19,SPY,169.17,135.32,yahoo
2013-07-22,SPY,169.50,135.59,yahoo
2013-07-23,SPY,169.14,135.30,yahoo
2013-07-24,SPY,168.52,134.80,yahoo
2013-07-25,SPY,168.93,135.13,yahoo
2013-07-26,SPY,169.11,135.27,yahoo
2013-07-29,SPY,168.59,134.86,yahoo
2013-07-30,SPY,168.59,134.86,yahoo
2013-07-31,SPY,168.71,134.95,yahoo
2013-08-01,SPY,170.66,136.51,yahoo
2013-08-02,SPY,170.95,136.74,yahoo
2013-08-05,SPY,170.70,136.54,yahoo
2013-08-06,SPY,169.73,135.77,yahoo
2013-08-07,SPY,169.18,135.33,yahoo
2013-08-08,SPY,169.80,135.83,yahoo
2013-08-09,SPY,169.31,135.43,yahoo
2013-08-12,SPY,169.11,135.27,yahoo
2013-08-13,SPY,169.61,135.67,yahoo
2013-08-14,SPY,168.74,134.98,yahoo
2013-08-15,SPY,166.38,133.09,yahoo
2013-08-16,SPY,165.83,132.65,yahoo
2013-08-19,SPY,164.77,131.80,yahoo
2013-08-20,SPY,165.58,132.45,yahoo
2013-08-21,SPY,164.56,131.63,yahoo
2013-08-22,SPY,166.06,132.83,yahoo
2013-08-23,SPY,166.62,133.28,yahoo
2013-08-26,SPY,166,132.79,yahoo
2013-08-27,SPY,163.33,130.65,yahoo
2013-08-28,SPY,163.91,131.11,yahoo
2013-08-29,SPY,164.17,131.32,yahoo
2013-08-30,SPY,163.65,130.91,yahoo
2013-09-03,SPY,164.39,131.50,yahoo
2013-09-04,SPY,165.75,132.59,yahoo
2013-09-05,SPY,165.96,132.75,yahoo
2013-09-06,SPY,166.04,132.82,yahoo
2013-09-09,SPY,167.63,134.09,yahoo
2013-09-10,SPY,168.87,135.08,yahoo
2013-09-11,SPY,169.40,135.51,yahoo
2013-09-12,SPY,168.95,135.15,yahoo
2013-09-13,SPY,169.33,135.45,yahoo
2013-09-16,SPY,170.31,136.23,yahoo
2013-09-17,SPY,171.07,136.84,yahoo
2013-09-18,SPY,173.05,138.42,yahoo
2013-09-19,SPY,172.76,138.19,yahoo
2013-09-20,SPY,170.72,137.23,yahoo
2013-09-23,SPY,169.93,136.59,yahoo
2013-09-24,SPY,169.53,136.27,yahoo
2013-09-25,SPY,169.04,135.88,yahoo
2013-09-26,SPY,169.69,136.40,yahoo
2013-09-27,SPY,168.91,135.77,yahoo
2013-09-30,SPY,168.01,135.05,yahoo
2013-10-01,SPY,169.34,136.12,yahoo
2013-10-02,SPY,169.18,135.99,yahoo
2013-10-03,SPY,167.62,134.73,yahoo
2013-10-04,SPY,168.89,135.76,yahoo
2013-10-07,SPY,167.43,134.58,yahoo
2013-10-08,SPY,165.48,133.01,yahoo
2013-10-09,SPY,165.60,133.11,yahoo
2013-10-10,SPY,169.17,135.98,yahoo
2013-10-11,SPY,170.26,136.86,yahoo
2013-10-14,SPY,170.94,137.40,yahoo
2013-10-15,SPY,169.70,136.41,yahoo
2013-10-16,SPY,172.07,138.31,yahoo
2013-10-17,SPY,173.22,139.24,yahoo
2013-10-18,SPY,174.39,140.18,yahoo
2013-10-21,SPY,174.40,140.18,yahoo
2013-10-22,SPY,175.41,141.00,yahoo
2013-10-23,SPY,174.57,140.32,yahoo
2013-10-24,SPY,175.15,140.79,yahoo
2013-10-25,SPY,175.95,141.43,yahoo
2013-10-28,SPY,176.23,141.66,yahoo
2013-10-29,SPY,177.17,142.41,yahoo
2013-10-30,SPY,176.29,141.70,yahoo
2013-10-31,SPY,175.79,141.30,yahoo
2013-11-01,SPY,176.21,141.64,yahoo
2013-11-04,SPY,176.83,142.14,yahoo
2013-11-05,SPY,176.27,141.69,yahoo
2013-11-06,SPY,177.17,142.41,yahoo
2013-11-07,SPY,174.93,140.61,yahoo
2013-11-08,SPY,177.29,142.51,yahoo
2013-11-11,SPY,177.32,142.53,yahoo
2013-11-12,SPY,176.96,142.24,yahoo
2013-11-13,SPY,178.38,143.38,yahoo
2013-11-14,SPY,179.27,144.10,yahoo
2013-11-15,SPY,180.05,144.73,yahoo
2013-11-18,SPY,179.42,144.22,yahoo
2013-11-19,SPY,179.03,143.91,yahoo
2013-11-20,SPY,178.47,143.46,yahoo
2013-11-21,SPY,179.91,144.61,yahoo
2013-11-22,SPY,180.81,145.34,yahoo
2013-11-25,SPY,180.63,145.19,yahoo
2013-11-26,SPY,180.68,145.23,yahoo
2013-11-27,SPY,181.12,145.59,yahoo
2013-11-29,SPY,181,145.49,yahoo
2013-12-02,SPY,180.53,145.11,yahoo
2013-12-03,SPY,179.75,144.49,yahoo
2013-12-04,SPY,179.73,144.47,yahoo
2013-12-05,SPY,178.94,143.83,yahoo
2013-12-06,SPY,180.94,145.44,yahoo
2013-12-09,SPY,181.40,145.81,yahoo
2013-12-10,SPY,180.75,145.29,yahoo
2013-12-11,SPY,178.72,143.66,yahoo
2013-12-12,SPY,178.13,143.18,yahoo
2013-12-13,SPY,178.11,143.17,yahoo
2013-12-16,SPY,179.22,144.06,yahoo
2013-12-17,SPY,178.65,143.60,yahoo
2013-12-18,SPY,181.70,146.05,yahoo
2013-12-19,SPY,181.49,145.88,yahoo
2013-12-20,SPY,181.56,146.73,yahoo
2013-12-23,SPY,182.53,147.52,yahoo
2013-12-24,SPY,182.93,147.84,yahoo
2013-12-26,SPY,183.86,148.59,yahoo
2013-12-27,SPY,183.85,148.58,yahoo
2013-12-30,SPY,183.82,148.56,yahoo
2013-12-31,SPY,184.69,149.26,yahoo
2014-01-02,SPY,182.92,147.83,yahoo
2014-01-03,SPY,182.89,147.81,yahoo
2014-01-06,SPY,182.36,147.38,yahoo
2014-01-07,SPY,183.48,148.28,yahoo
2014-01-08,SPY,183.52,148.32,yahoo
2014-01-09,SPY,183.64,148.41,yahoo
2014-01-10,SPY,184.14,148.82,yahoo
2014-01-13,SPY,181.69,146.84,yahoo
2014-01-14,SPY,183.67,148.44,yahoo
2014-01-15,SPY,184.66,149.24,yahoo
2014-01-16,SPY,184.42,149.04,yahoo
2014-01-17,SPY,183.64,148.41,yahoo
2014-01-21,SPY,184.18,148.85,yahoo
2014-01-22,SPY,184.30,148.95,yahoo
2014-01-23,SPY,182.79,147.73,yahoo
2014-01-24,SPY,178.89,144.57,yahoo
2014-01-27,SPY,178.01,143.86,yahoo
2014-01-28,SPY,179.07,144.72,yahoo
2014-01-29,SPY,177.35,143.33,yahoo
2014-01-30,SPY,179.23,144.85,yahoo
2014-01-31,SPY,178.18,144.00,yahoo
2014-02-03,SPY,174.17,140.76,yahoo
2014-02-04,SPY,175.39,141.75,yahoo
2014-02-05,SPY,175.17,141.57,yahoo
2014-02-06,SPY,177.48,143.43,yahoo
2014-02-07,SPY,179.68,145.21,yahoo
2014-02-10,SPY,180.01,145.48,yahoo
2014-02-11,SPY,181.98,147.07,yahoo
2014-02-12,SPY,182.07,147.14,yahoo
2014-02-13,SPY,183.01,147.90,yahoo
2014-02-14,SPY,184.02,148.72,yahoo
2014-02-18,SPY,184.24,148.90,yahoo
2014-02-19,SPY,183.02,147.91,yahoo
2014-02-20,SPY,184.10,148.78,yahoo
2014-02-21,SPY,183.89,148.62,yahoo
2014-02-24,SPY,184.91,149.44,yahoo
2014-02-25,SPY,184.84,149.38,yahoo
2014-02-26,SPY,184.85,149.39,yahoo
2014-02-27,SPY,185.82,150.18,yahoo
2014-02-28,SPY,186.29,150.56,yahoo
2014-03-03,SPY,184.98,149.50,yahoo
2014-03-04,SPY,187.58,151.60,yahoo
2014-03-05,SPY,187.75,151.73,yahoo
2014-03-06,SPY,188.18,152.08,yahoo
2014-03-07,SPY,188.26,152.15,yahoo
2014-03-10,SPY,188.16,152.07,yahoo
2014-03-11,SPY,187.23,151.31,yahoo
2014-03-12,SPY,187.28,151.35,yahoo
2014-03-13,SPY,185.18,149.66,yahoo
2014-03-14,SPY,184.66,149.24,yahoo
2014-03-17,SPY,186.33,150.59,yahoo
2014-03-18,SPY,187.66,151.66,yahoo
2014-03-19,SPY,186.66,150.85,yahoo
2014-03-20,SPY,187.75,151.73,yahoo
2014-03-21,SPY,186.20,151.15,yahoo
2014-03-24,SPY,185.43,150.52,yahoo
2014-03-25,SPY,186.31,151.24,yahoo
2014-03-26,SPY,184.97,150.15,yahoo
2014-03-27,SPY,184.58,149.83,yahoo
2014-03-28,SPY,185.49,150.57,yahoo
2014-03-31,SPY,187.01,151.80,yahoo
2014-04-01,SPY,188.25,152.81,yahoo
2014-04-02,SPY,188.88,153.32,yahoo
2014-04-03,SPY,188.63,153.12,yahoo
2014-04-04,SPY,186.40,151.31,yahoo
2014-04-07,SPY,184.34,149.64,yahoo
2014-04-08,SPY,185.10,150.25,yahoo
2014-04-09,SPY,187.09,151.87,yahoo
2014-04-10,SPY,183.16,148.68,yahoo
2014-04-11,SPY,181.51,147.34,yahoo
2014-04-14,SPY,182.94,148.50,yahoo
2014-04-15,SPY,184.20,149.52,yahoo
2014-04-16,SPY,186.13,151.09,yahoo
2014-04-17,SPY,186.39,151.30,yahoo
2014-04-21,SPY,187.04,151.83,yahoo
2014-04-22,SPY,187.89,152.52,yahoo
2014-04-23,SPY,187.45,152.16,yahoo
2014-04-24,SPY,187.83,152.47,yahoo
2014-04-25,SPY,186.29,151.22,yahoo
2014-04-28,SPY,186.88,151.70,yahoo
2014-04-29,SPY,187.75,152.40,yahoo
2014-04-30,SPY,188.31,152.86,yahoo
2014-05-01,SPY,188.33,152.88,yahoo
2014-05-02,SPY,188.06,152.66,yahoo
2014-05-05,SPY,188.42,152.95,yahoo
2014-05-06,SPY,186.78,151.62,yahoo
2014-05-07,SPY,187.88,152.51,yahoo
2014-05-08,SPY,187.68,152.35,yahoo
2014-05-09,SPY,187.96,152.57,yahoo
2014-05-12,SPY,189.79,154.06,yahoo
2014-05-13,SPY,189.96,154.20,yahoo
2014-05-14,SPY,189.06,153.47,yahoo
2014-05-15,SPY,187.40,152.12,yahoo
2014-05-16,SPY,188.05,152.65,yahoo
2014-05-19,SPY,188.74,153.21,yahoo
2014-05-20,SPY,187.55,152.24,yahoo
2014-05-21,SPY,189.13,153.52,yahoo
2014-05-22,SPY,189.59,153.90,yahoo
2014-05-23,SPY,190.35,154.52,yahoo
2014-05-27,SPY,191.52,155.46,yahoo
2014-05-28,SPY,191.38,155.35,yahoo
2014-05-29,SPY,192.37,156.15,yahoo
2014-05-30,SPY,192.68,156.41,yahoo
2014-06-02,SPY,192.90,156.59,yahoo
2014-06-03,SPY,192.80,156.50,yahoo
2014-06-04,SPY,193.19,156.82,yahoo
2014-06-05,SPY,194.45,157.84,yahoo
2014-06-06,SPY,195.38,158.60,yahoo
2014-06-09,SPY,195.58,158.76,yahoo
2014-06-10,SPY,195.60,158.78,yahoo
2014-06-11,SPY,194.92,158.22,yahoo
2014-06-12,SPY,193.54,157.10,yahoo
2014-06-13,SPY,194.13,157.58,yahoo
2014-06-16,SPY,194.29,157.71,yahoo
2014-06-17,SPY,194.83,158.15,yahoo
2014-06-18,SPY,196.26,159.31,yahoo
2014-06-19,SPY,196.48,159.49,yahoo
2014-06-20,SPY,195.94,159.81,yahoo
2014-06-23,SPY,195.88,159.77,yahoo
2014-06-24,SPY,194.70,158.80,yahoo
2014-06-25,SPY,195.58,159.52,yahoo
2014-06-26,SPY,195.44,159.41,yahoo
2014-06-27,SPY,195.82,159.72,yahoo
2014-06-30,SPY,195.72,159.64,yahoo
2014-07-01,SPY,197.03,160.70,yahoo
2014-07-02,SPY,197.23,160.87,yahoo
2014-07-03,SPY,198.20,161.66,yahoo
2014-07-07,SPY,197.51,161.10,yahoo
2014-07-08,SPY,196.24,160.06,yahoo
2014-07-09,SPY,197.12,160.78,yahoo
2014-07-10,SPY,196.34,160.14,yahoo
2014-07-11,SPY,196.61,160.36,yahoo
2014-07-14,SPY,197.60,161.17,yahoo
2014-07-15,SPY,197.23,160.87,yahoo
2014-07-16,SPY,197.96,161.46,yahoo
2014-07-17,SPY,195.71,159.63,yahoo
2014-07-18,SPY,197.71,161.26,yahoo
2014-07-21,SPY,197.34,160.96,yahoo
2014-07-22,SPY,198.20,161.66,yahoo
2014-07-23,SPY,198.64,162.02,yahoo
2014-07-24,SPY,198.65,162.03,yahoo
2014-07-25,SPY,197.72,161.27,yahoo
2014-07-28,SPY,197.80,161.33,yahoo
2014-07-29,SPY,196.95,160.64,yahoo
2014-07-30,SPY,196.98,160.66,yahoo
2014-07-31,SPY,193.09,157.49,yahoo
2014-08-01,SPY,192.50,157.01,yahoo
2014-08-04,SPY,193.89,158.14,yahoo
2014-08-05,SPY,192.01,156.61,yahoo
2014-08-06,SPY,192.07,156.66,yahoo
2014-08-07,SPY,191.03,155.81,yahoo
2014-08-08,SPY,193.24,157.61,yahoo
2014-08-11,SPY,193.80,158.07,yahoo
2014-08-12,SPY,193.53,157.85,yahoo
2014-08-13,SPY,194.84,158.92,yahoo
2014-08-14,SPY,195.76,159.67,yahoo
2014-08-15,SPY,195.72,159.64,yahoo
2014-08-18,SPY,197.36,160.97,yahoo
2014-08-19,SPY,198.39,161.81,yahoo
2014-08-20,SPY,198.92,162.25,yahoo
2014-08-21,SPY,199.50,162.72,yahoo
2014-08-22,SPY,199.19,162.47,yahoo
2014-08-25,SPY,200.20,163.29,yahoo
2014-08-26,SPY,200.33,163.40,yahoo
2014-08-27,SPY,200.25,163.33,yahoo
2014-08-28,SPY,200.14,163.24,yahoo
2014-08-29,SPY,200.71,163.71,yahoo
2014-09-02,SPY,200.61,163.62,yahoo
2014-09-03,SPY,200.50,163.53,yahoo
2014-09-04,SPY,200.21,163.30,yahoo
2014-09-05,SPY,201.11,164.03,yahoo
2014-09-08,SPY,200.59,163.61,yahoo
2014-09-09,SPY,199.32,162.57,yahoo
2014-09-10,SPY,200.07,163.18,yahoo
2014-09-11,SPY,200.30,163.37,yahoo
2014-09-12,SPY,199.13,162.42,yahoo
2014-09-15,SPY,198.98,162.29,yahoo
2014-09-16,SPY,200.48,163.52,yahoo
2014-09-17,SPY,200.75,163.74,yahoo
2014-09-18,SPY,201.82,164.61,yahoo
2014-09-19,SPY,200.70,164.46,yahoo
2014-09-22,SPY,199.15,163.19,yahoo
2014-09-23,SPY,198.01,162.26,yahoo
2014-09-24,SPY,199.56,163.53,yahoo
2014-09-25,SPY,196.34,160.89,yahoo
2014-09-26,SPY,197.90,162.17,yahoo
2014-09-29,SPY,197.54,161.87,yahoo
2014-09-30,SPY,197.02,161.45,yahoo
2014-10-01,SPY,194.35,159.26,yahoo
2014-10-02,SPY,194.38,159.28,yahoo
2014-10-03,SPY,196.52,161.04,yahoo
2014-10-06,SPY,196.29,160.85,yahoo
2014-10-07,SPY,193.26,158.37,yahoo
2014-10-08,SPY,196.64,161.14,yahoo
2014-10-09,SPY,192.74,157.94,yahoo
2014-10-10,SPY,190.54,156.14,yahoo
2014-10-13,SPY,187.41,153.57,yahoo
2014-10-14,SPY,187.70,153.81,yahoo
2014-10-15,SPY,186.43,152.77,yahoo
2014-10-16,SPY,186.27,152.64,yahoo
2014-10-17,SPY,188.47,154.44,yahoo
2014-10-20,SPY,190.30,155.94,yahoo
2014-10-21,SPY,194.07,159.03,yahoo
2014-10-22,SPY,192.69,157.90,yahoo
2014-10-23,SPY,194.93,159.73,yahoo
2014-10-24,SPY,196.43,160.96,yahoo
2014-10-27,SPY,196.16,160.74,yahoo
2014-10-28,SPY,198.41,162.59,yahoo
2014-10-29,SPY,198.11,162.34,yahoo
2014-10-30,SPY,199.38,163.38,yahoo
2014-10-31,SPY,201.66,165.25,yahoo
2014-11-03,SPY,201.77,165.34,yahoo
2014-11-04,SPY,201.07,164.77,yahoo
2014-11-05,SPY,202.34,165.81,yahoo
2014-11-06,SPY,203.15,166.47,yahoo
2014-11-07,SPY,203.34,166.63,yahoo
2014-11-10,SPY,203.98,167.15,yahoo
2014-11-11,SPY,204.18,167.31,yahoo
2014-11-12,SPY,203.96,167.13,yahoo
2014-11-13,SPY,204.19,167.32,yahoo
2014-11-14,SPY,204.24,167.36,yahoo
2014-11-17,SPY,204.37,167.47,yahoo
2014-11-18,SPY,205.55,168.44,yahoo
2014-11-19,SPY,205.22,168.17,yahoo
2014-11-20,SPY,205.58,168.46,yahoo
2014-11-21,SPY,206.68,169.36,yahoo
2014-11-24,SPY,207.26,169.84,yahoo
2014-11-25,SPY,207.11,169.72,yahoo
2014-11-26,SPY,207.64,170.15,yahoo
2014-11-28,SPY,207.20,169.79,yahoo
2014-12-01,SPY,205.76,168.61,yahoo
2014-12-02,SPY,207.09,169.70,yahoo
2014-12-03,SPY,207.89,170.35,yahoo
2014-12-04,SPY,207.66,170.17,yahoo
2014-12-05,SPY,208,170.44,yahoo
2014-12-08,SPY,206.61,169.31,yahoo
2014-12-09,SPY,206.47,169.19,yahoo
2014-12-10,SPY,203.16,166.48,yahoo
2014-12-11,SPY,204.19,167.32,yahoo
2014-12-12,SPY,200.89,164.62,yahoo
2014-12-15,SPY,199.51,163.49,yahoo
2014-12-16,SPY,197.91,162.18,yahoo
2014-12-17,SPY,201.79,165.36,yahoo
2014-12-18,SPY,206.78,169.44,yahoo
2014-12-19,SPY,206.52,170.17,yahoo
2014-12-22,SPY,207.47,170.95,yahoo
2014-12-23,SPY,207.75,171.18,yahoo
2014-12-24,SPY,207.77,171.20,yahoo
2014-12-26,SPY,208.44,171.75,yahoo
2014-12-29,SPY,208.72,171.98,yahoo
2014-12-30,SPY,207.60,171.06,yahoo
2014-12-31,SPY,205.54,169.36,yahoo
2015-01-02,SPY,205.43,169.27,yahoo
2015-01-05,SPY,201.72,166.21,yahoo
2015-01-06,SPY,199.82,164.65,yahoo
2015-01-07,SPY,202.31,166.70,yahoo
2015-01-08,SPY,205.90,169.65,yahoo
2015-01-09,SPY,204.25,168.30,yahoo
2015-01-12,SPY,202.65,166.98,yahoo
2015-01-13,SPY,202.08,166.51,yahoo
2015-01-14,SPY,200.86,165.50,yahoo
2015-01-15,SPY,199.02,163.99,yahoo
2015-01-16,SPY,201.63,166.14,yahoo
2015-01-20,SPY,202.06,166.49,yahoo
2015-01-21,SPY,203.08,167.33,yahoo
2015-01-22,SPY,206.10,169.82,yahoo
2015-01-23,SPY,204.97,168.89,yahoo
2015-01-26,SPY,205.45,169.28,yahoo
2015-01-27,SPY,202.74,167.05,yahoo
2015-01-28,SPY,200.14,164.91,yahoo
2015-01-29,SPY,201.99,166.43,yahoo
2015-01-30,SPY,199.45,164.34,yahoo
2015-02-02,SPY,201.92,166.38,yahoo
2015-02-03,SPY,204.84,168.78,yahoo
2015-02-04,SPY,204.06,168.14,yahoo
2015-02-05,SPY,206.12,169.84,yahoo
2015-02-06,SPY,205.55,169.37,yahoo
2015-02-09,SPY,204.63,168.61,yahoo
2015-02-10,SPY,206.81,170.40,yahoo
2015-02-11,SPY,206.93,170.50,yahoo
2015-02-12,SPY,208.92,172.14,yahoo
2015-02-13,SPY,209.78,172.85,yahoo
2015-02-17,SPY,210.11,173.12,yahoo
2015-02-18,SPY,210.13,173.14,yahoo
2015-02-19,SPY,209.98,173.02,yahoo
2015-02-20,SPY,211.24,174.05,yahoo
2015-02-23,SPY,211.21,174.03,yahoo
2015-02-24,SPY,211.81,174.52,yahoo
2015-02-25,SPY,211.63,174.38,yahoo
2015-02-26,SPY,211.38,174.17,yahoo
2015-02-27,SPY,210.66,173.58,yahoo
2015-03-02,SPY,211.99,174.67,yahoo
2015-03-03,SPY,211.12,173.96,yahoo
2015-03-04,SPY,210.23,173.22,yahoo
2015-03-05,SPY,210.46,173.41,yahoo
2015-03-06,SPY,207.50,170.97,yahoo
2015-03-09,SPY,208.36,171.68,yahoo
2015-03-10,SPY,204.98,168.90,yahoo
2015-03-11,SPY,204.50,168.50,yahoo
2015-03-12,SPY,207.10,170.64,yahoo
2015-03-13,SPY,205.83,169.60,yahoo
2015-03-16,SPY,208.58,171.86,yahoo
2015-03-17,SPY,207.96,171.35,yahoo
2015-03-18,SPY,210.46,173.41,yahoo
2015-03-19,SPY,209.50,172.62,yahoo
2015-03-20,SPY,210.41,174.14,yahoo
2015-03-23,SPY,210,173.81,yahoo
2015-03-24,SPY,208.82,172.83,yahoo
2015-03-25,SPY,205.76,170.30,yahoo
2015-03-26,SPY,205.27,169.89,yahoo
2015-03-27,SPY,205.74,170.28,yahoo
2015-03-30,SPY,208.25,172.36,yahoo
2015-03-31,SPY,206.43,170.85,yahoo
2015-04-01,SPY,205.70,170.25,yahoo
2015-04-02,SPY,206.44,170.86,yahoo
2015-04-06,SPY,207.83,172.01,yahoo
2015-04-07,SPY,207.28,171.55,yahoo
2015-04-08,SPY,207.98,172.13,yahoo
2015-04-09,SPY,208.90,172.90,yahoo
2015-04-10,SPY,210.04,173.84,yahoo
2015-04-13,SPY,209.09,173.05,yahoo
2015-04-14,SPY,209.49,173.38,yahoo
2015-04-15,SPY,210.43,174.16,yahoo
2015-04-16,SPY,210.37,174.11,yahoo
2015-04-17,SPY,207.95,172.11,yahoo
2015-04-20,SPY,209.85,173.68,yahoo
2015-04-21,SPY,209.60,173.47,yahoo
2015-04-22,SPY,210.63,174.33,yahoo
2015-04-23,SPY,211.16,174.77,yahoo
2015-04-24,SPY,211.65,175.17,yahoo
2015-04-27,SPY,210.77,174.44,yahoo
2015-04-28,SPY,211.44,175.00,yahoo
2015-04-29,SPY,210.57,174.28,yahoo
2015-04-30,SPY,208.46,172.53,yahoo
2015-05-01,SPY,210.72,174.40,yahoo
2015-05-04,SPY,211.32,174.90,yahoo
2015-05-05,SPY,208.90,172.90,yahoo
2015-05-06,SPY,208.04,172.18,yahoo
2015-05-07,SPY,208.87,172.87,yahoo
2015-05-08,SPY,211.62,175.15,yahoo
2015-05-11,SPY,210.61,174.31,yahoo
2015-05-12,SPY,209.98,173.79,yahoo
2015-05-13,SPY,210.02,173.82,yahoo
2015-05-14,SPY,212.21,175.63,yahoo
2015-05-15,SPY,212.44,175.82,yahoo
2015-05-18,SPY,213.10,176.37,yahoo
2015-05-19,SPY,213.03,176.31,yahoo
2015-05-20,SPY,212.88,176.19,yahoo
2015-05-21,SPY,213.50,176.70,yahoo
2015-05-22,SPY,212.99,176.28,yahoo
2015-05-26,SPY,210.70,174.38,yahoo
2015-05-27,SPY,212.70,176.04,yahoo
2015-05-28,SPY,212.46,175.84,yahoo
2015-05-29,SPY,211.14,174.75,yahoo
2015-06-01,SPY,211.57,175.10,yahoo
2015-06-02,SPY,211.36,174.93,yahoo
2015-06-03,SPY,211.92,175.39,yahoo
2015-06-04,SPY,210.13,173.91,yahoo
2015-06-05,SPY,209.77,173.62,yahoo
2015-06-08,SPY,208.48,172.55,yahoo
2015-06-09,SPY,208.45,172.52,yahoo
2015-06-10,SPY,210.95,174.59,yahoo
2015-06-11,SPY,211.63,175.15,yahoo
2015-06-12,SPY,210.01,173.81,yahoo
2015-06-15,SPY,209.11,173.07,yahoo
2015-06-16,SPY,210.25,174.01,yahoo
2015-06-17,SPY,210.59,174.29,yahoo
2015-06-18,SPY,212.78,176.11,yahoo
2015-06-19,SPY,210.81,175.32,yahoo
2015-06-22,SPY,211.89,176.22,yahoo
2015-06-23,SPY,212.04,176.35,yahoo
2015-06-24,SPY,210.50,175.07,yahoo
2015-06-25,SPY,209.86,174.53,yahoo
2015-06-26,SPY,209.82,174.50,yahoo
2015-06-29,SPY,205.42,170.84,yahoo
2015-06-30,SPY,205.85,171.20,yahoo
2015-07-01,SPY,207.50,172.57,yahoo
2015-07-02,SPY,207.31,172.41,yahoo
2015-07-06,SPY,206.72,171.92,yahoo
2015-07-07,SPY,208.02,173.00,yahoo
2015-07-08,SPY,204.53,170.10,yahoo
2015-07-09,SPY,204.90,170.41,yahoo
2015-07-10,SPY,207.48,172.56,yahoo
2015-07-13,SPY,209.77,174.46,yahoo
2015-07-14,SPY,210.68,175.22,yahoo
2015-07-15,SPY,210.61,175.16,yahoo
2015-07-16,SPY,212.30,176.56,yahoo
2015-07-17,SPY,212.48,176.71,yahoo
2015-07-20,SPY,212.59,176.80,yahoo
2015-07-21,SPY,211.75,176.11,yahoo
2015-07-22,SPY,211.37,175.79,yahoo
2015-07-23,SPY,210.18,174.80,yahoo
2015-07-24,SPY,208,172.99,yahoo
2015-07-27,SPY,206.79,171.98,yahoo
2015-07-28,SPY,209.33,174.09,yahoo
2015-07-29,SPY,210.77,175.29,yahoo
2015-07-30,SPY,210.82,175.33,yahoo
2015-07-31,SPY,210.50,175.07,yahoo
2015-08-03,SPY,209.79,174.48,yahoo
2015-08-04,SPY,209.38,174.14,yahoo
2015-08-05,SPY,210.07,174.71,yahoo
2015-08-06,SPY,208.35,173.28,yahoo
2015-08-07,SPY,207.95,172.95,yahoo
2015-08-10,SPY,210.57,175.12,yahoo
2015-08-11,SPY,208.67,173.54,yahoo
2015-08-12,SPY,208.92,173.75,yahoo
2015-08-13,SPY,208.66,173.54,yahoo
2015-08-14,SPY,209.42,174.17,yahoo
2015-08-17,SPY,210.59,175.14,yahoo
2015-08-18,SPY,209.98,174.63,yahoo
2015-08-19,SPY,208.32,173.25,yahoo
2015-08-20,SPY,203.97,169.64,yahoo
2015-08-21,SPY,197.83,164.53,yahoo
2015-08-24,SPY,189.50,157.60,yahoo
2015-08-25,SPY,187.27,155.75,yahoo
2015-08-26,SPY,194.46,161.73,yahoo
2015-08-27,SPY,199.27,165.73,yahoo
2015-08-28,SPY,199.28,165.74,yahoo
2015-08-31,SPY,197.67,164.40,yahoo
2015-09-01,SPY,191.77,159.49,yahoo
2015-09-02,SPY,195.41,162.52,yahoo
2015-09-03,SPY,195.55,162.63,yahoo
2015-09-04,SPY,192.59,160.17,yahoo
2015-09-08,SPY,197.43,164.20,yahoo
2015-09-09,SPY,194.79,162.00,yahoo
2015-09-10,SPY,195.85,162.88,yahoo
2015-09-11,SPY,196.74,163.62,yahoo
2015-09-14,SPY,196.01,163.02,yahoo
2015-09-15,SPY,198.46,165.05,yahoo
2015-09-16,SPY,200.18,166.48,yahoo
2015-09-17,SPY,199.73,166.11,yahoo
2015-09-18,SPY,195.45,163.40,yahoo
2015-09-21,SPY,196.46,164.24,yahoo
2015-09-22,SPY,193.91,162.11,yahoo
2015-09-23,SPY,193.60,161.85,yahoo
2015-09-24,SPY,192.90,161.26,yahoo
2015-09-25,SPY,192.85,161.22,yahoo
2015-09-28,SPY,188.01,157.18,yahoo
2015-09-29,SPY,188.12,157.27,yahoo
2015-09-30,SPY,191.63,160.20,yahoo
2015-10-01,SPY,192.13,160.62,yahoo
2015-10-02,SPY,195,163.02,yahoo
2015-10-05,SPY,198.47,165.92,yahoo
2015-10-06,SPY,197.79,165.35,yahoo
2015-10-07,SPY,199.41,166.71,yahoo
2015-10-08,SPY,201.21,168.21,yahoo
2015-10-09,SPY,201.33,168.31,yahoo
2015-10-12,SPY,201.52,168.47,yahoo
2015-10-13,SPY,200.25,167.41,yahoo
2015-10-14,SPY,199.29,166.61,yahoo
2015-10-15,SPY,202.35,169.16,yahoo
2015-10-16,SPY,203.27,169.93,yahoo
2015-10-19,SPY,203.37,170.02,yahoo
2015-10-20,SPY,203.11,169.80,yahoo
2015-10-21,SPY,201.85,168.75,yahoo
2015-10-22,SPY,205.26,171.60,yahoo
2015-10-23,SPY,207.51,173.48,yahoo
2015-10-26,SPY,207,173.05,yahoo
2015-10-27,SPY,206.60,172.72,yahoo
2015-10-28,SPY,208.95,174.68,yahoo
2015-10-29,SPY,208.83,174.58,yahoo
2015-10-30,SPY,207.93,173.83,yahoo
2015-11-02,SPY,210.39,175.88,yahoo
2015-11-03,SPY,211,176.39,yahoo
2015-11-04,SPY,210.36,175.86,yahoo
2015-11-05,SPY,210.15,175.68,yahoo
2015-11-06,SPY,210.04,175.59,yahoo
2015-11-09,SPY,208.08,173.95,yahoo
2015-11-10,SPY,208.56,174.35,yahoo
2015-11-11,SPY,207.74,173.67,yahoo
2015-11-12,SPY,204.84,171.25,yahoo
2015-11-13,SPY,202.54,169.32,yahoo
2015-11-16,SPY,205.62,171.90,yahoo
2015-11-17,SPY,205.47,171.77,yahoo
2015-11-18,SPY,208.73,174.50,yahoo
2015-11-19,SPY,208.55,174.35,yahoo
2015-11-20,SPY,209.31,174.98,yahoo
2015-11-23,SPY,209.07,174.78,yahoo
2015-11-24,SPY,209.35,175.02,yahoo
2015-11-25,SPY,209.32,174.99,yahoo
2015-11-27,SPY,209.56,175.19,yahoo
2015-11-30,SPY,208.69,174.46,yahoo
2015-12-01,SPY,210.68,176.13,yahoo
2015-12-02,SPY,208.53,174.33,yahoo
2015-12-03,SPY,205.61,171.89,yahoo
2015-12-04,SPY,209.62,175.24,yahoo
2015-12-07,SPY,208.35,174.18,yahoo
2015-12-08,SPY,206.95,173.01,yahoo
2015-12-09,SPY,205.34,171.66,yahoo
2015-12-10,SPY,205.87,172.11,yahoo
2015-12-11,SPY,201.88,168.77,yahoo
2015-12-14,SPY,202.90,169.62,yahoo
2015-12-15,SPY,205.03,171.40,yahoo
2015-12-16,SPY,208.03,173.91,yahoo
2015-12-17,SPY,204.86,171.26,yahoo
2015-12-18,SPY,200.02,168.21,yahoo
2015-12-21,SPY,201.67,169.60,yahoo
2015-12-22,SPY,203.50,171.14,yahoo
2015-12-23,SPY,206.02,173.26,yahoo
2015-12-24,SPY,205.68,172.97,yahoo
2015-12-28,SPY,205.21,172.58,yahoo
2015-12-29,SPY,207.40,174.42,yahoo
2015-12-30,SPY,205.93,173.18,yahoo
2015-12-31,SPY,203.87,171.45,yahoo
2016-01-04,SPY,201.02,169.05,yahoo
2016-01-05,SPY,201.36,169.34,yahoo
2016-01-06,SPY,198.82,167.20,yahoo
2016-01-07,SPY,194.05,163.19,yahoo
2016-01-08,SPY,191.92,161.40,yahoo
2016-01-11,SPY,192.11,161.56,yahoo
2016-01-12,SPY,193.66,162.86,yahoo
2016-01-13,SPY,188.83,158.80,yahoo
2016-01-14,SPY,191.93,161.41,yahoo
2016-01-15,SPY,187.81,157.94,yahoo
2016-01-19,SPY,188.06,158.15,yahoo
2016-01-20,SPY,185.65,156.13,yahoo
2016-01-21,SPY,186.69,157.00,yahoo
2016-01-22,SPY,190.52,160.22,yahoo
2016-01-25,SPY,187.64,157.80,yahoo
2016-01-26,SPY,190.20,159.95,yahoo
2016-01-27,SPY,188.13,158.21,yahoo
2016-01-28,SPY,189.11,159.04,yahoo
2016-01-29,SPY,193.72,162.91,yahoo
2016-02-01,SPY,193.65,162.85,yahoo
2016-02-02,SPY,190.16,159.92,yahoo
2016-02-03,SPY,191.30,160.88,yahoo
2016-02-04,SPY,191.60,161.13,yahoo
2016-02-05,SPY,187.95,158.06,yahoo
2016-02-08,SPY,185.42,155.93,yahoo
2016-02-09,SPY,185.43,155.94,yahoo
2016-02-10,SPY,185.27,155.81,yahoo
2016-02-11,SPY,182.86,153.78,yahoo
2016-02-12,SPY,186.63,156.95,yahoo
2016-02-16,SPY,189.78,159.60,yahoo
2016-02-17,SPY,192.88,162.21,yahoo
2016-02-18,SPY,192.09,161.54,yahoo
2016-02-19,SPY,192,161.47,yahoo
2016-02-22,SPY,194.78,163.80,yahoo
2016-02-23,SPY,192.32,161.74,yahoo
2016-02-24,SPY,193.20,162.48,yahoo
2016-02-25,SPY,195.54,164.44,yahoo
2016-02-26,SPY,195.09,164.06,yahoo
2016-02-29,SPY,193.56,162.78,yahoo
2016-03-01,SPY,198.11,166.60,yahoo
2016-03-02,SPY,199,167.35,yahoo
2016-03-03,SPY,199.78,168.01,yahoo
2016-03-04,SPY,200.43,168.56,yahoo
2016-03-07,SPY,200.59,168.69,yahoo
2016-03-08,SPY,198.40,166.85,yahoo
2016-03-09,SPY,199.38,167.67,yahoo
2016-03-10,SPY,199.54,167.81,yahoo
2016-03-11,SPY,202.76,170.52,yahoo
2016-03-14,SPY,202.50,170.30,yahoo
2016-03-15,SPY,202.17,170.02,yahoo
2016-03-16,SPY,203.34,171.00,yahoo
2016-03-17,SPY,204.63,172.09,yahoo
2016-03-18,SPY,204.38,172.76,yahoo
2016-03-21,SPY,204.67,173.01,yahoo
2016-03-22,SPY,204.56,172.92,yahoo
2016-03-23,SPY,203.21,171.77,yahoo
2016-03-24,SPY,203.12,171.70,yahoo
2016-03-28,SPY,203.24,171.80,yahoo
2016-03-29,SPY,205.12,173.39,yahoo
2016-03-30,SPY,206.02,174.15,yahoo
2016-03-31,SPY,205.52,173.73,yahoo
2016-04-01,SPY,206.92,174.91,yahoo
2016-04-04,SPY,206.25,174.34,yahoo
2016-04-05,SPY,204.19,172.60,yahoo
2016-04-06,SPY,206.42,174.49,yahoo
2016-04-07,SPY,203.95,172.40,yahoo
2016-04-08,SPY,204.50,172.87,yahoo
2016-04-11,SPY,204.02,172.46,yahoo
2016-04-12,SPY,205.92,174.07,yahoo
2016-04-13,SPY,208,175.82,yahoo
2016-04-14,SPY,208.01,175.83,yahoo
2016-04-15,SPY,207.78,175.64,yahoo
2016-04-18,SPY,209.24,176.87,yahoo
2016-04-19,SPY,209.90,177.43,yahoo
2016-04-20,SPY,210.10,177.60,yahoo
2016-04-21,SPY,208.97,176.64,yahoo
2016-04-22,SPY,208.97,176.64,yahoo
2016-04-25,SPY,208.61,176.34,yahoo
2016-04-26,SPY,208.92,176.60,yahoo
2016-04-27,SPY,209.35,176.97,yahoo
2016-04-28,SPY,207.45,175.36,yahoo
2016-04-29,SPY,206.33,174.41,yahoo
2016-05-02,SPY,207.97,175.80,yahoo
2016-05-03,SPY,206.16,174.27,yahoo
2016-05-04,SPY,205.01,173.30,yahoo
2016-05-05,SPY,204.97,173.26,yahoo
2016-05-06,SPY,205.72,173.90,yahoo
2016-05-09,SPY,205.89,174.04,yahoo
2016-05-10,SPY,208.45,176.20,yahoo
2016-05-11,SPY,206.50,174.56,yahoo
2016-05-12,SPY,206.56,174.61,yahoo
2016-05-13,SPY,204.76,173.09,yahoo
2016-05-16,SPY,206.78,174.79,yahoo
2016-05-17,SPY,204.85,173.16,yahoo
2016-05-18,SPY,204.91,173.21,yahoo
2016-05-19,SPY,204.20,172.61,yahoo
2016-05-20,SPY,205.49,173.70,yahoo
2016-05-23,SPY,205.21,173.47,yahoo
2016-05-24,SPY,207.87,175.71,yahoo
2016-05-25,SPY,209.28,176.91,yahoo
2016-05-26,SPY,209.34,176.96,yahoo
2016-05-27,SPY,210.24,177.72,yahoo
2016-05-31,SPY,209.84,177.38,yahoo
2016-06-01,SPY,210.27,177.74,yahoo
2016-06-02,SPY,210.91,178.28,yahoo
2016-06-03,SPY,210.28,177.75,yahoo
2016-06-06,SPY,211.35,178.66,yahoo
2016-06-07,SPY,211.68,178.93,yahoo
2016-06-08,SPY,212.37,179.52,yahoo
2016-06-09,SPY,212.08,179.27,yahoo
2016-06-10,SPY,210.07,177.57,yahoo
2016-06-13,SPY,208.45,176.20,yahoo
2016-06-14,SPY,208.04,175.86,yahoo
2016-06-15,SPY,207.75,175.61,yahoo
2016-06-16,SPY,208.37,176.14,yahoo
2016-06-17,SPY,206.52,175.48,yahoo
2016-06-20,SPY,207.85,176.61,yahoo
2016-06-21,SPY,208.44,177.11,yahoo
2016-06-22,SPY,208.10,176.82,yahoo
2016-06-23,SPY,210.81,179.13,yahoo
2016-06-24,SPY,203.24,172.69,yahoo
2016-06-27,SPY,199.60,169.60,yahoo
2016-06-28,SPY,203.20,172.66,yahoo
2016-06-29,SPY,206.66,175.60,yahoo
2016-06-30,SPY,209.48,178.00,yahoo
2016-07-01,SPY,209.92,178.37,yahoo
2016-07-05,SPY,208.41,177.09,yahoo
2016-07-06,SPY,209.66,178.15,yahoo
2016-07-07,SPY,209.53,178.04,yahoo
2016-07-08,SPY,212.65,180.69,yahoo
2016-07-11,SPY,213.40,181.33,yahoo
2016-07-12,SPY,214.95,182.64,yahoo
2016-07-13,SPY,214.92,182.62,yahoo
2016-07-14,SPY,216.12,183.64,yahoo
2016-07-15,SPY,215.83,183.39,yahoo
2016-07-18,SPY,216.41,183.88,yahoo
2016-07-19,SPY,216.19,183.70,yahoo
2016-07-20,SPY,217.09,184.46,yahoo
2016-07-21,SPY,216.27,183.77,yahoo
2016-07-22,SPY,217.24,184.59,yahoo
2016-07-25,SPY,216.65,184.09,yahoo
2016-07-26,SPY,216.75,184.17,yahoo
2016-07-27,SPY,216.52,183.98,yahoo
2016-07-28,SPY,216.77,184.19,yahoo
2016-07-29,SPY,217.12,184.49,yahoo
2016-08-01,SPY,216.94,184.33,yahoo
2016-08-02,SPY,215.55,183.15,yahoo
2016-08-03,SPY,216.18,183.69,yahoo
2016-08-04,SPY,216.41,183.88,yahoo
2016-08-05,SPY,218.18,185.39,yahoo
2016-08-08,SPY,218.05,185.28,yahoo
2016-08-09,SPY,218.18,185.39,yahoo
2016-08-10,SPY,217.64,184.93,yahoo
2016-08-11,SPY,218.65,185.79,yahoo
2016-08-12,SPY,218.46,185.63,yahoo
2016-08-15,SPY,219.09,186.16,yahoo
2016-08-16,SPY,217.96,185.20,yahoo
2016-08-17,SPY,218.37,185.55,yahoo
2016-08-18,SPY,218.86,185.97,yahoo
2016-08-19,SPY,218.54,185.69,yahoo
2016-08-22,SPY,218.53,185.69,yahoo
2016-08-23,SPY,218.97,186.06,yahoo
2016-08-24,SPY,217.85,185.11,yahoo
2016-08-25,SPY,217.70,184.98,yahoo
2016-08-26,SPY,217.29,184.63,yahoo
2016-08-29,SPY,218.36,185.54,yahoo
2016-08-30,SPY,218,185.24,yahoo
2016-08-31,SPY,217.38,184.71,yahoo
2016-09-01,SPY,217.39,184.72,yahoo
2016-09-02,SPY,218.37,185.55,yahoo
2016-09-06,SPY,219.03,186.11,yahoo
2016-09-07,SPY,219.01,186.09,yahoo
2016-09-08,SPY,218.51,185.67,yahoo
2016-09-09,SPY,213.28,181.22,yahoo
2016-09-12,SPY,216.34,183.82,yahoo
2016-09-13,SPY,213.23,181.18,yahoo
2016-09-14,SPY,213.15,181.11,yahoo
2016-09-15,SPY,215.28,182.92,yahoo
2016-09-16,SPY,213.37,182.22,yahoo
2016-09-19,SPY,213.41,182.25,yahoo
2016-09-20,SPY,213.42,182.26,yahoo
2016-09-21,SPY,215.82,184.31,yahoo
2016-09-22,SPY,217.18,185.47,yahoo
2016-09-23,SPY,215.99,184.45,yahoo
2016-09-26,SPY,214.24,182.96,yahoo
2016-09-27,SPY,215.57,184.10,yahoo
2016-09-28,SPY,216.64,185.01,yahoo
2016-09-29,SPY,214.68,183.34,yahoo
2016-09-30,SPY,216.30,184.72,yahoo
2016-10-03,SPY,215.78,184.28,yahoo
2016-10-04,SPY,214.68,183.34,yahoo
2016-10-05,SPY,215.63,184.15,yahoo
2016-10-06,SPY,215.78,184.28,yahoo
2016-10-07,SPY,215.04,183.64,yahoo
2016-10-10,SPY,216.16,184.60,yahoo
2016-10-11,SPY,213.43,182.27,yahoo
2016-10-12,SPY,213.71,182.51,yahoo
2016-10-13,SPY,213.01,181.91,yahoo
2016-10-14,SPY,213.12,182.00,yahoo
2016-10-17,SPY,212.38,181.37,yahoo
2016-10-18,SPY,213.71,182.51,yahoo
2016-10-19,SPY,214.28,182.99,yahoo
2016-10-20,SPY,213.88,182.65,yahoo
2016-10-21,SPY,213.98,182.74,yahoo
2016-10-24,SPY,214.89,183.52,yahoo
2016-10-25,SPY,214.17,182.90,yahoo
2016-10-26,SPY,213.74,182.53,yahoo
2016-10-27,SPY,213.17,182.05,yahoo
2016-10-28,SPY,212.54,181.51,yahoo
2016-10-31,SPY,212.55,181.52,yahoo
2016-11-01,SPY,211.01,180.20,yahoo
2016-11-02,SPY,209.74,179.12,yahoo
2016-11-03,SPY,208.78,178.30,yahoo
2016-11-04,SPY,208.55,178.10,yahoo
2016-11-07,SPY,213.15,182.03,yahoo
2016-11-08,SPY,214.11,182.85,yahoo
2016-11-09,SPY,216.38,184.79,yahoo
2016-11-10,SPY,216.92,185.25,yahoo
2016-11-11,SPY,216.42,184.82,yahoo
2016-11-14,SPY,216.59,184.97,yahoo
2016-11-15,SPY,218.28,186.41,yahoo
2016-11-16,SPY,217.87,186.06,yahoo
2016-11-17,SPY,218.99,187.02,yahoo
2016-11-18,SPY,218.50,186.60,yahoo
2016-11-21,SPY,220.15,188.01,yahoo
2016-11-22,SPY,220.58,188.37,yahoo
2016-11-23,SPY,220.70,188.48,yahoo
2016-11-25,SPY,221.52,189.18,yahoo
2016-11-28,SPY,220.48,188.29,yahoo
2016-11-29,SPY,220.91,188.66,yahoo
2016-11-30,SPY,220.38,188.20,yahoo
2016-12-01,SPY,219.57,187.51,yahoo
2016-12-02,SPY,219.68,187.61,yahoo
2016-12-05,SPY,221,188.73,yahoo
2016-12-06,SPY,221.70,189.33,yahoo
2016-12-07,SPY,224.60,191.81,yahoo
2016-12-08,SPY,225.15,192.28,yahoo
2016-12-09,SPY,226.51,193.44,yahoo
2016-12-12,SPY,226.25,193.22,yahoo
2016-12-13,SPY,227.76,194.51,yahoo
2016-12-14,SPY,225.88,192.90,yahoo
2016-12-15,SPY,226.81,193.69,yahoo
2016-12-16,SPY,225.04,193.32,yahoo
2016-12-19,SPY,225.53,193.74,yahoo
2016-12-20,SPY,226.40,194.48,yahoo
2016-12-21,SPY,225.77,193.94,yahoo
2016-12-22,SPY,225.38,193.61,yahoo
2016-12-23,SPY,225.71,193.89,yahoo
2016-12-27,SPY,226.27,194.37,yahoo
2016-12-28,SPY,224.40,192.77,yahoo
2016-12-29,SPY,224.35,192.72,yahoo
2016-12-30,SPY,223.53,192.02,yahoo
2017-01-03,SPY,225.24,193.49,yahoo
2017-01-04,SPY,226.58,194.64,yahoo
2017-01-05,SPY,226.40,194.48,yahoo
2017-01-06,SPY,227.21,195.18,yahoo
2017-01-09,SPY,226.46,194.54,yahoo
2017-01-10,SPY,226.46,194.54,yahoo
2017-01-11,SPY,227.10,195.09,yahoo
2017-01-12,SPY,226.53,194.60,yahoo
2017-01-13,SPY,227.05,195.04,yahoo
2017-01-17,SPY,226.25,194.36,yahoo
2017-01-18,SPY,226.75,194.78,yahoo
2017-01-19,SPY,225.91,194.06,yahoo
2017-01-20,SPY,226.74,194.78,yahoo
2017-01-23,SPY,226.15,194.27,yahoo
2017-01-24,SPY,227.60,195.51,yahoo
2017-01-25,SPY,229.57,197.21,yahoo
2017-01-26,SPY,229.33,197.00,yahoo
2017-01-27,SPY,228.97,196.69,yahoo
2017-01-30,SPY,227.55,195.47,yahoo
2017-01-31,SPY,227.53,195.45,yahoo
2017-02-01,SPY,227.62,195.53,yahoo
2017-02-02,SPY,227.77,195.66,yahoo
2017-02-03,SPY,229.34,197.01,yahoo
2017-02-06,SPY,228.93,196.66,yahoo
2017-02-07,SPY,228.94,196.67,yahoo
2017-02-08,SPY,229.24,196.92,yahoo
2017-02-09,SPY,230.60,198.09,yahoo
2017-02-10,SPY,231.51,198.87,yahoo
2017-02-13,SPY,232.77,199.96,yahoo
2017-02-14,SPY,233.70,200.76,yahoo
2017-02-15,SPY,234.92,201.80,yahoo
2017-02-16,SPY,234.72,201.63,yahoo
2017-02-17,SPY,235.09,201.95,yahoo
2017-02-21,SPY,236.49,203.15,yahoo
2017-02-22,SPY,236.28,202.97,yahoo
2017-02-23,SPY,236.44,203.11,yahoo
2017-02-24,SPY,236.74,203.37,yahoo
2017-02-27,SPY,237.11,203.68,yahoo
2017-02-28,SPY,236.47,203.13,yahoo
2017-03-01,SPY,239.78,205.98,yahoo
2017-03-02,SPY,238.27,204.68,yahoo
2017-03-03,SPY,238.42,204.81,yahoo
2017-03-06,SPY,237.71,204.20,yahoo
2017-03-07,SPY,237,203.59,yahoo
2017-03-08,SPY,236.56,203.21,yahoo
2017-03-09,SPY,236.86,203.47,yahoo
2017-03-10,SPY,237.69,204.18,yahoo
2017-03-13,SPY,237.81,204.29,yahoo
2017-03-14,SPY,236.90,203.50,yahoo
2017-03-15,SPY,238.95,205.26,yahoo
2017-03-16,SPY,238.48,204.86,yahoo
2017-03-17,SPY,237.03,204.50,yahoo
2017-03-20,SPY,236.77,204.28,yahoo
2017-03-21,SPY,233.73,201.65,yahoo
2017-03-22,SPY,234.28,202.13,yahoo
2017-03-23,SPY,234.03,201.91,yahoo
2017-03-24,SPY,233.86,201.77,yahoo
2017-03-27,SPY,233.62,201.56,yahoo
2017-03-28,SPY,235.32,203.03,yahoo
2017-03-29,SPY,235.54,203.22,yahoo
2017-03-30,SPY,236.29,203.86,yahoo
2017-03-31,SPY,235.74,203.39,yahoo
2017-04-03,SPY,235.33,203.03,yahoo
2017-04-04,SPY,235.48,203.16,yahoo
2017-04-05,SPY,234.78,202.56,yahoo
2017-04-06,SPY,235.44,203.13,yahoo
2017-04-07,SPY,235.20,202.92,yahoo
2017-04-10,SPY,235.34,203.04,yahoo
2017-04-11,SPY,235.06,202.80,yahoo
2017-04-12,SPY,234.03,201.91,yahoo
2017-04-13,SPY,232.51,200.60,yahoo
2017-04-17,SPY,234.57,202.38,yahoo
2017-04-18,SPY,233.87,201.78,yahoo
2017-04-19,SPY,233.44,201.40,yahoo
2017-04-20,SPY,235.34,203.04,yahoo
2017-04-21,SPY,234.59,202.40,yahoo
2017-04-24,SPY,237.17,204.62,yahoo
2017-04-25,SPY,238.55,205.81,yahoo
2017-04-26,SPY,238.40,205.68,yahoo
2017-04-27,SPY,238.60,205.86,yahoo
2017-04-28,SPY,238.08,205.41,yahoo
2017-05-01,SPY,238.68,205.93,yahoo
2017-05-02,SPY,238.77,206.00,yahoo
2017-05-03,SPY,238.48,205.75,yahoo
2017-05-04,SPY,238.76,205.99,yahoo
2017-05-05,SPY,239.70,206.81,yahoo
2017-05-08,SPY,239.66,206.77,yahoo
2017-05-09,SPY,239.44,206.58,yahoo
2017-05-10,SPY,239.87,206.95,yahoo
2017-05-11,SPY,239.38,206.53,yahoo
2017-05-12,SPY,238.98,206.18,yahoo
2017-05-15,SPY,240.30,207.32,yahoo
2017-05-16,SPY,240.08,207.13,yahoo
2017-05-17,SPY,235.82,203.46,yahoo
2017-05-18,SPY,236.77,204.28,yahoo
2017-05-19,SPY,238.31,205.61,yahoo
2017-05-22,SPY,239.52,206.65,yahoo
2017-05-23,SPY,240.05,207.11,yahoo
2017-05-24,SPY,240.61,207.59,yahoo
2017-05-25,SPY,241.76,208.58,yahoo
2017-05-26,SPY,241.71,208.54,yahoo
2017-05-30,SPY,241.50,208.36,yahoo
2017-05-31,SPY,241.44,208.31,yahoo
2017-06-01,SPY,243.36,209.96,yahoo
2017-06-02,SPY,244.17,210.66,yahoo
2017-06-05,SPY,243.99,210.51,yahoo
2017-06-06,SPY,243.21,209.83,yahoo
2017-06-07,SPY,243.66,210.22,yahoo
2017-06-08,SPY,243.78,210.33,yahoo
2017-06-09,SPY,243.41,210.01,yahoo
2017-06-12,SPY,243.36,209.96,yahoo
2017-06-13,SPY,244.55,210.99,yahoo
2017-06-14,SPY,244.24,210.72,yahoo
2017-06-15,SPY,243.77,210.32,yahoo
2017-06-16,SPY,242.64,210.36,yahoo
2017-06-19,SPY,244.66,212.11,yahoo
2017-06-20,SPY,243.01,210.68,yahoo
2017-06-21,SPY,242.95,210.63,yahoo
2017-06-22,SPY,242.84,210.54,yahoo
2017-06-23,SPY,243.13,210.79,yahoo
2017-06-26,SPY,243.29,210.93,yahoo
2017-06-27,SPY,241.33,209.23,yahoo
2017-06-28,SPY,243.49,211.10,yahoo
2017-06-29,SPY,241.35,209.24,yahoo
2017-06-30,SPY,241.80,209.63,yahoo
2017-07-03,SPY,242.21,209.99,yahoo
2017-07-05,SPY,242.77,210.48,yahoo
2017-07-06,SPY,240.55,208.55,yahoo
2017-07-07,SPY,242.11,209.90,yahoo
2017-07-10,SPY,242.37,210.13,yahoo
2017-07-11,SPY,242.19,209.97,yahoo
2017-07-12,SPY,244.01,211.55,yahoo
2017-07-13,SPY,244.42,211.91,yahoo
2017-07-14,SPY,245.56,212.89,yahoo
2017-07-17,SPY,245.53,212.87,yahoo
2017-07-18,SPY,245.66,212.98,yahoo
2017-07-19,SPY,246.99,214.13,yahoo
2017-07-20,SPY,247.10,214.23,yahoo
2017-07-21,SPY,246.88,214.04,yahoo
2017-07-24,SPY,246.82,213.99,yahoo
2017-07-25,SPY,247.42,214.51,yahoo
2017-07-26,SPY,247.43,214.52,yahoo
2017-07-27,SPY,247.20,214.32,yahoo
2017-07-28,SPY,246.91,214.06,yahoo
2017-07-31,SPY,246.77,213.94,yahoo
2017-08-01,SPY,247.32,214.42,yahoo
2017-08-02,SPY,247.44,214.52,yahoo
2017-08-03,SPY,246.96,214.11,yahoo
2017-08-04,SPY,247.41,214.50,yahoo
2017-08-07,SPY,247.87,214.90,yahoo
2017-08-08,SPY,247.26,214.37,yahoo
2017-08-09,SPY,247.25,214.36,yahoo
2017-08-10,SPY,243.76,211.33,yahoo
2017-08-11,SPY,244.12,211.65,yahoo
2017-08-14,SPY,246.54,213.74,yahoo
2017-08-15,SPY,246.51,213.72,yahoo
2017-08-16,SPY,246.94,214.09,yahoo
2017-08-17,SPY,243.09,210.75,yahoo
2017-08-18,SPY,242.71,210.42,yahoo
2017-08-21,SPY,242.90,210.59,yahoo
2017-08-22,SPY,245.44,212.79,yahoo
2017-08-23,SPY,244.56,212.03,yahoo
2017-08-24,SPY,243.99,211.53,yahoo
2017-08-25,SPY,244.56,212.03,yahoo
2017-08-28,SPY,244.57,212.04,yahoo
2017-08-29,SPY,244.85,212.28,yahoo
2017-08-30,SPY,246.01,213.28,yahoo
2017-08-31,SPY,247.49,214.57,yahoo
2017-09-01,SPY,247.84,214.87,yahoo
2017-09-05,SPY,246.06,213.33,yahoo
2017-09-06,SPY,246.90,214.06,yahoo
2017-09-07,SPY,246.87,214.03,yahoo
2017-09-08,SPY,246.58,213.78,yahoo
2017-09-11,SPY,249.21,216.06,yahoo
2017-09-12,SPY,250.05,216.79,yahoo
2017-09-13,SPY,250.17,216.89,yahoo
2017-09-14,SPY,250.09,216.82,yahoo
2017-09-15,SPY,249.19,217.11,yahoo
2017-09-18,SPY,249.72,217.58,yahoo
2017-09-19,SPY,249.97,217.79,yahoo
2017-09-20,SPY,250.06,217.87,yahoo
2017-09-21,SPY,249.39,217.29,yahoo
2017-09-22,SPY,249.44,217.33,yahoo
2017-09-25,SPY,248.93,216.89,yahoo
2017-09-26,SPY,249.08,217.02,yahoo
2017-09-27,SPY,250.05,217.86,yahoo
2017-09-28,SPY,250.35,218.12,yahoo
2017-09-29,SPY,251.23,218.89,yahoo
2017-10-02,SPY,252.32,219.84,yahoo
2017-10-03,SPY,252.86,220.31,yahoo
2017-10-04,SPY,253.16,220.57,yahoo
2017-10-05,SPY,254.66,221.88,yahoo
2017-10-06,SPY,254.37,221.63,yahoo
2017-10-09,SPY,253.95,221.26,yahoo
2017-10-10,SPY,254.62,221.84,yahoo
2017-10-11,SPY,255.02,222.19,yahoo
2017-10-12,SPY,254.64,221.86,yahoo
2017-10-13,SPY,254.95,222.13,yahoo
2017-10-16,SPY,255.29,222.43,yahoo
2017-10-17,SPY,255.47,222.58,yahoo
2017-10-18,SPY,255.72,222.80,yahoo
2017-10-19,SPY,255.79,222.86,yahoo
2017-10-20,SPY,257.11,224.01,yahoo
2017-10-23,SPY,256.11,223.14,yahoo
2017-10-24,SPY,256.56,223.53,yahoo
2017-10-25,SPY,255.29,222.43,yahoo
2017-10-26,SPY,255.62,222.72,yahoo
2017-10-27,SPY,257.71,224.54,yahoo
2017-10-30,SPY,256.75,223.70,yahoo
2017-10-31,SPY,257.15,224.05,yahoo
2017-11-01,SPY,257.49,224.34,yahoo
2017-11-02,SPY,257.59,224.43,yahoo
2017-11-03,SPY,258.45,225.18,yahoo
2017-11-06,SPY,258.85,225.53,yahoo
2017-11-07,SPY,258.67,225.37,yahoo
2017-11-08,SPY,259.11,225.76,yahoo
2017-11-09,SPY,258.17,224.94,yahoo
2017-11-10,SPY,258.09,224.87,yahoo
2017-11-13,SPY,258.33,225.08,yahoo
2017-11-14,SPY,257.73,224.55,yahoo
2017-11-15,SPY,256.44,223.43,yahoo
2017-11-16,SPY,258.62,225.33,yahoo
2017-11-17,SPY,257.86,224.67,yahoo
2017-11-20,SPY,258.30,225.05,yahoo
2017-11-21,SPY,259.99,226.52,yahoo
2017-11-22,SPY,259.76,226.32,yahoo
2017-11-24,SPY,260.36,226.85,yahoo
2017-11-27,SPY,260.23,226.73,yahoo
2017-11-28,SPY,262.87,229.03,yahoo
2017-11-29,SPY,262.71,228.89,yahoo
2017-11-30,SPY,265.01,230.90,yahoo
2017-12-01,SPY,264.46,230.42,yahoo
2017-12-04,SPY,264.14,230.14,yahoo
2017-12-05,SPY,263.19,229.31,yahoo
2017-12-06,SPY,263.24,229.35,yahoo
2017-12-07,SPY,264.07,230.08,yahoo
2017-12-08,SPY,265.51,231.33,yahoo
2017-12-11,SPY,266.31,232.03,yahoo
2017-12-12,SPY,266.78,232.44,yahoo
2017-12-13,SPY,266.75,232.41,yahoo
2017-12-14,SPY,265.66,231.46,yahoo
2017-12-15,SPY,266.51,233.39,yahoo
2017-12-18,SPY,268.20,234.87,yahoo
2017-12-19,SPY,267.17,233.97,yahoo
2017-12-20,SPY,267.03,233.85,yahoo
2017-12-21,SPY,267.58,234.33,yahoo
2017-12-22,SPY,267.51,234.27,yahoo
2017-12-26,SPY,267.19,233.99,yahoo
2017-12-27,SPY,267.32,234.10,yahoo
2017-12-28,SPY,267.87,234.58,yahoo
2017-12-29,SPY,266.86,233.70,yahoo
2018-01-02,SPY,268.77,235.37,yahoo
2018-01-03,SPY,270.47,236.86,yahoo
2018-01-04,SPY,271.61,237.86,yahoo
2018-01-05,SPY,273.42,239.44,yahoo
2018-01-08,SPY,273.92,239.88,yahoo
2018-01-09,SPY,274.54,240.42,yahoo
2018-01-10,SPY,274.12,240.06,yahoo
2018-01-11,SPY,276.12,241.81,yahoo
2018-01-12,SPY,277.92,243.38,yahoo
2018-01-16,SPY,276.97,242.55,yahoo
2018-01-17,SPY,279.61,244.86,yahoo
2018-01-18,SPY,279.14,244.45,yahoo
2018-01-19,SPY,280.41,245.56,yahoo
2018-01-22,SPY,282.69,247.56,yahoo
2018-01-23,SPY,283.29,248.09,yahoo
2018-01-24,SPY,283.18,247.99,yahoo
2018-01-25,SPY,283.30,248.09,yahoo
2018-01-26,SPY,286.58,250.97,yahoo
2018-01-29,SPY,284.68,249.30,yahoo
2018-01-30,SPY,281.76,246.75,yahoo
2018-01-31,SPY,281.90,246.87,yahoo
2018-02-01,SPY,281.58,246.59,yahoo
2018-02-02,SPY,275.45,241.22,yahoo
2018-02-05,SPY,263.93,231.13,yahoo
2018-02-06,SPY,269.13,235.69,yahoo
2018-02-07,SPY,267.67,234.41,yahoo
2018-02-08,SPY,257.63,225.61,yahoo
2018-02-09,SPY,261.50,229.00,yahoo
2018-02-12,SPY,265.34,232.37,yahoo
2018-02-13,SPY,266,232.94,yahoo
2018-02-14,SPY,269.59,236.09,yahoo
2018-02-15,SPY,273.03,239.10,yahoo
2018-02-16,SPY,273.11,239.17,yahoo
2018-02-20,SPY,271.40,237.67,yahoo
2018-02-21,SPY,270.05,236.49,yahoo
2018-02-22,SPY,270.40,236.80,yahoo
2018-02-23,SPY,274.71,240.57,yahoo
2018-02-26,SPY,277.90,243.37,yahoo
2018-02-27,SPY,274.43,240.33,yahoo
2018-02-28,SPY,271.65,237.89,yahoo
2018-03-01,SPY,267.70,234.43,yahoo
2018-03-02,SPY,269.08,235.64,yahoo
2018-03-05,SPY,272.19,238.36,yahoo
2018-03-06,SPY,272.88,238.97,yahoo
2018-03-07,SPY,272.78,238.88,yahoo
2018-03-08,SPY,274.10,240.04,yahoo
2018-03-09,SPY,278.87,244.21,yahoo
2018-03-12,SPY,278.52,243.91,yahoo
2018-03-13,SPY,276.72,242.33,yahoo
2018-03-14,SPY,275.30,241.09,yahoo
2018-03-15,SPY,275,240.83,yahoo
2018-03-16,SPY,274.20,241.09,yahoo
2018-03-19,SPY,270.49,237.82,yahoo
2018-03-20,SPY,270.95,238.23,yahoo
2018-03-21,SPY,270.43,237.77,yahoo
2018-03-22,SPY,263.67,231.83,yahoo
2018-03-23,SPY,258.05,226.89,yahoo
2018-03-26,SPY,265.11,233.09,yahoo
2018-03-27,SPY,260.60,229.13,yahoo
2018-03-28,SPY,259.83,228.45,yahoo
2018-03-29,SPY,263.15,231.37,yahoo
2018-04-02,SPY,257.47,226.38,yahoo
2018-04-03,SPY,260.77,229.28,yahoo
2018-04-04,SPY,263.56,231.73,yahoo
2018-04-05,SPY,265.64,233.56,yahoo
2018-04-06,SPY,259.72,228.36,yahoo
2018-04-09,SPY,261,229.48,yahoo
2018-04-10,SPY,265.15,233.13,yahoo
2018-04-11,SPY,263.76,231.91,yahoo
2018-04-12,SPY,265.93,233.82,yahoo
2018-04-13,SPY,265.15,233.13,yahoo
2018-04-16,SPY,267.33,235.05,yahoo
2018-04-17,SPY,270.19,237.56,yahoo
2018-04-18,SPY,270.39,237.74,yahoo
2018-04-19,SPY,268.89,236.42,yahoo
2018-04-20,SPY,266.61,234.41,yahoo
2018-04-23,SPY,266.57,234.38,yahoo
2018-04-24,SPY,262.98,231.22,yahoo
2018-04-25,SPY,263.63,231.79,yahoo
2018-04-26,SPY,266.31,234.15,yahoo
2018-04-27,SPY,266.56,234.37,yahoo
2018-04-30,SPY,264.51,232.57,yahoo
2018-05-01,SPY,264.98,232.98,yahoo
2018-05-02,SPY,263.20,231.42,yahoo
2018-05-03,SPY,262.62,230.91,yahoo
2018-05-04,SPY,266.02,233.89,yahoo
2018-05-07,SPY,266.92,234.69,yahoo
2018-05-08,SPY,266.92,234.69,yahoo
2018-05-09,SPY,269.50,236.95,yahoo
2018-05-10,SPY,272.02,239.17,yahoo
2018-05-11,SPY,272.85,239.90,yahoo
2018-05-14,SPY,272.98,240.01,yahoo
2018-05-15,SPY,271.10,238.36,yahoo
2018-05-16,SPY,272.24,239.36,yahoo
2018-05-17,SPY,272.01,239.16,yahoo
2018-05-18,SPY,271.33,238.56,yahoo
2018-05-21,SPY,273.37,240.36,yahoo
2018-05-22,SPY,272.61,239.69,yahoo
2018-05-23,SPY,273.36,240.35,yahoo
2018-05-24,SPY,272.80,239.86,yahoo
2018-05-25,SPY,272.15,239.28,yahoo
2018-05-29,SPY,269.02,236.53,yahoo
2018-05-30,SPY,272.61,239.69,yahoo
2018-05-31,SPY,270.94,238.22,yahoo
2018-06-01,SPY,273.60,240.56,yahoo
2018-06-04,SPY,274.90,241.70,yahoo
2018-06-05,SPY,275.10,241.88,yahoo
2018-06-06,SPY,277.40,243.90,yahoo
2018-06-07,SPY,277.37,243.87,yahoo
2018-06-08,SPY,278.19,244.59,yahoo
2018-06-11,SPY,278.56,244.92,yahoo
2018-06-12,SPY,278.92,245.24,yahoo
2018-06-13,SPY,278.03,244.45,yahoo
2018-06-14,SPY,278.73,245.07,yahoo
2018-06-15,SPY,277.13,244.76,yahoo
2018-06-18,SPY,276.56,244.25,yahoo
2018-06-19,SPY,275.50,243.32,yahoo
2018-06-20,SPY,275.97,243.73,yahoo
2018-06-21,SPY,274.24,242.20,yahoo
2018-06-22,SPY,274.74,242.65,yahoo
2018-06-25,SPY,271,239.34,yahoo
2018-06-26,SPY,271.60,239.87,yahoo
2018-06-27,SPY,269.35,237.89,yahoo
2018-06-28,SPY,270.89,239.25,yahoo
2018-06-29,SPY,271.28,239.59,yahoo
2018-07-02,SPY,271.86,240.10,yahoo
2018-07-03,SPY,270.90,239.25,yahoo
2018-07-05,SPY,273.11,241.21,yahoo
2018-07-06,SPY,275.42,243.25,yahoo
2018-07-09,SPY,277.90,245.44,yahoo
2018-07-10,SPY,278.90,246.32,yahoo
2018-07-11,SPY,276.86,244.52,yahoo
2018-07-12,SPY,279.37,246.74,yahoo
2018-07-13,SPY,279.59,246.93,yahoo
2018-07-16,SPY,279.34,246.71,yahoo
2018-07-17,SPY,280.47,247.71,yahoo
2018-07-18,SPY,281.06,248.23,yahoo
2018-07-19,SPY,280,247.29,yahoo
2018-07-20,SPY,279.68,247.01,yahoo
2018-07-23,SPY,280.20,247.47,yahoo
2018-07-24,SPY,281.61,248.71,yahoo
2018-07-25,SPY,284.01,250.83,yahoo
2018-07-26,SPY,283.34,250.24,yahoo
2018-07-27,SPY,281.42,248.55,yahoo
2018-07-30,SPY,279.95,247.25,yahoo
2018-07-31,SPY,281.33,248.47,yahoo
2018-08-01,SPY,280.86,248.05,yahoo
2018-08-02,SPY,282.39,249.40,yahoo
2018-08-03,SPY,283.60,250.47,yahoo
2018-08-06,SPY,284.64,251.39,yahoo
2018-08-07,SPY,285.58,252.22,yahoo
2018-08-08,SPY,285.46,252.11,yahoo
2018-08-09,SPY,285.07,251.77,yahoo
2018-08-10,SPY,283.16,250.08,yahoo
2018-08-13,SPY,282.10,249.15,yahoo
2018-08-14,SPY,283.90,250.74,yahoo
2018-08-15,SPY,281.78,248.86,yahoo
2018-08-16,SPY,284.06,250.88,yahoo
2018-08-17,SPY,285.06,251.76,yahoo
2018-08-20,SPY,285.67,252.30,yahoo
2018-08-21,SPY,286.34,252.89,yahoo
2018-08-22,SPY,286.17,252.74,yahoo
2018-08-23,SPY,285.79,252.41,yahoo
2018-08-24,SPY,287.51,253.92,yahoo
2018-08-27,SPY,289.78,255.93,yahoo
2018-08-28,SPY,289.92,256.05,yahoo
2018-08-29,SPY,291.48,257.43,yahoo
2018-08-30,SPY,290.30,256.39,yahoo
2018-08-31,SPY,290.31,256.40,yahoo
2018-09-04,SPY,289.81,255.96,yahoo
2018-09-05,SPY,289.03,255.27,yahoo
2018-09-06,SPY,288.16,254.50,yahoo
2018-09-07,SPY,287.60,254.00,yahoo
2018-09-10,SPY,288.10,254.45,yahoo
2018-09-11,SPY,289.05,255.28,yahoo
2018-09-12,SPY,289.12,255.35,yahoo
2018-09-13,SPY,290.83,256.86,yahoo
2018-09-14,SPY,290.88,256.90,yahoo
2018-09-17,SPY,289.34,255.54,yahoo
2018-09-18,SPY,290.91,256.93,yahoo
2018-09-19,SPY,291.22,257.20,yahoo
2018-09-20,SPY,293.58,259.29,yahoo
2018-09-21,SPY,291.99,259.05,yahoo
2018-09-24,SPY,291.02,258.19,yahoo
2018-09-25,SPY,290.75,257.95,yahoo
2018-09-26,SPY,289.88,257.18,yahoo
2018-09-27,SPY,290.69,257.90,yahoo
2018-09-28,SPY,290.72,257.92,yahoo
2018-10-01,SPY,291.73,258.82,yahoo
2018-10-02,SPY,291.56,258.67,yahoo
2018-10-03,SPY,291.72,258.81,yahoo
2018-10-04,SPY,289.44,256.79,yahoo
2018-10-05,SPY,287.82,255.35,yahoo
2018-10-08,SPY,287.82,255.35,yahoo
2018-10-09,SPY,287.40,254.98,yahoo
2018-10-10,SPY,278.30,246.90,yahoo
2018-10-11,SPY,272.17,241.46,yahoo
2018-10-12,SPY,275.95,244.82,yahoo
2018-10-15,SPY,274.40,243.44,yahoo
2018-10-16,SPY,280.40,248.77,yahoo
2018-10-17,SPY,280.45,248.81,yahoo
2018-10-18,SPY,276.40,245.22,yahoo
2018-10-19,SPY,276.25,245.08,yahoo
2018-10-22,SPY,275.01,243.98,yahoo
2018-10-23,SPY,273.61,242.74,yahoo
2018-10-24,SPY,265.32,235.39,yahoo
2018-10-25,SPY,270.08,239.61,yahoo
2018-10-26,SPY,265.33,235.40,yahoo
2018-10-29,SPY,263.86,234.09,yahoo
2018-10-30,SPY,267.77,237.56,yahoo
2018-10-31,SPY,270.63,240.10,yahoo
2018-11-01,SPY,273.51,242.65,yahoo
2018-11-02,SPY,271.89,241.22,yahoo
2018-11-05,SPY,273.39,242.55,yahoo
2018-11-06,SPY,275.12,244.08,yahoo
2018-11-07,SPY,281.01,249.31,yahoo
2018-11-08,SPY,280.50,248.85,yahoo
2018-11-09,SPY,277.76,246.42,yahoo
2018-11-12,SPY,272.57,241.82,yahoo
2018-11-13,SPY,272.06,241.37,yahoo
2018-11-14,SPY,270.20,239.72,yahoo
2018-11-15,SPY,273.02,242.22,yahoo
2018-11-16,SPY,273.73,242.85,yahoo
2018-11-19,SPY,269.10,238.74,yahoo
2018-11-20,SPY,264.12,234.32,yahoo
2018-11-21,SPY,265.02,235.12,yahoo
2018-11-23,SPY,263.25,233.55,yahoo
2018-11-26,SPY,267.50,237.32,yahoo
2018-11-27,SPY,268.40,238.12,yahoo
2018-11-28,SPY,274.58,243.60,yahoo
2018-11-29,SPY,273.98,243.07,yahoo
2018-11-30,SPY,275.65,244.55,yahoo
2018-12-03,SPY,279.30,247.79,yahoo
2018-12-04,SPY,270.25,239.76,yahoo
2018-12-06,SPY,269.84,239.40,yahoo
2018-12-07,SPY,263.57,233.83,yahoo
2018-12-10,SPY,264.07,234.28,yahoo
2018-12-11,SPY,264.13,234.33,yahoo
2018-12-12,SPY,265.46,235.51,yahoo
2018-12-13,SPY,265.37,235.43,yahoo
2018-12-14,SPY,260.47,231.08,yahoo
2018-12-17,SPY,255.36,226.55,yahoo
2018-12-18,SPY,255.08,226.30,yahoo
2018-12-19,SPY,251.26,222.91,yahoo
2018-12-20,SPY,247.17,219.28,yahoo
2018-12-21,SPY,240.70,214.79,yahoo
2018-12-24,SPY,234.34,209.12,yahoo
2018-12-26,SPY,246.18,219.68,yahoo
2018-12-27,SPY,248.07,221.37,yahoo
2018-12-28,SPY,247.75,221.08,yahoo
2018-12-31,SPY,249.92,223.02,yahoo
2019-01-02,SPY,250.18,223.25,yahoo
2019-01-03,SPY,244.21,217.92,yahoo
2019-01-04,SPY,252.39,225.22,yahoo
2019-01-07,SPY,254.38,227.00,yahoo
2019-01-08,SPY,256.77,229.13,yahoo
2019-01-09,SPY,257.97,230.20,yahoo
2019-01-10,SPY,258.88,231.02,yahoo
2019-01-11,SPY,258.98,231.10,yahoo
2019-01-14,SPY,257.40,229.69,yahoo
2019-01-15,SPY,260.35,232.33,yahoo
2019-01-16,SPY,260.98,232.89,yahoo
2019-01-17,SPY,262.96,234.66,yahoo
2019-01-18,SPY,266.46,237.78,yahoo
2019-01-22,SPY,262.86,234.57,yahoo
2019-01-23,SPY,263.41,235.06,yahoo
2019-01-24,SPY,263.55,235.18,yahoo
2019-01-25,SPY,265.78,237.17,yahoo
2019-01-28,SPY,263.76,235.37,yahoo
2019-01-29,SPY,263.41,235.06,yahoo
2019-01-30,SPY,267.58,238.78,yahoo
2019-01-31,SPY,269.93,240.88,yahoo
2019-02-01,SPY,270.06,240.99,yahoo
2019-02-04,SPY,271.96,242.69,yahoo
2019-02-05,SPY,273.10,243.70,yahoo
2019-02-06,SPY,272.74,243.38,yahoo
2019-02-07,SPY,270.14,241.06,yahoo
2019-02-08,SPY,270.47,241.36,yahoo
2019-02-11,SPY,270.62,241.49,yahoo
2019-02-12,SPY,274.10,244.60,yahoo
2019-02-13,SPY,274.99,245.39,yahoo
2019-02-14,SPY,274.38,244.85,yahoo
2019-02-15,SPY,277.37,247.51,yahoo
2019-02-19,SPY,277.85,247.94,yahoo
2019-02-20,SPY,278.41,248.44,yahoo
2019-02-21,SPY,277.42,247.56,yahoo
2019-02-22,SPY,279.14,249.09,yahoo
2019-02-25,SPY,279.52,249.43,yahoo
2019-02-26,SPY,279.32,249.26,yahoo
2019-02-27,SPY,279.20,249.15,yahoo
2019-02-28,SPY,278.68,248.68,yahoo
2019-03-01,SPY,280.42,250.24,yahoo
2019-03-04,SPY,279.40,249.33,yahoo
2019-03-05,SPY,279.02,248.99,yahoo
2019-03-06,SPY,277.33,247.48,yahoo
2019-03-07,SPY,275.01,245.41,yahoo
2019-03-08,SPY,274.46,244.92,yahoo
2019-03-11,SPY,278.44,248.47,yahoo
2019-03-12,SPY,279.49,249.41,yahoo
2019-03-13,SPY,281.34,251.06,yahoo
2019-03-14,SPY,281.16,250.90,yahoo
2019-03-15,SPY,281.31,252.14,yahoo
2019-03-18,SPY,282.33,253.05,yahoo
2019-03-19,SPY,282.40,253.11,yahoo
2019-03-20,SPY,281.55,252.35,yahoo
2019-03-21,SPY,284.73,255.20,yahoo
2019-03-22,SPY,279.25,250.29,yahoo
2019-03-25,SPY,279.04,250.10,yahoo
2019-03-26,SPY,281.12,251.97,yahoo
2019-03-27,SPY,279.65,250.65,yahoo
2019-03-28,SPY,280.71,251.60,yahoo
2019-03-29,SPY,282.48,253.19,yahoo
2019-04-01,SPY,285.83,256.19,yahoo
2019-04-02,SPY,285.97,256.31,yahoo
2019-04-03,SPY,286.42,256.72,yahoo
2019-04-04,SPY,287.18,257.40,yahoo
2019-04-05,SPY,288.57,258.64,yahoo
2019-04-08,SPY,288.79,258.84,yahoo
2019-04-09,SPY,287.31,257.51,yahoo
2019-04-10,SPY,288.29,258.39,yahoo
2019-04-11,SPY,288.21,258.32,yahoo
2019-04-12,SPY,290.16,260.07,yahoo
2019-04-15,SPY,289.97,259.90,yahoo
2019-04-16,SPY,290.16,260.07,yahoo
2019-04-17,SPY,289.45,259.43,yahoo
2019-04-18,SPY,290.02,259.94,yahoo
2019-04-22,SPY,290.27,260.17,yahoo
2019-04-23,SPY,292.88,262.51,yahoo
2019-04-24,SPY,292.23,261.92,yahoo
2019-04-25,SPY,292.05,261.76,yahoo
2019-04-26,SPY,293.41,262.98,yahoo
2019-04-29,SPY,293.87,263.39,yahoo
2019-04-30,SPY,294.02,263.53,yahoo
2019-05-01,SPY,291.81,261.55,yahoo
2019-05-02,SPY,291.18,260.98,yahoo
2019-05-03,SPY,294.03,263.54,yahoo
2019-05-06,SPY,292.82,262.45,yahoo
2019-05-07,SPY,287.93,258.07,yahoo
2019-05-08,SPY,287.53,257.71,yahoo
2019-05-09,SPY,286.66,256.93,yahoo
2019-05-10,SPY,288.10,258.22,yahoo
2019-05-13,SPY,280.86,251.73,yahoo
2019-05-14,SPY,283.40,254.01,yahoo
2019-05-15,SPY,285.06,255.50,yahoo
2019-05-16,SPY,287.70,257.86,yahoo
2019-05-17,SPY,285.84,256.20,yahoo
2019-05-20,SPY,283.95,254.50,yahoo
2019-05-21,SPY,286.51,256.80,yahoo
2019-05-22,SPY,285.63,256.01,yahoo
2019-05-23,SPY,282.14,252.88,yahoo
2019-05-24,SPY,282.78,253.45,yahoo
2019-05-28,SPY,280.15,251.10,yahoo
2019-05-29,SPY,278.27,249.41,yahoo
2019-05-30,SPY,279.03,250.09,yahoo
2019-05-31,SPY,275.27,246.72,yahoo
2019-06-03,SPY,274.57,246.10,yahoo
2019-06-04,SPY,280.53,251.44,yahoo
2019-06-05,SPY,282.96,253.62,yahoo
2019-06-06,SPY,284.80,255.26,yahoo
2019-06-07,SPY,287.65,257.82,yahoo
2019-06-10,SPY,288.97,259.00,yahoo
2019-06-11,SPY,288.90,258.94,yahoo
2019-06-12,SPY,288.39,258.48,yahoo
2019-06-13,SPY,289.58,259.55,yahoo
2019-06-14,SPY,289.26,259.26,yahoo
2019-06-17,SPY,289.37,259.36,yahoo
2019-06-18,SPY,292.40,262.08,yahoo
2019-06-19,SPY,293.06,262.67,yahoo
2019-06-20,SPY,295.86,265.18,yahoo
2019-06-21,SPY,294,264.79,yahoo
2019-06-24,SPY,293.64,264.47,yahoo
2019-06-25,SPY,290.76,261.87,yahoo
2019-06-26,SPY,290.47,261.61,yahoo
2019-06-27,SPY,291.50,262.54,yahoo
2019-06-28,SPY,293,263.89,yahoo
2019-07-01,SPY,295.66,266.29,yahoo
2019-07-02,SPY,296.43,266.98,yahoo
2019-07-03,SPY,298.80,269.12,yahoo
2019-07-05,SPY,298.46,268.81,yahoo
2019-07-08,SPY,296.82,267.33,yahoo
2019-07-09,SPY,297.19,267.67,yahoo
2019-07-10,SPY,298.61,268.94,yahoo
2019-07-11,SPY,299.31,269.57,yahoo
2019-07-12,SPY,300.65,270.78,yahoo
2019-07-15,SPY,300.75,270.87,yahoo
2019-07-16,SPY,299.78,270.00,yahoo
2019-07-17,SPY,297.74,268.16,yahoo
2019-07-18,SPY,298.83,269.14,yahoo
2019-07-19,SPY,297.17,267.65,yahoo
2019-07-22,SPY,297.90,268.30,yahoo
2019-07-23,SPY,300.03,270.22,yahoo
2019-07-24,SPY,301.44,271.49,yahoo
2019-07-25,SPY,300,270.20,yahoo
2019-07-26,SPY,302.01,272.01,yahoo
2019-07-29,SPY,301.46,271.51,yahoo
2019-07-30,SPY,300.72,270.84,yahoo
2019-07-31,SPY,297.43,267.88,yahoo
2019-08-01,SPY,294.84,265.55,yahoo
2019-08-02,SPY,292.62,263.55,yahoo
2019-08-05,SPY,283.82,255.62,yahoo
2019-08-06,SPY,287.80,259.21,yahoo
2019-08-07,SPY,287.97,259.36,yahoo
2019-08-08,SPY,293.62,264.45,yahoo
2019-08-09,SPY,291.62,262.65,yahoo
2019-08-12,SPY,288.07,259.45,yahoo
2019-08-13,SPY,292.55,263.49,yahoo
2019-08-14,SPY,283.90,255.70,yahoo
2019-08-15,SPY,284.65,256.37,yahoo
2019-08-16,SPY,288.85,260.15,yahoo
2019-08-19,SPY,292.33,263.29,yahoo
2019-08-20,SPY,290.09,261.27,yahoo
2019-08-21,SPY,292.45,263.40,yahoo
2019-08-22,SPY,292.36,263.32,yahoo
2019-08-23,SPY,284.85,256.55,yahoo
2019-08-26,SPY,288,259.39,yahoo
2019-08-27,SPY,286.87,258.37,yahoo
2019-08-28,SPY,288.89,260.19,yahoo
2019-08-29,SPY,292.58,263.51,yahoo
2019-08-30,SPY,292.45,263.40,yahoo
2019-09-03,SPY,290.74,261.86,yahoo
2019-09-04,SPY,294.04,264.83,yahoo
2019-09-05,SPY,297.82,268.23,yahoo
2019-09-06,SPY,298.05,268.44,yahoo
2019-09-09,SPY,298.20,268.57,yahoo
2019-09-10,SPY,298.13,268.51,yahoo
2019-09-11,SPY,300.25,270.42,yahoo
2019-09-12,SPY,301.29,271.36,yahoo
2019-09-13,SPY,301.09,271.18,yahoo
2019-09-16,SPY,300.16,270.34,yahoo
2019-09-17,SPY,300.92,271.02,yahoo
2019-09-18,SPY,301.10,271.19,yahoo
2019-09-19,SPY,301.08,271.17,yahoo
2019-09-20,SPY,298.28,269.89,yahoo
2019-09-23,SPY,298.21,269.82,yahoo
2019-09-24,SPY,295.87,267.71,yahoo
2019-09-25,SPY,297.62,269.29,yahoo
2019-09-26,SPY,297,268.73,yahoo
2019-09-27,SPY,295.40,267.28,yahoo
2019-09-30,SPY,296.77,268.52,yahoo
2019-10-01,SPY,293.24,265.33,yahoo
2019-10-02,SPY,288.06,260.64,yahoo
2019-10-03,SPY,290.42,262.78,yahoo
2019-10-04,SPY,294.35,266.33,yahoo
2019-10-07,SPY,293.08,265.18,yahoo
2019-10-08,SPY,288.53,261.07,yahoo
2019-10-09,SPY,291.27,263.54,yahoo
2019-10-10,SPY,293.24,265.33,yahoo
2019-10-11,SPY,296.28,268.08,yahoo
2019-10-14,SPY,295.95,267.78,yahoo
2019-10-15,SPY,298.88,270.43,yahoo
2019-10-16,SPY,298.40,270.00,yahoo
2019-10-17,SPY,299.28,270.79,yahoo
2019-10-18,SPY,297.97,269.61,yahoo
2019-10-21,SPY,299.99,271.43,yahoo
2019-10-22,SPY,299.01,270.55,yahoo
2019-10-23,SPY,299.88,271.34,yahoo
2019-10-24,SPY,300.37,271.78,yahoo
2019-10-25,SPY,301.60,272.89,yahoo
2019-10-28,SPY,303.30,274.43,yahoo
2019-10-29,SPY,303.21,274.35,yahoo
2019-10-30,SPY,304.14,275.19,yahoo
2019-10-31,SPY,303.33,274.46,yahoo
2019-11-01,SPY,306.14,277.00,yahoo
2019-11-04,SPY,307.37,278.11,yahoo
2019-11-05,SPY,307.03,277.80,yahoo
2019-11-06,SPY,307.10,277.87,yahoo
2019-11-07,SPY,308.18,278.85,yahoo
2019-11-08,SPY,308.94,279.53,yahoo
2019-11-11,SPY,308.35,279.00,yahoo
2019-11-12,SPY,309,279.59,yahoo
2019-11-13,SPY,309.10,279.68,yahoo
2019-11-14,SPY,309.55,280.08,yahoo
2019-11-15,SPY,311.79,282.11,yahoo
2019-11-18,SPY,312.02,282.32,yahoo
2019-11-19,SPY,311.93,282.24,yahoo
2019-11-20,SPY,310.77,281.19,yahoo
2019-11-21,SPY,310.27,280.74,yahoo
2019-11-22,SPY,310.96,281.36,yahoo
2019-11-25,SPY,313.37,283.54,yahoo
2019-11-26,SPY,314.08,284.18,yahoo
2019-11-27,SPY,315.48,285.45,yahoo
2019-11-29,SPY,314.31,284.39,yahoo
2019-12-02,SPY,311.64,281.98,yahoo
2019-12-03,SPY,309.55,280.08,yahoo
2019-12-04,SPY,311.46,281.81,yahoo
2019-12-05,SPY,312.02,282.32,yahoo
2019-12-06,SPY,314.87,284.90,yahoo
2019-12-09,SPY,313.88,284.00,yahoo
2019-12-10,SPY,313.53,283.69,yahoo
2019-12-11,SPY,314.42,284.49,yahoo
2019-12-12,SPY,317.13,286.94,yahoo
2019-12-13,SPY,317.32,287.12,yahoo
2019-12-16,SPY,319.50,289.09,yahoo
2019-12-17,SPY,319.57,289.15,yahoo
2019-12-18,SPY,319.59,289.17,yahoo
2019-12-19,SPY,320.90,290.35,yahoo
2019-12-20,SPY,320.73,291.63,yahoo
2019-12-23,SPY,321.22,292.07,yahoo
2019-12-24,SPY,321.23,292.08,yahoo
2019-12-26,SPY,322.94,293.64,yahoo
2019-12-27,SPY,322.86,293.56,yahoo
2019-12-30,SPY,321.08,291.95,yahoo
2019-12-31,SPY,321.86,292.65,yahoo
2020-01-02,SPY,324.87,295.39,yahoo
2020-01-03,SPY,322.41,293.15,yahoo
2020-01-06,SPY,323.64,294.27,yahoo
2020-01-07,SPY,322.73,293.45,yahoo
2020-01-08,SPY,324.45,295.01,yahoo
2020-01-09,SPY,326.65,297.01,yahoo
2020-01-10,SPY,325.71,296.16,yahoo
2020-01-13,SPY,327.95,298.19,yahoo
2020-01-14,SPY,327.45,297.74,yahoo
2020-01-15,SPY,328.19,298.41,yahoo
2020-01-16,SPY,330.92,300.89,yahoo
2020-01-17,SPY,331.95,301.83,yahoo
2020-01-21,SPY,331.30,301.24,yahoo
2020-01-22,SPY,331.34,301.27,yahoo
2020-01-23,SPY,331.72,301.62,yahoo
2020-01-24,SPY,328.77,298.94,yahoo
2020-01-27,SPY,323.50,294.15,yahoo
2020-01-28,SPY,326.89,297.23,yahoo
2020-01-29,SPY,326.62,296.98,yahoo
2020-01-30,SPY,327.68,297.95,yahoo
2020-01-31,SPY,321.73,292.54,yahoo
2020-02-03,SPY,324.12,294.71,yahoo
2020-02-04,SPY,329.06,299.20,yahoo
2020-02-05,SPY,332.86,302.66,yahoo
2020-02-06,SPY,333.98,303.68,yahoo
2020-02-07,SPY,332.20,302.06,yahoo
2020-02-10,SPY,334.68,304.31,yahoo
2020-02-11,SPY,335.26,304.84,yahoo
2020-02-12,SPY,337.42,306.80,yahoo
2020-02-13,SPY,337.06,306.48,yahoo
2020-02-14,SPY,337.60,306.97,yahoo
2020-02-18,SPY,336.73,306.18,yahoo
2020-02-19,SPY,338.34,307.64,yahoo
2020-02-20,SPY,336.95,306.38,yahoo
2020-02-21,SPY,333.48,303.22,yahoo
2020-02-24,SPY,322.42,293.16,yahoo
2020-02-25,SPY,312.65,284.28,yahoo
2020-02-26,SPY,311.50,283.23,yahoo
2020-02-27,SPY,297.51,270.51,yahoo
2020-02-28,SPY,296.26,269.38,yahoo
2020-03-02,SPY,309.09,281.04,yahoo
2020-03-03,SPY,300.24,273.00,yahoo
2020-03-04,SPY,312.86,284.47,yahoo
2020-03-05,SPY,302.46,275.02,yahoo
2020-03-06,SPY,297.46,270.47,yahoo
2020-03-09,SPY,274.23,249.35,yahoo
2020-03-10,SPY,288.42,262.25,yahoo
2020-03-11,SPY,274.36,249.47,yahoo
2020-03-12,SPY,248.11,225.60,yahoo
2020-03-13,SPY,269.32,244.88,yahoo
2020-03-16,SPY,239.85,218.09,yahoo
2020-03-17,SPY,252.80,229.86,yahoo
2020-03-18,SPY,240,218.22,yahoo
2020-03-19,SPY,240.51,218.69,yahoo
2020-03-20,SPY,228.80,209.26,yahoo
2020-03-23,SPY,222.95,203.91,yahoo
2020-03-24,SPY,243.15,222.39,yahoo
2020-03-25,SPY,246.79,225.72,yahoo
2020-03-26,SPY,261.20,238.90,yahoo
2020-03-27,SPY,253.42,231.78,yahoo
2020-03-30,SPY,261.65,239.31,yahoo
2020-03-31,SPY,257.75,235.74,yahoo
2020-04-01,SPY,246.15,225.13,yahoo
2020-04-02,SPY,251.83,230.33,yahoo
2020-04-03,SPY,248.19,227.00,yahoo
2020-04-06,SPY,264.86,242.24,yahoo
2020-04-07,SPY,265.13,242.49,yahoo
2020-04-08,SPY,274.03,250.63,yahoo
2020-04-09,SPY,278.20,254.44,yahoo
2020-04-13,SPY,275.66,252.12,yahoo
2020-04-14,SPY,283.79,259.56,yahoo
2020-04-15,SPY,277.76,254.04,yahoo
2020-04-16,SPY,279.10,255.27,yahoo
2020-04-17,SPY,286.64,262.16,yahoo
2020-04-20,SPY,281.59,257.54,yahoo
2020-04-21,SPY,273.04,249.72,yahoo
2020-04-22,SPY,279.10,255.27,yahoo
2020-04-23,SPY,279.08,255.25,yahoo
2020-04-24,SPY,282.97,258.81,yahoo
2020-04-27,SPY,287.05,262.54,yahoo
2020-04-28,SPY,285.73,261.33,yahoo
2020-04-29,SPY,293.21,268.17,yahoo
2020-04-30,SPY,290.48,265.68,yahoo
2020-05-01,SPY,282.79,258.64,yahoo
2020-05-04,SPY,283.57,259.36,yahoo
2020-05-05,SPY,286.19,261.75,yahoo
2020-05-06,SPY,284.25,259.98,yahoo
2020-05-07,SPY,287.68,263.11,yahoo
2020-05-08,SPY,292.44,267.47,yahoo
2020-05-11,SPY,292.50,267.52,yahoo
2020-05-12,SPY,286.67,262.19,yahoo
2020-05-13,SPY,281.60,257.55,yahoo
2020-05-14,SPY,284.97,260.64,yahoo
2020-05-15,SPY,286.28,261.83,yahoo
2020-05-18,SPY,295,269.81,yahoo
2020-05-19,SPY,291.97,267.04,yahoo
2020-05-20,SPY,296.93,271.57,yahoo
2020-05-21,SPY,294.88,269.70,yahoo
2020-05-22,SPY,295.44,270.21,yahoo
2020-05-26,SPY,299.08,273.54,yahoo
2020-05-27,SPY,303.53,277.61,yahoo
2020-05-28,SPY,302.97,277.10,yahoo
2020-05-29,SPY,304.32,278.33,yahoo
2020-06-01,SPY,305.55,279.46,yahoo
2020-06-02,SPY,308.08,281.77,yahoo
2020-06-03,SPY,312.18,285.52,yahoo
2020-06-04,SPY,311.36,284.77,yahoo
2020-06-05,SPY,319.34,292.07,yahoo
2020-06-08,SPY,323.20,295.60,yahoo
2020-06-09,SPY,320.79,293.40,yahoo
2020-06-10,SPY,319,291.76,yahoo
2020-06-11,SPY,300.61,274.94,yahoo
2020-06-12,SPY,304.21,278.23,yahoo
2020-06-15,SPY,307.05,280.83,yahoo
2020-06-16,SPY,312.96,286.24,yahoo
2020-06-17,SPY,311.66,285.05,yahoo
2020-06-18,SPY,311.78,285.16,yahoo
2020-06-19,SPY,308.64,283.53,yahoo
2020-06-22,SPY,310.62,285.35,yahoo
2020-06-23,SPY,312.05,286.66,yahoo
2020-06-24,SPY,304.09,279.35,yahoo
2020-06-25,SPY,307.35,282.34,yahoo
2020-06-26,SPY,300.05,275.64,yahoo
2020-06-29,SPY,304.46,279.69,yahoo
2020-06-30,SPY,308.36,283.27,yahoo
2020-07-01,SPY,310.52,285.25,yahoo
2020-07-02,SPY,312.23,286.82,yahoo
2020-07-06,SPY,317.05,291.25,yahoo
2020-07-07,SPY,313.78,288.25,yahoo
2020-07-08,SPY,316.18,290.45,yahoo
2020-07-09,SPY,314.38,288.80,yahoo
2020-07-10,SPY,317.59,291.75,yahoo
2020-07-13,SPY,314.84,289.22,yahoo
2020-07-14,SPY,318.92,292.97,yahoo
2020-07-15,SPY,321.85,295.66,yahoo
2020-07-16,SPY,320.79,294.69,yahoo
2020-07-17,SPY,321.72,295.54,yahoo
2020-07-20,SPY,324.32,297.93,yahoo
2020-07-21,SPY,325.01,298.56,yahoo
2020-07-22,SPY,326.86,300.26,yahoo
2020-07-23,SPY,322.96,296.68,yahoo
2020-07-24,SPY,320.88,294.77,yahoo
2020-07-27,SPY,323.22,296.92,yahoo
2020-07-28,SPY,321.17,295.04,yahoo
2020-07-29,SPY,325.12,298.67,yahoo
2020-07-30,SPY,323.96,297.60,yahoo
2020-07-31,SPY,326.52,299.95,yahoo
2020-08-03,SPY,328.79,302.04,yahoo
2020-08-04,SPY,330.06,303.20,yahoo
2020-08-05,SPY,332.11,305.09,yahoo
2020-08-06,SPY,334.33,307.13,yahoo
2020-08-07,SPY,334.57,307.35,yahoo
2020-08-10,SPY,335.57,308.27,yahoo
2020-08-11,SPY,332.80,305.72,yahoo
2020-08-12,SPY,337.44,309.98,yahoo
2020-08-13,SPY,336.83,309.42,yahoo
2020-08-14,SPY,336.84,309.43,yahoo
2020-08-17,SPY,337.91,310.42,yahoo
2020-08-18,SPY,338.64,311.09,yahoo
2020-08-19,SPY,337.23,309.79,yahoo
2020-08-20,SPY,338.28,310.76,yahoo
2020-08-21,SPY,339.48,311.86,yahoo
2020-08-24,SPY,342.92,315.02,yahoo
2020-08-25,SPY,344.12,316.12,yahoo
2020-08-26,SPY,347.57,319.29,yahoo
2020-08-27,SPY,348.33,319.99,yahoo
2020-08-28,SPY,350.58,322.05,yahoo
2020-08-31,SPY,349.31,320.89,yahoo
2020-09-01,SPY,352.60,323.91,yahoo
2020-09-02,SPY,357.70,328.60,yahoo
2020-09-03,SPY,345.39,317.29,yahoo
2020-09-04,SPY,342.57,314.70,yahoo
2020-09-08,SPY,333.21,306.10,yahoo
2020-09-09,SPY,339.79,312.14,yahoo
2020-09-10,SPY,333.89,306.72,yahoo
2020-09-11,SPY,334.06,306.88,yahoo
2020-09-14,SPY,338.46,310.92,yahoo
2020-09-15,SPY,340.17,312.49,yahoo
2020-09-16,SPY,338.82,311.25,yahoo
2020-09-17,SPY,335.84,308.51,yahoo
2020-09-18,SPY,330.65,304.96,yahoo
2020-09-21,SPY,326.97,301.57,yahoo
2020-09-22,SPY,330.30,304.64,yahoo
2020-09-23,SPY,322.64,297.57,yahoo
2020-09-24,SPY,323.50,298.37,yahoo
2020-09-25,SPY,328.73,303.19,yahoo
2020-09-28,SPY,334.19,308.23,yahoo
2020-09-29,SPY,332.37,306.55,yahoo
2020-09-30,SPY,334.89,308.87,yahoo
2020-10-01,SPY,337.04,310.86,yahoo
2020-10-02,SPY,333.84,307.90,yahoo
2020-10-05,SPY,339.76,313.36,yahoo
2020-10-06,SPY,334.93,308.91,yahoo
2020-10-07,SPY,340.76,314.29,yahoo
2020-10-08,SPY,343.78,317.07,yahoo
2020-10-09,SPY,346.85,319.90,yahoo
2020-10-12,SPY,352.43,325.05,yahoo
2020-10-13,SPY,350.13,322.93,yahoo
2020-10-14,SPY,347.93,320.90,yahoo
2020-10-15,SPY,347.50,320.50,yahoo
2020-10-16,SPY,347.29,320.31,yahoo
2020-10-19,SPY,342.01,315.44,yahoo
2020-10-20,SPY,343.38,316.70,yahoo
2020-10-21,SPY,342.73,316.10,yahoo
2020-10-22,SPY,344.61,317.84,yahoo
2020-10-23,SPY,345.78,318.92,yahoo
2020-10-26,SPY,339.39,313.02,yahoo
2020-10-27,SPY,338.22,311.94,yahoo
2020-10-28,SPY,326.66,301.28,yahoo
2020-10-29,SPY,329.98,304.34,yahoo
2020-10-30,SPY,326.54,301.17,yahoo
2020-11-02,SPY,330.20,304.55,yahoo
2020-11-03,SPY,336.03,309.92,yahoo
2020-11-04,SPY,343.54,316.85,yahoo
2020-11-05,SPY,350.24,323.03,yahoo
2020-11-06,SPY,350.16,322.96,yahoo
2020-11-09,SPY,354.56,327.01,yahoo
2020-11-10,SPY,354.04,326.53,yahoo
2020-11-11,SPY,356.67,328.96,yahoo
2020-11-12,SPY,353.21,325.77,yahoo
2020-11-13,SPY,358.10,330.28,yahoo
2020-11-16,SPY,362.57,334.40,yahoo
2020-11-17,SPY,360.62,332.60,yahoo
2020-11-18,SPY,356.28,328.60,yahoo
2020-11-19,SPY,357.78,329.98,yahoo
2020-11-20,SPY,355.33,327.72,yahoo
2020-11-23,SPY,357.46,329.69,yahoo
2020-11-24,SPY,363.22,335.00,yahoo
2020-11-25,SPY,362.66,334.49,yahoo
2020-11-27,SPY,363.67,335.42,yahoo
2020-11-30,SPY,362.06,333.93,yahoo
2020-12-01,SPY,366.02,337.58,yahoo
2020-12-02,SPY,366.79,338.29,yahoo
2020-12-03,SPY,366.69,338.20,yahoo
2020-12-04,SPY,369.85,341.12,yahoo
2020-12-07,SPY,369.09,340.42,yahoo
2020-12-08,SPY,370.17,341.41,yahoo
2020-12-09,SPY,366.85,338.35,yahoo
2020-12-10,SPY,366.73,338.24,yahoo
2020-12-11,SPY,366.30,337.84,yahoo
2020-12-14,SPY,364.66,336.33,yahoo
2020-12-15,SPY,369.59,340.88,yahoo
2020-12-16,SPY,370.17,341.41,yahoo
2020-12-17,SPY,372.24,343.32,yahoo
2020-12-18,SPY,369.18,341.95,yahoo
2020-12-21,SPY,367.86,340.73,yahoo
2020-12-22,SPY,367.24,340.15,yahoo
2020-12-23,SPY,367.57,340.46,yahoo
2020-12-24,SPY,369,341.78,yahoo
2020-12-28,SPY,372.17,344.72,yahoo
2020-12-29,SPY,371.46,344.06,yahoo
2020-12-30,SPY,371.99,344.55,yahoo
2020-12-31,SPY,373.88,346.30,yahoo
2021-01-04,SPY,368.79,341.59,yahoo
2021-01-05,SPY,371.33,343.94,yahoo
2021-01-06,SPY,373.55,346.00,yahoo
2021-01-07,SPY,379.10,351.14,yahoo
2021-01-08,SPY,381.26,353.14,yahoo
2021-01-11,SPY,378.69,350.76,yahoo
2021-01-12,SPY,378.77,350.83,yahoo
2021-01-13,SPY,379.79,351.78,yahoo
2021-01-14,SPY,378.46,350.55,yahoo
2021-01-15,SPY,375.70,347.99,yahoo
2021-01-19,SPY,378.65,350.72,yahoo
2021-01-20,SPY,383.89,355.57,yahoo
2021-01-21,SPY,384.24,355.90,yahoo
2021-01-22,SPY,382.88,354.64,yahoo
2021-01-25,SPY,384.39,356.04,yahoo
2021-01-26,SPY,383.79,355.48,yahoo
2021-01-27,SPY,374.41,346.79,yahoo
2021-01-28,SPY,377.63,349.78,yahoo
2021-01-29,SPY,370.07,342.77,yahoo
2021-02-01,SPY,376.23,348.48,yahoo
2021-02-02,SPY,381.55,353.41,yahoo
2021-02-03,SPY,381.85,353.69,yahoo
2021-02-04,SPY,386.19,357.71,yahoo
2021-02-05,SPY,387.71,359.11,yahoo
2021-02-08,SPY,390.51,361.71,yahoo
2021-02-09,SPY,390.25,361.47,yahoo
2021-02-10,SPY,390.08,361.31,yahoo
2021-02-11,SPY,390.71,361.89,yahoo
2021-02-12,SPY,392.64,363.68,yahoo
2021-02-16,SPY,392.30,363.36,yahoo
2021-02-17,SPY,392.39,363.45,yahoo
2021-02-18,SPY,390.72,361.90,yahoo
2021-02-19,SPY,390.03,361.26,yahoo
2021-02-22,SPY,387.03,358.48,yahoo
2021-02-23,SPY,387.50,358.92,yahoo
2021-02-24,SPY,391.77,362.87,yahoo
2021-02-25,SPY,382.33,354.13,yahoo
2021-02-26,SPY,380.36,352.31,yahoo
2021-03-01,SPY,389.58,360.85,yahoo
2021-03-02,SPY,386.54,358.03,yahoo
2021-03-03,SPY,381.42,353.29,yahoo
2021-03-04,SPY,376.70,348.92,yahoo
2021-03-05,SPY,383.63,355.33,yahoo
2021-03-08,SPY,381.72,353.56,yahoo
2021-03-09,SPY,387.17,358.61,yahoo
2021-03-10,SPY,389.58,360.85,yahoo
2021-03-11,SPY,393.53,364.50,yahoo
2021-03-12,SPY,394.06,364.99,yahoo
2021-03-15,SPY,396.41,367.17,yahoo
2021-03-16,SPY,395.91,366.71,yahoo
2021-03-17,SPY,397.26,367.96,yahoo
2021-03-18,SPY,391.48,362.61,yahoo
2021-03-19,SPY,389.48,361.93,yahoo
2021-03-22,SPY,392.59,364.82,yahoo
2021-03-23,SPY,389.50,361.95,yahoo
2021-03-24,SPY,387.52,360.11,yahoo
2021-03-25,SPY,389.70,362.14,yahoo
2021-03-26,SPY,395.98,367.97,yahoo
2021-03-29,SPY,395.78,367.79,yahoo
2021-03-30,SPY,394.73,366.81,yahoo
2021-03-31,SPY,396.33,368.30,yahoo
2021-04-01,SPY,400.61,372.28,yahoo
2021-04-05,SPY,406.36,377.62,yahoo
2021-04-06,SPY,406.12,377.40,yahoo
2021-04-07,SPY,406.59,377.83,yahoo
2021-04-08,SPY,408.52,379.63,yahoo
2021-04-09,SPY,411.49,382.39,yahoo
2021-04-12,SPY,411.64,382.53,yahoo
2021-04-13,SPY,412.86,383.66,yahoo
2021-04-14,SPY,411.45,382.35,yahoo
2021-04-15,SPY,415.87,386.46,yahoo
2021-04-16,SPY,417.26,387.75,yahoo
2021-04-19,SPY,415.21,385.84,yahoo
2021-04-20,SPY,412.17,383.02,yahoo
2021-04-21,SPY,416.07,386.64,yahoo
2021-04-22,SPY,412.27,383.11,yahoo
2021-04-23,SPY,416.74,387.27,yahoo
2021-04-26,SPY,417.61,388.07,yahoo
2021-04-27,SPY,417.52,387.99,yahoo
2021-04-28,SPY,417.40,387.88,yahoo
2021-04-29,SPY,420.06,390.35,yahoo
2021-04-30,SPY,417.30,387.79,yahoo
2021-05-03,SPY,418.20,388.62,yahoo
2021-05-04,SPY,415.62,386.23,yahoo
2021-05-05,SPY,415.75,386.35,yahoo
2021-05-06,SPY,419.07,389.43,yahoo
2021-05-07,SPY,422.12,392.27,yahoo
2021-05-10,SPY,417.94,388.38,yahoo
2021-05-11,SPY,414.21,384.92,yahoo
2021-05-12,SPY,405.41,376.74,yahoo
2021-05-13,SPY,410.28,381.26,yahoo
2021-05-14,SPY,416.58,387.12,yahoo
2021-05-17,SPY,415.52,386.13,yahoo
2021-05-18,SPY,411.94,382.81,yahoo
2021-05-19,SPY,410.86,381.80,yahoo
2021-05-20,SPY,415.28,385.91,yahoo
2021-05-21,SPY,414.94,385.59,yahoo
2021-05-24,SPY,419.17,389.52,yahoo
2021-05-25,SPY,418.24,388.66,yahoo
2021-05-26,SPY,419.07,389.43,yahoo
2021-05-27,SPY,419.29,389.64,yahoo
2021-05-28,SPY,420.04,390.33,yahoo
2021-06-01,SPY,419.67,389.99,yahoo
2021-06-02,SPY,420.33,390.60,yahoo
2021-06-03,SPY,418.77,389.15,yahoo
2021-06-04,SPY,422.60,392.71,yahoo
2021-06-07,SPY,422.19,392.33,yahoo
2021-06-08,SPY,422.28,392.41,yahoo
2021-06-09,SPY,421.65,391.83,yahoo
2021-06-10,SPY,423.61,393.65,yahoo
2021-06-11,SPY,424.31,394.30,yahoo
2021-06-14,SPY,425.26,395.18,yahoo
2021-06-15,SPY,424.48,394.46,yahoo
2021-06-16,SPY,422.11,392.26,yahoo
2021-06-17,SPY,421.97,392.13,yahoo
2021-06-18,SPY,414.92,386.84,yahoo
2021-06-21,SPY,420.86,392.37,yahoo
2021-06-22,SPY,423.11,394.47,yahoo
2021-06-23,SPY,422.60,394.00,yahoo
2021-06-24,SPY,425.10,396.33,yahoo
2021-06-25,SPY,426.61,397.74,yahoo
2021-06-28,SPY,427.47,398.54,yahoo
2021-06-29,SPY,427.70,398.75,yahoo
2021-06-30,SPY,428.06,399.09,yahoo
2021-07-01,SPY,430.43,401.30,yahoo
2021-07-02,SPY,433.72,404.36,yahoo
2021-07-06,SPY,432.93,403.63,yahoo
2021-07-07,SPY,434.46,405.05,yahoo
2021-07-08,SPY,430.92,401.75,yahoo
2021-07-09,SPY,435.52,406.04,yahoo
2021-07-12,SPY,437.08,407.50,yahoo
2021-07-13,SPY,435.59,406.11,yahoo
2021-07-14,SPY,436.24,406.71,yahoo
2021-07-15,SPY,434.75,405.32,yahoo
2021-07-16,SPY,431.34,402.15,yahoo
2021-07-19,SPY,424.97,396.21,yahoo
2021-07-20,SPY,431.06,401.88,yahoo
2021-07-21,SPY,434.55,405.14,yahoo
2021-07-22,SPY,435.46,405.99,yahoo
2021-07-23,SPY,439.94,410.16,yahoo
2021-07-26,SPY,441.02,411.17,yahoo
2021-07-27,SPY,439.01,409.30,yahoo
2021-07-28,SPY,438.83,409.13,yahoo
2021-07-29,SPY,440.65,410.82,yahoo
2021-07-30,SPY,438.51,408.83,yahoo
2021-08-02,SPY,437.59,407.97,yahoo
2021-08-03,SPY,441.15,411.29,yahoo
2021-08-04,SPY,438.98,409.27,yahoo
2021-08-05,SPY,441.76,411.86,yahoo
2021-08-06,SPY,442.49,412.54,yahoo
2021-08-09,SPY,442.13,412.20,yahoo
2021-08-10,SPY,442.68,412.72,yahoo
2021-08-11,SPY,443.78,413.74,yahoo
2021-08-12,SPY,445.11,414.98,yahoo
2021-08-13,SPY,445.92,415.74,yahoo
2021-08-16,SPY,446.97,416.72,yahoo
2021-08-17,SPY,444.04,413.99,yahoo
2021-08-18,SPY,439.18,409.45,yahoo
2021-08-19,SPY,439.86,410.09,yahoo
2021-08-20,SPY,443.36,413.35,yahoo
2021-08-23,SPY,447.26,416.99,yahoo
2021-08-24,SPY,447.97,417.65,yahoo
2021-08-25,SPY,448.91,418.53,yahoo
2021-08-26,SPY,446.26,416.06,yahoo
2021-08-27,SPY,450.25,419.78,yahoo
2021-08-30,SPY,452.23,421.62,yahoo
2021-08-31,SPY,451.56,421.00,yahoo
2021-09-01,SPY,451.80,421.22,yahoo
2021-09-02,SPY,453.19,422.52,yahoo
2021-09-03,SPY,453.08,422.41,yahoo
2021-09-07,SPY,451.46,420.90,yahoo
2021-09-08,SPY,450.91,420.39,yahoo
2021-09-09,SPY,448.98,418.59,yahoo
2021-09-10,SPY,445.44,415.29,yahoo
2021-09-13,SPY,446.58,416.35,yahoo
2021-09-14,SPY,444.17,414.11,yahoo
2021-09-15,SPY,447.88,417.57,yahoo
2021-09-16,SPY,447.17,416.90,yahoo
2021-09-17,SPY,441.40,412.84,yahoo
2021-09-20,SPY,434.04,405.96,yahoo
2021-09-21,SPY,433.63,405.58,yahoo
2021-09-22,SPY,437.86,409.53,yahoo
2021-09-23,SPY,443.18,414.51,yahoo
2021-09-24,SPY,443.91,415.19,yahoo
2021-09-27,SPY,442.64,414.00,yahoo
2021-09-28,SPY,433.72,405.66,yahoo
2021-09-29,SPY,434.45,406.34,yahoo
2021-09-30,SPY,429.14,401.38,yahoo
2021-10-01,SPY,434.24,406.15,yahoo
2021-10-04,SPY,428.64,400.91,yahoo
2021-10-05,SPY,433.10,405.08,yahoo
2021-10-06,SPY,434.90,406.76,yahoo
2021-10-07,SPY,438.66,410.28,yahoo
2021-10-08,SPY,437.86,409.53,yahoo
2021-10-11,SPY,434.69,406.57,yahoo
2021-10-12,SPY,433.62,405.57,yahoo
2021-10-13,SPY,435.18,407.02,yahoo
2021-10-14,SPY,442.50,413.87,yahoo
2021-10-15,SPY,445.87,417.02,yahoo
2021-10-18,SPY,447.19,418.26,yahoo
2021-10-19,SPY,450.64,421.48,yahoo
2021-10-20,SPY,452.41,423.14,yahoo
2021-10-21,SPY,453.59,424.24,yahoo
2021-10-22,SPY,453.12,423.80,yahoo
2021-10-25,SPY,455.55,426.08,yahoo
2021-10-26,SPY,455.96,426.46,yahoo
2021-10-27,SPY,453.94,424.57,yahoo
2021-10-28,SPY,458.32,428.67,yahoo
2021-10-29,SPY,459.25,429.54,yahoo
2021-11-01,SPY,460.04,430.28,yahoo
2021-11-02,SPY,461.90,432.02,yahoo
2021-11-03,SPY,464.72,434.65,yahoo
2021-11-04,SPY,466.91,436.70,yahoo
2021-11-05,SPY,468.53,438.22,yahoo
2021-11-08,SPY,468.93,438.59,yahoo
2021-11-09,SPY,467.38,437.14,yahoo
2021-11-10,SPY,463.62,433.62,yahoo
2021-11-11,SPY,463.77,433.77,yahoo
2021-11-12,SPY,467.27,437.04,yahoo
2021-11-15,SPY,467.43,437.19,yahoo
2021-11-16,SPY,469.28,438.92,yahoo
2021-11-17,SPY,468.14,437.85,yahoo
2021-11-18,SPY,469.73,439.34,yahoo
2021-11-19,SPY,468.89,438.55,yahoo
2021-11-22,SPY,467.57,437.32,yahoo
2021-11-23,SPY,468.19,437.90,yahoo
2021-11-24,SPY,469.44,439.07,yahoo
2021-11-26,SPY,458.97,429.28,yahoo
2021-11-29,SPY,464.60,434.54,yahoo
2021-11-30,SPY,455.56,426.09,yahoo
2021-12-01,SPY,450.50,421.35,yahoo
2021-12-02,SPY,457.40,427.81,yahoo
2021-12-03,SPY,453.42,424.08,yahoo
2021-12-06,SPY,458.79,429.11,yahoo
2021-12-07,SPY,468.28,437.98,yahoo
2021-12-08,SPY,469.52,439.14,yahoo
2021-12-09,SPY,466.35,436.18,yahoo
2021-12-10,SPY,470.74,440.28,yahoo
2021-12-13,SPY,466.57,436.38,yahoo
2021-12-14,SPY,463.36,433.38,yahoo
2021-12-15,SPY,470.60,440.15,yahoo
2021-12-16,SPY,466.45,436.27,yahoo
2021-12-17,SPY,459.87,431.63,yahoo
2021-12-20,SPY,454.98,427.04,yahoo
2021-12-21,SPY,463.06,434.62,yahoo
2021-12-22,SPY,467.69,438.97,yahoo
2021-12-23,SPY,470.60,441.70,yahoo
2021-12-27,SPY,477.26,447.95,yahoo
2021-12-28,SPY,476.87,447.58,yahoo
2021-12-29,SPY,477.48,448.16,yahoo
2021-12-30,SPY,476.16,446.92,yahoo
2021-12-31,SPY,474.96,445.79,yahoo
2022-01-03,SPY,477.71,448.37,yahoo
2022-01-04,SPY,477.55,448.22,yahoo
2022-01-05,SPY,468.38,439.62,yahoo
2022-01-06,SPY,467.94,439.20,yahoo
2022-01-07,SPY,466.09,437.47,yahoo
2022-01-10,SPY,465.51,436.92,yahoo
2022-01-11,SPY,469.75,440.90,yahoo
2022-01-12,SPY,471.02,442.09,yahoo
2022-01-13,SPY,464.53,436.00,yahoo
2022-01-14,SPY,464.72,436.18,yahoo
2022-01-18,SPY,456.49,428.46,yahoo
2022-01-19,SPY,451.75,424.01,yahoo
2022-01-20,SPY,446.75,419.31,yahoo
2022-01-21,SPY,437.98,411.08,yahoo
2022-01-24,SPY,439.84,412.83,yahoo
2022-01-25,SPY,434.47,407.79,yahoo
2022-01-26,SPY,433.38,406.77,yahoo
2022-01-27,SPY,431.24,404.76,yahoo
2022-01-28,SPY,441.95,414.81,yahoo
2022-01-31,SPY,449.91,422.28,yahoo
2022-02-01,SPY,452.95,425.13,yahoo
2022-02-02,SPY,457.35,429.26,yahoo
2022-02-03,SPY,446.60,419.17,yahoo
2022-02-04,SPY,448.70,421.14,yahoo
2022-02-07,SPY,447.26,419.79,yahoo
2022-02-08,SPY,450.94,423.25,yahoo
2022-02-09,SPY,457.54,429.44,yahoo
2022-02-10,SPY,449.32,421.73,yahoo
2022-02-11,SPY,440.46,413.41,yahoo
2022-02-14,SPY,439.02,412.06,yahoo
2022-02-15,SPY,446.10,418.70,yahoo
2022-02-16,SPY,446.60,419.17,yahoo
2022-02-17,SPY,437.06,410.22,yahoo
2022-02-18,SPY,434.23,407.56,yahoo
2022-02-22,SPY,429.57,403.19,yahoo
2022-02-23,SPY,421.95,396.04,yahoo
2022-02-24,SPY,428.30,402.00,yahoo
2022-02-25,SPY,437.75,410.87,yahoo
2022-02-28,SPY,436.63,409.82,yahoo
2022-03-01,SPY,429.98,403.57,yahoo
2022-03-02,SPY,437.89,411.00,yahoo
2022-03-03,SPY,435.71,408.95,yahoo
2022-03-04,SPY,432.17,405.63,yahoo
2022-03-07,SPY,419.43,393.67,yahoo
2022-03-08,SPY,416.25,390.69,yahoo
2022-03-09,SPY,427.41,401.16,yahoo
2022-03-10,SPY,425.48,399.35,yahoo
2022-03-11,SPY,420.07,394.27,yahoo
2022-03-14,SPY,417,391.39,yahoo
2022-03-15,SPY,426.17,400.00,yahoo
2022-03-16,SPY,435.62,408.87,yahoo
2022-03-17,SPY,441.07,413.98,yahoo
2022-03-18,SPY,444.52,418.52,yahoo
2022-03-21,SPY,444.39,418.40,yahoo
2022-03-22,SPY,449.59,423.29,yahoo
2022-03-23,SPY,443.80,417.84,yahoo
2022-03-24,SPY,450.49,424.14,yahoo
2022-03-25,SPY,452.69,426.21,yahoo
2022-03-28,SPY,455.91,429.24,yahoo
2022-03-29,SPY,461.55,434.55,yahoo
2022-03-30,SPY,458.70,431.87,yahoo
2022-03-31,SPY,451.64,425.22,yahoo
2022-04-01,SPY,452.92,426.43,yahoo
2022-04-04,SPY,456.80,430.08,yahoo
2022-04-05,SPY,451.03,424.65,yahoo
2022-04-06,SPY,446.52,420.40,yahoo
2022-04-07,SPY,448.77,422.52,yahoo
2022-04-08,SPY,447.57,421.39,yahoo
2022-04-11,SPY,439.92,414.19,yahoo
2022-04-12,SPY,438.29,412.65,yahoo
2022-04-13,SPY,443.31,417.38,yahoo
2022-04-14,SPY,437.79,412.18,yahoo
2022-04-18,SPY,437.97,412.35,yahoo
2022-04-19,SPY,445.04,419.01,yahoo
2022-04-20,SPY,444.71,418.70,yahoo
2022-04-21,SPY,438.06,412.44,yahoo
2022-04-22,SPY,426.04,401.12,yahoo
2022-04-25,SPY,428.51,403.44,yahoo
2022-04-26,SPY,416.10,391.76,yahoo
2022-04-27,SPY,417.27,392.86,yahoo
2022-04-28,SPY,427.81,402.78,yahoo
2022-04-29,SPY,412,387.90,yahoo
2022-05-02,SPY,414.48,390.23,yahoo
2022-05-03,SPY,416.38,392.02,yahoo
2022-05-04,SPY,429.06,403.96,yahoo
2022-05-05,SPY,413.81,389.60,yahoo
2022-05-06,SPY,411.34,387.28,yahoo
2022-05-09,SPY,398.17,374.88,yahoo
2022-05-10,SPY,399.09,375.75,yahoo
2022-05-11,SPY,392.75,369.78,yahoo
2022-05-12,SPY,392.34,369.39,yahoo
2022-05-13,SPY,401.72,378.22,yahoo
2022-05-16,SPY,400.09,376.69,yahoo
2022-05-17,SPY,408.32,384.44,yahoo
2022-05-18,SPY,391.86,368.94,yahoo
2022-05-19,SPY,389.46,366.68,yahoo
2022-05-20,SPY,389.63,366.84,yahoo
2022-05-23,SPY,396.92,373.70,yahoo
2022-05-24,SPY,393.89,370.85,yahoo
2022-05-25,SPY,397.37,374.13,yahoo
2022-05-26,SPY,405.31,381.60,yahoo
2022-05-27,SPY,415.26,390.97,yahoo
2022-05-31,SPY,412.93,388.78,yahoo
2022-06-01,SPY,409.59,385.63,yahoo
2022-06-02,SPY,417.39,392.97,yahoo
2022-06-03,SPY,410.54,386.53,yahoo
2022-06-06,SPY,411.79,387.70,yahoo
2022-06-07,SPY,415.74,391.42,yahoo
2022-06-08,SPY,411.22,387.17,yahoo
2022-06-09,SPY,401.44,377.96,yahoo
2022-06-10,SPY,389.80,367.00,yahoo
2022-06-13,SPY,375,353.06,yahoo
2022-06-14,SPY,373.87,352.00,yahoo
2022-06-15,SPY,379.20,357.02,yahoo
2022-06-16,SPY,366.65,345.20,yahoo
2022-06-17,SPY,365.86,345.95,yahoo
2022-06-21,SPY,375.07,354.66,yahoo
2022-06-22,SPY,374.39,354.01,yahoo
2022-06-23,SPY,378.06,357.48,yahoo
2022-06-24,SPY,390.08,368.85,yahoo
2022-06-27,SPY,388.59,367.44,yahoo
2022-06-28,SPY,380.65,359.93,yahoo
2022-06-29,SPY,380.34,359.64,yahoo
2022-06-30,SPY,377.25,356.72,yahoo
2022-07-01,SPY,381.24,360.49,yahoo
2022-07-05,SPY,381.96,361.17,yahoo
2022-07-06,SPY,383.25,362.39,yahoo
2022-07-07,SPY,388.99,367.82,yahoo
2022-07-08,SPY,388.67,367.52,yahoo
2022-07-11,SPY,384.23,363.32,yahoo
2022-07-12,SPY,380.83,360.10,yahoo
2022-07-13,SPY,378.83,358.21,yahoo
2022-07-14,SPY,377.91,357.34,yahoo
2022-07-15,SPY,385.13,364.17,yahoo
2022-07-18,SPY,381.95,361.16,yahoo
2022-07-19,SPY,392.27,370.92,yahoo
2022-07-20,SPY,394.77,373.28,yahoo
2022-07-21,SPY,398.79,377.08,yahoo
2022-07-22,SPY,395.09,373.59,yahoo
2022-07-25,SPY,395.57,374.04,yahoo
2022-07-26,SPY,390.89,369.61,yahoo
2022-07-27,SPY,401.04,379.21,yahoo
2022-07-28,SPY,406.07,383.97,yahoo
2022-07-29,SPY,411.99,389.57,yahoo
2022-08-01,SPY,410.77,388.41,yahoo
2022-08-02,SPY,408.06,385.85,yahoo
2022-08-03,SPY,414.45,391.89,yahoo
2022-08-04,SPY,414.17,391.63,yahoo
2022-08-05,SPY,413.47,390.97,yahoo
2022-08-08,SPY,412.99,390.51,yahoo
2022-08-09,SPY,411.35,388.96,yahoo
2022-08-10,SPY,419.99,397.13,yahoo
2022-08-11,SPY,419.99,397.13,yahoo
2022-08-12,SPY,427.10,403.85,yahoo
2022-08-15,SPY,428.86,405.52,yahoo
2022-08-16,SPY,429.70,406.31,yahoo
2022-08-17,SPY,426.65,403.43,yahoo
2022-08-18,SPY,427.89,404.60,yahoo
2022-08-19,SPY,422.14,399.16,yahoo
2022-08-22,SPY,413.35,390.85,yahoo
2022-08-23,SPY,412.35,389.91,yahoo
2022-08-24,SPY,413.67,391.15,yahoo
2022-08-25,SPY,419.51,396.68,yahoo
2022-08-26,SPY,405.31,383.25,yahoo
2022-08-29,SPY,402.63,380.72,yahoo
2022-08-30,SPY,398.21,376.54,yahoo
2022-08-31,SPY,395.18,373.67,yahoo
2022-09-01,SPY,396.42,374.84,yahoo
2022-09-02,SPY,392.24,370.89,yahoo
2022-09-06,SPY,390.76,369.49,yahoo
2022-09-07,SPY,397.78,376.13,yahoo
2022-09-08,SPY,400.38,378.59,yahoo
2022-09-09,SPY,406.60,384.47,yahoo
2022-09-12,SPY,410.97,388.60,yahoo
2022-09-13,SPY,393.10,371.70,yahoo
2022-09-14,SPY,394.60,373.12,yahoo
2022-09-15,SPY,390.12,368.89,yahoo
2022-09-16,SPY,385.56,366.07,yahoo
2022-09-19,SPY,388.55,368.91,yahoo
2022-09-20,SPY,384.09,364.68,yahoo
2022-09-21,SPY,377.39,358.31,yahoo
2022-09-22,SPY,374.22,355.31,yahoo
2022-09-23,SPY,367.95,349.35,yahoo
2022-09-26,SPY,364.31,345.90,yahoo
2022-09-27,SPY,363.38,345.01,yahoo
2022-09-28,SPY,370.53,351.80,yahoo
2022-09-29,SPY,362.79,344.45,yahoo
2022-09-30,SPY,357.18,339.13,yahoo
2022-10-03,SPY,366.61,348.08,yahoo
2022-10-04,SPY,377.97,358.87,yahoo
2022-10-05,SPY,377.09,358.03,yahoo
2022-10-06,SPY,373.20,354.34,yahoo
2022-10-07,SPY,362.79,344.45,yahoo
2022-10-10,SPY,360.02,341.82,yahoo
2022-10-11,SPY,357.74,339.66,yahoo
2022-10-12,SPY,356.56,338.54,yahoo
2022-10-13,SPY,365.97,347.47,yahoo
2022-10-14,SPY,357.63,339.55,yahoo
2022-10-17,SPY,366.82,348.28,yahoo
2022-10-18,SPY,371.13,352.37,yahoo
2022-10-19,SPY,368.50,349.87,yahoo
2022-10-20,SPY,365.41,346.94,yahoo
2022-10-21,SPY,374.29,355.37,yahoo
2022-10-24,SPY,378.87,359.72,yahoo
2022-10-25,SPY,384.92,365.46,yahoo
2022-10-26,SPY,382.02,362.71,yahoo
2022-10-27,SPY,379.98,360.77,yahoo
2022-10-28,SPY,389.02,369.36,yahoo
2022-10-31,SPY,386.21,366.69,yahoo
2022-11-01,SPY,384.52,365.08,yahoo
2022-11-02,SPY,374.87,355.92,yahoo
2022-11-03,SPY,371.01,352.26,yahoo
2022-11-04,SPY,376.35,357.33,yahoo
2022-11-07,SPY,379.95,360.75,yahoo
2022-11-08,SPY,382,362.69,yahoo
2022-11-09,SPY,374.13,355.22,yahoo
2022-11-10,SPY,394.69,374.74,yahoo
2022-11-11,SPY,398.51,378.37,yahoo
2022-11-14,SPY,395.12,375.15,yahoo
2022-11-15,SPY,398.49,378.35,yahoo
2022-11-16,SPY,395.45,375.46,yahoo
2022-11-17,SPY,394.24,374.31,yahoo
2022-11-18,SPY,396.03,376.01,yahoo
2022-11-21,SPY,394.59,374.65,yahoo
2022-11-22,SPY,399.90,379.69,yahoo
2022-11-23,SPY,402.42,382.08,yahoo
2022-11-25,SPY,402.33,381.99,yahoo
2022-11-28,SPY,395.91,375.90,yahoo
2022-11-29,SPY,395.23,375.25,yahoo
2022-11-30,SPY,407.68,387.07,yahoo
2022-12-01,SPY,407.38,386.79,yahoo
2022-12-02,SPY,406.91,386.34,yahoo
2022-12-05,SPY,399.59,379.39,yahoo
2022-12-06,SPY,393.83,373.92,yahoo
2022-12-07,SPY,393.16,373.29,yahoo
2022-12-08,SPY,396.24,376.21,yahoo
2022-12-09,SPY,393.28,373.40,yahoo
2022-12-12,SPY,398.95,378.79,yahoo
2022-12-13,SPY,401.97,381.65,yahoo
2022-12-14,SPY,399.40,379.21,yahoo
2022-12-15,SPY,389.63,369.94,yahoo
2022-12-16,SPY,383.27,365.57,yahoo
2022-12-19,SPY,380.02,362.47,yahoo
2022-12-20,SPY,380.54,362.96,yahoo
2022-12-21,SPY,386.23,368.39,yahoo
2022-12-22,SPY,380.72,363.14,yahoo
2022-12-23,SPY,382.91,365.23,yahoo
2022-12-27,SPY,381.40,363.79,yahoo
2022-12-28,SPY,376.66,359.26,yahoo
2022-12-29,SPY,383.44,365.73,yahoo
2022-12-30,SPY,382.43,364.77,yahoo
2023-01-03,SPY,380.82,363.23,yahoo
2023-01-04,SPY,383.76,366.04,yahoo
2023-01-05,SPY,379.38,361.86,yahoo
2023-01-06,SPY,388.08,370.16,yahoo
2023-01-09,SPY,387.86,369.95,yahoo
2023-01-10,SPY,390.58,372.54,yahoo
2023-01-11,SPY,395.52,377.25,yahoo
2023-01-12,SPY,396.96,378.63,yahoo
2023-01-13,SPY,398.50,380.10,yahoo
2023-01-17,SPY,397.77,379.40,yahoo
2023-01-18,SPY,391.49,373.41,yahoo
2023-01-19,SPY,388.64,370.69,yahoo
2023-01-20,SPY,395.88,377.60,yahoo
2023-01-23,SPY,400.63,382.13,yahoo
2023-01-24,SPY,400.20,381.72,yahoo
2023-01-25,SPY,400.35,381.86,yahoo
2023-01-26,SPY,404.75,386.06,yahoo
2023-01-27,SPY,405.68,386.94,yahoo
2023-01-30,SPY,400.59,382.09,yahoo
2023-01-31,SPY,406.48,387.71,yahoo
2023-02-01,SPY,410.80,391.83,yahoo
2023-02-02,SPY,416.78,397.53,yahoo
2023-02-03,SPY,412.35,393.31,yahoo
2023-02-06,SPY,409.83,390.90,yahoo
2023-02-07,SPY,415.19,396.01,yahoo
2023-02-08,SPY,410.65,391.68,yahoo
2023-02-09,SPY,407.09,388.29,yahoo
2023-02-10,SPY,408.04,389.19,yahoo
2023-02-13,SPY,412.83,393.76,yahoo
2023-02-14,SPY,412.64,393.58,yahoo
2023-02-15,SPY,413.98,394.86,yahoo
2023-02-16,SPY,408.28,389.42,yahoo
2023-02-17,SPY,407.26,388.45,yahoo
2023-02-21,SPY,399.09,380.66,yahoo
2023-02-22,SPY,398.54,380.13,yahoo
2023-02-23,SPY,400.66,382.16,yahoo
2023-02-24,SPY,396.38,378.07,yahoo
2023-02-27,SPY,397.73,379.36,yahoo
2023-02-28,SPY,396.26,377.96,yahoo
2023-03-01,SPY,394.74,376.51,yahoo
2023-03-02,SPY,397.81,379.44,yahoo
2023-03-03,SPY,404.19,385.52,yahoo
2023-03-06,SPY,404.47,385.79,yahoo
2023-03-07,SPY,398.27,379.88,yahoo
2023-03-08,SPY,398.92,380.50,yahoo
2023-03-09,SPY,391.56,373.48,yahoo
2023-03-10,SPY,385.91,368.09,yahoo
2023-03-13,SPY,385.36,367.56,yahoo
2023-03-14,SPY,391.73,373.64,yahoo
2023-03-15,SPY,389.28,371.30,yahoo
2023-03-16,SPY,396.11,377.82,yahoo
2023-03-17,SPY,389.99,373.40,yahoo
2023-03-20,SPY,393.74,376.99,yahoo
2023-03-21,SPY,398.91,381.94,yahoo
2023-03-22,SPY,392.11,375.43,yahoo
2023-03-23,SPY,393.17,376.44,yahoo
2023-03-24,SPY,395.75,378.91,yahoo
2023-03-27,SPY,396.49,379.62,yahoo
2023-03-28,SPY,395.60,378.77,yahoo
2023-03-29,SPY,401.35,384.27,yahoo
2023-03-30,SPY,403.70,386.52,yahoo
2023-03-31,SPY,409.39,391.97,yahoo
2023-04-03,SPY,410.95,393.47,yahoo
2023-04-04,SPY,408.67,391.28,yahoo
2023-04-05,SPY,407.60,390.26,yahoo
2023-04-06,SPY,409.19,391.78,yahoo
2023-04-10,SPY,409.61,392.18,yahoo
2023-04-11,SPY,409.72,392.29,yahoo
2023-04-12,SPY,408.05,390.69,yahoo
2023-04-13,SPY,413.47,395.88,yahoo
2023-04-14,SPY,412.46,394.91,yahoo
2023-04-17,SPY,413.94,396.33,yahoo
2023-04-18,SPY,414.21,396.59,yahoo
2023-04-19,SPY,414.14,396.52,yahoo
2023-04-20,SPY,411.88,394.36,yahoo
2023-04-21,SPY,412.20,394.66,yahoo
2023-04-24,SPY,412.63,395.07,yahoo
2023-04-25,SPY,406.08,388.80,yahoo
2023-04-26,SPY,404.36,387.16,yahoo
2023-04-27,SPY,412.41,394.86,yahoo
2023-04-28,SPY,415.93,398.23,yahoo
2023-05-01,SPY,415.51,397.83,yahoo
2023-05-02,SPY,410.84,393.36,yahoo
2023-05-03,SPY,408.02,390.66,yahoo
2023-05-04,SPY,405.13,387.89,yahoo
2023-05-05,SPY,412.63,395.07,yahoo
2023-05-08,SPY,412.74,395.18,yahoo
2023-05-09,SPY,410.93,393.45,yahoo
2023-05-10,SPY,412.85,395.29,yahoo
2023-05-11,SPY,412.13,394.60,yahoo
2023-05-12,SPY,411.59,394.08,yahoo
2023-05-15,SPY,413.01,395.44,yahoo
2023-05-16,SPY,410.25,392.80,yahoo
2023-05-17,SPY,415.23,397.56,yahoo
2023-05-18,SPY,419.23,401.39,yahoo
2023-05-19,SPY,418.62,400.81,yahoo
2023-05-22,SPY,418.79,400.97,yahoo
2023-05-23,SPY,414.09,396.47,yahoo
2023-05-24,SPY,411.09,393.60,yahoo
2023-05-25,SPY,414.65,397.01,yahoo
2023-05-26,SPY,420.02,402.15,yahoo
2023-05-30,SPY,420.18,402.30,yahoo
2023-05-31,SPY,417.85,400.07,yahoo
2023-06-01,SPY,421.82,403.87,yahoo
2023-06-02,SPY,427.92,409.71,yahoo
2023-06-05,SPY,427.10,408.93,yahoo
2023-06-06,SPY,428.03,409.82,yahoo
2023-06-07,SPY,426.55,408.40,yahoo
2023-06-08,SPY,429.13,410.87,yahoo
2023-06-09,SPY,429.90,411.61,yahoo
2023-06-12,SPY,433.80,415.34,yahoo
2023-06-13,SPY,436.66,418.08,yahoo
2023-06-14,SPY,437.18,418.58,yahoo
2023-06-15,SPY,442.60,423.77,yahoo
2023-06-16,SPY,439.46,422.33,yahoo
2023-06-20,SPY,437.18,420.14,yahoo
2023-06-21,SPY,434.94,417.98,yahoo
2023-06-22,SPY,436.51,419.49,yahoo
2023-06-23,SPY,433.21,416.32,yahoo
2023-06-26,SPY,431.44,414.62,yahoo
2023-06-27,SPY,436.17,419.16,yahoo
2023-06-28,SPY,436.39,419.38,yahoo
2023-06-29,SPY,438.11,421.03,yahoo
2023-06-30,SPY,443.28,426.00,yahoo
2023-07-03,SPY,443.79,426.49,yahoo
2023-07-05,SPY,443.13,425.85,yahoo
2023-07-06,SPY,439.66,422.52,yahoo
2023-07-07,SPY,438.55,421.45,yahoo
2023-07-10,SPY,439.66,422.52,yahoo
2023-07-11,SPY,442.46,425.21,yahoo
2023-07-12,SPY,446.02,428.63,yahoo
2023-07-13,SPY,449.56,432.03,yahoo
2023-07-14,SPY,449.28,431.76,yahoo
2023-07-17,SPY,450.84,433.26,yahoo
2023-07-18,SPY,454.19,436.48,yahoo
2023-07-19,SPY,455.20,437.45,yahoo
2023-07-20,SPY,452.18,434.55,yahoo
2023-07-21,SPY,452.18,434.55,yahoo
2023-07-24,SPY,454.20,436.49,yahoo
2023-07-25,SPY,455.44,437.68,yahoo
2023-07-26,SPY,455.51,437.75,yahoo
2023-07-27,SPY,452.49,434.85,yahoo
2023-07-28,SPY,456.92,439.11,yahoo
2023-07-31,SPY,457.79,439.94,yahoo
2023-08-01,SPY,456.48,438.68,yahoo
2023-08-02,SPY,450.13,432.58,yahoo
2023-08-03,SPY,448.84,431.34,yahoo
2023-08-04,SPY,446.81,429.39,yahoo
2023-08-07,SPY,450.71,433.14,yahoo
2023-08-08,SPY,448.75,431.25,yahoo
2023-08-09,SPY,445.75,428.37,yahoo
2023-08-10,SPY,445.91,428.52,yahoo
2023-08-11,SPY,445.65,428.28,yahoo
2023-08-14,SPY,448.11,430.64,yahoo
2023-08-15,SPY,442.89,425.62,yahoo
2023-08-16,SPY,439.64,422.50,yahoo
2023-08-17,SPY,436.29,419.28,yahoo
2023-08-18,SPY,436.50,419.48,yahoo
2023-08-21,SPY,439.34,422.21,yahoo
2023-08-22,SPY,438.15,421.07,yahoo
2023-08-23,SPY,443.03,425.76,yahoo
2023-08-24,SPY,436.89,419.86,yahoo
2023-08-25,SPY,439.97,422.82,yahoo
2023-08-28,SPY,442.76,425.50,yahoo
2023-08-29,SPY,449.16,431.65,yahoo
2023-08-30,SPY,451.01,433.43,yahoo
2023-08-31,SPY,450.35,432.79,yahoo
2023-09-01,SPY,451.19,433.60,yahoo
2023-09-05,SPY,449.24,431.73,yahoo
2023-09-06,SPY,446.22,428.82,yahoo
2023-09-07,SPY,444.85,427.51,yahoo
2023-09-08,SPY,445.52,428.15,yahoo
2023-09-11,SPY,448.45,430.97,yahoo
2023-09-12,SPY,445.99,428.60,yahoo
2023-09-13,SPY,446.51,429.10,yahoo
2023-09-14,SPY,450.36,432.80,yahoo
2023-09-15,SPY,443.37,427.59,yahoo
2023-09-18,SPY,443.63,427.84,yahoo
2023-09-19,SPY,442.71,426.95,yahoo
2023-09-20,SPY,438.64,423.03,yahoo
2023-09-21,SPY,431.39,416.03,yahoo
2023-09-22,SPY,430.42,415.10,yahoo
2023-09-25,SPY,432.23,416.84,yahoo
2023-09-26,SPY,425.88,410.72,yahoo
2023-09-27,SPY,426.05,410.88,yahoo
2023-09-28,SPY,428.52,413.27,yahoo
2023-09-29,SPY,427.48,412.26,yahoo
2023-10-02,SPY,427.31,412.10,yahoo
2023-10-03,SPY,421.59,406.58,yahoo
2023-10-04,SPY,424.66,409.54,yahoo
2023-10-05,SPY,424.50,409.39,yahoo
2023-10-06,SPY,429.54,414.25,yahoo
2023-10-09,SPY,432.29,416.90,yahoo
2023-10-10,SPY,434.54,419.07,yahoo
2023-10-11,SPY,436.32,420.79,yahoo
2023-10-12,SPY,433.66,418.22,yahoo
2023-10-13,SPY,431.50,416.14,yahoo
2023-10-16,SPY,436.04,420.52,yahoo
2023-10-17,SPY,436.02,420.50,yahoo
2023-10-18,SPY,430.21,414.90,yahoo
2023-10-19,SPY,426.43,411.25,yahoo
2023-10-20,SPY,421.19,406.20,yahoo
2023-10-23,SPY,420.46,405.49,yahoo
2023-10-24,SPY,423.63,408.55,yahoo
2023-10-25,SPY,417.55,402.69,yahoo
2023-10-26,SPY,412.55,397.86,yahoo
2023-10-27,SPY,410.68,396.06,yahoo
2023-10-30,SPY,415.59,400.80,yahoo
2023-10-31,SPY,418.20,403.31,yahoo
2023-11-01,SPY,422.66,407.61,yahoo
2023-11-02,SPY,430.76,415.43,yahoo
2023-11-03,SPY,434.69,419.22,yahoo
2023-11-06,SPY,435.69,420.18,yahoo
2023-11-07,SPY,436.93,421.38,yahoo
2023-11-08,SPY,437.25,421.68,yahoo
2023-11-09,SPY,433.84,418.40,yahoo
2023-11-10,SPY,440.61,424.93,yahoo
2023-11-13,SPY,440.19,424.52,yahoo
2023-11-14,SPY,448.73,432.76,yahoo
2023-11-15,SPY,449.68,433.67,yahoo
2023-11-16,SPY,450.23,434.20,yahoo
2023-11-17,SPY,450.79,434.74,yahoo
2023-11-20,SPY,454.26,438.09,yahoo
2023-11-21,SPY,453.27,437.13,yahoo
2023-11-22,SPY,455.02,438.82,yahoo
2023-11-24,SPY,455.30,439.09,yahoo
2023-11-27,SPY,454.48,438.30,yahoo
2023-11-28,SPY,454.93,438.74,yahoo
2023-11-29,SPY,454.61,438.43,yahoo
2023-11-30,SPY,456.40,440.15,yahoo
2023-12-01,SPY,459.10,442.76,yahoo
2023-12-04,SPY,456.69,440.43,yahoo
2023-12-05,SPY,456.60,440.35,yahoo
2023-12-06,SPY,454.76,438.57,yahoo
2023-12-07,SPY,458.23,441.92,yahoo
2023-12-08,SPY,460.20,443.82,yahoo
2023-12-11,SPY,461.99,445.54,yahoo
2023-12-12,SPY,464.10,447.58,yahoo
2023-12-13,SPY,470.50,453.75,yahoo
2023-12-14,SPY,472.01,455.21,yahoo
2023-12-15,SPY,469.33,454.46,yahoo
2023-12-18,SPY,471.97,457.01,yahoo
2023-12-19,SPY,474.84,459.79,yahoo
2023-12-20,SPY,468.26,453.42,yahoo
2023-12-21,SPY,472.70,457.72,yahoo
2023-12-22,SPY,473.65,458.64,yahoo
2023-12-26,SPY,475.65,460.58,yahoo
2023-12-27,SPY,476.51,461.41,yahoo
2023-12-28,SPY,476.69,461.58,yahoo
2023-12-29,SPY,475.31,460.25,yahoo
2024-01-02,SPY,472.65,457.67,yahoo
2024-01-03,SPY,468.79,453.94,yahoo
2024-01-04,SPY,467.28,452.47,yahoo
2024-01-05,SPY,467.92,453.09,yahoo
2024-01-08,SPY,474.60,459.56,yahoo
2024-01-09,SPY,473.88,458.86,yahoo
2024-01-10,SPY,476.56,461.46,yahoo
2024-01-11,SPY,476.35,461.26,yahoo
2024-01-12,SPY,476.68,461.57,yahoo
2024-01-16,SPY,474.93,459.88,yahoo
2024-01-17,SPY,472.29,457.32,yahoo
2024-01-18,SPY,476.49,461.39,yahoo
2024-01-19,SPY,482.43,467.14,yahoo
2024-01-22,SPY,483.45,468.13,yahoo
2024-01-23,SPY,484.86,469.50,yahoo
2024-01-24,SPY,485.39,470.01,yahoo
2024-01-25,SPY,488.03,472.57,yahoo
2024-01-26,SPY,487.41,471.96,yahoo
2024-01-29,SPY,491.27,475.70,yahoo
2024-01-30,SPY,490.89,475.33,yahoo
2024-01-31,SPY,482.88,467.58,yahoo
2024-02-01,SPY,489.20,473.70,yahoo
2024-02-02,SPY,494.35,478.69,yahoo
2024-02-05,SPY,492.55,476.94,yahoo
2024-02-06,SPY,493.98,478.33,yahoo
2024-02-07,SPY,498.10,482.32,yahoo
2024-02-08,SPY,498.32,482.53,yahoo
2024-02-09,SPY,501.20,485.32,yahoo
2024-02-12,SPY,500.98,485.11,yahoo
2024-02-13,SPY,494.08,478.42,yahoo
2024-02-14,SPY,498.57,482.77,yahoo
2024-02-15,SPY,502.01,486.10,yahoo
2024-02-16,SPY,499.51,483.68,yahoo
2024-02-20,SPY,496.76,481.02,yahoo
2024-02-21,SPY,497.21,481.45,yahoo
2024-02-22,SPY,507.50,491.42,yahoo
2024-02-23,SPY,507.85,491.76,yahoo
2024-02-26,SPY,505.99,489.96,yahoo
2024-02-27,SPY,506.93,490.87,yahoo
2024-02-28,SPY,506.26,490.22,yahoo
2024-02-29,SPY,508.08,491.98,yahoo
2024-03-01,SPY,512.85,496.60,yahoo
2024-03-04,SPY,512.30,496.07,yahoo
2024-03-05,SPY,507.18,491.11,yahoo
2024-03-06,SPY,509.75,493.60,yahoo
2024-03-07,SPY,514.81,498.50,yahoo
2024-03-08,SPY,511.72,495.50,yahoo
2024-03-11,SPY,511.28,495.08,yahoo
2024-03-12,SPY,516.78,500.40,yahoo
2024-03-13,SPY,515.97,499.62,yahoo
2024-03-14,SPY,514.95,498.63,yahoo
2024-03-15,SPY,509.83,495.21,yahoo
2024-03-18,SPY,512.86,498.15,yahoo
2024-03-19,SPY,515.71,500.92,yahoo
2024-03-20,SPY,520.48,505.55,yahoo
2024-03-21,SPY,522.20,507.22,yahoo
2024-03-22,SPY,521.21,506.26,yahoo
2024-03-25,SPY,519.77,504.86,yahoo
2024-03-26,SPY,518.81,503.93,yahoo
2024-03-27,SPY,523.17,508.17,yahoo
2024-03-28,SPY,523.07,508.07,yahoo
2024-04-01,SPY,522.16,507.18,yahoo
2024-04-02,SPY,518.84,503.96,yahoo
2024-04-03,SPY,519.41,504.51,yahoo
2024-04-04,SPY,513.07,498.36,yahoo
2024-04-05,SPY,518.43,503.56,yahoo
2024-04-08,SPY,518.72,503.84,yahoo
2024-04-09,SPY,519.32,504.43,yahoo
2024-04-10,SPY,514.12,499.38,yahoo
2024-04-11,SPY,518,503.14,yahoo
2024-04-12,SPY,510.85,496.20,yahoo
2024-04-15,SPY,504.45,489.98,yahoo
2024-04-16,SPY,503.53,489.09,yahoo
2024-04-17,SPY,500.55,486.19,yahoo
2024-04-18,SPY,499.52,485.19,yahoo
2024-04-19,SPY,495.16,480.96,yahoo
2024-04-22,SPY,499.72,485.39,yahoo
2024-04-23,SPY,505.65,491.15,yahoo
2024-04-24,SPY,505.41,490.92,yahoo
2024-04-25,SPY,503.49,489.05,yahoo
2024-04-26,SPY,508.26,493.68,yahoo
2024-04-29,SPY,510.06,495.43,yahoo
2024-04-30,SPY,501.98,487.58,yahoo
2024-05-01,SPY,500.35,486.00,yahoo
2024-05-02,SPY,505.03,490.55,yahoo
2024-05-03,SPY,511.29,496.63,yahoo
2024-05-06,SPY,516.57,501.76,yahoo
2024-05-07,SPY,517.14,502.31,yahoo
2024-05-08,SPY,517.19,502.36,yahoo
2024-05-09,SPY,520.17,505.25,yahoo
2024-05-10,SPY,520.84,505.90,yahoo
2024-05-13,SPY,520.91,505.97,yahoo
2024-05-14,SPY,523.30,508.29,yahoo
2024-05-15,SPY,529.78,514.59,yahoo
2024-05-16,SPY,528.69,513.53,yahoo
2024-05-17,SPY,529.45,514.27,yahoo
2024-05-20,SPY,530.06,514.86,yahoo
2024-05-21,SPY,531.36,516.12,yahoo
2024-05-22,SPY,529.83,514.63,yahoo
2024-05-23,SPY,525.96,510.88,yahoo
2024-05-24,SPY,529.44,514.26,yahoo
2024-05-28,SPY,529.81,514.62,yahoo
2024-05-29,SPY,526.10,511.01,yahoo
2024-05-30,SPY,522.61,507.62,yahoo
2024-05-31,SPY,527.37,512.25,yahoo
2024-06-03,SPY,527.80,512.66,yahoo
2024-06-04,SPY,528.39,513.24,yahoo
2024-06-05,SPY,534.67,519.34,yahoo
2024-06-06,SPY,534.66,519.33,yahoo
2024-06-07,SPY,534.01,518.70,yahoo
2024-06-10,SPY,535.66,520.30,yahoo
2024-06-11,SPY,536.95,521.55,yahoo
2024-06-12,SPY,541.36,525.83,yahoo
2024-06-13,SPY,542.45,526.89,yahoo
2024-06-14,SPY,542.78,527.21,yahoo
2024-06-17,SPY,547.10,531.41,yahoo
2024-06-18,SPY,548.49,532.76,yahoo
2024-06-20,SPY,547,531.31,yahoo
2024-06-21,SPY,544.51,530.60,yahoo
2024-06-24,SPY,542.74,528.88,yahoo
2024-06-25,SPY,544.83,530.91,yahoo
2024-06-26,SPY,545.51,531.57,yahoo
2024-06-27,SPY,546.37,532.41,yahoo
2024-06-28,SPY,544.22,530.32,yahoo
2024-07-01,SPY,545.34,531.41,yahoo
2024-07-02,SPY,549.01,534.99,yahoo
2024-07-03,SPY,551.46,537.37,yahoo
2024-07-05,SPY,554.64,540.47,yahoo
2024-07-08,SPY,555.28,541.10,yahoo
2024-07-09,SPY,555.82,541.62,yahoo
2024-07-10,SPY,561.32,546.98,yahoo
2024-07-11,SPY,556.48,542.26,yahoo
2024-07-12,SPY,559.99,545.68,yahoo
2024-07-15,SPY,561.53,547.19,yahoo
2024-07-16,SPY,564.86,550.43,yahoo
2024-07-17,SPY,556.94,542.71,yahoo
2024-07-18,SPY,552.66,538.54,yahoo
2024-07-19,SPY,548.99,534.97,yahoo
2024-07-22,SPY,554.65,540.48,yahoo
2024-07-23,SPY,553.78,539.63,yahoo
2024-07-24,SPY,541.23,527.40,yahoo
2024-07-25,SPY,538.41,524.66,yahoo
2024-07-26,SPY,544.44,530.53,yahoo
2024-07-29,SPY,544.76,530.84,yahoo
2024-07-30,SPY,542,528.15,yahoo
2024-07-31,SPY,550.81,536.74,yahoo
2024-08-01,SPY,543.01,529.14,yahoo
2024-08-02,SPY,532.90,519.29,yahoo
2024-08-05,SPY,517.38,504.16,yahoo
2024-08-06,SPY,522.15,508.81,yahoo
2024-08-07,SPY,518.66,505.41,yahoo
2024-08-08,SPY,530.65,517.09,yahoo
2024-08-09,SPY,532.99,519.37,yahoo
2024-08-12,SPY,533.27,519.65,yahoo
2024-08-13,SPY,542.04,528.19,yahoo
2024-08-14,SPY,543.75,529.86,yahoo
2024-08-15,SPY,553.07,538.94,yahoo
2024-08-16,SPY,554.31,540.15,yahoo
2024-08-19,SPY,559.61,545.31,yahoo
2024-08-20,SPY,558.70,544.43,yahoo
2024-08-21,SPY,560.62,546.30,yahoo
2024-08-22,SPY,556.22,542.01,yahoo
2024-08-23,SPY,562.13,547.77,yahoo
2024-08-26,SPY,560.79,546.46,yahoo
2024-08-27,SPY,561.56,547.21,yahoo
2024-08-28,SPY,558.30,544.04,yahoo
2024-08-29,SPY,558.35,544.09,yahoo
2024-08-30,SPY,563.68,549.28,yahoo
2024-09-03,SPY,552.08,537.98,yahoo
2024-09-04,SPY,550.95,536.88,yahoo
2024-09-05,SPY,549.61,535.57,yahoo
2024-09-06,SPY,540.36,526.56,yahoo
2024-09-09,SPY,546.41,532.45,yahoo
2024-09-10,SPY,548.79,534.77,yahoo
2024-09-11,SPY,554.42,540.26,yahoo
2024-09-12,SPY,559.09,544.81,yahoo
2024-09-13,SPY,562.01,547.65,yahoo
2024-09-16,SPY,562.84,548.46,yahoo
2024-09-17,SPY,563.07,548.69,yahoo
2024-09-18,SPY,561.40,547.06,yahoo
2024-09-19,SPY,570.98,556.39,yahoo
2024-09-20,SPY,568.25,555.43,yahoo
2024-09-23,SPY,569.67,556.82,yahoo
2024-09-24,SPY,571.30,558.41,yahoo
2024-09-25,SPY,570.04,557.18,yahoo
2024-09-26,SPY,572.30,559.39,yahoo
2024-09-27,SPY,571.47,558.58,yahoo
2024-09-30,SPY,573.76,560.82,yahoo
2024-10-01,SPY,568.62,555.79,yahoo
2024-10-02,SPY,568.86,556.03,yahoo
2024-10-03,SPY,567.82,555.01,yahoo
2024-10-04,SPY,572.98,560.06,yahoo
2024-10-07,SPY,567.80,554.99,yahoo
2024-10-08,SPY,573.17,560.24,yahoo
2024-10-09,SPY,577.14,564.12,yahoo
2024-10-10,SPY,576.13,563.13,yahoo
2024-10-11,SPY,579.58,566.51,yahoo
2024-10-14,SPY,584.32,571.14,yahoo
2024-10-15,SPY,579.78,566.70,yahoo
2024-10-16,SPY,582.30,569.17,yahoo
2024-10-17,SPY,582.35,569.21,yahoo
2024-10-18,SPY,584.59,571.40,yahoo
2024-10-21,SPY,583.63,570.47,yahoo
2024-10-22,SPY,583.32,570.16,yahoo
2024-10-23,SPY,577.99,564.95,yahoo
2024-10-24,SPY,579.24,566.17,yahoo
2024-10-25,SPY,579.04,565.98,yahoo
2024-10-28,SPY,580.83,567.73,yahoo
2024-10-29,SPY,581.77,568.65,yahoo
2024-10-30,SPY,580.01,566.93,yahoo
2024-10-31,SPY,568.64,555.81,yahoo
2024-11-01,SPY,571.04,558.16,yahoo
2024-11-04,SPY,569.81,556.96,yahoo
2024-11-05,SPY,576.70,563.69,yahoo
2024-11-06,SPY,591.04,577.71,yahoo
2024-11-07,SPY,595.61,582.17,yahoo
2024-11-08,SPY,598.19,584.70,yahoo
2024-11-11,SPY,598.76,585.25,yahoo
2024-11-12,SPY,596.90,583.44,yahoo
2024-11-13,SPY,597.19,583.72,yahoo
2024-11-14,SPY,593.35,579.97,yahoo
2024-11-15,SPY,585.75,572.54,yahoo
2024-11-18,SPY,588.15,574.88,yahoo
2024-11-19,SPY,590.30,576.98,yahoo
2024-11-20,SPY,590.50,577.18,yahoo
2024-11-21,SPY,593.67,580.28,yahoo
2024-11-22,SPY,595.51,582.08,yahoo
2024-11-25,SPY,597.53,584.05,yahoo
2024-11-26,SPY,600.65,587.10,yahoo
2024-11-27,SPY,598.83,585.32,yahoo
2024-11-29,SPY,602.55,588.96,yahoo
2024-12-02,SPY,603.63,590.01,yahoo
2024-12-03,SPY,603.91,590.29,yahoo
2024-12-04,SPY,607.66,593.95,yahoo
2024-12-05,SPY,606.66,592.98,yahoo
2024-12-06,SPY,607.81,594.10,yahoo
2024-12-09,SPY,604.68,591.04,yahoo
2024-12-10,SPY,602.80,589.20,yahoo
2024-12-11,SPY,607.46,593.76,yahoo
2024-12-12,SPY,604.33,590.70,yahoo
2024-12-13,SPY,604.21,590.58,yahoo
2024-12-16,SPY,606.79,593.10,yahoo
2024-12-17,SPY,604.29,590.66,yahoo
2024-12-18,SPY,586.28,573.06,yahoo
2024-12-19,SPY,586.10,572.88,yahoo
2024-12-20,SPY,591.15,579.76,yahoo
2024-12-23,SPY,594.69,583.23,yahoo
2024-12-24,SPY,601.30,589.71,yahoo
2024-12-26,SPY,601.34,589.75,yahoo
2024-12-27,SPY,595.01,583.55,yahoo
2024-12-30,SPY,588.22,576.89,yahoo
2024-12-31,SPY,586.08,574.79,yahoo
2025-01-02,SPY,584.64,573.38,yahoo
2025-01-03,SPY,591.95,580.54,yahoo
2025-01-06,SPY,595.36,583.89,yahoo
2025-01-07,SPY,588.63,577.29,yahoo
2025-01-08,SPY,589.49,578.13,yahoo
2025-01-10,SPY,580.49,569.31,yahoo
2025-01-13,SPY,581.39,570.19,yahoo
2025-01-14,SPY,582.19,570.97,yahoo
2025-01-15,SPY,592.78,581.36,yahoo
2025-01-16,SPY,591.64,580.24,yahoo
2025-01-17,SPY,597.58,586.07,yahoo
2025-01-21,SPY,603.05,591.43,yahoo
2025-01-22,SPY,606.44,594.76,yahoo
2025-01-23,SPY,609.75,598.00,yahoo
2025-01-24,SPY,607.97,596.26,yahoo
2025-01-27,SPY,599.37,587.82,yahoo
2025-01-28,SPY,604.52,592.87,yahoo
2025-01-29,SPY,601.81,590.21,yahoo
2025-01-30,SPY,605.04,593.38,yahoo
2025-01-31,SPY,601.82,590.22,yahoo
2025-02-03,SPY,597.77,586.25,yahoo
2025-02-04,SPY,601.78,590.19,yahoo
2025-02-05,SPY,604.22,592.58,yahoo
2025-02-06,SPY,606.32,594.64,yahoo
2025-02-07,SPY,600.77,589.19,yahoo
2025-02-10,SPY,604.85,593.20,yahoo
2025-02-11,SPY,605.31,593.65,yahoo
2025-02-12,SPY,603.36,591.73,yahoo
2025-02-13,SPY,609.73,597.98,yahoo
2025-02-14,SPY,609.70,597.95,yahoo
2025-02-18,SPY,611.49,599.71,yahoo
2025-02-19,SPY,612.93,601.12,yahoo
2025-02-20,SPY,610.38,598.62,yahoo
2025-02-21,SPY,599.94,588.38,yahoo
2025-02-24,SPY,597.21,585.70,yahoo
2025-02-25,SPY,594.24,582.79,yahoo
2025-02-26,SPY,594.54,583.09,yahoo
2025-02-27,SPY,585.05,573.78,yahoo
2025-02-28,SPY,594.18,582.73,yahoo
2025-03-03,SPY,583.77,572.52,yahoo
2025-03-04,SPY,576.86,565.75,yahoo
2025-03-05,SPY,583.06,571.83,yahoo
2025-03-06,SPY,572.71,561.68,yahoo
2025-03-07,SPY,575.92,564.82,yahoo
2025-03-10,SPY,560.58,549.78,yahoo
2025-03-11,SPY,555.92,545.21,yahoo
2025-03-12,SPY,558.87,548.10,yahoo
2025-03-13,SPY,551.42,540.80,yahoo
2025-03-14,SPY,562.81,551.97,yahoo
2025-03-17,SPY,567.15,556.22,yahoo
2025-03-18,SPY,561.02,550.21,yahoo
2025-03-19,SPY,567.13,556.20,yahoo
2025-03-20,SPY,565.49,554.59,yahoo
2025-03-21,SPY,563.98,554.78,yahoo
2025-03-24,SPY,574.08,564.71,yahoo
2025-03-25,SPY,575.46,566.07,yahoo
2025-03-26,SPY,568.59,559.31,yahoo
2025-03-27,SPY,567.08,557.83,yahoo
2025-03-28,SPY,555.66,546.59,yahoo
2025-03-31,SPY,559.39,550.26,yahoo
2025-04-01,SPY,560.97,551.82,yahoo
2025-04-02,SPY,564.52,555.31,yahoo
2025-04-03,SPY,536.70,527.94,yahoo
2025-04-04,SPY,505.28,497.04,yahoo
2025-04-07,SPY,504.38,496.15,yahoo
2025-04-08,SPY,496.48,488.38,yahoo
2025-04-09,SPY,548.62,539.67,yahoo
2025-04-10,SPY,524.58,516.02,yahoo
2025-04-11,SPY,533.94,525.23,yahoo
2025-04-14,SPY,539.12,530.32,yahoo
2025-04-15,SPY,537.61,528.84,yahoo
2025-04-16,SPY,525.66,517.08,yahoo
2025-04-17,SPY,526.41,517.82,yahoo
2025-04-21,SPY,513.88,505.50,yahoo
2025-04-22,SPY,527.25,518.65,yahoo
2025-04-23,SPY,535.42,526.68,yahoo
2025-04-24,SPY,546.69,537.77,yahoo
2025-04-25,SPY,550.64,541.66,yahoo
2025-04-28,SPY,550.85,541.86,yahoo
2025-04-29,SPY,554.32,545.28,yahoo
2025-04-30,SPY,554.54,545.49,yahoo
2025-05-01,SPY,558.47,549.36,yahoo
2025-05-02,SPY,566.76,557.51,yahoo
2025-05-05,SPY,563.51,554.32,yahoo
2025-05-06,SPY,558.80,549.68,yahoo
2025-05-07,SPY,561.15,551.99,yahoo
2025-05-08,SPY,565.06,555.84,yahoo
2025-05-09,SPY,564.34,555.13,yahoo
2025-05-12,SPY,582.99,573.48,yahoo
2025-05-13,SPY,586.84,577.26,yahoo
2025-05-14,SPY,587.59,578.00,yahoo
2025-05-15,SPY,590.46,580.83,yahoo
2025-05-16,SPY,594.20,584.50,yahoo
2025-05-19,SPY,594.85,585.14,yahoo
2025-05-20,SPY,592.85,583.18,yahoo
2025-05-21,SPY,582.86,573.35,yahoo
2025-05-22,SPY,583.09,573.58,yahoo
2025-05-23,SPY,579.11,569.66,yahoo
2025-05-27,SPY,591.15,581.50,yahoo
2025-05-28,SPY,587.73,578.14,yahoo
2025-05-29,SPY,590.05,580.42,yahoo
2025-05-30,SPY,589.39,579.77,yahoo
2025-06-02,SPY,592.71,583.04,yahoo
2025-06-03,SPY,596.09,586.36,yahoo
2025-06-04,SPY,595.93,586.21,yahoo
2025-06-05,SPY,593.05,583.37,yahoo
2025-06-06,SPY,599.14,589.36,yahoo
2025-06-09,SPY,599.68,589.90,yahoo
2025-06-10,SPY,603.08,593.24,yahoo
2025-06-11,SPY,601.36,591.55,yahoo
2025-06-12,SPY,603.75,593.90,yahoo
2025-06-13,SPY,597,587.26,yahoo
2025-06-16,SPY,602.68,592.85,yahoo
2025-06-17,SPY,597.53,587.78,yahoo
2025-06-18,SPY,597.44,587.69,yahoo
2025-06-20,SPY,594.28,586.31,yahoo
2025-06-23,SPY,600.15,592.10,yahoo
2025-06-24,SPY,606.78,598.64,yahoo
2025-06-25,SPY,607.12,598.98,yahoo
2025-06-26,SPY,611.87,603.67,yahoo
2025-06-27,SPY,614.91,606.66,yahoo
2025-06-30,SPY,617.85,609.57,yahoo
2025-07-01,SPY,617.65,609.37,yahoo
2025-07-02,SPY,620.45,612.13,yahoo
2025-07-03,SPY,625.34,616.96,yahoo
2025-07-07,SPY,620.68,612.36,yahoo
2025-07-08,SPY,620.34,612.02,yahoo
2025-07-09,SPY,624.06,615.69,yahoo
2025-07-10,SPY,625.82,617.43,yahoo
2025-07-11,SPY,623.62,615.26,yahoo
2025-07-14,SPY,624.81,616.43,yahoo
2025-07-15,SPY,622.14,613.80,yahoo
2025-07-16,SPY,624.22,615.85,yahoo
2025-07-17,SPY,628.04,619.62,yahoo
2025-07-18,SPY,627.58,619.16,yahoo
2025-07-21,SPY,628.77,620.34,yahoo
2025-07-22,SPY,628.86,620.43,yahoo
2025-07-23,SPY,634.21,625.71,yahoo
2025-07-24,SPY,634.42,625.91,yahoo
2025-07-25,SPY,637.10,628.56,yahoo
2025-07-28,SPY,636.94,628.40,yahoo
2025-07-29,SPY,635.26,626.74,yahoo
2025-07-30,SPY,634.46,625.95,yahoo
2025-07-31,SPY,632.08,623.60,yahoo
2025-08-01,SPY,621.72,613.38,yahoo
2025-08-04,SPY,631.17,622.71,yahoo
2025-08-05,SPY,627.97,619.55,yahoo
2025-08-06,SPY,632.78,624.30,yahoo
2025-08-07,SPY,632.25,623.77,yahoo
2025-08-08,SPY,637.18,628.64,yahoo
2025-08-11,SPY,635.92,627.39,yahoo
2025-08-12,SPY,642.69,634.07,yahoo
2025-08-13,SPY,644.89,636.24,yahoo
2025-08-14,SPY,644.95,636.30,yahoo
2025-08-15,SPY,643.44,634.81,yahoo
2025-08-18,SPY,643.30,634.67,yahoo
2025-08-19,SPY,639.81,631.23,yahoo
2025-08-20,SPY,638.11,629.55,yahoo
2025-08-21,SPY,635.55,627.03,yahoo
2025-08-22,SPY,645.31,636.66,yahoo
2025-08-25,SPY,642.47,633.86,yahoo
2025-08-26,SPY,645.16,636.51,yahoo
2025-08-27,SPY,646.63,637.96,yahoo
2025-08-28,SPY,648.92,640.22,yahoo
2025-08-29,SPY,645.05,636.40,yahoo
2025-09-02,SPY,640.27,631.68,yahoo
2025-09-03,SPY,643.74,635.11,yahoo
2025-09-04,SPY,649.12,640.42,yahoo
2025-09-05,SPY,647.24,638.56,yahoo
2025-09-08,SPY,648.83,640.13,yahoo
2025-09-09,SPY,650.33,641.61,yahoo
2025-09-10,SPY,652.21,643.46,yahoo
2025-09-11,SPY,657.63,648.81,yahoo
2025-09-12,SPY,657.41,648.60,yahoo
2025-09-15,SPY,660.91,652.05,yahoo
2025-09-16,SPY,660,651.15,yahoo
2025-09-17,SPY,659.18,650.34,yahoo
2025-09-18,SPY,662.26,653.38,yahoo
2025-09-19,SPY,663.70,656.62,yahoo
2025-09-22,SPY,666.84,659.72,yahoo
2025-09-23,SPY,663.21,656.13,yahoo
2025-09-24,SPY,661.10,654.04,yahoo
2025-09-25,SPY,658.05,651.03,yahoo
2025-09-26,SPY,661.82,654.76,yahoo
2025-09-29,SPY,663.68,656.60,yahoo
2025-09-30,SPY,666.18,659.07,yahoo
2025-10-01,SPY,668.45,661.32,yahoo
2025-10-02,SPY,669.22,662.08,yahoo
2025-10-03,SPY,669.21,662.07,yahoo
2025-10-06,SPY,671.61,664.44,yahoo
2025-10-07,SPY,669.12,661.98,yahoo
2025-10-08,SPY,673.11,665.93,yahoo
2025-10-09,SPY,671.16,664.00,yahoo
2025-10-10,SPY,653.02,646.05,yahoo
2025-10-13,SPY,663.04,655.96,yahoo
2025-10-14,SPY,662.23,655.16,yahoo
2025-10-15,SPY,665.17,658.07,yahoo
2025-10-16,SPY,660.64,653.59,yahoo
2025-10-17,SPY,664.39,657.30,yahoo
2025-10-20,SPY,671.30,664.13,yahoo
2025-10-21,SPY,671.29,664.12,yahoo
2025-10-22,SPY,667.80,660.67,yahoo
2025-10-23,SPY,671.76,664.59,yahoo
2025-10-24,SPY,677.25,670.02,yahoo
2025-10-27,SPY,685.24,677.93,yahoo
2025-10-28,SPY,687.06,679.73,yahoo
2025-10-29,SPY,687.39,680.05,yahoo
2025-10-30,SPY,679.83,672.57,yahoo
2025-10-31,SPY,682.06,674.78,yahoo
2025-11-03,SPY,683.34,676.05,yahoo
2025-11-04,SPY,675.24,668.03,yahoo
2025-11-05,SPY,677.58,670.35,yahoo
2025-11-06,SPY,670.31,663.16,yahoo
2025-11-07,SPY,670.97,663.81,yahoo
2025-11-10,SPY,681.44,674.17,yahoo
2025-11-11,SPY,683,675.71,yahoo
2025-11-12,SPY,683.38,676.09,yahoo
2025-11-13,SPY,672.04,664.87,yahoo
2025-11-14,SPY,671.93,664.76,yahoo
2025-11-17,SPY,665.67,658.56,yahoo
2025-11-18,SPY,660.08,653.03,yahoo
2025-11-19,SPY,662.63,655.56,yahoo
2025-11-20,SPY,652.53,645.57,yahoo
2025-11-21,SPY,659.03,652.00,yahoo
2025-11-24,SPY,668.73,661.59,yahoo
2025-11-25,SPY,675.02,667.82,yahoo
2025-11-26,SPY,679.68,672.43,yahoo
2025-11-28,SPY,683.39,676.10,yahoo
2025-12-01,SPY,680.27,673.01,yahoo
2025-12-02,SPY,681.53,674.26,yahoo
2025-12-03,SPY,683.89,676.59,yahoo
2025-12-04,SPY,684.39,677.09,yahoo
2025-12-05,SPY,685.69,678.37,yahoo
2025-12-08,SPY,683.63,676.33,yahoo
2025-12-09,SPY,683.04,675.75,yahoo
2025-12-10,SPY,687.57,680.23,yahoo
2025-12-11,SPY,689.17,681.81,yahoo
2025-12-12,SPY,681.76,674.48,yahoo
2025-12-15,SPY,680.73,673.46,yahoo
2025-12-16,SPY,678.87,671.62,yahoo
2025-12-17,SPY,671.40,664.23,yahoo
2025-12-18,SPY,676.47,669.25,yahoo
2025-12-19,SPY,680.59,675.32,yahoo
2025-12-22,SPY,684.83,679.52,yahoo
2025-12-23,SPY,687.96,682.63,yahoo
2025-12-24,SPY,690.38,685.03,yahoo
2025-12-26,SPY,690.31,684.96,yahoo
2025-12-29,SPY,687.85,682.52,yahoo
2025-12-30,SPY,687.01,681.69,yahoo
2025-12-31,SPY,681.92,676.63,yahoo
2026-01-02,SPY,683.17,677.88,yahoo
2026-01-05,SPY,687.72,682.39,yahoo
2026-01-06,SPY,691.81,686.45,yahoo
2026-01-07,SPY,689.58,684.24,yahoo
2026-01-08,SPY,689.51,684.17,yahoo
2026-01-09,SPY,694.07,688.69,yahoo
2026-01-12,SPY,695.16,689.77,yahoo
2026-01-13,SPY,693.77,688.39,yahoo
2026-01-14,SPY,690.36,685.01,yahoo
2026-01-15,SPY,692.24,686.88,yahoo
2026-01-16,SPY,691.66,686.30,yahoo
2026-01-20,SPY,677.58,672.33,yahoo
2026-01-21,SPY,685.40,680.09,yahoo
2026-01-22,SPY,688.98,683.64,yahoo
2026-01-23,SPY,689.23,683.89,yahoo
2026-01-26,SPY,692.73,687.36,yahoo
2026-01-27,SPY,695.49,690.10,yahoo
2026-01-28,SPY,695.42,690.03,yahoo
2026-01-29,SPY,694.04,688.66,yahoo
2026-01-30,SPY,691.97,686.61,yahoo
2026-02-02,SPY,695.41,690.02,yahoo
2026-02-03,SPY,689.53,684.19,yahoo
2026-02-04,SPY,686.19,680.87,yahoo
2026-02-05,SPY,677.62,672.37,yahoo
2026-02-06,SPY,690.62,685.27,yahoo
2026-02-09,SPY,693.95,688.57,yahoo
2026-02-10,SPY,692.12,686.76,yahoo
2026-02-11,SPY,691.96,686.60,yahoo
2026-02-12,SPY,681.27,675.99,yahoo
2026-02-13,SPY,681.75,676.47,yahoo
2026-02-17,SPY,682.85,677.56,yahoo
2026-02-18,SPY,686.29,680.97,yahoo
2026-02-19,SPY,684.48,679.18,yahoo
2026-02-20,SPY,689.43,684.09,yahoo
2026-02-23,SPY,682.39,677.10,yahoo
2026-02-24,SPY,687.35,682.02,yahoo
2026-02-25,SPY,693.15,687.78,yahoo
2026-02-26,SPY,689.30,683.96,yahoo
2026-02-27,SPY,685.99,680.67,yahoo
2026-03-02,SPY,686.38,681.06,yahoo
2026-03-03,SPY,680.33,675.06,yahoo
2026-03-04,SPY,685.13,679.82,yahoo
2026-03-05,SPY,681.31,676.03,yahoo
2026-03-06,SPY,672.38,667.17,yahoo
2026-03-09,SPY,678.27,673.01,yahoo
2026-03-10,SPY,677.18,671.93,yahoo
2026-03-11,SPY,676.33,671.09,yahoo
2026-03-12,SPY,666.06,660.90,yahoo
2026-03-13,SPY,662.29,657.16,yahoo
2026-03-16,SPY,669.03,663.85,yahoo
2026-03-17,SPY,670.79,665.59,yahoo
2026-03-18,SPY,661.43,656.30,yahoo
2026-03-19,SPY,659.80,654.69,yahoo
2026-03-20,SPY,648.57,645.30,yahoo
2026-03-23,SPY,655.38,652.08,yahoo
2026-03-24,SPY,653.18,649.89,yahoo
2026-03-25,SPY,656.82,653.51,yahoo
2026-03-26,SPY,645.09,641.84,yahoo
2026-03-27,SPY,634.09,630.89,yahoo
2026-03-30,SPY,631.97,628.78,yahoo
2026-03-31,SPY,650.34,647.06,yahoo
2026-04-01,SPY,655.24,651.94,yahoo
2026-04-02,SPY,655.83,652.52,yahoo
2026-04-06,SPY,658.93,655.61,yahoo
2026-04-07,SPY,659.22,655.90,yahoo
2026-04-08,SPY,676.01,672.60,yahoo
2026-04-09,SPY,679.91,676.48,yahoo
2026-04-10,SPY,679.46,676.04,yahoo
2026-04-13,SPY,686.10,682.64,yahoo
2026-04-14,SPY,694.46,690.96,yahoo
2026-04-15,SPY,699.94,696.41,yahoo
2026-04-16,SPY,701.66,698.12,yahoo
2026-04-17,SPY,710.14,706.56,yahoo
2026-04-20,SPY,708.72,705.15,yahoo
2026-04-21,SPY,704.08,700.53,yahoo
2026-04-22,SPY,711.21,707.63,yahoo
2026-04-23,SPY,708.45,704.88,yahoo
2026-04-24,SPY,713.94,710.34,yahoo
2026-04-27,SPY,715.17,711.57,yahoo
2026-04-28,SPY,711.69,708.10,yahoo
2026-04-29,SPY,711.58,707.99,yahoo
2026-04-30,SPY,718.66,715.04,yahoo
2026-05-01,SPY,720.65,717.02,yahoo
2026-05-04,SPY,718.01,714.39,yahoo
2026-05-05,SPY,723.77,720.12,yahoo
2026-05-06,SPY,733.83,730.13,yahoo
2026-05-07,SPY,731.58,727.89,yahoo
2026-05-08,SPY,737.62,733.90,yahoo
2026-05-11,SPY,739.30,735.57,yahoo
2026-05-12,SPY,738.18,734.46,yahoo
2026-05-13,SPY,742.31,738.57,yahoo
2026-05-14,SPY,748.17,744.40,yahoo
2026-05-15,SPY,739.17,735.44,yahoo
2026-05-18,SPY,738.65,734.93,yahoo
2026-05-19,SPY,733.73,730.03,yahoo
2026-05-20,SPY,741.25,737.51,yahoo
2026-05-21,SPY,742.72,738.98,yahoo
2026-05-22,SPY,745.64,741.88,yahoo
2026-05-26,SPY,750.59,746.81,yahoo
2026-05-27,SPY,750.46,746.68,yahoo
2026-05-28,SPY,754.60,750.80,yahoo
2026-05-29,SPY,756.48,752.67,yahoo
2026-06-01,SPY,758.54,754.72,yahoo
2026-06-02,SPY,759.57,755.74,yahoo
2026-06-03,SPY,754.24,750.44,yahoo
2026-06-04,SPY,757.09,753.27,yahoo
2026-06-05,SPY,737.55,733.83,yahoo
2026-06-08,SPY,739.22,735.49,yahoo
2026-06-09,SPY,737.05,733.34,yahoo
2026-06-10,SPY,725.43,721.77,yahoo
2026-06-11,SPY,737.76,734.04,yahoo
2026-06-12,SPY,741.75,738.01,yahoo
2026-06-15,SPY,754.83,751.03,yahoo
2026-06-16,SPY,750.33,746.55,yahoo
2026-06-17,SPY,740.96,737.23,yahoo
2026-06-18,SPY,746.74,744.89,yahoo
2026-06-22,SPY,744.39,742.55,yahoo
2026-06-23,SPY,733.58,731.76,yahoo
2026-06-24,SPY,733.24,731.42,yahoo
2026-06-25,SPY,734.30,732.48,yahoo
2026-06-26,SPY,728.99,727.18,yahoo
2026-06-29,SPY,741,739.16,yahoo
2026-06-30,SPY,746.77,744.92,yahoo
2026-07-01,SPY,745.76,743.91,yahoo
2026-07-02,SPY,744.78,742.94,yahoo
2026-07-06,SPY,751.28,749.42,yahoo
2026-07-07,SPY,747.71,745.86,yahoo
2026-07-08,SPY,745.40,743.55,yahoo
2026-07-09,SPY,751.71,749.85,yahoo
2026-07-10,SPY,754.95,753.08,yahoo
2026-07-13,SPY,749.17,747.31,yahoo
2026-07-14,SPY,751.83,749.97,yahoo
2026-07-15,SPY,754.81,752.94,yahoo
2026-07-16,SPY,750.72,748.86,yahoo
2026-07-17,SPY,743.29,741.45,yahoo
2026-07-20,SPY,742.09,740.25,yahoo
2026-07-21,SPY,748.28,746.43,yahoo
2026-07-22,SPY,747.41,745.56,yahoo
2026-07-23,SPY,738.18,736.35,yahoo
2026-07-24,SPY,738.93,737.10,yahoo
2026-07-27,SPY,739.09,737.26,yahoo
2026-07-28,SPY,740.86,739.02,yahoo
2026-07-29,SPY,729.46,727.65,yahoo
2026-07-30,SPY,741.69,739.85,yahoo
2026-07-31,SPY,747.03,745.18,yahoo
2026-08-03,SPY,757.67,755.79,yahoo
2026-08-04,SPY,771.33,769.42,yahoo
2026-08-05,SPY,769.79,767.88,yahoo
2026-08-06,SPY,768.56,766.66,yahoo
2026-08-07,SPY,773.26,771.34,yahoo
2026-08-10,SPY,773.03,771.12,yahoo
2026-08-11,SPY,770.56,768.65,yahoo
2026-08-12,SPY,772.49,770.58,yahoo
2026-08-13,SPY,777.88,775.95,yahoo
2026-08-14,SPY,776.34,774.42,yahoo
2026-08-17,SPY,772.67,770.76,yahoo
2026-08-18,SPY,767.45,765.55,yahoo
2026-08-19,SPY,769.06,767.15,yahoo
2026-08-20,SPY,762.60,760.71,yahoo
2026-08-21,SPY,765.72,763.82,yahoo
2026-08-24,SPY,763.47,761.58,yahoo
2026-08-25,SPY,765.91,764.01,yahoo
2026-08-26,SPY,766.08,764.18,yahoo
2026-08-27,SPY,771.10,769.19,yahoo
2026-08-28,SPY,769.35,767.44,yahoo
2026-08-31,SPY,767.05,765.15,yahoo
2026-09-01,SPY,761.78,759.89,yahoo
2026-09-02,SPY,765.16,763.26,yahoo
2026-09-03,SPY,773.17,771.25,yahoo
2026-09-04,SPY,770.19,768.28,yahoo
2026-09-08,SPY,765.96,764.06,yahoo
2026-09-09,SPY,762.40,760.51,yahoo
2026-09-10,SPY,757.83,755.95,yahoo
2026-09-11,SPY,764.29,762.40,yahoo
2026-09-14,SPY,760.88,759.00,yahoo
2026-09-15,SPY,757.39,755.51,yahoo
2026-09-16,SPY,754.05,752.18,yahoo
2026-09-17,SPY,762.60,760.71,yahoo
2026-09-18,SPY,761.69,761.69,yahoo
2026-09-21,SPY,773.50,773.50,yahoo
2026-09-22,SPY,773.38,773.38,yahoo
2006-04-10,USO,544.16,544.16,yahoo
2006-04-11,USO,545.60,545.60,yahoo
2006-04-12,USO,542.72,542.72,yahoo
2006-04-13,USO,550.56,550.56,yahoo
2006-04-17,USO,558.32,558.32,yahoo
2006-04-18,USO,566,566,yahoo
2006-04-19,USO,574.80,574.80,yahoo
2006-04-20,USO,568.72,568.72,yahoo
2006-04-21,USO,582.48,582.48,yahoo
2006-04-24,USO,568.08,568.08,yahoo
2006-04-25,USO,565.12,565.12,yahoo
2006-04-26,USO,556.32,556.32,yahoo
2006-04-27,USO,549.60,549.60,yahoo
2006-04-28,USO,556.96,556.96,yahoo
2006-05-01,USO,572,572,yahoo
2006-05-02,USO,578.72,578.72,yahoo
2006-05-03,USO,561.76,561.76,yahoo
2006-05-04,USO,546.56,546.56,yahoo
2006-05-05,USO,544,544,yahoo
2006-05-08,USO,543.04,543.04,yahoo
2006-05-09,USO,547.20,547.20,yahoo
2006-05-10,USO,558.16,558.16,yahoo
2006-05-11,USO,562.40,562.40,yahoo
2006-05-12,USO,552.88,552.88,yahoo
2006-05-15,USO,533.04,533.04,yahoo
2006-05-16,USO,533.60,533.60,yahoo
2006-05-17,USO,525.60,525.60,yahoo
2006-05-18,USO,533.92,533.92,yahoo
2006-05-19,USO,524.56,524.56,yahoo
2006-05-22,USO,530.24,530.24,yahoo
2006-05-23,USO,542.16,542.16,yahoo
2006-05-24,USO,528.80,528.80,yahoo
2006-05-25,USO,542.40,542.40,yahoo
2006-05-26,USO,542,542,yahoo
2006-05-30,USO,546.56,546.56,yahoo
2006-05-31,USO,541.84,541.84,yahoo
2006-06-01,USO,534.56,534.56,yahoo
2006-06-02,USO,551.20,551.20,yahoo
2006-06-05,USO,549.92,549.92,yahoo
2006-06-06,USO,550.08,550.08,yahoo
2006-06-07,USO,538.24,538.24,yahoo
2006-06-08,USO,536.96,536.96,yahoo
2006-06-09,USO,544.56,544.56,yahoo
2006-06-12,USO,536.64,536.64,yahoo
2006-06-13,USO,521.44,521.44,yahoo
2006-06-14,USO,526.32,526.32,yahoo
2006-06-15,USO,529.28,529.28,yahoo
2006-06-16,USO,530,530,yahoo
2006-06-19,USO,524.32,524.32,yahoo
2006-06-20,USO,522.32,522.32,yahoo
2006-06-21,USO,530.80,530.80,yahoo
2006-06-22,USO,536,536,yahoo
2006-06-23,USO,535.12,535.12,yahoo
2006-06-26,USO,541.60,541.60,yahoo
2006-06-27,USO,544.64,544.64,yahoo
2006-06-28,USO,546.48,546.48,yahoo
2006-06-29,USO,556.08,556.08,yahoo
2006-06-30,USO,558.16,558.16,yahoo
2006-07-03,USO,559.44,559.44,yahoo
2006-07-05,USO,568,568,yahoo
2006-07-06,USO,566.16,566.16,yahoo
2006-07-07,USO,558.80,558.80,yahoo
2006-07-10,USO,556.48,556.48,yahoo
2006-07-11,USO,560.64,560.64,yahoo
2006-07-12,USO,569.12,569.12,yahoo
2006-07-13,USO,586,586,yahoo
2006-07-14,USO,585.76,585.76,yahoo
2006-07-17,USO,573.20,573.20,yahoo
2006-07-18,USO,566,566,yahoo
2006-07-19,USO,558.80,558.80,yahoo
2006-07-20,USO,552.80,552.80,yahoo
2006-07-21,USO,556.16,556.16,yahoo
2006-07-24,USO,561.36,561.36,yahoo
2006-07-25,USO,552,552,yahoo
2006-07-26,USO,553.36,553.36,yahoo
2006-07-27,USO,557.44,557.44,yahoo
2006-07-28,USO,548,548,yahoo
2006-07-31,USO,556.16,556.16,yahoo
2006-08-01,USO,561.20,561.20,yahoo
2006-08-02,USO,568.96,568.96,yahoo
2006-08-03,USO,564.48,564.48,yahoo
2006-08-04,USO,558.48,558.48,yahoo
2006-08-07,USO,576,576,yahoo
2006-08-08,USO,570.40,570.40,yahoo
2006-08-09,USO,569.36,569.36,yahoo
2006-08-10,USO,556.80,556.80,yahoo
2006-08-11,USO,557.84,557.84,yahoo
2006-08-14,USO,548.72,548.72,yahoo
2006-08-15,USO,545.68,545.68,yahoo
2006-08-16,USO,536.80,536.80,yahoo
2006-08-17,USO,528.40,528.40,yahoo
2006-08-18,USO,529.44,529.44,yahoo
2006-08-21,USO,539.36,539.36,yahoo
2006-08-22,USO,536.40,536.40,yahoo
2006-08-23,USO,528,528,yahoo
2006-08-24,USO,534,534,yahoo
2006-08-25,USO,532.40,532.40,yahoo
2006-08-28,USO,519.04,519.04,yahoo
2006-08-29,USO,513.52,513.52,yahoo
2006-08-30,USO,518.80,518.80,yahoo
2006-08-31,USO,518.40,518.40,yahoo
2006-09-01,USO,510,510,yahoo
2006-09-05,USO,506.48,506.48,yahoo
2006-09-06,USO,497.60,497.60,yahoo
2006-09-07,USO,495.12,495.12,yahoo
2006-09-08,USO,487.20,487.20,yahoo
2006-09-11,USO,480.24,480.24,yahoo
2006-09-12,USO,470.08,470.08,yahoo
2006-09-13,USO,472,472,yahoo
2006-09-14,USO,465.20,465.20,yahoo
2006-09-15,USO,464.32,464.32,yahoo
2006-09-18,USO,466.56,466.56,yahoo
2006-09-19,USO,450,450,yahoo
2006-09-20,USO,440.40,440.40,yahoo
2006-09-21,USO,447.12,447.12,yahoo
2006-09-22,USO,437.12,437.12,yahoo
2006-09-25,USO,445.36,445.36,yahoo
2006-09-26,USO,443.36,443.36,yahoo
2006-09-27,USO,457.28,457.28,yahoo
2006-09-28,USO,453.20,453.20,yahoo
2006-09-29,USO,456,456,yahoo
2006-10-02,USO,442.48,442.48,yahoo
2006-10-03,USO,425.92,425.92,yahoo
2006-10-04,USO,432.32,432.32,yahoo
2006-10-05,USO,436.72,436.72,yahoo
2006-10-06,USO,434.80,434.80,yahoo
2006-10-09,USO,436.80,436.80,yahoo
2006-10-10,USO,429.36,429.36,yahoo
2006-10-11,USO,421.20,421.20,yahoo
2006-10-12,USO,427.44,427.44,yahoo
2006-10-13,USO,429.20,429.20,yahoo
2006-10-16,USO,437.76,437.76,yahoo
2006-10-17,USO,431.92,431.92,yahoo
2006-10-18,USO,422.80,422.80,yahoo
2006-10-19,USO,431.20,431.20,yahoo
2006-10-20,USO,422,422,yahoo
2006-10-23,USO,418.96,418.96,yahoo
2006-10-24,USO,422.72,422.72,yahoo
2006-10-25,USO,437.60,437.60,yahoo
2006-10-26,USO,429.20,429.20,yahoo
2006-10-27,USO,432,432,yahoo
2006-10-30,USO,415.84,415.84,yahoo
2006-10-31,USO,416.80,416.80,yahoo
2006-11-01,USO,416.96,416.96,yahoo
2006-11-02,USO,412,412,yahoo
2006-11-03,USO,421.44,421.44,yahoo
2006-11-06,USO,427.60,427.60,yahoo
2006-11-07,USO,420.80,420.80,yahoo
2006-11-08,USO,427.20,427.20,yahoo
2006-11-09,USO,436,436,yahoo
2006-11-10,USO,426.40,426.40,yahoo
2006-11-13,USO,418.80,418.80,yahoo
2006-11-14,USO,417.12,417.12,yahoo
2006-11-15,USO,420,420,yahoo
2006-11-16,USO,404.72,404.72,yahoo
2006-11-17,USO,407.52,407.52,yahoo
2006-11-20,USO,407.76,407.76,yahoo
2006-11-21,USO,415.84,415.84,yahoo
2006-11-22,USO,410.48,410.48,yahoo
2006-11-24,USO,414.40,414.40,yahoo
2006-11-27,USO,418.40,418.40,yahoo
2006-11-28,USO,421.68,421.68,yahoo
2006-11-29,USO,433.12,433.12,yahoo
2006-11-30,USO,436.64,436.64,yahoo
2006-12-01,USO,440.40,440.40,yahoo
2006-12-04,USO,433.60,433.60,yahoo
2006-12-05,USO,434.40,434.40,yahoo
2006-12-06,USO,431.12,431.12,yahoo
2006-12-07,USO,430.88,430.88,yahoo
2006-12-08,USO,428.64,428.64,yahoo
2006-12-11,USO,424,424,yahoo
2006-12-12,USO,420.40,420.40,yahoo
2006-12-13,USO,423.04,423.04,yahoo
2006-12-14,USO,429.84,429.84,yahoo
2006-12-15,USO,434.40,434.40,yahoo
2006-12-18,USO,425.28,425.28,yahoo
2006-12-19,USO,432,432,yahoo
2006-12-20,USO,432.40,432.40,yahoo
2006-12-21,USO,426.72,426.72,yahoo
2006-12-22,USO,423.36,423.36,yahoo
2006-12-26,USO,413.12,413.12,yahoo
2006-12-27,USO,410.80,410.80,yahoo
2006-12-28,USO,410.40,410.40,yahoo
2006-12-29,USO,412.80,412.80,yahoo
2007-01-03,USO,395.20,395.20,yahoo
2007-01-04,USO,379.12,379.12,yahoo
2007-01-05,USO,382.64,382.64,yahoo
2007-01-08,USO,379.92,379.92,yahoo
2007-01-09,USO,378.40,378.40,yahoo
2007-01-10,USO,362.88,362.88,yahoo
2007-01-11,USO,354.72,354.72,yahoo
2007-01-12,USO,357.04,357.04,yahoo
2007-01-16,USO,346.72,346.72,yahoo
2007-01-17,USO,353.76,353.76,yahoo
2007-01-18,USO,345.84,345.84,yahoo
2007-01-19,USO,355.44,355.44,yahoo
2007-01-22,USO,350.72,350.72,yahoo
2007-01-23,USO,365.20,365.20,yahoo
2007-01-24,USO,368.80,368.80,yahoo
2007-01-25,USO,362.16,362.16,yahoo
2007-01-26,USO,370.24,370.24,yahoo
2007-01-29,USO,359.76,359.76,yahoo
2007-01-30,USO,378.88,378.88,yahoo
2007-01-31,USO,385.92,385.92,yahoo
2007-02-01,USO,382.72,382.72,yahoo
2007-02-02,USO,394.72,394.72,yahoo
2007-02-05,USO,392.80,392.80,yahoo
2007-02-06,USO,393.68,393.68,yahoo
2007-02-07,USO,386,386,yahoo
2007-02-08,USO,398,398,yahoo
2007-02-09,USO,399.92,399.92,yahoo
2007-02-12,USO,386.96,386.96,yahoo
2007-02-13,USO,394.88,394.88,yahoo
2007-02-14,USO,387.60,387.60,yahoo
2007-02-15,USO,386.80,386.80,yahoo
2007-02-16,USO,394.80,394.80,yahoo
2007-02-20,USO,389.36,389.36,yahoo
2007-02-21,USO,398.88,398.88,yahoo
2007-02-22,USO,402.64,402.64,yahoo
2007-02-23,USO,403.68,403.68,yahoo
2007-02-26,USO,407.20,407.20,yahoo
2007-02-27,USO,399.60,399.60,yahoo
2007-02-28,USO,409.44,409.44,yahoo
2007-03-01,USO,409.92,409.92,yahoo
2007-03-02,USO,408.08,408.08,yahoo
2007-03-05,USO,396.96,396.96,yahoo
2007-03-06,USO,402.56,402.56,yahoo
2007-03-07,USO,410.32,410.32,yahoo
2007-03-08,USO,410.32,410.32,yahoo
2007-03-09,USO,400.88,400.88,yahoo
2007-03-12,USO,394.80,394.80,yahoo
2007-03-13,USO,391.52,391.52,yahoo
2007-03-14,USO,393.12,393.12,yahoo
2007-03-15,USO,389.36,389.36,yahoo
2007-03-16,USO,387.36,387.36,yahoo
2007-03-19,USO,389.60,389.60,yahoo
2007-03-20,USO,387.68,387.68,yahoo
2007-03-21,USO,390.40,390.40,yahoo
2007-03-22,USO,401.44,401.44,yahoo
2007-03-23,USO,404.56,404.56,yahoo
2007-03-26,USO,409.36,409.36,yahoo
2007-03-27,USO,409.60,409.60,yahoo
2007-03-28,USO,416,416,yahoo
2007-03-29,USO,428.96,428.96,yahoo
2007-03-30,USO,426.80,426.80,yahoo
2007-04-02,USO,428.48,428.48,yahoo
2007-04-03,USO,419.68,419.68,yahoo
2007-04-04,USO,418.64,418.64,yahoo
2007-04-05,USO,416.08,416.08,yahoo
2007-04-09,USO,402.80,402.80,yahoo
2007-04-10,USO,404.88,404.88,yahoo
2007-04-11,USO,403.68,403.68,yahoo
2007-04-12,USO,413.20,413.20,yahoo
2007-04-13,USO,412.16,412.16,yahoo
2007-04-16,USO,409.60,409.60,yahoo
2007-04-17,USO,402.32,402.32,yahoo
2007-04-18,USO,401.12,401.12,yahoo
2007-04-19,USO,393.76,393.76,yahoo
2007-04-20,USO,400.40,400.40,yahoo
2007-04-23,USO,409.76,409.76,yahoo
2007-04-24,USO,403.12,403.12,yahoo
2007-04-25,USO,410.56,410.56,yahoo
2007-04-26,USO,407.52,407.52,yahoo
2007-04-27,USO,414.72,414.72,yahoo
2007-04-30,USO,409.92,409.92,yahoo
2007-05-01,USO,402.88,402.88,yahoo
2007-05-02,USO,396.72,396.72,yahoo
2007-05-03,USO,394.24,394.24,yahoo
2007-05-04,USO,386.40,386.40,yahoo
2007-05-07,USO,384.48,384.48,yahoo
2007-05-08,USO,389.12,389.12,yahoo
2007-05-09,USO,384.08,384.08,yahoo
2007-05-10,USO,385.20,385.20,yahoo
2007-05-11,USO,388.56,388.56,yahoo
2007-05-14,USO,388.48,388.48,yahoo
2007-05-15,USO,391.92,391.92,yahoo
2007-05-16,USO,388.24,388.24,yahoo
2007-05-17,USO,401.28,401.28,yahoo
2007-05-18,USO,400.80,400.80,yahoo
2007-05-21,USO,406.56,406.56,yahoo
2007-05-22,USO,399.36,399.36,yahoo
2007-05-23,USO,401.36,401.36,yahoo
2007-05-24,USO,391.44,391.44,yahoo
2007-05-25,USO,396,396,yahoo
2007-05-29,USO,387.20,387.20,yahoo
2007-05-30,USO,385.68,385.68,yahoo
2007-05-31,USO,391.68,391.68,yahoo
2007-06-01,USO,395.68,395.68,yahoo
2007-06-04,USO,402.80,402.80,yahoo
2007-06-05,USO,400.16,400.16,yahoo
2007-06-06,USO,402.48,402.48,yahoo
2007-06-07,USO,405.20,405.20,yahoo
2007-06-08,USO,392.48,392.48,yahoo
2007-06-11,USO,398.72,398.72,yahoo
2007-06-12,USO,396.48,396.48,yahoo
2007-06-13,USO,400.72,400.72,yahoo
2007-06-14,USO,408.80,408.80,yahoo
2007-06-15,USO,412.24,412.24,yahoo
2007-06-18,USO,417.12,417.12,yahoo
2007-06-19,USO,416.96,416.96,yahoo
2007-06-20,USO,412.40,412.40,yahoo
2007-06-21,USO,412.80,412.80,yahoo
2007-06-22,USO,415.12,415.12,yahoo
2007-06-25,USO,415.68,415.68,yahoo
2007-06-26,USO,408.96,408.96,yahoo
2007-06-27,USO,415.04,415.04,yahoo
2007-06-28,USO,419.76,419.76,yahoo
2007-06-29,USO,424,424,yahoo
2007-07-02,USO,428.24,428.24,yahoo
2007-07-03,USO,428.32,428.32,yahoo
2007-07-05,USO,433.20,433.20,yahoo
2007-07-06,USO,437.44,437.44,yahoo
2007-07-09,USO,434.80,434.80,yahoo
2007-07-10,USO,437.76,437.76,yahoo
2007-07-11,USO,437.28,437.28,yahoo
2007-07-12,USO,437.92,437.92,yahoo
2007-07-13,USO,444.32,444.32,yahoo
2007-07-16,USO,446.08,446.08,yahoo
2007-07-17,USO,445.12,445.12,yahoo
2007-07-18,USO,452.64,452.64,yahoo
2007-07-19,USO,456.64,456.64,yahoo
2007-07-20,USO,456,456,yahoo
2007-07-23,USO,451.04,451.04,yahoo
2007-07-24,USO,441.28,441.28,yahoo
2007-07-25,USO,459.52,459.52,yahoo
2007-07-26,USO,449.76,449.76,yahoo
2007-07-27,USO,461.92,461.92,yahoo
2007-07-30,USO,460,460,yahoo
2007-07-31,USO,468.24,468.24,yahoo
2007-08-01,USO,462.08,462.08,yahoo
2007-08-02,USO,461.60,461.60,yahoo
2007-08-03,USO,451.52,451.52,yahoo
2007-08-06,USO,433.60,433.60,yahoo
2007-08-07,USO,434.88,434.88,yahoo
2007-08-08,USO,434.16,434.16,yahoo
2007-08-09,USO,430.24,430.24,yahoo
2007-08-10,USO,429.12,429.12,yahoo
2007-08-13,USO,430.80,430.80,yahoo
2007-08-14,USO,433.84,433.84,yahoo
2007-08-15,USO,441.04,441.04,yahoo
2007-08-16,USO,428.64,428.64,yahoo
2007-08-17,USO,432.24,432.24,yahoo
2007-08-20,USO,428.32,428.32,yahoo
2007-08-21,USO,419.44,419.44,yahoo
2007-08-22,USO,418.80,418.80,yahoo
2007-08-23,USO,421.20,421.20,yahoo
2007-08-24,USO,429.12,429.12,yahoo
2007-08-27,USO,434.64,434.64,yahoo
2007-08-28,USO,432.24,432.24,yahoo
2007-08-29,USO,444.40,444.40,yahoo
2007-08-30,USO,444,444,yahoo
2007-08-31,USO,446.24,446.24,yahoo
2007-09-04,USO,454,454,yahoo
2007-09-05,USO,458.08,458.08,yahoo
2007-09-06,USO,461.04,461.04,yahoo
2007-09-07,USO,462.08,462.08,yahoo
2007-09-10,USO,470.32,470.32,yahoo
2007-09-11,USO,471.68,471.68,yahoo
2007-09-12,USO,480,480,yahoo
2007-09-13,USO,481.36,481.36,yahoo
2007-09-14,USO,478.32,478.32,yahoo
2007-09-17,USO,485.36,485.36,yahoo
2007-09-18,USO,496.40,496.40,yahoo
2007-09-19,USO,494.56,494.56,yahoo
2007-09-20,USO,501.20,501.20,yahoo
2007-09-21,USO,497.12,497.12,yahoo
2007-09-24,USO,494.56,494.56,yahoo
2007-09-25,USO,488.56,488.56,yahoo
2007-09-26,USO,493.60,493.60,yahoo
2007-09-27,USO,507.52,507.52,yahoo
2007-09-28,USO,500.40,500.40,yahoo
2007-10-01,USO,492.72,492.72,yahoo
2007-10-02,USO,493.04,493.04,yahoo
2007-10-03,USO,490.32,490.32,yahoo
2007-10-04,USO,500.88,500.88,yahoo
2007-10-05,USO,498.24,498.24,yahoo
2007-10-08,USO,486.08,486.08,yahoo
2007-10-09,USO,491.20,491.20,yahoo
2007-10-10,USO,499.20,499.20,yahoo
2007-10-11,USO,508.72,508.72,yahoo
2007-10-12,USO,512,512,yahoo
2007-10-15,USO,527.12,527.12,yahoo
2007-10-16,USO,535.84,535.84,yahoo
2007-10-17,USO,533.04,533.04,yahoo
2007-10-18,USO,545.36,545.36,yahoo
2007-10-19,USO,537.12,537.12,yahoo
2007-10-22,USO,532.32,532.32,yahoo
2007-10-23,USO,526.64,526.64,yahoo
2007-10-24,USO,543.84,543.84,yahoo
2007-10-25,USO,560.96,560.96,yahoo
2007-10-26,USO,569.36,569.36,yahoo
2007-10-29,USO,580,580,yahoo
2007-10-30,USO,556.32,556.32,yahoo
2007-10-31,USO,586.16,586.16,yahoo
2007-11-01,USO,577.36,577.36,yahoo
2007-11-02,USO,594.80,594.80,yahoo
2007-11-05,USO,588.32,588.32,yahoo
2007-11-06,USO,602.72,602.72,yahoo
2007-11-07,USO,595.84,595.84,yahoo
2007-11-08,USO,592.64,592.64,yahoo
2007-11-09,USO,598.16,598.16,yahoo
2007-11-12,USO,582.16,582.16,yahoo
2007-11-13,USO,567.44,567.44,yahoo
2007-11-14,USO,580.80,580.80,yahoo
2007-11-15,USO,578.40,578.40,yahoo
2007-11-16,USO,591.20,591.20,yahoo
2007-11-19,USO,595.92,595.92,yahoo
2007-11-20,USO,618.72,618.72,yahoo
2007-11-21,USO,611.52,611.52,yahoo
2007-11-23,USO,614.08,614.08,yahoo
2007-11-26,USO,610,610,yahoo
2007-11-27,USO,594.40,594.40,yahoo
2007-11-28,USO,574.40,574.40,yahoo
2007-11-29,USO,573.12,573.12,yahoo
2007-11-30,USO,559.28,559.28,yahoo
2007-12-03,USO,565.60,565.60,yahoo
2007-12-04,USO,555.20,555.20,yahoo
2007-12-05,USO,549.52,549.52,yahoo
2007-12-06,USO,568.16,568.16,yahoo
2007-12-07,USO,555.44,555.44,yahoo
2007-12-10,USO,554.88,554.88,yahoo
2007-12-11,USO,562.08,562.08,yahoo
2007-12-12,USO,591.20,591.20,yahoo
2007-12-13,USO,585.36,585.36,yahoo
2007-12-14,USO,578.08,578.08,yahoo
2007-12-17,USO,575.12,575.12,yahoo
2007-12-18,USO,568.88,568.88,yahoo
2007-12-19,USO,577.20,577.20,yahoo
2007-12-20,USO,576.80,576.80,yahoo
2007-12-21,USO,590.40,590.40,yahoo
2007-12-24,USO,591.60,591.60,yahoo
2007-12-26,USO,607.28,607.28,yahoo
2007-12-27,USO,610,610,yahoo
2007-12-28,USO,607.12,607.12,yahoo
2007-12-31,USO,606.08,606.08,yahoo
2008-01-02,USO,627.76,627.76,yahoo
2008-01-03,USO,626.96,626.96,yahoo
2008-01-04,USO,618.48,618.48,yahoo
2008-01-07,USO,604,604,yahoo
2008-01-08,USO,608.48,608.48,yahoo
2008-01-09,USO,602,602,yahoo
2008-01-10,USO,592.16,592.16,yahoo
2008-01-11,USO,584.72,584.72,yahoo
2008-01-14,USO,594,594,yahoo
2008-01-15,USO,582.24,582.24,yahoo
2008-01-16,USO,574.80,574.80,yahoo
2008-01-17,USO,568.24,568.24,yahoo
2008-01-18,USO,572.32,572.32,yahoo
2008-01-22,USO,564.40,564.40,yahoo
2008-01-23,USO,556,556,yahoo
2008-01-24,USO,567.44,567.44,yahoo
2008-01-25,USO,575.28,575.28,yahoo
2008-01-28,USO,578.80,578.80,yahoo
2008-01-29,USO,583.84,583.84,yahoo
2008-01-30,USO,584.64,584.64,yahoo
2008-01-31,USO,578.80,578.80,yahoo
2008-02-01,USO,563.76,563.76,yahoo
2008-02-04,USO,570.96,570.96,yahoo
2008-02-05,USO,561.20,561.20,yahoo
2008-02-06,USO,552.16,552.16,yahoo
2008-02-07,USO,558.40,558.40,yahoo
2008-02-08,USO,583.20,583.20,yahoo
2008-02-11,USO,596.40,596.40,yahoo
2008-02-12,USO,588.72,588.72,yahoo
2008-02-13,USO,592.88,592.88,yahoo
2008-02-14,USO,606.08,606.08,yahoo
2008-02-15,USO,607.44,607.44,yahoo
2008-02-19,USO,630.48,630.48,yahoo
2008-02-20,USO,634.56,634.56,yahoo
2008-02-21,USO,618.64,618.64,yahoo
2008-02-22,USO,628.80,628.80,yahoo
2008-02-25,USO,629.92,629.92,yahoo
2008-02-26,USO,640.80,640.80,yahoo
2008-02-27,USO,631.36,631.36,yahoo
2008-02-28,USO,651.84,651.84,yahoo
2008-02-29,USO,643.36,643.36,yahoo
2008-03-03,USO,650.56,650.56,yahoo
2008-03-04,USO,635.20,635.20,yahoo
2008-03-05,USO,666.40,666.40,yahoo
2008-03-06,USO,671.12,671.12,yahoo
2008-03-07,USO,669.84,669.84,yahoo
2008-03-10,USO,685.04,685.04,yahoo
2008-03-11,USO,690.72,690.72,yahoo
2008-03-12,USO,695.36,695.36,yahoo
2008-03-13,USO,697.68,697.68,yahoo
2008-03-14,USO,692.08,692.08,yahoo
2008-03-17,USO,666.40,666.40,yahoo
2008-03-18,USO,686.40,686.40,yahoo
2008-03-19,USO,658.32,658.32,yahoo
2008-03-20,USO,650.40,650.40,yahoo
2008-03-24,USO,642.08,642.08,yahoo
2008-03-25,USO,651.76,651.76,yahoo
2008-03-26,USO,678.48,678.48,yahoo
2008-03-27,USO,685.84,685.84,yahoo
2008-03-28,USO,674.96,674.96,yahoo
2008-03-31,USO,650.88,650.88,yahoo
2008-04-01,USO,648.48,648.48,yahoo
2008-04-02,USO,670.24,670.24,yahoo
2008-04-03,USO,669.20,669.20,yahoo
2008-04-04,USO,679.04,679.04,yahoo
2008-04-07,USO,695.44,695.44,yahoo
2008-04-08,USO,697.52,697.52,yahoo
2008-04-09,USO,711.20,711.20,yahoo
2008-04-10,USO,705.44,705.44,yahoo
2008-04-11,USO,707.84,707.84,yahoo
2008-04-14,USO,717.12,717.12,yahoo
2008-04-15,USO,731.52,731.52,yahoo
2008-04-16,USO,737.20,737.20,yahoo
2008-04-17,USO,738.96,738.96,yahoo
2008-04-18,USO,750.32,750.32,yahoo
2008-04-21,USO,755.04,755.04,yahoo
2008-04-22,USO,760.64,760.64,yahoo
2008-04-23,USO,761.44,761.44,yahoo
2008-04-24,USO,745.60,745.60,yahoo
2008-04-25,USO,765.28,765.28,yahoo
2008-04-28,USO,765.52,765.52,yahoo
2008-04-29,USO,743.92,743.92,yahoo
2008-04-30,USO,740,740,yahoo
2008-05-01,USO,723.04,723.04,yahoo
2008-05-02,USO,747.20,747.20,yahoo
2008-05-05,USO,773.92,773.92,yahoo
2008-05-06,USO,787.04,787.04,yahoo
2008-05-07,USO,798.40,798.40,yahoo
2008-05-08,USO,805.28,805.28,yahoo
2008-05-09,USO,816.96,816.96,yahoo
2008-05-12,USO,800.88,800.88,yahoo
2008-05-13,USO,813.68,813.68,yahoo
2008-05-14,USO,801.76,801.76,yahoo
2008-05-15,USO,801.68,801.68,yahoo
2008-05-16,USO,818.16,818.16,yahoo
2008-05-19,USO,822.40,822.40,yahoo
2008-05-20,USO,834.40,834.40,yahoo
2008-05-21,USO,866.48,866.48,yahoo
2008-05-22,USO,845.04,845.04,yahoo
2008-05-23,USO,855.60,855.60,yahoo
2008-05-27,USO,834.08,834.08,yahoo
2008-05-28,USO,847.36,847.36,yahoo
2008-05-29,USO,818.08,818.08,yahoo
2008-05-30,USO,824.48,824.48,yahoo
2008-06-02,USO,824.40,824.40,yahoo
2008-06-03,USO,805.20,805.20,yahoo
2008-06-04,USO,791.84,791.84,yahoo
2008-06-05,USO,831.60,831.60,yahoo
2008-06-06,USO,897.36,897.36,yahoo
2008-06-09,USO,872.40,872.40,yahoo
2008-06-10,USO,856.16,856.16,yahoo
2008-06-11,USO,887.92,887.92,yahoo
2008-06-12,USO,890.16,890.16,yahoo
2008-06-13,USO,873.60,873.60,yahoo
2008-06-16,USO,871.92,871.92,yahoo
2008-06-17,USO,869.44,869.44,yahoo
2008-06-18,USO,887.12,887.12,yahoo
2008-06-19,USO,855.28,855.28,yahoo
2008-06-20,USO,873.12,873.12,yahoo
2008-06-23,USO,887.36,887.36,yahoo
2008-06-24,USO,887.60,887.60,yahoo
2008-06-25,USO,868,868,yahoo
2008-06-26,USO,904.96,904.96,yahoo
2008-06-27,USO,910,910,yahoo
2008-06-30,USO,909.28,909.28,yahoo
2008-07-01,USO,916.72,916.72,yahoo
2008-07-02,USO,934.72,934.72,yahoo
2008-07-03,USO,934.56,934.56,yahoo
2008-07-07,USO,919.60,919.60,yahoo
2008-07-08,USO,879.36,879.36,yahoo
2008-07-09,USO,877.20,877.20,yahoo
2008-07-10,USO,914.72,914.72,yahoo
2008-07-11,USO,939.12,939.12,yahoo
2008-07-14,USO,939.84,939.84,yahoo
2008-07-15,USO,899.12,899.12,yahoo
2008-07-16,USO,874,874,yahoo
2008-07-17,USO,844.24,844.24,yahoo
2008-07-18,USO,835.52,835.52,yahoo
2008-07-21,USO,853.36,853.36,yahoo
2008-07-22,USO,826.56,826.56,yahoo
2008-07-23,USO,800.16,800.16,yahoo
2008-07-24,USO,811.68,811.68,yahoo
2008-07-25,USO,794.16,794.16,yahoo
2008-07-28,USO,804.32,804.32,yahoo
2008-07-29,USO,784.32,784.32,yahoo
2008-07-30,USO,817.04,817.04,yahoo
2008-07-31,USO,799.92,799.92,yahoo
2008-08-01,USO,808.32,808.32,yahoo
2008-08-04,USO,780.16,780.16,yahoo
2008-08-05,USO,764.72,764.72,yahoo
2008-08-06,USO,763.36,763.36,yahoo
2008-08-07,USO,771.52,771.52,yahoo
2008-08-08,USO,741.44,741.44,yahoo
2008-08-11,USO,740.08,740.08,yahoo
2008-08-12,USO,731.92,731.92,yahoo
2008-08-13,USO,750,750,yahoo
2008-08-14,USO,741.92,741.92,yahoo
2008-08-15,USO,734.40,734.40,yahoo
2008-08-18,USO,730.08,730.08,yahoo
2008-08-19,USO,741.92,741.92,yahoo
2008-08-20,USO,751.84,751.84,yahoo
2008-08-21,USO,785.68,785.68,yahoo
2008-08-22,USO,740.32,740.32,yahoo
2008-08-25,USO,744.80,744.80,yahoo
2008-08-26,USO,751.20,751.20,yahoo
2008-08-27,USO,765.28,765.28,yahoo
2008-08-28,USO,747.12,747.12,yahoo
2008-08-29,USO,742.96,742.96,yahoo
2008-09-02,USO,713.52,713.52,yahoo
2008-09-03,USO,707.52,707.52,yahoo
2008-09-04,USO,696.16,696.16,yahoo
2008-09-05,USO,688.48,688.48,yahoo
2008-09-08,USO,687.44,687.44,yahoo
2008-09-09,USO,658.80,658.80,yahoo
2008-09-10,USO,663.76,663.76,yahoo
2008-09-11,USO,651.92,651.92,yahoo
2008-09-12,USO,651.92,651.92,yahoo
2008-09-15,USO,610.40,610.40,yahoo
2008-09-16,USO,599.92,599.92,yahoo
2008-09-17,USO,620,620,yahoo
2008-09-18,USO,633.36,633.36,yahoo
2008-09-19,USO,661.04,661.04,yahoo
2008-09-22,USO,700.96,700.96,yahoo
2008-09-23,USO,689.04,689.04,yahoo
2008-09-24,USO,678.88,678.88,yahoo
2008-09-25,USO,693.52,693.52,yahoo
2008-09-26,USO,689.68,689.68,yahoo
2008-09-29,USO,616.72,616.72,yahoo
2008-09-30,USO,656.08,656.08,yahoo
2008-10-01,USO,636.72,636.72,yahoo
2008-10-02,USO,606.56,606.56,yahoo
2008-10-03,USO,602,602,yahoo
2008-10-06,USO,572.88,572.88,yahoo
2008-10-07,USO,579.92,579.92,yahoo
2008-10-08,USO,578.08,578.08,yahoo
2008-10-09,USO,556.80,556.80,yahoo
2008-10-10,USO,532,532,yahoo
2008-10-13,USO,542.24,542.24,yahoo
2008-10-14,USO,520.24,520.24,yahoo
2008-10-15,USO,485.84,485.84,yahoo
2008-10-16,USO,474.72,474.72,yahoo
2008-10-17,USO,474.96,474.96,yahoo
2008-10-20,USO,494.40,494.40,yahoo
2008-10-21,USO,470.16,470.16,yahoo
2008-10-22,USO,439.44,439.44,yahoo
2008-10-23,USO,452.80,452.80,yahoo
2008-10-24,USO,424,424,yahoo
2008-10-27,USO,406.80,406.80,yahoo
2008-10-28,USO,425.76,425.76,yahoo
2008-10-29,USO,445.44,445.44,yahoo
2008-10-30,USO,432,432,yahoo
2008-10-31,USO,444.72,444.72,yahoo
2008-11-03,USO,419.92,419.92,yahoo
2008-11-04,USO,459.04,459.04,yahoo
2008-11-05,USO,430.72,430.72,yahoo
2008-11-06,USO,401.20,401.20,yahoo
2008-11-07,USO,400.32,400.32,yahoo
2008-11-10,USO,409.84,409.84,yahoo
2008-11-11,USO,384.88,384.88,yahoo
2008-11-12,USO,366,366,yahoo
2008-11-13,USO,392,392,yahoo
2008-11-14,USO,369.44,369.44,yahoo
2008-11-17,USO,361.28,361.28,yahoo
2008-11-18,USO,358.16,358.16,yahoo
2008-11-19,USO,346.08,346.08,yahoo
2008-11-20,USO,316.40,316.40,yahoo
2008-11-21,USO,328,328,yahoo
2008-11-24,USO,353.04,353.04,yahoo
2008-11-25,USO,330.88,330.88,yahoo
2008-11-26,USO,356.32,356.32,yahoo
2008-11-28,USO,336.72,336.72,yahoo
2008-12-01,USO,319.12,319.12,yahoo
2008-12-02,USO,308,308,yahoo
2008-12-03,USO,304.40,304.40,yahoo
2008-12-04,USO,283.28,283.28,yahoo
2008-12-05,USO,274,274,yahoo
2008-12-08,USO,288.96,288.96,yahoo
2008-12-09,USO,275.60,275.60,yahoo
2008-12-10,USO,286.48,286.48,yahoo
2008-12-11,USO,309.12,309.12,yahoo
2008-12-12,USO,304.80,304.80,yahoo
2008-12-15,USO,294.72,294.72,yahoo
2008-12-16,USO,291.52,291.52,yahoo
2008-12-17,USO,278.48,278.48,yahoo
2008-12-18,USO,261.84,261.84,yahoo
2008-12-19,USO,264.48,264.48,yahoo
2008-12-22,USO,245.04,245.04,yahoo
2008-12-23,USO,240,240,yahoo
2008-12-24,USO,232.16,232.16,yahoo
2008-12-26,USO,232.80,232.80,yahoo
2008-12-29,USO,247.36,247.36,yahoo
2008-12-30,USO,241.60,241.60,yahoo
2008-12-31,USO,264.80,264.80,yahoo
2009-01-02,USO,285.04,285.04,yahoo
2009-01-05,USO,298.40,298.40,yahoo
2009-01-06,USO,298,298,yahoo
2009-01-07,USO,266.16,266.16,yahoo
2009-01-08,USO,265.60,265.60,yahoo
2009-01-09,USO,258.96,258.96,yahoo
2009-01-12,USO,245.20,245.20,yahoo
2009-01-13,USO,254.72,254.72,yahoo
2009-01-14,USO,249.84,249.84,yahoo
2009-01-15,USO,241.44,241.44,yahoo
2009-01-16,USO,238.88,238.88,yahoo
2009-01-20,USO,229.28,229.28,yahoo
2009-01-21,USO,248.24,248.24,yahoo
2009-01-22,USO,240.16,240.16,yahoo
2009-01-23,USO,258.64,258.64,yahoo
2009-01-26,USO,257.12,257.12,yahoo
2009-01-27,USO,236,236,yahoo
2009-01-28,USO,238,238,yahoo
2009-01-29,USO,233.76,233.76,yahoo
2009-01-30,USO,233.76,233.76,yahoo
2009-02-02,USO,227.20,227.20,yahoo
2009-02-03,USO,230.96,230.96,yahoo
2009-02-04,USO,226.16,226.16,yahoo
2009-02-05,USO,230.48,230.48,yahoo
2009-02-06,USO,225.60,225.60,yahoo
2009-02-09,USO,226,226,yahoo
2009-02-10,USO,215.28,215.28,yahoo
2009-02-11,USO,208.64,208.64,yahoo
2009-02-12,USO,209.04,209.04,yahoo
2009-02-13,USO,204.80,204.80,yahoo
2009-02-17,USO,187.68,187.68,yahoo
2009-02-18,USO,182.88,182.88,yahoo
2009-02-19,USO,194.24,194.24,yahoo
2009-02-20,USO,194.80,194.80,yahoo
2009-02-23,USO,186.56,186.56,yahoo
2009-02-24,USO,195.52,195.52,yahoo
2009-02-25,USO,208,208,yahoo
2009-02-26,USO,217.84,217.84,yahoo
2009-02-27,USO,216.40,216.40,yahoo
2009-03-02,USO,195.84,195.84,yahoo
2009-03-03,USO,203.12,203.12,yahoo
2009-03-04,USO,220.88,220.88,yahoo
2009-03-05,USO,212.48,212.48,yahoo
2009-03-06,USO,223.92,223.92,yahoo
2009-03-09,USO,229.20,229.20,yahoo
2009-03-10,USO,222.64,222.64,yahoo
2009-03-11,USO,210.40,210.40,yahoo
2009-03-12,USO,225.84,225.84,yahoo
2009-03-13,USO,221.04,221.04,yahoo
2009-03-16,USO,226,226,yahoo
2009-03-17,USO,235.52,235.52,yahoo
2009-03-18,USO,236.88,236.88,yahoo
2009-03-19,USO,242.88,242.88,yahoo
2009-03-20,USO,246.08,246.08,yahoo
2009-03-23,USO,254.24,254.24,yahoo
2009-03-24,USO,252.88,252.88,yahoo
2009-03-25,USO,249.68,249.68,yahoo
2009-03-26,USO,256.16,256.16,yahoo
2009-03-27,USO,246,246,yahoo
2009-03-30,USO,229.60,229.60,yahoo
2009-03-31,USO,232.40,232.40,yahoo
2009-04-01,USO,228.64,228.64,yahoo
2009-04-02,USO,247.84,247.84,yahoo
2009-04-03,USO,247.44,247.44,yahoo
2009-04-06,USO,241.84,241.84,yahoo
2009-04-07,USO,231.52,231.52,yahoo
2009-04-08,USO,235.92,235.92,yahoo
2009-04-09,USO,245.52,245.52,yahoo
2009-04-13,USO,237.44,237.44,yahoo
2009-04-14,USO,233.68,233.68,yahoo
2009-04-15,USO,234.48,234.48,yahoo
2009-04-16,USO,234.32,234.32,yahoo
2009-04-17,USO,235.60,235.60,yahoo
2009-04-20,USO,217.76,217.76,yahoo
2009-04-21,USO,218.64,218.64,yahoo
2009-04-22,USO,218.72,218.72,yahoo
2009-04-23,USO,223.04,223.04,yahoo
2009-04-24,USO,231.20,231.20,yahoo
2009-04-27,USO,224.64,224.64,yahoo
2009-04-28,USO,222.80,222.80,yahoo
2009-04-29,USO,228.48,228.48,yahoo
2009-04-30,USO,229.04,229.04,yahoo
2009-05-01,USO,236.96,236.96,yahoo
2009-05-04,USO,244.48,244.48,yahoo
2009-05-05,USO,241.20,241.20,yahoo
2009-05-06,USO,251.44,251.44,yahoo
2009-05-07,USO,251.92,251.92,yahoo
2009-05-08,USO,259.92,259.92,yahoo
2009-05-11,USO,258.32,258.32,yahoo
2009-05-12,USO,261.04,261.04,yahoo
2009-05-13,USO,257.52,257.52,yahoo
2009-05-14,USO,259.20,259.20,yahoo
2009-05-15,USO,250.40,250.40,yahoo
2009-05-18,USO,261.68,261.68,yahoo
2009-05-19,USO,262.32,262.32,yahoo
2009-05-20,USO,270.96,270.96,yahoo
2009-05-21,USO,267.04,267.04,yahoo
2009-05-22,USO,269.60,269.60,yahoo
2009-05-26,USO,272.88,272.88,yahoo
2009-05-27,USO,276.64,276.64,yahoo
2009-05-28,USO,282.72,282.72,yahoo
2009-05-29,USO,291.20,291.20,yahoo
2009-06-01,USO,299.44,299.44,yahoo
2009-06-02,USO,300.88,300.88,yahoo
2009-06-03,USO,290,290,yahoo
2009-06-04,USO,301.52,301.52,yahoo
2009-06-05,USO,299.20,299.20,yahoo
2009-06-08,USO,300.32,300.32,yahoo
2009-06-09,USO,305.52,305.52,yahoo
2009-06-10,USO,311.76,311.76,yahoo
2009-06-11,USO,317.44,317.44,yahoo
2009-06-12,USO,315.44,315.44,yahoo
2009-06-15,USO,308.16,308.16,yahoo
2009-06-16,USO,308.08,308.08,yahoo
2009-06-17,USO,309.60,309.60,yahoo
2009-06-18,USO,310.80,310.80,yahoo
2009-06-19,USO,303.76,303.76,yahoo
2009-06-22,USO,290,290,yahoo
2009-06-23,USO,299.28,299.28,yahoo
2009-06-24,USO,296.72,296.72,yahoo
2009-06-25,USO,304.40,304.40,yahoo
2009-06-26,USO,300.08,300.08,yahoo
2009-06-29,USO,309.36,309.36,yahoo
2009-06-30,USO,303.44,303.44,yahoo
2009-07-01,USO,299.68,299.68,yahoo
2009-07-02,USO,288.40,288.40,yahoo
2009-07-06,USO,277.68,277.68,yahoo
2009-07-07,USO,270.48,270.48,yahoo
2009-07-08,USO,260.56,260.56,yahoo
2009-07-09,USO,262.16,262.16,yahoo
2009-07-10,USO,259.04,259.04,yahoo
2009-07-13,USO,258.96,258.96,yahoo
2009-07-14,USO,256.88,256.88,yahoo
2009-07-15,USO,267.76,267.76,yahoo
2009-07-16,USO,268.48,268.48,yahoo
2009-07-17,USO,273.92,273.92,yahoo
2009-07-20,USO,278.64,278.64,yahoo
2009-07-21,USO,279.52,279.52,yahoo
2009-07-22,USO,278.48,278.48,yahoo
2009-07-23,USO,286.32,286.32,yahoo
2009-07-24,USO,289.76,289.76,yahoo
2009-07-27,USO,290.56,290.56,yahoo
2009-07-28,USO,286.08,286.08,yahoo
2009-07-29,USO,267.76,267.76,yahoo
2009-07-30,USO,283.92,283.92,yahoo
2009-07-31,USO,294.48,294.48,yahoo
2009-08-03,USO,303.36,303.36,yahoo
2009-08-04,USO,303.76,303.76,yahoo
2009-08-05,USO,305.60,305.60,yahoo
2009-08-06,USO,306.16,306.16,yahoo
2009-08-07,USO,301.20,301.20,yahoo
2009-08-10,USO,301.68,301.68,yahoo
2009-08-11,USO,294.88,294.88,yahoo
2009-08-12,USO,298.80,298.80,yahoo
2009-08-13,USO,302.40,302.40,yahoo
2009-08-14,USO,288.24,288.24,yahoo
2009-08-17,USO,284.16,284.16,yahoo
2009-08-18,USO,294.88,294.88,yahoo
2009-08-19,USO,304.96,304.96,yahoo
2009-08-20,USO,301.36,301.36,yahoo
2009-08-21,USO,305.84,305.84,yahoo
2009-08-24,USO,306.40,306.40,yahoo
2009-08-25,USO,297.36,297.36,yahoo
2009-08-26,USO,295.60,295.60,yahoo
2009-08-27,USO,301.76,301.76,yahoo
2009-08-28,USO,301.28,301.28,yahoo
2009-08-31,USO,288.40,288.40,yahoo
2009-09-01,USO,282.16,282.16,yahoo
2009-09-02,USO,281.44,281.44,yahoo
2009-09-03,USO,282.56,282.56,yahoo
2009-09-04,USO,281.04,281.04,yahoo
2009-09-08,USO,295.52,295.52,yahoo
2009-09-09,USO,295.52,295.52,yahoo
2009-09-10,USO,298.96,298.96,yahoo
2009-09-11,USO,286.56,286.56,yahoo
2009-09-14,USO,285.68,285.68,yahoo
2009-09-15,USO,293.60,293.60,yahoo
2009-09-16,USO,299.44,299.44,yahoo
2009-09-17,USO,299.92,299.92,yahoo
2009-09-18,USO,296.96,296.96,yahoo
2009-09-21,USO,286.80,286.80,yahoo
2009-09-22,USO,295.84,295.84,yahoo
2009-09-23,USO,281.04,281.04,yahoo
2009-09-24,USO,271.76,271.76,yahoo
2009-09-25,USO,272,272,yahoo
2009-09-28,USO,276.08,276.08,yahoo
2009-09-29,USO,274.48,274.48,yahoo
2009-09-30,USO,289.52,289.52,yahoo
2009-10-01,USO,289.84,289.84,yahoo
2009-10-02,USO,286.96,286.96,yahoo
2009-10-05,USO,289.44,289.44,yahoo
2009-10-06,USO,292.32,292.32,yahoo
2009-10-07,USO,287.68,287.68,yahoo
2009-10-08,USO,293.44,293.44,yahoo
2009-10-09,USO,297.28,297.28,yahoo
2009-10-12,USO,301.52,301.52,yahoo
2009-10-13,USO,305.20,305.20,yahoo
2009-10-14,USO,308.88,308.88,yahoo
2009-10-15,USO,319.28,319.28,yahoo
2009-10-16,USO,323.60,323.60,yahoo
2009-10-19,USO,326.08,326.08,yahoo
2009-10-20,USO,323.12,323.12,yahoo
2009-10-21,USO,330.64,330.64,yahoo
2009-10-22,USO,331.76,331.76,yahoo
2009-10-23,USO,327.28,327.28,yahoo
2009-10-26,USO,321.04,321.04,yahoo
2009-10-27,USO,324.72,324.72,yahoo
2009-10-28,USO,315.68,315.68,yahoo
2009-10-29,USO,327.20,327.20,yahoo
2009-10-30,USO,314.56,314.56,yahoo
2009-11-02,USO,319.76,319.76,yahoo
2009-11-03,USO,324.96,324.96,yahoo
2009-11-04,USO,327.92,327.92,yahoo
2009-11-05,USO,326.40,326.40,yahoo
2009-11-06,USO,317.60,317.60,yahoo
2009-11-09,USO,324,324,yahoo
2009-11-10,USO,323.28,323.28,yahoo
2009-11-11,USO,324.40,324.40,yahoo
2009-11-12,USO,314.16,314.16,yahoo
2009-11-13,USO,312.96,312.96,yahoo
2009-11-16,USO,322.32,322.32,yahoo
2009-11-17,USO,323.84,323.84,yahoo
2009-11-18,USO,325.36,325.36,yahoo
2009-11-19,USO,317.28,317.28,yahoo
2009-11-20,USO,315.36,315.36,yahoo
2009-11-23,USO,315.04,315.04,yahoo
2009-11-24,USO,308.64,308.64,yahoo
2009-11-25,USO,316,316,yahoo
2009-11-27,USO,308,308,yahoo
2009-11-30,USO,313.20,313.20,yahoo
2009-12-01,USO,316.96,316.96,yahoo
2009-12-02,USO,310.72,310.72,yahoo
2009-12-03,USO,308.16,308.16,yahoo
2009-12-04,USO,306.64,306.64,yahoo
2009-12-07,USO,299.92,299.92,yahoo
2009-12-08,USO,294.80,294.80,yahoo
2009-12-09,USO,286.96,286.96,yahoo
2009-12-10,USO,285.84,285.84,yahoo
2009-12-11,USO,283.84,283.84,yahoo
2009-12-14,USO,284.64,284.64,yahoo
2009-12-15,USO,287.44,287.44,yahoo
2009-12-16,USO,293.92,293.92,yahoo
2009-12-17,USO,290.88,290.88,yahoo
2009-12-18,USO,293.28,293.28,yahoo
2009-12-21,USO,289.28,289.28,yahoo
2009-12-22,USO,292.48,292.48,yahoo
2009-12-23,USO,301.92,301.92,yahoo
2009-12-24,USO,305.60,305.60,yahoo
2009-12-28,USO,310.88,310.88,yahoo
2009-12-29,USO,310.72,310.72,yahoo
2009-12-30,USO,313.12,313.12,yahoo
2009-12-31,USO,314.24,314.24,yahoo
2010-01-04,USO,322.16,322.16,yahoo
2010-01-05,USO,323.28,323.28,yahoo
2010-01-06,USO,327.76,327.76,yahoo
2010-01-07,USO,325.76,325.76,yahoo
2010-01-08,USO,327.44,327.44,yahoo
2010-01-11,USO,324.32,324.32,yahoo
2010-01-12,USO,317.04,317.04,yahoo
2010-01-13,USO,313.68,313.68,yahoo
2010-01-14,USO,312.48,312.48,yahoo
2010-01-15,USO,307.20,307.20,yahoo
2010-01-19,USO,311.44,311.44,yahoo
2010-01-20,USO,303.12,303.12,yahoo
2010-01-21,USO,297.92,297.92,yahoo
2010-01-22,USO,290.72,290.72,yahoo
2010-01-25,USO,294.48,294.48,yahoo
2010-01-26,USO,292,292,yahoo
2010-01-27,USO,288.64,288.64,yahoo
2010-01-28,USO,289.28,289.28,yahoo
2010-01-29,USO,285.12,285.12,yahoo
2010-02-01,USO,293.76,293.76,yahoo
2010-02-02,USO,300.24,300.24,yahoo
2010-02-03,USO,301.20,301.20,yahoo
2010-02-04,USO,286.40,286.40,yahoo
2010-02-05,USO,281.68,281.68,yahoo
2010-02-08,USO,280.72,280.72,yahoo
2010-02-09,USO,289.68,289.68,yahoo
2010-02-10,USO,292.08,292.08,yahoo
2010-02-11,USO,294.24,294.24,yahoo
2010-02-12,USO,290.48,290.48,yahoo
2010-02-16,USO,302.32,302.32,yahoo
2010-02-17,USO,303.76,303.76,yahoo
2010-02-18,USO,309.84,309.84,yahoo
2010-02-19,USO,312.72,312.72,yahoo
2010-02-22,USO,312.24,312.24,yahoo
2010-02-23,USO,306.64,306.64,yahoo
2010-02-24,USO,311.92,311.92,yahoo
2010-02-25,USO,304.88,304.88,yahoo
2010-02-26,USO,310.56,310.56,yahoo
2010-03-01,USO,306.80,306.80,yahoo
2010-03-02,USO,310.40,310.40,yahoo
2010-03-03,USO,315.20,315.20,yahoo
2010-03-04,USO,313.20,313.20,yahoo
2010-03-05,USO,318.80,318.80,yahoo
2010-03-08,USO,318.32,318.32,yahoo
2010-03-09,USO,316.40,316.40,yahoo
2010-03-10,USO,319.20,319.20,yahoo
2010-03-11,USO,320.40,320.40,yahoo
2010-03-12,USO,316.08,316.08,yahoo
2010-03-15,USO,310.64,310.64,yahoo
2010-03-16,USO,318.32,318.32,yahoo
2010-03-17,USO,321.84,321.84,yahoo
2010-03-18,USO,319.36,319.36,yahoo
2010-03-19,USO,313.60,313.60,yahoo
2010-03-22,USO,316.48,316.48,yahoo
2010-03-23,USO,317.60,317.60,yahoo
2010-03-24,USO,311.52,311.52,yahoo
2010-03-25,USO,311.20,311.20,yahoo
2010-03-26,USO,310.64,310.64,yahoo
2010-03-29,USO,319.68,319.68,yahoo
2010-03-30,USO,319.60,319.60,yahoo
2010-03-31,USO,322.32,322.32,yahoo
2010-04-01,USO,329.92,329.92,yahoo
2010-04-05,USO,336.56,336.56,yahoo
2010-04-06,USO,336.16,336.16,yahoo
2010-04-07,USO,332.16,332.16,yahoo
2010-04-08,USO,331.52,331.52,yahoo
2010-04-09,USO,329.36,329.36,yahoo
2010-04-12,USO,327.44,327.44,yahoo
2010-04-13,USO,327.12,327.12,yahoo
2010-04-14,USO,334.08,334.08,yahoo
2010-04-15,USO,333.68,333.68,yahoo
2010-04-16,USO,324.80,324.80,yahoo
2010-04-19,USO,320.88,320.88,yahoo
2010-04-20,USO,322.40,322.40,yahoo
2010-04-21,USO,322.16,322.16,yahoo
2010-04-22,USO,322.40,322.40,yahoo
2010-04-23,USO,327.60,327.60,yahoo
2010-04-26,USO,322.80,322.80,yahoo
2010-04-27,USO,314.96,314.96,yahoo
2010-04-28,USO,319.76,319.76,yahoo
2010-04-29,USO,328.32,328.32,yahoo
2010-04-30,USO,330.64,330.64,yahoo
2010-05-03,USO,331.68,331.68,yahoo
2010-05-04,USO,317.60,317.60,yahoo
2010-05-05,USO,306.48,306.48,yahoo
2010-05-06,USO,295.68,295.68,yahoo
2010-05-07,USO,290.48,290.48,yahoo
2010-05-10,USO,297.84,297.84,yahoo
2010-05-11,USO,294.08,294.08,yahoo
2010-05-12,USO,294.16,294.16,yahoo
2010-05-13,USO,289.04,289.04,yahoo
2010-05-14,USO,278.48,278.48,yahoo
2010-05-17,USO,271.04,271.04,yahoo
2010-05-18,USO,267.76,267.76,yahoo
2010-05-19,USO,268.08,268.08,yahoo
2010-05-20,USO,257.60,257.60,yahoo
2010-05-21,USO,258.16,258.16,yahoo
2010-05-24,USO,257.36,257.36,yahoo
2010-05-25,USO,254.80,254.80,yahoo
2010-05-26,USO,260.72,260.72,yahoo
2010-05-27,USO,274.48,274.48,yahoo
2010-05-28,USO,272.32,272.32,yahoo
2010-06-01,USO,265.44,265.44,yahoo
2010-06-02,USO,270.32,270.32,yahoo
2010-06-03,USO,274.08,274.08,yahoo
2010-06-04,USO,261.44,261.44,yahoo
2010-06-07,USO,260.72,260.72,yahoo
2010-06-08,USO,265.52,265.52,yahoo
2010-06-09,USO,271.60,271.60,yahoo
2010-06-10,USO,278.16,278.16,yahoo
2010-06-11,USO,273.84,273.84,yahoo
2010-06-14,USO,274.64,274.64,yahoo
2010-06-15,USO,281.84,281.84,yahoo
2010-06-16,USO,283.92,283.92,yahoo
2010-06-17,USO,281.12,281.12,yahoo
2010-06-18,USO,283.28,283.28,yahoo
2010-06-21,USO,282.64,282.64,yahoo
2010-06-22,USO,280,280,yahoo
2010-06-23,USO,273.92,273.92,yahoo
2010-06-24,USO,275.12,275.12,yahoo
2010-06-25,USO,285.28,285.28,yahoo
2010-06-28,USO,281.68,281.68,yahoo
2010-06-29,USO,273.36,273.36,yahoo
2010-06-30,USO,271.68,271.68,yahoo
2010-07-01,USO,262.96,262.96,yahoo
2010-07-02,USO,260.80,260.80,yahoo
2010-07-06,USO,260.88,260.88,yahoo
2010-07-07,USO,269.20,269.20,yahoo
2010-07-08,USO,273.84,273.84,yahoo
2010-07-09,USO,274.72,274.72,yahoo
2010-07-12,USO,270.24,270.24,yahoo
2010-07-13,USO,277.92,277.92,yahoo
2010-07-14,USO,277.28,277.28,yahoo
2010-07-15,USO,276.64,276.64,yahoo
2010-07-16,USO,273.28,273.28,yahoo
2010-07-19,USO,275.68,275.68,yahoo
2010-07-20,USO,278.56,278.56,yahoo
2010-07-21,USO,273.60,273.60,yahoo
2010-07-22,USO,283.36,283.36,yahoo
2010-07-23,USO,283.12,283.12,yahoo
2010-07-26,USO,282.80,282.80,yahoo
2010-07-27,USO,277.36,277.36,yahoo
2010-07-28,USO,274.88,274.88,yahoo
2010-07-29,USO,280.48,280.48,yahoo
2010-07-30,USO,282.72,282.72,yahoo
2010-08-02,USO,291.84,291.84,yahoo
2010-08-03,USO,295.28,295.28,yahoo
2010-08-04,USO,295.20,295.20,yahoo
2010-08-05,USO,293.68,293.68,yahoo
2010-08-06,USO,289.60,289.60,yahoo
2010-08-09,USO,292.24,292.24,yahoo
2010-08-10,USO,286.96,286.96,yahoo
2010-08-11,USO,277.92,277.92,yahoo
2010-08-12,USO,271.36,271.36,yahoo
2010-08-13,USO,270.32,270.32,yahoo
2010-08-16,USO,268.88,268.88,yahoo
2010-08-17,USO,270.96,270.96,yahoo
2010-08-18,USO,269.44,269.44,yahoo
2010-08-19,USO,266,266,yahoo
2010-08-20,USO,263.60,263.60,yahoo
2010-08-23,USO,259.44,259.44,yahoo
2010-08-24,USO,254.16,254.16,yahoo
2010-08-25,USO,258.96,258.96,yahoo
2010-08-26,USO,260.96,260.96,yahoo
2010-08-27,USO,268.56,268.56,yahoo
2010-08-30,USO,264.16,264.16,yahoo
2010-08-31,USO,255.36,255.36,yahoo
2010-09-01,USO,263.60,263.60,yahoo
2010-09-02,USO,267.12,267.12,yahoo
2010-09-03,USO,264.72,264.72,yahoo
2010-09-07,USO,262.16,262.16,yahoo
2010-09-08,USO,265.12,265.12,yahoo
2010-09-09,USO,263.12,263.12,yahoo
2010-09-10,USO,270.16,270.16,yahoo
2010-09-13,USO,272.24,272.24,yahoo
2010-09-14,USO,271.12,271.12,yahoo
2010-09-15,USO,267.92,267.92,yahoo
2010-09-16,USO,263.84,263.84,yahoo
2010-09-17,USO,261.20,261.20,yahoo
2010-09-20,USO,265.76,265.76,yahoo
2010-09-21,USO,261.20,261.20,yahoo
2010-09-22,USO,260.64,260.64,yahoo
2010-09-23,USO,261.36,261.36,yahoo
2010-09-24,USO,267.20,267.20,yahoo
2010-09-27,USO,265.92,265.92,yahoo
2010-09-28,USO,265.52,265.52,yahoo
2010-09-29,USO,271.52,271.52,yahoo
2010-09-30,USO,278.72,278.72,yahoo
2010-10-01,USO,285.04,285.04,yahoo
2010-10-04,USO,284.72,284.72,yahoo
2010-10-05,USO,288.72,288.72,yahoo
2010-10-06,USO,290.24,290.24,yahoo
2010-10-07,USO,283.68,283.68,yahoo
2010-10-08,USO,289.20,289.20,yahoo
2010-10-11,USO,284.80,284.80,yahoo
2010-10-12,USO,285.20,285.20,yahoo
2010-10-13,USO,289.28,289.28,yahoo
2010-10-14,USO,288,288,yahoo
2010-10-15,USO,283.76,283.76,yahoo
2010-10-18,USO,290.24,290.24,yahoo
2010-10-19,USO,276.96,276.96,yahoo
2010-10-20,USO,284.72,284.72,yahoo
2010-10-21,USO,278.80,278.80,yahoo
2010-10-22,USO,283.92,283.92,yahoo
2010-10-25,USO,284.56,284.56,yahoo
2010-10-26,USO,285.44,285.44,yahoo
2010-10-27,USO,283.36,283.36,yahoo
2010-10-28,USO,283.12,283.12,yahoo
2010-10-29,USO,281.36,281.36,yahoo
2010-11-01,USO,286.48,286.48,yahoo
2010-11-02,USO,290.16,290.16,yahoo
2010-11-03,USO,293.92,293.92,yahoo
2010-11-04,USO,299.92,299.92,yahoo
2010-11-05,USO,301.20,301.20,yahoo
2010-11-08,USO,300.24,300.24,yahoo
2010-11-09,USO,296.40,296.40,yahoo
2010-11-10,USO,304.32,304.32,yahoo
2010-11-11,USO,302.72,302.72,yahoo
2010-11-12,USO,291.76,291.76,yahoo
2010-11-15,USO,292,292,yahoo
2010-11-16,USO,283.60,283.60,yahoo
2010-11-17,USO,277.84,277.84,yahoo
2010-11-18,USO,284,284,yahoo
2010-11-19,USO,281.76,281.76,yahoo
2010-11-22,USO,280.40,280.40,yahoo
2010-11-23,USO,279.60,279.60,yahoo
2010-11-24,USO,288.64,288.64,yahoo
2010-11-26,USO,287.76,287.76,yahoo
2010-11-29,USO,294.24,294.24,yahoo
2010-11-30,USO,288.32,288.32,yahoo
2010-12-01,USO,297.60,297.60,yahoo
2010-12-02,USO,302.16,302.16,yahoo
2010-12-03,USO,306.48,306.48,yahoo
2010-12-06,USO,305.76,305.76,yahoo
2010-12-07,USO,302.40,302.40,yahoo
2010-12-08,USO,303.68,303.68,yahoo
2010-12-09,USO,303.52,303.52,yahoo
2010-12-10,USO,301.28,301.28,yahoo
2010-12-13,USO,303.12,303.12,yahoo
2010-12-14,USO,303.20,303.20,yahoo
2010-12-15,USO,303.92,303.92,yahoo
2010-12-16,USO,302.16,302.16,yahoo
2010-12-17,USO,302.48,302.48,yahoo
2010-12-20,USO,304.40,304.40,yahoo
2010-12-21,USO,306.32,306.32,yahoo
2010-12-22,USO,309.12,309.12,yahoo
2010-12-23,USO,311.84,311.84,yahoo
2010-12-27,USO,309.68,309.68,yahoo
2010-12-28,USO,311.28,311.28,yahoo
2010-12-29,USO,310.56,310.56,yahoo
2010-12-30,USO,304.96,304.96,yahoo
2010-12-31,USO,312,312,yahoo
2011-01-03,USO,312.40,312.40,yahoo
2011-01-04,USO,304.64,304.64,yahoo
2011-01-05,USO,308.16,308.16,yahoo
2011-01-06,USO,301.44,301.44,yahoo
2011-01-07,USO,301.36,301.36,yahoo
2011-01-10,USO,305.36,305.36,yahoo
2011-01-11,USO,311.04,311.04,yahoo
2011-01-12,USO,311.92,311.92,yahoo
2011-01-13,USO,309.20,309.20,yahoo
2011-01-14,USO,311.36,311.36,yahoo
2011-01-18,USO,309.84,309.84,yahoo
2011-01-19,USO,308.32,308.32,yahoo
2011-01-20,USO,300.56,300.56,yahoo
2011-01-21,USO,300.08,300.08,yahoo
2011-01-24,USO,295.44,295.44,yahoo
2011-01-25,USO,290.16,290.16,yahoo
2011-01-26,USO,294.80,294.80,yahoo
2011-01-27,USO,287.52,287.52,yahoo
2011-01-28,USO,300.64,300.64,yahoo
2011-01-31,USO,308.88,308.88,yahoo
2011-02-01,USO,304.56,304.56,yahoo
2011-02-02,USO,305.44,305.44,yahoo
2011-02-03,USO,304.72,304.72,yahoo
2011-02-04,USO,298.72,298.72,yahoo
2011-02-07,USO,293.28,293.28,yahoo
2011-02-08,USO,293.12,293.12,yahoo
2011-02-09,USO,292,292,yahoo
2011-02-10,USO,292.32,292.32,yahoo
2011-02-11,USO,288.40,288.40,yahoo
2011-02-14,USO,287.04,287.04,yahoo
2011-02-15,USO,283.12,283.12,yahoo
2011-02-16,USO,284.24,284.24,yahoo
2011-02-17,USO,288.48,288.48,yahoo
2011-02-18,USO,290.88,290.88,yahoo
2011-02-22,USO,307.92,307.92,yahoo
2011-02-23,USO,318.40,318.40,yahoo
2011-02-24,USO,311.76,311.76,yahoo
2011-02-25,USO,317.44,317.44,yahoo
2011-02-28,USO,313.52,313.52,yahoo
2011-03-01,USO,323.84,323.84,yahoo
2011-03-02,USO,331.12,331.12,yahoo
2011-03-03,USO,329.44,329.44,yahoo
2011-03-04,USO,338.64,338.64,yahoo
2011-03-07,USO,338.96,338.96,yahoo
2011-03-08,USO,338.48,338.48,yahoo
2011-03-09,USO,336.40,336.40,yahoo
2011-03-10,USO,331.20,331.20,yahoo
2011-03-11,USO,325.52,325.52,yahoo
2011-03-14,USO,327.28,327.28,yahoo
2011-03-15,USO,315.12,315.12,yahoo
2011-03-16,USO,317.44,317.44,yahoo
2011-03-17,USO,325.52,325.52,yahoo
2011-03-18,USO,327.76,327.76,yahoo
2011-03-21,USO,329.04,329.04,yahoo
2011-03-22,USO,335.44,335.44,yahoo
2011-03-23,USO,336.88,336.88,yahoo
2011-03-24,USO,336.40,336.40,yahoo
2011-03-25,USO,337.44,337.44,yahoo
2011-03-28,USO,331.36,331.36,yahoo
2011-03-29,USO,334.64,334.64,yahoo
2011-03-30,USO,333.28,333.28,yahoo
2011-03-31,USO,340.80,340.80,yahoo
2011-04-01,USO,345.36,345.36,yahoo
2011-04-04,USO,346.08,346.08,yahoo
2011-04-05,USO,344.80,344.80,yahoo
2011-04-06,USO,346.96,346.96,yahoo
2011-04-07,USO,351.92,351.92,yahoo
2011-04-08,USO,361.20,361.20,yahoo
2011-04-11,USO,349.12,349.12,yahoo
2011-04-12,USO,338.40,338.40,yahoo
2011-04-13,USO,342,342,yahoo
2011-04-14,USO,346.24,346.24,yahoo
2011-04-15,USO,349.68,349.68,yahoo
2011-04-18,USO,343.04,343.04,yahoo
2011-04-19,USO,343.60,343.60,yahoo
2011-04-20,USO,353.76,353.76,yahoo
2011-04-21,USO,356.56,356.56,yahoo
2011-04-25,USO,356.24,356.24,yahoo
2011-04-26,USO,355.84,355.84,yahoo
2011-04-27,USO,360.16,360.16,yahoo
2011-04-28,USO,358.64,358.64,yahoo
2011-04-29,USO,361.20,361.20,yahoo
2011-05-02,USO,359.44,359.44,yahoo
2011-05-03,USO,352.64,352.64,yahoo
2011-05-04,USO,346.08,346.08,yahoo
2011-05-05,USO,314.56,314.56,yahoo
2011-05-06,USO,310.96,310.96,yahoo
2011-05-09,USO,326.96,326.96,yahoo
2011-05-10,USO,328.64,328.64,yahoo
2011-05-11,USO,314.80,314.80,yahoo
2011-05-12,USO,314.24,314.24,yahoo
2011-05-13,USO,315.52,315.52,yahoo
2011-05-16,USO,308.08,308.08,yahoo
2011-05-17,USO,308.40,308.40,yahoo
2011-05-18,USO,316,316,yahoo
2011-05-19,USO,312.56,312.56,yahoo
2011-05-20,USO,315.76,315.76,yahoo
2011-05-23,USO,307.76,307.76,yahoo
2011-05-24,USO,314.24,314.24,yahoo
2011-05-25,USO,319.44,319.44,yahoo
2011-05-26,USO,316.80,316.80,yahoo
2011-05-27,USO,317.68,317.68,yahoo
2011-05-31,USO,324,324,yahoo
2011-06-01,USO,316.16,316.16,yahoo
2011-06-02,USO,317.44,317.44,yahoo
2011-06-03,USO,317.28,317.28,yahoo
2011-06-06,USO,312,312,yahoo
2011-06-07,USO,312.40,312.40,yahoo
2011-06-08,USO,318.80,318.80,yahoo
2011-06-09,USO,321.12,321.12,yahoo
2011-06-10,USO,312.56,312.56,yahoo
2011-06-13,USO,306.08,306.08,yahoo
2011-06-14,USO,312.80,312.80,yahoo
2011-06-15,USO,300.64,300.64,yahoo
2011-06-16,USO,299.36,299.36,yahoo
2011-06-17,USO,293.04,293.04,yahoo
2011-06-20,USO,293.76,293.76,yahoo
2011-06-21,USO,294.32,294.32,yahoo
2011-06-22,USO,296.80,296.80,yahoo
2011-06-23,USO,288.08,288.08,yahoo
2011-06-24,USO,286.48,286.48,yahoo
2011-06-27,USO,285.12,285.12,yahoo
2011-06-28,USO,291.36,291.36,yahoo
2011-06-29,USO,297.84,297.84,yahoo
2011-06-30,USO,297.92,297.92,yahoo
2011-07-01,USO,297.20,297.20,yahoo
2011-07-05,USO,303.68,303.68,yahoo
2011-07-06,USO,303.12,303.12,yahoo
2011-07-07,USO,308.88,308.88,yahoo
2011-07-08,USO,302.40,302.40,yahoo
2011-07-11,USO,298.32,298.32,yahoo
2011-07-12,USO,303.44,303.44,yahoo
2011-07-13,USO,306.80,306.80,yahoo
2011-07-14,USO,300.40,300.40,yahoo
2011-07-15,USO,305.04,305.04,yahoo
2011-07-18,USO,300.72,300.72,yahoo
2011-07-19,USO,306,306,yahoo
2011-07-20,USO,307.20,307.20,yahoo
2011-07-21,USO,309.76,309.76,yahoo
2011-07-22,USO,311.44,311.44,yahoo
2011-07-25,USO,309.44,309.44,yahoo
2011-07-26,USO,310.48,310.48,yahoo
2011-07-27,USO,303.76,303.76,yahoo
2011-07-28,USO,303.28,303.28,yahoo
2011-07-29,USO,299.36,299.36,yahoo
2011-08-01,USO,297.60,297.60,yahoo
2011-08-02,USO,291.20,291.20,yahoo
2011-08-03,USO,286.88,286.88,yahoo
2011-08-04,USO,269.84,269.84,yahoo
2011-08-05,USO,271.60,271.60,yahoo
2011-08-08,USO,252.08,252.08,yahoo
2011-08-09,USO,252.96,252.96,yahoo
2011-08-10,USO,254.24,254.24,yahoo
2011-08-11,USO,266.40,266.40,yahoo
2011-08-12,USO,265.84,265.84,yahoo
2011-08-15,USO,273.76,273.76,yahoo
2011-08-16,USO,270.64,270.64,yahoo
2011-08-17,USO,272.08,272.08,yahoo
2011-08-18,USO,253.76,253.76,yahoo
2011-08-19,USO,256.96,256.96,yahoo
2011-08-22,USO,261.76,261.76,yahoo
2011-08-23,USO,267.36,267.36,yahoo
2011-08-24,USO,264.64,264.64,yahoo
2011-08-25,USO,263.76,263.76,yahoo
2011-08-26,USO,265.20,265.20,yahoo
2011-08-29,USO,271.68,271.68,yahoo
2011-08-30,USO,275.52,275.52,yahoo
2011-08-31,USO,276.08,276.08,yahoo
2011-09-01,USO,275.76,275.76,yahoo
2011-09-02,USO,269.12,269.12,yahoo
2011-09-06,USO,268.72,268.72,yahoo
2011-09-07,USO,277.52,277.52,yahoo
2011-09-08,USO,275.68,275.68,yahoo
2011-09-09,USO,270.80,270.80,yahoo
2011-09-12,USO,275.36,275.36,yahoo
2011-09-13,USO,278.80,278.80,yahoo
2011-09-14,USO,274.72,274.72,yahoo
2011-09-15,USO,276.80,276.80,yahoo
2011-09-16,USO,273.12,273.12,yahoo
2011-09-19,USO,266.32,266.32,yahoo
2011-09-20,USO,267.44,267.44,yahoo
2011-09-21,USO,263.36,263.36,yahoo
2011-09-22,USO,249.04,249.04,yahoo
2011-09-23,USO,248.72,248.72,yahoo
2011-09-26,USO,251.76,251.76,yahoo
2011-09-27,USO,258.96,258.96,yahoo
2011-09-28,USO,250,250,yahoo
2011-09-29,USO,255.76,255.76,yahoo
2011-09-30,USO,243.92,243.92,yahoo
2011-10-03,USO,237.92,237.92,yahoo
2011-10-04,USO,239.28,239.28,yahoo
2011-10-05,USO,246.72,246.72,yahoo
2011-10-06,USO,255.84,255.84,yahoo
2011-10-07,USO,256.32,256.32,yahoo
2011-10-10,USO,265.92,265.92,yahoo
2011-10-11,USO,264.08,264.08,yahoo
2011-10-12,USO,263.36,263.36,yahoo
2011-10-13,USO,261.20,261.20,yahoo
2011-10-14,USO,270.96,270.96,yahoo
2011-10-17,USO,267.44,267.44,yahoo
2011-10-18,USO,273.20,273.20,yahoo
2011-10-19,USO,266.48,266.48,yahoo
2011-10-20,USO,266.64,266.64,yahoo
2011-10-21,USO,270.80,270.80,yahoo
2011-10-24,USO,283.04,283.04,yahoo
2011-10-25,USO,286.40,286.40,yahoo
2011-10-26,USO,280.48,280.48,yahoo
2011-10-27,USO,289.68,289.68,yahoo
2011-10-28,USO,288.24,288.24,yahoo
2011-10-31,USO,285.92,285.92,yahoo
2011-11-01,USO,281.60,281.60,yahoo
2011-11-02,USO,285.36,285.36,yahoo
2011-11-03,USO,290.56,290.56,yahoo
2011-11-04,USO,291.68,291.68,yahoo
2011-11-07,USO,296.72,296.72,yahoo
2011-11-08,USO,299.44,299.44,yahoo
2011-11-09,USO,296,296,yahoo
2011-11-10,USO,301.76,301.76,yahoo
2011-11-11,USO,305.68,305.68,yahoo
2011-11-14,USO,302.88,302.88,yahoo
2011-11-15,USO,307.44,307.44,yahoo
2011-11-16,USO,314.72,314.72,yahoo
2011-11-17,USO,305.84,305.84,yahoo
2011-11-18,USO,302.56,302.56,yahoo
2011-11-21,USO,300.72,300.72,yahoo
2011-11-22,USO,302.56,302.56,yahoo
2011-11-23,USO,297.28,297.28,yahoo
2011-11-25,USO,297.28,297.28,yahoo
2011-11-28,USO,302.80,302.80,yahoo
2011-11-29,USO,308.40,308.40,yahoo
2011-11-30,USO,310.24,310.24,yahoo
2011-12-01,USO,308.88,308.88,yahoo
2011-12-02,USO,312.24,312.24,yahoo
2011-12-05,USO,312.08,312.08,yahoo
2011-12-06,USO,312,312,yahoo
2011-12-07,USO,310.48,310.48,yahoo
2011-12-08,USO,302.24,302.24,yahoo
2011-12-09,USO,308,308,yahoo
2011-12-12,USO,303.04,303.04,yahoo
2011-12-13,USO,308.88,308.88,yahoo
2011-12-14,USO,293.28,293.28,yahoo
2011-12-15,USO,289.04,289.04,yahoo
2011-12-16,USO,290.16,290.16,yahoo
2011-12-19,USO,289.60,289.60,yahoo
2011-12-20,USO,300.48,300.48,yahoo
2011-12-21,USO,304.88,304.88,yahoo
2011-12-22,USO,306.24,306.24,yahoo
2011-12-23,USO,307.92,307.92,yahoo
2011-12-27,USO,312.48,312.48,yahoo
2011-12-28,USO,306.72,306.72,yahoo
2011-12-29,USO,307.28,307.28,yahoo
2011-12-30,USO,304.88,304.88,yahoo
2012-01-03,USO,317.52,317.52,yahoo
2012-01-04,USO,318.16,318.16,yahoo
2012-01-05,USO,313.36,313.36,yahoo
2012-01-06,USO,313.76,313.76,yahoo
2012-01-09,USO,312.64,312.64,yahoo
2012-01-10,USO,314.72,314.72,yahoo
2012-01-11,USO,311.36,311.36,yahoo
2012-01-12,USO,304.48,304.48,yahoo
2012-01-13,USO,305.28,305.28,yahoo
2012-01-17,USO,310.32,310.32,yahoo
2012-01-18,USO,310.64,310.64,yahoo
2012-01-19,USO,309.52,309.52,yahoo
2012-01-20,USO,302.24,302.24,yahoo
2012-01-23,USO,307.12,307.12,yahoo
2012-01-24,USO,304.80,304.80,yahoo
2012-01-25,USO,306.80,306.80,yahoo
2012-01-26,USO,306.96,306.96,yahoo
2012-01-27,USO,306.40,306.40,yahoo
2012-01-30,USO,304.08,304.08,yahoo
2012-01-31,USO,302.56,302.56,yahoo
2012-02-01,USO,299.04,299.04,yahoo
2012-02-02,USO,297.04,297.04,yahoo
2012-02-03,USO,300.72,300.72,yahoo
2012-02-06,USO,298.64,298.64,yahoo
2012-02-07,USO,303.60,303.60,yahoo
2012-02-08,USO,304.32,304.32,yahoo
2012-02-09,USO,306.64,306.64,yahoo
2012-02-10,USO,304.16,304.16,yahoo
2012-02-13,USO,309.52,309.52,yahoo
2012-02-14,USO,310.72,310.72,yahoo
2012-02-15,USO,313.44,313.44,yahoo
2012-02-16,USO,314.24,314.24,yahoo
2012-02-17,USO,318,318,yahoo
2012-02-21,USO,324.64,324.64,yahoo
2012-02-22,USO,324.72,324.72,yahoo
2012-02-23,USO,330.96,330.96,yahoo
2012-02-24,USO,336.08,336.08,yahoo
2012-02-27,USO,329.44,329.44,yahoo
2012-02-28,USO,326.32,326.32,yahoo
2012-02-29,USO,327.36,327.36,yahoo
2012-03-01,USO,334,334,yahoo
2012-03-02,USO,326.16,326.16,yahoo
2012-03-05,USO,327.76,327.76,yahoo
2012-03-06,USO,321.04,321.04,yahoo
2012-03-07,USO,324.88,324.88,yahoo
2012-03-08,USO,326.56,326.56,yahoo
2012-03-09,USO,328.72,328.72,yahoo
2012-03-12,USO,325.60,325.60,yahoo
2012-03-13,USO,326.64,326.64,yahoo
2012-03-14,USO,323.28,323.28,yahoo
2012-03-15,USO,322.24,322.24,yahoo
2012-03-16,USO,328.24,328.24,yahoo
2012-03-19,USO,330.32,330.32,yahoo
2012-03-20,USO,323.44,323.44,yahoo
2012-03-21,USO,325.28,325.28,yahoo
2012-03-22,USO,321.12,321.12,yahoo
2012-03-23,USO,325.52,325.52,yahoo
2012-03-26,USO,326.16,326.16,yahoo
2012-03-27,USO,325.68,325.68,yahoo
2012-03-28,USO,321.52,321.52,yahoo
2012-03-29,USO,314.32,314.32,yahoo
2012-03-30,USO,313.84,313.84,yahoo
2012-04-02,USO,320.24,320.24,yahoo
2012-04-03,USO,317.28,317.28,yahoo
2012-04-04,USO,310.72,310.72,yahoo
2012-04-05,USO,314.08,314.08,yahoo
2012-04-09,USO,311.76,311.76,yahoo
2012-04-10,USO,308.08,308.08,yahoo
2012-04-11,USO,312.08,312.08,yahoo
2012-04-12,USO,315.52,315.52,yahoo
2012-04-13,USO,313.20,313.20,yahoo
2012-04-16,USO,313.44,313.44,yahoo
2012-04-17,USO,317.12,317.12,yahoo
2012-04-18,USO,312.40,312.40,yahoo
2012-04-19,USO,311.68,311.68,yahoo
2012-04-20,USO,315.12,315.12,yahoo
2012-04-23,USO,312.24,312.24,yahoo
2012-04-24,USO,313.36,313.36,yahoo
2012-04-25,USO,315.28,315.28,yahoo
2012-04-26,USO,316.24,316.24,yahoo
2012-04-27,USO,316.96,316.96,yahoo
2012-04-30,USO,317.44,317.44,yahoo
2012-05-01,USO,321.20,321.20,yahoo
2012-05-02,USO,319.12,319.12,yahoo
2012-05-03,USO,310.64,310.64,yahoo
2012-05-04,USO,298.32,298.32,yahoo
2012-05-07,USO,296.40,296.40,yahoo
2012-05-08,USO,294.96,294.96,yahoo
2012-05-09,USO,292.16,292.16,yahoo
2012-05-10,USO,292.88,292.88,yahoo
2012-05-11,USO,290.08,290.08,yahoo
2012-05-14,USO,284.88,284.88,yahoo
2012-05-15,USO,282.24,282.24,yahoo
2012-05-16,USO,280.40,280.40,yahoo
2012-05-17,USO,280.32,280.32,yahoo
2012-05-18,USO,275.44,275.44,yahoo
2012-05-21,USO,281.20,281.20,yahoo
2012-05-22,USO,275.84,275.84,yahoo
2012-05-23,USO,272.72,272.72,yahoo
2012-05-24,USO,274.08,274.08,yahoo
2012-05-25,USO,273.76,273.76,yahoo
2012-05-29,USO,273.84,273.84,yahoo
2012-05-30,USO,264.16,264.16,yahoo
2012-05-31,USO,260.88,260.88,yahoo
2012-06-01,USO,251.44,251.44,yahoo
2012-06-04,USO,254.08,254.08,yahoo
2012-06-05,USO,254.08,254.08,yahoo
2012-06-06,USO,257.20,257.20,yahoo
2012-06-07,USO,253.76,253.76,yahoo
2012-06-08,USO,254.40,254.40,yahoo
2012-06-11,USO,245.60,245.60,yahoo
2012-06-12,USO,251.36,251.36,yahoo
2012-06-13,USO,248.80,248.80,yahoo
2012-06-14,USO,253.84,253.84,yahoo
2012-06-15,USO,253.04,253.04,yahoo
2012-06-18,USO,250.56,250.56,yahoo
2012-06-19,USO,253.44,253.44,yahoo
2012-06-20,USO,243.92,243.92,yahoo
2012-06-21,USO,235.68,235.68,yahoo
2012-06-22,USO,240.80,240.80,yahoo
2012-06-25,USO,238.40,238.40,yahoo
2012-06-26,USO,238.48,238.48,yahoo
2012-06-27,USO,241.60,241.60,yahoo
2012-06-28,USO,236,236,yahoo
2012-06-29,USO,254.64,254.64,yahoo
2012-07-02,USO,251.44,251.44,yahoo
2012-07-03,USO,263.52,263.52,yahoo
2012-07-05,USO,260.96,260.96,yahoo
2012-07-06,USO,252.72,252.72,yahoo
2012-07-09,USO,257.36,257.36,yahoo
2012-07-10,USO,252.16,252.16,yahoo
2012-07-11,USO,258.64,258.64,yahoo
2012-07-12,USO,257.60,257.60,yahoo
2012-07-13,USO,261.44,261.44,yahoo
2012-07-16,USO,264.96,264.96,yahoo
2012-07-17,USO,267.04,267.04,yahoo
2012-07-18,USO,269.52,269.52,yahoo
2012-07-19,USO,277.12,277.12,yahoo
2012-07-20,USO,273.60,273.60,yahoo
2012-07-23,USO,264,264,yahoo
2012-07-24,USO,265.20,265.20,yahoo
2012-07-25,USO,265.68,265.68,yahoo
2012-07-26,USO,267.28,267.28,yahoo
2012-07-27,USO,269.36,269.36,yahoo
2012-07-30,USO,267.60,267.60,yahoo
2012-07-31,USO,261.44,261.44,yahoo
2012-08-01,USO,265.36,265.36,yahoo
2012-08-02,USO,260.80,260.80,yahoo
2012-08-03,USO,272.56,272.56,yahoo
2012-08-06,USO,275.36,275.36,yahoo
2012-08-07,USO,279.28,279.28,yahoo
2012-08-08,USO,278.96,278.96,yahoo
2012-08-09,USO,279.44,279.44,yahoo
2012-08-10,USO,278.80,278.80,yahoo
2012-08-13,USO,277.28,277.28,yahoo
2012-08-14,USO,279.36,279.36,yahoo
2012-08-15,USO,281.52,281.52,yahoo
2012-08-16,USO,284.48,284.48,yahoo
2012-08-17,USO,287.60,287.60,yahoo
2012-08-20,USO,286.64,286.64,yahoo
2012-08-21,USO,287.84,287.84,yahoo
2012-08-22,USO,289.76,289.76,yahoo
2012-08-23,USO,286.08,286.08,yahoo
2012-08-24,USO,285.44,285.44,yahoo
2012-08-27,USO,284.88,284.88,yahoo
2012-08-28,USO,286.32,286.32,yahoo
2012-08-29,USO,283.04,283.04,yahoo
2012-08-30,USO,282.08,282.08,yahoo
2012-08-31,USO,287.12,287.12,yahoo
2012-09-04,USO,284.08,284.08,yahoo
2012-09-05,USO,284.56,284.56,yahoo
2012-09-06,USO,281.84,281.84,yahoo
2012-09-07,USO,287.04,287.04,yahoo
2012-09-10,USO,286.80,286.80,yahoo
2012-09-11,USO,288.88,288.88,yahoo
2012-09-12,USO,288.32,288.32,yahoo
2012-09-13,USO,292.08,292.08,yahoo
2012-09-14,USO,294.72,294.72,yahoo
2012-09-17,USO,286,286,yahoo
2012-09-18,USO,284.56,284.56,yahoo
2012-09-19,USO,272.96,272.96,yahoo
2012-09-20,USO,276.08,276.08,yahoo
2012-09-21,USO,275.92,275.92,yahoo
2012-09-24,USO,272.72,272.72,yahoo
2012-09-25,USO,270,270,yahoo
2012-09-26,USO,266.72,266.72,yahoo
2012-09-27,USO,273.20,273.20,yahoo
2012-09-28,USO,272.96,272.96,yahoo
2012-10-01,USO,274,274,yahoo
2012-10-02,USO,272.16,272.16,yahoo
2012-10-03,USO,260.88,260.88,yahoo
2012-10-04,USO,271.52,271.52,yahoo
2012-10-05,USO,266.80,266.80,yahoo
2012-10-08,USO,265.76,265.76,yahoo
2012-10-09,USO,273.44,273.44,yahoo
2012-10-10,USO,270.72,270.72,yahoo
2012-10-11,USO,274.32,274.32,yahoo
2012-10-12,USO,272,272,yahoo
2012-10-15,USO,272,272,yahoo
2012-10-16,USO,273.04,273.04,yahoo
2012-10-17,USO,272.80,272.80,yahoo
2012-10-18,USO,272.56,272.56,yahoo
2012-10-19,USO,266.72,266.72,yahoo
2012-10-22,USO,263.20,263.20,yahoo
2012-10-23,USO,255.76,255.76,yahoo
2012-10-24,USO,253.04,253.04,yahoo
2012-10-25,USO,254.24,254.24,yahoo
2012-10-26,USO,254.32,254.32,yahoo
2012-10-31,USO,254.24,254.24,yahoo
2012-11-01,USO,256.48,256.48,yahoo
2012-11-02,USO,250.80,250.80,yahoo
2012-11-05,USO,252.88,252.88,yahoo
2012-11-06,USO,260.48,260.48,yahoo
2012-11-07,USO,249.68,249.68,yahoo
2012-11-08,USO,250.40,250.40,yahoo
2012-11-09,USO,253.84,253.84,yahoo
2012-11-12,USO,252.72,252.72,yahoo
2012-11-13,USO,251.28,251.28,yahoo
2012-11-14,USO,254.16,254.16,yahoo
2012-11-15,USO,251.92,251.92,yahoo
2012-11-16,USO,255.44,255.44,yahoo
2012-11-19,USO,261.36,261.36,yahoo
2012-11-20,USO,255.60,255.60,yahoo
2012-11-21,USO,256.96,256.96,yahoo
2012-11-23,USO,258.56,258.56,yahoo
2012-11-26,USO,257.52,257.52,yahoo
2012-11-27,USO,255.84,255.84,yahoo
2012-11-28,USO,254.32,254.32,yahoo
2012-11-29,USO,257.36,257.36,yahoo
2012-11-30,USO,260.48,260.48,yahoo
2012-12-03,USO,260.80,260.80,yahoo
2012-12-04,USO,259.20,259.20,yahoo
2012-12-05,USO,257.76,257.76,yahoo
2012-12-06,USO,253.28,253.28,yahoo
2012-12-07,USO,252.24,252.24,yahoo
2012-12-10,USO,251.12,251.12,yahoo
2012-12-11,USO,251.76,251.76,yahoo
2012-12-12,USO,254.24,254.24,yahoo
2012-12-13,USO,252.64,252.64,yahoo
2012-12-14,USO,254.48,254.48,yahoo
2012-12-17,USO,256.08,256.08,yahoo
2012-12-18,USO,257.44,257.44,yahoo
2012-12-19,USO,261.36,261.36,yahoo
2012-12-20,USO,261.84,261.84,yahoo
2012-12-21,USO,258.88,258.88,yahoo
2012-12-24,USO,257.92,257.92,yahoo
2012-12-26,USO,265.20,265.20,yahoo
2012-12-27,USO,265.52,265.52,yahoo
2012-12-28,USO,264.32,264.32,yahoo
2012-12-31,USO,266.96,266.96,yahoo
2013-01-02,USO,270.56,270.56,yahoo
2013-01-03,USO,269.92,269.92,yahoo
2013-01-04,USO,271.04,271.04,yahoo
2013-01-07,USO,271.36,271.36,yahoo
2013-01-08,USO,271.68,271.68,yahoo
2013-01-09,USO,271.04,271.04,yahoo
2013-01-10,USO,273.36,273.36,yahoo
2013-01-11,USO,272.48,272.48,yahoo
2013-01-14,USO,274.24,274.24,yahoo
2013-01-15,USO,271.92,271.92,yahoo
2013-01-16,USO,274.24,274.24,yahoo
2013-01-17,USO,277.36,277.36,yahoo
2013-01-18,USO,278.16,278.16,yahoo
2013-01-22,USO,280.08,280.08,yahoo
2013-01-23,USO,276.88,276.88,yahoo
2013-01-24,USO,278.08,278.08,yahoo
2013-01-25,USO,278.24,278.24,yahoo
2013-01-28,USO,279.52,279.52,yahoo
2013-01-29,USO,282.32,282.32,yahoo
2013-01-30,USO,283.92,283.92,yahoo
2013-01-31,USO,282.24,282.24,yahoo
2013-02-01,USO,282.80,282.80,yahoo
2013-02-04,USO,278.24,278.24,yahoo
2013-02-05,USO,280.24,280.24,yahoo
2013-02-06,USO,280.32,280.32,yahoo
2013-02-07,USO,277.44,277.44,yahoo
2013-02-08,USO,277.60,277.60,yahoo
2013-02-11,USO,280.96,280.96,yahoo
2013-02-12,USO,282.24,282.24,yahoo
2013-02-13,USO,281.52,281.52,yahoo
2013-02-14,USO,282.16,282.16,yahoo
2013-02-15,USO,277.76,277.76,yahoo
2013-02-19,USO,279.68,279.68,yahoo
2013-02-20,USO,273.36,273.36,yahoo
2013-02-21,USO,267.44,267.44,yahoo
2013-02-22,USO,268.80,268.80,yahoo
2013-02-25,USO,265.68,265.68,yahoo
2013-02-26,USO,266.64,266.64,yahoo
2013-02-27,USO,267.20,267.20,yahoo
2013-02-28,USO,264.48,264.48,yahoo
2013-03-01,USO,261.92,261.92,yahoo
2013-03-04,USO,259.20,259.20,yahoo
2013-03-05,USO,261.52,261.52,yahoo
2013-03-06,USO,260.32,260.32,yahoo
2013-03-07,USO,263.52,263.52,yahoo
2013-03-08,USO,264.40,264.40,yahoo
2013-03-11,USO,264.32,264.32,yahoo
2013-03-12,USO,266.08,266.08,yahoo
2013-03-13,USO,265.52,265.52,yahoo
2013-03-14,USO,267.36,267.36,yahoo
2013-03-15,USO,268.80,268.80,yahoo
2013-03-18,USO,269.20,269.20,yahoo
2013-03-19,USO,264.56,264.56,yahoo
2013-03-20,USO,267.60,267.60,yahoo
2013-03-21,USO,264.40,264.40,yahoo
2013-03-22,USO,268.88,268.88,yahoo
2013-03-25,USO,270.80,270.80,yahoo
2013-03-26,USO,275.60,275.60,yahoo
2013-03-27,USO,276.40,276.40,yahoo
2013-03-28,USO,278,278,yahoo
2013-04-01,USO,277.44,277.44,yahoo
2013-04-02,USO,277.20,277.20,yahoo
2013-04-03,USO,270.08,270.08,yahoo
2013-04-04,USO,267.12,267.12,yahoo
2013-04-05,USO,266.24,266.24,yahoo
2013-04-08,USO,267.92,267.92,yahoo
2013-04-09,USO,269.12,269.12,yahoo
2013-04-10,USO,270.64,270.64,yahoo
2013-04-11,USO,267.68,267.68,yahoo
2013-04-12,USO,260.24,260.24,yahoo
2013-04-15,USO,251.92,251.92,yahoo
2013-04-16,USO,254.08,254.08,yahoo
2013-04-17,USO,248.08,248.08,yahoo
2013-04-18,USO,253.12,253.12,yahoo
2013-04-19,USO,251.12,251.12,yahoo
2013-04-22,USO,254.56,254.56,yahoo
2013-04-23,USO,254.88,254.88,yahoo
2013-04-24,USO,261.28,261.28,yahoo
2013-04-25,USO,266,266,yahoo
2013-04-26,USO,264.96,264.96,yahoo
2013-04-29,USO,268.88,268.88,yahoo
2013-04-30,USO,265.28,265.28,yahoo
2013-05-01,USO,259.12,259.12,yahoo
2013-05-02,USO,267.92,267.92,yahoo
2013-05-03,USO,272.08,272.08,yahoo
2013-05-06,USO,273.12,273.12,yahoo
2013-05-07,USO,272.08,272.08,yahoo
2013-05-08,USO,275.20,275.20,yahoo
2013-05-09,USO,273.36,273.36,yahoo
2013-05-10,USO,273.12,273.12,yahoo
2013-05-13,USO,270.88,270.88,yahoo
2013-05-14,USO,268.48,268.48,yahoo
2013-05-15,USO,268.88,268.88,yahoo
2013-05-16,USO,270.96,270.96,yahoo
2013-05-17,USO,273.68,273.68,yahoo
2013-05-20,USO,275.52,275.52,yahoo
2013-05-21,USO,272.88,272.88,yahoo
2013-05-22,USO,267.68,267.68,yahoo
2013-05-23,USO,268.32,268.32,yahoo
2013-05-24,USO,266.96,266.96,yahoo
2013-05-28,USO,270.32,270.32,yahoo
2013-05-29,USO,264.80,264.80,yahoo
2013-05-30,USO,266,266,yahoo
2013-05-31,USO,260.88,260.88,yahoo
2013-06-03,USO,265.28,265.28,yahoo
2013-06-04,USO,265.60,265.60,yahoo
2013-06-05,USO,266.08,266.08,yahoo
2013-06-06,USO,268.96,268.96,yahoo
2013-06-07,USO,273.28,273.28,yahoo
2013-06-10,USO,272,272,yahoo
2013-06-11,USO,270.32,270.32,yahoo
2013-06-12,USO,272.24,272.24,yahoo
2013-06-13,USO,274.64,274.64,yahoo
2013-06-14,USO,277.92,277.92,yahoo
2013-06-17,USO,278.08,278.08,yahoo
2013-06-18,USO,279.68,279.68,yahoo
2013-06-19,USO,278.24,278.24,yahoo
2013-06-20,USO,269.04,269.04,yahoo
2013-06-21,USO,265.84,265.84,yahoo
2013-06-24,USO,269.12,269.12,yahoo
2013-06-25,USO,269.92,269.92,yahoo
2013-06-26,USO,270.40,270.40,yahoo
2013-06-27,USO,274.64,274.64,yahoo
2013-06-28,USO,273.44,273.44,yahoo
2013-07-01,USO,277.36,277.36,yahoo
2013-07-02,USO,281.68,281.68,yahoo
2013-07-03,USO,286.72,286.72,yahoo
2013-07-05,USO,292.48,292.48,yahoo
2013-07-08,USO,291.28,291.28,yahoo
2013-07-09,USO,294.16,294.16,yahoo
2013-07-10,USO,299.44,299.44,yahoo
2013-07-11,USO,296.08,296.08,yahoo
2013-07-12,USO,300.48,300.48,yahoo
2013-07-15,USO,301.36,301.36,yahoo
2013-07-16,USO,299.84,299.84,yahoo
2013-07-17,USO,302.40,302.40,yahoo
2013-07-18,USO,306.72,306.72,yahoo
2013-07-19,USO,307.60,307.60,yahoo
2013-07-22,USO,303.36,303.36,yahoo
2013-07-23,USO,304.72,304.72,yahoo
2013-07-24,USO,299.20,299.20,yahoo
2013-07-25,USO,300.64,300.64,yahoo
2013-07-26,USO,297.68,297.68,yahoo
2013-07-29,USO,297.04,297.04,yahoo
2013-07-30,USO,293.36,293.36,yahoo
2013-07-31,USO,298.88,298.88,yahoo
2013-08-01,USO,306.16,306.16,yahoo
2013-08-02,USO,303.52,303.52,yahoo
2013-08-05,USO,302.64,302.64,yahoo
2013-08-06,USO,299.68,299.68,yahoo
2013-08-07,USO,296.08,296.08,yahoo
2013-08-08,USO,294.72,294.72,yahoo
2013-08-09,USO,300.72,300.72,yahoo
2013-08-12,USO,302.08,302.08,yahoo
2013-08-13,USO,303.20,303.20,yahoo
2013-08-14,USO,304.72,304.72,yahoo
2013-08-15,USO,305.92,305.92,yahoo
2013-08-16,USO,307.20,307.20,yahoo
2013-08-19,USO,305.36,305.36,yahoo
2013-08-20,USO,300.16,300.16,yahoo
2013-08-21,USO,297.36,297.36,yahoo
2013-08-22,USO,300.32,300.32,yahoo
2013-08-23,USO,303.60,303.60,yahoo
2013-08-26,USO,303.68,303.68,yahoo
2013-08-27,USO,310.96,310.96,yahoo
2013-08-28,USO,312.64,312.64,yahoo
2013-08-29,USO,308.64,308.64,yahoo
2013-08-30,USO,307.84,307.84,yahoo
2013-09-03,USO,310.08,310.08,yahoo
2013-09-04,USO,306.72,306.72,yahoo
2013-09-05,USO,309.52,309.52,yahoo
2013-09-06,USO,314.88,314.88,yahoo
2013-09-09,USO,311.52,311.52,yahoo
2013-09-10,USO,306.72,306.72,yahoo
2013-09-11,USO,307.84,307.84,yahoo
2013-09-12,USO,310.96,310.96,yahoo
2013-09-13,USO,310.80,310.80,yahoo
2013-09-16,USO,304.88,304.88,yahoo
2013-09-17,USO,301.92,301.92,yahoo
2013-09-18,USO,309.44,309.44,yahoo
2013-09-19,USO,304.64,304.64,yahoo
2013-09-20,USO,302.16,302.16,yahoo
2013-09-23,USO,298.16,298.16,yahoo
2013-09-24,USO,297.76,297.76,yahoo
2013-09-25,USO,295.04,295.04,yahoo
2013-09-26,USO,296.64,296.64,yahoo
2013-09-27,USO,295.68,295.68,yahoo
2013-09-30,USO,294.80,294.80,yahoo
2013-10-01,USO,293.44,293.44,yahoo
2013-10-02,USO,299.36,299.36,yahoo
2013-10-03,USO,297.12,297.12,yahoo
2013-10-04,USO,298.48,298.48,yahoo
2013-10-07,USO,297.12,297.12,yahoo
2013-10-08,USO,298.48,298.48,yahoo
2013-10-09,USO,292.40,292.40,yahoo
2013-10-10,USO,296.80,296.80,yahoo
2013-10-11,USO,294,294,yahoo
2013-10-14,USO,294.96,294.96,yahoo
2013-10-15,USO,291.76,291.76,yahoo
2013-10-16,USO,295.36,295.36,yahoo
2013-10-17,USO,291.04,291.04,yahoo
2013-10-18,USO,291.60,291.60,yahoo
2013-10-21,USO,287.52,287.52,yahoo
2013-10-22,USO,283.28,283.28,yahoo
2013-10-23,USO,279.60,279.60,yahoo
2013-10-24,USO,279.92,279.92,yahoo
2013-10-25,USO,282.56,282.56,yahoo
2013-10-28,USO,284.40,284.40,yahoo
2013-10-29,USO,283.28,283.28,yahoo
2013-10-30,USO,278.80,278.80,yahoo
2013-10-31,USO,277.52,277.52,yahoo
2013-11-01,USO,273.04,273.04,yahoo
2013-11-04,USO,272.32,272.32,yahoo
2013-11-05,USO,269.36,269.36,yahoo
2013-11-06,USO,273.52,273.52,yahoo
2013-11-07,USO,271.76,271.76,yahoo
2013-11-08,USO,272.08,272.08,yahoo
2013-11-11,USO,274.08,274.08,yahoo
2013-11-12,USO,269.12,269.12,yahoo
2013-11-13,USO,271.20,271.20,yahoo
2013-11-14,USO,271.44,271.44,yahoo
2013-11-15,USO,271.04,271.04,yahoo
2013-11-18,USO,268.96,268.96,yahoo
2013-11-19,USO,269.76,269.76,yahoo
2013-11-20,USO,269.04,269.04,yahoo
2013-11-21,USO,273.36,273.36,yahoo
2013-11-22,USO,272.32,272.32,yahoo
2013-11-25,USO,270.56,270.56,yahoo
2013-11-26,USO,269.52,269.52,yahoo
2013-11-27,USO,265.52,265.52,yahoo
2013-11-29,USO,267.68,267.68,yahoo
2013-12-02,USO,269.44,269.44,yahoo
2013-12-03,USO,276.08,276.08,yahoo
2013-12-04,USO,279.04,279.04,yahoo
2013-12-05,USO,279.44,279.44,yahoo
2013-12-06,USO,280.40,280.40,yahoo
2013-12-09,USO,279.28,279.28,yahoo
2013-12-10,USO,282.48,282.48,yahoo
2013-12-11,USO,279.84,279.84,yahoo
2013-12-12,USO,279.76,279.76,yahoo
2013-12-13,USO,277.12,277.12,yahoo
2013-12-16,USO,279.52,279.52,yahoo
2013-12-17,USO,278.96,278.96,yahoo
2013-12-18,USO,280.24,280.24,yahoo
2013-12-19,USO,282.56,282.56,yahoo
2013-12-20,USO,283.84,283.84,yahoo
2013-12-23,USO,282.88,282.88,yahoo
2013-12-24,USO,283.92,283.92,yahoo
2013-12-26,USO,285.20,285.20,yahoo
2013-12-27,USO,286.72,286.72,yahoo
2013-12-30,USO,284.24,284.24,yahoo
2013-12-31,USO,282.56,282.56,yahoo
2014-01-02,USO,273.84,273.84,yahoo
2014-01-03,USO,270,270,yahoo
2014-01-06,USO,268.56,268.56,yahoo
2014-01-07,USO,268.64,268.64,yahoo
2014-01-08,USO,265.28,265.28,yahoo
2014-01-09,USO,264.64,264.64,yahoo
2014-01-10,USO,265.52,265.52,yahoo
2014-01-13,USO,262.48,262.48,yahoo
2014-01-14,USO,264.32,264.32,yahoo
2014-01-15,USO,270.16,270.16,yahoo
2014-01-16,USO,269.20,269.20,yahoo
2014-01-17,USO,269.52,269.52,yahoo
2014-01-21,USO,271.92,271.92,yahoo
2014-01-22,USO,276.48,276.48,yahoo
2014-01-23,USO,277.76,277.76,yahoo
2014-01-24,USO,276.64,276.64,yahoo
2014-01-27,USO,273.84,273.84,yahoo
2014-01-28,USO,277.52,277.52,yahoo
2014-01-29,USO,277.84,277.84,yahoo
2014-01-30,USO,279.60,279.60,yahoo
2014-01-31,USO,278.40,278.40,yahoo
2014-02-03,USO,276.16,276.16,yahoo
2014-02-04,USO,277.92,277.92,yahoo
2014-02-05,USO,277.68,277.68,yahoo
2014-02-06,USO,279.20,279.20,yahoo
2014-02-07,USO,285.12,285.12,yahoo
2014-02-10,USO,285.04,285.04,yahoo
2014-02-11,USO,285.12,285.12,yahoo
2014-02-12,USO,286.40,286.40,yahoo
2014-02-13,USO,286.96,286.96,yahoo
2014-02-14,USO,287.28,287.28,yahoo
2014-02-18,USO,293.28,293.28,yahoo
2014-02-19,USO,295.20,295.20,yahoo
2014-02-20,USO,295.04,295.04,yahoo
2014-02-21,USO,293.52,293.52,yahoo
2014-02-24,USO,294.32,294.32,yahoo
2014-02-25,USO,292.72,292.72,yahoo
2014-02-26,USO,294,294,yahoo
2014-02-27,USO,293.52,293.52,yahoo
2014-02-28,USO,293.92,293.92,yahoo
2014-03-03,USO,300.16,300.16,yahoo
2014-03-04,USO,296.48,296.48,yahoo
2014-03-05,USO,289.92,289.92,yahoo
2014-03-06,USO,292.56,292.56,yahoo
2014-03-07,USO,294.24,294.24,yahoo
2014-03-10,USO,290.40,290.40,yahoo
2014-03-11,USO,286.48,286.48,yahoo
2014-03-12,USO,282.80,282.80,yahoo
2014-03-13,USO,282.72,282.72,yahoo
2014-03-14,USO,284.24,284.24,yahoo
2014-03-17,USO,281.20,281.20,yahoo
2014-03-18,USO,284.64,284.64,yahoo
2014-03-19,USO,285.68,285.68,yahoo
2014-03-20,USO,284.64,284.64,yahoo
2014-03-21,USO,286.72,286.72,yahoo
2014-03-24,USO,286.56,286.56,yahoo
2014-03-25,USO,286.16,286.16,yahoo
2014-03-26,USO,288.72,288.72,yahoo
2014-03-27,USO,292,292,yahoo
2014-03-28,USO,292.96,292.96,yahoo
2014-03-31,USO,292.72,292.72,yahoo
2014-04-01,USO,286.64,286.64,yahoo
2014-04-02,USO,286.40,286.40,yahoo
2014-04-03,USO,289.12,289.12,yahoo
2014-04-04,USO,291.44,291.44,yahoo
2014-04-07,USO,290.24,290.24,yahoo
2014-04-08,USO,295.20,295.20,yahoo
2014-04-09,USO,297.76,297.76,yahoo
2014-04-10,USO,297.60,297.60,yahoo
2014-04-11,USO,297.44,297.44,yahoo
2014-04-14,USO,299.04,299.04,yahoo
2014-04-15,USO,299.12,299.12,yahoo
2014-04-16,USO,299.84,299.84,yahoo
2014-04-17,USO,301.28,301.28,yahoo
2014-04-21,USO,301.12,301.12,yahoo
2014-04-22,USO,296,296,yahoo
2014-04-23,USO,295.28,295.28,yahoo
2014-04-24,USO,296.40,296.40,yahoo
2014-04-25,USO,292.80,292.80,yahoo
2014-04-28,USO,293.68,293.68,yahoo
2014-04-29,USO,293.76,293.76,yahoo
2014-04-30,USO,290.56,290.56,yahoo
2014-05-01,USO,289.28,289.28,yahoo
2014-05-02,USO,290.32,290.32,yahoo
2014-05-05,USO,289.12,289.12,yahoo
2014-05-06,USO,289.52,289.52,yahoo
2014-05-07,USO,292.80,292.80,yahoo
2014-05-08,USO,291.92,291.92,yahoo
2014-05-09,USO,291.20,291.20,yahoo
2014-05-12,USO,292.72,292.72,yahoo
2014-05-13,USO,296.32,296.32,yahoo
2014-05-14,USO,297.44,297.44,yahoo
2014-05-15,USO,296.32,296.32,yahoo
2014-05-16,USO,297.84,297.84,yahoo
2014-05-19,USO,299.04,299.04,yahoo
2014-05-20,USO,300.16,300.16,yahoo
2014-05-21,USO,303.84,303.84,yahoo
2014-05-22,USO,304.08,304.08,yahoo
2014-05-23,USO,305.44,305.44,yahoo
2014-05-27,USO,305.12,305.12,yahoo
2014-05-28,USO,301.44,301.44,yahoo
2014-05-29,USO,303.28,303.28,yahoo
2014-05-30,USO,301.44,301.44,yahoo
2014-06-02,USO,300.24,300.24,yahoo
2014-06-03,USO,301.12,301.12,yahoo
2014-06-04,USO,300.08,300.08,yahoo
2014-06-05,USO,300.40,300.40,yahoo
2014-06-06,USO,300.88,300.88,yahoo
2014-06-09,USO,305.44,305.44,yahoo
2014-06-10,USO,306.24,306.24,yahoo
2014-06-11,USO,306,306,yahoo
2014-06-12,USO,312.64,312.64,yahoo
2014-06-13,USO,312.96,312.96,yahoo
2014-06-16,USO,313.36,313.36,yahoo
2014-06-17,USO,311.92,311.92,yahoo
2014-06-18,USO,312.08,312.08,yahoo
2014-06-19,USO,313.04,313.04,yahoo
2014-06-20,USO,314.56,314.56,yahoo
2014-06-23,USO,313.28,313.28,yahoo
2014-06-24,USO,312.72,312.72,yahoo
2014-06-25,USO,314.32,314.32,yahoo
2014-06-26,USO,311.76,311.76,yahoo
2014-06-27,USO,311.84,311.84,yahoo
2014-06-30,USO,311.04,311.04,yahoo
2014-07-01,USO,310.88,310.88,yahoo
2014-07-02,USO,307.20,307.20,yahoo
2014-07-03,USO,306,306,yahoo
2014-07-07,USO,305.36,305.36,yahoo
2014-07-08,USO,305.44,305.44,yahoo
2014-07-09,USO,301.52,301.52,yahoo
2014-07-10,USO,303.20,303.20,yahoo
2014-07-11,USO,297.28,297.28,yahoo
2014-07-14,USO,298.56,298.56,yahoo
2014-07-15,USO,295.04,295.04,yahoo
2014-07-16,USO,298.48,298.48,yahoo
2014-07-17,USO,302.64,302.64,yahoo
2014-07-18,USO,301.76,301.76,yahoo
2014-07-21,USO,304.80,304.80,yahoo
2014-07-22,USO,303.60,303.60,yahoo
2014-07-23,USO,305.28,305.28,yahoo
2014-07-24,USO,302.56,302.56,yahoo
2014-07-25,USO,302.16,302.16,yahoo
2014-07-28,USO,301.12,301.12,yahoo
2014-07-29,USO,299.12,299.12,yahoo
2014-07-30,USO,295.36,295.36,yahoo
2014-07-31,USO,290.56,290.56,yahoo
2014-08-01,USO,289.52,289.52,yahoo
2014-08-04,USO,291.84,291.84,yahoo
2014-08-05,USO,289.28,289.28,yahoo
2014-08-06,USO,287.60,287.60,yahoo
2014-08-07,USO,289.28,289.28,yahoo
2014-08-08,USO,288.96,288.96,yahoo
2014-08-11,USO,289.76,289.76,yahoo
2014-08-12,USO,287.92,287.92,yahoo
2014-08-13,USO,288.16,288.16,yahoo
2014-08-14,USO,280.88,280.88,yahoo
2014-08-15,USO,283.52,283.52,yahoo
2014-08-18,USO,280.48,280.48,yahoo
2014-08-19,USO,277.68,277.68,yahoo
2014-08-20,USO,278.88,278.88,yahoo
2014-08-21,USO,280.72,280.72,yahoo
2014-08-22,USO,279.68,279.68,yahoo
2014-08-25,USO,278.96,278.96,yahoo
2014-08-26,USO,280.32,280.32,yahoo
2014-08-27,USO,280.24,280.24,yahoo
2014-08-28,USO,282.56,282.56,yahoo
2014-08-29,USO,286.08,286.08,yahoo
2014-09-02,USO,278.32,278.32,yahoo
2014-09-03,USO,284.40,284.40,yahoo
2014-09-04,USO,282.40,282.40,yahoo
2014-09-05,USO,279.20,279.20,yahoo
2014-09-08,USO,277.60,277.60,yahoo
2014-09-09,USO,276.96,276.96,yahoo
2014-09-10,USO,274.08,274.08,yahoo
2014-09-11,USO,277.52,277.52,yahoo
2014-09-12,USO,275.04,275.04,yahoo
2014-09-15,USO,276.48,276.48,yahoo
2014-09-16,USO,282,282,yahoo
2014-09-17,USO,280.08,280.08,yahoo
2014-09-18,USO,276.96,276.96,yahoo
2014-09-19,USO,276.56,276.56,yahoo
2014-09-22,USO,273.52,273.52,yahoo
2014-09-23,USO,275.52,275.52,yahoo
2014-09-24,USO,280,280,yahoo
2014-09-25,USO,278.64,278.64,yahoo
2014-09-26,USO,281.28,281.28,yahoo
2014-09-29,USO,284.16,284.16,yahoo
2014-09-30,USO,275.28,275.28,yahoo
2014-10-01,USO,273.20,273.20,yahoo
2014-10-02,USO,274.96,274.96,yahoo
2014-10-03,USO,270.16,270.16,yahoo
2014-10-06,USO,272.32,272.32,yahoo
2014-10-07,USO,267.52,267.52,yahoo
2014-10-08,USO,264,264,yahoo
2014-10-09,USO,256.88,256.88,yahoo
2014-10-10,USO,257.44,257.44,yahoo
2014-10-13,USO,255.92,255.92,yahoo
2014-10-14,USO,246.80,246.80,yahoo
2014-10-15,USO,245.36,245.36,yahoo
2014-10-16,USO,248.80,248.80,yahoo
2014-10-17,USO,250,250,yahoo
2014-10-20,USO,249.12,249.12,yahoo
2014-10-21,USO,250.40,250.40,yahoo
2014-10-22,USO,244.40,244.40,yahoo
2014-10-23,USO,248.48,248.48,yahoo
2014-10-24,USO,247.04,247.04,yahoo
2014-10-27,USO,245.12,245.12,yahoo
2014-10-28,USO,246.56,246.56,yahoo
2014-10-29,USO,249.84,249.84,yahoo
2014-10-30,USO,246.08,246.08,yahoo
2014-10-31,USO,245.04,245.04,yahoo
2014-11-03,USO,238.08,238.08,yahoo
2014-11-04,USO,234.40,234.40,yahoo
2014-11-05,USO,239.60,239.60,yahoo
2014-11-06,USO,236.80,236.80,yahoo
2014-11-07,USO,238.08,238.08,yahoo
2014-11-10,USO,234.72,234.72,yahoo
2014-11-11,USO,235.36,235.36,yahoo
2014-11-12,USO,233.12,233.12,yahoo
2014-11-13,USO,226.32,226.32,yahoo
2014-11-14,USO,230.64,230.64,yahoo
2014-11-17,USO,229.44,229.44,yahoo
2014-11-18,USO,225.60,225.60,yahoo
2014-11-19,USO,226,226,yahoo
2014-11-20,USO,229.84,229.84,yahoo
2014-11-21,USO,232.80,232.80,yahoo
2014-11-24,USO,229.92,229.92,yahoo
2014-11-25,USO,224.24,224.24,yahoo
2014-11-26,USO,223.20,223.20,yahoo
2014-11-28,USO,204.64,204.64,yahoo
2014-12-01,USO,210.56,210.56,yahoo
2014-12-02,USO,204.64,204.64,yahoo
2014-12-03,USO,204.64,204.64,yahoo
2014-12-04,USO,202.72,202.72,yahoo
2014-12-05,USO,199.68,199.68,yahoo
2014-12-08,USO,191.28,191.28,yahoo
2014-12-09,USO,193.60,193.60,yahoo
2014-12-10,USO,186.24,186.24,yahoo
2014-12-11,USO,181.44,181.44,yahoo
2014-12-12,USO,175.44,175.44,yahoo
2014-12-15,USO,168.48,168.48,yahoo
2014-12-16,USO,170.40,170.40,yahoo
2014-12-17,USO,170.72,170.72,yahoo
2014-12-18,USO,165.92,165.92,yahoo
2014-12-19,USO,175.68,175.68,yahoo
2014-12-22,USO,167.36,167.36,yahoo
2014-12-23,USO,172.48,172.48,yahoo
2014-12-24,USO,168.40,168.40,yahoo
2014-12-26,USO,166.24,166.24,yahoo
2014-12-29,USO,162.40,162.40,yahoo
2014-12-30,USO,162.32,162.32,yahoo
2014-12-31,USO,162.88,162.88,yahoo
2015-01-02,USO,159.12,159.12,yahoo
2015-01-05,USO,150.32,150.32,yahoo
2015-01-06,USO,144.40,144.40,yahoo
2015-01-07,USO,146.96,146.96,yahoo
2015-01-08,USO,148.40,148.40,yahoo
2015-01-09,USO,146.24,146.24,yahoo
2015-01-12,USO,139.28,139.28,yahoo
2015-01-13,USO,140.96,140.96,yahoo
2015-01-14,USO,146.16,146.16,yahoo
2015-01-15,USO,139.60,139.60,yahoo
2015-01-16,USO,146.64,146.64,yahoo
2015-01-20,USO,139.84,139.84,yahoo
2015-01-21,USO,142.16,142.16,yahoo
2015-01-22,USO,139.28,139.28,yahoo
2015-01-23,USO,136,136,yahoo
2015-01-26,USO,134.96,134.96,yahoo
2015-01-27,USO,137.68,137.68,yahoo
2015-01-28,USO,132.48,132.48,yahoo
2015-01-29,USO,133.44,133.44,yahoo
2015-01-30,USO,142.56,142.56,yahoo
2015-02-02,USO,148.96,148.96,yahoo
2015-02-03,USO,156.96,156.96,yahoo
2015-02-04,USO,146.24,146.24,yahoo
2015-02-05,USO,152.24,152.24,yahoo
2015-02-06,USO,155.76,155.76,yahoo
2015-02-09,USO,158.16,158.16,yahoo
2015-02-10,USO,151.52,151.52,yahoo
2015-02-11,USO,148.08,148.08,yahoo
2015-02-12,USO,153.44,153.44,yahoo
2015-02-13,USO,156.96,156.96,yahoo
2015-02-17,USO,158.32,158.32,yahoo
2015-02-18,USO,154.08,154.08,yahoo
2015-02-19,USO,152.80,152.80,yahoo
2015-02-20,USO,149.20,149.20,yahoo
2015-02-23,USO,144.88,144.88,yahoo
2015-02-24,USO,144.32,144.32,yahoo
2015-02-25,USO,149.20,149.20,yahoo
2015-02-26,USO,144.24,144.24,yahoo
2015-02-27,USO,144.80,144.80,yahoo
2015-03-02,USO,146.56,146.56,yahoo
2015-03-03,USO,147.92,147.92,yahoo
2015-03-04,USO,152.08,152.08,yahoo
2015-03-05,USO,149.68,149.68,yahoo
2015-03-06,USO,145.92,145.92,yahoo
2015-03-09,USO,146.80,146.80,yahoo
2015-03-10,USO,143.28,143.28,yahoo
2015-03-11,USO,142.16,142.16,yahoo
2015-03-12,USO,139.52,139.52,yahoo
2015-03-13,USO,134.40,134.40,yahoo
2015-03-16,USO,130.80,130.80,yahoo
2015-03-17,USO,127.68,127.68,yahoo
2015-03-18,USO,134.08,134.08,yahoo
2015-03-19,USO,128.64,128.64,yahoo
2015-03-20,USO,131.44,131.44,yahoo
2015-03-23,USO,134.24,134.24,yahoo
2015-03-24,USO,134.32,134.32,yahoo
2015-03-25,USO,138.88,138.88,yahoo
2015-03-26,USO,145.68,145.68,yahoo
2015-03-27,USO,137.12,137.12,yahoo
2015-03-30,USO,137.84,137.84,yahoo
2015-03-31,USO,134.72,134.72,yahoo
2015-04-01,USO,140.64,140.64,yahoo
2015-04-02,USO,140.48,140.48,yahoo
2015-04-06,USO,147.44,147.44,yahoo
2015-04-07,USO,152.48,152.48,yahoo
2015-04-08,USO,144.56,144.56,yahoo
2015-04-09,USO,144.24,144.24,yahoo
2015-04-10,USO,147.28,147.28,yahoo
2015-04-13,USO,148,148,yahoo
2015-04-14,USO,150.56,150.56,yahoo
2015-04-15,USO,157.68,157.68,yahoo
2015-04-16,USO,159.52,159.52,yahoo
2015-04-17,USO,158.72,158.72,yahoo
2015-04-20,USO,159.12,159.12,yahoo
2015-04-21,USO,155.60,155.60,yahoo
2015-04-22,USO,154.88,154.88,yahoo
2015-04-23,USO,158.08,158.08,yahoo
2015-04-24,USO,157.36,157.36,yahoo
2015-04-27,USO,156.16,156.16,yahoo
2015-04-28,USO,156.80,156.80,yahoo
2015-04-29,USO,160.96,160.96,yahoo
2015-04-30,USO,164.08,164.08,yahoo
2015-05-01,USO,163.20,163.20,yahoo
2015-05-04,USO,162.24,162.24,yahoo
2015-05-05,USO,166.08,166.08,yahoo
2015-05-06,USO,166.56,166.56,yahoo
2015-05-07,USO,161.60,161.60,yahoo
2015-05-08,USO,163.36,163.36,yahoo
2015-05-11,USO,163.04,163.04,yahoo
2015-05-12,USO,165.92,165.92,yahoo
2015-05-13,USO,164.88,164.88,yahoo
2015-05-14,USO,164.24,164.24,yahoo
2015-05-15,USO,164.16,164.16,yahoo
2015-05-18,USO,163.52,163.52,yahoo
2015-05-19,USO,157.04,157.04,yahoo
2015-05-20,USO,158.72,158.72,yahoo
2015-05-21,USO,164,164,yahoo
2015-05-22,USO,162,162,yahoo
2015-05-26,USO,157.52,157.52,yahoo
2015-05-27,USO,155.84,155.84,yahoo
2015-05-28,USO,156.48,156.48,yahoo
2015-05-29,USO,162.48,162.48,yahoo
2015-06-01,USO,162.88,162.88,yahoo
2015-06-02,USO,165.44,165.44,yahoo
2015-06-03,USO,161.36,161.36,yahoo
2015-06-04,USO,157.28,157.28,yahoo
2015-06-05,USO,159.20,159.20,yahoo
2015-06-08,USO,157.68,157.68,yahoo
2015-06-09,USO,161.68,161.68,yahoo
2015-06-10,USO,165.12,165.12,yahoo
2015-06-11,USO,163.92,163.92,yahoo
2015-06-12,USO,162.16,162.16,yahoo
2015-06-15,USO,161.20,161.20,yahoo
2015-06-16,USO,162.08,162.08,yahoo
2015-06-17,USO,161.68,161.68,yahoo
2015-06-18,USO,162.88,162.88,yahoo
2015-06-19,USO,160.16,160.16,yahoo
2015-06-22,USO,161.28,161.28,yahoo
2015-06-23,USO,163.76,163.76,yahoo
2015-06-24,USO,161.68,161.68,yahoo
2015-06-25,USO,159.84,159.84,yahoo
2015-06-26,USO,159.84,159.84,yahoo
2015-06-29,USO,156.08,156.08,yahoo
2015-06-30,USO,159.04,159.04,yahoo
2015-07-01,USO,152.80,152.80,yahoo
2015-07-02,USO,151.44,151.44,yahoo
2015-07-06,USO,141.84,141.84,yahoo
2015-07-07,USO,142.08,142.08,yahoo
2015-07-08,USO,139.04,139.04,yahoo
2015-07-09,USO,141.68,141.68,yahoo
2015-07-10,USO,141.36,141.36,yahoo
2015-07-13,USO,140.08,140.08,yahoo
2015-07-14,USO,141.76,141.76,yahoo
2015-07-15,USO,137.84,137.84,yahoo
2015-07-16,USO,136.40,136.40,yahoo
2015-07-17,USO,135.92,135.92,yahoo
2015-07-20,USO,133.52,133.52,yahoo
2015-07-21,USO,135.28,135.28,yahoo
2015-07-22,USO,130.72,130.72,yahoo
2015-07-23,USO,129.12,129.12,yahoo
2015-07-24,USO,128.24,128.24,yahoo
2015-07-27,USO,125.20,125.20,yahoo
2015-07-28,USO,126.80,126.80,yahoo
2015-07-29,USO,129.92,129.92,yahoo
2015-07-30,USO,128.80,128.80,yahoo
2015-07-31,USO,124.72,124.72,yahoo
2015-08-03,USO,120.80,120.80,yahoo
2015-08-04,USO,121.76,121.76,yahoo
2015-08-05,USO,120.24,120.24,yahoo
2015-08-06,USO,118.96,118.96,yahoo
2015-08-07,USO,116.48,116.48,yahoo
2015-08-10,USO,119.12,119.12,yahoo
2015-08-11,USO,115.92,115.92,yahoo
2015-08-12,USO,115.52,115.52,yahoo
2015-08-13,USO,112.72,112.72,yahoo
2015-08-14,USO,111.92,111.92,yahoo
2015-08-17,USO,111.12,111.12,yahoo
2015-08-18,USO,112.40,112.40,yahoo
2015-08-19,USO,107.44,107.44,yahoo
2015-08-20,USO,106.96,106.96,yahoo
2015-08-21,USO,105.84,105.84,yahoo
2015-08-24,USO,99.92,99.92,yahoo
2015-08-25,USO,101.84,101.84,yahoo
2015-08-26,USO,102.16,102.16,yahoo
2015-08-27,USO,111.60,111.60,yahoo
2015-08-28,USO,119.04,119.04,yahoo
2015-08-31,USO,127.12,127.12,yahoo
2015-09-01,USO,118.48,118.48,yahoo
2015-09-02,USO,120.72,120.72,yahoo
2015-09-03,USO,122.72,122.72,yahoo
2015-09-04,USO,120.64,120.64,yahoo
2015-09-08,USO,120.16,120.16,yahoo
2015-09-09,USO,116.08,116.08,yahoo
2015-09-10,USO,119.44,119.44,yahoo
2015-09-11,USO,117.20,117.20,yahoo
2015-09-14,USO,115.12,115.12,yahoo
2015-09-15,USO,116.56,116.56,yahoo
2015-09-16,USO,122.88,122.88,yahoo
2015-09-17,USO,121.84,121.84,yahoo
2015-09-18,USO,116.96,116.96,yahoo
2015-09-21,USO,120.40,120.40,yahoo
2015-09-22,USO,119.36,119.36,yahoo
2015-09-23,USO,115.52,115.52,yahoo
2015-09-24,USO,116.72,116.72,yahoo
2015-09-25,USO,117.76,117.76,yahoo
2015-09-28,USO,115.04,115.04,yahoo
2015-09-29,USO,116.88,116.88,yahoo
2015-09-30,USO,117.44,117.44,yahoo
2015-10-01,USO,116.64,116.64,yahoo
2015-10-02,USO,118.16,118.16,yahoo
2015-10-05,USO,120,120,yahoo
2015-10-06,USO,125.92,125.92,yahoo
2015-10-07,USO,124.56,124.56,yahoo
2015-10-08,USO,128.32,128.32,yahoo
2015-10-09,USO,127.92,127.92,yahoo
2015-10-12,USO,122.48,122.48,yahoo
2015-10-13,USO,120.48,120.48,yahoo
2015-10-14,USO,120.40,120.40,yahoo
2015-10-15,USO,121.04,121.04,yahoo
2015-10-16,USO,121.76,121.76,yahoo
2015-10-19,USO,118.64,118.64,yahoo
2015-10-20,USO,117.84,117.84,yahoo
2015-10-21,USO,115.44,115.44,yahoo
2015-10-22,USO,116.08,116.08,yahoo
2015-10-23,USO,114.16,114.16,yahoo
2015-10-26,USO,112.08,112.08,yahoo
2015-10-27,USO,110.56,110.56,yahoo
2015-10-28,USO,117.52,117.52,yahoo
2015-10-29,USO,117.04,117.04,yahoo
2015-10-30,USO,118.48,118.48,yahoo
2015-11-02,USO,118,118,yahoo
2015-11-03,USO,122.24,122.24,yahoo
2015-11-04,USO,118.80,118.80,yahoo
2015-11-05,USO,115.84,115.84,yahoo
2015-11-06,USO,113.84,113.84,yahoo
2015-11-09,USO,112.64,112.64,yahoo
2015-11-10,USO,112.72,112.72,yahoo
2015-11-11,USO,110.08,110.08,yahoo
2015-11-12,USO,106.80,106.80,yahoo
2015-11-13,USO,104.48,104.48,yahoo
2015-11-16,USO,107.12,107.12,yahoo
2015-11-17,USO,104.08,104.08,yahoo
2015-11-18,USO,104.40,104.40,yahoo
2015-11-19,USO,103.68,103.68,yahoo
2015-11-20,USO,103.44,103.44,yahoo
2015-11-23,USO,104.16,104.16,yahoo
2015-11-24,USO,106.56,106.56,yahoo
2015-11-25,USO,107.12,107.12,yahoo
2015-11-27,USO,104.24,104.24,yahoo
2015-11-30,USO,103.44,103.44,yahoo
2015-12-01,USO,103.60,103.60,yahoo
2015-12-02,USO,99.84,99.84,yahoo
2015-12-03,USO,102.16,102.16,yahoo
2015-12-04,USO,99.68,99.68,yahoo
2015-12-07,USO,93.76,93.76,yahoo
2015-12-08,USO,93.44,93.44,yahoo
2015-12-09,USO,92.48,92.48,yahoo
2015-12-10,USO,90.96,90.96,yahoo
2015-12-11,USO,88.56,88.56,yahoo
2015-12-14,USO,89.28,89.28,yahoo
2015-12-15,USO,91.20,91.20,yahoo
2015-12-16,USO,87.92,87.92,yahoo
2015-12-17,USO,85.92,85.92,yahoo
2015-12-18,USO,85.28,85.28,yahoo
2015-12-21,USO,85.28,85.28,yahoo
2015-12-22,USO,86.16,86.16,yahoo
2015-12-23,USO,90.08,90.08,yahoo
2015-12-24,USO,90.40,90.40,yahoo
2015-12-28,USO,87.44,87.44,yahoo
2015-12-29,USO,90.08,90.08,yahoo
2015-12-30,USO,87.44,87.44,yahoo
2015-12-31,USO,88,88,yahoo
2016-01-04,USO,87.84,87.84,yahoo
2016-01-05,USO,85.28,85.28,yahoo
2016-01-06,USO,80.88,80.88,yahoo
2016-01-07,USO,79.20,79.20,yahoo
2016-01-08,USO,78.40,78.40,yahoo
2016-01-11,USO,74,74,yahoo
2016-01-12,USO,73.36,73.36,yahoo
2016-01-13,USO,72.72,72.72,yahoo
2016-01-14,USO,73.84,73.84,yahoo
2016-01-15,USO,70.32,70.32,yahoo
2016-01-19,USO,67.92,67.92,yahoo
2016-01-20,USO,65.92,65.92,yahoo
2016-01-21,USO,68.48,68.48,yahoo
2016-01-22,USO,74.16,74.16,yahoo
2016-01-25,USO,68.32,68.32,yahoo
2016-01-26,USO,71.76,71.76,yahoo
2016-01-27,USO,73.44,73.44,yahoo
2016-01-28,USO,77.60,77.60,yahoo
2016-01-29,USO,77.20,77.20,yahoo
2016-02-01,USO,72.16,72.16,yahoo
2016-02-02,USO,68.56,68.56,yahoo
2016-02-03,USO,74.72,74.72,yahoo
2016-02-04,USO,72.96,72.96,yahoo
2016-02-05,USO,71.28,71.28,yahoo
2016-02-08,USO,69.12,69.12,yahoo
2016-02-09,USO,65.44,65.44,yahoo
2016-02-10,USO,63.68,63.68,yahoo
2016-02-11,USO,63.92,63.92,yahoo
2016-02-12,USO,66.64,66.64,yahoo
2016-02-16,USO,66.48,66.48,yahoo
2016-02-17,USO,70.24,70.24,yahoo
2016-02-18,USO,69.28,69.28,yahoo
2016-02-19,USO,68.40,68.40,yahoo
2016-02-22,USO,71.28,71.28,yahoo
2016-02-23,USO,67.84,67.84,yahoo
2016-02-24,USO,68.72,68.72,yahoo
2016-02-25,USO,70.40,70.40,yahoo
2016-02-26,USO,70.24,70.24,yahoo
2016-02-29,USO,72,72,yahoo
2016-03-01,USO,73.20,73.20,yahoo
2016-03-02,USO,74.40,74.40,yahoo
2016-03-03,USO,74,74,yahoo
2016-03-04,USO,77.20,77.20,yahoo
2016-03-07,USO,80.88,80.88,yahoo
2016-03-08,USO,77.20,77.20,yahoo
2016-03-09,USO,81.20,81.20,yahoo
2016-03-10,USO,80.32,80.32,yahoo
2016-03-11,USO,81.52,81.52,yahoo
2016-03-14,USO,79.04,79.04,yahoo
2016-03-15,USO,77.60,77.60,yahoo
2016-03-16,USO,81.44,81.44,yahoo
2016-03-17,USO,84.40,84.40,yahoo
2016-03-18,USO,83.84,83.84,yahoo
2016-03-21,USO,84.72,84.72,yahoo
2016-03-22,USO,84.32,84.32,yahoo
2016-03-23,USO,80.88,80.88,yahoo
2016-03-24,USO,80.48,80.48,yahoo
2016-03-28,USO,80.08,80.08,yahoo
2016-03-29,USO,78.40,78.40,yahoo
2016-03-30,USO,77.84,77.84,yahoo
2016-03-31,USO,77.60,77.60,yahoo
2016-04-01,USO,74.64,74.64,yahoo
2016-04-04,USO,72.64,72.64,yahoo
2016-04-05,USO,73.04,73.04,yahoo
2016-04-06,USO,76.80,76.80,yahoo
2016-04-07,USO,76.08,76.08,yahoo
2016-04-08,USO,80.24,80.24,yahoo
2016-04-11,USO,82.24,82.24,yahoo
2016-04-12,USO,85.12,85.12,yahoo
2016-04-13,USO,84.08,84.08,yahoo
2016-04-14,USO,83.84,83.84,yahoo
2016-04-15,USO,82,82,yahoo
2016-04-18,USO,81.36,81.36,yahoo
2016-04-19,USO,83.52,83.52,yahoo
2016-04-20,USO,86.08,86.08,yahoo
2016-04-21,USO,85.76,85.76,yahoo
2016-04-22,USO,86.08,86.08,yahoo
2016-04-25,USO,84.40,84.40,yahoo
2016-04-26,USO,86.48,86.48,yahoo
2016-04-27,USO,89.12,89.12,yahoo
2016-04-28,USO,89.76,89.76,yahoo
2016-04-29,USO,90.40,90.40,yahoo
2016-05-02,USO,88.40,88.40,yahoo
2016-05-03,USO,85.92,85.92,yahoo
2016-05-04,USO,86.32,86.32,yahoo
2016-05-05,USO,87.20,87.20,yahoo
2016-05-06,USO,87.68,87.68,yahoo
2016-05-09,USO,85.44,85.44,yahoo
2016-05-10,USO,87.92,87.92,yahoo
2016-05-11,USO,90.72,90.72,yahoo
2016-05-12,USO,91.60,91.60,yahoo
2016-05-13,USO,90.96,90.96,yahoo
2016-05-16,USO,94.08,94.08,yahoo
2016-05-17,USO,95.36,95.36,yahoo
2016-05-18,USO,93.60,93.60,yahoo
2016-05-19,USO,94.32,94.32,yahoo
2016-05-20,USO,94,94,yahoo
2016-05-23,USO,93.28,93.28,yahoo
2016-05-24,USO,94.56,94.56,yahoo
2016-05-25,USO,96.24,96.24,yahoo
2016-05-26,USO,95.60,95.60,yahoo
2016-05-27,USO,95.84,95.84,yahoo
2016-05-31,USO,94.96,94.96,yahoo
2016-06-01,USO,95.44,95.44,yahoo
2016-06-02,USO,94.88,94.88,yahoo
2016-06-03,USO,94.56,94.56,yahoo
2016-06-06,USO,96.32,96.32,yahoo
2016-06-07,USO,97.76,97.76,yahoo
2016-06-08,USO,99.44,99.44,yahoo
2016-06-09,USO,98,98,yahoo
2016-06-10,USO,94.96,94.96,yahoo
2016-06-13,USO,94.08,94.08,yahoo
2016-06-14,USO,93.84,93.84,yahoo
2016-06-15,USO,91.76,91.76,yahoo
2016-06-16,USO,89.12,89.12,yahoo
2016-06-17,USO,93.28,93.28,yahoo
2016-06-20,USO,95.28,95.28,yahoo
2016-06-21,USO,95.12,95.12,yahoo
2016-06-22,USO,93.92,93.92,yahoo
2016-06-23,USO,95.84,95.84,yahoo
2016-06-24,USO,91.20,91.20,yahoo
2016-06-27,USO,89.52,89.52,yahoo
2016-06-28,USO,91.76,91.76,yahoo
2016-06-29,USO,94.32,94.32,yahoo
2016-06-30,USO,92.56,92.56,yahoo
2016-07-01,USO,94.24,94.24,yahoo
2016-07-05,USO,89.44,89.44,yahoo
2016-07-06,USO,90.64,90.64,yahoo
2016-07-07,USO,86.56,86.56,yahoo
2016-07-08,USO,86.64,86.64,yahoo
2016-07-11,USO,85.20,85.20,yahoo
2016-07-12,USO,89.52,89.52,yahoo
2016-07-13,USO,86,86,yahoo
2016-07-14,USO,86.96,86.96,yahoo
2016-07-15,USO,87.92,87.92,yahoo
2016-07-18,USO,86.56,86.56,yahoo
2016-07-19,USO,85.60,85.60,yahoo
2016-07-20,USO,85.84,85.84,yahoo
2016-07-21,USO,83.92,83.92,yahoo
2016-07-22,USO,83.36,83.36,yahoo
2016-07-25,USO,81.04,81.04,yahoo
2016-07-26,USO,80.64,80.64,yahoo
2016-07-27,USO,79.20,79.20,yahoo
2016-07-28,USO,77.36,77.36,yahoo
2016-07-29,USO,78.08,78.08,yahoo
2016-08-01,USO,75.28,75.28,yahoo
2016-08-02,USO,74.64,74.64,yahoo
2016-08-03,USO,77.52,77.52,yahoo
2016-08-04,USO,78.72,78.72,yahoo
2016-08-05,USO,78.88,78.88,yahoo
2016-08-08,USO,80.80,80.80,yahoo
2016-08-09,USO,80.56,80.56,yahoo
2016-08-10,USO,78.16,78.16,yahoo
2016-08-11,USO,81.68,81.68,yahoo
2016-08-12,USO,84,84,yahoo
2016-08-15,USO,86.08,86.08,yahoo
2016-08-16,USO,87.36,87.36,yahoo
2016-08-17,USO,87.92,87.92,yahoo
2016-08-18,USO,90.40,90.40,yahoo
2016-08-19,USO,90.72,90.72,yahoo
2016-08-22,USO,87.76,87.76,yahoo
2016-08-23,USO,88.72,88.72,yahoo
2016-08-24,USO,86.56,86.56,yahoo
2016-08-25,USO,87.60,87.60,yahoo
2016-08-26,USO,87.60,87.60,yahoo
2016-08-29,USO,86.80,86.80,yahoo
2016-08-30,USO,85.84,85.84,yahoo
2016-08-31,USO,82.88,82.88,yahoo
2016-09-01,USO,80.48,80.48,yahoo
2016-09-02,USO,81.92,81.92,yahoo
2016-09-06,USO,83.12,83.12,yahoo
2016-09-07,USO,84.16,84.16,yahoo
2016-09-08,USO,87.68,87.68,yahoo
2016-09-09,USO,84.72,84.72,yahoo
2016-09-12,USO,85.12,85.12,yahoo
2016-09-13,USO,82.96,82.96,yahoo
2016-09-14,USO,80.72,80.72,yahoo
2016-09-15,USO,81.12,81.12,yahoo
2016-09-16,USO,80,80,yahoo
2016-09-19,USO,79.84,79.84,yahoo
2016-09-20,USO,80.56,80.56,yahoo
2016-09-21,USO,83.20,83.20,yahoo
2016-09-22,USO,84.24,84.24,yahoo
2016-09-23,USO,81.52,81.52,yahoo
2016-09-26,USO,83.44,83.44,yahoo
2016-09-27,USO,81.20,81.20,yahoo
2016-09-28,USO,85.20,85.20,yahoo
2016-09-29,USO,86.96,86.96,yahoo
2016-09-30,USO,87.44,87.44,yahoo
2016-10-03,USO,88.80,88.80,yahoo
2016-10-04,USO,88.72,88.72,yahoo
2016-10-05,USO,90.80,90.80,yahoo
2016-10-06,USO,92.08,92.08,yahoo
2016-10-07,USO,90.64,90.64,yahoo
2016-10-10,USO,93.36,93.36,yahoo
2016-10-11,USO,92.64,92.64,yahoo
2016-10-12,USO,91.44,91.44,yahoo
2016-10-13,USO,91.92,91.92,yahoo
2016-10-14,USO,91.52,91.52,yahoo
2016-10-17,USO,90.96,90.96,yahoo
2016-10-18,USO,91.60,91.60,yahoo
2016-10-19,USO,93.28,93.28,yahoo
2016-10-20,USO,91.44,91.44,yahoo
2016-10-21,USO,91.84,91.84,yahoo
2016-10-24,USO,91.44,91.44,yahoo
2016-10-25,USO,89.92,89.92,yahoo
2016-10-26,USO,88.72,88.72,yahoo
2016-10-27,USO,89.68,89.68,yahoo
2016-10-28,USO,88.08,88.08,yahoo
2016-10-31,USO,84.24,84.24,yahoo
2016-11-01,USO,84.56,84.56,yahoo
2016-11-02,USO,82.24,82.24,yahoo
2016-11-03,USO,80.64,80.64,yahoo
2016-11-04,USO,79.84,79.84,yahoo
2016-11-07,USO,81.28,81.28,yahoo
2016-11-08,USO,80.80,80.80,yahoo
2016-11-09,USO,82.24,82.24,yahoo
2016-11-10,USO,80.32,80.32,yahoo
2016-11-11,USO,78.16,78.16,yahoo
2016-11-14,USO,78.96,78.96,yahoo
2016-11-15,USO,82.72,82.72,yahoo
2016-11-16,USO,81.84,81.84,yahoo
2016-11-17,USO,81.04,81.04,yahoo
2016-11-18,USO,82.56,82.56,yahoo
2016-11-21,USO,86.16,86.16,yahoo
2016-11-22,USO,85.04,85.04,yahoo
2016-11-23,USO,85.36,85.36,yahoo
2016-11-25,USO,82.64,82.64,yahoo
2016-11-28,USO,83.52,83.52,yahoo
2016-11-29,USO,80.48,80.48,yahoo
2016-11-30,USO,87.44,87.44,yahoo
2016-12-01,USO,90.64,90.64,yahoo
2016-12-02,USO,91.84,91.84,yahoo
2016-12-05,USO,90.80,90.80,yahoo
2016-12-06,USO,90.32,90.32,yahoo
2016-12-07,USO,88.72,88.72,yahoo
2016-12-08,USO,90.48,90.48,yahoo
2016-12-09,USO,91.52,91.52,yahoo
2016-12-12,USO,92.96,92.96,yahoo
2016-12-13,USO,93.84,93.84,yahoo
2016-12-14,USO,90.56,90.56,yahoo
2016-12-15,USO,90.88,90.88,yahoo
2016-12-16,USO,92.40,92.40,yahoo
2016-12-19,USO,92,92,yahoo
2016-12-20,USO,92.96,92.96,yahoo
2016-12-21,USO,91.52,91.52,yahoo
2016-12-22,USO,91.68,91.68,yahoo
2016-12-23,USO,92.48,92.48,yahoo
2016-12-27,USO,93.84,93.84,yahoo
2016-12-28,USO,94,94,yahoo
2016-12-29,USO,93.76,93.76,yahoo
2016-12-30,USO,93.76,93.76,yahoo
2017-01-03,USO,91.52,91.52,yahoo
2017-01-04,USO,92.64,92.64,yahoo
2017-01-05,USO,93.60,93.60,yahoo
2017-01-06,USO,93.44,93.44,yahoo
2017-01-09,USO,90.48,90.48,yahoo
2017-01-10,USO,88.56,88.56,yahoo
2017-01-11,USO,90.96,90.96,yahoo
2017-01-12,USO,92.32,92.32,yahoo
2017-01-13,USO,91.28,91.28,yahoo
2017-01-17,USO,91.44,91.44,yahoo
2017-01-18,USO,89.28,89.28,yahoo
2017-01-19,USO,89.36,89.36,yahoo
2017-01-20,USO,91.12,91.12,yahoo
2017-01-23,USO,90.56,90.56,yahoo
2017-01-24,USO,90.96,90.96,yahoo
2017-01-25,USO,90.48,90.48,yahoo
2017-01-26,USO,92.24,92.24,yahoo
2017-01-27,USO,91.20,91.20,yahoo
2017-01-30,USO,90.24,90.24,yahoo
2017-01-31,USO,90.56,90.56,yahoo
2017-02-01,USO,91.84,91.84,yahoo
2017-02-02,USO,92.08,92.08,yahoo
2017-02-03,USO,92.32,92.32,yahoo
2017-02-06,USO,91.04,91.04,yahoo
2017-02-07,USO,89.52,89.52,yahoo
2017-02-08,USO,89.84,89.84,yahoo
2017-02-09,USO,90.80,90.80,yahoo
2017-02-10,USO,92,92,yahoo
2017-02-13,USO,90.56,90.56,yahoo
2017-02-14,USO,91.04,91.04,yahoo
2017-02-15,USO,90.88,90.88,yahoo
2017-02-16,USO,91.28,91.28,yahoo
2017-02-17,USO,91.12,91.12,yahoo
2017-02-21,USO,92.32,92.32,yahoo
2017-02-22,USO,90.88,90.88,yahoo
2017-02-23,USO,92.24,92.24,yahoo
2017-02-24,USO,91.68,91.68,yahoo
2017-02-27,USO,91.76,91.76,yahoo
2017-02-28,USO,91.60,91.60,yahoo
2017-03-01,USO,91.20,91.20,yahoo
2017-03-02,USO,89.36,89.36,yahoo
2017-03-03,USO,90.32,90.32,yahoo
2017-03-06,USO,90.24,90.24,yahoo
2017-03-07,USO,90.16,90.16,yahoo
2017-03-08,USO,85.36,85.36,yahoo
2017-03-09,USO,84.24,84.24,yahoo
2017-03-10,USO,82.32,82.32,yahoo
2017-03-13,USO,82.24,82.24,yahoo
2017-03-14,USO,81.52,81.52,yahoo
2017-03-15,USO,83.04,83.04,yahoo
2017-03-16,USO,82.88,82.88,yahoo
2017-03-17,USO,82.64,82.64,yahoo
2017-03-20,USO,82.16,82.16,yahoo
2017-03-21,USO,80.88,80.88,yahoo
2017-03-22,USO,80.96,80.96,yahoo
2017-03-23,USO,80.08,80.08,yahoo
2017-03-24,USO,80.72,80.72,yahoo
2017-03-27,USO,80.32,80.32,yahoo
2017-03-28,USO,81.20,81.20,yahoo
2017-03-29,USO,82.96,82.96,yahoo
2017-03-30,USO,84.56,84.56,yahoo
2017-03-31,USO,85.12,85.12,yahoo
2017-04-03,USO,84.40,84.40,yahoo
2017-04-04,USO,85.68,85.68,yahoo
2017-04-05,USO,85.44,85.44,yahoo
2017-04-06,USO,86.88,86.88,yahoo
2017-04-07,USO,87.68,87.68,yahoo
2017-04-10,USO,89.12,89.12,yahoo
2017-04-11,USO,89.36,89.36,yahoo
2017-04-12,USO,88.88,88.88,yahoo
2017-04-13,USO,89.04,89.04,yahoo
2017-04-17,USO,88.48,88.48,yahoo
2017-04-18,USO,88.32,88.32,yahoo
2017-04-19,USO,84.96,84.96,yahoo
2017-04-20,USO,84.32,84.32,yahoo
2017-04-21,USO,82.56,82.56,yahoo
2017-04-24,USO,82,82,yahoo
2017-04-25,USO,82.88,82.88,yahoo
2017-04-26,USO,82.08,82.08,yahoo
2017-04-27,USO,81.92,81.92,yahoo
2017-04-28,USO,81.92,81.92,yahoo
2017-05-01,USO,81.20,81.20,yahoo
2017-05-02,USO,79.36,79.36,yahoo
2017-05-03,USO,79.44,79.44,yahoo
2017-05-04,USO,75.68,75.68,yahoo
2017-05-05,USO,77.28,77.28,yahoo
2017-05-08,USO,77.36,77.36,yahoo
2017-05-09,USO,76.56,76.56,yahoo
2017-05-10,USO,78.88,78.88,yahoo
2017-05-11,USO,79.52,79.52,yahoo
2017-05-12,USO,79.60,79.60,yahoo
2017-05-15,USO,81.36,81.36,yahoo
2017-05-16,USO,80.88,80.88,yahoo
2017-05-17,USO,81.52,81.52,yahoo
2017-05-18,USO,82.08,82.08,yahoo
2017-05-19,USO,83.84,83.84,yahoo
2017-05-22,USO,84.32,84.32,yahoo
2017-05-23,USO,85.12,85.12,yahoo
2017-05-24,USO,84.80,84.80,yahoo
2017-05-25,USO,80.32,80.32,yahoo
2017-05-26,USO,82.24,82.24,yahoo
2017-05-30,USO,81.92,81.92,yahoo
2017-05-31,USO,79.68,79.68,yahoo
2017-06-01,USO,79.28,79.28,yahoo
2017-06-02,USO,78.88,78.88,yahoo
2017-06-05,USO,78.40,78.40,yahoo
2017-06-06,USO,79.76,79.76,yahoo
2017-06-07,USO,75.68,75.68,yahoo
2017-06-08,USO,75.44,75.44,yahoo
2017-06-09,USO,75.92,75.92,yahoo
2017-06-12,USO,76.16,76.16,yahoo
2017-06-13,USO,76.80,76.80,yahoo
2017-06-14,USO,73.84,73.84,yahoo
2017-06-15,USO,73.44,73.44,yahoo
2017-06-16,USO,73.92,73.92,yahoo
2017-06-19,USO,72.96,72.96,yahoo
2017-06-20,USO,71.60,71.60,yahoo
2017-06-21,USO,69.68,69.68,yahoo
2017-06-22,USO,70.24,70.24,yahoo
2017-06-23,USO,70.88,70.88,yahoo
2017-06-26,USO,71.44,71.44,yahoo
2017-06-27,USO,72.80,72.80,yahoo
2017-06-28,USO,73.60,73.60,yahoo
2017-06-29,USO,73.68,73.68,yahoo
2017-06-30,USO,76,76,yahoo
2017-07-03,USO,76.96,76.96,yahoo
2017-07-05,USO,74,74,yahoo
2017-07-06,USO,74.48,74.48,yahoo
2017-07-07,USO,72.80,72.80,yahoo
2017-07-10,USO,73.04,73.04,yahoo
2017-07-11,USO,74.16,74.16,yahoo
2017-07-12,USO,74.64,74.64,yahoo
2017-07-13,USO,75.76,75.76,yahoo
2017-07-14,USO,76.72,76.72,yahoo
2017-07-17,USO,75.60,75.60,yahoo
2017-07-18,USO,76.32,76.32,yahoo
2017-07-19,USO,77.52,77.52,yahoo
2017-07-20,USO,76.88,76.88,yahoo
2017-07-21,USO,74.72,74.72,yahoo
2017-07-24,USO,76,76,yahoo
2017-07-25,USO,78.48,78.48,yahoo
2017-07-26,USO,79.68,79.68,yahoo
2017-07-27,USO,80.48,80.48,yahoo
2017-07-28,USO,81.36,81.36,yahoo
2017-07-31,USO,82.24,82.24,yahoo
2017-08-01,USO,80.72,80.72,yahoo
2017-08-02,USO,81.12,81.12,yahoo
2017-08-03,USO,80.16,80.16,yahoo
2017-08-04,USO,81.04,81.04,yahoo
2017-08-07,USO,80.80,80.80,yahoo
2017-08-08,USO,80.48,80.48,yahoo
2017-08-09,USO,81.20,81.20,yahoo
2017-08-10,USO,79.28,79.28,yahoo
2017-08-11,USO,79.92,79.92,yahoo
2017-08-14,USO,77.76,77.76,yahoo
2017-08-15,USO,78,78,yahoo
2017-08-16,USO,76.56,76.56,yahoo
2017-08-17,USO,76.96,76.96,yahoo
2017-08-18,USO,79.76,79.76,yahoo
2017-08-21,USO,77.68,77.68,yahoo
2017-08-22,USO,78.16,78.16,yahoo
2017-08-23,USO,79.04,79.04,yahoo
2017-08-24,USO,77.68,77.68,yahoo
2017-08-25,USO,78,78,yahoo
2017-08-28,USO,76.24,76.24,yahoo
2017-08-29,USO,75.68,75.68,yahoo
2017-08-30,USO,75.04,75.04,yahoo
2017-08-31,USO,77.04,77.04,yahoo
2017-09-01,USO,77.36,77.36,yahoo
2017-09-05,USO,79.36,79.36,yahoo
2017-09-06,USO,80.32,80.32,yahoo
2017-09-07,USO,80.24,80.24,yahoo
2017-09-08,USO,77.84,77.84,yahoo
2017-09-11,USO,78.56,78.56,yahoo
2017-09-12,USO,78.96,78.96,yahoo
2017-09-13,USO,80.56,80.56,yahoo
2017-09-14,USO,81.04,81.04,yahoo
2017-09-15,USO,81.60,81.60,yahoo
2017-09-18,USO,81.36,81.36,yahoo
2017-09-19,USO,80.88,80.88,yahoo
2017-09-20,USO,81.92,81.92,yahoo
2017-09-21,USO,82,82,yahoo
2017-09-22,USO,81.92,81.92,yahoo
2017-09-25,USO,84.40,84.40,yahoo
2017-09-26,USO,83.92,83.92,yahoo
2017-09-27,USO,84.16,84.16,yahoo
2017-09-28,USO,83.44,83.44,yahoo
2017-09-29,USO,83.44,83.44,yahoo
2017-10-02,USO,81.68,81.68,yahoo
2017-10-03,USO,81.44,81.44,yahoo
2017-10-04,USO,80.64,80.64,yahoo
2017-10-05,USO,82,82,yahoo
2017-10-06,USO,79.76,79.76,yahoo
2017-10-09,USO,80,80,yahoo
2017-10-10,USO,82.24,82.24,yahoo
2017-10-11,USO,82.88,82.88,yahoo
2017-10-12,USO,81.84,81.84,yahoo
2017-10-13,USO,82.96,82.96,yahoo
2017-10-16,USO,83.68,83.68,yahoo
2017-10-17,USO,83.92,83.92,yahoo
2017-10-18,USO,83.84,83.84,yahoo
2017-10-19,USO,82.80,82.80,yahoo
2017-10-20,USO,83.44,83.44,yahoo
2017-10-23,USO,83.36,83.36,yahoo
2017-10-24,USO,84.32,84.32,yahoo
2017-10-25,USO,83.84,83.84,yahoo
2017-10-26,USO,84.56,84.56,yahoo
2017-10-27,USO,86.72,86.72,yahoo
2017-10-30,USO,86.96,86.96,yahoo
2017-10-31,USO,87.44,87.44,yahoo
2017-11-01,USO,87.20,87.20,yahoo
2017-11-02,USO,87.92,87.92,yahoo
2017-11-03,USO,89.44,89.44,yahoo
2017-11-06,USO,92.08,92.08,yahoo
2017-11-07,USO,91.92,91.92,yahoo
2017-11-08,USO,91.28,91.28,yahoo
2017-11-09,USO,91.68,91.68,yahoo
2017-11-10,USO,91.36,91.36,yahoo
2017-11-13,USO,91.04,91.04,yahoo
2017-11-14,USO,89.04,89.04,yahoo
2017-11-15,USO,88.72,88.72,yahoo
2017-11-16,USO,88.56,88.56,yahoo
2017-11-17,USO,90.80,90.80,yahoo
2017-11-20,USO,90.24,90.24,yahoo
2017-11-21,USO,91.20,91.20,yahoo
2017-11-22,USO,92.80,92.80,yahoo
2017-11-24,USO,94.32,94.32,yahoo
2017-11-27,USO,92.72,92.72,yahoo
2017-11-28,USO,92.64,92.64,yahoo
2017-11-29,USO,91.76,91.76,yahoo
2017-11-30,USO,91.76,91.76,yahoo
2017-12-01,USO,93.36,93.36,yahoo
2017-12-04,USO,91.92,91.92,yahoo
2017-12-05,USO,92.32,92.32,yahoo
2017-12-06,USO,89.60,89.60,yahoo
2017-12-07,USO,90.64,90.64,yahoo
2017-12-08,USO,91.92,91.92,yahoo
2017-12-11,USO,92.80,92.80,yahoo
2017-12-12,USO,91.52,91.52,yahoo
2017-12-13,USO,90.64,90.64,yahoo
2017-12-14,USO,91.44,91.44,yahoo
2017-12-15,USO,91.68,91.68,yahoo
2017-12-18,USO,91.52,91.52,yahoo
2017-12-19,USO,92.08,92.08,yahoo
2017-12-20,USO,92.88,92.88,yahoo
2017-12-21,USO,93.12,93.12,yahoo
2017-12-22,USO,93.28,93.28,yahoo
2017-12-26,USO,95.60,95.60,yahoo
2017-12-27,USO,95.36,95.36,yahoo
2017-12-28,USO,95.76,95.76,yahoo
2017-12-29,USO,96.08,96.08,yahoo
2018-01-02,USO,96.56,96.56,yahoo
2018-01-03,USO,98.72,98.72,yahoo
2018-01-04,USO,98.96,98.96,yahoo
2018-01-05,USO,98.48,98.48,yahoo
2018-01-08,USO,99.04,99.04,yahoo
2018-01-09,USO,100.56,100.56,yahoo
2018-01-10,USO,101.44,101.44,yahoo
2018-01-11,USO,101.60,101.60,yahoo
2018-01-12,USO,102.96,102.96,yahoo
2018-01-16,USO,102.08,102.08,yahoo
2018-01-17,USO,102.24,102.24,yahoo
2018-01-18,USO,102.08,102.08,yahoo
2018-01-19,USO,101.76,101.76,yahoo
2018-01-22,USO,102.24,102.24,yahoo
2018-01-23,USO,103.76,103.76,yahoo
2018-01-24,USO,105.76,105.76,yahoo
2018-01-25,USO,104.48,104.48,yahoo
2018-01-26,USO,105.92,105.92,yahoo
2018-01-29,USO,104.88,104.88,yahoo
2018-01-30,USO,103.20,103.20,yahoo
2018-01-31,USO,103.84,103.84,yahoo
2018-02-01,USO,105.92,105.92,yahoo
2018-02-02,USO,104.32,104.32,yahoo
2018-02-05,USO,102.16,102.16,yahoo
2018-02-06,USO,101.60,101.60,yahoo
2018-02-07,USO,98.96,98.96,yahoo
2018-02-08,USO,96.72,96.72,yahoo
2018-02-09,USO,94.88,94.88,yahoo
2018-02-12,USO,95.12,95.12,yahoo
2018-02-13,USO,94.96,94.96,yahoo
2018-02-14,USO,97.44,97.44,yahoo
2018-02-15,USO,98.64,98.64,yahoo
2018-02-16,USO,99.04,99.04,yahoo
2018-02-20,USO,99.12,99.12,yahoo
2018-02-21,USO,98.32,98.32,yahoo
2018-02-22,USO,100.72,100.72,yahoo
2018-02-23,USO,102.16,102.16,yahoo
2018-02-26,USO,102.88,102.88,yahoo
2018-02-27,USO,101.20,101.20,yahoo
2018-02-28,USO,98.96,98.96,yahoo
2018-03-01,USO,98.80,98.80,yahoo
2018-03-02,USO,98.96,98.96,yahoo
2018-03-05,USO,100.72,100.72,yahoo
2018-03-06,USO,100.56,100.56,yahoo
2018-03-07,USO,98.80,98.80,yahoo
2018-03-08,USO,97.20,97.20,yahoo
2018-03-09,USO,99.76,99.76,yahoo
2018-03-12,USO,98.96,98.96,yahoo
2018-03-13,USO,97.92,97.92,yahoo
2018-03-14,USO,98.24,98.24,yahoo
2018-03-15,USO,98.72,98.72,yahoo
2018-03-16,USO,100.40,100.40,yahoo
2018-03-19,USO,100.40,100.40,yahoo
2018-03-20,USO,102.48,102.48,yahoo
2018-03-21,USO,105.44,105.44,yahoo
2018-03-22,USO,103.60,103.60,yahoo
2018-03-23,USO,106.24,106.24,yahoo
2018-03-26,USO,105.68,105.68,yahoo
2018-03-27,USO,104.64,104.64,yahoo
2018-03-28,USO,104.32,104.32,yahoo
2018-03-29,USO,104.72,104.72,yahoo
2018-04-02,USO,101.92,101.92,yahoo
2018-04-03,USO,102.48,102.48,yahoo
2018-04-04,USO,102.56,102.56,yahoo
2018-04-05,USO,102.64,102.64,yahoo
2018-04-06,USO,100.08,100.08,yahoo
2018-04-09,USO,102.16,102.16,yahoo
2018-04-10,USO,106,106,yahoo
2018-04-11,USO,107.60,107.60,yahoo
2018-04-12,USO,108.16,108.16,yahoo
2018-04-13,USO,108.40,108.40,yahoo
2018-04-16,USO,107.04,107.04,yahoo
2018-04-17,USO,107.28,107.28,yahoo
2018-04-18,USO,111.04,111.04,yahoo
2018-04-19,USO,110.16,110.16,yahoo
2018-04-20,USO,110,110,yahoo
2018-04-23,USO,111.36,111.36,yahoo
2018-04-24,USO,109.44,109.44,yahoo
2018-04-25,USO,109.76,109.76,yahoo
2018-04-26,USO,110.16,110.16,yahoo
2018-04-27,USO,109.84,109.84,yahoo
2018-04-30,USO,110.40,110.40,yahoo
2018-05-01,USO,108.88,108.88,yahoo
2018-05-02,USO,109.36,109.36,yahoo
2018-05-03,USO,110.56,110.56,yahoo
2018-05-04,USO,112.72,112.72,yahoo
2018-05-07,USO,112.80,112.80,yahoo
2018-05-08,USO,112.48,112.48,yahoo
2018-05-09,USO,114.96,114.96,yahoo
2018-05-10,USO,115.28,115.28,yahoo
2018-05-11,USO,114,114,yahoo
2018-05-14,USO,115.04,115.04,yahoo
2018-05-15,USO,115.20,115.20,yahoo
2018-05-16,USO,115.68,115.68,yahoo
2018-05-17,USO,115.92,115.92,yahoo
2018-05-18,USO,115.44,115.44,yahoo
2018-05-21,USO,117.36,117.36,yahoo
2018-05-22,USO,116.48,116.48,yahoo
2018-05-23,USO,116.08,116.08,yahoo
2018-05-24,USO,114.32,114.32,yahoo
2018-05-25,USO,109.44,109.44,yahoo
2018-05-29,USO,108.08,108.08,yahoo
2018-05-30,USO,110.64,110.64,yahoo
2018-05-31,USO,108.40,108.40,yahoo
2018-06-01,USO,106,106,yahoo
2018-06-04,USO,104.96,104.96,yahoo
2018-06-05,USO,105.76,105.76,yahoo
2018-06-06,USO,105.28,105.28,yahoo
2018-06-07,USO,106.80,106.80,yahoo
2018-06-08,USO,106.16,106.16,yahoo
2018-06-11,USO,106.88,106.88,yahoo
2018-06-12,USO,107.20,107.20,yahoo
2018-06-13,USO,107.76,107.76,yahoo
2018-06-14,USO,108.16,108.16,yahoo
2018-06-15,USO,104.40,104.40,yahoo
2018-06-18,USO,106.32,106.32,yahoo
2018-06-19,USO,105.12,105.12,yahoo
2018-06-20,USO,106.24,106.24,yahoo
2018-06-21,USO,106.48,106.48,yahoo
2018-06-22,USO,112.16,112.16,yahoo
2018-06-25,USO,110.16,110.16,yahoo
2018-06-26,USO,114.16,114.16,yahoo
2018-06-27,USO,117.20,117.20,yahoo
2018-06-28,USO,118.88,118.88,yahoo
2018-06-29,USO,120.48,120.48,yahoo
2018-07-02,USO,119.68,119.68,yahoo
2018-07-03,USO,119.36,119.36,yahoo
2018-07-05,USO,118.24,118.24,yahoo
2018-07-06,USO,119.68,119.68,yahoo
2018-07-09,USO,120.24,120.24,yahoo
2018-07-10,USO,120.56,120.56,yahoo
2018-07-11,USO,114.48,114.48,yahoo
2018-07-12,USO,115.12,115.12,yahoo
2018-07-13,USO,115.76,115.76,yahoo
2018-07-16,USO,111.52,111.52,yahoo
2018-07-17,USO,111.60,111.60,yahoo
2018-07-18,USO,112.80,112.80,yahoo
2018-07-19,USO,113.04,113.04,yahoo
2018-07-20,USO,113.20,113.20,yahoo
2018-07-23,USO,112.72,112.72,yahoo
2018-07-24,USO,113.84,113.84,yahoo
2018-07-25,USO,115.36,115.36,yahoo
2018-07-26,USO,115.76,115.76,yahoo
2018-07-27,USO,114.56,114.56,yahoo
2018-07-30,USO,116.32,116.32,yahoo
2018-07-31,USO,114.24,114.24,yahoo
2018-08-01,USO,112.72,112.72,yahoo
2018-08-02,USO,114.88,114.88,yahoo
2018-08-03,USO,114.16,114.16,yahoo
2018-08-06,USO,114.48,114.48,yahoo
2018-08-07,USO,114.88,114.88,yahoo
2018-08-08,USO,111.20,111.20,yahoo
2018-08-09,USO,111.04,111.04,yahoo
2018-08-10,USO,112.64,112.64,yahoo
2018-08-13,USO,112.08,112.08,yahoo
2018-08-14,USO,111.92,111.92,yahoo
2018-08-15,USO,108.08,108.08,yahoo
2018-08-16,USO,109.04,109.04,yahoo
2018-08-17,USO,109.52,109.52,yahoo
2018-08-20,USO,110.08,110.08,yahoo
2018-08-21,USO,110.64,110.64,yahoo
2018-08-22,USO,114.16,114.16,yahoo
2018-08-23,USO,114.16,114.16,yahoo
2018-08-24,USO,115.44,115.44,yahoo
2018-08-27,USO,116,116,yahoo
2018-08-28,USO,115.44,115.44,yahoo
2018-08-29,USO,117.28,117.28,yahoo
2018-08-30,USO,118,118,yahoo
2018-08-31,USO,117.68,117.68,yahoo
2018-09-04,USO,116.64,116.64,yahoo
2018-09-05,USO,115.92,115.92,yahoo
2018-09-06,USO,114.40,114.40,yahoo
2018-09-07,USO,114.24,114.24,yahoo
2018-09-10,USO,113.68,113.68,yahoo
2018-09-11,USO,116.80,116.80,yahoo
2018-09-12,USO,118.24,118.24,yahoo
2018-09-13,USO,115.92,115.92,yahoo
2018-09-14,USO,116,116,yahoo
2018-09-17,USO,115.76,115.76,yahoo
2018-09-18,USO,117.52,117.52,yahoo
2018-09-19,USO,119.52,119.52,yahoo
2018-09-20,USO,118.40,118.40,yahoo
2018-09-21,USO,119.68,119.68,yahoo
2018-09-24,USO,122,122,yahoo
2018-09-25,USO,122.16,122.16,yahoo
2018-09-26,USO,120.88,120.88,yahoo
2018-09-27,USO,122.08,122.08,yahoo
2018-09-28,USO,124.16,124.16,yahoo
2018-10-01,USO,127.60,127.60,yahoo
2018-10-02,USO,126.96,126.96,yahoo
2018-10-03,USO,128.64,128.64,yahoo
2018-10-04,USO,125.92,125.92,yahoo
2018-10-05,USO,125.52,125.52,yahoo
2018-10-08,USO,125.44,125.44,yahoo
2018-10-09,USO,126.56,126.56,yahoo
2018-10-10,USO,123.04,123.04,yahoo
2018-10-11,USO,119.60,119.60,yahoo
2018-10-12,USO,120.96,120.96,yahoo
2018-10-15,USO,121.04,121.04,yahoo
2018-10-16,USO,121.52,121.52,yahoo
2018-10-17,USO,118.56,118.56,yahoo
2018-10-18,USO,116.48,116.48,yahoo
2018-10-19,USO,117.76,117.76,yahoo
2018-10-22,USO,117.92,117.92,yahoo
2018-10-23,USO,112.32,112.32,yahoo
2018-10-24,USO,112.40,112.40,yahoo
2018-10-25,USO,113.68,113.68,yahoo
2018-10-26,USO,114.64,114.64,yahoo
2018-10-29,USO,112.88,112.88,yahoo
2018-10-30,USO,112.24,112.24,yahoo
2018-10-31,USO,110.32,110.32,yahoo
2018-11-01,USO,107.68,107.68,yahoo
2018-11-02,USO,106.48,106.48,yahoo
2018-11-05,USO,106.40,106.40,yahoo
2018-11-06,USO,105.44,105.44,yahoo
2018-11-07,USO,104.48,104.48,yahoo
2018-11-08,USO,102.72,102.72,yahoo
2018-11-09,USO,101.60,101.60,yahoo
2018-11-12,USO,99.84,99.84,yahoo
2018-11-13,USO,93.52,93.52,yahoo
2018-11-14,USO,95.60,95.60,yahoo
2018-11-15,USO,95.84,95.84,yahoo
2018-11-16,USO,96.56,96.56,yahoo
2018-11-19,USO,97.12,97.12,yahoo
2018-11-20,USO,90.16,90.16,yahoo
2018-11-21,USO,92.16,92.16,yahoo
2018-11-23,USO,86.64,86.64,yahoo
2018-11-26,USO,87.52,87.52,yahoo
2018-11-27,USO,87.60,87.60,yahoo
2018-11-28,USO,85.28,85.28,yahoo
2018-11-29,USO,86.96,86.96,yahoo
2018-11-30,USO,85.84,85.84,yahoo
2018-12-03,USO,90.16,90.16,yahoo
2018-12-04,USO,89.44,89.44,yahoo
2018-12-06,USO,87.52,87.52,yahoo
2018-12-07,USO,88.88,88.88,yahoo
2018-12-10,USO,86,86,yahoo
2018-12-11,USO,87.60,87.60,yahoo
2018-12-12,USO,86.56,86.56,yahoo
2018-12-13,USO,89.68,89.68,yahoo
2018-12-14,USO,86.56,86.56,yahoo
2018-12-17,USO,83.60,83.60,yahoo
2018-12-18,USO,78.32,78.32,yahoo
2018-12-19,USO,80.16,80.16,yahoo
2018-12-20,USO,77.76,77.76,yahoo
2018-12-21,USO,76.56,76.56,yahoo
2018-12-24,USO,74.32,74.32,yahoo
2018-12-26,USO,79.20,79.20,yahoo
2018-12-27,USO,76.96,76.96,yahoo
2018-12-28,USO,76.24,76.24,yahoo
2018-12-31,USO,77.28,77.28,yahoo
2019-01-02,USO,78.80,78.80,yahoo
2019-01-03,USO,79.60,79.60,yahoo
2019-01-04,USO,81.44,81.44,yahoo
2019-01-07,USO,82.32,82.32,yahoo
2019-01-08,USO,84,84,yahoo
2019-01-09,USO,88.40,88.40,yahoo
2019-01-10,USO,88.80,88.80,yahoo
2019-01-11,USO,87.20,87.20,yahoo
2019-01-14,USO,85.52,85.52,yahoo
2019-01-15,USO,88,88,yahoo
2019-01-16,USO,88.48,88.48,yahoo
2019-01-17,USO,88.24,88.24,yahoo
2019-01-18,USO,90.48,90.48,yahoo
2019-01-22,USO,88.96,88.96,yahoo
2019-01-23,USO,88.40,88.40,yahoo
2019-01-24,USO,89.36,89.36,yahoo
2019-01-25,USO,90,90,yahoo
2019-01-28,USO,87.60,87.60,yahoo
2019-01-29,USO,89.28,89.28,yahoo
2019-01-30,USO,91.20,91.20,yahoo
2019-01-31,USO,90.80,90.80,yahoo
2019-02-01,USO,93.04,93.04,yahoo
2019-02-04,USO,92,92,yahoo
2019-02-05,USO,90.32,90.32,yahoo
2019-02-06,USO,90.56,90.56,yahoo
2019-02-07,USO,88.56,88.56,yahoo
2019-02-08,USO,88.64,88.64,yahoo
2019-02-11,USO,88.08,88.08,yahoo
2019-02-12,USO,89.28,89.28,yahoo
2019-02-13,USO,90.72,90.72,yahoo
2019-02-14,USO,91.84,91.84,yahoo
2019-02-15,USO,93.68,93.68,yahoo
2019-02-19,USO,94.24,94.24,yahoo
2019-02-20,USO,95.44,95.44,yahoo
2019-02-21,USO,95.04,95.04,yahoo
2019-02-22,USO,95.60,95.60,yahoo
2019-02-25,USO,92.56,92.56,yahoo
2019-02-26,USO,93.04,93.04,yahoo
2019-02-27,USO,95.12,95.12,yahoo
2019-02-28,USO,95.60,95.60,yahoo
2019-03-01,USO,93.28,93.28,yahoo
2019-03-04,USO,94.40,94.40,yahoo
2019-03-05,USO,94.56,94.56,yahoo
2019-03-06,USO,94,94,yahoo
2019-03-07,USO,94.48,94.48,yahoo
2019-03-08,USO,93.84,93.84,yahoo
2019-03-11,USO,94.88,94.88,yahoo
2019-03-12,USO,95.12,95.12,yahoo
2019-03-13,USO,97.52,97.52,yahoo
2019-03-14,USO,97.76,97.76,yahoo
2019-03-15,USO,97.60,97.60,yahoo
2019-03-18,USO,98.48,98.48,yahoo
2019-03-19,USO,98.24,98.24,yahoo
2019-03-20,USO,100,100,yahoo
2019-03-21,USO,99.52,99.52,yahoo
2019-03-22,USO,97.84,97.84,yahoo
2019-03-25,USO,98,98,yahoo
2019-03-26,USO,99.76,99.76,yahoo
2019-03-27,USO,98.72,98.72,yahoo
2019-03-28,USO,98.80,98.80,yahoo
2019-03-29,USO,100,100,yahoo
2019-04-01,USO,102.56,102.56,yahoo
2019-04-02,USO,104.08,104.08,yahoo
2019-04-03,USO,103.92,103.92,yahoo
2019-04-04,USO,103.36,103.36,yahoo
2019-04-05,USO,105.20,105.20,yahoo
2019-04-08,USO,107.20,107.20,yahoo
2019-04-09,USO,106.64,106.64,yahoo
2019-04-10,USO,107.28,107.28,yahoo
2019-04-11,USO,106.16,106.16,yahoo
2019-04-12,USO,106.40,106.40,yahoo
2019-04-15,USO,105.92,105.92,yahoo
2019-04-16,USO,106.96,106.96,yahoo
2019-04-17,USO,106.24,106.24,yahoo
2019-04-18,USO,106.56,106.56,yahoo
2019-04-22,USO,109.36,109.36,yahoo
2019-04-23,USO,110.32,110.32,yahoo
2019-04-24,USO,109.44,109.44,yahoo
2019-04-25,USO,108.24,108.24,yahoo
2019-04-26,USO,104.72,104.72,yahoo
2019-04-29,USO,105.84,105.84,yahoo
2019-04-30,USO,106.32,106.32,yahoo
2019-05-01,USO,105.76,105.76,yahoo
2019-05-02,USO,102.56,102.56,yahoo
2019-05-03,USO,102.96,102.96,yahoo
2019-05-06,USO,104.56,104.56,yahoo
2019-05-07,USO,101.84,101.84,yahoo
2019-05-08,USO,103.12,103.12,yahoo
2019-05-09,USO,102.48,102.48,yahoo
2019-05-10,USO,102.72,102.72,yahoo
2019-05-13,USO,101.44,101.44,yahoo
2019-05-14,USO,102.96,102.96,yahoo
2019-05-15,USO,103.76,103.76,yahoo
2019-05-16,USO,105.12,105.12,yahoo
2019-05-17,USO,104.64,104.64,yahoo
2019-05-20,USO,105.20,105.20,yahoo
2019-05-21,USO,105.04,105.04,yahoo
2019-05-22,USO,101.92,101.92,yahoo
2019-05-23,USO,96.72,96.72,yahoo
2019-05-24,USO,97.84,97.84,yahoo
2019-05-28,USO,97.84,97.84,yahoo
2019-05-29,USO,97.92,97.92,yahoo
2019-05-30,USO,94.08,94.08,yahoo
2019-05-31,USO,88.80,88.80,yahoo
2019-06-03,USO,87.92,87.92,yahoo
2019-06-04,USO,89.28,89.28,yahoo
2019-06-05,USO,86.16,86.16,yahoo
2019-06-06,USO,88.48,88.48,yahoo
2019-06-07,USO,89.84,89.84,yahoo
2019-06-10,USO,88.88,88.88,yahoo
2019-06-11,USO,88.88,88.88,yahoo
2019-06-12,USO,85.12,85.12,yahoo
2019-06-13,USO,87.04,87.04,yahoo
2019-06-14,USO,87.52,87.52,yahoo
2019-06-17,USO,86.48,86.48,yahoo
2019-06-18,USO,90,90,yahoo
2019-06-19,USO,90.64,90.64,yahoo
2019-06-20,USO,94.80,94.80,yahoo
2019-06-21,USO,95.76,95.76,yahoo
2019-06-24,USO,96.08,96.08,yahoo
2019-06-25,USO,96,96,yahoo
2019-06-26,USO,98.32,98.32,yahoo
2019-06-27,USO,98.32,98.32,yahoo
2019-06-28,USO,96.32,96.32,yahoo
2019-07-01,USO,98.24,98.24,yahoo
2019-07-02,USO,93.60,93.60,yahoo
2019-07-03,USO,94.16,94.16,yahoo
2019-07-05,USO,95.60,95.60,yahoo
2019-07-08,USO,95.44,95.44,yahoo
2019-07-09,USO,96.32,96.32,yahoo
2019-07-10,USO,100.24,100.24,yahoo
2019-07-11,USO,100.40,100.40,yahoo
2019-07-12,USO,100.16,100.16,yahoo
2019-07-15,USO,98.40,98.40,yahoo
2019-07-16,USO,96.56,96.56,yahoo
2019-07-17,USO,94,94,yahoo
2019-07-18,USO,92.48,92.48,yahoo
2019-07-19,USO,93.36,93.36,yahoo
2019-07-22,USO,93.44,93.44,yahoo
2019-07-23,USO,94.48,94.48,yahoo
2019-07-24,USO,92.72,92.72,yahoo
2019-07-25,USO,92.80,92.80,yahoo
2019-07-26,USO,93.20,93.20,yahoo
2019-07-29,USO,94.56,94.56,yahoo
2019-07-30,USO,96.64,96.64,yahoo
2019-07-31,USO,96.32,96.32,yahoo
2019-08-01,USO,90.48,90.48,yahoo
2019-08-02,USO,91.84,91.84,yahoo
2019-08-05,USO,90.96,90.96,yahoo
2019-08-06,USO,89.12,89.12,yahoo
2019-08-07,USO,86.72,86.72,yahoo
2019-08-08,USO,87.68,87.68,yahoo
2019-08-09,USO,90.24,90.24,yahoo
2019-08-12,USO,90.88,90.88,yahoo
2019-08-13,USO,94.96,94.96,yahoo
2019-08-14,USO,91.52,91.52,yahoo
2019-08-15,USO,90.80,90.80,yahoo
2019-08-16,USO,91.20,91.20,yahoo
2019-08-19,USO,93.28,93.28,yahoo
2019-08-20,USO,93.04,93.04,yahoo
2019-08-21,USO,92.88,92.88,yahoo
2019-08-22,USO,92.24,92.24,yahoo
2019-08-23,USO,89.52,89.52,yahoo
2019-08-26,USO,89.44,89.44,yahoo
2019-08-27,USO,91.36,91.36,yahoo
2019-08-28,USO,93.12,93.12,yahoo
2019-08-29,USO,94.24,94.24,yahoo
2019-08-30,USO,91.68,91.68,yahoo
2019-09-03,USO,89.76,89.76,yahoo
2019-09-04,USO,93.68,93.68,yahoo
2019-09-05,USO,93.60,93.60,yahoo
2019-09-06,USO,94.16,94.16,yahoo
2019-09-09,USO,96.64,96.64,yahoo
2019-09-10,USO,95.84,95.84,yahoo
2019-09-11,USO,93.44,93.44,yahoo
2019-09-12,USO,91.76,91.76,yahoo
2019-09-13,USO,91.52,91.52,yahoo
2019-09-16,USO,102.64,102.64,yahoo
2019-09-17,USO,98.32,98.32,yahoo
2019-09-18,USO,96.80,96.80,yahoo
2019-09-19,USO,97.52,97.52,yahoo
2019-09-20,USO,97.60,97.60,yahoo
2019-09-23,USO,97.68,97.68,yahoo
2019-09-24,USO,95.20,95.20,yahoo
2019-09-25,USO,94.40,94.40,yahoo
2019-09-26,USO,94.40,94.40,yahoo
2019-09-27,USO,93.28,93.28,yahoo
2019-09-30,USO,90.72,90.72,yahoo
2019-10-01,USO,89.52,89.52,yahoo
2019-10-02,USO,87.84,87.84,yahoo
2019-10-03,USO,87.44,87.44,yahoo
2019-10-04,USO,88.32,88.32,yahoo
2019-10-07,USO,88.32,88.32,yahoo
2019-10-08,USO,87.12,87.12,yahoo
2019-10-09,USO,87.92,87.92,yahoo
2019-10-10,USO,89.52,89.52,yahoo
2019-10-11,USO,91.36,91.36,yahoo
2019-10-14,USO,89.44,89.44,yahoo
2019-10-15,USO,88.48,88.48,yahoo
2019-10-16,USO,89.12,89.12,yahoo
2019-10-17,USO,90.24,90.24,yahoo
2019-10-18,USO,89.76,89.76,yahoo
2019-10-21,USO,89.68,89.68,yahoo
2019-10-22,USO,90.72,90.72,yahoo
2019-10-23,USO,93.20,93.20,yahoo
2019-10-24,USO,93.84,93.84,yahoo
2019-10-25,USO,94.64,94.64,yahoo
2019-10-28,USO,93.20,93.20,yahoo
2019-10-29,USO,92.64,92.64,yahoo
2019-10-30,USO,91.76,91.76,yahoo
2019-10-31,USO,90.40,90.40,yahoo
2019-11-01,USO,93.52,93.52,yahoo
2019-11-04,USO,94.48,94.48,yahoo
2019-11-05,USO,95.44,95.44,yahoo
2019-11-06,USO,94.48,94.48,yahoo
2019-11-07,USO,95.04,95.04,yahoo
2019-11-08,USO,95.92,95.92,yahoo
2019-11-11,USO,95.12,95.12,yahoo
2019-11-12,USO,94.96,94.96,yahoo
2019-11-13,USO,95.68,95.68,yahoo
2019-11-14,USO,95.28,95.28,yahoo
2019-11-15,USO,96.64,96.64,yahoo
2019-11-18,USO,95.20,95.20,yahoo
2019-11-19,USO,92.56,92.56,yahoo
2019-11-20,USO,95.20,95.20,yahoo
2019-11-21,USO,97.60,97.60,yahoo
2019-11-22,USO,96.88,96.88,yahoo
2019-11-25,USO,96.88,96.88,yahoo
2019-11-26,USO,97.52,97.52,yahoo
2019-11-27,USO,97.12,97.12,yahoo
2019-11-29,USO,92.96,92.96,yahoo
2019-12-02,USO,93.36,93.36,yahoo
2019-12-03,USO,94.08,94.08,yahoo
2019-12-04,USO,97.52,97.52,yahoo
2019-12-05,USO,97.52,97.52,yahoo
2019-12-06,USO,98.56,98.56,yahoo
2019-12-09,USO,98.64,98.64,yahoo
2019-12-10,USO,99.12,99.12,yahoo
2019-12-11,USO,98.40,98.40,yahoo
2019-12-12,USO,98.96,98.96,yahoo
2019-12-13,USO,99.92,99.92,yahoo
2019-12-16,USO,100.72,100.72,yahoo
2019-12-17,USO,101.76,101.76,yahoo
2019-12-18,USO,101.92,101.92,yahoo
2019-12-19,USO,102.24,102.24,yahoo
2019-12-20,USO,101.04,101.04,yahoo
2019-12-23,USO,101.60,101.60,yahoo
2019-12-24,USO,102.16,102.16,yahoo
2019-12-26,USO,103.12,103.12,yahoo
2019-12-27,USO,103.28,103.28,yahoo
2019-12-30,USO,103.12,103.12,yahoo
2019-12-31,USO,102.48,102.48,yahoo
2020-01-02,USO,102.48,102.48,yahoo
2020-01-03,USO,105.44,105.44,yahoo
2020-01-06,USO,105.28,105.28,yahoo
2020-01-07,USO,105.04,105.04,yahoo
2020-01-08,USO,101.28,101.28,yahoo
2020-01-09,USO,99.92,99.92,yahoo
2020-01-10,USO,99.28,99.28,yahoo
2020-01-13,USO,97.60,97.60,yahoo
2020-01-14,USO,98.24,98.24,yahoo
2020-01-15,USO,97.44,97.44,yahoo
2020-01-16,USO,98.32,98.32,yahoo
2020-01-17,USO,98.64,98.64,yahoo
2020-01-21,USO,97.92,97.92,yahoo
2020-01-22,USO,95.20,95.20,yahoo
2020-01-23,USO,93.28,93.28,yahoo
2020-01-24,USO,91.44,91.44,yahoo
2020-01-27,USO,88.80,88.80,yahoo
2020-01-28,USO,90,90,yahoo
2020-01-29,USO,89.28,89.28,yahoo
2020-01-30,USO,88.64,88.64,yahoo
2020-01-31,USO,86.72,86.72,yahoo
2020-02-03,USO,83.92,83.92,yahoo
2020-02-04,USO,83.52,83.52,yahoo
2020-02-05,USO,85.60,85.60,yahoo
2020-02-06,USO,85.92,85.92,yahoo
2020-02-07,USO,84.64,84.64,yahoo
2020-02-10,USO,83.36,83.36,yahoo
2020-02-11,USO,84,84,yahoo
2020-02-12,USO,86.48,86.48,yahoo
2020-02-13,USO,86.72,86.72,yahoo
2020-02-14,USO,87.60,87.60,yahoo
2020-02-18,USO,87.60,87.60,yahoo
2020-02-19,USO,89.44,89.44,yahoo
2020-02-20,USO,90.24,90.24,yahoo
2020-02-21,USO,89.28,89.28,yahoo
2020-02-24,USO,85.92,85.92,yahoo
2020-02-25,USO,83.20,83.20,yahoo
2020-02-26,USO,81.52,81.52,yahoo
2020-02-27,USO,78.24,78.24,yahoo
2020-02-28,USO,75.60,75.60,yahoo
2020-03-02,USO,79.36,79.36,yahoo
2020-03-03,USO,79.12,79.12,yahoo
2020-03-04,USO,78.88,78.88,yahoo
2020-03-05,USO,76.88,76.88,yahoo
2020-03-06,USO,69.84,69.84,yahoo
2020-03-09,USO,52.16,52.16,yahoo
2020-03-10,USO,57.92,57.92,yahoo
2020-03-11,USO,55.52,55.52,yahoo
2020-03-12,USO,52.32,52.32,yahoo
2020-03-13,USO,55.68,55.68,yahoo
2020-03-16,USO,48.40,48.40,yahoo
2020-03-17,USO,45.68,45.68,yahoo
2020-03-18,USO,37.68,37.68,yahoo
2020-03-19,USO,42.96,42.96,yahoo
2020-03-20,USO,39.52,39.52,yahoo
2020-03-23,USO,39.04,39.04,yahoo
2020-03-24,USO,39.84,39.84,yahoo
2020-03-25,USO,40.64,40.64,yahoo
2020-03-26,USO,38.64,38.64,yahoo
2020-03-27,USO,35.76,35.76,yahoo
2020-03-30,USO,33.84,33.84,yahoo
2020-03-31,USO,33.68,33.68,yahoo
2020-04-01,USO,35.04,35.04,yahoo
2020-04-02,USO,40.88,40.88,yahoo
2020-04-03,USO,47.20,47.20,yahoo
2020-04-06,USO,43.84,43.84,yahoo
2020-04-07,USO,40.72,40.72,yahoo
2020-04-08,USO,42.96,42.96,yahoo
2020-04-09,USO,39.84,39.84,yahoo
2020-04-13,USO,39.44,39.44,yahoo
2020-04-14,USO,37.28,37.28,yahoo
2020-04-15,USO,35.44,35.44,yahoo
2020-04-16,USO,34.88,34.88,yahoo
2020-04-17,USO,33.68,33.68,yahoo
2020-04-20,USO,30,30,yahoo
2020-04-21,USO,22.48,22.48,yahoo
2020-04-22,USO,20.08,20.08,yahoo
2020-04-23,USO,21.12,21.12,yahoo
2020-04-24,USO,20.56,20.56,yahoo
2020-04-27,USO,17.52,17.52,yahoo
2020-04-28,USO,17.04,17.04,yahoo
2020-04-29,USO,18,18,yahoo
2020-04-30,USO,19.12,19.12,yahoo
2020-05-01,USO,18.86,18.86,yahoo
2020-05-04,USO,19.67,19.67,yahoo
2020-05-05,USO,21.51,21.51,yahoo
2020-05-06,USO,20.85,20.85,yahoo
2020-05-07,USO,20.47,20.47,yahoo
2020-05-08,USO,21.47,21.47,yahoo
2020-05-11,USO,21.17,21.17,yahoo
2020-05-12,USO,20.97,20.97,yahoo
2020-05-13,USO,20.60,20.60,yahoo
2020-05-14,USO,21.45,21.45,yahoo
2020-05-15,USO,22.39,22.39,yahoo
2020-05-18,USO,24.31,24.31,yahoo
2020-05-19,USO,24.44,24.44,yahoo
2020-05-20,USO,25.34,25.34,yahoo
2020-05-21,USO,26.60,26.60,yahoo
2020-05-22,USO,25.57,25.57,yahoo
2020-05-26,USO,25.66,25.66,yahoo
2020-05-27,USO,25,25,yahoo
2020-05-28,USO,25.03,25.03,yahoo
2020-05-29,USO,25.88,25.88,yahoo
2020-06-01,USO,26.22,26.22,yahoo
2020-06-02,USO,27.07,27.07,yahoo
2020-06-03,USO,27.12,27.12,yahoo
2020-06-04,USO,27.50,27.50,yahoo
2020-06-05,USO,28.87,28.87,yahoo
2020-06-08,USO,28.37,28.37,yahoo
2020-06-09,USO,28.42,28.42,yahoo
2020-06-10,USO,28.43,28.43,yahoo
2020-06-11,USO,26.36,26.36,yahoo
2020-06-12,USO,26.43,26.43,yahoo
2020-06-15,USO,26.98,26.98,yahoo
2020-06-16,USO,27.64,27.64,yahoo
2020-06-17,USO,27.28,27.28,yahoo
2020-06-18,USO,27.89,27.89,yahoo
2020-06-19,USO,28.23,28.23,yahoo
2020-06-22,USO,28.98,28.98,yahoo
2020-06-23,USO,28.72,28.72,yahoo
2020-06-24,USO,27.25,27.25,yahoo
2020-06-25,USO,27.94,27.94,yahoo
2020-06-26,USO,27.36,27.36,yahoo
2020-06-29,USO,28.27,28.27,yahoo
2020-06-30,USO,28.06,28.06,yahoo
2020-07-01,USO,28.35,28.35,yahoo
2020-07-02,USO,28.75,28.75,yahoo
2020-07-06,USO,28.96,28.96,yahoo
2020-07-07,USO,28.79,28.79,yahoo
2020-07-08,USO,29.18,29.18,yahoo
2020-07-09,USO,28.41,28.41,yahoo
2020-07-10,USO,29.03,29.03,yahoo
2020-07-13,USO,28.50,28.50,yahoo
2020-07-14,USO,28.88,28.88,yahoo
2020-07-15,USO,29.29,29.29,yahoo
2020-07-16,USO,29.16,29.16,yahoo
2020-07-17,USO,29.10,29.10,yahoo
2020-07-20,USO,29.12,29.12,yahoo
2020-07-21,USO,29.72,29.72,yahoo
2020-07-22,USO,29.75,29.75,yahoo
2020-07-23,USO,29.41,29.41,yahoo
2020-07-24,USO,29.44,29.44,yahoo
2020-07-27,USO,29.72,29.72,yahoo
2020-07-28,USO,29.35,29.35,yahoo
2020-07-29,USO,29.57,29.57,yahoo
2020-07-30,USO,28.93,28.93,yahoo
2020-07-31,USO,29.07,29.07,yahoo
2020-08-03,USO,29.34,29.34,yahoo
2020-08-04,USO,29.78,29.78,yahoo
2020-08-05,USO,30.23,30.23,yahoo
2020-08-06,USO,30.18,30.18,yahoo
2020-08-07,USO,29.85,29.85,yahoo
2020-08-10,USO,30.16,30.16,yahoo
2020-08-11,USO,29.82,29.82,yahoo
2020-08-12,USO,30.56,30.56,yahoo
2020-08-13,USO,30.40,30.40,yahoo
2020-08-14,USO,30.33,30.33,yahoo
2020-08-17,USO,30.77,30.77,yahoo
2020-08-18,USO,30.60,30.60,yahoo
2020-08-19,USO,30.66,30.66,yahoo
2020-08-20,USO,30.52,30.52,yahoo
2020-08-21,USO,30.18,30.18,yahoo
2020-08-24,USO,30.35,30.35,yahoo
2020-08-25,USO,30.92,30.92,yahoo
2020-08-26,USO,30.93,30.93,yahoo
2020-08-27,USO,30.67,30.67,yahoo
2020-08-28,USO,30.72,30.72,yahoo
2020-08-31,USO,30.58,30.58,yahoo
2020-09-01,USO,30.61,30.61,yahoo
2020-09-02,USO,29.86,29.86,yahoo
2020-09-03,USO,29.64,29.64,yahoo
2020-09-04,USO,28.51,28.51,yahoo
2020-09-08,USO,26.75,26.75,yahoo
2020-09-09,USO,27.41,27.41,yahoo
2020-09-10,USO,26.79,26.79,yahoo
2020-09-11,USO,27.04,27.04,yahoo
2020-09-14,USO,26.94,26.94,yahoo
2020-09-15,USO,27.52,27.52,yahoo
2020-09-16,USO,28.70,28.70,yahoo
2020-09-17,USO,29.23,29.23,yahoo
2020-09-18,USO,29.06,29.06,yahoo
2020-09-21,USO,28.29,28.29,yahoo
2020-09-22,USO,28.17,28.17,yahoo
2020-09-23,USO,28.03,28.03,yahoo
2020-09-24,USO,28.50,28.50,yahoo
2020-09-25,USO,28.35,28.35,yahoo
2020-09-28,USO,28.69,28.69,yahoo
2020-09-29,USO,27.70,27.70,yahoo
2020-09-30,USO,28.29,28.29,yahoo
2020-10-01,USO,27.51,27.51,yahoo
2020-10-02,USO,26.35,26.35,yahoo
2020-10-05,USO,27.93,27.93,yahoo
2020-10-06,USO,28.39,28.39,yahoo
2020-10-07,USO,28.39,28.39,yahoo
2020-10-08,USO,29.14,29.14,yahoo
2020-10-09,USO,28.69,28.69,yahoo
2020-10-12,USO,28.07,28.07,yahoo
2020-10-13,USO,28.46,28.46,yahoo
2020-10-14,USO,28.98,28.98,yahoo
2020-10-15,USO,28.94,28.94,yahoo
2020-10-16,USO,28.72,28.72,yahoo
2020-10-19,USO,28.59,28.59,yahoo
2020-10-20,USO,29.05,29.05,yahoo
2020-10-21,USO,28.10,28.10,yahoo
2020-10-22,USO,28.51,28.51,yahoo
2020-10-23,USO,27.88,27.88,yahoo
2020-10-26,USO,27.11,27.11,yahoo
2020-10-27,USO,27.69,27.69,yahoo
2020-10-28,USO,26.31,26.31,yahoo
2020-10-29,USO,25.60,25.60,yahoo
2020-10-30,USO,25.25,25.25,yahoo
2020-11-02,USO,26.26,26.26,yahoo
2020-11-03,USO,26.72,26.72,yahoo
2020-11-04,USO,27.44,27.44,yahoo
2020-11-05,USO,27.16,27.16,yahoo
2020-11-06,USO,26.47,26.47,yahoo
2020-11-09,USO,28.07,28.07,yahoo
2020-11-10,USO,28.91,28.91,yahoo
2020-11-11,USO,29.04,29.04,yahoo
2020-11-12,USO,28.66,28.66,yahoo
2020-11-13,USO,28.13,28.13,yahoo
2020-11-16,USO,28.81,28.81,yahoo
2020-11-17,USO,28.87,28.87,yahoo
2020-11-18,USO,29,29,yahoo
2020-11-19,USO,29.09,29.09,yahoo
2020-11-20,USO,29.27,29.27,yahoo
2020-11-23,USO,29.52,29.52,yahoo
2020-11-24,USO,30.80,30.80,yahoo
2020-11-25,USO,31.37,31.37,yahoo
2020-11-27,USO,31.22,31.22,yahoo
2020-11-30,USO,30.97,30.97,yahoo
2020-12-01,USO,30.62,30.62,yahoo
2020-12-02,USO,30.97,30.97,yahoo
2020-12-03,USO,31.25,31.25,yahoo
2020-12-04,USO,31.56,31.56,yahoo
2020-12-07,USO,31.40,31.40,yahoo
2020-12-08,USO,31.41,31.41,yahoo
2020-12-09,USO,31.34,31.34,yahoo
2020-12-10,USO,32.11,32.11,yahoo
2020-12-11,USO,31.94,31.94,yahoo
2020-12-14,USO,32.17,32.17,yahoo
2020-12-15,USO,32.54,32.54,yahoo
2020-12-16,USO,32.74,32.74,yahoo
2020-12-17,USO,33.16,33.16,yahoo
2020-12-18,USO,33.48,33.48,yahoo
2020-12-21,USO,32.64,32.64,yahoo
2020-12-22,USO,32.09,32.09,yahoo
2020-12-23,USO,32.75,32.75,yahoo
2020-12-24,USO,32.92,32.92,yahoo
2020-12-28,USO,32.59,32.59,yahoo
2020-12-29,USO,32.78,32.78,yahoo
2020-12-30,USO,32.91,32.91,yahoo
2020-12-31,USO,33.01,33.01,yahoo
2021-01-04,USO,32.38,32.38,yahoo
2021-01-05,USO,33.94,33.94,yahoo
2021-01-06,USO,34.11,34.11,yahoo
2021-01-07,USO,34.53,34.53,yahoo
2021-01-08,USO,35.43,35.43,yahoo
2021-01-11,USO,35.26,35.26,yahoo
2021-01-12,USO,35.90,35.90,yahoo
2021-01-13,USO,35.80,35.80,yahoo
2021-01-14,USO,36.24,36.24,yahoo
2021-01-15,USO,35.34,35.34,yahoo
2021-01-19,USO,35.75,35.75,yahoo
2021-01-20,USO,35.79,35.79,yahoo
2021-01-21,USO,35.76,35.76,yahoo
2021-01-22,USO,35.23,35.23,yahoo
2021-01-25,USO,35.59,35.59,yahoo
2021-01-26,USO,35.45,35.45,yahoo
2021-01-27,USO,35.50,35.50,yahoo
2021-01-28,USO,35.25,35.25,yahoo
2021-01-29,USO,35.18,35.18,yahoo
2021-02-01,USO,36.12,36.12,yahoo
2021-02-02,USO,36.82,36.82,yahoo
2021-02-03,USO,37.44,37.44,yahoo
2021-02-04,USO,37.81,37.81,yahoo
2021-02-05,USO,38.19,38.19,yahoo
2021-02-08,USO,38.94,38.94,yahoo
2021-02-09,USO,39.17,39.17,yahoo
2021-02-10,USO,39.28,39.28,yahoo
2021-02-11,USO,38.97,38.97,yahoo
2021-02-12,USO,39.94,39.94,yahoo
2021-02-16,USO,40.45,40.45,yahoo
2021-02-17,USO,40.89,40.89,yahoo
2021-02-18,USO,40.27,40.27,yahoo
2021-02-19,USO,39.68,39.68,yahoo
2021-02-22,USO,41.28,41.28,yahoo
2021-02-23,USO,41.62,41.62,yahoo
2021-02-24,USO,42.50,42.50,yahoo
2021-02-25,USO,42.46,42.46,yahoo
2021-02-26,USO,41.31,41.31,yahoo
2021-03-01,USO,40.60,40.60,yahoo
2021-03-02,USO,40.07,40.07,yahoo
2021-03-03,USO,41.14,41.14,yahoo
2021-03-04,USO,43.07,43.07,yahoo
2021-03-05,USO,44.44,44.44,yahoo
2021-03-08,USO,43.50,43.50,yahoo
2021-03-09,USO,43.11,43.11,yahoo
2021-03-10,USO,43.74,43.74,yahoo
2021-03-11,USO,44.60,44.60,yahoo
2021-03-12,USO,44.35,44.35,yahoo
2021-03-15,USO,44.26,44.26,yahoo
2021-03-16,USO,43.83,43.83,yahoo
2021-03-17,USO,43.82,43.82,yahoo
2021-03-18,USO,40.47,40.47,yahoo
2021-03-19,USO,41.77,41.77,yahoo
2021-03-22,USO,41.71,41.71,yahoo
2021-03-23,USO,39.37,39.37,yahoo
2021-03-24,USO,41.45,41.45,yahoo
2021-03-25,USO,39.89,39.89,yahoo
2021-03-26,USO,41.53,41.53,yahoo
2021-03-29,USO,41.92,41.92,yahoo
2021-03-30,USO,41.17,41.17,yahoo
2021-03-31,USO,40.53,40.53,yahoo
2021-04-01,USO,41.84,41.84,yahoo
2021-04-05,USO,40.28,40.28,yahoo
2021-04-06,USO,40.70,40.70,yahoo
2021-04-07,USO,40.86,40.86,yahoo
2021-04-08,USO,40.82,40.82,yahoo
2021-04-09,USO,40.64,40.64,yahoo
2021-04-12,USO,40.90,40.90,yahoo
2021-04-13,USO,41.40,41.40,yahoo
2021-04-14,USO,43.04,43.04,yahoo
2021-04-15,USO,43.27,43.27,yahoo
2021-04-16,USO,43.18,43.18,yahoo
2021-04-19,USO,43.32,43.32,yahoo
2021-04-20,USO,42.74,42.74,yahoo
2021-04-21,USO,41.77,41.77,yahoo
2021-04-22,USO,42.09,42.09,yahoo
2021-04-23,USO,42.46,42.46,yahoo
2021-04-26,USO,42.33,42.33,yahoo
2021-04-27,USO,43.11,43.11,yahoo
2021-04-28,USO,43.53,43.53,yahoo
2021-04-29,USO,44.26,44.26,yahoo
2021-04-30,USO,43.27,43.27,yahoo
2021-05-03,USO,43.98,43.98,yahoo
2021-05-04,USO,44.87,44.87,yahoo
2021-05-05,USO,44.66,44.66,yahoo
2021-05-06,USO,44.41,44.41,yahoo
2021-05-07,USO,44.43,44.43,yahoo
2021-05-10,USO,44.48,44.48,yahoo
2021-05-11,USO,44.87,44.87,yahoo
2021-05-12,USO,45.22,45.22,yahoo
2021-05-13,USO,43.81,43.81,yahoo
2021-05-14,USO,44.71,44.71,yahoo
2021-05-17,USO,45.39,45.39,yahoo
2021-05-18,USO,44.84,44.84,yahoo
2021-05-19,USO,43.43,43.43,yahoo
2021-05-20,USO,42.48,42.48,yahoo
2021-05-21,USO,43.70,43.70,yahoo
2021-05-24,USO,45.02,45.02,yahoo
2021-05-25,USO,44.92,44.92,yahoo
2021-05-26,USO,45.20,45.20,yahoo
2021-05-27,USO,45.55,45.55,yahoo
2021-05-28,USO,45.42,45.42,yahoo
2021-06-01,USO,46.33,46.33,yahoo
2021-06-02,USO,46.90,46.90,yahoo
2021-06-03,USO,46.97,46.97,yahoo
2021-06-04,USO,47.26,47.26,yahoo
2021-06-07,USO,47.27,47.27,yahoo
2021-06-08,USO,47.88,47.88,yahoo
2021-06-09,USO,47.58,47.58,yahoo
2021-06-10,USO,47.83,47.83,yahoo
2021-06-11,USO,48.07,48.07,yahoo
2021-06-14,USO,48.32,48.32,yahoo
2021-06-15,USO,48.98,48.98,yahoo
2021-06-16,USO,48.75,48.75,yahoo
2021-06-17,USO,48.04,48.04,yahoo
2021-06-18,USO,48.36,48.36,yahoo
2021-06-21,USO,49.36,49.36,yahoo
2021-06-22,USO,49.42,49.42,yahoo
2021-06-23,USO,49.72,49.72,yahoo
2021-06-24,USO,49.84,49.84,yahoo
2021-06-25,USO,50.25,50.25,yahoo
2021-06-28,USO,49.54,49.54,yahoo
2021-06-29,USO,49.89,49.89,yahoo
2021-06-30,USO,49.88,49.88,yahoo
2021-07-01,USO,50.62,50.62,yahoo
2021-07-02,USO,50.93,50.93,yahoo
2021-07-06,USO,49.90,49.90,yahoo
2021-07-07,USO,48.66,48.66,yahoo
2021-07-08,USO,49.52,49.52,yahoo
2021-07-09,USO,50.41,50.41,yahoo
2021-07-12,USO,50.31,50.31,yahoo
2021-07-13,USO,51.15,51.15,yahoo
2021-07-14,USO,49.70,49.70,yahoo
2021-07-15,USO,49.04,49.04,yahoo
2021-07-16,USO,49.14,49.14,yahoo
2021-07-19,USO,45.84,45.84,yahoo
2021-07-20,USO,46.51,46.51,yahoo
2021-07-21,USO,48.27,48.27,yahoo
2021-07-22,USO,49.17,49.17,yahoo
2021-07-23,USO,49.47,49.47,yahoo
2021-07-26,USO,49.67,49.67,yahoo
2021-07-27,USO,49.47,49.47,yahoo
2021-07-28,USO,49.72,49.72,yahoo
2021-07-29,USO,50.64,50.64,yahoo
2021-07-30,USO,50.66,50.66,yahoo
2021-08-02,USO,49.18,49.18,yahoo
2021-08-03,USO,48.85,48.85,yahoo
2021-08-04,USO,47.20,47.20,yahoo
2021-08-05,USO,48.10,48.10,yahoo
2021-08-06,USO,47.57,47.57,yahoo
2021-08-09,USO,46.60,46.60,yahoo
2021-08-10,USO,47.68,47.68,yahoo
2021-08-11,USO,48.30,48.30,yahoo
2021-08-12,USO,48.10,48.10,yahoo
2021-08-13,USO,47.43,47.43,yahoo
2021-08-16,USO,47.04,47.04,yahoo
2021-08-17,USO,46.58,46.58,yahoo
2021-08-18,USO,45.40,45.40,yahoo
2021-08-19,USO,44.77,44.77,yahoo
2021-08-20,USO,43.43,43.43,yahoo
2021-08-23,USO,45.85,45.85,yahoo
2021-08-24,USO,47.37,47.37,yahoo
2021-08-25,USO,47.81,47.81,yahoo
2021-08-26,USO,47.48,47.48,yahoo
2021-08-27,USO,48.15,48.15,yahoo
2021-08-30,USO,48.40,48.40,yahoo
2021-08-31,USO,48.04,48.04,yahoo
2021-09-01,USO,47.93,47.93,yahoo
2021-09-02,USO,48.95,48.95,yahoo
2021-09-03,USO,48.66,48.66,yahoo
2021-09-07,USO,48.04,48.04,yahoo
2021-09-08,USO,48.59,48.59,yahoo
2021-09-09,USO,47.75,47.75,yahoo
2021-09-10,USO,48.80,48.80,yahoo
2021-09-13,USO,49.48,49.48,yahoo
2021-09-14,USO,49.31,49.31,yahoo
2021-09-15,USO,50.69,50.69,yahoo
2021-09-16,USO,50.70,50.70,yahoo
2021-09-17,USO,50.32,50.32,yahoo
2021-09-20,USO,49.60,49.60,yahoo
2021-09-21,USO,49.58,49.58,yahoo
2021-09-22,USO,50.48,50.48,yahoo
2021-09-23,USO,51.38,51.38,yahoo
2021-09-24,USO,51.82,51.82,yahoo
2021-09-27,USO,52.91,52.91,yahoo
2021-09-28,USO,52.40,52.40,yahoo
2021-09-29,USO,52.32,52.32,yahoo
2021-09-30,USO,52.56,52.56,yahoo
2021-10-01,USO,53.26,53.26,yahoo
2021-10-04,USO,54.49,54.49,yahoo
2021-10-05,USO,55.63,55.63,yahoo
2021-10-06,USO,54.16,54.16,yahoo
2021-10-07,USO,55.36,55.36,yahoo
2021-10-08,USO,55.47,55.47,yahoo
2021-10-11,USO,56.18,56.18,yahoo
2021-10-12,USO,56.11,56.11,yahoo
2021-10-13,USO,56.16,56.16,yahoo
2021-10-14,USO,56.81,56.81,yahoo
2021-10-15,USO,57.15,57.15,yahoo
2021-10-18,USO,56.96,56.96,yahoo
2021-10-19,USO,57.42,57.42,yahoo
2021-10-20,USO,58.12,58.12,yahoo
2021-10-21,USO,57.41,57.41,yahoo
2021-10-22,USO,58.03,58.03,yahoo
2021-10-25,USO,57.83,57.83,yahoo
2021-10-26,USO,58.45,58.45,yahoo
2021-10-27,USO,56.90,56.90,yahoo
2021-10-28,USO,57.40,57.40,yahoo
2021-10-29,USO,57.15,57.15,yahoo
2021-11-01,USO,57.53,57.53,yahoo
2021-11-02,USO,57.53,57.53,yahoo
2021-11-03,USO,55.34,55.34,yahoo
2021-11-04,USO,54.92,54.92,yahoo
2021-11-05,USO,56.55,56.55,yahoo
2021-11-08,USO,57.09,57.09,yahoo
2021-11-09,USO,57.97,57.97,yahoo
2021-11-10,USO,56.32,56.32,yahoo
2021-11-11,USO,56.22,56.22,yahoo
2021-11-12,USO,55.98,55.98,yahoo
2021-11-15,USO,56.07,56.07,yahoo
2021-11-16,USO,56.20,56.20,yahoo
2021-11-17,USO,55,55,yahoo
2021-11-18,USO,55.55,55.55,yahoo
2021-11-19,USO,53.78,53.78,yahoo
2021-11-22,USO,54.45,54.45,yahoo
2021-11-23,USO,56.20,56.20,yahoo
2021-11-24,USO,55.88,55.88,yahoo
2021-11-26,USO,49.63,49.63,yahoo
2021-11-29,USO,50.17,50.17,yahoo
2021-11-30,USO,47.91,47.91,yahoo
2021-12-01,USO,47.04,47.04,yahoo
2021-12-02,USO,48.29,48.29,yahoo
2021-12-03,USO,48,48,yahoo
2021-12-06,USO,50.51,50.51,yahoo
2021-12-07,USO,51.59,51.59,yahoo
2021-12-08,USO,52.42,52.42,yahoo
2021-12-09,USO,51.02,51.02,yahoo
2021-12-10,USO,52.03,52.03,yahoo
2021-12-13,USO,51.44,51.44,yahoo
2021-12-14,USO,50.92,50.92,yahoo
2021-12-15,USO,51.62,51.62,yahoo
2021-12-16,USO,51.87,51.87,yahoo
2021-12-17,USO,50.78,50.78,yahoo
2021-12-20,USO,49.90,49.90,yahoo
2021-12-21,USO,51.57,51.57,yahoo
2021-12-22,USO,52.48,52.48,yahoo
2021-12-23,USO,53.13,53.13,yahoo
2021-12-27,USO,54.52,54.52,yahoo
2021-12-28,USO,54.67,54.67,yahoo
2021-12-29,USO,55.08,55.08,yahoo
2021-12-30,USO,55.10,55.10,yahoo
2021-12-31,USO,54.36,54.36,yahoo
2022-01-03,USO,54.83,54.83,yahoo
2022-01-04,USO,55.59,55.59,yahoo
2022-01-05,USO,55.43,55.43,yahoo
2022-01-06,USO,56.89,56.89,yahoo
2022-01-07,USO,56.67,56.67,yahoo
2022-01-10,USO,56.16,56.16,yahoo
2022-01-11,USO,58.16,58.16,yahoo
2022-01-12,USO,58.91,58.91,yahoo
2022-01-13,USO,58.27,58.27,yahoo
2022-01-14,USO,59.97,59.97,yahoo
2022-01-18,USO,60.97,60.97,yahoo
2022-01-19,USO,61.05,61.05,yahoo
2022-01-20,USO,60.66,60.66,yahoo
2022-01-21,USO,60.78,60.78,yahoo
2022-01-24,USO,60.11,60.11,yahoo
2022-01-25,USO,60.97,60.97,yahoo
2022-01-26,USO,61.68,61.68,yahoo
2022-01-27,USO,61.86,61.86,yahoo
2022-01-28,USO,61.97,61.97,yahoo
2022-01-31,USO,62.48,62.48,yahoo
2022-02-01,USO,62.53,62.53,yahoo
2022-02-02,USO,62.52,62.52,yahoo
2022-02-03,USO,63.51,63.51,yahoo
2022-02-04,USO,64.91,64.91,yahoo
2022-02-07,USO,64.68,64.68,yahoo
2022-02-08,USO,63.62,63.62,yahoo
2022-02-09,USO,64.17,64.17,yahoo
2022-02-10,USO,63.96,63.96,yahoo
2022-02-11,USO,65.74,65.74,yahoo
2022-02-14,USO,66.36,66.36,yahoo
2022-02-15,USO,64.28,64.28,yahoo
2022-02-16,USO,63.54,63.54,yahoo
2022-02-17,USO,64.17,64.17,yahoo
2022-02-18,USO,64.74,64.74,yahoo
2022-02-22,USO,65.54,65.54,yahoo
2022-02-23,USO,66.24,66.24,yahoo
2022-02-24,USO,66.34,66.34,yahoo
2022-02-25,USO,65.80,65.80,yahoo
2022-02-28,USO,67.48,67.48,yahoo
2022-03-01,USO,71.82,71.82,yahoo
2022-03-02,USO,75.42,75.42,yahoo
2022-03-03,USO,74.53,74.53,yahoo
2022-03-04,USO,79.46,79.46,yahoo
2022-03-07,USO,82.37,82.37,yahoo
2022-03-08,USO,85.43,85.43,yahoo
2022-03-09,USO,75.47,75.47,yahoo
2022-03-10,USO,74.06,74.06,yahoo
2022-03-11,USO,76.40,76.40,yahoo
2022-03-14,USO,72.84,72.84,yahoo
2022-03-15,USO,68.63,68.63,yahoo
2022-03-16,USO,68.28,68.28,yahoo
2022-03-17,USO,73.68,73.68,yahoo
2022-03-18,USO,74.64,74.64,yahoo
2022-03-21,USO,79.54,79.54,yahoo
2022-03-22,USO,78.56,78.56,yahoo
2022-03-23,USO,81.95,81.95,yahoo
2022-03-24,USO,79.75,79.75,yahoo
2022-03-25,USO,80.74,80.74,yahoo
2022-03-28,USO,74.53,74.53,yahoo
2022-03-29,USO,76.15,76.15,yahoo
2022-03-30,USO,77.91,77.91,yahoo
2022-03-31,USO,74.12,74.12,yahoo
2022-04-01,USO,74.17,74.17,yahoo
2022-04-04,USO,76.86,76.86,yahoo
2022-04-05,USO,74.80,74.80,yahoo
2022-04-06,USO,73.05,73.05,yahoo
2022-04-07,USO,73.11,73.11,yahoo
2022-04-08,USO,74.11,74.11,yahoo
2022-04-11,USO,72.30,72.30,yahoo
2022-04-12,USO,75.98,75.98,yahoo
2022-04-13,USO,78.42,78.42,yahoo
2022-04-14,USO,79.57,79.57,yahoo
2022-04-18,USO,80.41,80.41,yahoo
2022-04-19,USO,76.86,76.86,yahoo
2022-04-20,USO,77.24,77.24,yahoo
2022-04-21,USO,78.12,78.12,yahoo
2022-04-22,USO,76.31,76.31,yahoo
2022-04-25,USO,74.65,74.65,yahoo
2022-04-26,USO,76.46,76.46,yahoo
2022-04-27,USO,76.37,76.37,yahoo
2022-04-28,USO,78.08,78.08,yahoo
2022-04-29,USO,77.16,77.16,yahoo
2022-05-02,USO,78.38,78.38,yahoo
2022-05-03,USO,76.69,76.69,yahoo
2022-05-04,USO,80.22,80.22,yahoo
2022-05-05,USO,80.48,80.48,yahoo
2022-05-06,USO,82.13,82.13,yahoo
2022-05-09,USO,76.57,76.57,yahoo
2022-05-10,USO,74.53,74.53,yahoo
2022-05-11,USO,78.18,78.18,yahoo
2022-05-12,USO,79.23,79.23,yahoo
2022-05-13,USO,81.28,81.28,yahoo
2022-05-16,USO,83.11,83.11,yahoo
2022-05-17,USO,81.11,81.11,yahoo
2022-05-18,USO,79.29,79.29,yahoo
2022-05-19,USO,80.58,80.58,yahoo
2022-05-20,USO,81.65,81.65,yahoo
2022-05-23,USO,81.97,81.97,yahoo
2022-05-24,USO,82,82,yahoo
2022-05-25,USO,82.48,82.48,yahoo
2022-05-26,USO,84.59,84.59,yahoo
2022-05-27,USO,85.46,85.46,yahoo
2022-05-31,USO,85.47,85.47,yahoo
2022-06-01,USO,85.54,85.54,yahoo
2022-06-02,USO,87.25,87.25,yahoo
2022-06-03,USO,89.47,89.47,yahoo
2022-06-06,USO,88.39,88.39,yahoo
2022-06-07,USO,90.04,90.04,yahoo
2022-06-08,USO,91.99,91.99,yahoo
2022-06-09,USO,91.08,91.08,yahoo
2022-06-10,USO,90.13,90.13,yahoo
2022-06-13,USO,90.36,90.36,yahoo
2022-06-14,USO,88.45,88.45,yahoo
2022-06-15,USO,86.93,86.93,yahoo
2022-06-16,USO,87.66,87.66,yahoo
2022-06-17,USO,83.34,83.34,yahoo
2022-06-21,USO,84.05,84.05,yahoo
2022-06-22,USO,80.88,80.88,yahoo
2022-06-23,USO,78.98,78.98,yahoo
2022-06-24,USO,81.27,81.27,yahoo
2022-06-27,USO,82.93,82.93,yahoo
2022-06-28,USO,84.72,84.72,yahoo
2022-06-29,USO,82.95,82.95,yahoo
2022-06-30,USO,80.35,80.35,yahoo
2022-07-01,USO,81.67,81.67,yahoo
2022-07-05,USO,74.78,74.78,yahoo
2022-07-06,USO,73.67,73.67,yahoo
2022-07-07,USO,76.55,76.55,yahoo
2022-07-08,USO,78.54,78.54,yahoo
2022-07-11,USO,78.23,78.23,yahoo
2022-07-12,USO,72.81,72.81,yahoo
2022-07-13,USO,73.19,73.19,yahoo
2022-07-14,USO,72.85,72.85,yahoo
2022-07-15,USO,73.74,73.74,yahoo
2022-07-18,USO,76.81,76.81,yahoo
2022-07-19,USO,78.05,78.05,yahoo
2022-07-20,USO,77.64,77.64,yahoo
2022-07-21,USO,75.49,75.49,yahoo
2022-07-22,USO,74.53,74.53,yahoo
2022-07-25,USO,76.22,76.22,yahoo
2022-07-26,USO,75.16,75.16,yahoo
2022-07-27,USO,77.87,77.87,yahoo
2022-07-28,USO,77.13,77.13,yahoo
2022-07-29,USO,78.05,78.05,yahoo
2022-08-01,USO,75.13,75.13,yahoo
2022-08-02,USO,75.93,75.93,yahoo
2022-08-03,USO,73.53,73.53,yahoo
2022-08-04,USO,71.53,71.53,yahoo
2022-08-05,USO,71.54,71.54,yahoo
2022-08-08,USO,73.54,73.54,yahoo
2022-08-09,USO,73.45,73.45,yahoo
2022-08-10,USO,74.32,74.32,yahoo
2022-08-11,USO,76.28,76.28,yahoo
2022-08-12,USO,74.98,74.98,yahoo
2022-08-15,USO,72.88,72.88,yahoo
2022-08-16,USO,71.24,71.24,yahoo
2022-08-17,USO,72.05,72.05,yahoo
2022-08-18,USO,74.21,74.21,yahoo
2022-08-19,USO,74.06,74.06,yahoo
2022-08-22,USO,74.68,74.68,yahoo
2022-08-23,USO,76.83,76.83,yahoo
2022-08-24,USO,78.04,78.04,yahoo
2022-08-25,USO,76.50,76.50,yahoo
2022-08-26,USO,75.85,75.85,yahoo
2022-08-29,USO,78.69,78.69,yahoo
2022-08-30,USO,75.47,75.47,yahoo
2022-08-31,USO,73.11,73.11,yahoo
2022-09-01,USO,70.95,70.95,yahoo
2022-09-02,USO,71.43,71.43,yahoo
2022-09-06,USO,71.42,71.42,yahoo
2022-09-07,USO,67.62,67.62,yahoo
2022-09-08,USO,68.09,68.09,yahoo
2022-09-09,USO,71.10,71.10,yahoo
2022-09-12,USO,72.37,72.37,yahoo
2022-09-13,USO,72.01,72.01,yahoo
2022-09-14,USO,72.73,72.73,yahoo
2022-09-15,USO,69.76,69.76,yahoo
2022-09-16,USO,69.90,69.90,yahoo
2022-09-19,USO,70.05,70.05,yahoo
2022-09-20,USO,69.22,69.22,yahoo
2022-09-21,USO,68.68,68.68,yahoo
2022-09-22,USO,68.97,68.97,yahoo
2022-09-23,USO,65.32,65.32,yahoo
2022-09-26,USO,63.20,63.20,yahoo
2022-09-27,USO,64.42,64.42,yahoo
2022-09-28,USO,67.13,67.13,yahoo
2022-09-29,USO,66.77,66.77,yahoo
2022-09-30,USO,65.28,65.28,yahoo
2022-10-03,USO,67.89,67.89,yahoo
2022-10-04,USO,70.28,70.28,yahoo
2022-10-05,USO,71.94,71.94,yahoo
2022-10-06,USO,72.99,72.99,yahoo
2022-10-07,USO,75.10,75.10,yahoo
2022-10-10,USO,73.78,73.78,yahoo
2022-10-11,USO,71.75,71.75,yahoo
2022-10-12,USO,70.93,70.93,yahoo
2022-10-13,USO,72.52,72.52,yahoo
2022-10-14,USO,70.17,70.17,yahoo
2022-10-17,USO,70.13,70.13,yahoo
2022-10-18,USO,68.70,68.70,yahoo
2022-10-19,USO,70.04,70.04,yahoo
2022-10-20,USO,70.18,70.18,yahoo
2022-10-21,USO,70.57,70.57,yahoo
2022-10-24,USO,70.38,70.38,yahoo
2022-10-25,USO,70.61,70.61,yahoo
2022-10-26,USO,72.97,72.97,yahoo
2022-10-27,USO,73.62,73.62,yahoo
2022-10-28,USO,72.82,72.82,yahoo
2022-10-31,USO,71.53,71.53,yahoo
2022-11-01,USO,73.12,73.12,yahoo
2022-11-02,USO,74.08,74.08,yahoo
2022-11-03,USO,73.29,73.29,yahoo
2022-11-04,USO,76.82,76.82,yahoo
2022-11-07,USO,76.56,76.56,yahoo
2022-11-08,USO,74.47,74.47,yahoo
2022-11-09,USO,71.67,71.67,yahoo
2022-11-10,USO,72.24,72.24,yahoo
2022-11-11,USO,74.38,74.38,yahoo
2022-11-14,USO,71.91,71.91,yahoo
2022-11-15,USO,73.25,73.25,yahoo
2022-11-16,USO,72.04,72.04,yahoo
2022-11-17,USO,70.14,70.14,yahoo
2022-11-18,USO,69.03,69.03,yahoo
2022-11-21,USO,69.03,69.03,yahoo
2022-11-22,USO,69.98,69.98,yahoo
2022-11-23,USO,67.41,67.41,yahoo
2022-11-25,USO,66.96,66.96,yahoo
2022-11-28,USO,66.88,66.88,yahoo
2022-11-29,USO,68.34,68.34,yahoo
2022-11-30,USO,70.23,70.23,yahoo
2022-12-01,USO,70.45,70.45,yahoo
2022-12-02,USO,69.84,69.84,yahoo
2022-12-05,USO,67.72,67.72,yahoo
2022-12-06,USO,65.23,65.23,yahoo
2022-12-07,USO,63.65,63.65,yahoo
2022-12-08,USO,62.71,62.71,yahoo
2022-12-09,USO,62.85,62.85,yahoo
2022-12-12,USO,64.41,64.41,yahoo
2022-12-13,USO,65.86,65.86,yahoo
2022-12-14,USO,67.36,67.36,yahoo
2022-12-15,USO,66.15,66.15,yahoo
2022-12-16,USO,64.90,64.90,yahoo
2022-12-19,USO,66.07,66.07,yahoo
2022-12-20,USO,66.22,66.22,yahoo
2022-12-21,USO,68.06,68.06,yahoo
2022-12-22,USO,67.70,67.70,yahoo
2022-12-23,USO,69.32,69.32,yahoo
2022-12-27,USO,69.53,69.53,yahoo
2022-12-28,USO,68.58,68.58,yahoo
2022-12-29,USO,68.53,68.53,yahoo
2022-12-30,USO,70.11,70.11,yahoo
2023-01-03,USO,67.64,67.64,yahoo
2023-01-04,USO,64.30,64.30,yahoo
2023-01-05,USO,64.78,64.78,yahoo
2023-01-06,USO,64.83,64.83,yahoo
2023-01-09,USO,65.88,65.88,yahoo
2023-01-10,USO,65.90,65.90,yahoo
2023-01-11,USO,68.05,68.05,yahoo
2023-01-12,USO,68.61,68.61,yahoo
2023-01-13,USO,70.05,70.05,yahoo
2023-01-17,USO,70.86,70.86,yahoo
2023-01-18,USO,69.51,69.51,yahoo
2023-01-19,USO,70.59,70.59,yahoo
2023-01-20,USO,71.55,71.55,yahoo
2023-01-23,USO,71.50,71.50,yahoo
2023-01-24,USO,70.22,70.22,yahoo
2023-01-25,USO,70.51,70.51,yahoo
2023-01-26,USO,70.93,70.93,yahoo
2023-01-27,USO,69.50,69.50,yahoo
2023-01-30,USO,68.10,68.10,yahoo
2023-01-31,USO,69.32,69.32,yahoo
2023-02-01,USO,67.36,67.36,yahoo
2023-02-02,USO,66.57,66.57,yahoo
2023-02-03,USO,64.40,64.40,yahoo
2023-02-06,USO,65.50,65.50,yahoo
2023-02-07,USO,67.76,67.76,yahoo
2023-02-08,USO,68.68,68.68,yahoo
2023-02-09,USO,67.92,67.92,yahoo
2023-02-10,USO,69.87,69.87,yahoo
2023-02-13,USO,69.50,69.50,yahoo
2023-02-14,USO,69.40,69.40,yahoo
2023-02-15,USO,69.02,69.02,yahoo
2023-02-16,USO,68.45,68.45,yahoo
2023-02-17,USO,67.02,67.02,yahoo
2023-02-21,USO,66.69,66.69,yahoo
2023-02-22,USO,64.92,64.92,yahoo
2023-02-23,USO,66.38,66.38,yahoo
2023-02-24,USO,67.10,67.10,yahoo
2023-02-27,USO,66.25,66.25,yahoo
2023-02-28,USO,67.21,67.21,yahoo
2023-03-01,USO,68.07,68.07,yahoo
2023-03-02,USO,68.30,68.30,yahoo
2023-03-03,USO,69.86,69.86,yahoo
2023-03-06,USO,70.49,70.49,yahoo
2023-03-07,USO,67.85,67.85,yahoo
2023-03-08,USO,67.10,67.10,yahoo
2023-03-09,USO,66.24,66.24,yahoo
2023-03-10,USO,67.14,67.14,yahoo
2023-03-13,USO,65.25,65.25,yahoo
2023-03-14,USO,62.93,62.93,yahoo
2023-03-15,USO,60.02,60.02,yahoo
2023-03-16,USO,60.05,60.05,yahoo
2023-03-17,USO,58.66,58.66,yahoo
2023-03-20,USO,59.79,59.79,yahoo
2023-03-21,USO,61.23,61.23,yahoo
2023-03-22,USO,61.61,61.61,yahoo
2023-03-23,USO,60.99,60.99,yahoo
2023-03-24,USO,60.96,60.96,yahoo
2023-03-27,USO,64.15,64.15,yahoo
2023-03-28,USO,64.55,64.55,yahoo
2023-03-29,USO,64.15,64.15,yahoo
2023-03-30,USO,65.32,65.32,yahoo
2023-03-31,USO,66.44,66.44,yahoo
2023-04-03,USO,70.27,70.27,yahoo
2023-04-04,USO,70.27,70.27,yahoo
2023-04-05,USO,70.24,70.24,yahoo
2023-04-06,USO,70.26,70.26,yahoo
2023-04-10,USO,69.76,69.76,yahoo
2023-04-11,USO,71.07,71.07,yahoo
2023-04-12,USO,72.43,72.43,yahoo
2023-04-13,USO,71.80,71.80,yahoo
2023-04-14,USO,72.09,72.09,yahoo
2023-04-17,USO,70.84,70.84,yahoo
2023-04-18,USO,70.73,70.73,yahoo
2023-04-19,USO,69.30,69.30,yahoo
2023-04-20,USO,67.60,67.60,yahoo
2023-04-21,USO,68.21,68.21,yahoo
2023-04-24,USO,69.25,69.25,yahoo
2023-04-25,USO,67.62,67.62,yahoo
2023-04-26,USO,65.36,65.36,yahoo
2023-04-27,USO,65.81,65.81,yahoo
2023-04-28,USO,67.50,67.50,yahoo
2023-05-01,USO,66.55,66.55,yahoo
2023-05-02,USO,63.05,63.05,yahoo
2023-05-03,USO,60.31,60.31,yahoo
2023-05-04,USO,60.70,60.70,yahoo
2023-05-05,USO,63.03,63.03,yahoo
2023-05-08,USO,64.26,64.26,yahoo
2023-05-09,USO,64.87,64.87,yahoo
2023-05-10,USO,64.39,64.39,yahoo
2023-05-11,USO,63.25,63.25,yahoo
2023-05-12,USO,62.07,62.07,yahoo
2023-05-15,USO,62.99,62.99,yahoo
2023-05-16,USO,62.54,62.54,yahoo
2023-05-17,USO,64.60,64.60,yahoo
2023-05-18,USO,64.04,64.04,yahoo
2023-05-19,USO,63.90,63.90,yahoo
2023-05-22,USO,63.91,63.91,yahoo
2023-05-23,USO,64.87,64.87,yahoo
2023-05-24,USO,65.66,65.66,yahoo
2023-05-25,USO,64.09,64.09,yahoo
2023-05-26,USO,64.80,64.80,yahoo
2023-05-30,USO,62.30,62.30,yahoo
2023-05-31,USO,60.63,60.63,yahoo
2023-06-01,USO,62.55,62.55,yahoo
2023-06-02,USO,64.15,64.15,yahoo
2023-06-05,USO,64.03,64.03,yahoo
2023-06-06,USO,63.79,63.79,yahoo
2023-06-07,USO,64.71,64.71,yahoo
2023-06-08,USO,63.46,63.46,yahoo
2023-06-09,USO,62.93,62.93,yahoo
2023-06-12,USO,60.24,60.24,yahoo
2023-06-13,USO,62.14,62.14,yahoo
2023-06-14,USO,61.83,61.83,yahoo
2023-06-15,USO,63.41,63.41,yahoo
2023-06-16,USO,64.35,64.35,yahoo
2023-06-20,USO,63.92,63.92,yahoo
2023-06-21,USO,65.04,65.04,yahoo
2023-06-22,USO,62.52,62.52,yahoo
2023-06-23,USO,62.42,62.42,yahoo
2023-06-26,USO,62.73,62.73,yahoo
2023-06-27,USO,61.30,61.30,yahoo
2023-06-28,USO,62.52,62.52,yahoo
2023-06-29,USO,62.96,62.96,yahoo
2023-06-30,USO,63.55,63.55,yahoo
2023-07-03,USO,63.39,63.39,yahoo
2023-07-05,USO,64.63,64.63,yahoo
2023-07-06,USO,64.44,64.44,yahoo
2023-07-07,USO,65.85,65.85,yahoo
2023-07-10,USO,65.54,65.54,yahoo
2023-07-11,USO,67.03,67.03,yahoo
2023-07-12,USO,67.87,67.87,yahoo
2023-07-13,USO,69.09,69.09,yahoo
2023-07-14,USO,67.47,67.47,yahoo
2023-07-17,USO,66.58,66.58,yahoo
2023-07-18,USO,67.96,67.96,yahoo
2023-07-19,USO,67.69,67.69,yahoo
2023-07-20,USO,68.05,68.05,yahoo
2023-07-21,USO,68.99,68.99,yahoo
2023-07-24,USO,70.69,70.69,yahoo
2023-07-25,USO,71.16,71.16,yahoo
2023-07-26,USO,70.66,70.66,yahoo
2023-07-27,USO,71.43,71.43,yahoo
2023-07-28,USO,72.09,72.09,yahoo
2023-07-31,USO,73.17,73.17,yahoo
2023-08-01,USO,72.96,72.96,yahoo
2023-08-02,USO,71.48,71.48,yahoo
2023-08-03,USO,73.14,73.14,yahoo
2023-08-04,USO,73.79,73.79,yahoo
2023-08-07,USO,73.82,73.82,yahoo
2023-08-08,USO,74.06,74.06,yahoo
2023-08-09,USO,75.10,75.10,yahoo
2023-08-10,USO,74.20,74.20,yahoo
2023-08-11,USO,74.25,74.25,yahoo
2023-08-14,USO,73.81,73.81,yahoo
2023-08-15,USO,72.62,72.62,yahoo
2023-08-16,USO,71.37,71.37,yahoo
2023-08-17,USO,71.98,71.98,yahoo
2023-08-18,USO,72.79,72.79,yahoo
2023-08-21,USO,72.58,72.58,yahoo
2023-08-22,USO,72.28,72.28,yahoo
2023-08-23,USO,71.36,71.36,yahoo
2023-08-24,USO,71.41,71.41,yahoo
2023-08-25,USO,72.45,72.45,yahoo
2023-08-28,USO,72.41,72.41,yahoo
2023-08-29,USO,73.32,73.32,yahoo
2023-08-30,USO,73.66,73.66,yahoo
2023-08-31,USO,75.06,75.06,yahoo
2023-09-01,USO,76.92,76.92,yahoo
2023-09-05,USO,77.76,77.76,yahoo
2023-09-06,USO,78.52,78.52,yahoo
2023-09-07,USO,77.95,77.95,yahoo
2023-09-08,USO,78.30,78.30,yahoo
2023-09-11,USO,78.37,78.37,yahoo
2023-09-12,USO,79.70,79.70,yahoo
2023-09-13,USO,79.68,79.68,yahoo
2023-09-14,USO,81.12,81.12,yahoo
2023-09-15,USO,81.29,81.29,yahoo
2023-09-18,USO,81.45,81.45,yahoo
2023-09-19,USO,81.50,81.50,yahoo
2023-09-20,USO,80.14,80.14,yahoo
2023-09-21,USO,80.41,80.41,yahoo
2023-09-22,USO,80.63,80.63,yahoo
2023-09-25,USO,80.39,80.39,yahoo
2023-09-26,USO,80.88,80.88,yahoo
2023-09-27,USO,82.90,82.90,yahoo
2023-09-28,USO,81.57,81.57,yahoo
2023-09-29,USO,80.86,80.86,yahoo
2023-10-02,USO,79.39,79.39,yahoo
2023-10-03,USO,79.93,79.93,yahoo
2023-10-04,USO,75.59,75.59,yahoo
2023-10-05,USO,73.99,73.99,yahoo
2023-10-06,USO,74.16,74.16,yahoo
2023-10-09,USO,77.13,77.13,yahoo
2023-10-10,USO,76.71,76.71,yahoo
2023-10-11,USO,75.67,75.67,yahoo
2023-10-12,USO,75.42,75.42,yahoo
2023-10-13,USO,78.99,78.99,yahoo
2023-10-16,USO,78.39,78.39,yahoo
2023-10-17,USO,78.80,78.80,yahoo
2023-10-18,USO,79.84,79.84,yahoo
2023-10-19,USO,81.68,81.68,yahoo
2023-10-20,USO,80.70,80.70,yahoo
2023-10-23,USO,78.89,78.89,yahoo
2023-10-24,USO,76.93,76.93,yahoo
2023-10-25,USO,78.46,78.46,yahoo
2023-10-26,USO,76.89,76.89,yahoo
2023-10-27,USO,78.36,78.36,yahoo
2023-10-30,USO,76.05,76.05,yahoo
2023-10-31,USO,75.02,75.02,yahoo
2023-11-01,USO,74.75,74.75,yahoo
2023-11-02,USO,76.18,76.18,yahoo
2023-11-03,USO,74.85,74.85,yahoo
2023-11-06,USO,74.91,74.91,yahoo
2023-11-07,USO,71.80,71.80,yahoo
2023-11-08,USO,70.19,70.19,yahoo
2023-11-09,USO,70.25,70.25,yahoo
2023-11-10,USO,71.79,71.79,yahoo
2023-11-13,USO,72.92,72.92,yahoo
2023-11-14,USO,72.69,72.69,yahoo
2023-11-15,USO,71.34,71.34,yahoo
2023-11-16,USO,68.05,68.05,yahoo
2023-11-17,USO,70.75,70.75,yahoo
2023-11-20,USO,72.30,72.30,yahoo
2023-11-21,USO,72.53,72.53,yahoo
2023-11-22,USO,71.61,71.61,yahoo
2023-11-24,USO,70.82,70.82,yahoo
2023-11-27,USO,69.96,69.96,yahoo
2023-11-28,USO,71.26,71.26,yahoo
2023-11-29,USO,72.52,72.52,yahoo
2023-11-30,USO,70.14,70.14,yahoo
2023-12-01,USO,69.24,69.24,yahoo
2023-12-04,USO,68.47,68.47,yahoo
2023-12-05,USO,67.58,67.58,yahoo
2023-12-06,USO,64.76,64.76,yahoo
2023-12-07,USO,65.11,65.11,yahoo
2023-12-08,USO,66.53,66.53,yahoo
2023-12-11,USO,66.80,66.80,yahoo
2023-12-12,USO,64.25,64.25,yahoo
2023-12-13,USO,65.33,65.33,yahoo
2023-12-14,USO,67.16,67.16,yahoo
2023-12-15,USO,67.15,67.15,yahoo
2023-12-18,USO,68.09,68.09,yahoo
2023-12-19,USO,69.36,69.36,yahoo
2023-12-20,USO,68.79,68.79,yahoo
2023-12-21,USO,69.03,69.03,yahoo
2023-12-22,USO,68.69,68.69,yahoo
2023-12-26,USO,70.21,70.21,yahoo
2023-12-27,USO,68.92,68.92,yahoo
2023-12-28,USO,67.18,67.18,yahoo
2023-12-29,USO,66.65,66.65,yahoo
2024-01-02,USO,65.77,65.77,yahoo
2024-01-03,USO,68.19,68.19,yahoo
2024-01-04,USO,67.57,67.57,yahoo
2024-01-05,USO,69.03,69.03,yahoo
2024-01-08,USO,66.40,66.40,yahoo
2024-01-09,USO,67.39,67.39,yahoo
2024-01-10,USO,66.56,66.56,yahoo
2024-01-11,USO,67.65,67.65,yahoo
2024-01-12,USO,68.02,68.02,yahoo
2024-01-16,USO,67.25,67.25,yahoo
2024-01-17,USO,67.94,67.94,yahoo
2024-01-18,USO,69.06,69.06,yahoo
2024-01-19,USO,68.82,68.82,yahoo
2024-01-22,USO,69.69,69.69,yahoo
2024-01-23,USO,69.66,69.66,yahoo
2024-01-24,USO,70.54,70.54,yahoo
2024-01-25,USO,72.23,72.23,yahoo
2024-01-26,USO,73.10,73.10,yahoo
2024-01-29,USO,72.05,72.05,yahoo
2024-01-30,USO,72.81,72.81,yahoo
2024-01-31,USO,70.92,70.92,yahoo
2024-02-01,USO,69.07,69.07,yahoo
2024-02-02,USO,67.51,67.51,yahoo
2024-02-05,USO,68.18,68.18,yahoo
2024-02-06,USO,68.81,68.81,yahoo
2024-02-07,USO,69.42,69.42,yahoo
2024-02-08,USO,71.52,71.52,yahoo
2024-02-09,USO,71.67,71.67,yahoo
2024-02-12,USO,72.11,72.11,yahoo
2024-02-13,USO,72.65,72.65,yahoo
2024-02-14,USO,71.55,71.55,yahoo
2024-02-15,USO,72.84,72.84,yahoo
2024-02-16,USO,73.41,73.41,yahoo
2024-02-20,USO,72.42,72.42,yahoo
2024-02-21,USO,73.20,73.20,yahoo
2024-02-22,USO,73.60,73.60,yahoo
2024-02-23,USO,71.92,71.92,yahoo
2024-02-26,USO,72.79,72.79,yahoo
2024-02-27,USO,73.85,73.85,yahoo
2024-02-28,USO,73.62,73.62,yahoo
2024-02-29,USO,73.36,73.36,yahoo
2024-03-01,USO,74.96,74.96,yahoo
2024-03-04,USO,74.01,74.01,yahoo
2024-03-05,USO,73.45,73.45,yahoo
2024-03-06,USO,74.34,74.34,yahoo
2024-03-07,USO,74.23,74.23,yahoo
2024-03-08,USO,73.36,73.36,yahoo
2024-03-11,USO,73.62,73.62,yahoo
2024-03-12,USO,73.35,73.35,yahoo
2024-03-13,USO,75.09,75.09,yahoo
2024-03-14,USO,76.30,76.30,yahoo
2024-03-15,USO,76.33,76.33,yahoo
2024-03-18,USO,77.98,77.98,yahoo
2024-03-19,USO,78.43,78.43,yahoo
2024-03-20,USO,77.25,77.25,yahoo
2024-03-21,USO,76.82,76.82,yahoo
2024-03-22,USO,76.68,76.68,yahoo
2024-03-25,USO,77.76,77.76,yahoo
2024-03-26,USO,77.29,77.29,yahoo
2024-03-27,USO,77.51,77.51,yahoo
2024-03-28,USO,78.73,78.73,yahoo
2024-04-01,USO,79.67,79.67,yahoo
2024-04-02,USO,80.79,80.79,yahoo
2024-04-03,USO,81.25,81.25,yahoo
2024-04-04,USO,82.27,82.27,yahoo
2024-04-05,USO,82.40,82.40,yahoo
2024-04-08,USO,82.20,82.20,yahoo
2024-04-09,USO,81.15,81.15,yahoo
2024-04-10,USO,82.09,82.09,yahoo
2024-04-11,USO,81.55,81.55,yahoo
2024-04-12,USO,81.53,81.53,yahoo
2024-04-15,USO,81.65,81.65,yahoo
2024-04-16,USO,81.33,81.33,yahoo
2024-04-17,USO,78.91,78.91,yahoo
2024-04-18,USO,78.78,78.78,yahoo
2024-04-19,USO,78.85,78.85,yahoo
2024-04-22,USO,78.78,78.78,yahoo
2024-04-23,USO,79.98,79.98,yahoo
2024-04-24,USO,79.64,79.64,yahoo
2024-04-25,USO,80.44,80.44,yahoo
2024-04-26,USO,80.39,80.39,yahoo
2024-04-29,USO,79.50,79.50,yahoo
2024-04-30,USO,78.38,78.38,yahoo
2024-05-01,USO,75.93,75.93,yahoo
2024-05-02,USO,75.93,75.93,yahoo
2024-05-03,USO,75.13,75.13,yahoo
2024-05-06,USO,75.66,75.66,yahoo
2024-05-07,USO,75.50,75.50,yahoo
2024-05-08,USO,76.11,76.11,yahoo
2024-05-09,USO,76.52,76.52,yahoo
2024-05-10,USO,75.30,75.30,yahoo
2024-05-13,USO,76.13,76.13,yahoo
2024-05-14,USO,75.21,75.21,yahoo
2024-05-15,USO,75.88,75.88,yahoo
2024-05-16,USO,76.25,76.25,yahoo
2024-05-17,USO,76.97,76.97,yahoo
2024-05-20,USO,76.73,76.73,yahoo
2024-05-21,USO,76.16,76.16,yahoo
2024-05-22,USO,74.87,74.87,yahoo
2024-05-23,USO,74.45,74.45,yahoo
2024-05-24,USO,75.35,75.35,yahoo
2024-05-28,USO,77.66,77.66,yahoo
2024-05-29,USO,76.57,76.57,yahoo
2024-05-30,USO,75.53,75.53,yahoo
2024-05-31,USO,74.82,74.82,yahoo
2024-06-03,USO,71.83,71.83,yahoo
2024-06-04,USO,71.09,71.09,yahoo
2024-06-05,USO,71.89,71.89,yahoo
2024-06-06,USO,73.26,73.26,yahoo
2024-06-07,USO,73.02,73.02,yahoo
2024-06-10,USO,75.46,75.46,yahoo
2024-06-11,USO,75.51,75.51,yahoo
2024-06-12,USO,75.98,75.98,yahoo
2024-06-13,USO,75.74,75.74,yahoo
2024-06-14,USO,76.08,76.08,yahoo
2024-06-17,USO,77.79,77.79,yahoo
2024-06-18,USO,78.67,78.67,yahoo
2024-06-20,USO,79.41,79.41,yahoo
2024-06-21,USO,78.65,78.65,yahoo
2024-06-24,USO,79.70,79.70,yahoo
2024-06-25,USO,78.90,78.90,yahoo
2024-06-26,USO,78.75,78.75,yahoo
2024-06-27,USO,79.92,79.92,yahoo
2024-06-28,USO,79.59,79.59,yahoo
2024-07-01,USO,81.54,81.54,yahoo
2024-07-02,USO,81.11,81.11,yahoo
2024-07-03,USO,81.27,81.27,yahoo
2024-07-05,USO,81.31,81.31,yahoo
2024-07-08,USO,80.42,80.42,yahoo
2024-07-09,USO,79.77,79.77,yahoo
2024-07-10,USO,80.48,80.48,yahoo
2024-07-11,USO,80.94,80.94,yahoo
2024-07-12,USO,80.25,80.25,yahoo
2024-07-15,USO,80.12,80.12,yahoo
2024-07-16,USO,79.06,79.06,yahoo
2024-07-17,USO,80.62,80.62,yahoo
2024-07-18,USO,79.90,79.90,yahoo
2024-07-19,USO,78,78,yahoo
2024-07-22,USO,77.62,77.62,yahoo
2024-07-23,USO,76.62,76.62,yahoo
2024-07-24,USO,76.81,76.81,yahoo
2024-07-25,USO,77.46,77.46,yahoo
2024-07-26,USO,76.11,76.11,yahoo
2024-07-29,USO,75.19,75.19,yahoo
2024-07-30,USO,74.46,74.46,yahoo
2024-07-31,USO,77.74,77.74,yahoo
2024-08-01,USO,76.29,76.29,yahoo
2024-08-02,USO,73.39,73.39,yahoo
2024-08-05,USO,73.22,73.22,yahoo
2024-08-06,USO,72.45,72.45,yahoo
2024-08-07,USO,74.69,74.69,yahoo
2024-08-08,USO,75.36,75.36,yahoo
2024-08-09,USO,76.22,76.22,yahoo
2024-08-12,USO,78.63,78.63,yahoo
2024-08-13,USO,77.64,77.64,yahoo
2024-08-14,USO,76.59,76.59,yahoo
2024-08-15,USO,77.41,77.41,yahoo
2024-08-16,USO,76.32,76.32,yahoo
2024-08-19,USO,74.38,74.38,yahoo
2024-08-20,USO,73.83,73.83,yahoo
2024-08-21,USO,72.60,72.60,yahoo
2024-08-22,USO,73.58,73.58,yahoo
2024-08-23,USO,75.55,75.55,yahoo
2024-08-26,USO,77.83,77.83,yahoo
2024-08-27,USO,76.49,76.49,yahoo
2024-08-28,USO,75.48,75.48,yahoo
2024-08-29,USO,76.77,76.77,yahoo
2024-08-30,USO,74.34,74.34,yahoo
2024-09-03,USO,71.09,71.09,yahoo
2024-09-04,USO,69.61,69.61,yahoo
2024-09-05,USO,69.89,69.89,yahoo
2024-09-06,USO,68.93,68.93,yahoo
2024-09-09,USO,69.27,69.27,yahoo
2024-09-10,USO,66.96,66.96,yahoo
2024-09-11,USO,67.85,67.85,yahoo
2024-09-12,USO,69.89,69.89,yahoo
2024-09-13,USO,69.84,69.84,yahoo
2024-09-16,USO,70.88,70.88,yahoo
2024-09-17,USO,71.72,71.72,yahoo
2024-09-18,USO,70.66,70.66,yahoo
2024-09-19,USO,72.75,72.75,yahoo
2024-09-20,USO,72.92,72.92,yahoo
2024-09-23,USO,72.25,72.25,yahoo
2024-09-24,USO,73.29,73.29,yahoo
2024-09-25,USO,71.48,71.48,yahoo
2024-09-26,USO,69.01,69.01,yahoo
2024-09-27,USO,70.27,70.27,yahoo
2024-09-30,USO,69.92,69.92,yahoo
2024-10-01,USO,72.11,72.11,yahoo
2024-10-02,USO,72.76,72.76,yahoo
2024-10-03,USO,75.73,75.73,yahoo
2024-10-04,USO,76.35,76.35,yahoo
2024-10-07,USO,79.20,79.20,yahoo
2024-10-08,USO,75.79,75.79,yahoo
2024-10-09,USO,75.25,75.25,yahoo
2024-10-10,USO,77.77,77.77,yahoo
2024-10-11,USO,77.49,77.49,yahoo
2024-10-14,USO,75.93,75.93,yahoo
2024-10-15,USO,72.76,72.76,yahoo
2024-10-16,USO,72.40,72.40,yahoo
2024-10-17,USO,72.62,72.62,yahoo
2024-10-18,USO,71.38,71.38,yahoo
2024-10-21,USO,72.26,72.26,yahoo
2024-10-22,USO,73.98,73.98,yahoo
2024-10-23,USO,73.55,73.55,yahoo
2024-10-24,USO,73.06,73.06,yahoo
2024-10-25,USO,74.23,74.23,yahoo
2024-10-28,USO,70.43,70.43,yahoo
2024-10-29,USO,69.66,69.66,yahoo
2024-10-30,USO,71.36,71.36,yahoo
2024-10-31,USO,73.08,73.08,yahoo
2024-11-01,USO,72.02,72.02,yahoo
2024-11-04,USO,74.29,74.29,yahoo
2024-11-05,USO,74.73,74.73,yahoo
2024-11-06,USO,74.54,74.54,yahoo
2024-11-07,USO,74.66,74.66,yahoo
2024-11-08,USO,73.13,73.13,yahoo
2024-11-11,USO,70.94,70.94,yahoo
2024-11-12,USO,70.69,70.69,yahoo
2024-11-13,USO,70.73,70.73,yahoo
2024-11-14,USO,71.29,71.29,yahoo
2024-11-15,USO,69.75,69.75,yahoo
2024-11-18,USO,72.07,72.07,yahoo
2024-11-19,USO,72.31,72.31,yahoo
2024-11-20,USO,72.02,72.02,yahoo
2024-11-21,USO,73.20,73.20,yahoo
2024-11-22,USO,74.25,74.25,yahoo
2024-11-25,USO,72.10,72.10,yahoo
2024-11-26,USO,71.61,71.61,yahoo
2024-11-27,USO,71.72,71.72,yahoo
2024-11-29,USO,71.61,71.61,yahoo
2024-12-02,USO,71.04,71.04,yahoo
2024-12-03,USO,73.04,73.04,yahoo
2024-12-04,USO,71.88,71.88,yahoo
2024-12-05,USO,71.47,71.47,yahoo
2024-12-06,USO,70.24,70.24,yahoo
2024-12-09,USO,71.17,71.17,yahoo
2024-12-10,USO,71.40,71.40,yahoo
2024-12-11,USO,73.33,73.33,yahoo
2024-12-12,USO,73.21,73.21,yahoo
2024-12-13,USO,74.21,74.21,yahoo
2024-12-16,USO,73.70,73.70,yahoo
2024-12-17,USO,73.30,73.30,yahoo
2024-12-18,USO,72.94,72.94,yahoo
2024-12-19,USO,72.61,72.61,yahoo
2024-12-20,USO,73.10,73.10,yahoo
2024-12-23,USO,73.06,73.06,yahoo
2024-12-24,USO,73.65,73.65,yahoo
2024-12-26,USO,73.13,73.13,yahoo
2024-12-27,USO,73.85,73.85,yahoo
2024-12-30,USO,74.82,74.82,yahoo
2024-12-31,USO,75.55,75.55,yahoo
2025-01-02,USO,76.93,76.93,yahoo
2025-01-03,USO,77.92,77.92,yahoo
2025-01-06,USO,77.30,77.30,yahoo
2025-01-07,USO,78.17,78.17,yahoo
2025-01-08,USO,77.30,77.30,yahoo
2025-01-10,USO,80.64,80.64,yahoo
2025-01-13,USO,82.23,82.23,yahoo
2025-01-14,USO,81.67,81.67,yahoo
2025-01-15,USO,84.34,84.34,yahoo
2025-01-16,USO,82.94,82.94,yahoo
2025-01-17,USO,82.52,82.52,yahoo
2025-01-21,USO,81.11,81.11,yahoo
2025-01-22,USO,80.43,80.43,yahoo
2025-01-23,USO,79.21,79.21,yahoo
2025-01-24,USO,79.60,79.60,yahoo
2025-01-27,USO,77.93,77.93,yahoo
2025-01-28,USO,78.86,78.86,yahoo
2025-01-29,USO,77.78,77.78,yahoo
2025-01-30,USO,77.75,77.75,yahoo
2025-01-31,USO,78.02,78.02,yahoo
2025-02-03,USO,77.82,77.82,yahoo
2025-02-04,USO,77.51,77.51,yahoo
2025-02-05,USO,76.09,76.09,yahoo
2025-02-06,USO,75.45,75.45,yahoo
2025-02-07,USO,75.86,75.86,yahoo
2025-02-10,USO,77.40,77.40,yahoo
2025-02-11,USO,78.27,78.27,yahoo
2025-02-12,USO,76.32,76.32,yahoo
2025-02-13,USO,76.39,76.39,yahoo
2025-02-14,USO,75.82,75.82,yahoo
2025-02-18,USO,76.96,76.96,yahoo
2025-02-19,USO,77.45,77.45,yahoo
2025-02-20,USO,77.76,77.76,yahoo
2025-02-21,USO,75.35,75.35,yahoo
2025-02-24,USO,75.97,75.97,yahoo
2025-02-25,USO,74.13,74.13,yahoo
2025-02-26,USO,73.85,73.85,yahoo
2025-02-27,USO,75.28,75.28,yahoo
2025-02-28,USO,75.22,75.22,yahoo
2025-03-03,USO,73.32,73.32,yahoo
2025-03-04,USO,73.31,73.31,yahoo
2025-03-05,USO,71.42,71.42,yahoo
2025-03-06,USO,71.13,71.13,yahoo
2025-03-07,USO,72.09,72.09,yahoo
2025-03-10,USO,70.89,70.89,yahoo
2025-03-11,USO,71.45,71.45,yahoo
2025-03-12,USO,72.80,72.80,yahoo
2025-03-13,USO,71.62,71.62,yahoo
2025-03-14,USO,72.28,72.28,yahoo
2025-03-17,USO,72.71,72.71,yahoo
2025-03-18,USO,72.21,72.21,yahoo
2025-03-19,USO,72.42,72.42,yahoo
2025-03-20,USO,73.73,73.73,yahoo
2025-03-21,USO,73.79,73.79,yahoo
2025-03-24,USO,74.88,74.88,yahoo
2025-03-25,USO,74.82,74.82,yahoo
2025-03-26,USO,75.42,75.42,yahoo
2025-03-27,USO,75.48,75.48,yahoo
2025-03-28,USO,74.77,74.77,yahoo
2025-03-31,USO,77.33,77.33,yahoo
2025-04-01,USO,77.08,77.08,yahoo
2025-04-02,USO,77.74,77.74,yahoo
2025-04-03,USO,72.25,72.25,yahoo
2025-04-04,USO,67.92,67.92,yahoo
2025-04-07,USO,65.98,65.98,yahoo
2025-04-08,USO,63.34,63.34,yahoo
2025-04-09,USO,67.58,67.58,yahoo
2025-04-10,USO,65.32,65.32,yahoo
2025-04-11,USO,66.46,66.46,yahoo
2025-04-14,USO,66.66,66.66,yahoo
2025-04-15,USO,66.48,66.48,yahoo
2025-04-16,USO,67.75,67.75,yahoo
2025-04-17,USO,69.48,69.48,yahoo
2025-04-21,USO,68.62,68.62,yahoo
2025-04-22,USO,69.37,69.37,yahoo
2025-04-23,USO,68.05,68.05,yahoo
2025-04-24,USO,68.46,68.46,yahoo
2025-04-25,USO,69.03,69.03,yahoo
2025-04-28,USO,67.76,67.76,yahoo
2025-04-29,USO,65.85,65.85,yahoo
2025-04-30,USO,63.56,63.56,yahoo
2025-05-01,USO,64.52,64.52,yahoo
2025-05-02,USO,64.01,64.01,yahoo
2025-05-05,USO,62.37,62.37,yahoo
2025-05-06,USO,64.60,64.60,yahoo
2025-05-07,USO,63.51,63.51,yahoo
2025-05-08,USO,65.60,65.60,yahoo
2025-05-09,USO,66.61,66.61,yahoo
2025-05-12,USO,67.60,67.60,yahoo
2025-05-13,USO,69.59,69.59,yahoo
2025-05-14,USO,68.73,68.73,yahoo
2025-05-15,USO,67.59,67.59,yahoo
2025-05-16,USO,68.10,68.10,yahoo
2025-05-19,USO,68.51,68.51,yahoo
2025-05-20,USO,68.66,68.66,yahoo
2025-05-21,USO,67.59,67.59,yahoo
2025-05-22,USO,67.14,67.14,yahoo
2025-05-23,USO,67.99,67.99,yahoo
2025-05-27,USO,67.28,67.28,yahoo
2025-05-28,USO,67.89,67.89,yahoo
2025-05-29,USO,67.19,67.19,yahoo
2025-05-30,USO,67.15,67.15,yahoo
2025-06-02,USO,69.55,69.55,yahoo
2025-06-03,USO,69.89,69.89,yahoo
2025-06-04,USO,69.34,69.34,yahoo
2025-06-05,USO,69.93,69.93,yahoo
2025-06-06,USO,71.38,71.38,yahoo
2025-06-09,USO,72.05,72.05,yahoo
2025-06-10,USO,71.60,71.60,yahoo
2025-06-11,USO,74.82,74.82,yahoo
2025-06-12,USO,75.05,75.05,yahoo
2025-06-13,USO,80.22,80.22,yahoo
2025-06-16,USO,78.59,78.59,yahoo
2025-06-17,USO,82.30,82.30,yahoo
2025-06-18,USO,82.27,82.27,yahoo
2025-06-20,USO,83.12,83.12,yahoo
2025-06-23,USO,76.41,76.41,yahoo
2025-06-24,USO,73,73,yahoo
2025-06-25,USO,73.31,73.31,yahoo
2025-06-26,USO,73.59,73.59,yahoo
2025-06-27,USO,73.28,73.28,yahoo
2025-06-30,USO,73.11,73.11,yahoo
2025-07-01,USO,73.93,73.93,yahoo
2025-07-02,USO,75.59,75.59,yahoo
2025-07-03,USO,75.19,75.19,yahoo
2025-07-07,USO,76.48,76.48,yahoo
2025-07-08,USO,76.96,76.96,yahoo
2025-07-09,USO,76.93,76.93,yahoo
2025-07-10,USO,75.39,75.39,yahoo
2025-07-11,USO,77.29,77.29,yahoo
2025-07-14,USO,75.62,75.62,yahoo
2025-07-15,USO,75.26,75.26,yahoo
2025-07-16,USO,75.19,75.19,yahoo
2025-07-17,USO,76.16,76.16,yahoo
2025-07-18,USO,75.93,75.93,yahoo
2025-07-21,USO,75.59,75.59,yahoo
2025-07-22,USO,75.35,75.35,yahoo
2025-07-23,USO,75.28,75.28,yahoo
2025-07-24,USO,76.09,76.09,yahoo
2025-07-25,USO,74.85,74.85,yahoo
2025-07-28,USO,77.17,77.17,yahoo
2025-07-29,USO,79.80,79.80,yahoo
2025-07-30,USO,81.04,81.04,yahoo
2025-07-31,USO,79.59,79.59,yahoo
2025-08-01,USO,77.46,77.46,yahoo
2025-08-04,USO,76.11,76.11,yahoo
2025-08-05,USO,75.02,75.02,yahoo
2025-08-06,USO,73.79,73.79,yahoo
2025-08-07,USO,73.42,73.42,yahoo
2025-08-08,USO,73.30,73.30,yahoo
2025-08-11,USO,73.80,73.80,yahoo
2025-08-12,USO,72.95,72.95,yahoo
2025-08-13,USO,72.46,72.46,yahoo
2025-08-14,USO,73.74,73.74,yahoo
2025-08-15,USO,72.80,72.80,yahoo
2025-08-18,USO,73.17,73.17,yahoo
2025-08-19,USO,72.30,72.30,yahoo
2025-08-20,USO,73.52,73.52,yahoo
2025-08-21,USO,74.13,74.13,yahoo
2025-08-22,USO,74.64,74.64,yahoo
2025-08-25,USO,75.75,75.75,yahoo
2025-08-26,USO,74.05,74.05,yahoo
2025-08-27,USO,74.68,74.68,yahoo
2025-08-28,USO,75.24,75.24,yahoo
2025-08-29,USO,74.84,74.84,yahoo
2025-09-02,USO,76.76,76.76,yahoo
2025-09-03,USO,74.83,74.83,yahoo
2025-09-04,USO,74.18,74.18,yahoo
2025-09-05,USO,72.63,72.63,yahoo
2025-09-08,USO,73.04,73.04,yahoo
2025-09-09,USO,73.39,73.39,yahoo
2025-09-10,USO,74.71,74.71,yahoo
2025-09-11,USO,73,73,yahoo
2025-09-12,USO,73.31,73.31,yahoo
2025-09-15,USO,74.23,74.23,yahoo
2025-09-16,USO,75.67,75.67,yahoo
2025-09-17,USO,74.97,74.97,yahoo
2025-09-18,USO,74.69,74.69,yahoo
2025-09-19,USO,73.52,73.52,yahoo
2025-09-22,USO,73.45,73.45,yahoo
2025-09-23,USO,75.05,75.05,yahoo
2025-09-24,USO,76.39,76.39,yahoo
2025-09-25,USO,76.99,76.99,yahoo
2025-09-26,USO,77.02,77.02,yahoo
2025-09-29,USO,74.59,74.59,yahoo
2025-09-30,USO,73.75,73.75,yahoo
2025-10-01,USO,73.14,73.14,yahoo
2025-10-02,USO,71.54,71.54,yahoo
2025-10-03,USO,71.71,71.71,yahoo
2025-10-06,USO,72.87,72.87,yahoo
2025-10-07,USO,73.20,73.20,yahoo
2025-10-08,USO,73.53,73.53,yahoo
2025-10-09,USO,72.51,72.51,yahoo
2025-10-10,USO,69.39,69.39,yahoo
2025-10-13,USO,70.28,70.28,yahoo
2025-10-14,USO,69,69,yahoo
2025-10-15,USO,68.99,68.99,yahoo
2025-10-16,USO,67.81,67.81,yahoo
2025-10-17,USO,67.98,67.98,yahoo
2025-10-20,USO,67.83,67.83,yahoo
2025-10-21,USO,68.27,68.27,yahoo
2025-10-22,USO,70.63,70.63,yahoo
2025-10-23,USO,73.29,73.29,yahoo
2025-10-24,USO,73.18,73.18,yahoo
2025-10-27,USO,73.12,73.12,yahoo
2025-10-28,USO,71.39,71.39,yahoo
2025-10-29,USO,71.80,71.80,yahoo
2025-10-30,USO,71.71,71.71,yahoo
2025-10-31,USO,72.56,72.56,yahoo
2025-11-03,USO,72.74,72.74,yahoo
2025-11-04,USO,71.93,71.93,yahoo
2025-11-05,USO,71.03,71.03,yahoo
2025-11-06,USO,70.88,70.88,yahoo
2025-11-07,USO,71.26,71.26,yahoo
2025-11-10,USO,71.68,71.68,yahoo
2025-11-11,USO,72.72,72.72,yahoo
2025-11-12,USO,69.79,69.79,yahoo
2025-11-13,USO,69.85,69.85,yahoo
2025-11-14,USO,71.38,71.38,yahoo
2025-11-17,USO,71.30,71.30,yahoo
2025-11-18,USO,72.50,72.50,yahoo
2025-11-19,USO,70.88,70.88,yahoo
2025-11-20,USO,70.15,70.15,yahoo
2025-11-21,USO,69.30,69.30,yahoo
2025-11-24,USO,70.42,70.42,yahoo
2025-11-25,USO,69.25,69.25,yahoo
2025-11-26,USO,70.04,70.04,yahoo
2025-11-28,USO,71.07,71.07,yahoo
2025-12-01,USO,71.06,71.06,yahoo
2025-12-02,USO,70.20,70.20,yahoo
2025-12-03,USO,70.66,70.66,yahoo
2025-12-04,USO,71.39,71.39,yahoo
2025-12-05,USO,71.92,71.92,yahoo
2025-12-08,USO,70.49,70.49,yahoo
2025-12-09,USO,69.86,69.86,yahoo
2025-12-10,USO,70.54,70.54,yahoo
2025-12-11,USO,69.25,69.25,yahoo
2025-12-12,USO,68.81,68.81,yahoo
2025-12-15,USO,67.89,67.89,yahoo
2025-12-16,USO,66.17,66.17,yahoo
2025-12-17,USO,67.98,67.98,yahoo
2025-12-18,USO,67.19,67.19,yahoo
2025-12-19,USO,68.03,68.03,yahoo
2025-12-22,USO,69.73,69.73,yahoo
2025-12-23,USO,70.30,70.30,yahoo
2025-12-24,USO,70.20,70.20,yahoo
2025-12-26,USO,68.48,68.48,yahoo
2025-12-29,USO,69.61,69.61,yahoo
2025-12-30,USO,69.74,69.74,yahoo
2025-12-31,USO,69.16,69.16,yahoo
2026-01-02,USO,68.96,68.96,yahoo
2026-01-05,USO,70.22,70.22,yahoo
2026-01-06,USO,68.51,68.51,yahoo
2026-01-07,USO,67.79,67.79,yahoo
2026-01-08,USO,70.54,70.54,yahoo
2026-01-09,USO,70.78,70.78,yahoo
2026-01-12,USO,71.65,71.65,yahoo
2026-01-13,USO,73.48,73.48,yahoo
2026-01-14,USO,72.61,72.61,yahoo
2026-01-15,USO,71.13,71.13,yahoo
2026-01-16,USO,71.65,71.65,yahoo
2026-01-20,USO,71.86,71.86,yahoo
2026-01-21,USO,73.34,73.34,yahoo
2026-01-22,USO,71.82,71.82,yahoo
2026-01-23,USO,73.95,73.95,yahoo
2026-01-26,USO,73.48,73.48,yahoo
2026-01-27,USO,75.66,75.66,yahoo
2026-01-28,USO,76.62,76.62,yahoo
2026-01-29,USO,79.14,79.14,yahoo
2026-01-30,USO,79.52,79.52,yahoo
2026-02-02,USO,75.33,75.33,yahoo
2026-02-03,USO,77.47,77.47,yahoo
2026-02-04,USO,77.88,77.88,yahoo
2026-02-05,USO,76.69,76.69,yahoo
2026-02-06,USO,76.99,76.99,yahoo
2026-02-09,USO,78.02,78.02,yahoo
2026-02-10,USO,78.03,78.03,yahoo
2026-02-11,USO,78.89,78.89,yahoo
2026-02-12,USO,76.38,76.38,yahoo
2026-02-13,USO,76.22,76.22,yahoo
2026-02-17,USO,75.73,75.73,yahoo
2026-02-18,USO,79.40,79.40,yahoo
2026-02-19,USO,81.19,81.19,yahoo
2026-02-20,USO,80.85,80.85,yahoo
2026-02-23,USO,80.90,80.90,yahoo
2026-02-24,USO,80.76,80.76,yahoo
2026-02-25,USO,79.73,79.73,yahoo
2026-02-26,USO,79.77,79.77,yahoo
2026-02-27,USO,81.95,81.95,yahoo
2026-03-02,USO,87.19,87.19,yahoo
2026-03-03,USO,90.20,90.20,yahoo
2026-03-04,USO,91.56,91.56,yahoo
2026-03-05,USO,96.31,96.31,yahoo
2026-03-06,USO,108.77,108.77,yahoo
2026-03-09,USO,104.33,104.33,yahoo
2026-03-10,USO,105.86,105.86,yahoo
2026-03-11,USO,108.05,108.05,yahoo
2026-03-12,USO,118.39,118.39,yahoo
2026-03-13,USO,119.89,119.89,yahoo
2026-03-16,USO,115.03,115.03,yahoo
2026-03-17,USO,118.84,118.84,yahoo
2026-03-18,USO,121.67,121.67,yahoo
2026-03-19,USO,117.36,117.36,yahoo
2026-03-20,USO,121.43,121.43,yahoo
2026-03-23,USO,110.56,110.56,yahoo
2026-03-24,USO,114.54,114.54,yahoo
2026-03-25,USO,113.39,113.39,yahoo
2026-03-26,USO,117.26,117.26,yahoo
2026-03-27,USO,124.20,124.20,yahoo
2026-03-30,USO,129.83,129.83,yahoo
2026-03-31,USO,127.25,127.25,yahoo
2026-04-01,USO,124.09,124.09,yahoo
2026-04-02,USO,137.92,137.92,yahoo
2026-04-06,USO,138.94,138.94,yahoo
2026-04-07,USO,138.08,138.08,yahoo
2026-04-08,USO,124.58,124.58,yahoo
2026-04-09,USO,126.96,126.96,yahoo
2026-04-10,USO,124.82,124.82,yahoo
2026-04-13,USO,128.47,128.47,yahoo
2026-04-14,USO,123.85,123.85,yahoo
2026-04-15,USO,122.59,122.59,yahoo
2026-04-16,USO,125.84,125.84,yahoo
2026-04-17,USO,116.04,116.04,yahoo
2026-04-20,USO,121.32,121.32,yahoo
2026-04-21,USO,128.25,128.25,yahoo
2026-04-22,USO,129.40,129.40,yahoo
2026-04-23,USO,134.72,134.72,yahoo
2026-04-24,USO,132.40,132.40,yahoo
2026-04-27,USO,134.72,134.72,yahoo
2026-04-28,USO,139.60,139.60,yahoo
2026-04-29,USO,150.63,150.63,yahoo
2026-04-30,USO,147.09,147.09,yahoo
2026-05-01,USO,142.80,142.80,yahoo
2026-05-04,USO,147.61,147.61,yahoo
2026-05-05,USO,144.17,144.17,yahoo
2026-05-06,USO,133.95,133.95,yahoo
2026-05-07,USO,134.97,134.97,yahoo
2026-05-08,USO,133.59,133.59,yahoo
2026-05-11,USO,138.66,138.66,yahoo
2026-05-12,USO,144.30,144.30,yahoo
2026-05-13,USO,142.04,142.04,yahoo
2026-05-14,USO,143,143,yahoo
2026-05-15,USO,148.23,148.23,yahoo
2026-05-18,USO,149.29,149.29,yahoo
2026-05-19,USO,152.96,152.96,yahoo
2026-05-20,USO,144.27,144.27,yahoo
2026-05-21,USO,142.54,142.54,yahoo
2026-05-22,USO,140.92,140.92,yahoo
2026-05-26,USO,137,137,yahoo
2026-05-27,USO,131.03,131.03,yahoo
2026-05-28,USO,130.78,130.78,yahoo
2026-05-29,USO,129.09,129.09,yahoo
2026-06-01,USO,135.50,135.50,yahoo
2026-06-02,USO,137.27,137.27,yahoo
2026-06-03,USO,140.86,140.86,yahoo
2026-06-04,USO,136.74,136.74,yahoo
2026-06-05,USO,133.02,133.02,yahoo
2026-06-08,USO,135.15,135.15,yahoo
2026-06-09,USO,131.30,131.30,yahoo
2026-06-10,USO,134.30,134.30,yahoo
2026-06-11,USO,128.83,128.83,yahoo
2026-06-12,USO,125.43,125.43,yahoo
2026-06-15,USO,121.21,121.21,yahoo
2026-06-16,USO,115.47,115.47,yahoo
2026-06-17,USO,114.23,114.23,yahoo
2026-06-18,USO,114.87,114.87,yahoo
2026-06-22,USO,112.69,112.69,yahoo
2026-06-23,USO,111.26,111.26,yahoo
2026-06-24,USO,106.29,106.29,yahoo
2026-06-25,USO,109.31,109.31,yahoo
2026-06-26,USO,105.48,105.48,yahoo
2026-06-29,USO,107.08,107.08,yahoo
2026-06-30,USO,106.44,106.44,yahoo
2026-07-01,USO,103.27,103.27,yahoo
2026-07-02,USO,103.98,103.98,yahoo
2026-07-06,USO,104.35,104.35,yahoo
2026-07-07,USO,108.92,108.92,yahoo
2026-07-08,USO,112.21,112.21,yahoo
2026-07-09,USO,109.01,109.01,yahoo
2026-07-10,USO,108.70,108.70,yahoo
2026-07-13,USO,117.79,117.79,yahoo
2026-07-14,USO,120.17,120.17,yahoo
2026-07-15,USO,121.38,121.38,yahoo
2026-07-16,USO,119.30,119.30,yahoo
2026-07-17,USO,123.96,123.96,yahoo
2026-07-20,USO,125.51,125.51,yahoo
2026-07-21,USO,128.85,128.85,yahoo
2026-07-22,USO,131.68,131.68,yahoo
2026-07-23,USO,139.49,139.49,yahoo
2026-07-24,USO,136.69,136.69,yahoo
2026-07-27,USO,124.76,124.76,yahoo
2026-07-28,USO,120.49,120.49,yahoo
2026-07-29,USO,129.31,129.31,yahoo
2026-07-30,USO,127.48,127.48,yahoo
2026-07-31,USO,129.17,129.17,yahoo
2026-08-03,USO,122.12,122.12,yahoo
2026-08-04,USO,115.78,115.78,yahoo
2026-08-05,USO,114.88,114.88,yahoo
2026-08-06,USO,118.87,118.87,yahoo
2026-08-07,USO,117.98,117.98,yahoo
2026-08-10,USO,125.92,125.92,yahoo
2026-08-11,USO,127.61,127.61,yahoo
2026-08-12,USO,127.30,127.30,yahoo
2026-08-13,USO,125.03,125.03,yahoo
2026-08-14,USO,126.60,126.60,yahoo
2026-08-17,USO,130.29,130.29,yahoo
2026-08-18,USO,130.66,130.66,yahoo
2026-08-19,USO,130.91,130.91,yahoo
2026-08-20,USO,134.54,134.54,yahoo
2026-08-21,USO,134.64,134.64,yahoo
2026-08-24,USO,132.21,132.21,yahoo
2026-08-25,USO,126.15,126.15,yahoo
2026-08-26,USO,127.35,127.35,yahoo
2026-08-27,USO,130.01,130.01,yahoo
2026-08-28,USO,129.70,129.70,yahoo
2026-08-31,USO,133.70,133.70,yahoo
2026-09-01,USO,141,141,yahoo
2026-09-02,USO,141.15,141.15,yahoo
2026-09-03,USO,142.09,142.09,yahoo
2026-09-04,USO,141.96,141.96,yahoo
2026-09-08,USO,146.03,146.03,yahoo
2026-09-09,USO,149.97,149.97,yahoo
2026-09-10,USO,158.38,158.38,yahoo
2026-09-11,USO,154.90,154.90,yahoo
2026-09-14,USO,156.66,156.66,yahoo
2026-09-15,USO,161.86,161.86,yahoo
2026-09-16,USO,156.17,156.17,yahoo
2026-09-17,USO,155.31,155.31,yahoo
2026-09-18,USO,153.82,153.82,yahoo
2026-09-21,USO,148.16,148.16,yahoo
2026-09-22,USO,144.08,144.08,yahoo
2007-03-01,UUP,24.97,20.55,yahoo
2007-03-02,UUP,24.96,20.54,yahoo
2007-03-05,UUP,25.12,20.67,yahoo
2007-03-06,UUP,25.10,20.66,yahoo
2007-03-07,UUP,25,20.57,yahoo
2007-03-08,UUP,25.12,20.67,yahoo
2007-03-09,UUP,25.16,20.71,yahoo
2007-03-12,UUP,25.08,20.64,yahoo
2007-03-13,UUP,25.02,20.59,yahoo
2007-03-14,UUP,24.96,20.54,yahoo
2007-03-15,UUP,24.96,20.54,yahoo
2007-03-16,UUP,24.87,20.47,yahoo
2007-03-19,UUP,25,20.57,yahoo
2007-03-20,UUP,24.85,20.45,yahoo
2007-03-21,UUP,24.78,20.39,yahoo
2007-03-22,UUP,24.78,20.39,yahoo
2007-03-23,UUP,24.93,20.52,yahoo
2007-03-26,UUP,24.85,20.45,yahoo
2007-03-27,UUP,24.84,20.44,yahoo
2007-03-28,UUP,24.84,20.44,yahoo
2007-03-29,UUP,24.87,20.47,yahoo
2007-03-30,UUP,24.79,20.40,yahoo
2007-04-02,UUP,24.85,20.45,yahoo
2007-04-03,UUP,24.88,20.48,yahoo
2007-04-04,UUP,24.85,20.45,yahoo
2007-04-05,UUP,24.77,20.38,yahoo
2007-04-09,UUP,24.93,20.52,yahoo
2007-04-10,UUP,24.85,20.45,yahoo
2007-04-11,UUP,24.85,20.45,yahoo
2007-04-12,UUP,24.70,20.33,yahoo
2007-04-13,UUP,24.69,20.32,yahoo
2007-04-16,UUP,24.59,20.24,yahoo
2007-04-17,UUP,24.58,20.23,yahoo
2007-04-18,UUP,24.55,20.20,yahoo
2007-04-19,UUP,24.55,20.20,yahoo
2007-04-20,UUP,24.46,20.13,yahoo
2007-04-23,UUP,24.59,20.24,yahoo
2007-04-24,UUP,24.56,20.21,yahoo
2007-04-25,UUP,24.52,20.18,yahoo
2007-04-26,UUP,24.62,20.26,yahoo
2007-04-27,UUP,24.54,20.20,yahoo
2007-04-30,UUP,24.49,20.15,yahoo
2007-05-01,UUP,24.64,20.28,yahoo
2007-05-02,UUP,24.66,20.29,yahoo
2007-05-03,UUP,24.69,20.32,yahoo
2007-05-04,UUP,24.60,20.24,yahoo
2007-05-07,UUP,24.66,20.29,yahoo
2007-05-08,UUP,24.73,20.35,yahoo
2007-05-09,UUP,24.76,20.38,yahoo
2007-05-10,UUP,24.79,20.40,yahoo
2007-05-11,UUP,24.81,20.42,yahoo
2007-05-14,UUP,24.79,20.40,yahoo
2007-05-15,UUP,24.71,20.34,yahoo
2007-05-16,UUP,24.82,20.43,yahoo
2007-05-17,UUP,24.88,20.48,yahoo
2007-05-18,UUP,24.83,20.43,yahoo
2007-05-21,UUP,24.90,20.49,yahoo
2007-05-22,UUP,24.91,20.50,yahoo
2007-05-23,UUP,24.89,20.48,yahoo
2007-05-24,UUP,24.93,20.52,yahoo
2007-05-25,UUP,24.91,20.50,yahoo
2007-05-29,UUP,24.92,20.51,yahoo
2007-05-30,UUP,24.96,20.54,yahoo
2007-05-31,UUP,24.92,20.51,yahoo
2007-06-01,UUP,24.93,20.52,yahoo
2007-06-04,UUP,24.83,20.43,yahoo
2007-06-05,UUP,24.76,20.38,yahoo
2007-06-06,UUP,24.80,20.41,yahoo
2007-06-07,UUP,24.96,20.54,yahoo
2007-06-08,UUP,25.04,20.61,yahoo
2007-06-11,UUP,25.10,20.66,yahoo
2007-06-12,UUP,25.15,20.70,yahoo
2007-06-13,UUP,25.20,20.74,yahoo
2007-06-14,UUP,25.23,20.76,yahoo
2007-06-15,UUP,25.09,20.65,yahoo
2007-06-18,UUP,25.06,20.62,yahoo
2007-06-19,UUP,25.07,20.63,yahoo
2007-06-20,UUP,24.12,19.85,yahoo
2007-06-21,UUP,25.10,20.66,yahoo
2007-06-22,UUP,24.95,20.53,yahoo
2007-06-25,UUP,25.03,20.60,yahoo
2007-06-26,UUP,24.99,20.57,yahoo
2007-06-27,UUP,25.03,20.60,yahoo
2007-06-28,UUP,25.03,20.60,yahoo
2007-06-29,UUP,24.88,20.48,yahoo
2007-07-02,UUP,24.75,20.37,yahoo
2007-07-03,UUP,24.71,20.34,yahoo
2007-07-05,UUP,24.83,20.43,yahoo
2007-07-06,UUP,24.78,20.39,yahoo
2007-07-09,UUP,24.79,20.40,yahoo
2007-07-10,UUP,24.62,20.26,yahoo
2007-07-11,UUP,24.59,20.24,yahoo
2007-07-12,UUP,24.55,20.20,yahoo
2007-07-13,UUP,24.57,20.22,yahoo
2007-07-16,UUP,24.56,20.21,yahoo
2007-07-17,UUP,24.56,20.21,yahoo
2007-07-18,UUP,24.54,20.20,yahoo
2007-07-19,UUP,24.53,20.19,yahoo
2007-07-20,UUP,24.49,20.15,yahoo
2007-07-23,UUP,24.54,20.20,yahoo
2007-07-24,UUP,24.35,20.04,yahoo
2007-07-25,UUP,24.56,20.21,yahoo
2007-07-26,UUP,24.45,20.12,yahoo
2007-07-27,UUP,24.65,20.29,yahoo
2007-07-30,UUP,24.69,20.32,yahoo
2007-07-31,UUP,24.65,20.29,yahoo
2007-08-01,UUP,24.66,20.29,yahoo
2007-08-02,UUP,24.70,20.33,yahoo
2007-08-03,UUP,24.47,20.14,yahoo
2007-08-06,UUP,24.52,20.18,yahoo
2007-08-07,UUP,24.59,20.24,yahoo
2007-08-08,UUP,24.52,20.18,yahoo
2007-08-09,UUP,24.71,20.34,yahoo
2007-08-10,UUP,24.73,20.35,yahoo
2007-08-13,UUP,24.80,20.41,yahoo
2007-08-14,UUP,24.96,20.54,yahoo
2007-08-15,UUP,25.07,20.63,yahoo
2007-08-16,UUP,25,20.57,yahoo
2007-08-17,UUP,24.93,20.52,yahoo
2007-08-20,UUP,24.99,20.57,yahoo
2007-08-21,UUP,25,20.57,yahoo
2007-08-22,UUP,24.93,20.52,yahoo
2007-08-23,UUP,24.89,20.48,yahoo
2007-08-24,UUP,24.78,20.39,yahoo
2007-08-27,UUP,24.76,20.38,yahoo
2007-08-28,UUP,24.76,20.38,yahoo
2007-08-29,UUP,24.74,20.36,yahoo
2007-08-30,UUP,24.85,20.45,yahoo
2007-08-31,UUP,24.79,20.40,yahoo
2007-09-04,UUP,24.83,20.43,yahoo
2007-09-05,UUP,24.74,20.36,yahoo
2007-09-06,UUP,24.67,20.30,yahoo
2007-09-07,UUP,24.53,20.19,yahoo
2007-09-10,UUP,24.50,20.16,yahoo
2007-09-11,UUP,24.53,20.19,yahoo
2007-09-12,UUP,24.41,20.09,yahoo
2007-09-13,UUP,24.48,20.15,yahoo
2007-09-14,UUP,24.54,20.20,yahoo
2007-09-17,UUP,24.52,20.18,yahoo
2007-09-18,UUP,24.44,20.11,yahoo
2007-09-19,UUP,24.43,20.10,yahoo
2007-09-20,UUP,24.25,19.96,yahoo
2007-09-21,UUP,24.26,19.96,yahoo
2007-09-24,UUP,24.25,19.96,yahoo
2007-09-25,UUP,24.19,19.91,yahoo
2007-09-26,UUP,24.27,19.97,yahoo
2007-09-27,UUP,24.23,19.94,yahoo
2007-09-28,UUP,24.05,19.79,yahoo
2007-10-01,UUP,24.08,19.82,yahoo
2007-10-02,UUP,24.23,19.94,yahoo
2007-10-03,UUP,24.30,20.00,yahoo
2007-10-04,UUP,24.27,19.97,yahoo
2007-10-05,UUP,24.23,19.94,yahoo
2007-10-08,UUP,24.38,20.06,yahoo
2007-10-09,UUP,24.29,19.99,yahoo
2007-10-10,UUP,24.22,19.93,yahoo
2007-10-11,UUP,24.24,19.95,yahoo
2007-10-12,UUP,24.20,19.92,yahoo
2007-10-15,UUP,24.17,19.89,yahoo
2007-10-16,UUP,24.20,19.92,yahoo
2007-10-17,UUP,24.19,19.91,yahoo
2007-10-18,UUP,24.04,19.78,yahoo
2007-10-19,UUP,23.99,19.74,yahoo
2007-10-22,UUP,24.19,19.91,yahoo
2007-10-23,UUP,24.04,19.78,yahoo
2007-10-24,UUP,24,19.75,yahoo
2007-10-25,UUP,23.95,19.71,yahoo
2007-10-26,UUP,23.85,19.63,yahoo
2007-10-29,UUP,23.81,19.59,yahoo
2007-10-30,UUP,23.86,19.64,yahoo
2007-10-31,UUP,23.75,19.55,yahoo
2007-11-01,UUP,23.83,19.61,yahoo
2007-11-02,UUP,23.60,19.42,yahoo
2007-11-05,UUP,23.72,19.52,yahoo
2007-11-06,UUP,23.64,19.45,yahoo
2007-11-07,UUP,23.52,19.36,yahoo
2007-11-08,UUP,23.50,19.34,yahoo
2007-11-09,UUP,23.50,19.34,yahoo
2007-11-12,UUP,23.72,19.52,yahoo
2007-11-13,UUP,23.63,19.45,yahoo
2007-11-14,UUP,23.64,19.45,yahoo
2007-11-15,UUP,23.70,19.50,yahoo
2007-11-16,UUP,23.67,19.48,yahoo
2007-11-19,UUP,23.60,19.42,yahoo
2007-11-20,UUP,23.38,19.24,yahoo
2007-11-21,UUP,23.26,19.14,yahoo
2007-11-23,UUP,23.43,19.28,yahoo
2007-11-26,UUP,23.31,19.18,yahoo
2007-11-27,UUP,23.44,19.29,yahoo
2007-11-28,UUP,23.51,19.35,yahoo
2007-11-29,UUP,23.64,19.45,yahoo
2007-11-30,UUP,23.82,19.60,yahoo
2007-12-03,UUP,23.77,19.56,yahoo
2007-12-04,UUP,23.60,19.42,yahoo
2007-12-05,UUP,23.89,19.66,yahoo
2007-12-06,UUP,23.88,19.65,yahoo
2007-12-07,UUP,23.92,19.69,yahoo
2007-12-10,UUP,23.75,19.55,yahoo
2007-12-11,UUP,23.70,19.50,yahoo
2007-12-12,UUP,23.79,19.58,yahoo
2007-12-13,UUP,23.87,19.64,yahoo
2007-12-14,UUP,24.17,19.89,yahoo
2007-12-17,UUP,24.17,20.06,yahoo
2007-12-18,UUP,23.94,19.87,yahoo
2007-12-19,UUP,24.01,19.92,yahoo
2007-12-20,UUP,24.05,19.96,yahoo
2007-12-21,UUP,24.11,20.01,yahoo
2007-12-24,UUP,23.95,19.87,yahoo
2007-12-26,UUP,23.86,19.80,yahoo
2007-12-27,UUP,23.71,19.68,yahoo
2007-12-28,UUP,23.55,19.54,yahoo
2007-12-31,UUP,23.70,19.67,yahoo
2008-01-02,UUP,23.49,19.49,yahoo
2008-01-03,UUP,23.54,19.53,yahoo
2008-01-04,UUP,23.29,19.33,yahoo
2008-01-07,UUP,23.52,19.52,yahoo
2008-01-08,UUP,23.49,19.49,yahoo
2008-01-09,UUP,23.67,19.64,yahoo
2008-01-10,UUP,23.44,19.45,yahoo
2008-01-11,UUP,23.55,19.54,yahoo
2008-01-14,UUP,23.43,19.44,yahoo
2008-01-15,UUP,23.41,19.43,yahoo
2008-01-16,UUP,23.70,19.67,yahoo
2008-01-17,UUP,23.66,19.63,yahoo
2008-01-18,UUP,23.73,19.69,yahoo
2008-01-22,UUP,23.77,19.72,yahoo
2008-01-23,UUP,23.70,19.67,yahoo
2008-01-24,UUP,23.50,19.50,yahoo
2008-01-25,UUP,23.56,19.55,yahoo
2008-01-28,UUP,23.41,19.43,yahoo
2008-01-29,UUP,23.40,19.42,yahoo
2008-01-30,UUP,23.26,19.30,yahoo
2008-01-31,UUP,23.44,19.45,yahoo
2008-02-01,UUP,23.53,19.53,yahoo
2008-02-04,UUP,23.49,19.49,yahoo
2008-02-05,UUP,23.74,19.70,yahoo
2008-02-06,UUP,23.74,19.70,yahoo
2008-02-07,UUP,23.97,19.89,yahoo
2008-02-08,UUP,23.90,19.83,yahoo
2008-02-11,UUP,23.85,19.79,yahoo
2008-02-12,UUP,23.77,19.72,yahoo
2008-02-13,UUP,23.81,19.76,yahoo
2008-02-14,UUP,23.73,19.69,yahoo
2008-02-15,UUP,23.73,19.69,yahoo
2008-02-19,UUP,23.69,19.66,yahoo
2008-02-20,UUP,23.70,19.67,yahoo
2008-02-21,UUP,23.53,19.53,yahoo
2008-02-22,UUP,23.26,19.30,yahoo
2008-02-25,UUP,23.38,19.40,yahoo
2008-02-26,UUP,23.22,19.27,yahoo
2008-02-27,UUP,23.07,19.14,yahoo
2008-02-28,UUP,22.94,19.04,yahoo
2008-02-29,UUP,22.95,19.04,yahoo
2008-03-03,UUP,22.90,19.00,yahoo
2008-03-04,UUP,22.96,19.05,yahoo
2008-03-05,UUP,22.85,18.96,yahoo
2008-03-06,UUP,22.73,18.86,yahoo
2008-03-07,UUP,22.80,18.92,yahoo
2008-03-10,UUP,22.73,18.86,yahoo
2008-03-11,UUP,22.88,18.99,yahoo
2008-03-12,UUP,22.48,18.65,yahoo
2008-03-13,UUP,22.42,18.60,yahoo
2008-03-14,UUP,22.46,18.64,yahoo
2008-03-17,UUP,22.27,18.48,yahoo
2008-03-18,UUP,22.53,18.70,yahoo
2008-03-19,UUP,22.55,18.71,yahoo
2008-03-20,UUP,22.79,18.91,yahoo
2008-03-24,UUP,23.13,19.19,yahoo
2008-03-25,UUP,22.62,18.77,yahoo
2008-03-26,UUP,22.30,18.50,yahoo
2008-03-27,UUP,22.34,18.54,yahoo
2008-03-28,UUP,22.36,18.55,yahoo
2008-03-31,UUP,22.40,18.59,yahoo
2008-04-01,UUP,22.75,18.88,yahoo
2008-04-02,UUP,22.53,18.70,yahoo
2008-04-03,UUP,22.61,18.76,yahoo
2008-04-04,UUP,22.39,18.58,yahoo
2008-04-07,UUP,22.55,18.71,yahoo
2008-04-08,UUP,22.55,18.71,yahoo
2008-04-09,UUP,22.40,18.59,yahoo
2008-04-10,UUP,22.50,18.67,yahoo
2008-04-11,UUP,22.42,18.60,yahoo
2008-04-14,UUP,22.42,18.60,yahoo
2008-04-15,UUP,22.45,18.63,yahoo
2008-04-16,UUP,22.23,18.45,yahoo
2008-04-17,UUP,22.35,18.55,yahoo
2008-04-18,UUP,22.50,18.67,yahoo
2008-04-21,UUP,22.33,18.53,yahoo
2008-04-22,UUP,22.25,18.46,yahoo
2008-04-23,UUP,22.40,18.59,yahoo
2008-04-24,UUP,22.65,18.80,yahoo
2008-04-25,UUP,22.71,18.85,yahoo
2008-04-28,UUP,22.68,18.82,yahoo
2008-04-29,UUP,22.77,18.90,yahoo
2008-04-30,UUP,22.61,18.76,yahoo
2008-05-01,UUP,22.80,18.92,yahoo
2008-05-02,UUP,22.92,19.02,yahoo
2008-05-05,UUP,22.81,18.93,yahoo
2008-05-06,UUP,22.73,18.86,yahoo
2008-05-07,UUP,22.88,18.99,yahoo
2008-05-08,UUP,22.88,18.99,yahoo
2008-05-09,UUP,22.73,18.86,yahoo
2008-05-12,UUP,22.70,18.84,yahoo
2008-05-13,UUP,22.80,18.92,yahoo
2008-05-14,UUP,22.83,18.94,yahoo
2008-05-15,UUP,22.81,18.93,yahoo
2008-05-16,UUP,22.59,18.75,yahoo
2008-05-19,UUP,22.71,18.85,yahoo
2008-05-20,UUP,22.48,18.65,yahoo
2008-05-21,UUP,22.32,18.52,yahoo
2008-05-22,UUP,22.46,18.64,yahoo
2008-05-23,UUP,22.33,18.53,yahoo
2008-05-27,UUP,22.46,18.64,yahoo
2008-05-28,UUP,22.56,18.72,yahoo
2008-05-29,UUP,22.74,18.87,yahoo
2008-05-30,UUP,22.71,18.85,yahoo
2008-06-02,UUP,22.68,18.82,yahoo
2008-06-03,UUP,22.80,18.92,yahoo
2008-06-04,UUP,22.86,18.97,yahoo
2008-06-05,UUP,22.75,18.88,yahoo
2008-06-06,UUP,22.49,18.66,yahoo
2008-06-09,UUP,22.68,18.82,yahoo
2008-06-10,UUP,22.92,19.02,yahoo
2008-06-11,UUP,22.77,18.90,yahoo
2008-06-12,UUP,22.96,19.05,yahoo
2008-06-13,UUP,22.99,19.08,yahoo
2008-06-16,UUP,22.89,18.99,yahoo
2008-06-17,UUP,22.84,18.95,yahoo
2008-06-18,UUP,22.82,18.94,yahoo
2008-06-19,UUP,22.84,18.95,yahoo
2008-06-20,UUP,22.69,18.83,yahoo
2008-06-23,UUP,22.82,18.94,yahoo
2008-06-24,UUP,22.76,18.89,yahoo
2008-06-25,UUP,22.65,18.80,yahoo
2008-06-26,UUP,22.51,18.68,yahoo
2008-06-27,UUP,22.44,18.62,yahoo
2008-06-30,UUP,22.49,18.66,yahoo
2008-07-01,UUP,22.47,18.65,yahoo
2008-07-02,UUP,22.36,18.55,yahoo
2008-07-03,UUP,22.58,18.74,yahoo
2008-07-07,UUP,22.56,18.72,yahoo
2008-07-08,UUP,22.66,18.80,yahoo
2008-07-09,UUP,22.50,18.67,yahoo
2008-07-10,UUP,22.48,18.65,yahoo
2008-07-11,UUP,22.33,18.53,yahoo
2008-07-14,UUP,22.29,18.50,yahoo
2008-07-15,UUP,22.27,18.48,yahoo
2008-07-16,UUP,22.38,18.57,yahoo
2008-07-17,UUP,22.42,18.60,yahoo
2008-07-18,UUP,22.42,18.60,yahoo
2008-07-21,UUP,22.34,18.54,yahoo
2008-07-22,UUP,22.50,18.67,yahoo
2008-07-23,UUP,22.59,18.75,yahoo
2008-07-24,UUP,22.57,18.73,yahoo
2008-07-25,UUP,22.60,18.75,yahoo
2008-07-28,UUP,22.55,18.71,yahoo
2008-07-29,UUP,22.74,18.87,yahoo
2008-07-30,UUP,22.72,18.85,yahoo
2008-07-31,UUP,22.72,18.85,yahoo
2008-08-01,UUP,22.79,18.91,yahoo
2008-08-04,UUP,22.80,18.92,yahoo
2008-08-05,UUP,22.97,19.06,yahoo
2008-08-06,UUP,23.04,19.12,yahoo
2008-08-07,UUP,23.16,19.22,yahoo
2008-08-08,UUP,23.53,19.53,yahoo
2008-08-11,UUP,23.66,19.63,yahoo
2008-08-12,UUP,23.61,19.59,yahoo
2008-08-13,UUP,23.61,19.59,yahoo
2008-08-14,UUP,23.75,19.71,yahoo
2008-08-15,UUP,23.93,19.86,yahoo
2008-08-18,UUP,23.86,19.80,yahoo
2008-08-19,UUP,23.75,19.71,yahoo
2008-08-20,UUP,23.82,19.77,yahoo
2008-08-21,UUP,23.55,19.54,yahoo
2008-08-22,UUP,23.79,19.74,yahoo
2008-08-25,UUP,23.78,19.73,yahoo
2008-08-26,UUP,23.92,19.85,yahoo
2008-08-27,UUP,23.85,19.79,yahoo
2008-08-28,UUP,23.93,19.86,yahoo
2008-08-29,UUP,23.94,19.87,yahoo
2008-09-02,UUP,24.17,20.06,yahoo
2008-09-03,UUP,24.15,20.04,yahoo
2008-09-04,UUP,24.34,20.20,yahoo
2008-09-05,UUP,24.43,20.27,yahoo
2008-09-08,UUP,24.56,20.38,yahoo
2008-09-09,UUP,24.57,20.39,yahoo
2008-09-10,UUP,24.73,20.52,yahoo
2008-09-11,UUP,24.80,20.58,yahoo
2008-09-12,UUP,24.33,20.19,yahoo
2008-09-15,UUP,24.11,20.01,yahoo
2008-09-16,UUP,24.46,20.30,yahoo
2008-09-17,UUP,23.93,19.86,yahoo
2008-09-18,UUP,24.03,19.94,yahoo
2008-09-19,UUP,23.84,19.78,yahoo
2008-09-22,UUP,23.30,19.33,yahoo
2008-09-23,UUP,23.45,19.46,yahoo
2008-09-24,UUP,23.68,19.65,yahoo
2008-09-25,UUP,23.64,19.62,yahoo
2008-09-26,UUP,23.64,19.62,yahoo
2008-09-29,UUP,23.82,19.77,yahoo
2008-09-30,UUP,24.44,20.28,yahoo
2008-10-01,UUP,24.54,20.36,yahoo
2008-10-02,UUP,24.88,20.65,yahoo
2008-10-03,UUP,24.78,20.56,yahoo
2008-10-06,UUP,25.08,20.81,yahoo
2008-10-07,UUP,24.90,20.66,yahoo
2008-10-08,UUP,24.82,20.60,yahoo
2008-10-09,UUP,24.95,20.70,yahoo
2008-10-10,UUP,24.99,20.74,yahoo
2008-10-13,UUP,24.97,20.72,yahoo
2008-10-14,UUP,24.96,20.71,yahoo
2008-10-15,UUP,25.25,20.95,yahoo
2008-10-16,UUP,25.38,21.06,yahoo
2008-10-17,UUP,25.42,21.09,yahoo
2008-10-20,UUP,25.62,21.26,yahoo
2008-10-21,UUP,26.04,21.61,yahoo
2008-10-22,UUP,26.35,21.87,yahoo
2008-10-23,UUP,26.20,21.74,yahoo
2008-10-24,UUP,26.88,22.31,yahoo
2008-10-27,UUP,26.88,22.31,yahoo
2008-10-28,UUP,26.57,22.05,yahoo
2008-10-29,UUP,26.14,21.69,yahoo
2008-10-30,UUP,26.11,21.67,yahoo
2008-10-31,UUP,26.50,21.99,yahoo
2008-11-03,UUP,26.63,22.10,yahoo
2008-11-04,UUP,26.07,21.63,yahoo
2008-11-05,UUP,26.16,21.71,yahoo
2008-11-06,UUP,26.53,22.02,yahoo
2008-11-07,UUP,26.47,21.97,yahoo
2008-11-10,UUP,26.49,21.98,yahoo
2008-11-11,UUP,26.90,22.32,yahoo
2008-11-12,UUP,26.96,22.37,yahoo
2008-11-13,UUP,26.53,22.02,yahoo
2008-11-14,UUP,26.75,22.20,yahoo
2008-11-17,UUP,26.73,22.18,yahoo
2008-11-18,UUP,26.81,22.25,yahoo
2008-11-19,UUP,26.90,22.32,yahoo
2008-11-20,UUP,27.08,22.47,yahoo
2008-11-21,UUP,26.95,22.36,yahoo
2008-11-24,UUP,26.29,21.82,yahoo
2008-11-25,UUP,25.98,21.56,yahoo
2008-11-26,UUP,26.27,21.80,yahoo
2008-11-28,UUP,26.55,22.03,yahoo
2008-12-01,UUP,26.70,22.16,yahoo
2008-12-02,UUP,26.55,22.03,yahoo
2008-12-03,UUP,26.59,22.07,yahoo
2008-12-04,UUP,26.52,22.01,yahoo
2008-12-05,UUP,26.63,22.10,yahoo
2008-12-08,UUP,26.18,21.72,yahoo
2008-12-09,UUP,26.25,21.78,yahoo
2008-12-10,UUP,26.10,21.66,yahoo
2008-12-11,UUP,25.52,21.18,yahoo
2008-12-12,UUP,25.46,21.13,yahoo
2008-12-15,UUP,24.85,20.76,yahoo
2008-12-16,UUP,24.25,20.26,yahoo
2008-12-17,UUP,23.96,20.02,yahoo
2008-12-18,UUP,24.37,20.36,yahoo
2008-12-19,UUP,24.74,20.67,yahoo
2008-12-22,UUP,24.73,20.66,yahoo
2008-12-23,UUP,24.71,20.64,yahoo
2008-12-24,UUP,24.70,20.63,yahoo
2008-12-26,UUP,24.57,20.53,yahoo
2008-12-29,UUP,24.69,20.63,yahoo
2008-12-30,UUP,24.58,20.53,yahoo
2008-12-31,UUP,24.69,20.63,yahoo
2009-01-02,UUP,24.92,20.82,yahoo
2009-01-05,UUP,25.19,21.04,yahoo
2009-01-06,UUP,25.15,21.01,yahoo
2009-01-07,UUP,24.99,20.88,yahoo
2009-01-08,UUP,24.74,20.67,yahoo
2009-01-09,UUP,25.12,20.99,yahoo
2009-01-12,UUP,25.24,21.09,yahoo
2009-01-13,UUP,25.53,21.33,yahoo
2009-01-14,UUP,25.63,21.41,yahoo
2009-01-15,UUP,25.62,21.40,yahoo
2009-01-16,UUP,25.40,21.22,yahoo
2009-01-20,UUP,26.13,21.83,yahoo
2009-01-21,UUP,25.90,21.64,yahoo
2009-01-22,UUP,25.88,21.62,yahoo
2009-01-23,UUP,25.87,21.61,yahoo
2009-01-26,UUP,25.53,21.33,yahoo
2009-01-27,UUP,25.50,21.30,yahoo
2009-01-28,UUP,25.59,21.38,yahoo
2009-01-29,UUP,25.79,21.55,yahoo
2009-01-30,UUP,25.95,21.68,yahoo
2009-02-02,UUP,25.93,21.66,yahoo
2009-02-03,UUP,25.61,21.39,yahoo
2009-02-04,UUP,25.85,21.60,yahoo
2009-02-05,UUP,25.93,21.66,yahoo
2009-02-06,UUP,25.71,21.48,yahoo
2009-02-09,UUP,25.54,21.34,yahoo
2009-02-10,UUP,25.84,21.59,yahoo
2009-02-11,UUP,25.88,21.62,yahoo
2009-02-12,UUP,25.98,21.70,yahoo
2009-02-13,UUP,25.90,21.64,yahoo
2009-02-17,UUP,26.41,22.06,yahoo
2009-02-18,UUP,26.53,22.16,yahoo
2009-02-19,UUP,26.38,22.04,yahoo
2009-02-20,UUP,26.01,21.73,yahoo
2009-02-23,UUP,26.25,21.93,yahoo
2009-02-24,UUP,26.11,21.81,yahoo
2009-02-25,UUP,26.43,22.08,yahoo
2009-02-26,UUP,26.41,22.06,yahoo
2009-02-27,UUP,26.48,22.12,yahoo
2009-03-02,UUP,26.75,22.35,yahoo
2009-03-03,UUP,26.74,22.34,yahoo
2009-03-04,UUP,26.59,22.21,yahoo
2009-03-05,UUP,26.73,22.33,yahoo
2009-03-06,UUP,26.60,22.22,yahoo
2009-03-09,UUP,26.75,22.35,yahoo
2009-03-10,UUP,26.60,22.22,yahoo
2009-03-11,UUP,26.31,21.98,yahoo
2009-03-12,UUP,26.18,21.87,yahoo
2009-03-13,UUP,26.21,21.90,yahoo
2009-03-16,UUP,26.13,21.83,yahoo
2009-03-17,UUP,26.09,21.80,yahoo
2009-03-18,UUP,25.25,21.09,yahoo
2009-03-19,UUP,24.95,20.84,yahoo
2009-03-20,UUP,25.16,21.02,yahoo
2009-03-23,UUP,25.03,20.91,yahoo
2009-03-24,UUP,25.31,21.14,yahoo
2009-03-25,UUP,25.11,20.98,yahoo
2009-03-26,UUP,25.27,21.11,yahoo
2009-03-27,UUP,25.57,21.36,yahoo
2009-03-30,UUP,25.73,21.49,yahoo
2009-03-31,UUP,25.64,21.42,yahoo
2009-04-01,UUP,25.66,21.44,yahoo
2009-04-02,UUP,25.32,21.15,yahoo
2009-04-03,UUP,25.24,21.09,yahoo
2009-04-06,UUP,25.36,21.19,yahoo
2009-04-07,UUP,25.55,21.34,yahoo
2009-04-08,UUP,25.56,21.35,yahoo
2009-04-09,UUP,25.66,21.44,yahoo
2009-04-13,UUP,25.32,21.15,yahoo
2009-04-14,UUP,25.38,21.20,yahoo
2009-04-15,UUP,25.42,21.24,yahoo
2009-04-16,UUP,25.51,21.31,yahoo
2009-04-17,UUP,25.77,21.53,yahoo
2009-04-20,UUP,25.97,21.70,yahoo
2009-04-21,UUP,25.91,21.65,yahoo
2009-04-22,UUP,25.84,21.59,yahoo
2009-04-23,UUP,25.55,21.34,yahoo
2009-04-24,UUP,25.35,21.18,yahoo
2009-04-27,UUP,25.65,21.43,yahoo
2009-04-28,UUP,25.49,21.29,yahoo
2009-04-29,UUP,25.31,21.14,yahoo
2009-04-30,UUP,25.34,21.17,yahoo
2009-05-01,UUP,25.28,21.12,yahoo
2009-05-04,UUP,25.05,20.93,yahoo
2009-05-05,UUP,25.13,20.99,yahoo
2009-05-06,UUP,25.08,20.95,yahoo
2009-05-07,UUP,25.08,20.95,yahoo
2009-05-08,UUP,24.63,20.58,yahoo
2009-05-11,UUP,24.76,20.68,yahoo
2009-05-12,UUP,24.63,20.58,yahoo
2009-05-13,UUP,24.72,20.65,yahoo
2009-05-14,UUP,24.64,20.58,yahoo
2009-05-15,UUP,24.81,20.73,yahoo
2009-05-18,UUP,24.68,20.62,yahoo
2009-05-19,UUP,24.55,20.51,yahoo
2009-05-20,UUP,24.25,20.26,yahoo
2009-05-21,UUP,24.09,20.12,yahoo
2009-05-22,UUP,23.92,19.98,yahoo
2009-05-26,UUP,23.97,20.02,yahoo
2009-05-27,UUP,24.05,20.09,yahoo
2009-05-28,UUP,24.07,20.11,yahoo
2009-05-29,UUP,23.73,19.82,yahoo
2009-06-01,UUP,23.67,19.77,yahoo
2009-06-02,UUP,23.45,19.59,yahoo
2009-06-03,UUP,23.80,19.88,yahoo
2009-06-04,UUP,23.75,19.84,yahoo
2009-06-05,UUP,24.16,20.18,yahoo
2009-06-08,UUP,24.17,20.19,yahoo
2009-06-09,UUP,23.86,19.93,yahoo
2009-06-10,UUP,24,20.05,yahoo
2009-06-11,UUP,23.76,19.85,yahoo
2009-06-12,UUP,23.99,20.04,yahoo
2009-06-15,UUP,24.43,20.41,yahoo
2009-06-16,UUP,24.11,20.14,yahoo
2009-06-17,UUP,23.97,20.02,yahoo
2009-06-18,UUP,24.08,20.12,yahoo
2009-06-19,UUP,23.97,20.02,yahoo
2009-06-22,UUP,24.13,20.16,yahoo
2009-06-23,UUP,23.85,19.92,yahoo
2009-06-24,UUP,23.99,20.04,yahoo
2009-06-25,UUP,23.97,20.02,yahoo
2009-06-26,UUP,23.83,19.91,yahoo
2009-06-29,UUP,23.81,19.89,yahoo
2009-06-30,UUP,23.90,19.97,yahoo
2009-07-01,UUP,23.78,19.87,yahoo
2009-07-02,UUP,23.91,19.97,yahoo
2009-07-06,UUP,23.95,20.01,yahoo
2009-07-07,UUP,24.05,20.09,yahoo
2009-07-08,UUP,24.02,20.07,yahoo
2009-07-09,UUP,23.82,19.90,yahoo
2009-07-10,UUP,23.88,19.95,yahoo
2009-07-13,UUP,23.84,19.92,yahoo
2009-07-14,UUP,23.86,19.93,yahoo
2009-07-15,UUP,23.63,19.74,yahoo
2009-07-16,UUP,23.61,19.72,yahoo
2009-07-17,UUP,23.66,19.77,yahoo
2009-07-20,UUP,23.50,19.63,yahoo
2009-07-21,UUP,23.51,19.64,yahoo
2009-07-22,UUP,23.47,19.61,yahoo
2009-07-23,UUP,23.47,19.61,yahoo
2009-07-24,UUP,23.44,19.58,yahoo
2009-07-27,UUP,23.42,19.57,yahoo
2009-07-28,UUP,23.49,19.62,yahoo
2009-07-29,UUP,23.66,19.77,yahoo
2009-07-30,UUP,23.63,19.74,yahoo
2009-07-31,UUP,23.32,19.48,yahoo
2009-08-03,UUP,23.13,19.32,yahoo
2009-08-04,UUP,23.13,19.32,yahoo
2009-08-05,UUP,23.10,19.30,yahoo
2009-08-06,UUP,23.21,19.39,yahoo
2009-08-07,UUP,23.48,19.62,yahoo
2009-08-10,UUP,23.56,19.68,yahoo
2009-08-11,UUP,23.58,19.70,yahoo
2009-08-12,UUP,23.47,19.61,yahoo
2009-08-13,UUP,23.36,19.52,yahoo
2009-08-14,UUP,23.45,19.59,yahoo
2009-08-17,UUP,23.59,19.71,yahoo
2009-08-18,UUP,23.53,19.66,yahoo
2009-08-19,UUP,23.38,19.53,yahoo
2009-08-20,UUP,23.31,19.47,yahoo
2009-08-21,UUP,23.23,19.41,yahoo
2009-08-24,UUP,23.28,19.45,yahoo
2009-08-25,UUP,23.28,19.45,yahoo
2009-08-26,UUP,23.37,19.52,yahoo
2009-08-27,UUP,23.24,19.41,yahoo
2009-08-28,UUP,23.28,19.45,yahoo
2009-08-31,UUP,23.26,19.43,yahoo
2009-09-01,UUP,23.41,19.56,yahoo
2009-09-02,UUP,23.32,19.48,yahoo
2009-09-03,UUP,23.34,19.50,yahoo
2009-09-04,UUP,23.25,19.42,yahoo
2009-09-08,UUP,22.99,19.21,yahoo
2009-09-09,UUP,22.91,19.14,yahoo
2009-09-10,UUP,22.86,19.10,yahoo
2009-09-11,UUP,22.81,19.06,yahoo
2009-09-14,UUP,22.79,19.04,yahoo
2009-09-15,UUP,22.71,18.97,yahoo
2009-09-16,UUP,22.64,18.91,yahoo
2009-09-17,UUP,22.68,18.95,yahoo
2009-09-18,UUP,22.76,19.01,yahoo
2009-09-21,UUP,22.84,19.08,yahoo
2009-09-22,UUP,22.60,18.88,yahoo
2009-09-23,UUP,22.70,18.96,yahoo
2009-09-24,UUP,22.87,19.11,yahoo
2009-09-25,UUP,22.81,19.06,yahoo
2009-09-28,UUP,22.88,19.11,yahoo
2009-09-29,UUP,22.92,19.15,yahoo
2009-09-30,UUP,22.79,19.04,yahoo
2009-10-01,UUP,22.95,19.17,yahoo
2009-10-02,UUP,22.90,19.13,yahoo
2009-10-05,UUP,22.77,19.02,yahoo
2009-10-06,UUP,22.67,18.94,yahoo
2009-10-07,UUP,22.69,18.96,yahoo
2009-10-08,UUP,22.54,18.83,yahoo
2009-10-09,UUP,22.72,18.98,yahoo
2009-10-12,UUP,22.62,18.90,yahoo
2009-10-13,UUP,22.57,18.86,yahoo
2009-10-14,UUP,22.40,18.71,yahoo
2009-10-15,UUP,22.41,18.72,yahoo
2009-10-16,UUP,22.47,18.77,yahoo
2009-10-19,UUP,22.36,18.68,yahoo
2009-10-20,UUP,22.46,18.76,yahoo
2009-10-21,UUP,22.32,18.65,yahoo
2009-10-22,UUP,22.31,18.64,yahoo
2009-10-23,UUP,22.43,18.74,yahoo
2009-10-26,UUP,22.58,18.86,yahoo
2009-10-27,UUP,22.64,18.91,yahoo
2009-10-28,UUP,22.73,18.99,yahoo
2009-10-29,UUP,22.57,18.86,yahoo
2009-10-30,UUP,22.70,18.96,yahoo
2009-11-02,UUP,22.62,18.90,yahoo
2009-11-03,UUP,22.68,18.95,yahoo
2009-11-04,UUP,22.51,18.80,yahoo
2009-11-05,UUP,22.94,19.16,yahoo
2009-11-06,UUP,22.83,19.07,yahoo
2009-11-09,UUP,22.54,18.83,yahoo
2009-11-10,UUP,22.44,18.75,yahoo
2009-11-11,UUP,22.48,18.78,yahoo
2009-11-12,UUP,22.80,19.05,yahoo
2009-11-13,UUP,22.32,18.65,yahoo
2009-11-16,UUP,22.22,18.56,yahoo
2009-11-17,UUP,22.36,18.68,yahoo
2009-11-18,UUP,22.28,18.61,yahoo
2009-11-19,UUP,22.35,18.67,yahoo
2009-11-20,UUP,22.44,18.75,yahoo
2009-11-23,UUP,22.27,18.60,yahoo
2009-11-24,UUP,22.29,18.62,yahoo
2009-11-25,UUP,22.03,18.40,yahoo
2009-11-27,UUP,22.26,18.60,yahoo
2009-11-30,UUP,22.17,18.52,yahoo
2009-12-01,UUP,22.07,18.44,yahoo
2009-12-02,UUP,22.14,18.50,yahoo
2009-12-03,UUP,22.15,18.50,yahoo
2009-12-04,UUP,22.48,18.78,yahoo
2009-12-07,UUP,22.48,18.78,yahoo
2009-12-08,UUP,22.59,18.87,yahoo
2009-12-09,UUP,22.50,18.80,yahoo
2009-12-10,UUP,22.50,18.80,yahoo
2009-12-11,UUP,22.68,18.95,yahoo
2009-12-14,UUP,22.63,18.91,yahoo
2009-12-15,UUP,22.79,19.04,yahoo
2009-12-16,UUP,22.77,19.02,yahoo
2009-12-17,UUP,23.01,19.22,yahoo
2009-12-18,UUP,23.01,19.22,yahoo
2009-12-21,UUP,23.08,19.28,yahoo
2009-12-22,UUP,23.16,19.35,yahoo
2009-12-23,UUP,23.03,19.24,yahoo
2009-12-24,UUP,23.03,19.24,yahoo
2009-12-28,UUP,22.97,19.19,yahoo
2009-12-29,UUP,23.04,19.25,yahoo
2009-12-30,UUP,23.04,19.25,yahoo
2009-12-31,UUP,23.08,19.28,yahoo
2010-01-04,UUP,22.92,19.15,yahoo
2010-01-05,UUP,22.91,19.14,yahoo
2010-01-06,UUP,22.85,19.09,yahoo
2010-01-07,UUP,23,19.21,yahoo
2010-01-08,UUP,22.84,19.08,yahoo
2010-01-11,UUP,22.72,18.98,yahoo
2010-01-12,UUP,22.72,18.98,yahoo
2010-01-13,UUP,22.70,18.96,yahoo
2010-01-14,UUP,22.64,18.91,yahoo
2010-01-15,UUP,22.77,19.02,yahoo
2010-01-19,UUP,22.84,19.08,yahoo
2010-01-20,UUP,23.12,19.31,yahoo
2010-01-21,UUP,23.12,19.31,yahoo
2010-01-22,UUP,23.08,19.28,yahoo
2010-01-25,UUP,23.05,19.26,yahoo
2010-01-26,UUP,23.15,19.34,yahoo
2010-01-27,UUP,23.23,19.41,yahoo
2010-01-28,UUP,23.27,19.44,yahoo
2010-01-29,UUP,23.45,19.59,yahoo
2010-02-01,UUP,23.35,19.51,yahoo
2010-02-02,UUP,23.27,19.44,yahoo
2010-02-03,UUP,23.40,19.55,yahoo
2010-02-04,UUP,23.55,19.67,yahoo
2010-02-05,UUP,23.65,19.76,yahoo
2010-02-08,UUP,23.64,19.75,yahoo
2010-02-09,UUP,23.49,19.62,yahoo
2010-02-10,UUP,23.56,19.68,yahoo
2010-02-11,UUP,23.55,19.67,yahoo
2010-02-12,UUP,23.63,19.74,yahoo
2010-02-16,UUP,23.43,19.57,yahoo
2010-02-17,UUP,23.65,19.76,yahoo
2010-02-18,UUP,23.65,19.76,yahoo
2010-02-19,UUP,23.72,19.82,yahoo
2010-02-22,UUP,23.68,19.78,yahoo
2010-02-23,UUP,23.81,19.89,yahoo
2010-02-24,UUP,23.76,19.85,yahoo
2010-02-25,UUP,23.71,19.81,yahoo
2010-02-26,UUP,23.64,19.75,yahoo
2010-03-01,UUP,23.72,19.82,yahoo
2010-03-02,UUP,23.65,19.76,yahoo
2010-03-03,UUP,23.51,19.64,yahoo
2010-03-04,UUP,23.64,19.75,yahoo
2010-03-05,UUP,23.63,19.74,yahoo
2010-03-08,UUP,23.62,19.73,yahoo
2010-03-09,UUP,23.66,19.77,yahoo
2010-03-10,UUP,23.62,19.73,yahoo
2010-03-11,UUP,23.57,19.69,yahoo
2010-03-12,UUP,23.42,19.57,yahoo
2010-03-15,UUP,23.55,19.67,yahoo
2010-03-16,UUP,23.38,19.53,yahoo
2010-03-17,UUP,23.39,19.54,yahoo
2010-03-18,UUP,23.55,19.67,yahoo
2010-03-19,UUP,23.71,19.81,yahoo
2010-03-22,UUP,23.65,19.76,yahoo
2010-03-23,UUP,23.73,19.82,yahoo
2010-03-24,UUP,24.05,20.09,yahoo
2010-03-25,UUP,24.13,20.16,yahoo
2010-03-26,UUP,23.96,20.02,yahoo
2010-03-29,UUP,23.84,19.92,yahoo
2010-03-30,UUP,23.93,19.99,yahoo
2010-03-31,UUP,23.80,19.88,yahoo
2010-04-01,UUP,23.66,19.77,yahoo
2010-04-05,UUP,23.78,19.87,yahoo
2010-04-06,UUP,23.85,19.92,yahoo
2010-04-07,UUP,23.90,19.97,yahoo
2010-04-08,UUP,23.88,19.95,yahoo
2010-04-09,UUP,23.70,19.80,yahoo
2010-04-12,UUP,23.60,19.72,yahoo
2010-04-13,UUP,23.60,19.72,yahoo
2010-04-14,UUP,23.48,19.62,yahoo
2010-04-15,UUP,23.57,19.69,yahoo
2010-04-16,UUP,23.65,19.76,yahoo
2010-04-19,UUP,23.69,19.79,yahoo
2010-04-20,UUP,23.73,19.82,yahoo
2010-04-21,UUP,23.78,19.87,yahoo
2010-04-22,UUP,23.89,19.96,yahoo
2010-04-23,UUP,23.84,19.92,yahoo
2010-04-26,UUP,23.83,19.91,yahoo
2010-04-27,UUP,24.12,20.15,yahoo
2010-04-28,UUP,24.11,20.14,yahoo
2010-04-29,UUP,24,20.05,yahoo
2010-04-30,UUP,23.96,20.02,yahoo
2010-05-03,UUP,24.11,20.14,yahoo
2010-05-04,UUP,24.38,20.37,yahoo
2010-05-05,UUP,24.61,20.56,yahoo
2010-05-06,UUP,24.81,20.73,yahoo
2010-05-07,UUP,24.70,20.63,yahoo
2010-05-10,UUP,24.64,20.58,yahoo
2010-05-11,UUP,24.75,20.68,yahoo
2010-05-12,UUP,24.82,20.73,yahoo
2010-05-13,UUP,24.96,20.85,yahoo
2010-05-14,UUP,25.19,21.04,yahoo
2010-05-17,UUP,25.19,21.04,yahoo
2010-05-18,UUP,25.46,21.27,yahoo
2010-05-19,UUP,25.22,21.07,yahoo
2010-05-20,UUP,25.09,20.96,yahoo
2010-05-21,UUP,24.98,20.87,yahoo
2010-05-24,UUP,25.23,21.08,yahoo
2010-05-25,UUP,25.30,21.14,yahoo
2010-05-26,UUP,25.47,21.28,yahoo
2010-05-27,UUP,25.20,21.05,yahoo
2010-05-28,UUP,25.34,21.17,yahoo
2010-06-01,UUP,25.35,21.18,yahoo
2010-06-02,UUP,25.34,21.17,yahoo
2010-06-03,UUP,25.47,21.28,yahoo
2010-06-04,UUP,25.77,21.53,yahoo
2010-06-07,UUP,25.83,21.58,yahoo
2010-06-08,UUP,25.75,21.51,yahoo
2010-06-09,UUP,25.65,21.43,yahoo
2010-06-10,UUP,25.38,21.20,yahoo
2010-06-11,UUP,25.46,21.27,yahoo
2010-06-14,UUP,25.23,21.08,yahoo
2010-06-15,UUP,25.02,20.90,yahoo
2010-06-16,UUP,25.10,20.97,yahoo
2010-06-17,UUP,24.95,20.84,yahoo
2010-06-18,UUP,24.94,20.83,yahoo
2010-06-21,UUP,25.03,20.91,yahoo
2010-06-22,UUP,25.07,20.94,yahoo
2010-06-23,UUP,24.97,20.86,yahoo
2010-06-24,UUP,24.97,20.86,yahoo
2010-06-25,UUP,24.83,20.74,yahoo
2010-06-28,UUP,24.96,20.85,yahoo
2010-06-29,UUP,25.08,20.95,yahoo
2010-06-30,UUP,25.06,20.94,yahoo
2010-07-01,UUP,24.60,20.55,yahoo
2010-07-02,UUP,24.57,20.53,yahoo
2010-07-06,UUP,24.49,20.46,yahoo
2010-07-07,UUP,24.41,20.39,yahoo
2010-07-08,UUP,24.38,20.37,yahoo
2010-07-09,UUP,24.44,20.42,yahoo
2010-07-12,UUP,24.51,20.48,yahoo
2010-07-13,UUP,24.30,20.30,yahoo
2010-07-14,UUP,24.25,20.26,yahoo
2010-07-15,UUP,23.97,20.02,yahoo
2010-07-16,UUP,24.01,20.06,yahoo
2010-07-19,UUP,24.03,20.07,yahoo
2010-07-20,UUP,24.07,20.11,yahoo
2010-07-21,UUP,24.23,20.24,yahoo
2010-07-22,UUP,24.03,20.07,yahoo
2010-07-23,UUP,23.99,20.04,yahoo
2010-07-26,UUP,23.86,19.93,yahoo
2010-07-27,UUP,23.90,19.97,yahoo
2010-07-28,UUP,23.89,19.96,yahoo
2010-07-29,UUP,23.73,19.82,yahoo
2010-07-30,UUP,23.74,19.83,yahoo
2010-08-02,UUP,23.52,19.65,yahoo
2010-08-03,UUP,23.42,19.57,yahoo
2010-08-04,UUP,23.55,19.67,yahoo
2010-08-05,UUP,23.47,19.61,yahoo
2010-08-06,UUP,23.35,19.51,yahoo
2010-08-09,UUP,23.47,19.61,yahoo
2010-08-10,UUP,23.52,19.65,yahoo
2010-08-11,UUP,23.93,19.99,yahoo
2010-08-12,UUP,24.01,20.06,yahoo
2010-08-13,UUP,24.11,20.14,yahoo
2010-08-16,UUP,23.96,20.02,yahoo
2010-08-17,UUP,23.88,19.95,yahoo
2010-08-18,UUP,23.91,19.97,yahoo
2010-08-19,UUP,23.96,20.02,yahoo
2010-08-20,UUP,24.13,20.16,yahoo
2010-08-23,UUP,24.18,20.20,yahoo
2010-08-24,UUP,24.14,20.17,yahoo
2010-08-25,UUP,24.18,20.20,yahoo
2010-08-26,UUP,24.03,20.07,yahoo
2010-08-27,UUP,24.07,20.11,yahoo
2010-08-30,UUP,24.14,20.17,yahoo
2010-08-31,UUP,24.12,20.15,yahoo
2010-09-01,UUP,23.93,19.99,yahoo
2010-09-02,UUP,23.91,19.97,yahoo
2010-09-03,UUP,23.79,19.87,yahoo
2010-09-07,UUP,24.04,20.08,yahoo
2010-09-08,UUP,23.96,20.02,yahoo
2010-09-09,UUP,23.96,20.02,yahoo
2010-09-10,UUP,23.98,20.03,yahoo
2010-09-13,UUP,23.72,19.82,yahoo
2010-09-14,UUP,23.52,19.65,yahoo
2010-09-15,UUP,23.62,19.73,yahoo
2010-09-16,UUP,23.54,19.67,yahoo
2010-09-17,UUP,23.60,19.72,yahoo
2010-09-20,UUP,23.57,19.69,yahoo
2010-09-21,UUP,23.31,19.47,yahoo
2010-09-22,UUP,23.14,19.33,yahoo
2010-09-23,UUP,23.21,19.39,yahoo
2010-09-24,UUP,22.97,19.19,yahoo
2010-09-27,UUP,23,19.21,yahoo
2010-09-28,UUP,22.88,19.11,yahoo
2010-09-29,UUP,22.84,19.08,yahoo
2010-09-30,UUP,22.84,19.08,yahoo
2010-10-01,UUP,22.65,18.92,yahoo
2010-10-04,UUP,22.75,19.01,yahoo
2010-10-05,UUP,22.56,18.85,yahoo
2010-10-06,UUP,22.45,18.75,yahoo
2010-10-07,UUP,22.48,18.78,yahoo
2010-10-08,UUP,22.40,18.71,yahoo
2010-10-11,UUP,22.49,18.79,yahoo
2010-10-12,UUP,22.42,18.73,yahoo
2010-10-13,UUP,22.36,18.68,yahoo
2010-10-14,UUP,22.21,18.55,yahoo
2010-10-15,UUP,22.34,18.66,yahoo
2010-10-18,UUP,22.32,18.65,yahoo
2010-10-19,UUP,22.70,18.96,yahoo
2010-10-20,UUP,22.39,18.70,yahoo
2010-10-21,UUP,22.47,18.77,yahoo
2010-10-22,UUP,22.47,18.77,yahoo
2010-10-25,UUP,22.37,18.69,yahoo
2010-10-26,UUP,22.52,18.81,yahoo
2010-10-27,UUP,22.65,18.92,yahoo
2010-10-28,UUP,22.41,18.72,yahoo
2010-10-29,UUP,22.37,18.69,yahoo
2010-11-01,UUP,22.41,18.72,yahoo
2010-11-02,UUP,22.25,18.59,yahoo
2010-11-03,UUP,22.14,18.50,yahoo
2010-11-04,UUP,21.97,18.35,yahoo
2010-11-05,UUP,22.18,18.53,yahoo
2010-11-08,UUP,22.31,18.64,yahoo
2010-11-09,UUP,22.50,18.80,yahoo
2010-11-10,UUP,22.48,18.78,yahoo
2010-11-11,UUP,22.64,18.91,yahoo
2010-11-12,UUP,22.61,18.89,yahoo
2010-11-15,UUP,22.79,19.04,yahoo
2010-11-16,UUP,22.92,19.15,yahoo
2010-11-17,UUP,22.90,19.13,yahoo
2010-11-18,UUP,22.74,19.00,yahoo
2010-11-19,UUP,22.67,18.94,yahoo
2010-11-22,UUP,22.74,19.00,yahoo
2010-11-23,UUP,23.04,19.25,yahoo
2010-11-24,UUP,23.07,19.27,yahoo
2010-11-26,UUP,23.21,19.39,yahoo
2010-11-29,UUP,23.35,19.51,yahoo
2010-11-30,UUP,23.50,19.63,yahoo
2010-12-01,UUP,23.30,19.46,yahoo
2010-12-02,UUP,23.16,19.35,yahoo
2010-12-03,UUP,22.88,19.11,yahoo
2010-12-06,UUP,22.99,19.21,yahoo
2010-12-07,UUP,23.09,19.29,yahoo
2010-12-08,UUP,23.10,19.30,yahoo
2010-12-09,UUP,23.12,19.31,yahoo
2010-12-10,UUP,23.12,19.31,yahoo
2010-12-13,UUP,22.87,19.11,yahoo
2010-12-14,UUP,22.91,19.14,yahoo
2010-12-15,UUP,23.15,19.34,yahoo
2010-12-16,UUP,23.09,19.29,yahoo
2010-12-17,UUP,23.19,19.37,yahoo
2010-12-20,UUP,23.24,19.41,yahoo
2010-12-21,UUP,23.29,19.46,yahoo
2010-12-22,UUP,23.27,19.44,yahoo
2010-12-23,UUP,23.20,19.38,yahoo
2010-12-27,UUP,23.15,19.34,yahoo
2010-12-28,UUP,23.16,19.35,yahoo
2010-12-29,UUP,23,19.21,yahoo
2010-12-30,UUP,22.92,19.15,yahoo
2010-12-31,UUP,22.71,18.97,yahoo
2011-01-03,UUP,22.82,19.06,yahoo
2011-01-04,UUP,22.88,19.11,yahoo
2011-01-05,UUP,23.11,19.31,yahoo
2011-01-06,UUP,23.29,19.46,yahoo
2011-01-07,UUP,23.36,19.52,yahoo
2011-01-10,UUP,23.28,19.45,yahoo
2011-01-11,UUP,23.27,19.44,yahoo
2011-01-12,UUP,23.04,19.25,yahoo
2011-01-13,UUP,22.80,19.05,yahoo
2011-01-14,UUP,22.77,19.02,yahoo
2011-01-18,UUP,22.75,19.01,yahoo
2011-01-19,UUP,22.61,18.89,yahoo
2011-01-20,UUP,22.68,18.95,yahoo
2011-01-21,UUP,22.49,18.79,yahoo
2011-01-24,UUP,22.44,18.75,yahoo
2011-01-25,UUP,22.43,18.74,yahoo
2011-01-26,UUP,22.39,18.70,yahoo
2011-01-27,UUP,22.35,18.67,yahoo
2011-01-28,UUP,22.49,18.79,yahoo
2011-01-31,UUP,22.36,18.68,yahoo
2011-02-01,UUP,22.14,18.50,yahoo
2011-02-02,UUP,22.18,18.53,yahoo
2011-02-03,UUP,22.36,18.68,yahoo
2011-02-04,UUP,22.43,18.74,yahoo
2011-02-07,UUP,22.43,18.74,yahoo
2011-02-08,UUP,22.41,18.72,yahoo
2011-02-09,UUP,22.31,18.64,yahoo
2011-02-10,UUP,22.49,18.79,yahoo
2011-02-11,UUP,22.55,18.84,yahoo
2011-02-14,UUP,22.58,18.86,yahoo
2011-02-15,UUP,22.60,18.88,yahoo
2011-02-16,UUP,22.47,18.77,yahoo
2011-02-17,UUP,22.41,18.72,yahoo
2011-02-18,UUP,22.30,18.63,yahoo
2011-02-22,UUP,22.36,18.68,yahoo
2011-02-23,UUP,22.23,18.57,yahoo
2011-02-24,UUP,22.15,18.50,yahoo
2011-02-25,UUP,22.19,18.54,yahoo
2011-02-28,UUP,22.09,18.45,yahoo
2011-03-01,UUP,22.12,18.48,yahoo
2011-03-02,UUP,22,18.38,yahoo
2011-03-03,UUP,21.97,18.35,yahoo
2011-03-04,UUP,21.94,18.33,yahoo
2011-03-07,UUP,21.96,18.35,yahoo
2011-03-08,UUP,22.06,18.43,yahoo
2011-03-09,UUP,22.02,18.40,yahoo
2011-03-10,UUP,22.19,18.54,yahoo
2011-03-11,UUP,22.03,18.40,yahoo
2011-03-14,UUP,21.92,18.31,yahoo
2011-03-15,UUP,21.94,18.33,yahoo
2011-03-16,UUP,22.01,18.39,yahoo
2011-03-17,UUP,21.82,18.23,yahoo
2011-03-18,UUP,21.72,18.14,yahoo
2011-03-21,UUP,21.65,18.09,yahoo
2011-03-22,UUP,21.66,18.09,yahoo
2011-03-23,UUP,21.78,18.20,yahoo
2011-03-24,UUP,21.73,18.15,yahoo
2011-03-25,UUP,21.88,18.28,yahoo
2011-03-28,UUP,21.86,18.26,yahoo
2011-03-29,UUP,21.85,18.25,yahoo
2011-03-30,UUP,21.83,18.24,yahoo
2011-03-31,UUP,21.79,18.20,yahoo
2011-04-01,UUP,21.77,18.19,yahoo
2011-04-04,UUP,21.77,18.19,yahoo
2011-04-05,UUP,21.78,18.20,yahoo
2011-04-06,UUP,21.66,18.09,yahoo
2011-04-07,UUP,21.67,18.10,yahoo
2011-04-08,UUP,21.50,17.96,yahoo
2011-04-11,UUP,21.53,17.99,yahoo
2011-04-12,UUP,21.48,17.94,yahoo
2011-04-13,UUP,21.50,17.96,yahoo
2011-04-14,UUP,21.42,17.89,yahoo
2011-04-15,UUP,21.46,17.93,yahoo
2011-04-18,UUP,21.66,18.09,yahoo
2011-04-19,UUP,21.53,17.99,yahoo
2011-04-20,UUP,21.32,17.81,yahoo
2011-04-21,UUP,21.24,17.74,yahoo
2011-04-25,UUP,21.21,17.72,yahoo
2011-04-26,UUP,21.16,17.68,yahoo
2011-04-27,UUP,21.02,17.56,yahoo
2011-04-28,UUP,20.96,17.51,yahoo
2011-04-29,UUP,20.95,17.50,yahoo
2011-05-02,UUP,20.97,17.52,yahoo
2011-05-03,UUP,20.97,17.52,yahoo
2011-05-04,UUP,20.96,17.51,yahoo
2011-05-05,UUP,21.27,17.77,yahoo
2011-05-06,UUP,21.43,17.90,yahoo
2011-05-09,UUP,21.40,17.88,yahoo
2011-05-10,UUP,21.38,17.86,yahoo
2011-05-11,UUP,21.58,18.03,yahoo
2011-05-12,UUP,21.54,17.99,yahoo
2011-05-13,UUP,21.69,18.12,yahoo
2011-05-16,UUP,21.62,18.06,yahoo
2011-05-17,UUP,21.60,18.04,yahoo
2011-05-18,UUP,21.59,18.04,yahoo
2011-05-19,UUP,21.50,17.96,yahoo
2011-05-20,UUP,21.65,18.09,yahoo
2011-05-23,UUP,21.79,18.20,yahoo
2011-05-24,UUP,21.73,18.15,yahoo
2011-05-25,UUP,21.71,18.14,yahoo
2011-05-26,UUP,21.62,18.06,yahoo
2011-05-27,UUP,21.44,17.91,yahoo
2011-05-31,UUP,21.34,17.83,yahoo
2011-06-01,UUP,21.39,17.87,yahoo
2011-06-02,UUP,21.25,17.75,yahoo
2011-06-03,UUP,21.09,17.62,yahoo
2011-06-06,UUP,21.15,17.67,yahoo
2011-06-07,UUP,21.03,17.57,yahoo
2011-06-08,UUP,21.13,17.65,yahoo
2011-06-09,UUP,21.20,17.71,yahoo
2011-06-10,UUP,21.40,17.88,yahoo
2011-06-13,UUP,21.29,17.79,yahoo
2011-06-14,UUP,21.26,17.76,yahoo
2011-06-15,UUP,21.60,18.04,yahoo
2011-06-16,UUP,21.59,18.04,yahoo
2011-06-17,UUP,21.45,17.92,yahoo
2011-06-20,UUP,21.45,17.92,yahoo
2011-06-21,UUP,21.31,17.80,yahoo
2011-06-22,UUP,21.39,17.87,yahoo
2011-06-23,UUP,21.50,17.96,yahoo
2011-06-24,UUP,21.63,18.07,yahoo
2011-06-27,UUP,21.53,17.99,yahoo
2011-06-28,UUP,21.45,17.92,yahoo
2011-06-29,UUP,21.32,17.81,yahoo
2011-06-30,UUP,21.22,17.73,yahoo
2011-07-01,UUP,21.20,17.71,yahoo
2011-07-05,UUP,21.28,17.78,yahoo
2011-07-06,UUP,21.41,17.89,yahoo
2011-07-07,UUP,21.37,17.85,yahoo
2011-07-08,UUP,21.42,17.89,yahoo
2011-07-11,UUP,21.71,18.14,yahoo
2011-07-12,UUP,21.70,18.13,yahoo
2011-07-13,UUP,21.47,17.94,yahoo
2011-07-14,UUP,21.47,17.94,yahoo
2011-07-15,UUP,21.43,17.90,yahoo
2011-07-18,UUP,21.48,17.94,yahoo
2011-07-19,UUP,21.43,17.90,yahoo
2011-07-20,UUP,21.33,17.82,yahoo
2011-07-21,UUP,21.13,17.65,yahoo
2011-07-22,UUP,21.13,17.65,yahoo
2011-07-25,UUP,21.11,17.64,yahoo
2011-07-26,UUP,20.93,17.48,yahoo
2011-07-27,UUP,21.09,17.62,yahoo
2011-07-28,UUP,21.13,17.65,yahoo
2011-07-29,UUP,21.03,17.57,yahoo
2011-08-01,UUP,21.14,17.66,yahoo
2011-08-02,UUP,21.17,17.69,yahoo
2011-08-03,UUP,21.07,17.60,yahoo
2011-08-04,UUP,21.40,17.88,yahoo
2011-08-05,UUP,21.22,17.73,yahoo
2011-08-08,UUP,21.25,17.75,yahoo
2011-08-09,UUP,21.07,17.60,yahoo
2011-08-10,UUP,21.25,17.75,yahoo
2011-08-11,UUP,21.22,17.73,yahoo
2011-08-12,UUP,21.22,17.73,yahoo
2011-08-15,UUP,21,17.54,yahoo
2011-08-16,UUP,21.01,17.55,yahoo
2011-08-17,UUP,20.96,17.51,yahoo
2011-08-18,UUP,21.08,17.61,yahoo
2011-08-19,UUP,21.03,17.57,yahoo
2011-08-22,UUP,21.07,17.60,yahoo
2011-08-23,UUP,20.98,17.53,yahoo
2011-08-24,UUP,21.02,17.56,yahoo
2011-08-25,UUP,21.08,17.61,yahoo
2011-08-26,UUP,20.96,17.51,yahoo
2011-08-29,UUP,20.93,17.48,yahoo
2011-08-30,UUP,21.01,17.55,yahoo
2011-08-31,UUP,21.07,17.60,yahoo
2011-09-01,UUP,21.16,17.68,yahoo
2011-09-02,UUP,21.22,17.73,yahoo
2011-09-06,UUP,21.55,18.00,yahoo
2011-09-07,UUP,21.43,17.90,yahoo
2011-09-08,UUP,21.65,18.09,yahoo
2011-09-09,UUP,21.91,18.30,yahoo
2011-09-12,UUP,21.92,18.31,yahoo
2011-09-13,UUP,21.85,18.25,yahoo
2011-09-14,UUP,21.79,18.20,yahoo
2011-09-15,UUP,21.66,18.09,yahoo
2011-09-16,UUP,21.74,18.16,yahoo
2011-09-19,UUP,21.86,18.26,yahoo
2011-09-20,UUP,21.86,18.26,yahoo
2011-09-21,UUP,22.03,18.40,yahoo
2011-09-22,UUP,22.26,18.60,yahoo
2011-09-23,UUP,22.20,18.55,yahoo
2011-09-26,UUP,22.18,18.53,yahoo
2011-09-27,UUP,22.05,18.42,yahoo
2011-09-28,UUP,22.13,18.49,yahoo
2011-09-29,UUP,22.08,18.45,yahoo
2011-09-30,UUP,22.31,18.64,yahoo
2011-10-03,UUP,22.51,18.80,yahoo
2011-10-04,UUP,22.42,18.73,yahoo
2011-10-05,UUP,22.35,18.67,yahoo
2011-10-06,UUP,22.21,18.55,yahoo
2011-10-07,UUP,22.27,18.60,yahoo
2011-10-10,UUP,21.92,18.31,yahoo
2011-10-11,UUP,21.90,18.30,yahoo
2011-10-12,UUP,21.76,18.18,yahoo
2011-10-13,UUP,21.75,18.17,yahoo
2011-10-14,UUP,21.65,18.09,yahoo
2011-10-17,UUP,21.79,18.20,yahoo
2011-10-18,UUP,21.76,18.18,yahoo
2011-10-19,UUP,21.78,18.20,yahoo
2011-10-20,UUP,21.74,18.16,yahoo
2011-10-21,UUP,21.54,17.99,yahoo
2011-10-24,UUP,21.49,17.95,yahoo
2011-10-25,UUP,21.51,17.97,yahoo
2011-10-26,UUP,21.51,17.97,yahoo
2011-10-27,UUP,21.15,17.67,yahoo
2011-10-28,UUP,21.16,17.68,yahoo
2011-10-31,UUP,21.57,18.02,yahoo
2011-11-01,UUP,21.80,18.21,yahoo
2011-11-02,UUP,21.75,18.17,yahoo
2011-11-03,UUP,21.65,18.09,yahoo
2011-11-04,UUP,21.71,18.14,yahoo
2011-11-07,UUP,21.69,18.12,yahoo
2011-11-08,UUP,21.59,18.04,yahoo
2011-11-09,UUP,21.97,18.35,yahoo
2011-11-10,UUP,21.91,18.30,yahoo
2011-11-11,UUP,21.69,18.12,yahoo
2011-11-14,UUP,21.84,18.25,yahoo
2011-11-15,UUP,21.97,18.35,yahoo
2011-11-16,UUP,22.04,18.41,yahoo
2011-11-17,UUP,22.07,18.44,yahoo
2011-11-18,UUP,22.01,18.39,yahoo
2011-11-21,UUP,22.05,18.42,yahoo
2011-11-22,UUP,22.04,18.41,yahoo
2011-11-23,UUP,22.29,18.62,yahoo
2011-11-25,UUP,22.42,18.73,yahoo
2011-11-28,UUP,22.33,18.65,yahoo
2011-11-29,UUP,22.25,18.59,yahoo
2011-11-30,UUP,22.06,18.43,yahoo
2011-12-01,UUP,22.05,18.42,yahoo
2011-12-02,UUP,22.12,18.48,yahoo
2011-12-05,UUP,22.12,18.48,yahoo
2011-12-06,UUP,22.10,18.46,yahoo
2011-12-07,UUP,22.07,18.44,yahoo
2011-12-08,UUP,22.19,18.54,yahoo
2011-12-09,UUP,22.12,18.48,yahoo
2011-12-12,UUP,22.35,18.67,yahoo
2011-12-13,UUP,22.57,18.86,yahoo
2011-12-14,UUP,22.62,18.90,yahoo
2011-12-15,UUP,22.56,18.85,yahoo
2011-12-16,UUP,22.49,18.79,yahoo
2011-12-19,UUP,22.57,18.86,yahoo
2011-12-20,UUP,22.38,18.70,yahoo
2011-12-21,UUP,22.38,18.70,yahoo
2011-12-22,UUP,22.38,18.70,yahoo
2011-12-23,UUP,22.39,18.70,yahoo
2011-12-27,UUP,22.34,18.66,yahoo
2011-12-28,UUP,22.55,18.84,yahoo
2011-12-29,UUP,22.51,18.80,yahoo
2011-12-30,UUP,22.47,18.77,yahoo
2012-01-03,UUP,22.28,18.61,yahoo
2012-01-04,UUP,22.40,18.71,yahoo
2012-01-05,UUP,22.64,18.91,yahoo
2012-01-06,UUP,22.72,18.98,yahoo
2012-01-09,UUP,22.64,18.91,yahoo
2012-01-10,UUP,22.62,18.90,yahoo
2012-01-11,UUP,22.72,18.98,yahoo
2012-01-12,UUP,22.57,18.86,yahoo
2012-01-13,UUP,22.75,19.01,yahoo
2012-01-17,UUP,22.67,18.94,yahoo
2012-01-18,UUP,22.47,18.77,yahoo
2012-01-19,UUP,22.35,18.67,yahoo
2012-01-20,UUP,22.37,18.69,yahoo
2012-01-23,UUP,22.24,18.58,yahoo
2012-01-24,UUP,22.27,18.60,yahoo
2012-01-25,UUP,22.17,18.52,yahoo
2012-01-26,UUP,22.15,18.50,yahoo
2012-01-27,UUP,21.99,18.37,yahoo
2012-01-30,UUP,22.07,18.44,yahoo
2012-01-31,UUP,22.12,18.48,yahoo
2012-02-01,UUP,22.02,18.40,yahoo
2012-02-02,UUP,22.03,18.40,yahoo
2012-02-03,UUP,22.03,18.40,yahoo
2012-02-06,UUP,22.04,18.41,yahoo
2012-02-07,UUP,21.89,18.29,yahoo
2012-02-08,UUP,21.91,18.30,yahoo
2012-02-09,UUP,21.92,18.31,yahoo
2012-02-10,UUP,22.06,18.43,yahoo
2012-02-13,UUP,22.03,18.40,yahoo
2012-02-14,UUP,22.14,18.50,yahoo
2012-02-15,UUP,22.21,18.55,yahoo
2012-02-16,UUP,22.13,18.49,yahoo
2012-02-17,UUP,22.13,18.49,yahoo
2012-02-21,UUP,22.04,18.41,yahoo
2012-02-22,UUP,22.07,18.44,yahoo
2012-02-23,UUP,21.90,18.30,yahoo
2012-02-24,UUP,21.81,18.22,yahoo
2012-02-27,UUP,21.88,18.28,yahoo
2012-02-28,UUP,21.78,18.20,yahoo
2012-02-29,UUP,21.96,18.35,yahoo
2012-03-01,UUP,21.96,18.35,yahoo
2012-03-02,UUP,22.11,18.47,yahoo
2012-03-05,UUP,22.09,18.45,yahoo
2012-03-06,UUP,22.23,18.57,yahoo
2012-03-07,UUP,22.20,18.55,yahoo
2012-03-08,UUP,22.05,18.42,yahoo
2012-03-09,UUP,22.26,18.60,yahoo
2012-03-12,UUP,22.23,18.57,yahoo
2012-03-13,UUP,22.30,18.63,yahoo
2012-03-14,UUP,22.42,18.73,yahoo
2012-03-15,UUP,22.33,18.65,yahoo
2012-03-16,UUP,22.18,18.53,yahoo
2012-03-19,UUP,22.06,18.43,yahoo
2012-03-20,UUP,22.10,18.46,yahoo
2012-03-21,UUP,22.11,18.47,yahoo
2012-03-22,UUP,22.14,18.50,yahoo
2012-03-23,UUP,22.02,18.40,yahoo
2012-03-26,UUP,21.88,18.28,yahoo
2012-03-27,UUP,21.96,18.35,yahoo
2012-03-28,UUP,21.95,18.34,yahoo
2012-03-29,UUP,21.94,18.33,yahoo
2012-03-30,UUP,21.91,18.30,yahoo
2012-04-02,UUP,21.86,18.26,yahoo
2012-04-03,UUP,22.02,18.40,yahoo
2012-04-04,UUP,22.13,18.49,yahoo
2012-04-05,UUP,22.20,18.55,yahoo
2012-04-09,UUP,22.13,18.49,yahoo
2012-04-10,UUP,22.16,18.51,yahoo
2012-04-11,UUP,22.13,18.49,yahoo
2012-04-12,UUP,21.98,18.36,yahoo
2012-04-13,UUP,22.16,18.51,yahoo
2012-04-16,UUP,22.07,18.44,yahoo
2012-04-17,UUP,22.06,18.43,yahoo
2012-04-18,UUP,22.06,18.43,yahoo
2012-04-19,UUP,22.05,18.42,yahoo
2012-04-20,UUP,21.93,18.32,yahoo
2012-04-23,UUP,22,18.38,yahoo
2012-04-24,UUP,21.94,18.33,yahoo
2012-04-25,UUP,21.89,18.29,yahoo
2012-04-26,UUP,21.86,18.26,yahoo
2012-04-27,UUP,21.82,18.23,yahoo
2012-04-30,UUP,21.81,18.22,yahoo
2012-05-01,UUP,21.83,18.24,yahoo
2012-05-02,UUP,21.90,18.30,yahoo
2012-05-03,UUP,21.92,18.31,yahoo
2012-05-04,UUP,22.01,18.39,yahoo
2012-05-07,UUP,22.04,18.41,yahoo
2012-05-08,UUP,22.09,18.45,yahoo
2012-05-09,UUP,22.18,18.53,yahoo
2012-05-10,UUP,22.20,18.55,yahoo
2012-05-11,UUP,22.24,18.58,yahoo
2012-05-14,UUP,22.34,18.66,yahoo
2012-05-15,UUP,22.52,18.81,yahoo
2012-05-16,UUP,22.57,18.86,yahoo
2012-05-17,UUP,22.55,18.84,yahoo
2012-05-18,UUP,22.46,18.76,yahoo
2012-05-21,UUP,22.39,18.70,yahoo
2012-05-22,UUP,22.62,18.90,yahoo
2012-05-23,UUP,22.70,18.96,yahoo
2012-05-24,UUP,22.79,19.04,yahoo
2012-05-25,UUP,22.82,19.06,yahoo
2012-05-29,UUP,22.80,19.05,yahoo
2012-05-30,UUP,22.98,19.20,yahoo
2012-05-31,UUP,22.99,19.21,yahoo
2012-06-01,UUP,22.92,19.15,yahoo
2012-06-04,UUP,22.82,19.06,yahoo
2012-06-05,UUP,22.90,19.13,yahoo
2012-06-06,UUP,22.71,18.97,yahoo
2012-06-07,UUP,22.74,19.00,yahoo
2012-06-08,UUP,22.81,19.06,yahoo
2012-06-11,UUP,22.84,19.08,yahoo
2012-06-12,UUP,22.76,19.01,yahoo
2012-06-13,UUP,22.69,18.96,yahoo
2012-06-14,UUP,22.60,18.88,yahoo
2012-06-15,UUP,22.50,18.80,yahoo
2012-06-18,UUP,22.60,18.88,yahoo
2012-06-19,UUP,22.43,18.74,yahoo
2012-06-20,UUP,22.46,18.76,yahoo
2012-06-21,UUP,22.70,18.96,yahoo
2012-06-22,UUP,22.65,18.92,yahoo
2012-06-25,UUP,22.72,18.98,yahoo
2012-06-26,UUP,22.68,18.95,yahoo
2012-06-27,UUP,22.75,19.01,yahoo
2012-06-28,UUP,22.78,19.03,yahoo
2012-06-29,UUP,22.47,18.77,yahoo
2012-07-02,UUP,22.52,18.81,yahoo
2012-07-03,UUP,22.50,18.80,yahoo
2012-07-05,UUP,22.80,19.05,yahoo
2012-07-06,UUP,22.95,19.17,yahoo
2012-07-09,UUP,22.88,19.11,yahoo
2012-07-10,UUP,22.96,19.18,yahoo
2012-07-11,UUP,22.98,19.20,yahoo
2012-07-12,UUP,23.03,19.24,yahoo
2012-07-13,UUP,22.93,19.16,yahoo
2012-07-16,UUP,22.86,19.10,yahoo
2012-07-17,UUP,22.84,19.08,yahoo
2012-07-18,UUP,22.82,19.06,yahoo
2012-07-19,UUP,22.81,19.06,yahoo
2012-07-20,UUP,22.98,19.20,yahoo
2012-07-23,UUP,23.01,19.22,yahoo
2012-07-24,UUP,23.10,19.30,yahoo
2012-07-25,UUP,22.98,19.20,yahoo
2012-07-26,UUP,22.75,19.01,yahoo
2012-07-27,UUP,22.74,19.00,yahoo
2012-07-30,UUP,22.77,19.02,yahoo
2012-07-31,UUP,22.71,18.97,yahoo
2012-08-01,UUP,22.87,19.11,yahoo
2012-08-02,UUP,22.91,19.14,yahoo
2012-08-03,UUP,22.63,18.91,yahoo
2012-08-06,UUP,22.60,18.88,yahoo
2012-08-07,UUP,22.60,18.88,yahoo
2012-08-08,UUP,22.64,18.91,yahoo
2012-08-09,UUP,22.72,18.98,yahoo
2012-08-10,UUP,22.68,18.95,yahoo
2012-08-13,UUP,22.65,18.92,yahoo
2012-08-14,UUP,22.66,18.93,yahoo
2012-08-15,UUP,22.72,18.98,yahoo
2012-08-16,UUP,22.64,18.91,yahoo
2012-08-17,UUP,22.68,18.95,yahoo
2012-08-20,UUP,22.65,18.92,yahoo
2012-08-21,UUP,22.50,18.80,yahoo
2012-08-22,UUP,22.39,18.70,yahoo
2012-08-23,UUP,22.35,18.67,yahoo
2012-08-24,UUP,22.42,18.73,yahoo
2012-08-27,UUP,22.44,18.75,yahoo
2012-08-28,UUP,22.35,18.67,yahoo
2012-08-29,UUP,22.39,18.70,yahoo
2012-08-30,UUP,22.44,18.75,yahoo
2012-08-31,UUP,22.30,18.63,yahoo
2012-09-04,UUP,22.33,18.65,yahoo
2012-09-05,UUP,22.31,18.64,yahoo
2012-09-06,UUP,22.25,18.59,yahoo
2012-09-07,UUP,22.01,18.39,yahoo
2012-09-10,UUP,22.08,18.45,yahoo
2012-09-11,UUP,21.91,18.30,yahoo
2012-09-12,UUP,21.89,18.29,yahoo
2012-09-13,UUP,21.75,18.17,yahoo
2012-09-14,UUP,21.64,18.08,yahoo
2012-09-17,UUP,21.67,18.10,yahoo
2012-09-18,UUP,21.74,18.16,yahoo
2012-09-19,UUP,21.67,18.10,yahoo
2012-09-20,UUP,21.77,18.19,yahoo
2012-09-21,UUP,21.75,18.17,yahoo
2012-09-24,UUP,21.80,18.21,yahoo
2012-09-25,UUP,21.84,18.25,yahoo
2012-09-26,UUP,21.88,18.28,yahoo
2012-09-27,UUP,21.82,18.23,yahoo
2012-09-28,UUP,21.92,18.31,yahoo
2012-10-01,UUP,21.87,18.27,yahoo
2012-10-02,UUP,21.85,18.25,yahoo
2012-10-03,UUP,21.91,18.30,yahoo
2012-10-04,UUP,21.76,18.18,yahoo
2012-10-05,UUP,21.76,18.18,yahoo
2012-10-08,UUP,21.81,18.22,yahoo
2012-10-09,UUP,21.95,18.34,yahoo
2012-10-10,UUP,21.90,18.30,yahoo
2012-10-11,UUP,21.86,18.26,yahoo
2012-10-12,UUP,21.83,18.24,yahoo
2012-10-15,UUP,21.84,18.25,yahoo
2012-10-16,UUP,21.75,18.17,yahoo
2012-10-17,UUP,21.64,18.08,yahoo
2012-10-18,UUP,21.73,18.15,yahoo
2012-10-19,UUP,21.81,18.22,yahoo
2012-10-22,UUP,21.81,18.22,yahoo
2012-10-23,UUP,21.91,18.30,yahoo
2012-10-24,UUP,21.91,18.30,yahoo
2012-10-25,UUP,21.93,18.32,yahoo
2012-10-26,UUP,21.93,18.32,yahoo
2012-10-31,UUP,21.89,18.29,yahoo
2012-11-01,UUP,21.92,18.31,yahoo
2012-11-02,UUP,22.07,18.44,yahoo
2012-11-05,UUP,22.12,18.48,yahoo
2012-11-06,UUP,22.09,18.45,yahoo
2012-11-07,UUP,22.13,18.49,yahoo
2012-11-08,UUP,22.13,18.49,yahoo
2012-11-09,UUP,22.18,18.53,yahoo
2012-11-12,UUP,22.19,18.54,yahoo
2012-11-13,UUP,22.21,18.55,yahoo
2012-11-14,UUP,22.20,18.55,yahoo
2012-11-15,UUP,22.20,18.55,yahoo
2012-11-16,UUP,22.24,18.58,yahoo
2012-11-19,UUP,22.14,18.50,yahoo
2012-11-20,UUP,22.13,18.49,yahoo
2012-11-21,UUP,22.14,18.50,yahoo
2012-11-23,UUP,21.93,18.32,yahoo
2012-11-26,UUP,21.94,18.33,yahoo
2012-11-27,UUP,22.01,18.39,yahoo
2012-11-28,UUP,21.97,18.35,yahoo
2012-11-29,UUP,21.94,18.33,yahoo
2012-11-30,UUP,21.92,18.31,yahoo
2012-12-03,UUP,21.85,18.25,yahoo
2012-12-04,UUP,21.78,18.20,yahoo
2012-12-05,UUP,21.83,18.24,yahoo
2012-12-06,UUP,21.95,18.34,yahoo
2012-12-07,UUP,21.99,18.37,yahoo
2012-12-10,UUP,21.96,18.35,yahoo
2012-12-11,UUP,21.88,18.28,yahoo
2012-12-12,UUP,21.84,18.25,yahoo
2012-12-13,UUP,21.86,18.26,yahoo
2012-12-14,UUP,21.75,18.17,yahoo
2012-12-17,UUP,21.75,18.17,yahoo
2012-12-18,UUP,21.68,18.11,yahoo
2012-12-19,UUP,21.67,18.10,yahoo
2012-12-20,UUP,21.65,18.09,yahoo
2012-12-21,UUP,21.76,18.18,yahoo
2012-12-24,UUP,21.76,18.18,yahoo
2012-12-26,UUP,21.76,18.18,yahoo
2012-12-27,UUP,21.76,18.18,yahoo
2012-12-28,UUP,21.78,18.20,yahoo
2012-12-31,UUP,21.81,18.22,yahoo
2013-01-02,UUP,21.82,18.23,yahoo
2013-01-03,UUP,21.99,18.37,yahoo
2013-01-04,UUP,21.99,18.37,yahoo
2013-01-07,UUP,21.92,18.31,yahoo
2013-01-08,UUP,21.95,18.34,yahoo
2013-01-09,UUP,22.02,18.40,yahoo
2013-01-10,UUP,21.80,18.21,yahoo
2013-01-11,UUP,21.74,18.16,yahoo
2013-01-14,UUP,21.71,18.14,yahoo
2013-01-15,UUP,21.77,18.19,yahoo
2013-01-16,UUP,21.79,18.20,yahoo
2013-01-17,UUP,21.75,18.17,yahoo
2013-01-18,UUP,21.85,18.25,yahoo
2013-01-22,UUP,21.83,18.24,yahoo
2013-01-23,UUP,21.83,18.24,yahoo
2013-01-24,UUP,21.83,18.24,yahoo
2013-01-25,UUP,21.78,18.20,yahoo
2013-01-28,UUP,21.79,18.20,yahoo
2013-01-29,UUP,21.73,18.15,yahoo
2013-01-30,UUP,21.64,18.08,yahoo
2013-01-31,UUP,21.62,18.06,yahoo
2013-02-01,UUP,21.60,18.04,yahoo
2013-02-04,UUP,21.71,18.14,yahoo
2013-02-05,UUP,21.70,18.13,yahoo
2013-02-06,UUP,21.77,18.19,yahoo
2013-02-07,UUP,21.89,18.29,yahoo
2013-02-08,UUP,21.90,18.30,yahoo
2013-02-11,UUP,21.92,18.31,yahoo
2013-02-12,UUP,21.87,18.27,yahoo
2013-02-13,UUP,21.88,18.28,yahoo
2013-02-14,UUP,21.94,18.33,yahoo
2013-02-15,UUP,21.96,18.35,yahoo
2013-02-19,UUP,21.97,18.35,yahoo
2013-02-20,UUP,22.13,18.49,yahoo
2013-02-21,UUP,22.22,18.56,yahoo
2013-02-22,UUP,22.23,18.57,yahoo
2013-02-25,UUP,22.32,18.65,yahoo
2013-02-26,UUP,22.34,18.66,yahoo
2013-02-27,UUP,22.25,18.59,yahoo
2013-02-28,UUP,22.37,18.69,yahoo
2013-03-01,UUP,22.44,18.75,yahoo
2013-03-04,UUP,22.43,18.74,yahoo
2013-03-05,UUP,22.40,18.71,yahoo
2013-03-06,UUP,22.49,18.79,yahoo
2013-03-07,UUP,22.39,18.70,yahoo
2013-03-08,UUP,22.56,18.85,yahoo
2013-03-11,UUP,22.51,18.80,yahoo
2013-03-12,UUP,22.50,18.80,yahoo
2013-03-13,UUP,22.59,18.87,yahoo
2013-03-14,UUP,22.50,18.80,yahoo
2013-03-15,UUP,22.40,18.71,yahoo
2013-03-18,UUP,22.54,18.83,yahoo
2013-03-19,UUP,22.61,18.89,yahoo
2013-03-20,UUP,22.56,18.85,yahoo
2013-03-21,UUP,22.56,18.85,yahoo
2013-03-22,UUP,22.42,18.73,yahoo
2013-03-25,UUP,22.58,18.86,yahoo
2013-03-26,UUP,22.57,18.86,yahoo
2013-03-27,UUP,22.66,18.93,yahoo
2013-03-28,UUP,22.60,18.88,yahoo
2013-04-01,UUP,22.52,18.81,yahoo
2013-04-02,UUP,22.57,18.86,yahoo
2013-04-03,UUP,22.52,18.81,yahoo
2013-04-04,UUP,22.49,18.79,yahoo
2013-04-05,UUP,22.45,18.75,yahoo
2013-04-08,UUP,22.51,18.80,yahoo
2013-04-09,UUP,22.41,18.72,yahoo
2013-04-10,UUP,22.43,18.74,yahoo
2013-04-11,UUP,22.37,18.69,yahoo
2013-04-12,UUP,22.34,18.66,yahoo
2013-04-15,UUP,22.41,18.72,yahoo
2013-04-16,UUP,22.23,18.57,yahoo
2013-04-17,UUP,22.47,18.77,yahoo
2013-04-18,UUP,22.46,18.76,yahoo
2013-04-19,UUP,22.50,18.80,yahoo
2013-04-22,UUP,22.49,18.79,yahoo
2013-04-23,UUP,22.57,18.86,yahoo
2013-04-24,UUP,22.56,18.85,yahoo
2013-04-25,UUP,22.51,18.80,yahoo
2013-04-26,UUP,22.41,18.72,yahoo
2013-04-29,UUP,22.31,18.64,yahoo
2013-04-30,UUP,22.20,18.55,yahoo
2013-05-01,UUP,22.18,18.53,yahoo
2013-05-02,UUP,22.33,18.65,yahoo
2013-05-03,UUP,22.32,18.65,yahoo
2013-05-06,UUP,22.37,18.69,yahoo
2013-05-07,UUP,22.37,18.69,yahoo
2013-05-08,UUP,22.27,18.60,yahoo
2013-05-09,UUP,22.48,18.78,yahoo
2013-05-10,UUP,22.60,18.88,yahoo
2013-05-13,UUP,22.64,18.91,yahoo
2013-05-14,UUP,22.73,18.99,yahoo
2013-05-15,UUP,22.79,19.04,yahoo
2013-05-16,UUP,22.78,19.03,yahoo
2013-05-17,UUP,22.92,19.15,yahoo
2013-05-20,UUP,22.78,19.03,yahoo
2013-05-21,UUP,22.79,19.04,yahoo
2013-05-22,UUP,22.89,19.12,yahoo
2013-05-23,UUP,22.74,19.00,yahoo
2013-05-24,UUP,22.71,18.97,yahoo
2013-05-28,UUP,22.87,19.11,yahoo
2013-05-29,UUP,22.70,18.96,yahoo
2013-05-30,UUP,22.55,18.84,yahoo
2013-05-31,UUP,22.61,18.89,yahoo
2013-06-03,UUP,22.45,18.75,yahoo
2013-06-04,UUP,22.46,18.76,yahoo
2013-06-05,UUP,22.42,18.73,yahoo
2013-06-06,UUP,22.13,18.49,yahoo
2013-06-07,UUP,22.16,18.51,yahoo
2013-06-10,UUP,22.17,18.52,yahoo
2013-06-11,UUP,21.98,18.36,yahoo
2013-06-12,UUP,21.97,18.35,yahoo
2013-06-13,UUP,21.90,18.30,yahoo
2013-06-14,UUP,21.88,18.28,yahoo
2013-06-17,UUP,21.84,18.25,yahoo
2013-06-18,UUP,21.86,18.26,yahoo
2013-06-19,UUP,22.06,18.43,yahoo
2013-06-20,UUP,22.19,18.54,yahoo
2013-06-21,UUP,22.34,18.66,yahoo
2013-06-24,UUP,22.36,18.68,yahoo
2013-06-25,UUP,22.40,18.71,yahoo
2013-06-26,UUP,22.52,18.81,yahoo
2013-06-27,UUP,22.51,18.80,yahoo
2013-06-28,UUP,22.56,18.85,yahoo
2013-07-01,UUP,22.51,18.80,yahoo
2013-07-02,UUP,22.66,18.93,yahoo
2013-07-03,UUP,22.57,18.86,yahoo
2013-07-05,UUP,22.90,19.13,yahoo
2013-07-08,UUP,22.84,19.08,yahoo
2013-07-09,UUP,22.93,19.16,yahoo
2013-07-10,UUP,22.78,19.03,yahoo
2013-07-11,UUP,22.42,18.73,yahoo
2013-07-12,UUP,22.47,18.77,yahoo
2013-07-15,UUP,22.49,18.79,yahoo
2013-07-16,UUP,22.33,18.65,yahoo
2013-07-17,UUP,22.38,18.70,yahoo
2013-07-18,UUP,22.42,18.73,yahoo
2013-07-19,UUP,22.36,18.68,yahoo
2013-07-22,UUP,22.26,18.60,yahoo
2013-07-23,UUP,22.19,18.54,yahoo
2013-07-24,UUP,22.27,18.60,yahoo
2013-07-25,UUP,22.12,18.48,yahoo
2013-07-26,UUP,22.10,18.46,yahoo
2013-07-29,UUP,22.10,18.46,yahoo
2013-07-30,UUP,22.15,18.50,yahoo
2013-07-31,UUP,22.09,18.45,yahoo
2013-08-01,UUP,22.28,18.61,yahoo
2013-08-02,UUP,22.16,18.51,yahoo
2013-08-05,UUP,22.13,18.49,yahoo
2013-08-06,UUP,22.07,18.44,yahoo
2013-08-07,UUP,21.98,18.36,yahoo
2013-08-08,UUP,21.91,18.30,yahoo
2013-08-09,UUP,21.93,18.32,yahoo
2013-08-12,UUP,21.99,18.37,yahoo
2013-08-13,UUP,22.10,18.46,yahoo
2013-08-14,UUP,22.09,18.45,yahoo
2013-08-15,UUP,21.94,18.33,yahoo
2013-08-16,UUP,21.98,18.36,yahoo
2013-08-19,UUP,21.97,18.35,yahoo
2013-08-20,UUP,21.87,18.27,yahoo
2013-08-21,UUP,21.98,18.36,yahoo
2013-08-22,UUP,22.03,18.40,yahoo
2013-08-23,UUP,21.99,18.37,yahoo
2013-08-26,UUP,21.99,18.37,yahoo
2013-08-27,UUP,21.92,18.31,yahoo
2013-08-28,UUP,22.01,18.39,yahoo
2013-08-29,UUP,22.16,18.51,yahoo
2013-08-30,UUP,22.19,18.54,yahoo
2013-09-03,UUP,22.26,18.60,yahoo
2013-09-04,UUP,22.18,18.53,yahoo
2013-09-05,UUP,22.33,18.65,yahoo
2013-09-06,UUP,22.20,18.55,yahoo
2013-09-09,UUP,22.09,18.45,yahoo
2013-09-10,UUP,22.09,18.45,yahoo
2013-09-11,UUP,22.01,18.39,yahoo
2013-09-12,UUP,22.01,18.39,yahoo
2013-09-13,UUP,21.99,18.37,yahoo
2013-09-16,UUP,21.94,18.33,yahoo
2013-09-17,UUP,21.90,18.30,yahoo
2013-09-18,UUP,21.65,18.09,yahoo
2013-09-19,UUP,21.68,18.11,yahoo
2013-09-20,UUP,21.69,18.12,yahoo
2013-09-23,UUP,21.70,18.13,yahoo
2013-09-24,UUP,21.74,18.16,yahoo
2013-09-25,UUP,21.67,18.10,yahoo
2013-09-26,UUP,21.72,18.14,yahoo
2013-09-27,UUP,21.64,18.08,yahoo
2013-09-30,UUP,21.63,18.07,yahoo
2013-10-01,UUP,21.61,18.05,yahoo
2013-10-02,UUP,21.53,17.99,yahoo
2013-10-03,UUP,21.51,17.97,yahoo
2013-10-04,UUP,21.61,18.05,yahoo
2013-10-07,UUP,21.55,18.00,yahoo
2013-10-08,UUP,21.56,18.01,yahoo
2013-10-09,UUP,21.66,18.09,yahoo
2013-10-10,UUP,21.70,18.13,yahoo
2013-10-11,UUP,21.66,18.09,yahoo
2013-10-14,UUP,21.62,18.06,yahoo
2013-10-15,UUP,21.70,18.13,yahoo
2013-10-16,UUP,21.69,18.12,yahoo
2013-10-17,UUP,21.45,17.92,yahoo
2013-10-18,UUP,21.45,17.92,yahoo
2013-10-21,UUP,21.47,17.94,yahoo
2013-10-22,UUP,21.35,17.84,yahoo
2013-10-23,UUP,21.36,17.84,yahoo
2013-10-24,UUP,21.33,17.82,yahoo
2013-10-25,UUP,21.34,17.83,yahoo
2013-10-28,UUP,21.38,17.86,yahoo
2013-10-29,UUP,21.44,17.91,yahoo
2013-10-30,UUP,21.48,17.94,yahoo
2013-10-31,UUP,21.63,18.07,yahoo
2013-11-01,UUP,21.75,18.17,yahoo
2013-11-04,UUP,21.69,18.12,yahoo
2013-11-05,UUP,21.74,18.16,yahoo
2013-11-06,UUP,21.67,18.10,yahoo
2013-11-07,UUP,21.77,18.19,yahoo
2013-11-08,UUP,21.90,18.30,yahoo
2013-11-11,UUP,21.84,18.25,yahoo
2013-11-12,UUP,21.85,18.25,yahoo
2013-11-13,UUP,21.80,18.21,yahoo
2013-11-14,UUP,21.80,18.21,yahoo
2013-11-15,UUP,21.76,18.18,yahoo
2013-11-18,UUP,21.73,18.15,yahoo
2013-11-19,UUP,21.72,18.14,yahoo
2013-11-20,UUP,21.82,18.23,yahoo
2013-11-21,UUP,21.82,18.23,yahoo
2013-11-22,UUP,21.73,18.15,yahoo
2013-11-25,UUP,21.76,18.18,yahoo
2013-11-26,UUP,21.69,18.12,yahoo
2013-11-27,UUP,21.72,18.14,yahoo
2013-11-29,UUP,21.70,18.13,yahoo
2013-12-02,UUP,21.77,18.19,yahoo
2013-12-03,UUP,21.70,18.13,yahoo
2013-12-04,UUP,21.69,18.12,yahoo
2013-12-05,UUP,21.58,18.03,yahoo
2013-12-06,UUP,21.58,18.03,yahoo
2013-12-09,UUP,21.56,18.01,yahoo
2013-12-10,UUP,21.50,17.96,yahoo
2013-12-11,UUP,21.49,17.95,yahoo
2013-12-12,UUP,21.57,18.02,yahoo
2013-12-13,UUP,21.58,18.03,yahoo
2013-12-16,UUP,21.54,17.99,yahoo
2013-12-17,UUP,21.54,17.99,yahoo
2013-12-18,UUP,21.63,18.07,yahoo
2013-12-19,UUP,21.68,18.11,yahoo
2013-12-20,UUP,21.66,18.09,yahoo
2013-12-23,UUP,21.62,18.06,yahoo
2013-12-24,UUP,21.64,18.08,yahoo
2013-12-26,UUP,21.63,18.07,yahoo
2013-12-27,UUP,21.59,18.04,yahoo
2013-12-30,UUP,21.49,17.95,yahoo
2013-12-31,UUP,21.52,17.98,yahoo
2014-01-02,UUP,21.65,18.09,yahoo
2014-01-03,UUP,21.74,18.16,yahoo
2014-01-06,UUP,21.68,18.11,yahoo
2014-01-07,UUP,21.74,18.16,yahoo
2014-01-08,UUP,21.78,18.20,yahoo
2014-01-09,UUP,21.76,18.18,yahoo
2014-01-10,UUP,21.67,18.10,yahoo
2014-01-13,UUP,21.62,18.06,yahoo
2014-01-14,UUP,21.66,18.09,yahoo
2014-01-15,UUP,21.76,18.18,yahoo
2014-01-16,UUP,21.74,18.16,yahoo
2014-01-17,UUP,21.82,18.23,yahoo
2014-01-21,UUP,21.78,18.20,yahoo
2014-01-22,UUP,21.81,18.22,yahoo
2014-01-23,UUP,21.59,18.04,yahoo
2014-01-24,UUP,21.62,18.06,yahoo
2014-01-27,UUP,21.62,18.06,yahoo
2014-01-28,UUP,21.63,18.07,yahoo
2014-01-29,UUP,21.63,18.07,yahoo
2014-01-30,UUP,21.77,18.19,yahoo
2014-01-31,UUP,21.83,18.24,yahoo
2014-02-03,UUP,21.76,18.18,yahoo
2014-02-04,UUP,21.78,18.20,yahoo
2014-02-05,UUP,21.75,18.17,yahoo
2014-02-06,UUP,21.72,18.14,yahoo
2014-02-07,UUP,21.65,18.09,yahoo
2014-02-10,UUP,21.63,18.07,yahoo
2014-02-11,UUP,21.63,18.07,yahoo
2014-02-12,UUP,21.65,18.09,yahoo
2014-02-13,UUP,21.53,17.99,yahoo
2014-02-14,UUP,21.49,17.95,yahoo
2014-02-18,UUP,21.45,17.92,yahoo
2014-02-19,UUP,21.51,17.97,yahoo
2014-02-20,UUP,21.54,17.99,yahoo
2014-02-21,UUP,21.52,17.98,yahoo
2014-02-24,UUP,21.51,17.97,yahoo
2014-02-25,UUP,21.48,17.94,yahoo
2014-02-26,UUP,21.56,18.01,yahoo
2014-02-27,UUP,21.52,17.98,yahoo
2014-02-28,UUP,21.38,17.86,yahoo
2014-03-03,UUP,21.46,17.93,yahoo
2014-03-04,UUP,21.48,17.94,yahoo
2014-03-05,UUP,21.47,17.94,yahoo
2014-03-06,UUP,21.35,17.84,yahoo
2014-03-07,UUP,21.37,17.85,yahoo
2014-03-10,UUP,21.38,17.86,yahoo
2014-03-11,UUP,21.38,17.86,yahoo
2014-03-12,UUP,21.32,17.81,yahoo
2014-03-13,UUP,21.33,17.82,yahoo
2014-03-14,UUP,21.28,17.78,yahoo
2014-03-17,UUP,21.26,17.76,yahoo
2014-03-18,UUP,21.27,17.77,yahoo
2014-03-19,UUP,21.43,17.90,yahoo
2014-03-20,UUP,21.50,17.96,yahoo
2014-03-21,UUP,21.47,17.94,yahoo
2014-03-24,UUP,21.41,17.89,yahoo
2014-03-25,UUP,21.42,17.89,yahoo
2014-03-26,UUP,21.42,17.89,yahoo
2014-03-27,UUP,21.48,17.94,yahoo
2014-03-28,UUP,21.48,17.94,yahoo
2014-03-31,UUP,21.46,17.93,yahoo
2014-04-01,UUP,21.46,17.93,yahoo
2014-04-02,UUP,21.50,17.96,yahoo
2014-04-03,UUP,21.56,18.01,yahoo
2014-04-04,UUP,21.54,17.99,yahoo
2014-04-07,UUP,21.49,17.95,yahoo
2014-04-08,UUP,21.35,17.84,yahoo
2014-04-09,UUP,21.27,17.77,yahoo
2014-04-10,UUP,21.26,17.76,yahoo
2014-04-11,UUP,21.27,17.77,yahoo
2014-04-14,UUP,21.33,17.82,yahoo
2014-04-15,UUP,21.35,17.84,yahoo
2014-04-16,UUP,21.37,17.85,yahoo
2014-04-17,UUP,21.37,17.85,yahoo
2014-04-21,UUP,21.39,17.87,yahoo
2014-04-22,UUP,21.37,17.85,yahoo
2014-04-23,UUP,21.37,17.85,yahoo
2014-04-24,UUP,21.34,17.83,yahoo
2014-04-25,UUP,21.34,17.83,yahoo
2014-04-28,UUP,21.32,17.81,yahoo
2014-04-29,UUP,21.34,17.83,yahoo
2014-04-30,UUP,21.28,17.78,yahoo
2014-05-01,UUP,21.27,17.77,yahoo
2014-05-02,UUP,21.27,17.77,yahoo
2014-05-05,UUP,21.26,17.76,yahoo
2014-05-06,UUP,21.16,17.68,yahoo
2014-05-07,UUP,21.17,17.69,yahoo
2014-05-08,UUP,21.22,17.73,yahoo
2014-05-09,UUP,21.35,17.84,yahoo
2014-05-12,UUP,21.37,17.85,yahoo
2014-05-13,UUP,21.42,17.89,yahoo
2014-05-14,UUP,21.41,17.89,yahoo
2014-05-15,UUP,21.39,17.87,yahoo
2014-05-16,UUP,21.39,17.87,yahoo
2014-05-19,UUP,21.39,17.87,yahoo
2014-05-20,UUP,21.40,17.88,yahoo
2014-05-21,UUP,21.40,17.88,yahoo
2014-05-22,UUP,21.44,17.91,yahoo
2014-05-23,UUP,21.48,17.94,yahoo
2014-05-27,UUP,21.47,17.94,yahoo
2014-05-28,UUP,21.53,17.99,yahoo
2014-05-29,UUP,21.52,17.98,yahoo
2014-05-30,UUP,21.47,17.94,yahoo
2014-06-02,UUP,21.55,18.00,yahoo
2014-06-03,UUP,21.53,17.99,yahoo
2014-06-04,UUP,21.55,18.00,yahoo
2014-06-05,UUP,21.46,17.93,yahoo
2014-06-06,UUP,21.47,17.94,yahoo
2014-06-09,UUP,21.55,18.00,yahoo
2014-06-10,UUP,21.59,18.04,yahoo
2014-06-11,UUP,21.59,18.04,yahoo
2014-06-12,UUP,21.54,17.99,yahoo
2014-06-13,UUP,21.54,17.99,yahoo
2014-06-16,UUP,21.48,17.94,yahoo
2014-06-17,UUP,21.54,17.99,yahoo
2014-06-18,UUP,21.47,17.94,yahoo
2014-06-19,UUP,21.43,17.90,yahoo
2014-06-20,UUP,21.44,17.91,yahoo
2014-06-23,UUP,21.40,17.88,yahoo
2014-06-24,UUP,21.42,17.89,yahoo
2014-06-25,UUP,21.40,17.88,yahoo
2014-06-26,UUP,21.41,17.89,yahoo
2014-06-27,UUP,21.34,17.83,yahoo
2014-06-30,UUP,21.26,17.76,yahoo
2014-07-01,UUP,21.27,17.77,yahoo
2014-07-02,UUP,21.31,17.80,yahoo
2014-07-03,UUP,21.39,17.87,yahoo
2014-07-07,UUP,21.40,17.88,yahoo
2014-07-08,UUP,21.39,17.87,yahoo
2014-07-09,UUP,21.34,17.83,yahoo
2014-07-10,UUP,21.37,17.85,yahoo
2014-07-11,UUP,21.38,17.86,yahoo
2014-07-14,UUP,21.37,17.85,yahoo
2014-07-15,UUP,21.44,17.91,yahoo
2014-07-16,UUP,21.49,17.95,yahoo
2014-07-17,UUP,21.48,17.94,yahoo
2014-07-18,UUP,21.48,17.94,yahoo
2014-07-21,UUP,21.47,17.94,yahoo
2014-07-22,UUP,21.54,17.99,yahoo
2014-07-23,UUP,21.55,18.00,yahoo
2014-07-24,UUP,21.58,18.03,yahoo
2014-07-25,UUP,21.62,18.06,yahoo
2014-07-28,UUP,21.62,18.06,yahoo
2014-07-29,UUP,21.66,18.09,yahoo
2014-07-30,UUP,21.71,18.14,yahoo
2014-07-31,UUP,21.74,18.16,yahoo
2014-08-01,UUP,21.71,18.14,yahoo
2014-08-04,UUP,21.70,18.13,yahoo
2014-08-05,UUP,21.75,18.17,yahoo
2014-08-06,UUP,21.72,18.14,yahoo
2014-08-07,UUP,21.75,18.17,yahoo
2014-08-08,UUP,21.70,18.13,yahoo
2014-08-11,UUP,21.71,18.14,yahoo
2014-08-12,UUP,21.73,18.15,yahoo
2014-08-13,UUP,21.75,18.17,yahoo
2014-08-14,UUP,21.74,18.16,yahoo
2014-08-15,UUP,21.70,18.13,yahoo
2014-08-18,UUP,21.74,18.16,yahoo
2014-08-19,UUP,21.82,18.23,yahoo
2014-08-20,UUP,21.92,18.31,yahoo
2014-08-21,UUP,21.89,18.29,yahoo
2014-08-22,UUP,21.94,18.33,yahoo
2014-08-25,UUP,22,18.38,yahoo
2014-08-26,UUP,22.02,18.40,yahoo
2014-08-27,UUP,21.97,18.35,yahoo
2014-08-28,UUP,21.97,18.35,yahoo
2014-08-29,UUP,22.02,18.40,yahoo
2014-09-02,UUP,22.09,18.45,yahoo
2014-09-03,UUP,22.07,18.44,yahoo
2014-09-04,UUP,22.30,18.63,yahoo
2014-09-05,UUP,22.30,18.63,yahoo
2014-09-08,UUP,22.43,18.74,yahoo
2014-09-09,UUP,22.39,18.70,yahoo
2014-09-10,UUP,22.43,18.74,yahoo
2014-09-11,UUP,22.45,18.75,yahoo
2014-09-12,UUP,22.43,18.74,yahoo
2014-09-15,UUP,22.43,18.74,yahoo
2014-09-16,UUP,22.39,18.70,yahoo
2014-09-17,UUP,22.53,18.82,yahoo
2014-09-18,UUP,22.43,18.74,yahoo
2014-09-19,UUP,22.55,18.84,yahoo
2014-09-22,UUP,22.53,18.82,yahoo
2014-09-23,UUP,22.53,18.82,yahoo
2014-09-24,UUP,22.63,18.91,yahoo
2014-09-25,UUP,22.67,18.94,yahoo
2014-09-26,UUP,22.80,19.05,yahoo
2014-09-29,UUP,22.78,19.03,yahoo
2014-09-30,UUP,22.87,19.11,yahoo
2014-10-01,UUP,22.85,19.09,yahoo
2014-10-02,UUP,22.78,19.03,yahoo
2014-10-03,UUP,23.08,19.28,yahoo
2014-10-06,UUP,22.82,19.06,yahoo
2014-10-07,UUP,22.78,19.03,yahoo
2014-10-08,UUP,22.68,18.95,yahoo
2014-10-09,UUP,22.75,19.01,yahoo
2014-10-10,UUP,22.86,19.10,yahoo
2014-10-13,UUP,22.73,18.99,yahoo
2014-10-14,UUP,22.83,19.07,yahoo
2014-10-15,UUP,22.59,18.87,yahoo
2014-10-16,UUP,22.59,18.87,yahoo
2014-10-17,UUP,22.66,18.93,yahoo
2014-10-20,UUP,22.58,18.86,yahoo
2014-10-21,UUP,22.70,18.96,yahoo
2014-10-22,UUP,22.80,19.05,yahoo
2014-10-23,UUP,22.82,19.06,yahoo
2014-10-24,UUP,22.78,19.03,yahoo
2014-10-27,UUP,22.72,18.98,yahoo
2014-10-28,UUP,22.68,18.95,yahoo
2014-10-29,UUP,22.85,19.09,yahoo
2014-10-30,UUP,22.91,19.14,yahoo
2014-10-31,UUP,23.09,19.29,yahoo
2014-11-03,UUP,23.20,19.38,yahoo
2014-11-04,UUP,23.14,19.33,yahoo
2014-11-05,UUP,23.25,19.42,yahoo
2014-11-06,UUP,23.41,19.56,yahoo
2014-11-07,UUP,23.27,19.44,yahoo
2014-11-10,UUP,23.34,19.50,yahoo
2014-11-11,UUP,23.25,19.42,yahoo
2014-11-12,UUP,23.33,19.49,yahoo
2014-11-13,UUP,23.31,19.47,yahoo
2014-11-14,UUP,23.25,19.42,yahoo
2014-11-17,UUP,23.37,19.52,yahoo
2014-11-18,UUP,23.26,19.43,yahoo
2014-11-19,UUP,23.30,19.46,yahoo
2014-11-20,UUP,23.27,19.44,yahoo
2014-11-21,UUP,23.46,19.60,yahoo
2014-11-24,UUP,23.40,19.55,yahoo
2014-11-25,UUP,23.35,19.51,yahoo
2014-11-26,UUP,23.28,19.45,yahoo
2014-11-28,UUP,23.47,19.61,yahoo
2014-12-01,UUP,23.36,19.52,yahoo
2014-12-02,UUP,23.55,19.67,yahoo
2014-12-03,UUP,23.62,19.73,yahoo
2014-12-04,UUP,23.53,19.66,yahoo
2014-12-05,UUP,23.71,19.81,yahoo
2014-12-08,UUP,23.66,19.77,yahoo
2014-12-09,UUP,23.55,19.67,yahoo
2014-12-10,UUP,23.42,19.57,yahoo
2014-12-11,UUP,23.51,19.64,yahoo
2014-12-12,UUP,23.43,19.57,yahoo
2014-12-15,UUP,23.48,19.62,yahoo
2014-12-16,UUP,23.31,19.47,yahoo
2014-12-17,UUP,23.60,19.72,yahoo
2014-12-18,UUP,23.67,19.77,yahoo
2014-12-19,UUP,23.77,19.86,yahoo
2014-12-22,UUP,23.79,19.87,yahoo
2014-12-23,UUP,23.91,19.97,yahoo
2014-12-24,UUP,23.88,19.95,yahoo
2014-12-26,UUP,23.89,19.96,yahoo
2014-12-29,UUP,23.95,20.01,yahoo
2014-12-30,UUP,23.89,19.96,yahoo
2014-12-31,UUP,23.97,20.02,yahoo
2015-01-02,UUP,24.20,20.22,yahoo
2015-01-05,UUP,24.25,20.26,yahoo
2015-01-06,UUP,24.30,20.30,yahoo
2015-01-07,UUP,24.39,20.38,yahoo
2015-01-08,UUP,24.49,20.46,yahoo
2015-01-09,UUP,24.38,20.37,yahoo
2015-01-12,UUP,24.38,20.37,yahoo
2015-01-13,UUP,24.45,20.43,yahoo
2015-01-14,UUP,24.40,20.38,yahoo
2015-01-15,UUP,24.48,20.45,yahoo
2015-01-16,UUP,24.59,20.54,yahoo
2015-01-20,UUP,24.69,20.63,yahoo
2015-01-21,UUP,24.62,20.57,yahoo
2015-01-22,UUP,24.99,20.88,yahoo
2015-01-23,UUP,25.21,21.06,yahoo
2015-01-26,UUP,25.17,21.03,yahoo
2015-01-27,UUP,24.93,20.83,yahoo
2015-01-28,UUP,25.08,20.95,yahoo
2015-01-29,UUP,25.10,20.97,yahoo
2015-01-30,UUP,25.13,20.99,yahoo
2015-02-02,UUP,25.08,20.95,yahoo
2015-02-03,UUP,24.79,20.71,yahoo
2015-02-04,UUP,24.94,20.83,yahoo
2015-02-05,UUP,24.76,20.68,yahoo
2015-02-06,UUP,25.06,20.94,yahoo
2015-02-09,UUP,25.04,20.92,yahoo
2015-02-10,UUP,25.07,20.94,yahoo
2015-02-11,UUP,25.16,21.02,yahoo
2015-02-12,UUP,24.92,20.82,yahoo
2015-02-13,UUP,24.91,20.81,yahoo
2015-02-17,UUP,24.88,20.78,yahoo
2015-02-18,UUP,24.89,20.79,yahoo
2015-02-19,UUP,24.98,20.87,yahoo
2015-02-20,UUP,24.96,20.85,yahoo
2015-02-23,UUP,25.03,20.91,yahoo
2015-02-24,UUP,24.98,20.87,yahoo
2015-02-25,UUP,24.93,20.83,yahoo
2015-02-26,UUP,25.19,21.04,yahoo
2015-02-27,UUP,25.20,21.05,yahoo
2015-03-02,UUP,25.25,21.09,yahoo
2015-03-03,UUP,25.24,21.09,yahoo
2015-03-04,UUP,25.37,21.19,yahoo
2015-03-05,UUP,25.49,21.29,yahoo
2015-03-06,UUP,25.80,21.55,yahoo
2015-03-09,UUP,25.80,21.55,yahoo
2015-03-10,UUP,26.07,21.78,yahoo
2015-03-11,UUP,26.36,22.02,yahoo
2015-03-12,UUP,26.22,21.90,yahoo
2015-03-13,UUP,26.49,22.13,yahoo
2015-03-16,UUP,26.29,21.96,yahoo
2015-03-17,UUP,26.30,21.97,yahoo
2015-03-18,UUP,25.78,21.54,yahoo
2015-03-19,UUP,26.17,21.86,yahoo
2015-03-20,UUP,25.82,21.57,yahoo
2015-03-23,UUP,25.54,21.34,yahoo
2015-03-24,UUP,25.62,21.40,yahoo
2015-03-25,UUP,25.55,21.34,yahoo
2015-03-26,UUP,25.64,21.42,yahoo
2015-03-27,UUP,25.66,21.44,yahoo
2015-03-30,UUP,25.86,21.60,yahoo
2015-03-31,UUP,25.90,21.64,yahoo
2015-04-01,UUP,25.91,21.65,yahoo
2015-04-02,UUP,25.71,21.48,yahoo
2015-04-06,UUP,25.51,21.31,yahoo
2015-04-07,UUP,25.80,21.55,yahoo
2015-04-08,UUP,25.84,21.59,yahoo
2015-04-09,UUP,26.11,21.81,yahoo
2015-04-10,UUP,26.17,21.86,yahoo
2015-04-13,UUP,26.21,21.90,yahoo
2015-04-14,UUP,26.01,21.73,yahoo
2015-04-15,UUP,25.89,21.63,yahoo
2015-04-16,UUP,25.69,21.46,yahoo
2015-04-17,UUP,25.63,21.41,yahoo
2015-04-20,UUP,25.78,21.54,yahoo
2015-04-21,UUP,25.81,21.56,yahoo
2015-04-22,UUP,25.81,21.56,yahoo
2015-04-23,UUP,25.62,21.40,yahoo
2015-04-24,UUP,25.52,21.32,yahoo
2015-04-27,UUP,25.44,21.25,yahoo
2015-04-28,UUP,25.28,21.12,yahoo
2015-04-29,UUP,25.06,20.94,yahoo
2015-04-30,UUP,24.91,20.81,yahoo
2015-05-01,UUP,25.03,20.91,yahoo
2015-05-04,UUP,25.10,20.97,yahoo
2015-05-05,UUP,25.03,20.91,yahoo
2015-05-06,UUP,24.75,20.68,yahoo
2015-05-07,UUP,24.88,20.78,yahoo
2015-05-08,UUP,24.91,20.81,yahoo
2015-05-11,UUP,24.99,20.88,yahoo
2015-05-12,UUP,24.85,20.76,yahoo
2015-05-13,UUP,24.63,20.58,yahoo
2015-05-14,UUP,24.55,20.51,yahoo
2015-05-15,UUP,24.51,20.48,yahoo
2015-05-18,UUP,24.75,20.68,yahoo
2015-05-19,UUP,25.04,20.92,yahoo
2015-05-20,UUP,25.09,20.96,yahoo
2015-05-21,UUP,25.05,20.93,yahoo
2015-05-22,UUP,25.28,21.12,yahoo
2015-05-26,UUP,25.56,21.35,yahoo
2015-05-27,UUP,25.57,21.36,yahoo
2015-05-28,UUP,25.50,21.30,yahoo
2015-05-29,UUP,25.46,21.27,yahoo
2015-06-01,UUP,25.61,21.39,yahoo
2015-06-02,UUP,25.22,21.07,yahoo
2015-06-03,UUP,25.05,20.93,yahoo
2015-06-04,UUP,25.08,20.95,yahoo
2015-06-05,UUP,25.30,21.14,yahoo
2015-06-08,UUP,25.01,20.89,yahoo
2015-06-09,UUP,24.98,20.87,yahoo
2015-06-10,UUP,24.84,20.75,yahoo
2015-06-11,UUP,24.91,20.81,yahoo
2015-06-12,UUP,24.89,20.79,yahoo
2015-06-15,UUP,24.87,20.78,yahoo
2015-06-16,UUP,24.92,20.82,yahoo
2015-06-17,UUP,24.70,20.63,yahoo
2015-06-18,UUP,24.62,20.57,yahoo
2015-06-19,UUP,24.68,20.62,yahoo
2015-06-22,UUP,24.73,20.66,yahoo
2015-06-23,UUP,25.02,20.90,yahoo
2015-06-24,UUP,24.97,20.86,yahoo
2015-06-25,UUP,24.93,20.83,yahoo
2015-06-26,UUP,25,20.89,yahoo
2015-06-29,UUP,24.86,20.77,yahoo
2015-06-30,UUP,25.03,20.91,yahoo
2015-07-01,UUP,25.23,21.08,yahoo
2015-07-02,UUP,25.17,21.03,yahoo
2015-07-06,UUP,25.22,21.07,yahoo
2015-07-07,UUP,25.30,21.14,yahoo
2015-07-08,UUP,25.20,21.05,yahoo
2015-07-09,UUP,25.28,21.12,yahoo
2015-07-10,UUP,25.10,20.97,yahoo
2015-07-13,UUP,25.35,21.18,yahoo
2015-07-14,UUP,25.31,21.14,yahoo
2015-07-15,UUP,25.42,21.24,yahoo
2015-07-16,UUP,25.56,21.35,yahoo
2015-07-17,UUP,25.62,21.40,yahoo
2015-07-20,UUP,25.63,21.41,yahoo
2015-07-21,UUP,25.45,21.26,yahoo
2015-07-22,UUP,25.51,21.31,yahoo
2015-07-23,UUP,25.41,21.23,yahoo
2015-07-24,UUP,25.45,21.26,yahoo
2015-07-27,UUP,25.25,21.09,yahoo
2015-07-28,UUP,25.27,21.11,yahoo
2015-07-29,UUP,25.41,21.23,yahoo
2015-07-30,UUP,25.51,21.31,yahoo
2015-07-31,UUP,25.43,21.24,yahoo
2015-08-03,UUP,25.49,21.29,yahoo
2015-08-04,UUP,25.62,21.40,yahoo
2015-08-05,UUP,25.61,21.39,yahoo
2015-08-06,UUP,25.56,21.35,yahoo
2015-08-07,UUP,25.52,21.32,yahoo
2015-08-10,UUP,25.40,21.22,yahoo
2015-08-11,UUP,25.40,21.22,yahoo
2015-08-12,UUP,25.13,20.99,yahoo
2015-08-13,UUP,25.17,21.03,yahoo
2015-08-14,UUP,25.24,21.09,yahoo
2015-08-17,UUP,25.28,21.12,yahoo
2015-08-18,UUP,25.34,21.17,yahoo
2015-08-19,UUP,25.18,21.04,yahoo
2015-08-20,UUP,25.04,20.92,yahoo
2015-08-21,UUP,24.80,20.72,yahoo
2015-08-24,UUP,24.39,20.38,yahoo
2015-08-25,UUP,24.56,20.52,yahoo
2015-08-26,UUP,24.86,20.77,yahoo
2015-08-27,UUP,25.02,20.90,yahoo
2015-08-28,UUP,25.10,20.97,yahoo
2015-08-31,UUP,25.06,20.94,yahoo
2015-09-01,UUP,24.91,20.81,yahoo
2015-09-02,UUP,25.04,20.92,yahoo
2015-09-03,UUP,25.16,21.02,yahoo
2015-09-04,UUP,25.13,20.99,yahoo
2015-09-08,UUP,25.04,20.92,yahoo
2015-09-09,UUP,25.04,20.92,yahoo
2015-09-10,UUP,24.94,20.83,yahoo
2015-09-11,UUP,24.83,20.74,yahoo
2015-09-14,UUP,24.84,20.75,yahoo
2015-09-15,UUP,24.94,20.83,yahoo
2015-09-16,UUP,24.87,20.78,yahoo
2015-09-17,UUP,24.61,20.56,yahoo
2015-09-18,UUP,24.86,20.77,yahoo
2015-09-21,UUP,25.01,20.89,yahoo
2015-09-22,UUP,25.12,20.99,yahoo
2015-09-23,UUP,25.12,20.99,yahoo
2015-09-24,UUP,25.04,20.92,yahoo
2015-09-25,UUP,25.08,20.95,yahoo
2015-09-28,UUP,25.05,20.93,yahoo
2015-09-29,UUP,25.01,20.89,yahoo
2015-09-30,UUP,25.10,20.97,yahoo
2015-10-01,UUP,25.09,20.96,yahoo
2015-10-02,UUP,25.03,20.91,yahoo
2015-10-05,UUP,25.04,20.92,yahoo
2015-10-06,UUP,24.87,20.78,yahoo
2015-10-07,UUP,24.90,20.80,yahoo
2015-10-08,UUP,24.84,20.75,yahoo
2015-10-09,UUP,24.72,20.65,yahoo
2015-10-12,UUP,24.70,20.63,yahoo
2015-10-13,UUP,24.66,20.60,yahoo
2015-10-14,UUP,24.45,20.43,yahoo
2015-10-15,UUP,24.61,20.56,yahoo
2015-10-16,UUP,24.65,20.59,yahoo
2015-10-19,UUP,24.72,20.65,yahoo
2015-10-20,UUP,24.70,20.63,yahoo
2015-10-21,UUP,24.73,20.66,yahoo
2015-10-22,UUP,25.09,20.96,yahoo
2015-10-23,UUP,25.30,21.14,yahoo
2015-10-26,UUP,25.22,21.07,yahoo
2015-10-27,UUP,25.24,21.09,yahoo
2015-10-28,UUP,25.45,21.26,yahoo
2015-10-29,UUP,25.34,21.17,yahoo
2015-10-30,UUP,25.25,21.09,yahoo
2015-11-02,UUP,25.23,21.08,yahoo
2015-11-03,UUP,25.30,21.14,yahoo
2015-11-04,UUP,25.51,21.31,yahoo
2015-11-05,UUP,25.53,21.33,yahoo
2015-11-06,UUP,25.83,21.58,yahoo
2015-11-09,UUP,25.78,21.54,yahoo
2015-11-10,UUP,25.85,21.60,yahoo
2015-11-11,UUP,25.78,21.54,yahoo
2015-11-12,UUP,25.67,21.44,yahoo
2015-11-13,UUP,25.76,21.52,yahoo
2015-11-16,UUP,25.90,21.64,yahoo
2015-11-17,UUP,25.94,21.67,yahoo
2015-11-18,UUP,25.94,21.67,yahoo
2015-11-19,UUP,25.76,21.52,yahoo
2015-11-20,UUP,25.94,21.67,yahoo
2015-11-23,UUP,25.98,21.70,yahoo
2015-11-24,UUP,25.93,21.66,yahoo
2015-11-25,UUP,25.98,21.70,yahoo
2015-11-27,UUP,26.02,21.74,yahoo
2015-11-30,UUP,26.08,21.79,yahoo
2015-12-01,UUP,25.96,21.69,yahoo
2015-12-02,UUP,26.02,21.74,yahoo
2015-12-03,UUP,25.40,21.22,yahoo
2015-12-04,UUP,25.58,21.37,yahoo
2015-12-07,UUP,25.66,21.44,yahoo
2015-12-08,UUP,25.58,21.37,yahoo
2015-12-09,UUP,25.31,21.14,yahoo
2015-12-10,UUP,25.45,21.26,yahoo
2015-12-11,UUP,25.35,21.18,yahoo
2015-12-14,UUP,25.40,21.22,yahoo
2015-12-15,UUP,25.54,21.34,yahoo
2015-12-16,UUP,25.54,21.34,yahoo
2015-12-17,UUP,25.78,21.54,yahoo
2015-12-18,UUP,25.63,21.41,yahoo
2015-12-21,UUP,25.54,21.34,yahoo
2015-12-22,UUP,25.50,21.30,yahoo
2015-12-23,UUP,25.54,21.34,yahoo
2015-12-24,UUP,25.48,21.29,yahoo
2015-12-28,UUP,25.45,21.26,yahoo
2015-12-29,UUP,25.52,21.32,yahoo
2015-12-30,UUP,25.52,21.32,yahoo
2015-12-31,UUP,25.65,21.43,yahoo
2016-01-04,UUP,25.69,21.46,yahoo
2016-01-05,UUP,25.84,21.59,yahoo
2016-01-06,UUP,25.77,21.53,yahoo
2016-01-07,UUP,25.51,21.31,yahoo
2016-01-08,UUP,25.56,21.35,yahoo
2016-01-11,UUP,25.68,21.45,yahoo
2016-01-12,UUP,25.72,21.49,yahoo
2016-01-13,UUP,25.68,21.45,yahoo
2016-01-14,UUP,25.75,21.51,yahoo
2016-01-15,UUP,25.69,21.46,yahoo
2016-01-19,UUP,25.74,21.50,yahoo
2016-01-20,UUP,25.75,21.51,yahoo
2016-01-21,UUP,25.72,21.49,yahoo
2016-01-22,UUP,25.86,21.60,yahoo
2016-01-25,UUP,25.78,21.54,yahoo
2016-01-26,UUP,25.73,21.49,yahoo
2016-01-27,UUP,25.71,21.48,yahoo
2016-01-28,UUP,25.59,21.38,yahoo
2016-01-29,UUP,25.86,21.60,yahoo
2016-02-01,UUP,25.69,21.46,yahoo
2016-02-02,UUP,25.67,21.44,yahoo
2016-02-03,UUP,25.23,21.08,yahoo
2016-02-04,UUP,25.06,20.94,yahoo
2016-02-05,UUP,25.17,21.03,yahoo
2016-02-08,UUP,25.11,20.98,yahoo
2016-02-09,UUP,24.93,20.83,yahoo
2016-02-10,UUP,24.88,20.78,yahoo
2016-02-11,UUP,24.81,20.73,yahoo
2016-02-12,UUP,24.92,20.82,yahoo
2016-02-16,UUP,25.14,21.00,yahoo
2016-02-17,UUP,25.13,20.99,yahoo
2016-02-18,UUP,25.14,21.00,yahoo
2016-02-19,UUP,25.07,20.94,yahoo
2016-02-22,UUP,25.26,21.10,yahoo
2016-02-23,UUP,25.27,21.11,yahoo
2016-02-24,UUP,25.29,21.13,yahoo
2016-02-25,UUP,25.27,21.11,yahoo
2016-02-26,UUP,25.44,21.25,yahoo
2016-02-29,UUP,25.49,21.29,yahoo
2016-03-01,UUP,25.50,21.30,yahoo
2016-03-02,UUP,25.48,21.29,yahoo
2016-03-03,UUP,25.32,21.15,yahoo
2016-03-04,UUP,25.25,21.09,yahoo
2016-03-07,UUP,25.20,21.05,yahoo
2016-03-08,UUP,25.21,21.06,yahoo
2016-03-09,UUP,25.22,21.07,yahoo
2016-03-10,UUP,24.97,20.86,yahoo
2016-03-11,UUP,24.95,20.84,yahoo
2016-03-14,UUP,25.05,20.93,yahoo
2016-03-15,UUP,25.07,20.94,yahoo
2016-03-16,UUP,24.80,20.72,yahoo
2016-03-17,UUP,24.58,20.53,yahoo
2016-03-18,UUP,24.64,20.58,yahoo
2016-03-21,UUP,24.72,20.65,yahoo
2016-03-22,UUP,24.79,20.71,yahoo
2016-03-23,UUP,24.92,20.82,yahoo
2016-03-24,UUP,24.93,20.83,yahoo
2016-03-28,UUP,24.88,20.78,yahoo
2016-03-29,UUP,24.66,20.60,yahoo
2016-03-30,UUP,24.58,20.53,yahoo
2016-03-31,UUP,24.54,20.50,yahoo
2016-04-01,UUP,24.53,20.49,yahoo
2016-04-04,UUP,24.51,20.48,yahoo
2016-04-05,UUP,24.53,20.49,yahoo
2016-04-06,UUP,24.48,20.45,yahoo
2016-04-07,UUP,24.51,20.48,yahoo
2016-04-08,UUP,24.42,20.40,yahoo
2016-04-11,UUP,24.36,20.35,yahoo
2016-04-12,UUP,24.36,20.35,yahoo
2016-04-13,UUP,24.55,20.51,yahoo
2016-04-14,UUP,24.61,20.56,yahoo
2016-04-15,UUP,24.54,20.50,yahoo
2016-04-18,UUP,24.49,20.46,yahoo
2016-04-19,UUP,24.37,20.36,yahoo
2016-04-20,UUP,24.51,20.48,yahoo
2016-04-21,UUP,24.51,20.48,yahoo
2016-04-22,UUP,24.65,20.59,yahoo
2016-04-25,UUP,24.57,20.53,yahoo
2016-04-26,UUP,24.50,20.47,yahoo
2016-04-27,UUP,24.47,20.44,yahoo
2016-04-28,UUP,24.27,20.28,yahoo
2016-04-29,UUP,24.10,20.13,yahoo
2016-05-02,UUP,24.01,20.06,yahoo
2016-05-03,UUP,24.08,20.12,yahoo
2016-05-04,UUP,24.17,20.19,yahoo
2016-05-05,UUP,24.29,20.29,yahoo
2016-05-06,UUP,24.32,20.32,yahoo
2016-05-09,UUP,24.39,20.38,yahoo
2016-05-10,UUP,24.41,20.39,yahoo
2016-05-11,UUP,24.29,20.29,yahoo
2016-05-12,UUP,24.38,20.37,yahoo
2016-05-13,UUP,24.49,20.46,yahoo
2016-05-16,UUP,24.48,20.45,yahoo
2016-05-17,UUP,24.48,20.45,yahoo
2016-05-18,UUP,24.65,20.59,yahoo
2016-05-19,UUP,24.69,20.63,yahoo
2016-05-20,UUP,24.69,20.63,yahoo
2016-05-23,UUP,24.68,20.62,yahoo
2016-05-24,UUP,24.76,20.68,yahoo
2016-05-25,UUP,24.69,20.63,yahoo
2016-05-26,UUP,24.65,20.59,yahoo
2016-05-27,UUP,24.79,20.71,yahoo
2016-05-31,UUP,24.84,20.75,yahoo
2016-06-01,UUP,24.70,20.63,yahoo
2016-06-02,UUP,24.73,20.66,yahoo
2016-06-03,UUP,24.34,20.33,yahoo
2016-06-06,UUP,24.34,20.33,yahoo
2016-06-07,UUP,24.30,20.30,yahoo
2016-06-08,UUP,24.23,20.24,yahoo
2016-06-09,UUP,24.34,20.33,yahoo
2016-06-10,UUP,24.50,20.47,yahoo
2016-06-13,UUP,24.44,20.42,yahoo
2016-06-14,UUP,24.59,20.54,yahoo
2016-06-15,UUP,24.53,20.49,yahoo
2016-06-16,UUP,24.50,20.47,yahoo
2016-06-17,UUP,24.39,20.38,yahoo
2016-06-20,UUP,24.25,20.26,yahoo
2016-06-21,UUP,24.37,20.36,yahoo
2016-06-22,UUP,24.26,20.27,yahoo
2016-06-23,UUP,24.15,20.17,yahoo
2016-06-24,UUP,24.78,20.70,yahoo
2016-06-27,UUP,24.99,20.88,yahoo
2016-06-28,UUP,24.87,20.78,yahoo
2016-06-29,UUP,24.79,20.71,yahoo
2016-06-30,UUP,24.84,20.75,yahoo
2016-07-01,UUP,24.76,20.68,yahoo
2016-07-05,UUP,24.93,20.83,yahoo
2016-07-06,UUP,24.86,20.77,yahoo
2016-07-07,UUP,24.92,20.82,yahoo
2016-07-08,UUP,24.93,20.83,yahoo
2016-07-11,UUP,25,20.89,yahoo
2016-07-12,UUP,24.98,20.87,yahoo
2016-07-13,UUP,24.92,20.82,yahoo
2016-07-14,UUP,24.86,20.77,yahoo
2016-07-15,UUP,24.96,20.85,yahoo
2016-07-18,UUP,24.98,20.87,yahoo
2016-07-19,UUP,25.10,20.97,yahoo
2016-07-20,UUP,25.12,20.99,yahoo
2016-07-21,UUP,25.08,20.95,yahoo
2016-07-22,UUP,25.21,21.06,yahoo
2016-07-25,UUP,25.17,21.03,yahoo
2016-07-26,UUP,25.14,21.00,yahoo
2016-07-27,UUP,25.02,20.90,yahoo
2016-07-28,UUP,25.01,20.89,yahoo
2016-07-29,UUP,24.67,20.61,yahoo
2016-08-01,UUP,24.74,20.67,yahoo
2016-08-02,UUP,24.57,20.53,yahoo
2016-08-03,UUP,24.71,20.64,yahoo
2016-08-04,UUP,24.75,20.68,yahoo
2016-08-05,UUP,24.88,20.78,yahoo
2016-08-08,UUP,24.90,20.80,yahoo
2016-08-09,UUP,24.85,20.76,yahoo
2016-08-10,UUP,24.72,20.65,yahoo
2016-08-11,UUP,24.79,20.71,yahoo
2016-08-12,UUP,24.75,20.68,yahoo
2016-08-15,UUP,24.71,20.64,yahoo
2016-08-16,UUP,24.49,20.46,yahoo
2016-08-17,UUP,24.51,20.48,yahoo
2016-08-18,UUP,24.33,20.33,yahoo
2016-08-19,UUP,24.42,20.40,yahoo
2016-08-22,UUP,24.45,20.43,yahoo
2016-08-23,UUP,24.43,20.41,yahoo
2016-08-24,UUP,24.50,20.47,yahoo
2016-08-25,UUP,24.50,20.47,yahoo
2016-08-26,UUP,24.68,20.62,yahoo
2016-08-29,UUP,24.70,20.63,yahoo
2016-08-30,UUP,24.83,20.74,yahoo
2016-08-31,UUP,24.82,20.73,yahoo
2016-09-01,UUP,24.73,20.66,yahoo
2016-09-02,UUP,24.79,20.71,yahoo
2016-09-06,UUP,24.50,20.47,yahoo
2016-09-07,UUP,24.54,20.50,yahoo
2016-09-08,UUP,24.57,20.53,yahoo
2016-09-09,UUP,24.64,20.58,yahoo
2016-09-12,UUP,24.60,20.55,yahoo
2016-09-13,UUP,24.70,20.63,yahoo
2016-09-14,UUP,24.64,20.58,yahoo
2016-09-15,UUP,24.63,20.58,yahoo
2016-09-16,UUP,24.83,20.74,yahoo
2016-09-19,UUP,24.77,20.69,yahoo
2016-09-20,UUP,24.81,20.73,yahoo
2016-09-21,UUP,24.70,20.63,yahoo
2016-09-22,UUP,24.67,20.61,yahoo
2016-09-23,UUP,24.68,20.62,yahoo
2016-09-26,UUP,24.63,20.58,yahoo
2016-09-27,UUP,24.65,20.59,yahoo
2016-09-28,UUP,24.67,20.61,yahoo
2016-09-29,UUP,24.69,20.63,yahoo
2016-09-30,UUP,24.68,20.62,yahoo
2016-10-03,UUP,24.73,20.66,yahoo
2016-10-04,UUP,24.84,20.75,yahoo
2016-10-05,UUP,24.87,20.78,yahoo
2016-10-06,UUP,25,20.89,yahoo
2016-10-07,UUP,24.96,20.85,yahoo
2016-10-10,UUP,25.06,20.94,yahoo
2016-10-11,UUP,25.25,21.09,yahoo
2016-10-12,UUP,25.32,21.15,yahoo
2016-10-13,UUP,25.23,21.08,yahoo
2016-10-14,UUP,25.36,21.19,yahoo
2016-10-17,UUP,25.30,21.14,yahoo
2016-10-18,UUP,25.32,21.15,yahoo
2016-10-19,UUP,25.33,21.16,yahoo
2016-10-20,UUP,25.41,21.23,yahoo
2016-10-21,UUP,25.50,21.30,yahoo
2016-10-24,UUP,25.53,21.33,yahoo
2016-10-25,UUP,25.52,21.32,yahoo
2016-10-26,UUP,25.51,21.31,yahoo
2016-10-27,UUP,25.56,21.35,yahoo
2016-10-28,UUP,25.41,21.23,yahoo
2016-10-31,UUP,25.42,21.24,yahoo
2016-11-01,UUP,25.29,21.13,yahoo
2016-11-02,UUP,25.20,21.05,yahoo
2016-11-03,UUP,25.13,20.99,yahoo
2016-11-04,UUP,25.06,20.94,yahoo
2016-11-07,UUP,25.27,21.11,yahoo
2016-11-08,UUP,25.34,21.17,yahoo
2016-11-09,UUP,25.50,21.30,yahoo
2016-11-10,UUP,25.55,21.34,yahoo
2016-11-11,UUP,25.59,21.38,yahoo
2016-11-14,UUP,25.84,21.59,yahoo
2016-11-15,UUP,25.88,21.62,yahoo
2016-11-16,UUP,25.95,21.68,yahoo
2016-11-17,UUP,26.10,21.80,yahoo
2016-11-18,UUP,26.19,21.88,yahoo
2016-11-21,UUP,26.09,21.80,yahoo
2016-11-22,UUP,26.13,21.83,yahoo
2016-11-23,UUP,26.29,21.96,yahoo
2016-11-25,UUP,26.24,21.92,yahoo
2016-11-28,UUP,26.17,21.86,yahoo
2016-11-29,UUP,26.11,21.81,yahoo
2016-11-30,UUP,26.25,21.93,yahoo
2016-12-01,UUP,26.11,21.81,yahoo
2016-12-02,UUP,26.05,21.76,yahoo
2016-12-05,UUP,25.88,21.62,yahoo
2016-12-06,UUP,25.98,21.70,yahoo
2016-12-07,UUP,25.90,21.64,yahoo
2016-12-08,UUP,26.13,21.83,yahoo
2016-12-09,UUP,26.24,21.92,yahoo
2016-12-12,UUP,26.09,21.80,yahoo
2016-12-13,UUP,26.12,21.82,yahoo
2016-12-14,UUP,26.37,22.03,yahoo
2016-12-15,UUP,26.66,22.27,yahoo
2016-12-16,UUP,26.57,22.20,yahoo
2016-12-19,UUP,26.65,22.26,yahoo
2016-12-20,UUP,26.70,22.31,yahoo
2016-12-21,UUP,26.62,22.24,yahoo
2016-12-22,UUP,26.65,22.26,yahoo
2016-12-23,UUP,26.63,22.25,yahoo
2016-12-27,UUP,26.62,22.24,yahoo
2016-12-28,UUP,26.69,22.30,yahoo
2016-12-29,UUP,26.54,22.17,yahoo
2016-12-30,UUP,26.46,22.10,yahoo
2017-01-03,UUP,26.70,22.31,yahoo
2017-01-04,UUP,26.50,22.14,yahoo
2017-01-05,UUP,26.22,21.90,yahoo
2017-01-06,UUP,26.41,22.06,yahoo
2017-01-09,UUP,26.34,22.00,yahoo
2017-01-10,UUP,26.35,22.01,yahoo
2017-01-11,UUP,26.29,21.96,yahoo
2017-01-12,UUP,26.19,21.88,yahoo
2017-01-13,UUP,26.16,21.85,yahoo
2017-01-17,UUP,25.92,21.65,yahoo
2017-01-18,UUP,26.16,21.85,yahoo
2017-01-19,UUP,26.12,21.82,yahoo
2017-01-20,UUP,26.03,21.75,yahoo
2017-01-23,UUP,25.89,21.63,yahoo
2017-01-24,UUP,25.90,21.64,yahoo
2017-01-25,UUP,25.81,21.56,yahoo
2017-01-26,UUP,25.98,21.70,yahoo
2017-01-27,UUP,25.99,21.71,yahoo
2017-01-30,UUP,25.94,21.67,yahoo
2017-01-31,UUP,25.73,21.49,yahoo
2017-02-01,UUP,25.75,21.51,yahoo
2017-02-02,UUP,25.79,21.55,yahoo
2017-02-03,UUP,25.78,21.54,yahoo
2017-02-06,UUP,25.80,21.55,yahoo
2017-02-07,UUP,25.93,21.66,yahoo
2017-02-08,UUP,25.90,21.64,yahoo
2017-02-09,UUP,26,21.72,yahoo
2017-02-10,UUP,26.03,21.75,yahoo
2017-02-13,UUP,26.09,21.80,yahoo
2017-02-14,UUP,26.15,21.85,yahoo
2017-02-15,UUP,26.10,21.80,yahoo
2017-02-16,UUP,25.95,21.68,yahoo
2017-02-17,UUP,26.08,21.79,yahoo
2017-02-21,UUP,26.20,21.89,yahoo
2017-02-22,UUP,26.14,21.84,yahoo
2017-02-23,UUP,26.08,21.79,yahoo
2017-02-24,UUP,26.13,21.83,yahoo
2017-02-27,UUP,26.13,21.83,yahoo
2017-02-28,UUP,26.11,21.81,yahoo
2017-03-01,UUP,26.29,21.96,yahoo
2017-03-02,UUP,26.40,22.05,yahoo
2017-03-03,UUP,26.17,21.86,yahoo
2017-03-06,UUP,26.26,21.94,yahoo
2017-03-07,UUP,26.29,21.96,yahoo
2017-03-08,UUP,26.38,22.04,yahoo
2017-03-09,UUP,26.33,22.00,yahoo
2017-03-10,UUP,26.15,21.85,yahoo
2017-03-13,UUP,26.19,21.88,yahoo
2017-03-14,UUP,26.28,21.95,yahoo
2017-03-15,UUP,25.97,21.70,yahoo
2017-03-16,UUP,25.88,21.62,yahoo
2017-03-17,UUP,25.89,21.63,yahoo
2017-03-20,UUP,25.90,21.64,yahoo
2017-03-21,UUP,25.74,21.50,yahoo
2017-03-22,UUP,25.72,21.49,yahoo
2017-03-23,UUP,25.75,21.51,yahoo
2017-03-24,UUP,25.74,21.50,yahoo
2017-03-27,UUP,25.60,21.39,yahoo
2017-03-28,UUP,25.74,21.50,yahoo
2017-03-29,UUP,25.79,21.55,yahoo
2017-03-30,UUP,25.96,21.69,yahoo
2017-03-31,UUP,25.95,21.68,yahoo
2017-04-03,UUP,25.95,21.68,yahoo
2017-04-04,UUP,25.98,21.70,yahoo
2017-04-05,UUP,25.97,21.70,yahoo
2017-04-06,UUP,26.03,21.75,yahoo
2017-04-07,UUP,26.15,21.85,yahoo
2017-04-10,UUP,26.10,21.80,yahoo
2017-04-11,UUP,26.02,21.74,yahoo
2017-04-12,UUP,25.89,21.63,yahoo
2017-04-13,UUP,25.98,21.70,yahoo
2017-04-17,UUP,25.91,21.65,yahoo
2017-04-18,UUP,25.69,21.46,yahoo
2017-04-19,UUP,25.78,21.54,yahoo
2017-04-20,UUP,25.79,21.55,yahoo
2017-04-21,UUP,25.81,21.56,yahoo
2017-04-24,UUP,25.57,21.36,yahoo
2017-04-25,UUP,25.50,21.30,yahoo
2017-04-26,UUP,25.56,21.35,yahoo
2017-04-27,UUP,25.60,21.39,yahoo
2017-04-28,UUP,25.57,21.36,yahoo
2017-05-01,UUP,25.59,21.38,yahoo
2017-05-02,UUP,25.55,21.34,yahoo
2017-05-03,UUP,25.65,21.43,yahoo
2017-05-04,UUP,25.49,21.29,yahoo
2017-05-05,UUP,25.45,21.26,yahoo
2017-05-08,UUP,25.59,21.38,yahoo
2017-05-09,UUP,25.72,21.49,yahoo
2017-05-10,UUP,25.73,21.49,yahoo
2017-05-11,UUP,25.74,21.50,yahoo
2017-05-12,UUP,25.61,21.39,yahoo
2017-05-15,UUP,25.54,21.34,yahoo
2017-05-16,UUP,25.35,21.18,yahoo
2017-05-17,UUP,25.18,21.04,yahoo
2017-05-18,UUP,25.27,21.11,yahoo
2017-05-19,UUP,25.09,20.96,yahoo
2017-05-22,UUP,25.05,20.93,yahoo
2017-05-23,UUP,25.16,21.02,yahoo
2017-05-24,UUP,25.08,20.95,yahoo
2017-05-25,UUP,25.11,20.98,yahoo
2017-05-26,UUP,25.17,21.03,yahoo
2017-05-30,UUP,25.14,21.00,yahoo
2017-05-31,UUP,25.08,20.95,yahoo
2017-06-01,UUP,25.11,20.98,yahoo
2017-06-02,UUP,24.99,20.88,yahoo
2017-06-05,UUP,25.01,20.89,yahoo
2017-06-06,UUP,24.95,20.84,yahoo
2017-06-07,UUP,24.98,20.87,yahoo
2017-06-08,UUP,25.07,20.94,yahoo
2017-06-09,UUP,25.15,21.01,yahoo
2017-06-12,UUP,25.11,20.98,yahoo
2017-06-13,UUP,25.08,20.95,yahoo
2017-06-14,UUP,25.06,20.94,yahoo
2017-06-15,UUP,25.21,21.06,yahoo
2017-06-16,UUP,25.12,20.99,yahoo
2017-06-19,UUP,25.23,21.08,yahoo
2017-06-20,UUP,25.27,21.11,yahoo
2017-06-21,UUP,25.22,21.07,yahoo
2017-06-22,UUP,25.23,21.08,yahoo
2017-06-23,UUP,25.15,21.01,yahoo
2017-06-26,UUP,25.19,21.04,yahoo
2017-06-27,UUP,24.91,20.81,yahoo
2017-06-28,UUP,24.83,20.74,yahoo
2017-06-29,UUP,24.71,20.64,yahoo
2017-06-30,UUP,24.75,20.68,yahoo
2017-07-03,UUP,24.90,20.80,yahoo
2017-07-05,UUP,24.91,20.81,yahoo
2017-07-06,UUP,24.80,20.72,yahoo
2017-07-07,UUP,24.84,20.75,yahoo
2017-07-10,UUP,24.85,20.76,yahoo
2017-07-11,UUP,24.76,20.68,yahoo
2017-07-12,UUP,24.76,20.68,yahoo
2017-07-13,UUP,24.77,20.69,yahoo
2017-07-14,UUP,24.62,20.57,yahoo
2017-07-17,UUP,24.62,20.57,yahoo
2017-07-18,UUP,24.49,20.46,yahoo
2017-07-19,UUP,24.55,20.51,yahoo
2017-07-20,UUP,24.40,20.38,yahoo
2017-07-21,UUP,24.32,20.32,yahoo
2017-07-24,UUP,24.33,20.33,yahoo
2017-07-25,UUP,24.37,20.36,yahoo
2017-07-26,UUP,24.23,20.24,yahoo
2017-07-27,UUP,24.32,20.32,yahoo
2017-07-28,UUP,24.17,20.19,yahoo
2017-07-31,UUP,24.07,20.11,yahoo
2017-08-01,UUP,24.11,20.14,yahoo
2017-08-02,UUP,24.08,20.12,yahoo
2017-08-03,UUP,24.02,20.07,yahoo
2017-08-04,UUP,24.23,20.24,yahoo
2017-08-07,UUP,24.22,20.23,yahoo
2017-08-08,UUP,24.26,20.27,yahoo
2017-08-09,UUP,24.24,20.25,yahoo
2017-08-10,UUP,24.20,20.22,yahoo
2017-08-11,UUP,24.11,20.14,yahoo
2017-08-14,UUP,24.21,20.23,yahoo
2017-08-15,UUP,24.32,20.32,yahoo
2017-08-16,UUP,24.24,20.25,yahoo
2017-08-17,UUP,24.29,20.29,yahoo
2017-08-18,UUP,24.21,20.23,yahoo
2017-08-21,UUP,24.14,20.17,yahoo
2017-08-22,UUP,24.24,20.25,yahoo
2017-08-23,UUP,24.14,20.17,yahoo
2017-08-24,UUP,24.19,20.21,yahoo
2017-08-25,UUP,23.99,20.04,yahoo
2017-08-28,UUP,23.92,19.98,yahoo
2017-08-29,UUP,23.95,20.01,yahoo
2017-08-30,UUP,24.10,20.13,yahoo
2017-08-31,UUP,24.03,20.07,yahoo
2017-09-01,UUP,24.08,20.12,yahoo
2017-09-05,UUP,23.95,20.01,yahoo
2017-09-06,UUP,23.93,19.99,yahoo
2017-09-07,UUP,23.76,19.85,yahoo
2017-09-08,UUP,23.70,19.80,yahoo
2017-09-11,UUP,23.86,19.93,yahoo
2017-09-12,UUP,23.85,19.92,yahoo
2017-09-13,UUP,23.99,20.04,yahoo
2017-09-14,UUP,23.92,19.98,yahoo
2017-09-15,UUP,23.84,19.92,yahoo
2017-09-18,UUP,23.90,19.97,yahoo
2017-09-19,UUP,23.83,19.91,yahoo
2017-09-20,UUP,24.02,20.07,yahoo
2017-09-21,UUP,23.95,20.01,yahoo
2017-09-22,UUP,23.93,19.99,yahoo
2017-09-25,UUP,24.07,20.11,yahoo
2017-09-26,UUP,24.15,20.17,yahoo
2017-09-27,UUP,24.27,20.28,yahoo
2017-09-28,UUP,24.20,20.22,yahoo
2017-09-29,UUP,24.18,20.20,yahoo
2017-10-02,UUP,24.32,20.32,yahoo
2017-10-03,UUP,24.31,20.31,yahoo
2017-10-04,UUP,24.28,20.28,yahoo
2017-10-05,UUP,24.41,20.39,yahoo
2017-10-06,UUP,24.37,20.36,yahoo
2017-10-09,UUP,24.33,20.33,yahoo
2017-10-10,UUP,24.20,20.22,yahoo
2017-10-11,UUP,24.13,20.16,yahoo
2017-10-12,UUP,24.18,20.20,yahoo
2017-10-13,UUP,24.18,20.20,yahoo
2017-10-16,UUP,24.24,20.25,yahoo
2017-10-17,UUP,24.30,20.30,yahoo
2017-10-18,UUP,24.27,20.28,yahoo
2017-10-19,UUP,24.21,20.23,yahoo
2017-10-20,UUP,24.35,20.34,yahoo
2017-10-23,UUP,24.38,20.37,yahoo
2017-10-24,UUP,24.42,20.40,yahoo
2017-10-25,UUP,24.36,20.35,yahoo
2017-10-26,UUP,24.62,20.57,yahoo
2017-10-27,UUP,24.68,20.62,yahoo
2017-10-30,UUP,24.56,20.52,yahoo
2017-10-31,UUP,24.58,20.53,yahoo
2017-11-01,UUP,24.63,20.58,yahoo
2017-11-02,UUP,24.63,20.58,yahoo
2017-11-03,UUP,24.69,20.63,yahoo
2017-11-06,UUP,24.63,20.58,yahoo
2017-11-07,UUP,24.67,20.61,yahoo
2017-11-08,UUP,24.66,20.60,yahoo
2017-11-09,UUP,24.56,20.52,yahoo
2017-11-10,UUP,24.54,20.50,yahoo
2017-11-13,UUP,24.56,20.52,yahoo
2017-11-14,UUP,24.39,20.38,yahoo
2017-11-15,UUP,24.38,20.37,yahoo
2017-11-16,UUP,24.41,20.39,yahoo
2017-11-17,UUP,24.34,20.33,yahoo
2017-11-20,UUP,24.46,20.43,yahoo
2017-11-21,UUP,24.43,20.41,yahoo
2017-11-22,UUP,24.24,20.25,yahoo
2017-11-24,UUP,24.13,20.16,yahoo
2017-11-27,UUP,24.16,20.18,yahoo
2017-11-28,UUP,24.26,20.27,yahoo
2017-11-29,UUP,24.25,20.26,yahoo
2017-11-30,UUP,24.19,20.21,yahoo
2017-12-01,UUP,24.17,20.19,yahoo
2017-12-04,UUP,24.25,20.26,yahoo
2017-12-05,UUP,24.29,20.29,yahoo
2017-12-06,UUP,24.35,20.34,yahoo
2017-12-07,UUP,24.40,20.38,yahoo
2017-12-08,UUP,24.44,20.42,yahoo
2017-12-11,UUP,24.44,20.42,yahoo
2017-12-12,UUP,24.48,20.45,yahoo
2017-12-13,UUP,24.31,20.31,yahoo
2017-12-14,UUP,24.33,20.33,yahoo
2017-12-15,UUP,24.43,20.41,yahoo
2017-12-18,UUP,24.37,20.38,yahoo
2017-12-19,UUP,24.30,20.32,yahoo
2017-12-20,UUP,24.27,20.29,yahoo
2017-12-21,UUP,24.26,20.29,yahoo
2017-12-22,UUP,24.27,20.29,yahoo
2017-12-26,UUP,24.25,20.28,yahoo
2017-12-27,UUP,24.20,20.24,yahoo
2017-12-28,UUP,24.13,20.18,yahoo
2017-12-29,UUP,24.03,20.09,yahoo
2018-01-02,UUP,23.93,20.01,yahoo
2018-01-03,UUP,24.02,20.09,yahoo
2018-01-04,UUP,23.94,20.02,yahoo
2018-01-05,UUP,23.96,20.04,yahoo
2018-01-08,UUP,24.07,20.13,yahoo
2018-01-09,UUP,24.12,20.17,yahoo
2018-01-10,UUP,24.06,20.12,yahoo
2018-01-11,UUP,23.96,20.04,yahoo
2018-01-12,UUP,23.71,19.83,yahoo
2018-01-16,UUP,23.58,19.72,yahoo
2018-01-17,UUP,23.64,19.77,yahoo
2018-01-18,UUP,23.61,19.74,yahoo
2018-01-19,UUP,23.65,19.78,yahoo
2018-01-22,UUP,23.57,19.71,yahoo
2018-01-23,UUP,23.51,19.66,yahoo
2018-01-24,UUP,23.28,19.47,yahoo
2018-01-25,UUP,23.31,19.49,yahoo
2018-01-26,UUP,23.26,19.45,yahoo
2018-01-29,UUP,23.32,19.50,yahoo
2018-01-30,UUP,23.28,19.47,yahoo
2018-01-31,UUP,23.25,19.44,yahoo
2018-02-01,UUP,23.13,19.34,yahoo
2018-02-02,UUP,23.27,19.46,yahoo
2018-02-05,UUP,23.37,19.54,yahoo
2018-02-06,UUP,23.42,19.58,yahoo
2018-02-07,UUP,23.60,19.73,yahoo
2018-02-08,UUP,23.60,19.73,yahoo
2018-02-09,UUP,23.62,19.75,yahoo
2018-02-12,UUP,23.54,19.68,yahoo
2018-02-13,UUP,23.41,19.58,yahoo
2018-02-14,UUP,23.23,19.42,yahoo
2018-02-15,UUP,23.13,19.34,yahoo
2018-02-16,UUP,23.29,19.47,yahoo
2018-02-20,UUP,23.44,19.60,yahoo
2018-02-21,UUP,23.53,19.68,yahoo
2018-02-22,UUP,23.45,19.61,yahoo
2018-02-23,UUP,23.50,19.65,yahoo
2018-02-26,UUP,23.47,19.63,yahoo
2018-02-27,UUP,23.62,19.75,yahoo
2018-02-28,UUP,23.69,19.81,yahoo
2018-03-01,UUP,23.61,19.74,yahoo
2018-03-02,UUP,23.51,19.66,yahoo
2018-03-05,UUP,23.51,19.66,yahoo
2018-03-06,UUP,23.45,19.61,yahoo
2018-03-07,UUP,23.43,19.59,yahoo
2018-03-08,UUP,23.58,19.72,yahoo
2018-03-09,UUP,23.55,19.69,yahoo
2018-03-12,UUP,23.52,19.67,yahoo
2018-03-13,UUP,23.46,19.62,yahoo
2018-03-14,UUP,23.47,19.63,yahoo
2018-03-15,UUP,23.56,19.70,yahoo
2018-03-16,UUP,23.62,19.75,yahoo
2018-03-19,UUP,23.52,19.67,yahoo
2018-03-20,UUP,23.66,19.78,yahoo
2018-03-21,UUP,23.47,19.63,yahoo
2018-03-22,UUP,23.50,19.65,yahoo
2018-03-23,UUP,23.42,19.58,yahoo
2018-03-26,UUP,23.31,19.49,yahoo
2018-03-27,UUP,23.42,19.58,yahoo
2018-03-28,UUP,23.63,19.76,yahoo
2018-03-29,UUP,23.61,19.74,yahoo
2018-04-02,UUP,23.60,19.73,yahoo
2018-04-03,UUP,23.64,19.77,yahoo
2018-04-04,UUP,23.63,19.76,yahoo
2018-04-05,UUP,23.72,19.83,yahoo
2018-04-06,UUP,23.63,19.76,yahoo
2018-04-09,UUP,23.57,19.71,yahoo
2018-04-10,UUP,23.51,19.66,yahoo
2018-04-11,UUP,23.49,19.64,yahoo
2018-04-12,UUP,23.54,19.68,yahoo
2018-04-13,UUP,23.54,19.68,yahoo
2018-04-16,UUP,23.46,19.62,yahoo
2018-04-17,UUP,23.46,19.62,yahoo
2018-04-18,UUP,23.51,19.66,yahoo
2018-04-19,UUP,23.58,19.72,yahoo
2018-04-20,UUP,23.72,19.83,yahoo
2018-04-23,UUP,23.87,19.96,yahoo
2018-04-24,UUP,23.84,19.93,yahoo
2018-04-25,UUP,23.94,20.02,yahoo
2018-04-26,UUP,24.05,20.11,yahoo
2018-04-27,UUP,24.03,20.09,yahoo
2018-04-30,UUP,24.13,20.18,yahoo
2018-05-01,UUP,24.29,20.31,yahoo
2018-05-02,UUP,24.40,20.40,yahoo
2018-05-03,UUP,24.30,20.32,yahoo
2018-05-04,UUP,24.33,20.34,yahoo
2018-05-07,UUP,24.38,20.39,yahoo
2018-05-08,UUP,24.47,20.46,yahoo
2018-05-09,UUP,24.47,20.46,yahoo
2018-05-10,UUP,24.36,20.37,yahoo
2018-05-11,UUP,24.32,20.34,yahoo
2018-05-14,UUP,24.35,20.36,yahoo
2018-05-15,UUP,24.50,20.49,yahoo
2018-05-16,UUP,24.56,20.54,yahoo
2018-05-17,UUP,24.59,20.56,yahoo
2018-05-18,UUP,24.64,20.60,yahoo
2018-05-21,UUP,24.62,20.59,yahoo
2018-05-22,UUP,24.61,20.58,yahoo
2018-05-23,UUP,24.71,20.66,yahoo
2018-05-24,UUP,24.68,20.64,yahoo
2018-05-25,UUP,24.80,20.74,yahoo
2018-05-29,UUP,24.97,20.88,yahoo
2018-05-30,UUP,24.78,20.72,yahoo
2018-05-31,UUP,24.76,20.70,yahoo
2018-06-01,UUP,24.80,20.74,yahoo
2018-06-04,UUP,24.78,20.72,yahoo
2018-06-05,UUP,24.75,20.70,yahoo
2018-06-06,UUP,24.68,20.64,yahoo
2018-06-07,UUP,24.63,20.60,yahoo
2018-06-08,UUP,24.64,20.60,yahoo
2018-06-11,UUP,24.66,20.62,yahoo
2018-06-12,UUP,24.71,20.66,yahoo
2018-06-13,UUP,24.67,20.63,yahoo
2018-06-14,UUP,24.99,20.90,yahoo
2018-06-15,UUP,24.97,20.88,yahoo
2018-06-18,UUP,24.97,20.88,yahoo
2018-06-19,UUP,25.04,20.94,yahoo
2018-06-20,UUP,25.06,20.95,yahoo
2018-06-21,UUP,24.99,20.90,yahoo
2018-06-22,UUP,24.90,20.82,yahoo
2018-06-25,UUP,24.86,20.79,yahoo
2018-06-26,UUP,24.99,20.90,yahoo
2018-06-27,UUP,25.14,21.02,yahoo
2018-06-28,UUP,25.14,21.02,yahoo
2018-06-29,UUP,24.94,20.85,yahoo
2018-07-02,UUP,25.06,20.95,yahoo
2018-07-03,UUP,24.98,20.89,yahoo
2018-07-05,UUP,24.90,20.82,yahoo
2018-07-06,UUP,24.82,20.75,yahoo
2018-07-09,UUP,24.83,20.76,yahoo
2018-07-10,UUP,24.84,20.77,yahoo
2018-07-11,UUP,25.01,20.91,yahoo
2018-07-12,UUP,25.03,20.93,yahoo
2018-07-13,UUP,25,20.90,yahoo
2018-07-16,UUP,24.96,20.87,yahoo
2018-07-17,UUP,25.07,20.96,yahoo
2018-07-18,UUP,25.10,20.99,yahoo
2018-07-19,UUP,25.15,21.03,yahoo
2018-07-20,UUP,24.95,20.86,yahoo
2018-07-23,UUP,24.99,20.90,yahoo
2018-07-24,UUP,25,20.90,yahoo
2018-07-25,UUP,24.88,20.80,yahoo
2018-07-26,UUP,25.05,20.95,yahoo
2018-07-27,UUP,25.02,20.92,yahoo
2018-07-30,UUP,24.93,20.85,yahoo
2018-07-31,UUP,24.98,20.89,yahoo
2018-08-01,UUP,25.01,20.91,yahoo
2018-08-02,UUP,25.15,21.03,yahoo
2018-08-03,UUP,25.17,21.05,yahoo
2018-08-06,UUP,25.21,21.08,yahoo
2018-08-07,UUP,25.18,21.06,yahoo
2018-08-08,UUP,25.15,21.03,yahoo
2018-08-09,UUP,25.30,21.16,yahoo
2018-08-10,UUP,25.48,21.31,yahoo
2018-08-13,UUP,25.49,21.31,yahoo
2018-08-14,UUP,25.59,21.40,yahoo
2018-08-15,UUP,25.59,21.40,yahoo
2018-08-16,UUP,25.57,21.38,yahoo
2018-08-17,UUP,25.44,21.27,yahoo
2018-08-20,UUP,25.38,21.22,yahoo
2018-08-21,UUP,25.23,21.10,yahoo
2018-08-22,UUP,25.16,21.04,yahoo
2018-08-23,UUP,25.32,21.17,yahoo
2018-08-24,UUP,25.20,21.07,yahoo
2018-08-27,UUP,25.10,20.99,yahoo
2018-08-28,UUP,25.10,20.99,yahoo
2018-08-29,UUP,25.06,20.95,yahoo
2018-08-30,UUP,25.08,20.97,yahoo
2018-08-31,UUP,25.19,21.06,yahoo
2018-09-04,UUP,25.30,21.16,yahoo
2018-09-05,UUP,25.21,21.08,yahoo
2018-09-06,UUP,25.21,21.08,yahoo
2018-09-07,UUP,25.28,21.14,yahoo
2018-09-10,UUP,25.23,21.10,yahoo
2018-09-11,UUP,25.25,21.11,yahoo
2018-09-12,UUP,25.16,21.04,yahoo
2018-09-13,UUP,25.09,20.98,yahoo
2018-09-14,UUP,25.18,21.06,yahoo
2018-09-17,UUP,25.06,20.95,yahoo
2018-09-18,UUP,25.10,20.99,yahoo
2018-09-19,UUP,25.09,20.98,yahoo
2018-09-20,UUP,24.91,20.83,yahoo
2018-09-21,UUP,24.99,20.90,yahoo
2018-09-24,UUP,24.99,20.90,yahoo
2018-09-25,UUP,25.01,20.91,yahoo
2018-09-26,UUP,25.02,20.92,yahoo
2018-09-27,UUP,25.20,21.07,yahoo
2018-09-28,UUP,25.26,21.12,yahoo
2018-10-01,UUP,25.30,21.16,yahoo
2018-10-02,UUP,25.34,21.19,yahoo
2018-10-03,UUP,25.42,21.26,yahoo
2018-10-04,UUP,25.43,21.26,yahoo
2018-10-05,UUP,25.40,21.24,yahoo
2018-10-08,UUP,25.43,21.26,yahoo
2018-10-09,UUP,25.42,21.26,yahoo
2018-10-10,UUP,25.39,21.23,yahoo
2018-10-11,UUP,25.25,21.11,yahoo
2018-10-12,UUP,25.33,21.18,yahoo
2018-10-15,UUP,25.27,21.13,yahoo
2018-10-16,UUP,25.28,21.14,yahoo
2018-10-17,UUP,25.41,21.25,yahoo
2018-10-18,UUP,25.52,21.34,yahoo
2018-10-19,UUP,25.47,21.30,yahoo
2018-10-22,UUP,25.56,21.37,yahoo
2018-10-23,UUP,25.52,21.34,yahoo
2018-10-24,UUP,25.65,21.45,yahoo
2018-10-25,UUP,25.72,21.51,yahoo
2018-10-26,UUP,25.65,21.45,yahoo
2018-10-29,UUP,25.72,21.51,yahoo
2018-10-30,UUP,25.83,21.60,yahoo
2018-10-31,UUP,25.82,21.59,yahoo
2018-11-01,UUP,25.65,21.45,yahoo
2018-11-02,UUP,25.71,21.50,yahoo
2018-11-05,UUP,25.70,21.49,yahoo
2018-11-06,UUP,25.64,21.44,yahoo
2018-11-07,UUP,25.59,21.40,yahoo
2018-11-08,UUP,25.74,21.52,yahoo
2018-11-09,UUP,25.79,21.57,yahoo
2018-11-12,UUP,26.02,21.76,yahoo
2018-11-13,UUP,25.93,21.68,yahoo
2018-11-14,UUP,25.84,21.61,yahoo
2018-11-15,UUP,25.90,21.66,yahoo
2018-11-16,UUP,25.71,21.50,yahoo
2018-11-19,UUP,25.69,21.48,yahoo
2018-11-20,UUP,25.82,21.59,yahoo
2018-11-21,UUP,25.82,21.59,yahoo
2018-11-23,UUP,25.87,21.63,yahoo
2018-11-26,UUP,25.92,21.67,yahoo
2018-11-27,UUP,25.99,21.73,yahoo
2018-11-28,UUP,25.86,21.62,yahoo
2018-11-29,UUP,25.82,21.59,yahoo
2018-11-30,UUP,25.92,21.67,yahoo
2018-12-03,UUP,25.93,21.68,yahoo
2018-12-04,UUP,25.88,21.64,yahoo
2018-12-06,UUP,25.87,21.63,yahoo
2018-12-07,UUP,25.80,21.57,yahoo
2018-12-10,UUP,25.97,21.72,yahoo
2018-12-11,UUP,26.04,21.77,yahoo
2018-12-12,UUP,25.94,21.69,yahoo
2018-12-13,UUP,25.94,21.69,yahoo
2018-12-14,UUP,26.04,21.77,yahoo
2018-12-17,UUP,25.97,21.72,yahoo
2018-12-18,UUP,25.96,21.71,yahoo
2018-12-19,UUP,25.97,21.72,yahoo
2018-12-20,UUP,25.77,21.55,yahoo
2018-12-21,UUP,25.94,21.69,yahoo
2018-12-24,UUP,25.55,21.59,yahoo
2018-12-26,UUP,25.68,21.70,yahoo
2018-12-27,UUP,25.57,21.61,yahoo
2018-12-28,UUP,25.50,21.55,yahoo
2018-12-31,UUP,25.45,21.51,yahoo
2019-01-02,UUP,25.64,21.67,yahoo
2019-01-03,UUP,25.50,21.55,yahoo
2019-01-04,UUP,25.46,21.52,yahoo
2019-01-07,UUP,25.35,21.43,yahoo
2019-01-08,UUP,25.43,21.49,yahoo
2019-01-09,UUP,25.19,21.29,yahoo
2019-01-10,UUP,25.34,21.42,yahoo
2019-01-11,UUP,25.36,21.43,yahoo
2019-01-14,UUP,25.36,21.43,yahoo
2019-01-15,UUP,25.45,21.51,yahoo
2019-01-16,UUP,25.48,21.54,yahoo
2019-01-17,UUP,25.48,21.54,yahoo
2019-01-18,UUP,25.56,21.60,yahoo
2019-01-22,UUP,25.56,21.60,yahoo
2019-01-23,UUP,25.50,21.55,yahoo
2019-01-24,UUP,25.65,21.68,yahoo
2019-01-25,UUP,25.44,21.50,yahoo
2019-01-28,UUP,25.46,21.52,yahoo
2019-01-29,UUP,25.47,21.53,yahoo
2019-01-30,UUP,25.34,21.42,yahoo
2019-01-31,UUP,25.39,21.46,yahoo
2019-02-01,UUP,25.39,21.46,yahoo
2019-02-04,UUP,25.46,21.52,yahoo
2019-02-05,UUP,25.53,21.58,yahoo
2019-02-06,UUP,25.63,21.66,yahoo
2019-02-07,UUP,25.69,21.71,yahoo
2019-02-08,UUP,25.72,21.74,yahoo
2019-02-11,UUP,25.82,21.82,yahoo
2019-02-12,UUP,25.73,21.75,yahoo
2019-02-13,UUP,25.87,21.86,yahoo
2019-02-14,UUP,25.84,21.84,yahoo
2019-02-15,UUP,25.79,21.80,yahoo
2019-02-19,UUP,25.69,21.71,yahoo
2019-02-20,UUP,25.71,21.73,yahoo
2019-02-21,UUP,25.73,21.75,yahoo
2019-02-22,UUP,25.72,21.74,yahoo
2019-02-25,UUP,25.70,21.72,yahoo
2019-02-26,UUP,25.60,21.64,yahoo
2019-02-27,UUP,25.62,21.65,yahoo
2019-02-28,UUP,25.64,21.67,yahoo
2019-03-01,UUP,25.74,21.75,yahoo
2019-03-04,UUP,25.77,21.78,yahoo
2019-03-05,UUP,25.84,21.84,yahoo
2019-03-06,UUP,25.84,21.84,yahoo
2019-03-07,UUP,26.07,22.03,yahoo
2019-03-08,UUP,25.99,21.97,yahoo
2019-03-11,UUP,25.93,21.92,yahoo
2019-03-12,UUP,25.88,21.87,yahoo
2019-03-13,UUP,25.76,21.77,yahoo
2019-03-14,UUP,25.84,21.84,yahoo
2019-03-15,UUP,25.80,21.81,yahoo
2019-03-18,UUP,25.77,21.78,yahoo
2019-03-19,UUP,25.74,21.75,yahoo
2019-03-20,UUP,25.59,21.63,yahoo
2019-03-21,UUP,25.75,21.76,yahoo
2019-03-22,UUP,25.80,21.81,yahoo
2019-03-25,UUP,25.80,21.81,yahoo
2019-03-26,UUP,25.88,21.87,yahoo
2019-03-27,UUP,25.91,21.90,yahoo
2019-03-28,UUP,26,21.97,yahoo
2019-03-29,UUP,26.03,22,yahoo
2019-04-01,UUP,26.01,21.98,yahoo
2019-04-02,UUP,26.04,22.01,yahoo
2019-04-03,UUP,26,21.97,yahoo
2019-04-04,UUP,26.03,22,yahoo
2019-04-05,UUP,26.06,22.03,yahoo
2019-04-08,UUP,25.97,21.95,yahoo
2019-04-09,UUP,25.98,21.96,yahoo
2019-04-10,UUP,25.94,21.92,yahoo
2019-04-11,UUP,26.02,21.99,yahoo
2019-04-12,UUP,25.96,21.94,yahoo
2019-04-15,UUP,25.95,21.93,yahoo
2019-04-16,UUP,26.01,21.98,yahoo
2019-04-17,UUP,25.99,21.97,yahoo
2019-04-18,UUP,26.13,22.08,yahoo
2019-04-22,UUP,26.07,22.03,yahoo
2019-04-23,UUP,26.16,22.11,yahoo
2019-04-24,UUP,26.29,22.22,yahoo
2019-04-25,UUP,26.34,22.26,yahoo
2019-04-26,UUP,26.31,22.24,yahoo
2019-04-29,UUP,26.25,22.19,yahoo
2019-04-30,UUP,26.17,22.12,yahoo
2019-05-01,UUP,26.20,22.14,yahoo
2019-05-02,UUP,26.26,22.19,yahoo
2019-05-03,UUP,26.16,22.11,yahoo
2019-05-06,UUP,26.18,22.13,yahoo
2019-05-07,UUP,26.20,22.14,yahoo
2019-05-08,UUP,26.21,22.15,yahoo
2019-05-09,UUP,26.16,22.11,yahoo
2019-05-10,UUP,26.15,22.10,yahoo
2019-05-13,UUP,26.15,22.10,yahoo
2019-05-14,UUP,26.21,22.15,yahoo
2019-05-15,UUP,26.22,22.16,yahoo
2019-05-16,UUP,26.29,22.22,yahoo
2019-05-17,UUP,26.35,22.27,yahoo
2019-05-20,UUP,26.33,22.25,yahoo
2019-05-21,UUP,26.37,22.29,yahoo
2019-05-22,UUP,26.39,22.30,yahoo
2019-05-23,UUP,26.34,22.26,yahoo
2019-05-24,UUP,26.25,22.19,yahoo
2019-05-28,UUP,26.36,22.28,yahoo
2019-05-29,UUP,26.42,22.33,yahoo
2019-05-30,UUP,26.43,22.34,yahoo
2019-05-31,UUP,26.32,22.25,yahoo
2019-06-03,UUP,26.18,22.13,yahoo
2019-06-04,UUP,26.15,22.10,yahoo
2019-06-05,UUP,26.24,22.18,yahoo
2019-06-06,UUP,26.15,22.10,yahoo
2019-06-07,UUP,26.04,22.01,yahoo
2019-06-10,UUP,26.07,22.03,yahoo
2019-06-11,UUP,26.08,22.04,yahoo
2019-06-12,UUP,26.15,22.10,yahoo
2019-06-13,UUP,26.17,22.12,yahoo
2019-06-14,UUP,26.31,22.24,yahoo
2019-06-17,UUP,26.32,22.25,yahoo
2019-06-18,UUP,26.36,22.28,yahoo
2019-06-19,UUP,26.24,22.18,yahoo
2019-06-20,UUP,26.08,22.04,yahoo
2019-06-21,UUP,25.95,21.93,yahoo
2019-06-24,UUP,25.91,21.90,yahoo
2019-06-25,UUP,25.97,21.95,yahoo
2019-06-26,UUP,25.99,21.97,yahoo
2019-06-27,UUP,25.99,21.97,yahoo
2019-06-28,UUP,25.97,21.95,yahoo
2019-07-01,UUP,26.16,22.11,yahoo
2019-07-02,UUP,26.14,22.09,yahoo
2019-07-03,UUP,26.14,22.09,yahoo
2019-07-05,UUP,26.28,22.21,yahoo
2019-07-08,UUP,26.33,22.25,yahoo
2019-07-09,UUP,26.35,22.27,yahoo
2019-07-10,UUP,26.24,22.18,yahoo
2019-07-11,UUP,26.24,22.18,yahoo
2019-07-12,UUP,26.19,22.14,yahoo
2019-07-15,UUP,26.23,22.17,yahoo
2019-07-16,UUP,26.35,22.27,yahoo
2019-07-17,UUP,26.30,22.23,yahoo
2019-07-18,UUP,26.16,22.11,yahoo
2019-07-19,UUP,26.29,22.22,yahoo
2019-07-22,UUP,26.34,22.26,yahoo
2019-07-23,UUP,26.46,22.36,yahoo
2019-07-24,UUP,26.46,22.36,yahoo
2019-07-25,UUP,26.51,22.41,yahoo
2019-07-26,UUP,26.55,22.44,yahoo
2019-07-29,UUP,26.57,22.46,yahoo
2019-07-30,UUP,26.57,22.46,yahoo
2019-07-31,UUP,26.73,22.59,yahoo
2019-08-01,UUP,26.65,22.52,yahoo
2019-08-02,UUP,26.59,22.47,yahoo
2019-08-05,UUP,26.46,22.36,yahoo
2019-08-06,UUP,26.49,22.39,yahoo
2019-08-07,UUP,26.47,22.37,yahoo
2019-08-08,UUP,26.49,22.39,yahoo
2019-08-09,UUP,26.46,22.36,yahoo
2019-08-12,UUP,26.44,22.35,yahoo
2019-08-13,UUP,26.56,22.45,yahoo
2019-08-14,UUP,26.62,22.50,yahoo
2019-08-15,UUP,26.64,22.52,yahoo
2019-08-16,UUP,26.66,22.53,yahoo
2019-08-19,UUP,26.72,22.58,yahoo
2019-08-20,UUP,26.66,22.53,yahoo
2019-08-21,UUP,26.69,22.56,yahoo
2019-08-22,UUP,26.67,22.54,yahoo
2019-08-23,UUP,26.52,22.41,yahoo
2019-08-26,UUP,26.66,22.53,yahoo
2019-08-27,UUP,26.64,22.52,yahoo
2019-08-28,UUP,26.70,22.57,yahoo
2019-08-29,UUP,26.77,22.63,yahoo
2019-08-30,UUP,26.87,22.71,yahoo
2019-09-03,UUP,26.93,22.76,yahoo
2019-09-04,UUP,26.76,22.62,yahoo
2019-09-05,UUP,26.77,22.63,yahoo
2019-09-06,UUP,26.78,22.63,yahoo
2019-09-09,UUP,26.73,22.59,yahoo
2019-09-10,UUP,26.76,22.62,yahoo
2019-09-11,UUP,26.84,22.68,yahoo
2019-09-12,UUP,26.76,22.62,yahoo
2019-09-13,UUP,26.72,22.58,yahoo
2019-09-16,UUP,26.84,22.68,yahoo
2019-09-17,UUP,26.72,22.58,yahoo
2019-09-18,UUP,26.82,22.67,yahoo
2019-09-19,UUP,26.76,22.62,yahoo
2019-09-20,UUP,26.83,22.68,yahoo
2019-09-23,UUP,26.87,22.71,yahoo
2019-09-24,UUP,26.77,22.63,yahoo
2019-09-25,UUP,26.98,22.80,yahoo
2019-09-26,UUP,27.05,22.86,yahoo
2019-09-27,UUP,27.01,22.83,yahoo
2019-09-30,UUP,27.10,22.90,yahoo
2019-10-01,UUP,27.01,22.83,yahoo
2019-10-02,UUP,26.99,22.81,yahoo
2019-10-03,UUP,26.98,22.80,yahoo
2019-10-04,UUP,26.96,22.79,yahoo
2019-10-07,UUP,27.01,22.83,yahoo
2019-10-08,UUP,27.05,22.86,yahoo
2019-10-09,UUP,27.03,22.85,yahoo
2019-10-10,UUP,26.92,22.75,yahoo
2019-10-11,UUP,26.82,22.67,yahoo
2019-10-14,UUP,26.90,22.74,yahoo
2019-10-15,UUP,26.82,22.67,yahoo
2019-10-16,UUP,26.75,22.61,yahoo
2019-10-17,UUP,26.65,22.52,yahoo
2019-10-18,UUP,26.55,22.44,yahoo
2019-10-21,UUP,26.57,22.46,yahoo
2019-10-22,UUP,26.63,22.51,yahoo
2019-10-23,UUP,26.62,22.50,yahoo
2019-10-24,UUP,26.70,22.57,yahoo
2019-10-25,UUP,26.73,22.59,yahoo
2019-10-28,UUP,26.71,22.57,yahoo
2019-10-29,UUP,26.70,22.57,yahoo
2019-10-30,UUP,26.64,22.52,yahoo
2019-10-31,UUP,26.59,22.47,yahoo
2019-11-01,UUP,26.58,22.46,yahoo
2019-11-04,UUP,26.68,22.55,yahoo
2019-11-05,UUP,26.78,22.63,yahoo
2019-11-06,UUP,26.78,22.63,yahoo
2019-11-07,UUP,26.84,22.68,yahoo
2019-11-08,UUP,26.90,22.74,yahoo
2019-11-11,UUP,26.86,22.70,yahoo
2019-11-12,UUP,26.90,22.74,yahoo
2019-11-13,UUP,26.89,22.73,yahoo
2019-11-14,UUP,26.87,22.71,yahoo
2019-11-15,UUP,26.81,22.66,yahoo
2019-11-18,UUP,26.76,22.62,yahoo
2019-11-19,UUP,26.79,22.64,yahoo
2019-11-20,UUP,26.79,22.64,yahoo
2019-11-21,UUP,26.83,22.68,yahoo
2019-11-22,UUP,26.91,22.74,yahoo
2019-11-25,UUP,26.93,22.76,yahoo
2019-11-26,UUP,26.90,22.74,yahoo
2019-11-27,UUP,26.94,22.77,yahoo
2019-11-29,UUP,26.91,22.74,yahoo
2019-12-02,UUP,26.80,22.65,yahoo
2019-12-03,UUP,26.77,22.63,yahoo
2019-12-04,UUP,26.74,22.60,yahoo
2019-12-05,UUP,26.68,22.55,yahoo
2019-12-06,UUP,26.78,22.63,yahoo
2019-12-09,UUP,26.75,22.61,yahoo
2019-12-10,UUP,26.72,22.58,yahoo
2019-12-11,UUP,26.62,22.50,yahoo
2019-12-12,UUP,26.66,22.53,yahoo
2019-12-13,UUP,26.66,22.53,yahoo
2019-12-16,UUP,26.61,22.49,yahoo
2019-12-17,UUP,26.66,22.53,yahoo
2019-12-18,UUP,26.71,22.57,yahoo
2019-12-19,UUP,26.71,22.57,yahoo
2019-12-20,UUP,26.80,22.65,yahoo
2019-12-23,UUP,26.26,22.64,yahoo
2019-12-24,UUP,26.26,22.64,yahoo
2019-12-26,UUP,26.22,22.60,yahoo
2019-12-27,UUP,26.09,22.49,yahoo
2019-12-30,UUP,26.04,22.45,yahoo
2019-12-31,UUP,25.97,22.39,yahoo
2020-01-02,UUP,26.06,22.47,yahoo
2020-01-03,UUP,26.09,22.49,yahoo
2020-01-06,UUP,26.03,22.44,yahoo
2020-01-07,UUP,26.12,22.52,yahoo
2020-01-08,UUP,26.19,22.58,yahoo
2020-01-09,UUP,26.24,22.62,yahoo
2020-01-10,UUP,26.22,22.60,yahoo
2020-01-13,UUP,26.22,22.60,yahoo
2020-01-14,UUP,26.23,22.61,yahoo
2020-01-15,UUP,26.19,22.58,yahoo
2020-01-16,UUP,26.23,22.61,yahoo
2020-01-17,UUP,26.32,22.69,yahoo
2020-01-21,UUP,26.30,22.67,yahoo
2020-01-22,UUP,26.28,22.66,yahoo
2020-01-23,UUP,26.35,22.72,yahoo
2020-01-24,UUP,26.39,22.75,yahoo
2020-01-27,UUP,26.43,22.79,yahoo
2020-01-28,UUP,26.43,22.79,yahoo
2020-01-29,UUP,26.47,22.82,yahoo
2020-01-30,UUP,26.39,22.75,yahoo
2020-01-31,UUP,26.28,22.66,yahoo
2020-02-03,UUP,26.41,22.77,yahoo
2020-02-04,UUP,26.45,22.80,yahoo
2020-02-05,UUP,26.55,22.89,yahoo
2020-02-06,UUP,26.60,22.93,yahoo
2020-02-07,UUP,26.66,22.98,yahoo
2020-02-10,UUP,26.70,23.02,yahoo
2020-02-11,UUP,26.67,22.99,yahoo
2020-02-12,UUP,26.74,23.05,yahoo
2020-02-13,UUP,26.77,23.08,yahoo
2020-02-14,UUP,26.76,23.07,yahoo
2020-02-18,UUP,26.86,23.16,yahoo
2020-02-19,UUP,26.91,23.20,yahoo
2020-02-20,UUP,26.99,23.27,yahoo
2020-02-21,UUP,26.83,23.13,yahoo
2020-02-24,UUP,26.84,23.14,yahoo
2020-02-25,UUP,26.76,23.07,yahoo
2020-02-26,UUP,26.78,23.09,yahoo
2020-02-27,UUP,26.62,22.95,yahoo
2020-02-28,UUP,26.53,22.87,yahoo
2020-03-02,UUP,26.39,22.75,yahoo
2020-03-03,UUP,26.28,22.66,yahoo
2020-03-04,UUP,26.37,22.73,yahoo
2020-03-05,UUP,26.17,22.56,yahoo
2020-03-06,UUP,26.02,22.43,yahoo
2020-03-09,UUP,25.74,22.19,yahoo
2020-03-10,UUP,26.12,22.52,yahoo
2020-03-11,UUP,26.16,22.55,yahoo
2020-03-12,UUP,26.44,22.79,yahoo
2020-03-13,UUP,27.44,23.66,yahoo
2020-03-16,UUP,26.56,22.90,yahoo
2020-03-17,UUP,27.03,23.30,yahoo
2020-03-18,UUP,27.44,23.66,yahoo
2020-03-19,UUP,28.09,24.22,yahoo
2020-03-20,UUP,28.01,24.15,yahoo
2020-03-23,UUP,27.97,24.11,yahoo
2020-03-24,UUP,27.65,23.84,yahoo
2020-03-25,UUP,27.39,23.61,yahoo
2020-03-26,UUP,26.95,23.23,yahoo
2020-03-27,UUP,26.73,23.04,yahoo
2020-03-30,UUP,26.85,23.15,yahoo
2020-03-31,UUP,26.83,23.13,yahoo
2020-04-01,UUP,27,23.28,yahoo
2020-04-02,UUP,27.14,23.40,yahoo
2020-04-03,UUP,27.29,23.53,yahoo
2020-04-06,UUP,27.30,23.54,yahoo
2020-04-07,UUP,27.05,23.32,yahoo
2020-04-08,UUP,27.15,23.41,yahoo
2020-04-09,UUP,26.95,23.23,yahoo
2020-04-13,UUP,26.91,23.20,yahoo
2020-04-14,UUP,26.76,23.07,yahoo
2020-04-15,UUP,26.96,23.24,yahoo
2020-04-16,UUP,27.08,23.35,yahoo
2020-04-17,UUP,27.01,23.29,yahoo
2020-04-20,UUP,27.10,23.36,yahoo
2020-04-21,UUP,27.14,23.40,yahoo
2020-04-22,UUP,27.22,23.47,yahoo
2020-04-23,UUP,27.23,23.48,yahoo
2020-04-24,UUP,27.17,23.42,yahoo
2020-04-27,UUP,27.10,23.36,yahoo
2020-04-28,UUP,27.07,23.34,yahoo
2020-04-29,UUP,26.96,23.24,yahoo
2020-04-30,UUP,26.79,23.10,yahoo
2020-05-01,UUP,26.82,23.12,yahoo
2020-05-04,UUP,26.97,23.25,yahoo
2020-05-05,UUP,26.99,23.27,yahoo
2020-05-06,UUP,27.12,23.38,yahoo
2020-05-07,UUP,27.04,23.31,yahoo
2020-05-08,UUP,27.03,23.30,yahoo
2020-05-11,UUP,27.13,23.39,yahoo
2020-05-12,UUP,27.08,23.35,yahoo
2020-05-13,UUP,27.13,23.39,yahoo
2020-05-14,UUP,27.16,23.41,yahoo
2020-05-15,UUP,27.18,23.43,yahoo
2020-05-18,UUP,26.96,23.24,yahoo
2020-05-19,UUP,26.94,23.23,yahoo
2020-05-20,UUP,26.85,23.15,yahoo
2020-05-21,UUP,26.91,23.20,yahoo
2020-05-22,UUP,26.99,23.27,yahoo
2020-05-26,UUP,26.79,23.10,yahoo
2020-05-27,UUP,26.78,23.09,yahoo
2020-05-28,UUP,26.64,22.97,yahoo
2020-05-29,UUP,26.60,22.93,yahoo
2020-06-01,UUP,26.45,22.80,yahoo
2020-06-02,UUP,26.42,22.78,yahoo
2020-06-03,UUP,26.26,22.64,yahoo
2020-06-04,UUP,26.16,22.55,yahoo
2020-06-05,UUP,26.21,22.60,yahoo
2020-06-08,UUP,26.14,22.54,yahoo
2020-06-09,UUP,26.06,22.47,yahoo
2020-06-10,UUP,25.93,22.35,yahoo
2020-06-11,UUP,26.19,22.58,yahoo
2020-06-12,UUP,26.26,22.64,yahoo
2020-06-15,UUP,26.15,22.54,yahoo
2020-06-16,UUP,26.23,22.61,yahoo
2020-06-17,UUP,26.25,22.63,yahoo
2020-06-18,UUP,26.35,22.72,yahoo
2020-06-19,UUP,26.38,22.74,yahoo
2020-06-22,UUP,26.24,22.62,yahoo
2020-06-23,UUP,26.15,22.54,yahoo
2020-06-24,UUP,26.27,22.65,yahoo
2020-06-25,UUP,26.31,22.68,yahoo
2020-06-26,UUP,26.35,22.72,yahoo
2020-06-29,UUP,26.36,22.73,yahoo
2020-06-30,UUP,26.32,22.69,yahoo
2020-07-01,UUP,26.26,22.64,yahoo
2020-07-02,UUP,26.28,22.66,yahoo
2020-07-06,UUP,26.14,22.54,yahoo
2020-07-07,UUP,26.20,22.59,yahoo
2020-07-08,UUP,26.06,22.47,yahoo
2020-07-09,UUP,26.15,22.54,yahoo
2020-07-10,UUP,26.11,22.51,yahoo
2020-07-13,UUP,26.07,22.48,yahoo
2020-07-14,UUP,26.02,22.43,yahoo
2020-07-15,UUP,25.95,22.37,yahoo
2020-07-16,UUP,26.04,22.45,yahoo
2020-07-17,UUP,25.93,22.35,yahoo
2020-07-20,UUP,25.89,22.32,yahoo
2020-07-21,UUP,25.73,22.18,yahoo
2020-07-22,UUP,25.66,22.12,yahoo
2020-07-23,UUP,25.61,22.08,yahoo
2020-07-24,UUP,25.50,21.98,yahoo
2020-07-27,UUP,25.31,21.82,yahoo
2020-07-28,UUP,25.35,21.85,yahoo
2020-07-29,UUP,25.23,21.75,yahoo
2020-07-30,UUP,25.13,21.66,yahoo
2020-07-31,UUP,25.28,21.79,yahoo
2020-08-03,UUP,25.28,21.79,yahoo
2020-08-04,UUP,25.19,21.72,yahoo
2020-08-05,UUP,25.08,21.62,yahoo
2020-08-06,UUP,25.08,21.62,yahoo
2020-08-07,UUP,25.23,21.75,yahoo
2020-08-10,UUP,25.27,21.79,yahoo
2020-08-11,UUP,25.31,21.82,yahoo
2020-08-12,UUP,25.23,21.75,yahoo
2020-08-13,UUP,25.22,21.74,yahoo
2020-08-14,UUP,25.18,21.71,yahoo
2020-08-17,UUP,25.07,21.61,yahoo
2020-08-18,UUP,24.93,21.49,yahoo
2020-08-19,UUP,25.13,21.66,yahoo
2020-08-20,UUP,25.06,21.60,yahoo
2020-08-21,UUP,25.18,21.71,yahoo
2020-08-24,UUP,25.22,21.74,yahoo
2020-08-25,UUP,25.13,21.66,yahoo
2020-08-26,UUP,25.10,21.64,yahoo
2020-08-27,UUP,25.13,21.66,yahoo
2020-08-28,UUP,24.93,21.49,yahoo
2020-08-31,UUP,24.90,21.47,yahoo
2020-09-01,UUP,24.95,21.51,yahoo
2020-09-02,UUP,25.04,21.59,yahoo
2020-09-03,UUP,25.05,21.60,yahoo
2020-09-04,UUP,25.09,21.63,yahoo
2020-09-08,UUP,25.22,21.74,yahoo
2020-09-09,UUP,25.18,21.71,yahoo
2020-09-10,UUP,25.23,21.75,yahoo
2020-09-11,UUP,25.18,21.71,yahoo
2020-09-14,UUP,25.12,21.66,yahoo
2020-09-15,UUP,25.14,21.67,yahoo
2020-09-16,UUP,25.17,21.70,yahoo
2020-09-17,UUP,25.08,21.62,yahoo
2020-09-18,UUP,25.11,21.65,yahoo
2020-09-21,UUP,25.29,21.80,yahoo
2020-09-22,UUP,25.38,21.88,yahoo
2020-09-23,UUP,25.52,22.00,yahoo
2020-09-24,UUP,25.48,21.97,yahoo
2020-09-25,UUP,25.55,22.03,yahoo
2020-09-28,UUP,25.47,21.96,yahoo
2020-09-29,UUP,25.35,21.85,yahoo
2020-09-30,UUP,25.35,21.85,yahoo
2020-10-01,UUP,25.31,21.82,yahoo
2020-10-02,UUP,25.37,21.87,yahoo
2020-10-05,UUP,25.26,21.78,yahoo
2020-10-06,UUP,25.33,21.84,yahoo
2020-10-07,UUP,25.30,21.81,yahoo
2020-10-08,UUP,25.29,21.80,yahoo
2020-10-09,UUP,25.14,21.67,yahoo
2020-10-12,UUP,25.11,21.65,yahoo
2020-10-13,UUP,25.26,21.78,yahoo
2020-10-14,UUP,25.20,21.72,yahoo
2020-10-15,UUP,25.32,21.83,yahoo
2020-10-16,UUP,25.29,21.80,yahoo
2020-10-19,UUP,25.21,21.73,yahoo
2020-10-20,UUP,25.13,21.66,yahoo
2020-10-21,UUP,25,21.55,yahoo
2020-10-22,UUP,25.10,21.64,yahoo
2020-10-23,UUP,25.04,21.59,yahoo
2020-10-26,UUP,25.13,21.66,yahoo
2020-10-27,UUP,25.08,21.62,yahoo
2020-10-28,UUP,25.24,21.76,yahoo
2020-10-29,UUP,25.34,21.85,yahoo
2020-10-30,UUP,25.37,21.87,yahoo
2020-11-02,UUP,25.40,21.90,yahoo
2020-11-03,UUP,25.26,21.78,yahoo
2020-11-04,UUP,25.22,21.74,yahoo
2020-11-05,UUP,24.98,21.54,yahoo
2020-11-06,UUP,24.89,21.46,yahoo
2020-11-09,UUP,25.05,21.60,yahoo
2020-11-10,UUP,25.05,21.60,yahoo
2020-11-11,UUP,25.08,21.62,yahoo
2020-11-12,UUP,25.08,21.62,yahoo
2020-11-13,UUP,25.03,21.58,yahoo
2020-11-16,UUP,24.97,21.53,yahoo
2020-11-17,UUP,24.93,21.49,yahoo
2020-11-18,UUP,24.94,21.50,yahoo
2020-11-19,UUP,24.90,21.47,yahoo
2020-11-20,UUP,24.93,21.49,yahoo
2020-11-23,UUP,24.97,21.53,yahoo
2020-11-24,UUP,24.85,21.42,yahoo
2020-11-25,UUP,24.81,21.39,yahoo
2020-11-27,UUP,24.76,21.35,yahoo
2020-11-30,UUP,24.82,21.40,yahoo
2020-12-01,UUP,24.60,21.21,yahoo
2020-12-02,UUP,24.57,21.18,yahoo
2020-12-03,UUP,24.44,21.07,yahoo
2020-12-04,UUP,24.47,21.10,yahoo
2020-12-07,UUP,24.51,21.13,yahoo
2020-12-08,UUP,24.54,21.16,yahoo
2020-12-09,UUP,24.55,21.16,yahoo
2020-12-10,UUP,24.48,21.10,yahoo
2020-12-11,UUP,24.54,21.16,yahoo
2020-12-14,UUP,24.47,21.10,yahoo
2020-12-15,UUP,24.39,21.03,yahoo
2020-12-16,UUP,24.36,21.00,yahoo
2020-12-17,UUP,24.23,20.89,yahoo
2020-12-18,UUP,24.26,20.91,yahoo
2020-12-21,UUP,24.31,20.96,yahoo
2020-12-22,UUP,24.44,21.07,yahoo
2020-12-23,UUP,24.33,20.97,yahoo
2020-12-24,UUP,24.35,20.99,yahoo
2020-12-28,UUP,24.35,20.99,yahoo
2020-12-29,UUP,24.27,20.92,yahoo
2020-12-30,UUP,24.17,20.84,yahoo
2020-12-31,UUP,24.24,20.90,yahoo
2021-01-04,UUP,24.26,20.91,yahoo
2021-01-05,UUP,24.12,20.79,yahoo
2021-01-06,UUP,24.09,20.77,yahoo
2021-01-07,UUP,24.23,20.89,yahoo
2021-01-08,UUP,24.27,20.92,yahoo
2021-01-11,UUP,24.42,21.05,yahoo
2021-01-12,UUP,24.29,20.94,yahoo
2021-01-13,UUP,24.37,21.01,yahoo
2021-01-14,UUP,24.32,20.97,yahoo
2021-01-15,UUP,24.48,21.10,yahoo
2021-01-19,UUP,24.41,21.04,yahoo
2021-01-20,UUP,24.40,21.04,yahoo
2021-01-21,UUP,24.29,20.94,yahoo
2021-01-22,UUP,24.34,20.98,yahoo
2021-01-25,UUP,24.37,21.01,yahoo
2021-01-26,UUP,24.30,20.95,yahoo
2021-01-27,UUP,24.45,21.08,yahoo
2021-01-28,UUP,24.39,21.03,yahoo
2021-01-29,UUP,24.42,21.05,yahoo
2021-02-01,UUP,24.54,21.16,yahoo
2021-02-02,UUP,24.57,21.18,yahoo
2021-02-03,UUP,24.56,21.17,yahoo
2021-02-04,UUP,24.67,21.27,yahoo
2021-02-05,UUP,24.53,21.15,yahoo
2021-02-08,UUP,24.52,21.14,yahoo
2021-02-09,UUP,24.39,21.03,yahoo
2021-02-10,UUP,24.38,21.02,yahoo
2021-02-11,UUP,24.37,21.01,yahoo
2021-02-12,UUP,24.39,21.03,yahoo
2021-02-16,UUP,24.39,21.03,yahoo
2021-02-17,UUP,24.49,21.11,yahoo
2021-02-18,UUP,24.41,21.04,yahoo
2021-02-19,UUP,24.35,20.99,yahoo
2021-02-22,UUP,24.28,20.93,yahoo
2021-02-23,UUP,24.30,20.95,yahoo
2021-02-24,UUP,24.26,20.91,yahoo
2021-02-25,UUP,24.34,20.98,yahoo
2021-02-26,UUP,24.52,21.14,yahoo
2021-03-01,UUP,24.54,21.16,yahoo
2021-03-02,UUP,24.45,21.08,yahoo
2021-03-03,UUP,24.52,21.14,yahoo
2021-03-04,UUP,24.68,21.28,yahoo
2021-03-05,UUP,24.77,21.35,yahoo
2021-03-08,UUP,24.91,21.47,yahoo
2021-03-09,UUP,24.77,21.35,yahoo
2021-03-10,UUP,24.73,21.32,yahoo
2021-03-11,UUP,24.61,21.22,yahoo
2021-03-12,UUP,24.69,21.29,yahoo
2021-03-15,UUP,24.74,21.33,yahoo
2021-03-16,UUP,24.74,21.33,yahoo
2021-03-17,UUP,24.62,21.22,yahoo
2021-03-18,UUP,24.77,21.35,yahoo
2021-03-19,UUP,24.78,21.36,yahoo
2021-03-22,UUP,24.73,21.32,yahoo
2021-03-23,UUP,24.88,21.45,yahoo
2021-03-24,UUP,24.94,21.50,yahoo
2021-03-25,UUP,25.01,21.56,yahoo
2021-03-26,UUP,24.98,21.54,yahoo
2021-03-29,UUP,25.04,21.59,yahoo
2021-03-30,UUP,25.14,21.67,yahoo
2021-03-31,UUP,25.12,21.66,yahoo
2021-04-01,UUP,25.01,21.56,yahoo
2021-04-05,UUP,24.93,21.49,yahoo
2021-04-06,UUP,24.87,21.44,yahoo
2021-04-07,UUP,24.90,21.47,yahoo
2021-04-08,UUP,24.79,21.37,yahoo
2021-04-09,UUP,24.81,21.39,yahoo
2021-04-12,UUP,24.80,21.38,yahoo
2021-04-13,UUP,24.71,21.30,yahoo
2021-04-14,UUP,24.68,21.28,yahoo
2021-04-15,UUP,24.68,21.28,yahoo
2021-04-16,UUP,24.65,21.25,yahoo
2021-04-19,UUP,24.51,21.13,yahoo
2021-04-20,UUP,24.55,21.16,yahoo
2021-04-21,UUP,24.52,21.14,yahoo
2021-04-22,UUP,24.59,21.20,yahoo
2021-04-23,UUP,24.45,21.08,yahoo
2021-04-26,UUP,24.45,21.08,yahoo
2021-04-27,UUP,24.46,21.09,yahoo
2021-04-28,UUP,24.37,21.01,yahoo
2021-04-29,UUP,24.38,21.02,yahoo
2021-04-30,UUP,24.58,21.19,yahoo
2021-05-03,UUP,24.47,21.10,yahoo
2021-05-04,UUP,24.58,21.19,yahoo
2021-05-05,UUP,24.57,21.18,yahoo
2021-05-06,UUP,24.45,21.08,yahoo
2021-05-07,UUP,24.27,20.92,yahoo
2021-05-10,UUP,24.27,20.92,yahoo
2021-05-11,UUP,24.25,20.91,yahoo
2021-05-12,UUP,24.43,21.06,yahoo
2021-05-13,UUP,24.39,21.03,yahoo
2021-05-14,UUP,24.29,20.94,yahoo
2021-05-17,UUP,24.26,20.91,yahoo
2021-05-18,UUP,24.15,20.82,yahoo
2021-05-19,UUP,24.26,20.91,yahoo
2021-05-20,UUP,24.14,20.81,yahoo
2021-05-21,UUP,24.22,20.88,yahoo
2021-05-24,UUP,24.16,20.83,yahoo
2021-05-25,UUP,24.13,20.80,yahoo
2021-05-26,UUP,24.22,20.88,yahoo
2021-05-27,UUP,24.20,20.86,yahoo
2021-05-28,UUP,24.22,20.88,yahoo
2021-06-01,UUP,24.18,20.85,yahoo
2021-06-02,UUP,24.18,20.85,yahoo
2021-06-03,UUP,24.33,20.97,yahoo
2021-06-04,UUP,24.24,20.90,yahoo
2021-06-07,UUP,24.20,20.86,yahoo
2021-06-08,UUP,24.23,20.89,yahoo
2021-06-09,UUP,24.25,20.91,yahoo
2021-06-10,UUP,24.23,20.89,yahoo
2021-06-11,UUP,24.35,20.99,yahoo
2021-06-14,UUP,24.33,20.97,yahoo
2021-06-15,UUP,24.35,20.99,yahoo
2021-06-16,UUP,24.55,21.16,yahoo
2021-06-17,UUP,24.74,21.33,yahoo
2021-06-18,UUP,24.82,21.40,yahoo
2021-06-21,UUP,24.70,21.29,yahoo
2021-06-22,UUP,24.66,21.26,yahoo
2021-06-23,UUP,24.70,21.29,yahoo
2021-06-24,UUP,24.68,21.28,yahoo
2021-06-25,UUP,24.69,21.29,yahoo
2021-06-28,UUP,24.70,21.29,yahoo
2021-06-29,UUP,24.76,21.35,yahoo
2021-06-30,UUP,24.83,21.41,yahoo
2021-07-01,UUP,24.90,21.47,yahoo
2021-07-02,UUP,24.80,21.38,yahoo
2021-07-06,UUP,24.89,21.46,yahoo
2021-07-07,UUP,24.93,21.49,yahoo
2021-07-08,UUP,24.83,21.41,yahoo
2021-07-09,UUP,24.77,21.35,yahoo
2021-07-12,UUP,24.80,21.38,yahoo
2021-07-13,UUP,24.95,21.51,yahoo
2021-07-14,UUP,24.83,21.41,yahoo
2021-07-15,UUP,24.90,21.47,yahoo
2021-07-16,UUP,24.93,21.49,yahoo
2021-07-19,UUP,24.97,21.53,yahoo
2021-07-20,UUP,25,21.55,yahoo
2021-07-21,UUP,24.94,21.50,yahoo
2021-07-22,UUP,24.97,21.53,yahoo
2021-07-23,UUP,24.98,21.54,yahoo
2021-07-26,UUP,24.90,21.47,yahoo
2021-07-27,UUP,24.86,21.43,yahoo
2021-07-28,UUP,24.79,21.37,yahoo
2021-07-29,UUP,24.70,21.29,yahoo
2021-07-30,UUP,24.77,21.35,yahoo
2021-08-02,UUP,24.74,21.33,yahoo
2021-08-03,UUP,24.75,21.34,yahoo
2021-08-04,UUP,24.79,21.37,yahoo
2021-08-05,UUP,24.79,21.37,yahoo
2021-08-06,UUP,24.93,21.49,yahoo
2021-08-09,UUP,24.98,21.54,yahoo
2021-08-10,UUP,25,21.55,yahoo
2021-08-11,UUP,24.95,21.51,yahoo
2021-08-12,UUP,24.98,21.54,yahoo
2021-08-13,UUP,24.86,21.43,yahoo
2021-08-16,UUP,24.88,21.45,yahoo
2021-08-17,UUP,25.03,21.58,yahoo
2021-08-18,UUP,25.03,21.58,yahoo
2021-08-19,UUP,25.15,21.68,yahoo
2021-08-20,UUP,25.12,21.66,yahoo
2021-08-23,UUP,24.97,21.53,yahoo
2021-08-24,UUP,24.95,21.51,yahoo
2021-08-25,UUP,24.93,21.49,yahoo
2021-08-26,UUP,25,21.55,yahoo
2021-08-27,UUP,24.89,21.46,yahoo
2021-08-30,UUP,24.89,21.46,yahoo
2021-08-31,UUP,24.89,21.46,yahoo
2021-09-01,UUP,24.84,21.41,yahoo
2021-09-02,UUP,24.78,21.36,yahoo
2021-09-03,UUP,24.73,21.32,yahoo
2021-09-07,UUP,24.85,21.42,yahoo
2021-09-08,UUP,24.89,21.46,yahoo
2021-09-09,UUP,24.83,21.41,yahoo
2021-09-10,UUP,24.87,21.44,yahoo
2021-09-13,UUP,24.87,21.44,yahoo
2021-09-14,UUP,24.87,21.44,yahoo
2021-09-15,UUP,24.82,21.40,yahoo
2021-09-16,UUP,24.93,21.49,yahoo
2021-09-17,UUP,25.02,21.57,yahoo
2021-09-20,UUP,25.03,21.58,yahoo
2021-09-21,UUP,25.01,21.56,yahoo
2021-09-22,UUP,25.08,21.62,yahoo
2021-09-23,UUP,24.98,21.54,yahoo
2021-09-24,UUP,25.05,21.60,yahoo
2021-09-27,UUP,25.08,21.62,yahoo
2021-09-28,UUP,25.17,21.70,yahoo
2021-09-29,UUP,25.35,21.85,yahoo
2021-09-30,UUP,25.31,21.82,yahoo
2021-10-01,UUP,25.26,21.78,yahoo
2021-10-04,UUP,25.18,21.71,yahoo
2021-10-05,UUP,25.23,21.75,yahoo
2021-10-06,UUP,25.30,21.81,yahoo
2021-10-07,UUP,25.29,21.80,yahoo
2021-10-08,UUP,25.27,21.79,yahoo
2021-10-11,UUP,25.34,21.85,yahoo
2021-10-12,UUP,25.37,21.87,yahoo
2021-10-13,UUP,25.23,21.75,yahoo
2021-10-14,UUP,25.23,21.75,yahoo
2021-10-15,UUP,25.20,21.72,yahoo
2021-10-18,UUP,25.21,21.73,yahoo
2021-10-19,UUP,25.15,21.68,yahoo
2021-10-20,UUP,25.11,21.65,yahoo
2021-10-21,UUP,25.17,21.70,yahoo
2021-10-22,UUP,25.12,21.66,yahoo
2021-10-25,UUP,25.16,21.69,yahoo
2021-10-26,UUP,25.21,21.73,yahoo
2021-10-27,UUP,25.20,21.72,yahoo
2021-10-28,UUP,25.05,21.60,yahoo
2021-10-29,UUP,25.25,21.77,yahoo
2021-11-01,UUP,25.17,21.70,yahoo
2021-11-02,UUP,25.23,21.75,yahoo
2021-11-03,UUP,25.17,21.70,yahoo
2021-11-04,UUP,25.30,21.81,yahoo
2021-11-05,UUP,25.28,21.79,yahoo
2021-11-08,UUP,25.23,21.75,yahoo
2021-11-09,UUP,25.20,21.72,yahoo
2021-11-10,UUP,25.47,21.96,yahoo
2021-11-11,UUP,25.53,22.01,yahoo
2021-11-12,UUP,25.50,21.98,yahoo
2021-11-15,UUP,25.64,22.10,yahoo
2021-11-16,UUP,25.74,22.19,yahoo
2021-11-17,UUP,25.69,22.15,yahoo
2021-11-18,UUP,25.62,22.09,yahoo
2021-11-19,UUP,25.75,22.20,yahoo
2021-11-22,UUP,25.88,22.31,yahoo
2021-11-23,UUP,25.87,22.30,yahoo
2021-11-24,UUP,25.97,22.39,yahoo
2021-11-26,UUP,25.77,22.22,yahoo
2021-11-29,UUP,25.82,22.26,yahoo
2021-11-30,UUP,25.70,22.16,yahoo
2021-12-01,UUP,25.77,22.22,yahoo
2021-12-02,UUP,25.78,22.23,yahoo
2021-12-03,UUP,25.77,22.22,yahoo
2021-12-06,UUP,25.81,22.25,yahoo
2021-12-07,UUP,25.82,22.26,yahoo
2021-12-08,UUP,25.70,22.16,yahoo
2021-12-09,UUP,25.79,22.23,yahoo
2021-12-10,UUP,25.75,22.20,yahoo
2021-12-13,UUP,25.83,22.27,yahoo
2021-12-14,UUP,25.88,22.31,yahoo
2021-12-15,UUP,25.84,22.28,yahoo
2021-12-16,UUP,25.73,22.18,yahoo
2021-12-17,UUP,25.91,22.34,yahoo
2021-12-20,UUP,25.88,22.31,yahoo
2021-12-21,UUP,25.85,22.29,yahoo
2021-12-22,UUP,25.75,22.20,yahoo
2021-12-23,UUP,25.73,22.18,yahoo
2021-12-27,UUP,25.74,22.19,yahoo
2021-12-28,UUP,25.77,22.22,yahoo
2021-12-29,UUP,25.70,22.16,yahoo
2021-12-30,UUP,25.74,22.19,yahoo
2021-12-31,UUP,25.63,22.10,yahoo
2022-01-03,UUP,25.79,22.23,yahoo
2022-01-04,UUP,25.81,22.25,yahoo
2022-01-05,UUP,25.78,22.23,yahoo
2022-01-06,UUP,25.80,22.24,yahoo
2022-01-07,UUP,25.66,22.12,yahoo
2022-01-10,UUP,25.72,22.17,yahoo
2022-01-11,UUP,25.61,22.08,yahoo
2022-01-12,UUP,25.44,21.93,yahoo
2022-01-13,UUP,25.43,21.92,yahoo
2022-01-14,UUP,25.50,21.98,yahoo
2022-01-18,UUP,25.66,22.12,yahoo
2022-01-19,UUP,25.60,22.07,yahoo
2022-01-20,UUP,25.68,22.14,yahoo
2022-01-21,UUP,25.61,22.08,yahoo
2022-01-24,UUP,25.69,22.15,yahoo
2022-01-25,UUP,25.70,22.16,yahoo
2022-01-26,UUP,25.84,22.28,yahoo
2022-01-27,UUP,26.06,22.47,yahoo
2022-01-28,UUP,26.05,22.46,yahoo
2022-01-31,UUP,25.87,22.30,yahoo
2022-02-01,UUP,25.80,22.24,yahoo
2022-02-02,UUP,25.70,22.16,yahoo
2022-02-03,UUP,25.57,22.04,yahoo
2022-02-04,UUP,25.55,22.03,yahoo
2022-02-07,UUP,25.56,22.04,yahoo
2022-02-08,UUP,25.60,22.07,yahoo
2022-02-09,UUP,25.57,22.04,yahoo
2022-02-10,UUP,25.61,22.08,yahoo
2022-02-11,UUP,25.72,22.17,yahoo
2022-02-14,UUP,25.79,22.23,yahoo
2022-02-15,UUP,25.69,22.15,yahoo
2022-02-16,UUP,25.64,22.10,yahoo
2022-02-17,UUP,25.65,22.11,yahoo
2022-02-18,UUP,25.72,22.17,yahoo
2022-02-22,UUP,25.73,22.18,yahoo
2022-02-23,UUP,25.76,22.21,yahoo
2022-02-24,UUP,25.97,22.39,yahoo
2022-02-25,UUP,25.84,22.28,yahoo
2022-02-28,UUP,25.88,22.31,yahoo
2022-03-01,UUP,26.08,22.48,yahoo
2022-03-02,UUP,26.06,22.47,yahoo
2022-03-03,UUP,26.16,22.55,yahoo
2022-03-04,UUP,26.36,22.73,yahoo
2022-03-07,UUP,26.55,22.89,yahoo
2022-03-08,UUP,26.50,22.85,yahoo
2022-03-09,UUP,26.24,22.62,yahoo
2022-03-10,UUP,26.37,22.73,yahoo
2022-03-11,UUP,26.51,22.85,yahoo
2022-03-14,UUP,26.50,22.85,yahoo
2022-03-15,UUP,26.47,22.82,yahoo
2022-03-16,UUP,26.28,22.66,yahoo
2022-03-17,UUP,26.22,22.60,yahoo
2022-03-18,UUP,26.25,22.63,yahoo
2022-03-21,UUP,26.35,22.72,yahoo
2022-03-22,UUP,26.34,22.71,yahoo
2022-03-23,UUP,26.37,22.73,yahoo
2022-03-24,UUP,26.40,22.76,yahoo
2022-03-25,UUP,26.41,22.77,yahoo
2022-03-28,UUP,26.49,22.84,yahoo
2022-03-29,UUP,26.33,22.70,yahoo
2022-03-30,UUP,26.19,22.58,yahoo
2022-03-31,UUP,26.30,22.67,yahoo
2022-04-01,UUP,26.34,22.71,yahoo
2022-04-04,UUP,26.46,22.81,yahoo
2022-04-05,UUP,26.60,22.93,yahoo
2022-04-06,UUP,26.62,22.95,yahoo
2022-04-07,UUP,26.67,22.99,yahoo
2022-04-08,UUP,26.67,22.99,yahoo
2022-04-11,UUP,26.73,23.04,yahoo
2022-04-12,UUP,26.82,23.12,yahoo
2022-04-13,UUP,26.71,23.03,yahoo
2022-04-14,UUP,26.83,23.13,yahoo
2022-04-18,UUP,26.94,23.23,yahoo
2022-04-19,UUP,27,23.28,yahoo
2022-04-20,UUP,26.81,23.11,yahoo
2022-04-21,UUP,26.89,23.18,yahoo
2022-04-22,UUP,27.05,23.32,yahoo
2022-04-25,UUP,27.18,23.43,yahoo
2022-04-26,UUP,27.35,23.58,yahoo
2022-04-27,UUP,27.52,23.73,yahoo
2022-04-28,UUP,27.68,23.86,yahoo
2022-04-29,UUP,27.57,23.77,yahoo
2022-05-02,UUP,27.71,23.89,yahoo
2022-05-03,UUP,27.66,23.85,yahoo
2022-05-04,UUP,27.43,23.65,yahoo
2022-05-05,UUP,27.66,23.85,yahoo
2022-05-06,UUP,27.71,23.89,yahoo
2022-05-09,UUP,27.72,23.90,yahoo
2022-05-10,UUP,27.78,23.95,yahoo
2022-05-11,UUP,27.81,23.98,yahoo
2022-05-12,UUP,28.05,24.18,yahoo
2022-05-13,UUP,27.97,24.11,yahoo
2022-05-16,UUP,27.86,24.02,yahoo
2022-05-17,UUP,27.63,23.82,yahoo
2022-05-18,UUP,27.77,23.94,yahoo
2022-05-19,UUP,27.48,23.69,yahoo
2022-05-20,UUP,27.54,23.74,yahoo
2022-05-23,UUP,27.29,23.53,yahoo
2022-05-24,UUP,27.21,23.46,yahoo
2022-05-25,UUP,27.31,23.54,yahoo
2022-05-26,UUP,27.22,23.47,yahoo
2022-05-27,UUP,27.16,23.41,yahoo
2022-05-31,UUP,27.21,23.46,yahoo
2022-06-01,UUP,27.42,23.64,yahoo
2022-06-02,UUP,27.18,23.43,yahoo
2022-06-03,UUP,27.30,23.54,yahoo
2022-06-06,UUP,27.36,23.59,yahoo
2022-06-07,UUP,27.33,23.56,yahoo
2022-06-08,UUP,27.41,23.63,yahoo
2022-06-09,UUP,27.61,23.80,yahoo
2022-06-10,UUP,27.83,23.99,yahoo
2022-06-13,UUP,28.10,24.23,yahoo
2022-06-14,UUP,28.16,24.28,yahoo
2022-06-15,UUP,27.94,24.09,yahoo
2022-06-16,UUP,27.67,23.85,yahoo
2022-06-17,UUP,27.95,24.10,yahoo
2022-06-21,UUP,27.85,24.01,yahoo
2022-06-22,UUP,27.81,23.98,yahoo
2022-06-23,UUP,27.84,24.00,yahoo
2022-06-24,UUP,27.78,23.95,yahoo
2022-06-27,UUP,27.73,23.91,yahoo
2022-06-28,UUP,27.89,24.04,yahoo
2022-06-29,UUP,28.05,24.18,yahoo
2022-06-30,UUP,27.96,24.10,yahoo
2022-07-01,UUP,28.05,24.18,yahoo
2022-07-05,UUP,28.45,24.53,yahoo
2022-07-06,UUP,28.58,24.64,yahoo
2022-07-07,UUP,28.59,24.65,yahoo
2022-07-08,UUP,28.57,24.63,yahoo
2022-07-11,UUP,28.90,24.91,yahoo
2022-07-12,UUP,28.89,24.91,yahoo
2022-07-13,UUP,28.83,24.85,yahoo
2022-07-14,UUP,29.03,25.03,yahoo
2022-07-15,UUP,28.86,24.88,yahoo
2022-07-18,UUP,28.70,24.74,yahoo
2022-07-19,UUP,28.52,24.59,yahoo
2022-07-20,UUP,28.60,24.66,yahoo
2022-07-21,UUP,28.52,24.59,yahoo
2022-07-22,UUP,28.48,24.55,yahoo
2022-07-25,UUP,28.44,24.52,yahoo
2022-07-26,UUP,28.66,24.71,yahoo
2022-07-27,UUP,28.42,24.50,yahoo
2022-07-28,UUP,28.40,24.48,yahoo
2022-07-29,UUP,28.29,24.39,yahoo
2022-08-01,UUP,28.18,24.29,yahoo
2022-08-02,UUP,28.36,24.45,yahoo
2022-08-03,UUP,28.44,24.52,yahoo
2022-08-04,UUP,28.26,24.36,yahoo
2022-08-05,UUP,28.50,24.57,yahoo
2022-08-08,UUP,28.46,24.54,yahoo
2022-08-09,UUP,28.43,24.51,yahoo
2022-08-10,UUP,28.12,24.24,yahoo
2022-08-11,UUP,28.14,24.26,yahoo
2022-08-12,UUP,28.25,24.35,yahoo
2022-08-15,UUP,28.50,24.57,yahoo
2022-08-16,UUP,28.49,24.56,yahoo
2022-08-17,UUP,28.53,24.60,yahoo
2022-08-18,UUP,28.75,24.79,yahoo
2022-08-19,UUP,28.93,24.94,yahoo
2022-08-22,UUP,29.17,25.15,yahoo
2022-08-23,UUP,29.05,25.04,yahoo
2022-08-24,UUP,29.07,25.06,yahoo
2022-08-25,UUP,29.02,25.02,yahoo
2022-08-26,UUP,29.13,25.11,yahoo
2022-08-29,UUP,29.14,25.12,yahoo
2022-08-30,UUP,29.13,25.11,yahoo
2022-08-31,UUP,29.11,25.10,yahoo
2022-09-01,UUP,29.37,25.32,yahoo
2022-09-02,UUP,29.38,25.33,yahoo
2022-09-06,UUP,29.55,25.48,yahoo
2022-09-07,UUP,29.34,25.29,yahoo
2022-09-08,UUP,29.40,25.35,yahoo
2022-09-09,UUP,29.19,25.16,yahoo
2022-09-12,UUP,29.04,25.04,yahoo
2022-09-13,UUP,29.44,25.38,yahoo
2022-09-14,UUP,29.38,25.33,yahoo
2022-09-15,UUP,29.40,25.35,yahoo
2022-09-16,UUP,29.40,25.35,yahoo
2022-09-19,UUP,29.38,25.33,yahoo
2022-09-20,UUP,29.52,25.45,yahoo
2022-09-21,UUP,29.81,25.70,yahoo
2022-09-22,UUP,29.85,25.73,yahoo
2022-09-23,UUP,30.32,26.14,yahoo
2022-09-26,UUP,30.66,26.43,yahoo
2022-09-27,UUP,30.67,26.44,yahoo
2022-09-28,UUP,30.27,26.10,yahoo
2022-09-29,UUP,30.15,25.99,yahoo
2022-09-30,UUP,30.15,25.99,yahoo
2022-10-03,UUP,30.01,25.87,yahoo
2022-10-04,UUP,29.60,25.52,yahoo
2022-10-05,UUP,29.88,25.76,yahoo
2022-10-06,UUP,30.18,26.02,yahoo
2022-10-07,UUP,30.30,26.12,yahoo
2022-10-10,UUP,30.43,26.23,yahoo
2022-10-11,UUP,30.45,26.25,yahoo
2022-10-12,UUP,30.45,26.25,yahoo
2022-10-13,UUP,30.25,26.08,yahoo
2022-10-14,UUP,30.46,26.26,yahoo
2022-10-17,UUP,30.15,25.99,yahoo
2022-10-18,UUP,30.13,25.98,yahoo
2022-10-19,UUP,30.35,26.16,yahoo
2022-10-20,UUP,30.37,26.18,yahoo
2022-10-21,UUP,30.11,25.96,yahoo
2022-10-24,UUP,30.14,25.98,yahoo
2022-10-25,UUP,29.81,25.70,yahoo
2022-10-26,UUP,29.50,25.43,yahoo
2022-10-27,UUP,29.73,25.63,yahoo
2022-10-28,UUP,29.78,25.67,yahoo
2022-10-31,UUP,30.03,25.89,yahoo
2022-11-01,UUP,30.02,25.88,yahoo
2022-11-02,UUP,30.15,25.99,yahoo
2022-11-03,UUP,30.40,26.21,yahoo
2022-11-04,UUP,29.83,25.72,yahoo
2022-11-07,UUP,29.66,25.57,yahoo
2022-11-08,UUP,29.53,25.46,yahoo
2022-11-09,UUP,29.75,25.65,yahoo
2022-11-10,UUP,29.07,25.06,yahoo
2022-11-11,UUP,28.65,24.70,yahoo
2022-11-14,UUP,28.78,24.81,yahoo
2022-11-15,UUP,28.68,24.73,yahoo
2022-11-16,UUP,28.62,24.67,yahoo
2022-11-17,UUP,28.73,24.77,yahoo
2022-11-18,UUP,28.81,24.84,yahoo
2022-11-21,UUP,29.06,25.05,yahoo
2022-11-22,UUP,28.88,24.90,yahoo
2022-11-23,UUP,28.58,24.64,yahoo
2022-11-25,UUP,28.58,24.64,yahoo
2022-11-28,UUP,28.79,24.82,yahoo
2022-11-29,UUP,28.84,24.86,yahoo
2022-11-30,UUP,28.61,24.66,yahoo
2022-12-01,UUP,28.26,24.36,yahoo
2022-12-02,UUP,28.23,24.34,yahoo
2022-12-05,UUP,28.46,24.54,yahoo
2022-12-06,UUP,28.48,24.55,yahoo
2022-12-07,UUP,28.39,24.48,yahoo
2022-12-08,UUP,28.30,24.40,yahoo
2022-12-09,UUP,28.36,24.45,yahoo
2022-12-12,UUP,28.38,24.47,yahoo
2022-12-13,UUP,28.13,24.25,yahoo
2022-12-14,UUP,28,24.14,yahoo
2022-12-15,UUP,28.26,24.36,yahoo
2022-12-16,UUP,28.31,24.41,yahoo
2022-12-19,UUP,28.07,24.41,yahoo
2022-12-20,UUP,27.88,24.25,yahoo
2022-12-21,UUP,27.95,24.31,yahoo
2022-12-22,UUP,27.99,24.34,yahoo
2022-12-23,UUP,27.98,24.33,yahoo
2022-12-27,UUP,27.97,24.33,yahoo
2022-12-28,UUP,28.07,24.41,yahoo
2022-12-29,UUP,27.90,24.26,yahoo
2022-12-30,UUP,27.81,24.19,yahoo
2023-01-03,UUP,28.11,24.45,yahoo
2023-01-04,UUP,28.01,24.36,yahoo
2023-01-05,UUP,28.27,24.59,yahoo
2023-01-06,UUP,27.90,24.26,yahoo
2023-01-09,UUP,27.73,24.12,yahoo
2023-01-10,UUP,27.75,24.13,yahoo
2023-01-11,UUP,27.75,24.13,yahoo
2023-01-12,UUP,27.48,23.90,yahoo
2023-01-13,UUP,27.47,23.89,yahoo
2023-01-17,UUP,27.55,23.96,yahoo
2023-01-18,UUP,27.55,23.96,yahoo
2023-01-19,UUP,27.48,23.90,yahoo
2023-01-20,UUP,27.44,23.86,yahoo
2023-01-23,UUP,27.48,23.90,yahoo
2023-01-24,UUP,27.45,23.87,yahoo
2023-01-25,UUP,27.36,23.79,yahoo
2023-01-26,UUP,27.43,23.86,yahoo
2023-01-27,UUP,27.47,23.89,yahoo
2023-01-30,UUP,27.57,23.98,yahoo
2023-01-31,UUP,27.51,23.93,yahoo
2023-02-01,UUP,27.25,23.70,yahoo
2023-02-02,UUP,27.43,23.86,yahoo
2023-02-03,UUP,27.79,24.17,yahoo
2023-02-06,UUP,27.95,24.31,yahoo
2023-02-07,UUP,27.90,24.26,yahoo
2023-02-08,UUP,27.93,24.29,yahoo
2023-02-09,UUP,27.89,24.26,yahoo
2023-02-10,UUP,27.98,24.33,yahoo
2023-02-13,UUP,27.90,24.26,yahoo
2023-02-14,UUP,27.88,24.25,yahoo
2023-02-15,UUP,28.07,24.41,yahoo
2023-02-16,UUP,28.11,24.45,yahoo
2023-02-17,UUP,28.09,24.43,yahoo
2023-02-21,UUP,28.18,24.51,yahoo
2023-02-22,UUP,28.27,24.59,yahoo
2023-02-23,UUP,28.28,24.59,yahoo
2023-02-24,UUP,28.49,24.78,yahoo
2023-02-27,UUP,28.34,24.65,yahoo
2023-02-28,UUP,28.42,24.72,yahoo
2023-03-01,UUP,28.27,24.59,yahoo
2023-03-02,UUP,28.42,24.72,yahoo
2023-03-03,UUP,28.31,24.62,yahoo
2023-03-06,UUP,28.27,24.59,yahoo
2023-03-07,UUP,28.62,24.89,yahoo
2023-03-08,UUP,28.61,24.88,yahoo
2023-03-09,UUP,28.53,24.81,yahoo
2023-03-10,UUP,28.35,24.66,yahoo
2023-03-13,UUP,28.09,24.43,yahoo
2023-03-14,UUP,28.09,24.43,yahoo
2023-03-15,UUP,28.39,24.69,yahoo
2023-03-16,UUP,28.36,24.66,yahoo
2023-03-17,UUP,28.20,24.53,yahoo
2023-03-20,UUP,28.04,24.39,yahoo
2023-03-21,UUP,28.03,24.38,yahoo
2023-03-22,UUP,27.82,24.19,yahoo
2023-03-23,UUP,27.86,24.23,yahoo
2023-03-24,UUP,28.03,24.38,yahoo
2023-03-27,UUP,27.94,24.30,yahoo
2023-03-28,UUP,27.84,24.21,yahoo
2023-03-29,UUP,27.91,24.27,yahoo
2023-03-30,UUP,27.78,24.16,yahoo
2023-03-31,UUP,27.88,24.25,yahoo
2023-04-03,UUP,27.75,24.13,yahoo
2023-04-04,UUP,27.64,24.04,yahoo
2023-04-05,UUP,27.72,24.11,yahoo
2023-04-06,UUP,27.74,24.13,yahoo
2023-04-10,UUP,27.90,24.26,yahoo
2023-04-11,UUP,27.80,24.18,yahoo
2023-04-12,UUP,27.65,24.05,yahoo
2023-04-13,UUP,27.52,23.93,yahoo
2023-04-14,UUP,27.68,24.07,yahoo
2023-04-17,UUP,27.82,24.19,yahoo
2023-04-18,UUP,27.72,24.11,yahoo
2023-04-19,UUP,27.78,24.16,yahoo
2023-04-20,UUP,27.78,24.16,yahoo
2023-04-21,UUP,27.75,24.13,yahoo
2023-04-24,UUP,27.66,24.06,yahoo
2023-04-25,UUP,27.79,24.17,yahoo
2023-04-26,UUP,27.70,24.09,yahoo
2023-04-27,UUP,27.71,24.10,yahoo
2023-04-28,UUP,27.75,24.13,yahoo
2023-05-01,UUP,27.89,24.26,yahoo
2023-05-02,UUP,27.82,24.19,yahoo
2023-05-03,UUP,27.67,24.06,yahoo
2023-05-04,UUP,27.70,24.09,yahoo
2023-05-05,UUP,27.66,24.06,yahoo
2023-05-08,UUP,27.70,24.09,yahoo
2023-05-09,UUP,27.79,24.17,yahoo
2023-05-10,UUP,27.74,24.13,yahoo
2023-05-11,UUP,27.92,24.28,yahoo
2023-05-12,UUP,28.10,24.44,yahoo
2023-05-15,UUP,28.02,24.37,yahoo
2023-05-16,UUP,28.09,24.43,yahoo
2023-05-17,UUP,28.14,24.47,yahoo
2023-05-18,UUP,28.35,24.66,yahoo
2023-05-19,UUP,28.27,24.59,yahoo
2023-05-22,UUP,28.29,24.60,yahoo
2023-05-23,UUP,28.37,24.67,yahoo
2023-05-24,UUP,28.47,24.76,yahoo
2023-05-25,UUP,28.60,24.87,yahoo
2023-05-26,UUP,28.59,24.86,yahoo
2023-05-30,UUP,28.56,24.84,yahoo
2023-05-31,UUP,28.61,24.88,yahoo
2023-06-01,UUP,28.27,24.59,yahoo
2023-06-02,UUP,28.57,24.85,yahoo
2023-06-05,UUP,28.52,24.80,yahoo
2023-06-06,UUP,28.61,24.88,yahoo
2023-06-07,UUP,28.62,24.89,yahoo
2023-06-08,UUP,28.39,24.69,yahoo
2023-06-09,UUP,28.48,24.77,yahoo
2023-06-12,UUP,28.49,24.78,yahoo
2023-06-13,UUP,28.40,24.70,yahoo
2023-06-14,UUP,28.26,24.58,yahoo
2023-06-15,UUP,28.10,24.44,yahoo
2023-06-16,UUP,28.15,24.48,yahoo
2023-06-20,UUP,28.23,24.55,yahoo
2023-06-21,UUP,28.10,24.44,yahoo
2023-06-22,UUP,28.20,24.53,yahoo
2023-06-23,UUP,28.35,24.66,yahoo
2023-06-26,UUP,28.32,24.63,yahoo
2023-06-27,UUP,28.25,24.57,yahoo
2023-06-28,UUP,28.38,24.68,yahoo
2023-06-29,UUP,28.50,24.79,yahoo
2023-06-30,UUP,28.38,24.68,yahoo
2023-07-03,UUP,28.41,24.71,yahoo
2023-07-05,UUP,28.54,24.82,yahoo
2023-07-06,UUP,28.47,24.76,yahoo
2023-07-07,UUP,28.23,24.55,yahoo
2023-07-10,UUP,28.16,24.49,yahoo
2023-07-11,UUP,28.09,24.43,yahoo
2023-07-12,UUP,27.76,24.14,yahoo
2023-07-13,UUP,27.57,23.98,yahoo
2023-07-14,UUP,27.62,24.02,yahoo
2023-07-17,UUP,27.59,23.99,yahoo
2023-07-18,UUP,27.61,24.01,yahoo
2023-07-19,UUP,27.72,24.11,yahoo
2023-07-20,UUP,27.88,24.25,yahoo
2023-07-21,UUP,27.96,24.32,yahoo
2023-07-24,UUP,28.06,24.40,yahoo
2023-07-25,UUP,28.03,24.38,yahoo
2023-07-26,UUP,27.95,24.31,yahoo
2023-07-27,UUP,28.21,24.53,yahoo
2023-07-28,UUP,28.17,24.50,yahoo
2023-07-31,UUP,28.22,24.54,yahoo
2023-08-01,UUP,28.35,24.66,yahoo
2023-08-02,UUP,28.45,24.74,yahoo
2023-08-03,UUP,28.43,24.73,yahoo
2023-08-04,UUP,28.29,24.60,yahoo
2023-08-07,UUP,28.31,24.62,yahoo
2023-08-08,UUP,28.44,24.73,yahoo
2023-08-09,UUP,28.46,24.75,yahoo
2023-08-10,UUP,28.51,24.79,yahoo
2023-08-11,UUP,28.57,24.85,yahoo
2023-08-14,UUP,28.67,24.93,yahoo
2023-08-15,UUP,28.68,24.94,yahoo
2023-08-16,UUP,28.76,25.01,yahoo
2023-08-17,UUP,28.75,25.00,yahoo
2023-08-18,UUP,28.77,25.02,yahoo
2023-08-21,UUP,28.74,24.99,yahoo
2023-08-22,UUP,28.84,25.08,yahoo
2023-08-23,UUP,28.74,24.99,yahoo
2023-08-24,UUP,28.97,25.19,yahoo
2023-08-25,UUP,29.01,25.23,yahoo
2023-08-28,UUP,28.96,25.19,yahoo
2023-08-29,UUP,28.80,25.05,yahoo
2023-08-30,UUP,28.75,25.00,yahoo
2023-08-31,UUP,28.89,25.13,yahoo
2023-09-01,UUP,29.07,25.28,yahoo
2023-09-05,UUP,29.22,25.41,yahoo
2023-09-06,UUP,29.23,25.42,yahoo
2023-09-07,UUP,29.30,25.48,yahoo
2023-09-08,UUP,29.33,25.51,yahoo
2023-09-11,UUP,29.19,25.39,yahoo
2023-09-12,UUP,29.24,25.43,yahoo
2023-09-13,UUP,29.26,25.45,yahoo
2023-09-14,UUP,29.44,25.60,yahoo
2023-09-15,UUP,29.42,25.59,yahoo
2023-09-18,UUP,29.37,25.54,yahoo
2023-09-19,UUP,29.39,25.56,yahoo
2023-09-20,UUP,29.44,25.60,yahoo
2023-09-21,UUP,29.46,25.62,yahoo
2023-09-22,UUP,29.53,25.68,yahoo
2023-09-25,UUP,29.64,25.78,yahoo
2023-09-26,UUP,29.73,25.86,yahoo
2023-09-27,UUP,29.87,25.98,yahoo
2023-09-28,UUP,29.71,25.84,yahoo
2023-09-29,UUP,29.73,25.86,yahoo
2023-10-02,UUP,29.96,26.06,yahoo
2023-10-03,UUP,29.99,26.08,yahoo
2023-10-04,UUP,29.90,26.00,yahoo
2023-10-05,UUP,29.80,25.92,yahoo
2023-10-06,UUP,29.74,25.86,yahoo
2023-10-09,UUP,29.73,25.86,yahoo
2023-10-10,UUP,29.66,25.80,yahoo
2023-10-11,UUP,29.66,25.80,yahoo
2023-10-12,UUP,29.91,26.01,yahoo
2023-10-13,UUP,29.93,26.03,yahoo
2023-10-16,UUP,29.80,25.92,yahoo
2023-10-17,UUP,29.81,25.93,yahoo
2023-10-18,UUP,29.92,26.02,yahoo
2023-10-19,UUP,29.83,25.94,yahoo
2023-10-20,UUP,29.84,25.95,yahoo
2023-10-23,UUP,29.69,25.82,yahoo
2023-10-24,UUP,29.86,25.97,yahoo
2023-10-25,UUP,29.94,26.04,yahoo
2023-10-26,UUP,30.01,26.10,yahoo
2023-10-27,UUP,29.97,26.06,yahoo
2023-10-30,UUP,29.85,25.96,yahoo
2023-10-31,UUP,30.03,26.12,yahoo
2023-11-01,UUP,30.04,26.13,yahoo
2023-11-02,UUP,29.89,26.00,yahoo
2023-11-03,UUP,29.61,25.75,yahoo
2023-11-06,UUP,29.64,25.78,yahoo
2023-11-07,UUP,29.74,25.86,yahoo
2023-11-08,UUP,29.73,25.86,yahoo
2023-11-09,UUP,29.86,25.97,yahoo
2023-11-10,UUP,29.84,25.95,yahoo
2023-11-13,UUP,29.80,25.92,yahoo
2023-11-14,UUP,29.33,25.51,yahoo
2023-11-15,UUP,29.44,25.60,yahoo
2023-11-16,UUP,29.46,25.62,yahoo
2023-11-17,UUP,29.30,25.48,yahoo
2023-11-20,UUP,29.21,25.40,yahoo
2023-11-21,UUP,29.24,25.43,yahoo
2023-11-22,UUP,29.34,25.52,yahoo
2023-11-24,UUP,29.21,25.40,yahoo
2023-11-27,UUP,29.15,25.35,yahoo
2023-11-28,UUP,29.05,25.26,yahoo
2023-11-29,UUP,29.08,25.29,yahoo
2023-11-30,UUP,29.29,25.47,yahoo
2023-12-01,UUP,29.20,25.39,yahoo
2023-12-04,UUP,29.33,25.51,yahoo
2023-12-05,UUP,29.44,25.60,yahoo
2023-12-06,UUP,29.51,25.66,yahoo
2023-12-07,UUP,29.35,25.53,yahoo
2023-12-08,UUP,29.46,25.62,yahoo
2023-12-11,UUP,29.50,25.66,yahoo
2023-12-12,UUP,29.42,25.59,yahoo
2023-12-13,UUP,29.17,25.37,yahoo
2023-12-14,UUP,28.90,25.13,yahoo
2023-12-15,UUP,29.09,25.30,yahoo
2023-12-18,UUP,27.34,25.30,yahoo
2023-12-19,UUP,27.22,25.18,yahoo
2023-12-20,UUP,27.34,25.30,yahoo
2023-12-21,UUP,27.16,25.13,yahoo
2023-12-22,UUP,27.15,25.12,yahoo
2023-12-26,UUP,27.09,25.06,yahoo
2023-12-27,UUP,26.95,24.93,yahoo
2023-12-28,UUP,27.04,25.02,yahoo
2023-12-29,UUP,27.09,25.06,yahoo
2024-01-02,UUP,27.32,25.28,yahoo
2024-01-03,UUP,27.41,25.36,yahoo
2024-01-04,UUP,27.41,25.36,yahoo
2024-01-05,UUP,27.41,25.36,yahoo
2024-01-08,UUP,27.36,25.31,yahoo
2024-01-09,UUP,27.45,25.40,yahoo
2024-01-10,UUP,27.40,25.35,yahoo
2024-01-11,UUP,27.42,25.37,yahoo
2024-01-12,UUP,27.45,25.40,yahoo
2024-01-16,UUP,27.69,25.62,yahoo
2024-01-17,UUP,27.71,25.64,yahoo
2024-01-18,UUP,27.74,25.67,yahoo
2024-01-19,UUP,27.70,25.63,yahoo
2024-01-22,UUP,27.71,25.64,yahoo
2024-01-23,UUP,27.78,25.70,yahoo
2024-01-24,UUP,27.70,25.63,yahoo
2024-01-25,UUP,27.78,25.70,yahoo
2024-01-26,UUP,27.78,25.70,yahoo
2024-01-29,UUP,27.78,25.70,yahoo
2024-01-30,UUP,27.76,25.68,yahoo
2024-01-31,UUP,27.83,25.75,yahoo
2024-02-01,UUP,27.69,25.62,yahoo
2024-02-02,UUP,27.94,25.85,yahoo
2024-02-05,UUP,28.09,25.99,yahoo
2024-02-06,UUP,28.01,25.92,yahoo
2024-02-07,UUP,27.98,25.89,yahoo
2024-02-08,UUP,28.01,25.92,yahoo
2024-02-09,UUP,27.99,25.90,yahoo
2024-02-12,UUP,28.02,25.92,yahoo
2024-02-13,UUP,28.24,26.13,yahoo
2024-02-14,UUP,28.19,26.08,yahoo
2024-02-15,UUP,28.08,25.98,yahoo
2024-02-16,UUP,28.09,25.99,yahoo
2024-02-20,UUP,28.05,25.95,yahoo
2024-02-21,UUP,28.02,25.92,yahoo
2024-02-22,UUP,28.02,25.92,yahoo
2024-02-23,UUP,28.04,25.94,yahoo
2024-02-26,UUP,27.99,25.90,yahoo
2024-02-27,UUP,28.01,25.92,yahoo
2024-02-28,UUP,28.03,25.93,yahoo
2024-02-29,UUP,28.09,25.99,yahoo
2024-03-01,UUP,28.04,25.94,yahoo
2024-03-04,UUP,28.04,25.94,yahoo
2024-03-05,UUP,28.01,25.92,yahoo
2024-03-06,UUP,27.91,25.82,yahoo
2024-03-07,UUP,27.77,25.69,yahoo
2024-03-08,UUP,27.78,25.70,yahoo
2024-03-11,UUP,27.81,25.73,yahoo
2024-03-12,UUP,27.83,25.75,yahoo
2024-03-13,UUP,27.80,25.72,yahoo
2024-03-14,UUP,27.95,25.86,yahoo
2024-03-15,UUP,27.98,25.89,yahoo
2024-03-18,UUP,28.04,25.94,yahoo
2024-03-19,UUP,28.11,26.01,yahoo
2024-03-20,UUP,27.98,25.89,yahoo
2024-03-21,UUP,28.17,26.06,yahoo
2024-03-22,UUP,28.32,26.20,yahoo
2024-03-25,UUP,28.25,26.14,yahoo
2024-03-26,UUP,28.27,26.16,yahoo
2024-03-27,UUP,28.29,26.17,yahoo
2024-03-28,UUP,28.37,26.25,yahoo
2024-04-01,UUP,28.48,26.35,yahoo
2024-04-02,UUP,28.44,26.31,yahoo
2024-04-03,UUP,28.31,26.19,yahoo
2024-04-04,UUP,28.31,26.19,yahoo
2024-04-05,UUP,28.34,26.22,yahoo
2024-04-08,UUP,28.30,26.18,yahoo
2024-04-09,UUP,28.29,26.17,yahoo
2024-04-10,UUP,28.59,26.45,yahoo
2024-04-11,UUP,28.61,26.47,yahoo
2024-04-12,UUP,28.84,26.68,yahoo
2024-04-15,UUP,28.89,26.73,yahoo
2024-04-16,UUP,28.93,26.77,yahoo
2024-04-17,UUP,28.84,26.68,yahoo
2024-04-18,UUP,28.90,26.74,yahoo
2024-04-19,UUP,28.90,26.74,yahoo
2024-04-22,UUP,28.91,26.75,yahoo
2024-04-23,UUP,28.79,26.64,yahoo
2024-04-24,UUP,28.82,26.66,yahoo
2024-04-25,UUP,28.76,26.61,yahoo
2024-04-26,UUP,28.89,26.73,yahoo
2024-04-29,UUP,28.80,26.65,yahoo
2024-04-30,UUP,28.98,26.81,yahoo
2024-05-01,UUP,28.95,26.79,yahoo
2024-05-02,UUP,28.73,26.58,yahoo
2024-05-03,UUP,28.65,26.51,yahoo
2024-05-06,UUP,28.68,26.54,yahoo
2024-05-07,UUP,28.76,26.61,yahoo
2024-05-08,UUP,28.80,26.65,yahoo
2024-05-09,UUP,28.70,26.55,yahoo
2024-05-10,UUP,28.74,26.59,yahoo
2024-05-13,UUP,28.73,26.58,yahoo
2024-05-14,UUP,28.67,26.53,yahoo
2024-05-15,UUP,28.49,26.36,yahoo
2024-05-16,UUP,28.56,26.42,yahoo
2024-05-17,UUP,28.56,26.42,yahoo
2024-05-20,UUP,28.60,26.46,yahoo
2024-05-21,UUP,28.60,26.46,yahoo
2024-05-22,UUP,28.69,26.54,yahoo
2024-05-23,UUP,28.75,26.60,yahoo
2024-05-24,UUP,28.66,26.52,yahoo
2024-05-28,UUP,28.62,26.48,yahoo
2024-05-29,UUP,28.78,26.63,yahoo
2024-05-30,UUP,28.69,26.54,yahoo
2024-05-31,UUP,28.67,26.53,yahoo
2024-06-03,UUP,28.52,26.39,yahoo
2024-06-04,UUP,28.53,26.40,yahoo
2024-06-05,UUP,28.57,26.43,yahoo
2024-06-06,UUP,28.53,26.40,yahoo
2024-06-07,UUP,28.77,26.62,yahoo
2024-06-10,UUP,28.84,26.68,yahoo
2024-06-11,UUP,28.88,26.72,yahoo
2024-06-12,UUP,28.75,26.60,yahoo
2024-06-13,UUP,28.86,26.70,yahoo
2024-06-14,UUP,28.99,26.82,yahoo
2024-06-17,UUP,28.92,26.76,yahoo
2024-06-18,UUP,28.91,26.75,yahoo
2024-06-20,UUP,29.03,26.86,yahoo
2024-06-21,UUP,29.10,26.92,yahoo
2024-06-24,UUP,29,26.83,yahoo
2024-06-25,UUP,29.03,26.86,yahoo
2024-06-26,UUP,29.17,26.99,yahoo
2024-06-27,UUP,29.13,26.95,yahoo
2024-06-28,UUP,29.13,26.95,yahoo
2024-07-01,UUP,29.14,26.96,yahoo
2024-07-02,UUP,29.10,26.92,yahoo
2024-07-03,UUP,28.98,26.81,yahoo
2024-07-05,UUP,28.88,26.72,yahoo
2024-07-08,UUP,28.93,26.77,yahoo
2024-07-09,UUP,28.97,26.80,yahoo
2024-07-10,UUP,28.94,26.78,yahoo
2024-07-11,UUP,28.79,26.64,yahoo
2024-07-12,UUP,28.69,26.54,yahoo
2024-07-15,UUP,28.74,26.59,yahoo
2024-07-16,UUP,28.74,26.59,yahoo
2024-07-17,UUP,28.61,26.47,yahoo
2024-07-18,UUP,28.74,26.59,yahoo
2024-07-19,UUP,28.82,26.66,yahoo
2024-07-22,UUP,28.80,26.65,yahoo
2024-07-23,UUP,28.85,26.69,yahoo
2024-07-24,UUP,28.84,26.68,yahoo
2024-07-25,UUP,28.84,26.68,yahoo
2024-07-26,UUP,28.82,26.66,yahoo
2024-07-29,UUP,28.90,26.74,yahoo
2024-07-30,UUP,28.92,26.76,yahoo
2024-07-31,UUP,28.76,26.61,yahoo
2024-08-01,UUP,28.86,26.70,yahoo
2024-08-02,UUP,28.57,26.43,yahoo
2024-08-05,UUP,28.41,26.29,yahoo
2024-08-06,UUP,28.50,26.37,yahoo
2024-08-07,UUP,28.56,26.42,yahoo
2024-08-08,UUP,28.60,26.46,yahoo
2024-08-09,UUP,28.57,26.43,yahoo
2024-08-12,UUP,28.57,26.43,yahoo
2024-08-13,UUP,28.42,26.29,yahoo
2024-08-14,UUP,28.45,26.32,yahoo
2024-08-15,UUP,28.55,26.42,yahoo
2024-08-16,UUP,28.41,26.29,yahoo
2024-08-19,UUP,28.26,26.15,yahoo
2024-08-20,UUP,28.16,26.05,yahoo
2024-08-21,UUP,28.07,25.97,yahoo
2024-08-22,UUP,28.20,26.09,yahoo
2024-08-23,UUP,27.96,25.87,yahoo
2024-08-26,UUP,28.02,25.92,yahoo
2024-08-27,UUP,27.93,25.84,yahoo
2024-08-28,UUP,28.09,25.99,yahoo
2024-08-29,UUP,28.19,26.08,yahoo
2024-08-30,UUP,28.27,26.16,yahoo
2024-09-03,UUP,28.32,26.20,yahoo
2024-09-04,UUP,28.18,26.07,yahoo
2024-09-05,UUP,28.14,26.04,yahoo
2024-09-06,UUP,28.18,26.07,yahoo
2024-09-09,UUP,28.30,26.18,yahoo
2024-09-10,UUP,28.31,26.19,yahoo
2024-09-11,UUP,28.34,26.22,yahoo
2024-09-12,UUP,28.22,26.11,yahoo
2024-09-13,UUP,28.18,26.07,yahoo
2024-09-16,UUP,28.09,25.99,yahoo
2024-09-17,UUP,28.18,26.07,yahoo
2024-09-18,UUP,28.21,26.10,yahoo
2024-09-19,UUP,28.09,25.99,yahoo
2024-09-20,UUP,28.14,26.04,yahoo
2024-09-23,UUP,28.18,26.07,yahoo
2024-09-24,UUP,28.02,25.92,yahoo
2024-09-25,UUP,28.21,26.10,yahoo
2024-09-26,UUP,28.08,25.98,yahoo
2024-09-27,UUP,28.07,25.97,yahoo
2024-09-30,UUP,28.18,26.07,yahoo
2024-10-01,UUP,28.30,26.18,yahoo
2024-10-02,UUP,28.42,26.29,yahoo
2024-10-03,UUP,28.51,26.38,yahoo
2024-10-04,UUP,28.67,26.53,yahoo
2024-10-07,UUP,28.69,26.54,yahoo
2024-10-08,UUP,28.69,26.54,yahoo
2024-10-09,UUP,28.82,26.66,yahoo
2024-10-10,UUP,28.81,26.66,yahoo
2024-10-11,UUP,28.83,26.67,yahoo
2024-10-14,UUP,28.92,26.76,yahoo
2024-10-15,UUP,28.94,26.78,yahoo
2024-10-16,UUP,29.02,26.85,yahoo
2024-10-17,UUP,29.11,26.93,yahoo
2024-10-18,UUP,29.03,26.86,yahoo
2024-10-21,UUP,29.16,26.98,yahoo
2024-10-22,UUP,29.19,27.01,yahoo
2024-10-23,UUP,29.29,27.10,yahoo
2024-10-24,UUP,29.18,27.00,yahoo
2024-10-25,UUP,29.28,27.09,yahoo
2024-10-28,UUP,29.28,27.09,yahoo
2024-10-29,UUP,29.29,27.10,yahoo
2024-10-30,UUP,29.22,27.04,yahoo
2024-10-31,UUP,29.20,27.02,yahoo
2024-11-01,UUP,29.32,27.13,yahoo
2024-11-04,UUP,29.21,27.03,yahoo
2024-11-05,UUP,29.09,26.91,yahoo
2024-11-06,UUP,29.56,27.35,yahoo
2024-11-07,UUP,29.32,27.13,yahoo
2024-11-08,UUP,29.52,27.31,yahoo
2024-11-11,UUP,29.69,27.47,yahoo
2024-11-12,UUP,29.82,27.59,yahoo
2024-11-13,UUP,29.99,27.75,yahoo
2024-11-14,UUP,30.11,27.86,yahoo
2024-11-15,UUP,30.08,27.83,yahoo
2024-11-18,UUP,29.93,27.69,yahoo
2024-11-19,UUP,29.92,27.68,yahoo
2024-11-20,UUP,30.07,27.82,yahoo
2024-11-21,UUP,30.17,27.91,yahoo
2024-11-22,UUP,30.33,28.06,yahoo
2024-11-25,UUP,30.12,27.87,yahoo
2024-11-26,UUP,30.16,27.90,yahoo
2024-11-27,UUP,29.90,27.66,yahoo
2024-11-29,UUP,29.85,27.62,yahoo
2024-12-02,UUP,30.03,27.78,yahoo
2024-12-03,UUP,30.02,27.78,yahoo
2024-12-04,UUP,30.01,27.77,yahoo
2024-12-05,UUP,29.85,27.62,yahoo
2024-12-06,UUP,29.93,27.69,yahoo
2024-12-09,UUP,29.98,27.74,yahoo
2024-12-10,UUP,30.05,27.80,yahoo
2024-12-11,UUP,30.15,27.90,yahoo
2024-12-12,UUP,30.25,27.99,yahoo
2024-12-13,UUP,30.26,28.00,yahoo
2024-12-16,UUP,30.21,27.95,yahoo
2024-12-17,UUP,30.24,27.98,yahoo
2024-12-18,UUP,30.59,28.30,yahoo
2024-12-19,UUP,30.65,28.36,yahoo
2024-12-20,UUP,30.50,28.22,yahoo
2024-12-23,UUP,29.29,28.32,yahoo
2024-12-24,UUP,29.37,28.40,yahoo
2024-12-26,UUP,29.31,28.34,yahoo
2024-12-27,UUP,29.26,28.29,yahoo
2024-12-30,UUP,29.29,28.32,yahoo
2024-12-31,UUP,29.42,28.45,yahoo
2025-01-02,UUP,29.67,28.69,yahoo
2025-01-03,UUP,29.58,28.60,yahoo
2025-01-06,UUP,29.39,28.42,yahoo
2025-01-07,UUP,29.50,28.53,yahoo
2025-01-08,UUP,29.61,28.63,yahoo
2025-01-10,UUP,29.76,28.78,yahoo
2025-01-13,UUP,29.85,28.86,yahoo
2025-01-14,UUP,29.66,28.68,yahoo
2025-01-15,UUP,29.61,28.63,yahoo
2025-01-16,UUP,29.61,28.63,yahoo
2025-01-17,UUP,29.72,28.74,yahoo
2025-01-21,UUP,29.34,28.37,yahoo
2025-01-22,UUP,29.39,28.42,yahoo
2025-01-23,UUP,29.38,28.41,yahoo
2025-01-24,UUP,29.20,28.24,yahoo
2025-01-27,UUP,29.21,28.25,yahoo
2025-01-28,UUP,29.33,28.36,yahoo
2025-01-29,UUP,29.39,28.42,yahoo
2025-01-30,UUP,29.39,28.42,yahoo
2025-01-31,UUP,29.51,28.54,yahoo
2025-02-03,UUP,29.64,28.66,yahoo
2025-02-04,UUP,29.37,28.40,yahoo
2025-02-05,UUP,29.32,28.35,yahoo
2025-02-06,UUP,29.30,28.33,yahoo
2025-02-07,UUP,29.43,28.46,yahoo
2025-02-10,UUP,29.52,28.55,yahoo
2025-02-11,UUP,29.42,28.45,yahoo
2025-02-12,UUP,29.44,28.47,yahoo
2025-02-13,UUP,29.20,28.24,yahoo
2025-02-14,UUP,29.12,28.16,yahoo
2025-02-18,UUP,29.18,28.22,yahoo
2025-02-19,UUP,29.21,28.25,yahoo
2025-02-20,UUP,28.98,28.02,yahoo
2025-02-21,UUP,29.08,28.12,yahoo
2025-02-24,UUP,29.10,28.14,yahoo
2025-02-25,UUP,28.99,28.03,yahoo
2025-02-26,UUP,29.05,28.09,yahoo
2025-02-27,UUP,29.26,28.29,yahoo
2025-02-28,UUP,29.39,28.42,yahoo
2025-03-03,UUP,29.11,28.15,yahoo
2025-03-04,UUP,28.85,27.90,yahoo
2025-03-05,UUP,28.50,27.56,yahoo
2025-03-06,UUP,28.48,27.54,yahoo
2025-03-07,UUP,28.39,27.45,yahoo
2025-03-10,UUP,28.41,27.47,yahoo
2025-03-11,UUP,28.25,27.32,yahoo
2025-03-12,UUP,28.32,27.38,yahoo
2025-03-13,UUP,28.42,27.48,yahoo
2025-03-14,UUP,28.39,27.45,yahoo
2025-03-17,UUP,28.28,27.35,yahoo
2025-03-18,UUP,28.26,27.33,yahoo
2025-03-19,UUP,28.33,27.39,yahoo
2025-03-20,UUP,28.41,27.47,yahoo
2025-03-21,UUP,28.50,27.56,yahoo
2025-03-24,UUP,28.55,27.61,yahoo
2025-03-25,UUP,28.52,27.58,yahoo
2025-03-26,UUP,28.65,27.70,yahoo
2025-03-27,UUP,28.56,27.62,yahoo
2025-03-28,UUP,28.51,27.57,yahoo
2025-03-31,UUP,28.54,27.60,yahoo
2025-04-01,UUP,28.57,27.63,yahoo
2025-04-02,UUP,28.45,27.51,yahoo
2025-04-03,UUP,27.95,27.03,yahoo
2025-04-04,UUP,28.26,27.33,yahoo
2025-04-07,UUP,28.38,27.44,yahoo
2025-04-08,UUP,28.25,27.32,yahoo
2025-04-09,UUP,28.29,27.36,yahoo
2025-04-10,UUP,27.70,26.79,yahoo
2025-04-11,UUP,27.45,26.54,yahoo
2025-04-14,UUP,27.36,26.46,yahoo
2025-04-15,UUP,27.51,26.60,yahoo
2025-04-16,UUP,27.28,26.38,yahoo
2025-04-17,UUP,27.30,26.40,yahoo
2025-04-21,UUP,27.04,26.15,yahoo
2025-04-22,UUP,27.19,26.29,yahoo
2025-04-23,UUP,27.44,26.53,yahoo
2025-04-24,UUP,27.32,26.42,yahoo
2025-04-25,UUP,27.39,26.49,yahoo
2025-04-28,UUP,27.22,26.32,yahoo
2025-04-29,UUP,27.31,26.41,yahoo
2025-04-30,UUP,27.41,26.50,yahoo
2025-05-01,UUP,27.57,26.66,yahoo
2025-05-02,UUP,27.53,26.62,yahoo
2025-05-05,UUP,27.48,26.57,yahoo
2025-05-06,UUP,27.31,26.41,yahoo
2025-05-07,UUP,27.51,26.60,yahoo
2025-05-08,UUP,27.74,26.82,yahoo
2025-05-09,UUP,27.66,26.75,yahoo
2025-05-12,UUP,28.05,27.12,yahoo
2025-05-13,UUP,27.81,26.89,yahoo
2025-05-14,UUP,27.87,26.95,yahoo
2025-05-15,UUP,27.80,26.88,yahoo
2025-05-16,UUP,27.88,26.96,yahoo
2025-05-19,UUP,27.69,26.78,yahoo
2025-05-20,UUP,27.61,26.70,yahoo
2025-05-21,UUP,27.49,26.58,yahoo
2025-05-22,UUP,27.57,26.66,yahoo
2025-05-23,UUP,27.37,26.47,yahoo
2025-05-27,UUP,27.52,26.61,yahoo
2025-05-28,UUP,27.61,26.70,yahoo
2025-05-29,UUP,27.46,26.55,yahoo
2025-05-30,UUP,27.45,26.54,yahoo
2025-06-02,UUP,27.26,26.36,yahoo
2025-06-03,UUP,27.44,26.53,yahoo
2025-06-04,UUP,27.32,26.42,yahoo
2025-06-05,UUP,27.30,26.40,yahoo
2025-06-06,UUP,27.44,26.53,yahoo
2025-06-09,UUP,27.37,26.47,yahoo
2025-06-10,UUP,27.40,26.50,yahoo
2025-06-11,UUP,27.30,26.40,yahoo
2025-06-12,UUP,27.10,26.20,yahoo
2025-06-13,UUP,27.17,26.27,yahoo
2025-06-16,UUP,27.20,26.30,yahoo
2025-06-17,UUP,27.38,26.48,yahoo
2025-06-18,UUP,27.43,26.52,yahoo
2025-06-20,UUP,27.40,26.50,yahoo
2025-06-23,UUP,27.29,26.39,yahoo
2025-06-24,UUP,27.15,26.25,yahoo
2025-06-25,UUP,27.08,26.19,yahoo
2025-06-26,UUP,26.97,26.08,yahoo
2025-06-27,UUP,27.02,26.13,yahoo
2025-06-30,UUP,26.88,25.99,yahoo
2025-07-01,UUP,26.87,25.98,yahoo
2025-07-02,UUP,26.85,25.96,yahoo
2025-07-03,UUP,26.98,26.09,yahoo
2025-07-07,UUP,27.07,26.18,yahoo
2025-07-08,UUP,27.09,26.20,yahoo
2025-07-09,UUP,27.09,26.20,yahoo
2025-07-10,UUP,27.14,26.24,yahoo
2025-07-11,UUP,27.22,26.32,yahoo
2025-07-14,UUP,27.29,26.39,yahoo
2025-07-15,UUP,27.44,26.53,yahoo
2025-07-16,UUP,27.34,26.44,yahoo
2025-07-17,UUP,27.46,26.55,yahoo
2025-07-18,UUP,27.42,26.51,yahoo
2025-07-21,UUP,27.24,26.34,yahoo
2025-07-22,UUP,27.10,26.20,yahoo
2025-07-23,UUP,27.06,26.17,yahoo
2025-07-24,UUP,27.13,26.23,yahoo
2025-07-25,UUP,27.19,26.29,yahoo
2025-07-28,UUP,27.50,26.59,yahoo
2025-07-29,UUP,27.57,26.66,yahoo
2025-07-30,UUP,27.84,26.92,yahoo
2025-07-31,UUP,27.90,26.98,yahoo
2025-08-01,UUP,27.57,26.66,yahoo
2025-08-04,UUP,27.56,26.65,yahoo
2025-08-05,UUP,27.56,26.65,yahoo
2025-08-06,UUP,27.40,26.50,yahoo
2025-08-07,UUP,27.38,26.48,yahoo
2025-08-08,UUP,27.43,26.52,yahoo
2025-08-11,UUP,27.54,26.63,yahoo
2025-08-12,UUP,27.40,26.50,yahoo
2025-08-13,UUP,27.33,26.43,yahoo
2025-08-14,UUP,27.43,26.52,yahoo
2025-08-15,UUP,27.34,26.44,yahoo
2025-08-18,UUP,27.41,26.50,yahoo
2025-08-19,UUP,27.48,26.57,yahoo
2025-08-20,UUP,27.46,26.55,yahoo
2025-08-21,UUP,27.60,26.69,yahoo
2025-08-22,UUP,27.33,26.43,yahoo
2025-08-25,UUP,27.55,26.64,yahoo
2025-08-26,UUP,27.48,26.57,yahoo
2025-08-27,UUP,27.49,26.58,yahoo
2025-08-28,UUP,27.39,26.49,yahoo
2025-08-29,UUP,27.37,26.47,yahoo
2025-09-02,UUP,27.55,26.64,yahoo
2025-09-03,UUP,27.50,26.59,yahoo
2025-09-04,UUP,27.54,26.63,yahoo
2025-09-05,UUP,27.40,26.50,yahoo
2025-09-08,UUP,27.31,26.41,yahoo
2025-09-09,UUP,27.42,26.51,yahoo
2025-09-10,UUP,27.44,26.53,yahoo
2025-09-11,UUP,27.35,26.45,yahoo
2025-09-12,UUP,27.39,26.49,yahoo
2025-09-15,UUP,27.30,26.40,yahoo
2025-09-16,UUP,27.13,26.23,yahoo
2025-09-17,UUP,27.22,26.32,yahoo
2025-09-18,UUP,27.35,26.45,yahoo
2025-09-19,UUP,27.43,26.52,yahoo
2025-09-22,UUP,27.33,26.43,yahoo
2025-09-23,UUP,27.31,26.41,yahoo
2025-09-24,UUP,27.51,26.60,yahoo
2025-09-25,UUP,27.70,26.79,yahoo
2025-09-26,UUP,27.60,26.69,yahoo
2025-09-29,UUP,27.54,26.63,yahoo
2025-09-30,UUP,27.51,26.60,yahoo
2025-10-01,UUP,27.50,26.59,yahoo
2025-10-02,UUP,27.54,26.63,yahoo
2025-10-03,UUP,27.49,26.58,yahoo
2025-10-06,UUP,27.62,26.71,yahoo
2025-10-07,UUP,27.78,26.86,yahoo
2025-10-08,UUP,27.84,26.92,yahoo
2025-10-09,UUP,28.03,27.10,yahoo
2025-10-10,UUP,27.89,26.97,yahoo
2025-10-13,UUP,27.99,27.07,yahoo
2025-10-14,UUP,27.91,26.99,yahoo
2025-10-15,UUP,27.83,26.91,yahoo
2025-10-16,UUP,27.72,26.80,yahoo
2025-10-17,UUP,27.75,26.83,yahoo
2025-10-20,UUP,27.82,26.90,yahoo
2025-10-21,UUP,27.93,27.01,yahoo
2025-10-22,UUP,27.90,26.98,yahoo
2025-10-23,UUP,27.91,26.99,yahoo
2025-10-24,UUP,27.91,26.99,yahoo
2025-10-27,UUP,27.88,26.96,yahoo
2025-10-28,UUP,27.86,26.94,yahoo
2025-10-29,UUP,28.02,27.09,yahoo
2025-10-30,UUP,28.13,27.20,yahoo
2025-10-31,UUP,28.21,27.28,yahoo
2025-11-03,UUP,28.23,27.30,yahoo
2025-11-04,UUP,28.32,27.38,yahoo
2025-11-05,UUP,28.33,27.39,yahoo
2025-11-06,UUP,28.18,27.25,yahoo
2025-11-07,UUP,28.16,27.23,yahoo
2025-11-10,UUP,28.18,27.25,yahoo
2025-11-11,UUP,28.14,27.21,yahoo
2025-11-12,UUP,28.15,27.22,yahoo
2025-11-13,UUP,28.07,27.14,yahoo
2025-11-14,UUP,28.11,27.18,yahoo
2025-11-17,UUP,28.18,27.25,yahoo
2025-11-18,UUP,28.21,27.28,yahoo
2025-11-19,UUP,28.39,27.45,yahoo
2025-11-20,UUP,28.41,27.47,yahoo
2025-11-21,UUP,28.39,27.45,yahoo
2025-11-24,UUP,28.39,27.45,yahoo
2025-11-25,UUP,28.31,27.38,yahoo
2025-11-26,UUP,28.23,27.30,yahoo
2025-11-28,UUP,28.21,27.28,yahoo
2025-12-01,UUP,28.20,27.27,yahoo
2025-12-02,UUP,28.19,27.26,yahoo
2025-12-03,UUP,28.05,27.12,yahoo
2025-12-04,UUP,28.11,27.18,yahoo
2025-12-05,UUP,28.08,27.15,yahoo
2025-12-08,UUP,28.12,27.19,yahoo
2025-12-09,UUP,28.16,27.23,yahoo
2025-12-10,UUP,28.01,27.09,yahoo
2025-12-11,UUP,27.91,26.99,yahoo
2025-12-12,UUP,27.95,27.03,yahoo
2025-12-15,UUP,27.93,27.01,yahoo
2025-12-16,UUP,27.90,26.98,yahoo
2025-12-17,UUP,27.96,27.04,yahoo
2025-12-18,UUP,27.98,27.06,yahoo
2025-12-19,UUP,28.07,27.14,yahoo
2025-12-22,UUP,27.03,27.03,yahoo
2025-12-23,UUP,26.94,26.94,yahoo
2025-12-24,UUP,26.95,26.95,yahoo
2025-12-26,UUP,26.97,26.97,yahoo
2025-12-29,UUP,26.98,26.98,yahoo
2025-12-30,UUP,27.05,27.05,yahoo
2025-12-31,UUP,27.03,27.03,yahoo
2026-01-02,UUP,27.11,27.11,yahoo
2026-01-05,UUP,27.07,27.07,yahoo
2026-01-06,UUP,27.16,27.16,yahoo
2026-01-07,UUP,27.20,27.20,yahoo
2026-01-08,UUP,27.27,27.27,yahoo
2026-01-09,UUP,27.33,27.33,yahoo
2026-01-12,UUP,27.28,27.28,yahoo
2026-01-13,UUP,27.35,27.35,yahoo
2026-01-14,UUP,27.33,27.33,yahoo
2026-01-15,UUP,27.43,27.43,yahoo
2026-01-16,UUP,27.43,27.43,yahoo
2026-01-20,UUP,27.21,27.21,yahoo
2026-01-21,UUP,27.27,27.27,yahoo
2026-01-22,UUP,27.15,27.15,yahoo
2026-01-23,UUP,26.91,26.91,yahoo
2026-01-26,UUP,26.78,26.78,yahoo
2026-01-27,UUP,26.47,26.47,yahoo
2026-01-28,UUP,26.63,26.63,yahoo
2026-01-29,UUP,26.59,26.59,yahoo
2026-01-30,UUP,26.85,26.85,yahoo
2026-02-02,UUP,26.99,26.99,yahoo
2026-02-03,UUP,26.92,26.92,yahoo
2026-02-04,UUP,27.01,27.01,yahoo
2026-02-05,UUP,27.09,27.09,yahoo
2026-02-06,UUP,27.01,27.01,yahoo
2026-02-09,UUP,26.79,26.79,yahoo
2026-02-10,UUP,26.80,26.80,yahoo
2026-02-11,UUP,26.83,26.83,yahoo
2026-02-12,UUP,26.82,26.82,yahoo
2026-02-13,UUP,26.82,26.82,yahoo
2026-02-17,UUP,26.91,26.91,yahoo
2026-02-18,UUP,27.08,27.08,yahoo
2026-02-19,UUP,27.12,27.12,yahoo
2026-02-20,UUP,27.09,27.09,yahoo
2026-02-23,UUP,27.09,27.09,yahoo
2026-02-24,UUP,27.11,27.11,yahoo
2026-02-25,UUP,27.08,27.08,yahoo
2026-02-26,UUP,27.10,27.10,yahoo
2026-02-27,UUP,27.08,27.08,yahoo
2026-03-02,UUP,27.33,27.33,yahoo
2026-03-03,UUP,27.46,27.46,yahoo
2026-03-04,UUP,27.41,27.41,yahoo
2026-03-05,UUP,27.48,27.48,yahoo
2026-03-06,UUP,27.47,27.47,yahoo
2026-03-09,UUP,27.46,27.46,yahoo
2026-03-10,UUP,27.45,27.45,yahoo
2026-03-11,UUP,27.55,27.55,yahoo
2026-03-12,UUP,27.68,27.68,yahoo
2026-03-13,UUP,27.89,27.89,yahoo
2026-03-16,UUP,27.73,27.73,yahoo
2026-03-17,UUP,27.68,27.68,yahoo
2026-03-18,UUP,27.85,27.85,yahoo
2026-03-19,UUP,27.58,27.58,yahoo
2026-03-20,UUP,27.68,27.68,yahoo
2026-03-23,UUP,27.56,27.56,yahoo
2026-03-24,UUP,27.65,27.65,yahoo
2026-03-25,UUP,27.70,27.70,yahoo
2026-03-26,UUP,27.81,27.81,yahoo
2026-03-27,UUP,27.84,27.84,yahoo
2026-03-30,UUP,27.98,27.98,yahoo
2026-03-31,UUP,27.78,27.78,yahoo
2026-04-01,UUP,27.73,27.73,yahoo
2026-04-02,UUP,27.86,27.86,yahoo
2026-04-06,UUP,27.83,27.83,yahoo
2026-04-07,UUP,27.75,27.75,yahoo
2026-04-08,UUP,27.53,27.53,yahoo
2026-04-09,UUP,27.48,27.48,yahoo
2026-04-10,UUP,27.44,27.44,yahoo
2026-04-13,UUP,27.38,27.38,yahoo
2026-04-14,UUP,27.32,27.32,yahoo
2026-04-15,UUP,27.29,27.29,yahoo
2026-04-16,UUP,27.37,27.37,yahoo
2026-04-17,UUP,27.36,27.36,yahoo
2026-04-20,UUP,27.32,27.32,yahoo
2026-04-21,UUP,27.47,27.47,yahoo
2026-04-22,UUP,27.48,27.48,yahoo
2026-04-23,UUP,27.53,27.53,yahoo
2026-04-24,UUP,27.48,27.48,yahoo
2026-04-27,UUP,27.45,27.45,yahoo
2026-04-28,UUP,27.53,27.53,yahoo
2026-04-29,UUP,27.61,27.61,yahoo
2026-04-30,UUP,27.36,27.36,yahoo
2026-05-01,UUP,27.41,27.41,yahoo
2026-05-04,UUP,27.48,27.48,yahoo
2026-05-05,UUP,27.50,27.50,yahoo
2026-05-06,UUP,27.35,27.35,yahoo
2026-05-07,UUP,27.41,27.41,yahoo
2026-05-08,UUP,27.34,27.34,yahoo
2026-05-11,UUP,27.35,27.35,yahoo
2026-05-12,UUP,27.45,27.45,yahoo
2026-05-13,UUP,27.51,27.51,yahoo
2026-05-14,UUP,27.62,27.62,yahoo
2026-05-15,UUP,27.77,27.77,yahoo
2026-05-18,UUP,27.70,27.70,yahoo
2026-05-19,UUP,27.79,27.79,yahoo
2026-05-20,UUP,27.73,27.73,yahoo
2026-05-21,UUP,27.73,27.73,yahoo
2026-05-22,UUP,27.77,27.77,yahoo
2026-05-26,UUP,27.75,27.75,yahoo
2026-05-27,UUP,27.75,27.75,yahoo
2026-05-28,UUP,27.70,27.70,yahoo
2026-05-29,UUP,27.66,27.66,yahoo
2026-06-01,UUP,27.76,27.76,yahoo
2026-06-02,UUP,27.76,27.76,yahoo
2026-06-03,UUP,27.86,27.86,yahoo
2026-06-04,UUP,27.84,27.84,yahoo
2026-06-05,UUP,28.02,28.02,yahoo
2026-06-08,UUP,28.03,28.03,yahoo
2026-06-09,UUP,28.01,28.01,yahoo
2026-06-10,UUP,28.05,28.05,yahoo
2026-06-11,UUP,27.95,27.95,yahoo
2026-06-12,UUP,27.95,27.95,yahoo
2026-06-15,UUP,27.97,27.97,yahoo
2026-06-16,UUP,27.93,27.93,yahoo
2026-06-17,UUP,28.18,28.18,yahoo
2026-06-18,UUP,28.30,28.30,yahoo
2026-06-22,UUP,28.36,28.36,yahoo
2026-06-23,UUP,28.45,28.45,yahoo
2026-06-24,UUP,28.53,28.53,yahoo
2026-06-25,UUP,28.48,28.48,yahoo
2026-06-26,UUP,28.46,28.46,yahoo
2026-06-29,UUP,28.37,28.37,yahoo
2026-06-30,UUP,28.41,28.41,yahoo
2026-07-01,UUP,28.49,28.49,yahoo
2026-07-02,UUP,28.34,28.34,yahoo
2026-07-06,UUP,28.32,28.32,yahoo
2026-07-07,UUP,28.40,28.40,yahoo
2026-07-08,UUP,28.36,28.36,yahoo
2026-07-09,UUP,28.36,28.36,yahoo
2026-07-10,UUP,28.39,28.39,yahoo
2026-07-13,UUP,28.50,28.50,yahoo
2026-07-14,UUP,28.39,28.39,yahoo
2026-07-15,UUP,28.25,28.25,yahoo
2026-07-16,UUP,28.34,28.34,yahoo
2026-07-17,UUP,28.33,28.33,yahoo
2026-07-20,UUP,28.39,28.39,yahoo
2026-07-21,UUP,28.48,28.48,yahoo
2026-07-22,UUP,28.45,28.45,yahoo
2026-07-23,UUP,28.56,28.56,yahoo
2026-07-24,UUP,28.58,28.58,yahoo
2026-07-27,UUP,28.60,28.60,yahoo
2026-07-28,UUP,28.58,28.58,yahoo
2026-07-29,UUP,28.42,28.42,yahoo
2026-07-30,UUP,28.14,28.14,yahoo
2026-07-31,UUP,28.17,28.17,yahoo
2026-08-03,UUP,28.17,28.17,yahoo
2026-08-04,UUP,28.16,28.16,yahoo
2026-08-05,UUP,28.09,28.09,yahoo
2026-08-06,UUP,28.19,28.19,yahoo
2026-08-07,UUP,28.07,28.07,yahoo
2026-08-10,UUP,28.14,28.14,yahoo
2026-08-11,UUP,28.14,28.14,yahoo
2026-08-12,UUP,28.20,28.20,yahoo
2026-08-13,UUP,28.18,28.18,yahoo
2026-08-14,UUP,28.11,28.11,yahoo
2026-08-17,UUP,28.10,28.10,yahoo
2026-08-18,UUP,28.14,28.14,yahoo
2026-08-19,UUP,27.88,27.88,yahoo
2026-08-20,UUP,27.91,27.91,yahoo
2026-08-21,UUP,27.90,27.90,yahoo
2026-08-24,UUP,27.96,27.96,yahoo
2026-08-25,UUP,27.94,27.94,yahoo
2026-08-26,UUP,28.02,28.02,yahoo
2026-08-27,UUP,28.02,28.02,yahoo
2026-08-28,UUP,28.18,28.18,yahoo
2026-08-31,UUP,28.12,28.12,yahoo
2026-09-01,UUP,28.21,28.21,yahoo
2026-09-02,UUP,28.17,28.17,yahoo
2026-09-03,UUP,28.01,28.01,yahoo
2026-09-04,UUP,28.08,28.08,yahoo
2026-09-08,UUP,27.99,27.99,yahoo
2026-09-09,UUP,27.98,27.98,yahoo
2026-09-10,UUP,28.03,28.03,yahoo
2026-09-11,UUP,28.07,28.07,yahoo
2026-09-14,UUP,28.17,28.17,yahoo
2026-09-15,UUP,28.22,28.22,yahoo
2026-09-16,UUP,28.40,28.40,yahoo
2026-09-17,UUP,28.38,28.38,yahoo
2026-09-18,UUP,28.39,28.39,yahoo
2026-09-21,UUP,28.48,28.48,yahoo
